umbral,prevalencia_validacion_2023,verdaderos_positivos_validacion_2023,falsos_positivos_validacion_2023,falsos_negativos_validacion_2023,verdaderos_negativos_validacion_2023,senales_validacion_2023,cobertura_validacion_2023,precision_validacion_2023,recall_validacion_2023,especificidad_validacion_2023,balanced_accuracy_validacion_2023,f1_validacion_2023,precision_lift_validacion_2023,retorno_bruto_medio_todas_senales_validacion_2023,retorno_bruto_mediano_todas_senales_validacion_2023,operaciones_no_solapadas_validacion_2023,operaciones_no_solapadas_por_dia_validacion_2023,precision_objetivo_no_solapada_validacion_2023,tasa_retorno_positivo_no_solapada_validacion_2023,retorno_bruto_medio_no_solapado_validacion_2023,retorno_neto_medio_no_solapado_validacion_2023,retorno_neto_mediano_no_solapado_validacion_2023,factor_beneficio_no_solapado_validacion_2023,maximo_drawdown_no_solapado_validacion_2023,coste_operacion_validacion_2023,pr_auc_validacion_2023,pr_auc_lift_validacion_2023,prevalencia_validacion_2024,verdaderos_positivos_validacion_2024,falsos_positivos_validacion_2024,falsos_negativos_validacion_2024,verdaderos_negativos_validacion_2024,senales_validacion_2024,cobertura_validacion_2024,precision_validacion_2024,recall_validacion_2024,especificidad_validacion_2024,balanced_accuracy_validacion_2024,f1_validacion_2024,precision_lift_validacion_2024,retorno_bruto_medio_todas_senales_validacion_2024,retorno_bruto_mediano_todas_senales_validacion_2024,operaciones_no_solapadas_validacion_2024,operaciones_no_solapadas_por_dia_validacion_2024,precision_objetivo_no_solapada_validacion_2024,tasa_retorno_positivo_no_solapada_validacion_2024,retorno_bruto_medio_no_solapado_validacion_2024,retorno_neto_medio_no_solapado_validacion_2024,retorno_neto_mediano_no_solapado_validacion_2024,factor_beneficio_no_solapado_validacion_2024,maximo_drawdown_no_solapado_validacion_2024,coste_operacion_validacion_2024,pr_auc_validacion_2024,pr_auc_lift_validacion_2024,simbolo,detector,variante,variables,precision_minimo,precision_medio,precision_diferencia,recall_minimo,recall_medio,recall_diferencia,f1_minimo,f1_medio,f1_diferencia,precision_lift_minimo,precision_lift_medio,precision_lift_diferencia,operaciones_no_solapadas_minimo,operaciones_no_solapadas_medio,operaciones_no_solapadas_diferencia,precision_objetivo_no_solapada_minimo,precision_objetivo_no_solapada_medio,precision_objetivo_no_solapada_diferencia,tasa_retorno_positivo_no_solapada_minimo,tasa_retorno_positivo_no_solapada_medio,tasa_retorno_positivo_no_solapada_diferencia,retorno_neto_medio_no_solapado_minimo,retorno_neto_medio_no_solapado_medio,retorno_neto_medio_no_solapado_diferencia,factor_beneficio_no_solapado_minimo,factor_beneficio_no_solapado_medio,factor_beneficio_no_solapado_diferencia,maximo_drawdown_no_solapado_minimo,maximo_drawdown_no_solapado_medio,maximo_drawdown_no_solapado_diferencia,pr_auc_minimo,pr_auc_medio,pr_auc_diferencia,pr_auc_lift_minimo,pr_auc_lift_medio,pr_auc_lift_diferencia
0.05,0.155510547233262,81388,441972,0,0,523360,1.0,0.155510547233262,1.0,0.0,0.5,0.269163353992076,1.0,-0.0004843634267097,-0.0001133596097885,2182,5.980824540932963,0.1549037580201649,0.4885426214482126,-0.0004846609185768,-0.0004846609185768,-8.116316508999244e-05,0.837945773853495,-0.694892172075785,0.0,0.2283721216089039,1.4685313997792793,0.2236104783599088,117798,409002,0,0,526800,1.0,0.2236104783599088,1.0,0.0,0.5,0.3654929118613461,1.0,-0.000421163903572,-0.0003529744518918,2195,6.0000113895432605,0.2291571753986332,0.4783599088838269,-0.0004259415340564,-0.0004259415340564,-0.0003394659167264,0.8917782139928262,-0.7131877600773733,0.0,0.286286648709066,1.2802917412853867,BTCUSDT,BAJA,v4_52_balanceado,52,0.155510547233262,0.1895605127965854,0.0680999311266468,1.0,1.0,0.0,0.269163353992076,0.317328132926711,0.09632955786927005,1.0,1.0,0.0,2182,2188.5,13,0.1549037580201649,0.19203046670939905,0.0742534173784683,0.4783599088838269,0.4834512651660198,0.010182712564385688,-0.0004846609185768,-0.0004553012263166,5.8719384520399996e-05,0.837945773853495,0.8648619939231605,0.053832440139331195,-0.7131877600773733,-0.7040399660765791,0.01829558800158826,0.2283721216089039,0.25732938515898496,0.057914527100162094,1.2802917412853867,1.374411570532333,0.18823965849389257
0.06,0.155510547233262,81388,441972,0,0,523360,1.0,0.155510547233262,1.0,0.0,0.5,0.269163353992076,1.0,-0.0004843634267097,-0.0001133596097885,2182,5.980824540932963,0.1549037580201649,0.4885426214482126,-0.0004846609185768,-0.0004846609185768,-8.116316508999244e-05,0.837945773853495,-0.694892172075785,0.0,0.2283721216089039,1.4685313997792793,0.2236104783599088,117798,409002,0,0,526800,1.0,0.2236104783599088,1.0,0.0,0.5,0.3654929118613461,1.0,-0.000421163903572,-0.0003529744518918,2195,6.0000113895432605,0.2291571753986332,0.4783599088838269,-0.0004259415340564,-0.0004259415340564,-0.0003394659167264,0.8917782139928262,-0.7131877600773733,0.0,0.286286648709066,1.2802917412853867,BTCUSDT,BAJA,v4_52_balanceado,52,0.155510547233262,0.1895605127965854,0.0680999311266468,1.0,1.0,0.0,0.269163353992076,0.317328132926711,0.09632955786927005,1.0,1.0,0.0,2182,2188.5,13,0.1549037580201649,0.19203046670939905,0.0742534173784683,0.4783599088838269,0.4834512651660198,0.010182712564385688,-0.0004846609185768,-0.0004553012263166,5.8719384520399996e-05,0.837945773853495,0.8648619939231605,0.053832440139331195,-0.7131877600773733,-0.7040399660765791,0.01829558800158826,0.2283721216089039,0.25732938515898496,0.057914527100162094,1.2802917412853867,1.374411570532333,0.18823965849389257
0.07,0.155510547233262,81388,441972,0,0,523360,1.0,0.155510547233262,1.0,0.0,0.5,0.269163353992076,1.0,-0.0004843634267097,-0.0001133596097885,2182,5.980824540932963,0.1549037580201649,0.4885426214482126,-0.0004846609185768,-0.0004846609185768,-8.116316508999244e-05,0.837945773853495,-0.694892172075785,0.0,0.2283721216089039,1.4685313997792793,0.2236104783599088,117798,409002,0,0,526800,1.0,0.2236104783599088,1.0,0.0,0.5,0.3654929118613461,1.0,-0.000421163903572,-0.0003529744518918,2195,6.0000113895432605,0.2291571753986332,0.4783599088838269,-0.0004259415340564,-0.0004259415340564,-0.0003394659167264,0.8917782139928262,-0.7131877600773733,0.0,0.286286648709066,1.2802917412853867,BTCUSDT,BAJA,v4_52_balanceado,52,0.155510547233262,0.1895605127965854,0.0680999311266468,1.0,1.0,0.0,0.269163353992076,0.317328132926711,0.09632955786927005,1.0,1.0,0.0,2182,2188.5,13,0.1549037580201649,0.19203046670939905,0.0742534173784683,0.4783599088838269,0.4834512651660198,0.010182712564385688,-0.0004846609185768,-0.0004553012263166,5.8719384520399996e-05,0.837945773853495,0.8648619939231605,0.053832440139331195,-0.7131877600773733,-0.7040399660765791,0.01829558800158826,0.2283721216089039,0.25732938515898496,0.057914527100162094,1.2802917412853867,1.374411570532333,0.18823965849389257
0.08,0.155510547233262,81388,441972,0,0,523360,1.0,0.155510547233262,1.0,0.0,0.5,0.269163353992076,1.0,-0.0004843634267097,-0.0001133596097885,2182,5.980824540932963,0.1549037580201649,0.4885426214482126,-0.0004846609185768,-0.0004846609185768,-8.116316508999244e-05,0.837945773853495,-0.694892172075785,0.0,0.2283721216089039,1.4685313997792793,0.2236104783599088,117798,409002,0,0,526800,1.0,0.2236104783599088,1.0,0.0,0.5,0.3654929118613461,1.0,-0.000421163903572,-0.0003529744518918,2195,6.0000113895432605,0.2291571753986332,0.4783599088838269,-0.0004259415340564,-0.0004259415340564,-0.0003394659167264,0.8917782139928262,-0.7131877600773733,0.0,0.286286648709066,1.2802917412853867,BTCUSDT,BAJA,v4_52_balanceado,52,0.155510547233262,0.1895605127965854,0.0680999311266468,1.0,1.0,0.0,0.269163353992076,0.317328132926711,0.09632955786927005,1.0,1.0,0.0,2182,2188.5,13,0.1549037580201649,0.19203046670939905,0.0742534173784683,0.4783599088838269,0.4834512651660198,0.010182712564385688,-0.0004846609185768,-0.0004553012263166,5.8719384520399996e-05,0.837945773853495,0.8648619939231605,0.053832440139331195,-0.7131877600773733,-0.7040399660765791,0.01829558800158826,0.2283721216089039,0.25732938515898496,0.057914527100162094,1.2802917412853867,1.374411570532333,0.18823965849389257
0.09,0.155510547233262,81388,441972,0,0,523360,1.0,0.155510547233262,1.0,0.0,0.5,0.269163353992076,1.0,-0.0004843634267097,-0.0001133596097885,2182,5.980824540932963,0.1549037580201649,0.4885426214482126,-0.0004846609185768,-0.0004846609185768,-8.116316508999244e-05,0.837945773853495,-0.694892172075785,0.0,0.2283721216089039,1.4685313997792793,0.2236104783599088,117798,409002,0,0,526800,1.0,0.2236104783599088,1.0,0.0,0.5,0.3654929118613461,1.0,-0.000421163903572,-0.0003529744518918,2195,6.0000113895432605,0.2291571753986332,0.4783599088838269,-0.0004259415340564,-0.0004259415340564,-0.0003394659167264,0.8917782139928262,-0.7131877600773733,0.0,0.286286648709066,1.2802917412853867,BTCUSDT,BAJA,v4_52_balanceado,52,0.155510547233262,0.1895605127965854,0.0680999311266468,1.0,1.0,0.0,0.269163353992076,0.317328132926711,0.09632955786927005,1.0,1.0,0.0,2182,2188.5,13,0.1549037580201649,0.19203046670939905,0.0742534173784683,0.4783599088838269,0.4834512651660198,0.010182712564385688,-0.0004846609185768,-0.0004553012263166,5.8719384520399996e-05,0.837945773853495,0.8648619939231605,0.053832440139331195,-0.7131877600773733,-0.7040399660765791,0.01829558800158826,0.2283721216089039,0.25732938515898496,0.057914527100162094,1.2802917412853867,1.374411570532333,0.18823965849389257
0.1,0.155510547233262,81388,441972,0,0,523360,1.0,0.155510547233262,1.0,0.0,0.5,0.269163353992076,1.0,-0.0004843634267097,-0.0001133596097885,2182,5.980824540932963,0.1549037580201649,0.4885426214482126,-0.0004846609185768,-0.0004846609185768,-8.116316508999244e-05,0.837945773853495,-0.694892172075785,0.0,0.2283721216089039,1.4685313997792793,0.2236104783599088,117798,409002,0,0,526800,1.0,0.2236104783599088,1.0,0.0,0.5,0.3654929118613461,1.0,-0.000421163903572,-0.0003529744518918,2195,6.0000113895432605,0.2291571753986332,0.4783599088838269,-0.0004259415340564,-0.0004259415340564,-0.0003394659167264,0.8917782139928262,-0.7131877600773733,0.0,0.286286648709066,1.2802917412853867,BTCUSDT,BAJA,v4_52_balanceado,52,0.155510547233262,0.1895605127965854,0.0680999311266468,1.0,1.0,0.0,0.269163353992076,0.317328132926711,0.09632955786927005,1.0,1.0,0.0,2182,2188.5,13,0.1549037580201649,0.19203046670939905,0.0742534173784683,0.4783599088838269,0.4834512651660198,0.010182712564385688,-0.0004846609185768,-0.0004553012263166,5.8719384520399996e-05,0.837945773853495,0.8648619939231605,0.053832440139331195,-0.7131877600773733,-0.7040399660765791,0.01829558800158826,0.2283721216089039,0.25732938515898496,0.057914527100162094,1.2802917412853867,1.374411570532333,0.18823965849389257
0.11,0.155510547233262,81388,441972,0,0,523360,1.0,0.155510547233262,1.0,0.0,0.5,0.269163353992076,1.0,-0.0004843634267097,-0.0001133596097885,2182,5.980824540932963,0.1549037580201649,0.4885426214482126,-0.0004846609185768,-0.0004846609185768,-8.116316508999244e-05,0.837945773853495,-0.694892172075785,0.0,0.2283721216089039,1.4685313997792793,0.2236104783599088,117798,409002,0,0,526800,1.0,0.2236104783599088,1.0,0.0,0.5,0.3654929118613461,1.0,-0.000421163903572,-0.0003529744518918,2195,6.0000113895432605,0.2291571753986332,0.4783599088838269,-0.0004259415340564,-0.0004259415340564,-0.0003394659167264,0.8917782139928262,-0.7131877600773733,0.0,0.286286648709066,1.2802917412853867,BTCUSDT,BAJA,v4_52_balanceado,52,0.155510547233262,0.1895605127965854,0.0680999311266468,1.0,1.0,0.0,0.269163353992076,0.317328132926711,0.09632955786927005,1.0,1.0,0.0,2182,2188.5,13,0.1549037580201649,0.19203046670939905,0.0742534173784683,0.4783599088838269,0.4834512651660198,0.010182712564385688,-0.0004846609185768,-0.0004553012263166,5.8719384520399996e-05,0.837945773853495,0.8648619939231605,0.053832440139331195,-0.7131877600773733,-0.7040399660765791,0.01829558800158826,0.2283721216089039,0.25732938515898496,0.057914527100162094,1.2802917412853867,1.374411570532333,0.18823965849389257
0.12,0.155510547233262,81388,441972,0,0,523360,1.0,0.155510547233262,1.0,0.0,0.5,0.269163353992076,1.0,-0.0004843634267097,-0.0001133596097885,2182,5.980824540932963,0.1549037580201649,0.4885426214482126,-0.0004846609185768,-0.0004846609185768,-8.116316508999244e-05,0.837945773853495,-0.694892172075785,0.0,0.2283721216089039,1.4685313997792793,0.2236104783599088,117798,409002,0,0,526800,1.0,0.2236104783599088,1.0,0.0,0.5,0.3654929118613461,1.0,-0.000421163903572,-0.0003529744518918,2195,6.0000113895432605,0.2291571753986332,0.4783599088838269,-0.0004259415340564,-0.0004259415340564,-0.0003394659167264,0.8917782139928262,-0.7131877600773733,0.0,0.286286648709066,1.2802917412853867,BTCUSDT,BAJA,v4_52_balanceado,52,0.155510547233262,0.1895605127965854,0.0680999311266468,1.0,1.0,0.0,0.269163353992076,0.317328132926711,0.09632955786927005,1.0,1.0,0.0,2182,2188.5,13,0.1549037580201649,0.19203046670939905,0.0742534173784683,0.4783599088838269,0.4834512651660198,0.010182712564385688,-0.0004846609185768,-0.0004553012263166,5.8719384520399996e-05,0.837945773853495,0.8648619939231605,0.053832440139331195,-0.7131877600773733,-0.7040399660765791,0.01829558800158826,0.2283721216089039,0.25732938515898496,0.057914527100162094,1.2802917412853867,1.374411570532333,0.18823965849389257
0.13,0.155510547233262,81388,441972,0,0,523360,1.0,0.155510547233262,1.0,0.0,0.5,0.269163353992076,1.0,-0.0004843634267097,-0.0001133596097885,2182,5.980824540932963,0.1549037580201649,0.4885426214482126,-0.0004846609185768,-0.0004846609185768,-8.116316508999244e-05,0.837945773853495,-0.694892172075785,0.0,0.2283721216089039,1.4685313997792793,0.2236104783599088,117798,409002,0,0,526800,1.0,0.2236104783599088,1.0,0.0,0.5,0.3654929118613461,1.0,-0.000421163903572,-0.0003529744518918,2195,6.0000113895432605,0.2291571753986332,0.4783599088838269,-0.0004259415340564,-0.0004259415340564,-0.0003394659167264,0.8917782139928262,-0.7131877600773733,0.0,0.286286648709066,1.2802917412853867,BTCUSDT,BAJA,v4_52_balanceado,52,0.155510547233262,0.1895605127965854,0.0680999311266468,1.0,1.0,0.0,0.269163353992076,0.317328132926711,0.09632955786927005,1.0,1.0,0.0,2182,2188.5,13,0.1549037580201649,0.19203046670939905,0.0742534173784683,0.4783599088838269,0.4834512651660198,0.010182712564385688,-0.0004846609185768,-0.0004553012263166,5.8719384520399996e-05,0.837945773853495,0.8648619939231605,0.053832440139331195,-0.7131877600773733,-0.7040399660765791,0.01829558800158826,0.2283721216089039,0.25732938515898496,0.057914527100162094,1.2802917412853867,1.374411570532333,0.18823965849389257
0.14,0.155510547233262,81388,441972,0,0,523360,1.0,0.155510547233262,1.0,0.0,0.5,0.269163353992076,1.0,-0.0004843634267097,-0.0001133596097885,2182,5.980824540932963,0.1549037580201649,0.4885426214482126,-0.0004846609185768,-0.0004846609185768,-8.116316508999244e-05,0.837945773853495,-0.694892172075785,0.0,0.2283721216089039,1.4685313997792793,0.2236104783599088,117798,409002,0,0,526800,1.0,0.2236104783599088,1.0,0.0,0.5,0.3654929118613461,1.0,-0.000421163903572,-0.0003529744518918,2195,6.0000113895432605,0.2291571753986332,0.4783599088838269,-0.0004259415340564,-0.0004259415340564,-0.0003394659167264,0.8917782139928262,-0.7131877600773733,0.0,0.286286648709066,1.2802917412853867,BTCUSDT,BAJA,v4_52_balanceado,52,0.155510547233262,0.1895605127965854,0.0680999311266468,1.0,1.0,0.0,0.269163353992076,0.317328132926711,0.09632955786927005,1.0,1.0,0.0,2182,2188.5,13,0.1549037580201649,0.19203046670939905,0.0742534173784683,0.4783599088838269,0.4834512651660198,0.010182712564385688,-0.0004846609185768,-0.0004553012263166,5.8719384520399996e-05,0.837945773853495,0.8648619939231605,0.053832440139331195,-0.7131877600773733,-0.7040399660765791,0.01829558800158826,0.2283721216089039,0.25732938515898496,0.057914527100162094,1.2802917412853867,1.374411570532333,0.18823965849389257
0.15,0.155510547233262,81388,441972,0,0,523360,1.0,0.155510547233262,1.0,0.0,0.5,0.269163353992076,1.0,-0.0004843634267097,-0.0001133596097885,2182,5.980824540932963,0.1549037580201649,0.4885426214482126,-0.0004846609185768,-0.0004846609185768,-8.116316508999244e-05,0.837945773853495,-0.694892172075785,0.0,0.2283721216089039,1.4685313997792793,0.2236104783599088,117798,409002,0,0,526800,1.0,0.2236104783599088,1.0,0.0,0.5,0.3654929118613461,1.0,-0.000421163903572,-0.0003529744518918,2195,6.0000113895432605,0.2291571753986332,0.4783599088838269,-0.0004259415340564,-0.0004259415340564,-0.0003394659167264,0.8917782139928262,-0.7131877600773733,0.0,0.286286648709066,1.2802917412853867,BTCUSDT,BAJA,v4_52_balanceado,52,0.155510547233262,0.1895605127965854,0.0680999311266468,1.0,1.0,0.0,0.269163353992076,0.317328132926711,0.09632955786927005,1.0,1.0,0.0,2182,2188.5,13,0.1549037580201649,0.19203046670939905,0.0742534173784683,0.4783599088838269,0.4834512651660198,0.010182712564385688,-0.0004846609185768,-0.0004553012263166,5.8719384520399996e-05,0.837945773853495,0.8648619939231605,0.053832440139331195,-0.7131877600773733,-0.7040399660765791,0.01829558800158826,0.2283721216089039,0.25732938515898496,0.057914527100162094,1.2802917412853867,1.374411570532333,0.18823965849389257
0.16,0.155510547233262,81388,441972,0,0,523360,1.0,0.155510547233262,1.0,0.0,0.5,0.269163353992076,1.0,-0.0004843634267097,-0.0001133596097885,2182,5.980824540932963,0.1549037580201649,0.4885426214482126,-0.0004846609185768,-0.0004846609185768,-8.116316508999244e-05,0.837945773853495,-0.694892172075785,0.0,0.2283721216089039,1.4685313997792793,0.2236104783599088,117798,409002,0,0,526800,1.0,0.2236104783599088,1.0,0.0,0.5,0.3654929118613461,1.0,-0.000421163903572,-0.0003529744518918,2195,6.0000113895432605,0.2291571753986332,0.4783599088838269,-0.0004259415340564,-0.0004259415340564,-0.0003394659167264,0.8917782139928262,-0.7131877600773733,0.0,0.286286648709066,1.2802917412853867,BTCUSDT,BAJA,v4_52_balanceado,52,0.155510547233262,0.1895605127965854,0.0680999311266468,1.0,1.0,0.0,0.269163353992076,0.317328132926711,0.09632955786927005,1.0,1.0,0.0,2182,2188.5,13,0.1549037580201649,0.19203046670939905,0.0742534173784683,0.4783599088838269,0.4834512651660198,0.010182712564385688,-0.0004846609185768,-0.0004553012263166,5.8719384520399996e-05,0.837945773853495,0.8648619939231605,0.053832440139331195,-0.7131877600773733,-0.7040399660765791,0.01829558800158826,0.2283721216089039,0.25732938515898496,0.057914527100162094,1.2802917412853867,1.374411570532333,0.18823965849389257
0.17,0.155510547233262,81388,441972,0,0,523360,1.0,0.155510547233262,1.0,0.0,0.5,0.269163353992076,1.0,-0.0004843634267097,-0.0001133596097885,2182,5.980824540932963,0.1549037580201649,0.4885426214482126,-0.0004846609185768,-0.0004846609185768,-8.116316508999244e-05,0.837945773853495,-0.694892172075785,0.0,0.2283721216089039,1.4685313997792793,0.2236104783599088,117798,408995,0,7,526793,0.9999867122247532,0.2236134496851704,1.0,1.711483073432404e-05,0.5000085574153672,0.3654968809679316,1.0000132879518142,-0.0004211397447011,-0.0003529034997531,2195,6.0000113895432605,0.2291571753986332,0.4783599088838269,-0.0004259415340564,-0.0004259415340564,-0.0003394659167264,0.8917782139928262,-0.7131877600773733,0.0,0.286286648709066,1.2802917412853867,BTCUSDT,BAJA,v4_52_balanceado,52,0.155510547233262,0.1895619984592162,0.06810290245190842,1.0,1.0,0.0,0.269163353992076,0.31733011748000384,0.09633352697585557,1.0,1.0000066439759072,1.3287951814211496e-05,2182,2188.5,13,0.1549037580201649,0.19203046670939905,0.0742534173784683,0.4783599088838269,0.4834512651660198,0.010182712564385688,-0.0004846609185768,-0.0004553012263166,5.8719384520399996e-05,0.837945773853495,0.8648619939231605,0.053832440139331195,-0.7131877600773733,-0.7040399660765791,0.01829558800158826,0.2283721216089039,0.25732938515898496,0.057914527100162094,1.2802917412853867,1.374411570532333,0.18823965849389257
0.18,0.155510547233262,81388,441972,0,0,523360,1.0,0.155510547233262,1.0,0.0,0.5,0.269163353992076,1.0,-0.0004843634267097,-0.0001133596097885,2182,5.980824540932963,0.1549037580201649,0.4885426214482126,-0.0004846609185768,-0.0004846609185768,-8.116316508999244e-05,0.837945773853495,-0.694892172075785,0.0,0.2283721216089039,1.4685313997792793,0.2236104783599088,117798,408993,0,9,526791,0.9999829157175398,0.2236142986497491,1.0,2.200478237270233e-05,0.5000110023911863,0.3654980150142183,1.0000170845743377,-0.0004211321673098,-0.0003527916267955,2195,6.0000113895432605,0.2291571753986332,0.4783599088838269,-0.0004259415340564,-0.0004259415340564,-0.0003394659167264,0.8917782139928262,-0.7131877600773733,0.0,0.286286648709066,1.2802917412853867,BTCUSDT,BAJA,v4_52_balanceado,52,0.155510547233262,0.18956242294150555,0.06810375141648711,1.0,1.0,0.0,0.269163353992076,0.31733068450314716,0.09633466102214228,1.0,1.0000085422871687,1.7084574337689062e-05,2182,2188.5,13,0.1549037580201649,0.19203046670939905,0.0742534173784683,0.4783599088838269,0.4834512651660198,0.010182712564385688,-0.0004846609185768,-0.0004553012263166,5.8719384520399996e-05,0.837945773853495,0.8648619939231605,0.053832440139331195,-0.7131877600773733,-0.7040399660765791,0.01829558800158826,0.2283721216089039,0.25732938515898496,0.057914527100162094,1.2802917412853867,1.374411570532333,0.18823965849389257
0.19,0.155510547233262,81388,441972,0,0,523360,1.0,0.155510547233262,1.0,0.0,0.5,0.269163353992076,1.0,-0.0004843634267097,-0.0001133596097885,2182,5.980824540932963,0.1549037580201649,0.4885426214482126,-0.0004846609185768,-0.0004846609185768,-8.116316508999244e-05,0.837945773853495,-0.694892172075785,0.0,0.2283721216089039,1.4685313997792793,0.2236104783599088,117798,408972,0,30,526770,0.9999430523917996,0.2236232131670368,1.0,7.334927457567444e-05,0.5000366746372878,0.3655099229251219,1.0000569508514152,-0.00042108336574,-0.0003526057619587,2195,6.0000113895432605,0.2291571753986332,0.4783599088838269,-0.0004259415340564,-0.0004259415340564,-0.0003394659167264,0.8917782139928262,-0.7131877600773733,0.0,0.286286648709066,1.2802917412853867,BTCUSDT,BAJA,v4_52_balanceado,52,0.155510547233262,0.1895668802001494,0.0681126659337748,1.0,1.0,0.0,0.269163353992076,0.31733663845859894,0.09634656893304588,1.0,1.0000284754257076,5.6950851415216164e-05,2182,2188.5,13,0.1549037580201649,0.19203046670939905,0.0742534173784683,0.4783599088838269,0.4834512651660198,0.010182712564385688,-0.0004846609185768,-0.0004553012263166,5.8719384520399996e-05,0.837945773853495,0.8648619939231605,0.053832440139331195,-0.7131877600773733,-0.7040399660765791,0.01829558800158826,0.2283721216089039,0.25732938515898496,0.057914527100162094,1.2802917412853867,1.374411570532333,0.18823965849389257
0.2,0.155510547233262,81388,441972,0,0,523360,1.0,0.155510547233262,1.0,0.0,0.5,0.269163353992076,1.0,-0.0004843634267097,-0.0001133596097885,2182,5.980824540932963,0.1549037580201649,0.4885426214482126,-0.0004846609185768,-0.0004846609185768,-8.116316508999244e-05,0.837945773853495,-0.694892172075785,0.0,0.2283721216089039,1.4685313997792793,0.2236104783599088,117797,408952,1,50,526749,0.9999031890660592,0.2236302299577218,0.9999915108915262,0.0001222487909594,0.5000568798412428,0.3655187286574912,1.000088330376813,-0.0004211127302234,-0.0003527916267955,2195,6.0000113895432605,0.2291571753986332,0.4783599088838269,-0.0004259415340564,-0.0004259415340564,-0.0003394659167264,0.8917782139928262,-0.7131877600773733,0.0,0.286286648709066,1.2802917412853867,BTCUSDT,BAJA,v4_52_balanceado,52,0.155510547233262,0.1895703885954919,0.06811968272445981,0.9999915108915262,0.999995755445763,8.489108473841434e-06,0.269163353992076,0.3173410413247836,0.09635537466541516,1.0,1.0000441651884064,8.833037681310607e-05,2182,2188.5,13,0.1549037580201649,0.19203046670939905,0.0742534173784683,0.4783599088838269,0.4834512651660198,0.010182712564385688,-0.0004846609185768,-0.0004553012263166,5.8719384520399996e-05,0.837945773853495,0.8648619939231605,0.053832440139331195,-0.7131877600773733,-0.7040399660765791,0.01829558800158826,0.2283721216089039,0.25732938515898496,0.057914527100162094,1.2802917412853867,1.374411570532333,0.18823965849389257
0.21,0.155510547233262,81388,441960,0,12,523348,0.9999770712320392,0.1555141129802731,1.0,2.7151041242431648e-05,0.5000135755206212,0.2691686951000105,1.0000229292937015,-0.0004843693359027,-0.0001133096442706,2182,5.980824540932963,0.1549037580201649,0.4885426214482126,-0.0004846609185768,-0.0004846609185768,-8.116316508999244e-05,0.837945773853495,-0.694892172075785,0.0,0.2283721216089039,1.4685313997792793,0.2236104783599088,117792,408899,6,103,526691,0.9997930903568716,0.22364536322056,0.9999490653491572,0.0002518325093764,0.5001004489292667,0.3655361069001953,1.0001560072716942,-0.0004212177881804,-0.0003534635698463,2195,6.0000113895432605,0.2291571753986332,0.4783599088838269,-0.0004259415340564,-0.0004259415340564,-0.0003394659167264,0.8917782139928262,-0.7131877600773733,0.0,0.286286648709066,1.2802917412853867,BTCUSDT,BAJA,v4_52_balanceado,52,0.1555141129802731,0.18957973810041656,0.0681312502402869,0.9999490653491572,0.9999745326745786,5.0934650842826557e-05,0.2691686951000105,0.31735240100010287,0.09636741180018477,1.0000229292937015,1.000089468282698,0.0001330779779926683,2182,2188.5,13,0.1549037580201649,0.19203046670939905,0.0742534173784683,0.4783599088838269,0.4834512651660198,0.010182712564385688,-0.0004846609185768,-0.0004553012263166,5.8719384520399996e-05,0.837945773853495,0.8648619939231605,0.053832440139331195,-0.7131877600773733,-0.7040399660765791,0.01829558800158826,0.2283721216089039,0.25732938515898496,0.057914527100162094,1.2802917412853867,1.374411570532333,0.18823965849389257
0.22,0.155510547233262,81388,441921,0,51,523309,0.9999025527361664,0.1555257027874544,1.0,0.0001153919252803,0.5000576959626402,0.2691860551648181,1.0000974567607284,-0.0004844164453252,-0.0001133155334516,2182,5.980824540932963,0.1558203483043079,0.4862511457378551,-0.0004843396858176,-0.0004843396858176,-0.0001344716678157,0.8375418299856028,-0.6945268522176864,0.0,0.2283721216089039,1.4685313997792793,0.2236104783599088,117789,408786,9,216,526575,0.9995728929384966,0.2236889332003988,0.9999235980237356,0.0005281147769448,0.5002258564003402,0.365592599317476,1.0003508549378606,-0.0004213962499715,-0.0003541488471432,2195,6.0000113895432605,0.2291571753986332,0.4783599088838269,-0.0004259415340564,-0.0004259415340564,-0.0003394659167264,0.8917782139928262,-0.7131877600773733,0.0,0.286286648709066,1.2802917412853867,BTCUSDT,BAJA,v4_52_balanceado,52,0.1555257027874544,0.1896073179939266,0.06816323041294439,0.9999235980237356,0.9999617990118679,7.640197626435086e-05,0.2691860551648181,0.31738932724114705,0.09640654415265792,1.0000974567607284,1.0002241558492946,0.0002533981771322136,2182,2188.5,13,0.1558203483043079,0.19248876185147057,0.07333682709432529,0.4783599088838269,0.482305527310841,0.007891236854028205,-0.0004843396858176,-0.00045514060993700003,5.8398151761199994e-05,0.8375418299856028,0.8646600219892144,0.054236384007223415,-0.7131877600773733,-0.7038573061475298,0.01866090785968688,0.2283721216089039,0.25732938515898496,0.057914527100162094,1.2802917412853867,1.374411570532333,0.18823965849389257
0.23,0.155510547233262,81388,441830,0,142,523218,0.9997286762457964,0.1555527523900171,1.0,0.0003212873213687,0.5001606436606844,0.2692265706923186,1.0002713973907629,-0.0004845020846987,-0.0001132645153441,2182,5.980824540932963,0.1549037580201649,0.4899175068744271,-0.0004850941008256,-0.0004850941008256,-0.0001074279141588,0.8380880821946777,-0.6950553318803563,0.0,0.2283721216089039,1.4685313997792793,0.2236104783599088,117783,408591,15,411,526374,0.9991913439635536,0.2237629518175289,0.9998726633728926,0.0010048850616867,0.5004387742172897,0.3656880460498128,1.0006818708082843,-0.0004217892120654,-0.0003549179523169,2195,6.0000113895432605,0.2296127562642369,0.4797266514806378,-0.0004258761390519,-0.0004258761390519,-0.0003167743161094,0.8916702838648695,-0.713693219414455,0.0,0.286286648709066,1.2802917412853867,BTCUSDT,BAJA,v4_52_balanceado,52,0.1555527523900171,0.189657852103773,0.0682101994275118,0.9998726633728926,0.9999363316864462,0.00012733662710739946,0.2692265706923186,0.31745730837106567,0.09646147535749422,1.0002713973907629,1.0004766340995235,0.00041047341752142863,2182,2188.5,13,0.1549037580201649,0.1922582571422009,0.07470899824407201,0.4797266514806378,0.48482207917753245,0.010190855393789278,-0.0004850941008256,-0.00045548511993875,5.921796177370004e-05,0.8380880821946777,0.8648791830297735,0.05358220167019179,-0.713693219414455,-0.7043742756474056,0.018637887534098674,0.2283721216089039,0.25732938515898496,0.057914527100162094,1.2802917412853867,1.374411570532333,0.18823965849389257
0.24,0.155510547233262,81388,441688,0,284,523076,0.9994573524915928,0.1555949804617302,1.0,0.0006425746427375,0.5003212873213688,0.2692898170941528,1.000542942134604,-0.0004845985925591,-0.0001129502237432,2182,5.980824540932963,0.1549037580201649,0.4871677360219981,-0.0004859256251089,-0.0004859256251089,-0.0001223535881107,0.8380358755623808,-0.6957078099248327,0.0,0.2283721216089039,1.4685313997792793,0.2236104783599088,117774,408134,24,868,525908,0.9983067577828398,0.2239441118978984,0.999796261396628,0.0021222390110561,0.5009592502038421,0.3659248166088245,1.001492029981943,-0.0004222538405722,-0.0003554001761129,2195,6.0000113895432605,0.2264236902050113,0.483371298405467,-0.0004248221889038,-0.0004248221889038,-0.000260181377039,0.8912744535041589,-0.7142800138993532,0.0,0.286286648709066,1.2802917412853867,BTCUSDT,BAJA,v4_52_balanceado,52,0.1555949804617302,0.18976954617981429,0.06834913143616819,0.999796261396628,0.999898130698314,0.00020373860337197236,0.2692898170941528,0.31760731685148863,0.0966349995146717,1.000542942134604,1.0010174860582735,0.0009490878473390474,2182,2188.5,13,0.1549037580201649,0.19066372411258808,0.0715199321848464,0.483371298405467,0.48526951721373257,0.00379643761653109,-0.0004859256251089,-0.00045537390700635,6.11034362051e-05,0.8380358755623808,0.8646551645332698,0.05323857794177811,-0.7142800138993532,-0.7049939119120929,0.01857220397452053,0.2283721216089039,0.25732938515898496,0.057914527100162094,1.2802917412853867,1.374411570532333,0.18823965849389257
0.25,0.155510547233262,81388,441359,0,613,522747,0.9988287221033324,0.1556929068937746,1.0,0.0013869656901342,0.5006934828450671,0.2694364670148229,1.00117265139733,-0.0004847996795047,-0.0001124834927925,2182,5.980824540932963,0.1535288725939505,0.4844179651695692,-0.0004817767288406,-0.0004817767288406,-0.0001366353874626,0.8383337726492819,-0.6938242247659936,0.0,0.2283721216089039,1.4685313997792793,0.2236104783599088,117758,407409,40,1593,525167,0.9969001518602886,0.2242296260046804,0.9996604356610468,0.0038948464799683,0.5017776410705076,0.366296765764855,1.002768866867567,-0.0004227818063956,-0.0003561411142332,2195,6.0000113895432605,0.2195899772209567,0.475626423690205,-0.0004239095120871,-0.0004239095120871,-0.0003205145433606,0.89022579781229,-0.7165002066448476,0.0,0.286286648709066,1.2802917412853867,BTCUSDT,BAJA,v4_52_balanceado,52,0.1556929068937746,0.1899612664492275,0.06853671911090581,0.9996604356610468,0.9998302178305234,0.00033956433895321325,0.2694364670148229,0.31786661638983893,0.0968602987500321,1.00117265139733,1.0019707591324485,0.001596215470236917,2182,2188.5,13,0.1535288725939505,0.18655942490745359,0.06606110462700618,0.475626423690205,0.48002219442988714,0.008791541479364173,-0.0004817767288406,-0.00045284312046385,5.786721675350004e-05,0.8383337726492819,0.864279785230786,0.05189202516300817,-0.7165002066448476,-0.7051622157054206,0.022675981878854,0.2283721216089039,0.25732938515898496,0.057914527100162094,1.2802917412853867,1.374411570532333,0.18823965849389257
0.26,0.155510547233262,81388,440928,0,1044,522316,0.9980051971874044,0.155821380160669,1.0,0.0023621405880915,0.5011810702940458,0.2696288247220492,1.0019987900045184,-0.000485136003342,-0.0001122586431444,2182,5.980824540932963,0.1576535288725939,0.4839596700274977,-0.0004811196895376,-0.0004811196895376,-0.0001417435795213,0.8397477893858556,-0.6948516552957021,0.0,0.2283721216089039,1.4685313997792793,0.2236104783599088,117736,406425,62,2577,524161,0.9949905087319666,0.224618008588964,0.9994736752746226,0.0063007026860504,0.5028871889803366,0.366802241264629,1.0045057379978122,-0.0004233588481593,-0.0003570358311664,2195,6.0000113895432605,0.2241457858769931,0.4779043280182232,-0.0004255221238369,-0.0004255221238369,-0.0003403943337434,0.8898936067115871,-0.7168829395892047,0.0,0.286286648709066,1.2802917412853867,BTCUSDT,BAJA,v4_52_balanceado,52,0.155821380160669,0.1902196943748165,0.06879662842829501,0.9994736752746226,0.9997368376373112,0.0005263247253773917,0.2696288247220492,0.3182155329933391,0.09717341654257983,1.0019987900045184,1.0032522640011652,0.002506947993293762,2182,2188.5,13,0.1576535288725939,0.1908996573747935,0.0664922570043992,0.4779043280182232,0.48093199902286043,0.006055342009274489,-0.0004811196895376,-0.00045332090668725,5.559756570069999e-05,0.8397477893858556,0.8648206980487214,0.050145817325731534,-0.7168829395892047,-0.7058672974424534,0.02203128429350254,0.2283721216089039,0.25732938515898496,0.057914527100162094,1.2802917412853867,1.374411570532333,0.18823965849389257
0.27,0.155510547233262,81387,440341,1,1631,521728,0.996881687557322,0.1559950778949951,0.9999877131763896,0.0036902790222005,0.501838996099295,0.2698883796815206,1.0031157414744758,-0.0004854960063051,-0.0001116671316248,2182,5.980824540932963,0.1576535288725939,0.4830430797433547,-0.0004807332560944,-0.0004807332560944,-0.0001569930326216,0.8393337368100141,-0.6943603476331784,0.0,0.2283721216089039,1.4685313997792793,0.2236104783599088,117674,405192,124,3810,522866,0.9925322703113136,0.2250557504217141,0.9989473505492452,0.0093153578711106,0.504131354210178,0.3673501242460946,1.0064633467644528,-0.0004239454756505,-0.0003579947651448,2195,6.0000113895432605,0.220501138952164,0.483371298405467,-0.0004225164513249,-0.0004225164513249,-0.000287342157182,0.8909886825723623,-0.7129571625537376,0.0,0.286286648709066,1.2802917412853867,BTCUSDT,BAJA,v4_52_balanceado,52,0.1559950778949951,0.1905254141583546,0.06906067252671902,0.9989473505492452,0.9994675318628174,0.0010403626271443533,0.2698883796815206,0.3186192519638076,0.09746174456457402,1.0031157414744758,1.0047895441194643,0.003347605289977018,2182,2188.5,13,0.1576535288725939,0.18907733391237896,0.0628476100795701,0.4830430797433547,0.48320718907441085,0.00032821866211230066,-0.0004807332560944,-0.00045162485370965,5.8216804769499995e-05,0.8393337368100141,0.8651612096911883,0.05165494576234819,-0.7129571625537376,-0.7036587550934581,0.0185968149205592,0.2283721216089039,0.25732938515898496,0.057914527100162094,1.2802917412853867,1.374411570532333,0.18823965849389257
0.28,0.155510547233262,81385,439618,3,2354,521003,0.9954964078263528,0.1562083135797682,0.9999631395291688,0.005326129257057,0.502644634393113,0.2702065601909723,1.004486939046389,-0.0004861858018796,-0.0001121054404769,2181,5.978083558100271,0.1526822558459422,0.4883081155433287,-0.0004833300612738,-0.0004833300612738,-8.737679774850626e-05,0.8355066877218653,-0.6909760081996732,0.0,0.2283721216089039,1.4685313997792793,0.2236104783599088,117592,403401,206,5601,520993,0.9889768413059984,0.2257074471250093,0.9982512436543914,0.0136943095632784,0.5059727766088349,0.3681704970796395,1.0093777750509765,-0.0004240412191475,-0.0003575291049049,2193,5.9945444087783,0.2220702234382125,0.483812129502964,-0.0004234236715798,-0.0004234236715798,-0.0003377875248073,0.890825464392911,-0.7149063216955085,0.0,0.286286648709066,1.2802917412853867,BTCUSDT,BAJA,v4_52_balanceado,52,0.1562083135797682,0.19095788035238875,0.06949913354524109,0.9982512436543914,0.9991071915917802,0.0017118958747773805,0.2702065601909723,0.3191885286353059,0.09796393688866722,1.004486939046389,1.0069323570486828,0.0048908360045873955,2181,2187.0,12,0.1526822558459422,0.18737623964207734,0.06938796759227031,0.483812129502964,0.48606012252314634,0.004495986040364719,-0.0004833300612738,-0.0004533768664268,5.990638969400003e-05,0.8355066877218653,0.8631660760573882,0.05531877667104568,-0.7149063216955085,-0.7029411649475908,0.023930313495835298,0.2283721216089039,0.25732938515898496,0.057914527100162094,1.2802917412853867,1.374411570532333,0.18823965849389257
0.29,0.155510547233262,81373,438528,15,3444,519901,0.9933907826352796,0.1565163367641147,0.9998156976458444,0.0077923488365778,0.5038040232412112,0.2706618614343518,1.0064676611892056,-0.0004875199966013,-0.0001134263074595,2181,5.978083558100271,0.1480972031178358,0.4828060522696011,-0.0004829524613754,-0.0004829524613754,-0.0001563251740175,0.8350399391331206,-0.6910315337383958,0.0,0.2283721216089039,1.4685313997792793,0.2236104783599088,117412,401050,386,7952,518462,0.9841723614274868,0.2264621129417392,0.9967232041291024,0.0194424477141921,0.5080828259216472,0.369069248420457,1.0127526876322877,-0.0004238910335029,-0.0003570121756207,2192,5.991810918395821,0.2249087591240876,0.479470802919708,-0.0004242474524428,-0.0004242474524428,-0.0003309787897687,0.89080596453141,-0.7163619888414415,0.0,0.286286648709066,1.2802917412853867,BTCUSDT,BAJA,v4_52_balanceado,52,0.1565163367641147,0.19148922485292696,0.06994577617762451,0.9967232041291024,0.9982694508874734,0.003092493516742012,0.2706618614343518,0.3198655549274044,0.09840738698610524,1.0064676611892056,1.0096101744107466,0.006285026443082042,2181,2186.5,11,0.1480972031178358,0.1865029811209617,0.07681155600625178,0.479470802919708,0.4811384275946545,0.003335249349893099,-0.0004829524613754,-0.0004535999569091,5.870500893259998e-05,0.8350399391331206,0.8629229518322653,0.055766025398289454,-0.7163619888414415,-0.7036967612899186,0.025330455103045768,0.2283721216089039,0.25732938515898496,0.057914527100162094,1.2802917412853867,1.374411570532333,0.18823965849389257
0.3,0.155510547233262,81330,436633,58,5339,517963,0.9896877866095996,0.1570189376461253,0.999287364230599,0.0120799507661118,0.5056836574983554,0.2713935573645493,1.009699601986486,-0.0004895207550337,-0.0001140504102814,2181,5.978083558100271,0.1508482347546997,0.4828060522696011,-0.0004844179466223,-0.0004844179466223,-0.0001668480018386,0.8346589052242875,-0.6935952215683876,0.0,0.2283721216089039,1.4685313997792793,0.2236104783599088,117185,397786,613,11216,514971,0.9775455580865604,0.2275565031817325,0.9947961765055434,0.0274228487880254,0.5111095126467845,0.3703879298764636,1.0176468690142169,-0.0004238404005586,-0.0003563857125659,2190,5.986343937630862,0.2228310502283105,0.4735159817351598,-0.0004241629228656,-0.0004241629228656,-0.000438543348663,0.8928048012204286,-0.7165020401571144,0.0,0.286286648709066,1.2802917412853867,BTCUSDT,BAJA,v4_52_balanceado,52,0.1570189376461253,0.1922877204139289,0.07053756553560722,0.9947961765055434,0.9970417703680712,0.004491187725055634,0.2713935573645493,0.3208907436205064,0.09899437251191429,1.009699601986486,1.0136732355003515,0.007947267027730964,2181,2185.5,9,0.1508482347546997,0.1868396424915051,0.07198281547361082,0.4735159817351598,0.47816101700238045,0.009290070534441308,-0.0004844179466223,-0.00045429043474395,6.02550237567e-05,0.8346589052242875,0.8637318532223581,0.05814589599614106,-0.7165020401571144,-0.705048630862751,0.022906818588726785,0.2283721216089039,0.25732938515898496,0.057914527100162094,1.2802917412853867,1.374411570532333,0.18823965849389257
0.31,0.155510547233262,81267,433821,121,8151,515088,0.9841944359523082,0.1577730407231385,0.9985132943431464,0.0184423447639216,0.508477819553534,0.2724904271085508,1.014548810547769,-0.0004925053611058,-0.0001156710820487,2179,5.972601592434888,0.1496099128040385,0.4837081229921982,-0.0004827733588011,-0.0004827733588011,-0.0001468128110617,0.8366148766040873,-0.6905347712808474,0.0,0.2283721216089039,1.4685313997792793,0.2236104783599088,116814,393586,984,15416,510400,0.9688686408504176,0.2288675548589341,0.9916467172617532,0.0376917472286199,0.5146692322451866,0.3719018526006131,1.0235099738508848,-0.0004269702484806,-0.0003638693308843,2188,5.9808769568659015,0.2221206581352833,0.4675502742230347,-0.000426106447029,-0.000426106447029,-0.0005206960531144,0.891647489161987,-0.7178153630469979,0.0,0.286286648709066,1.2802917412853867,BTCUSDT,BAJA,v4_52_balanceado,52,0.1577730407231385,0.1933202977910363,0.0710945141357956,0.9916467172617532,0.9950800058024498,0.006866577081393155,0.2724904271085508,0.32219613985458195,0.09941142549206228,1.014548810547769,1.019029392199327,0.008961163303115915,2179,2183.5,9,0.1496099128040385,0.1858652854696609,0.07251074533124482,0.4675502742230347,0.47562919860761643,0.016157848769163485,-0.0004827733588011,-0.00045443990291504997,5.666691177209996e-05,0.8366148766040873,0.8641311828830371,0.05503261255789971,-0.7178153630469979,-0.7041750671639226,0.027280591766150497,0.2283721216089039,0.25732938515898496,0.057914527100162094,1.2802917412853867,1.374411570532333,0.18823965849389257
0.32,0.155510547233262,81179,429749,209,12223,510928,0.9762457963925404,0.1588854006826793,0.9974320538654348,0.0276555980921868,0.5125438259788108,0.2741070644723424,1.0217017656323668,-0.000496706754857,-0.0001169467919072,2176,5.964378643936813,0.158547794117647,0.4816176470588235,-0.0004880754967665,-0.0004880754967665,-0.0001936163670535,0.8375393535800311,-0.6952452728760496,0.0,0.2283721216089039,1.4685313997792793,0.2236104783599088,116233,388329,1565,20673,504562,0.9577866362946088,0.2303641574276303,0.986714545238459,0.0505449851100972,0.5186297651742782,0.373523362683977,1.0302028738423032,-0.0004330363741059,-0.0003750650866395,2185,5.972676485718462,0.2215102974828375,0.4645308924485126,-0.0004322017039752,-0.0004322017039752,-0.0004928535456054,0.8904028525317171,-0.7202459836776198,0.0,0.286286648709066,1.2802917412853867,BTCUSDT,BAJA,v4_52_balanceado,52,0.1588854006826793,0.1946247790551548,0.071478756744951,0.986714545238459,0.9920732995519469,0.010717508626975736,0.2741070644723424,0.3238152135781597,0.09941629821163461,1.0217017656323668,1.025952319737335,0.008501108209936437,2176,2180.5,9,0.158547794117647,0.19002904580024224,0.06296250336519049,0.4645308924485126,0.47307426975366806,0.017086754610310895,-0.0004880754967665,-0.00046013860037085,5.587379279129996e-05,0.8375393535800311,0.8639711030558741,0.05286349895168607,-0.7202459836776198,-0.7077456282768347,0.02500071080157018,0.2283721216089039,0.25732938515898496,0.057914527100162094,1.2802917412853867,1.374411570532333,0.18823965849389257
0.33,0.155510547233262,81051,423633,337,18339,504684,0.9643151941302354,0.1605975224100625,0.9958593404433086,0.0414935787787461,0.5186764596110274,0.2765905895521369,1.0327114479841049,-0.0005003920244058,-0.0001179923694547,2175,5.961637661104121,0.1622988505747126,0.488735632183908,-0.0004814922685264,-0.0004814922685264,-0.0001426238351771,0.8394096442861696,-0.6905765936822816,0.0,0.2283721216089039,1.4685313997792793,0.2236104783599088,115467,381983,2331,27019,497450,0.9442862566438875,0.2321178007839983,0.9802118881475068,0.0660608016586715,0.5231363449030891,0.3753510779393024,1.038045276261145,-0.0004378126869416,-0.0003837085440407,2181,5.9617425241885424,0.2219165520403484,0.4722604309949564,-0.0004227480282467,-0.0004227480282467,-0.000450416257018,0.8922733718747197,-0.713585063727892,0.0,0.286286648709066,1.2802917412853867,BTCUSDT,BAJA,v4_52_balanceado,52,0.1605975224100625,0.1963576615970304,0.07152027837393579,0.9802118881475068,0.9880356142954076,0.015647452295801778,0.2765905895521369,0.32597083374571967,0.0987604883871655,1.0327114479841049,1.035378362122625,0.005333828277040098,2175,2178.0,6,0.1622988505747126,0.19210770130753052,0.0596177014656358,0.4722604309949564,0.48049803158943216,0.01647520118895157,-0.0004814922685264,-0.00045212014838655,5.8744240279700005e-05,0.8394096442861696,0.8658415080804447,0.05286372758855007,-0.713585063727892,-0.7020808287050868,0.023008470045610352,0.2283721216089039,0.25732938515898496,0.057914527100162094,1.2802917412853867,1.374411570532333,0.18823965849389257
0.34,0.155510547233262,80757,414805,631,27167,495562,0.9468855090186488,0.1629604368373685,0.9922470143018628,0.061467694786095,0.5268573545439789,0.279944535921657,1.0479060085418634,-0.0005055116928761,-0.0001200587180045,2170,5.947932746940664,0.1672811059907834,0.4898617511520737,-0.000479112396293,-0.000479112396293,-0.0001404197289137,0.8399667126102568,-0.6908002900672324,0.0,0.2283721216089039,1.4685313997792793,0.2236104783599088,114423,374312,3375,34690,488735,0.9277429764616552,0.234120740278474,0.9713492589008302,0.0848162111676715,0.5280827350342508,0.3773018121025566,1.0470025465517252,-0.0004387041389604,-0.0003882046395971,2177,5.950808562658623,0.22508038585209,0.4790996784565916,-0.0004208696657638,-0.0004208696657638,-0.0002641834294749,0.8911869543058331,-0.7106054042860478,0.0,0.286286648709066,1.2802917412853867,BTCUSDT,BAJA,v4_52_balanceado,52,0.1629604368373685,0.19854058855792123,0.0711603034411055,0.9713492589008302,0.9817981366013465,0.02089775540103256,0.279944535921657,0.32862317401210683,0.09735727618089957,1.0470025465517252,1.0474542775467943,0.0009034619901382435,2170,2173.5,7,0.1672811059907834,0.1961807459214367,0.05779927986130659,0.4790996784565916,0.48448071480433264,0.010762072695482072,-0.000479112396293,-0.00044999103102839996,5.824273052920003e-05,0.8399667126102568,0.8655768334580449,0.05122024169557626,-0.7106054042860478,-0.7007028471766401,0.019805114218815367,0.2283721216089039,0.25732938515898496,0.057914527100162094,1.2802917412853867,1.374411570532333,0.18823965849389257
0.35,0.155510547233262,80175,402099,1213,39873,482274,0.921495719963314,0.1662436706104828,0.985096082960633,0.0902161222882897,0.5376561026244614,0.2844789962779112,1.0690186200754694,-0.0005102950740439,-0.0001216982288568,2163,5.928745867111823,0.1567267683772538,0.483587609801202,-0.0004820657412111,-0.0004820657412111,-0.0001920487729103,0.836542695851922,-0.6884727101110635,0.0,0.2283721216089039,1.4685313997792793,0.2236104783599088,113157,365431,4641,43571,478588,0.9084813971146544,0.2364392755355337,0.960602047572964,0.1065300414178903,0.5335660444954271,0.3794757086853145,1.0573711807680874,-0.0004371473139776,-0.0003859812775459,2169,5.9289406395987845,0.2332872291378515,0.4693407100046104,-0.0004285670428731,-0.0004285670428731,-0.0005270846153815,0.8903707872041327,-0.7152909009618931,0.0,0.286286648709066,1.2802917412853867,BTCUSDT,BAJA,v4_52_balanceado,52,0.1662436706104828,0.20134147307300826,0.07019560492505089,0.960602047572964,0.9728490652667985,0.024494035387669033,0.2844789962779112,0.33197735248161286,0.09499671240740332,1.0573711807680874,1.0631949004217784,0.01164743930738199,2163,2166.0,6,0.1567267683772538,0.19500699875755265,0.07656046076059769,0.4693407100046104,0.47646415990290625,0.014246899796591606,-0.0004820657412111,-0.0004553163920421,5.349869833799997e-05,0.836542695851922,0.8634567415280273,0.05382809135221067,-0.7152909009618931,-0.7018818055364783,0.026818190850829593,0.2283721216089039,0.25732938515898496,0.057914527100162094,1.2802917412853867,1.374411570532333,0.18823965849389257
0.36,0.155510547233262,79024,385183,2364,56789,464207,0.8869745490675635,0.1702343997397712,0.9709539489851085,0.1284900400930375,0.549721994539073,0.2896800740475994,1.0946807323906065,-0.0005250487938241,-0.0001284390489957,2154,5.904077021617598,0.1532033426183844,0.4911792014856082,-0.0004795988053044,-0.0004795988053044,-0.0001053239142212,0.8362031673662427,-0.684310606655119,0.0,0.2283721216089039,1.4685313997792793,0.2236104783599088,111765,355450,6033,53552,467215,0.8868925588458618,0.2392153505345504,0.9487852085773952,0.1309333450692172,0.5398592768233063,0.3820940731231613,1.0697859612353453,-0.0004324794823026,-0.0003855803919798,2164,5.9152731876863855,0.2245841035120148,0.4805914972273567,-0.0004304695927969,-0.0004304695927969,-0.0003477023192974,0.8892995275378571,-0.7143790946839285,0.0,0.286286648709066,1.2802917412853867,BTCUSDT,BAJA,v4_52_balanceado,52,0.1702343997397712,0.2047248751371608,0.0689809507947792,0.9487852085773952,0.9598695787812519,0.022168740407713217,0.2896800740475994,0.33588707358538034,0.09241399907556191,1.0697859612353453,1.082233346812976,0.024894771155261175,2154,2159.0,10,0.1532033426183844,0.18889372306519958,0.07138076089363041,0.4805914972273567,0.4858853493564824,0.010587704258251451,-0.0004795988053044,-0.00045503419905065,4.912921250750001e-05,0.8362031673662427,0.8627513474520498,0.053096360171614454,-0.7143790946839285,-0.6993448506695237,0.03006848802880946,0.2283721216089039,0.25732938515898496,0.057914527100162094,1.2802917412853867,1.374411570532333,0.18823965849389257
0.37,0.155510547233262,77412,363441,3976,78531,440853,0.842351345154387,0.1755959469483025,0.9511475893252076,0.1776832016507833,0.5644153954879955,0.2964608293871986,1.129157797155153,-0.0005462279803998,-0.0001282069761285,2142,5.8711852276253005,0.1526610644257703,0.4939309056956116,-0.0004863818394243,-0.0004863818394243,-8.609268438575235e-05,0.833648943431084,-0.6904557505961494,0.0,0.2283721216089039,1.4685313997792793,0.2236104783599088,110139,344184,7659,64818,454323,0.8624202733485193,0.2424244425221703,0.9349819181989508,0.1584784426482022,0.5467301804235765,0.3850199520730754,1.0841372206716526,-0.0004284461930829,-0.0003893911729508,2157,5.8961387550090265,0.2165044042651831,0.4779786740843764,-0.0004213496771106,-0.0004213496771106,-0.0003180264326667,0.8913705811238467,-0.7070058514107878,0.0,0.286286648709066,1.2802917412853867,BTCUSDT,BAJA,v4_52_balanceado,52,0.1755959469483025,0.2090101947352364,0.0668284955738678,0.9349819181989508,0.9430647537620792,0.016165671126256775,0.2964608293871986,0.34074039073013695,0.08855912268587679,1.0841372206716526,1.1066475089134027,0.04502057648350033,2142,2149.5,15,0.1526610644257703,0.1845827343454767,0.06384333983941282,0.4779786740843764,0.48595478988999397,0.015952231611235212,-0.0004863818394243,-0.00045386575826745004,6.50321623137e-05,0.833648943431084,0.8625097622774653,0.05772163769276273,-0.7070058514107878,-0.6987308010034685,0.01655010081463837,0.2283721216089039,0.25732938515898496,0.057914527100162094,1.2802917412853867,1.374411570532333,0.18823965849389257
0.38,0.155510547233262,75005,337788,6383,104184,412793,0.7887362427392235,0.1817012400888581,0.9215732048950706,0.2357253400667915,0.578649272480931,0.3035527468680504,1.168417469564368,-0.0005753118111733,-0.0001248154514397,2127,5.830070485134927,0.1499764927127409,0.4908321579689704,-0.0005046670669906,-0.0005046670669906,-8.957822437594132e-05,0.8280690774470721,-0.6958948322730909,0.0,0.2283721216089039,1.4685313997792793,0.2236104783599088,108193,332174,9605,76828,440367,0.8359282460136674,0.2456882554778173,0.9184621131088812,0.1878426022366638,0.5531523576727726,0.3876738957118414,1.0987331956885025,-0.0004268180035364,-0.0003932489451476,2139,5.846935928124389,0.2262739597942964,0.4754558204768583,-0.0004223706166002,-0.0004223706166002,-0.0003505824161693,0.8927200469932551,-0.7058860839885912,0.0,0.286286648709066,1.2802917412853867,BTCUSDT,BAJA,v4_52_balanceado,52,0.1817012400888581,0.2136947477833377,0.0639870153889592,0.9184621131088812,0.9200176590019759,0.0031110917861894016,0.3035527468680504,0.34561332128994593,0.08412114884379102,1.0987331956885025,1.1335753326264353,0.06968427387586562,2127,2133.0,12,0.1499764927127409,0.18812522625351866,0.07629746708155549,0.4754558204768583,0.48314398922291435,0.015376337492112091,-0.0005046670669906,-0.0004635188417954,8.229645039039998e-05,0.8280690774470721,0.8603945622201636,0.06465096954618299,-0.7058860839885912,-0.700890458130841,0.009991251715500304,0.2283721216089039,0.25732938515898496,0.057914527100162094,1.2802917412853867,1.374411570532333,0.18823965849389257
0.39,0.155510547233262,71667,309379,9721,132593,381046,0.7280762763680831,0.188079654424925,0.880559787683688,0.3000031676214783,0.5902814776525831,0.3099555828507419,1.209433429250366,-0.0006096934860768,-0.0001274267856078,2103,5.764286897150329,0.1569186875891583,0.485021398002853,-0.0005135434496543,-0.0005135434496543,-0.0001672538646646,0.8297950525797801,-0.6980466182782294,0.0,0.2283721216089039,1.4685313997792793,0.2236104783599088,105892,319119,11906,89883,425011,0.8067786636294609,0.2491511984395698,0.8989286745106029,0.2197617615561782,0.5593452180333905,0.3901630223522454,1.1142196925072188,-0.0004308891479473,-0.0003980485450281,2124,5.805933572387191,0.2311676082862523,0.4821092278719397,-0.0004210026285837,-0.0004210026285837,-0.0002837376754768,0.894295267243338,-0.7004582132658612,0.0,0.286286648709066,1.2802917412853867,BTCUSDT,BAJA,v4_52_balanceado,52,0.188079654424925,0.2186154264322474,0.06107154401464479,0.880559787683688,0.8897442310971455,0.018368886826914843,0.3099555828507419,0.35005930260149365,0.08020743950150355,1.1142196925072188,1.1618265608787923,0.09521373674314715,2103,2113.5,21,0.1569186875891583,0.1940431479377053,0.07424892069709399,0.4821092278719397,0.48356531293739635,0.002912170130913272,-0.0005135434496543,-0.00046727303911899996,9.254082107060002e-05,0.8297950525797801,0.8620451599115591,0.06450021466355782,-0.7004582132658612,-0.6992524157720453,0.002411594987631771,0.2283721216089039,0.25732938515898496,0.057914527100162094,1.2802917412853867,1.374411570532333,0.18823965849389257
0.4,0.155510547233262,67504,279419,13884,162553,346923,0.662876413940691,0.1945792005718848,0.8294097409937583,0.3677902672567493,0.5986000041252538,0.3152102094039144,1.2512283188099185,-0.0006677130437704,-0.0001448486438491,2067,5.665611515173434,0.1615868408321238,0.4949201741654572,-0.0005017091897507,-0.0005017091897507,-9.678346392161252e-05,0.8344734655162118,-0.6880871837662142,0.0,0.2283721216089039,1.4685313997792793,0.2236104783599088,103257,304731,14541,104271,407988,0.7744646924829157,0.253088326127239,0.8765598736820659,0.2549400736426717,0.5657499736623688,0.3927719642592233,1.131826772982814,-0.0004264505859491,-0.0003975761502732,2104,5.751263764737595,0.2328897338403041,0.4743346007604562,-0.0004488511903874,-0.0004488511903874,-0.0003377636155185,0.8880691021104035,-0.7130664796891535,0.0,0.286286648709066,1.2802917412853867,BTCUSDT,BAJA,v4_52_balanceado,52,0.1945792005718848,0.2238337633495619,0.05850912555535423,0.8294097409937583,0.852984807337912,0.04715013268830759,0.3152102094039144,0.3539910868315689,0.07756175485530886,1.131826772982814,1.1915275458963661,0.1194015458271045,2067,2085.5,37,0.1615868408321238,0.19723828733621396,0.0713028930081803,0.4743346007604562,0.4846273874629567,0.020585573405001,-0.0005017091897507,-0.00047528019006905003,5.285799936329997e-05,0.8344734655162118,0.8612712838133076,0.05359563659419164,-0.7130664796891535,-0.7005768317276839,0.024979295922939238,0.2283721216089039,0.25732938515898496,0.057914527100162094,1.2802917412853867,1.374411570532333,0.18823965849389257
0.41,0.155510547233262,62626,248875,18762,193097,311501,0.5951945123815346,0.2010459035444509,0.769474615422421,0.4368987175658186,0.6031866664941199,0.3187974211545754,1.2928120125697131,-0.0007382926085716,-0.0001704998008762,2023,5.545008270535006,0.1596638655462184,0.4938210578348986,-0.0005152563893126,-0.0005152563893126,-7.007293708349849e-05,0.829334488901428,-0.6850469027361702,0.0,0.2283721216089039,1.4685313997792793,0.2236104783599088,100125,289072,17673,119930,389197,0.738794608959757,0.2572604619254516,0.8499719859420364,0.2932259499953545,0.5715989679686955,0.3949743094113354,1.1504848243801078,-0.0004213291957434,-0.000390701065263,2083,5.693860466705518,0.2357177148343735,0.4728756601056169,-0.0004392562754784,-0.0004392562754784,-0.0004322397667233,0.8908114870613784,-0.7062370027757785,0.0,0.286286648709066,1.2802917412853867,BTCUSDT,BAJA,v4_52_balanceado,52,0.2010459035444509,0.22915318273495125,0.0562145583810007,0.769474615422421,0.8097233006822286,0.08049737051961536,0.3187974211545754,0.3568858652829554,0.07617688825676,1.1504848243801078,1.2216484184749103,0.14232718818960532,2023,2053.0,60,0.1596638655462184,0.19769079019029595,0.07605384928815512,0.4728756601056169,0.48334835897025774,0.020945397729281723,-0.0005152563893126,-0.0004772563323955,7.600011383420005e-05,0.829334488901428,0.8600729879814032,0.061476998159950336,-0.7062370027757785,-0.6956419527559743,0.021190100039608306,0.2283721216089039,0.25732938515898496,0.057914527100162094,1.2802917412853867,1.374411570532333,0.18823965849389257
0.42,0.155510547233262,57389,219150,23999,222822,276539,0.5283915469275451,0.2075258824252637,0.7051285201749644,0.5041541093100921,0.6046413147425282,0.3206743274466581,1.3344810761547896,-0.0008121930666897,-0.0001901492280722,1977,5.418923060231195,0.1573090541224077,0.4992412746585736,-0.0005193850742587,-0.0005193850742587,-1.7692457901841152e-05,0.8310521518050136,-0.6868374054077914,0.0,0.2283721216089039,1.4685313997792793,0.2236104783599088,96426,272297,21372,136705,368723,0.6999297646165528,0.2615133853868622,0.8185707736973463,0.3342404193622525,0.5764055965297994,0.3963898783402978,1.16950416324385,-0.000421547829953,-0.0003891388636689,2063,5.639190659055921,0.2273388269510421,0.4648570043625787,-0.0004492295906875,-0.0004492295906875,-0.0005150058969034,0.8884241563180734,-0.71222399337591,0.0,0.286286648709066,1.2802917412853867,BTCUSDT,BAJA,v4_52_balanceado,52,0.2075258824252637,0.23451963390606295,0.05398750296159849,0.7051285201749644,0.7618496469361553,0.11344225352238191,0.3206743274466581,0.3585321028934779,0.07571555089363974,1.16950416324385,1.2519926196993199,0.16497691291093952,1977,2020.0,86,0.1573090541224077,0.1923239405367249,0.0700297728286344,0.4648570043625787,0.48204913951057615,0.03438427029599489,-0.0005193850742587,-0.0004843073324731,7.015548357120003e-05,0.8310521518050136,0.8597381540615434,0.05737200451305979,-0.71222399337591,-0.6995306993918506,0.025386587968118657,0.2283721216089039,0.25732938515898496,0.057914527100162094,1.2802917412853867,1.374411570532333,0.18823965849389257
0.43,0.155510547233262,51969,190727,29419,251245,242696,0.4637266890859065,0.2141320829350298,0.6385339362068119,0.5684636130795616,0.6034987746431868,0.3207131484429962,1.376961799342375,-0.0008786224844344,-0.0002184720901379,1930,5.290096867094691,0.1601036269430051,0.4974093264248704,-0.000567745036767,-0.000567745036767,-2.955341047949922e-05,0.8213620553669109,-0.7056989845860353,0.0,0.2283721216089039,1.4685313997792793,0.2236104783599088,92162,255159,25636,153843,347321,0.6593033409263478,0.2653510729267738,0.7823732151649434,0.3761424149515161,0.5792578150582297,0.3962942816784521,1.1866665411791748,-0.0004333388853112,-0.0003981917410347,2038,5.570853399493925,0.2384690873405299,0.4612365063788027,-0.0004252044137142,-0.0004252044137142,-0.0005484392161368,0.8937243936641049,-0.6947025766802712,0.0,0.286286648709066,1.2802917412853867,BTCUSDT,BAJA,v4_52_balanceado,52,0.2141320829350298,0.23974157793090178,0.051218989991743985,0.6385339362068119,0.7104535756858776,0.14383927895813153,0.3207131484429962,0.35850371506072415,0.0755811332354559,1.1866665411791748,1.281814170260775,0.19029525816320025,1930,1984.0,108,0.1601036269430051,0.1992863571417675,0.07836546039752482,0.4612365063788027,0.47932291640183655,0.0361728200460677,-0.000567745036767,-0.0004964747252406,0.00014254062305279997,0.8213620553669109,0.8575432245155079,0.07236233829719407,-0.7056989845860353,-0.7002007806331533,0.01099640790576406,0.2283721216089039,0.25732938515898496,0.057914527100162094,1.2802917412853867,1.374411570532333,0.18823965849389257
0.44,0.155510547233262,46789,164257,34599,277715,211046,0.4032520635891164,0.221700482359296,0.5748881899051457,0.6283542848868254,0.6016212373959855,0.3199969907739866,1.425629877224667,-0.0009296802669761,-0.0002303785316241,1873,5.133860845631273,0.1580352375867592,0.4970635344367325,-0.0006186300860489,-0.0006186300860489,-5.3759366356320726e-05,0.8082891816244271,-0.7216960559347421,0.0,0.2283721216089039,1.4685313997792793,0.2236104783599088,87747,237832,30051,171170,325579,0.618031511009871,0.2695106256853175,0.7448938012529924,0.4185065109706065,0.5817001561117995,0.3958121418115959,1.205268320438592,-0.0004358822297173,-0.0004037642752823,2006,5.48338170725457,0.2362911266201395,0.4770687936191425,-0.0004490124570904,-0.0004490124570904,-0.0004153984073298,0.8899089590150504,-0.7102705873556294,0.0,0.286286648709066,1.2802917412853867,BTCUSDT,BAJA,v4_52_balanceado,52,0.221700482359296,0.24560555402230672,0.04781014332602149,0.5748881899051457,0.659890995579069,0.17000561134784675,0.3199969907739866,0.3579045662927912,0.07581515103760933,1.205268320438592,1.3154490988316294,0.22036155678607505,1873,1939.5,133,0.1580352375867592,0.19716318210344935,0.07825588903338032,0.4770687936191425,0.4870661640279375,0.019994740817590007,-0.0006186300860489,-0.00053382127156965,0.00016961762895849997,0.8082891816244271,0.8490990703197387,0.08161977739062332,-0.7216960559347421,-0.7159833216451857,0.011425468579112641,0.2283721216089039,0.25732938515898496,0.057914527100162094,1.2802917412853867,1.374411570532333,0.18823965849389257
0.45,0.155510547233262,41473,140229,39915,301743,181702,0.34718358300214,0.2282473500566862,0.5095714355924706,0.6827197198012543,0.5961455776968625,0.315276141244441,1.46772906479662,-0.0010206981555445,-0.0002549015090522,1814,4.972142858502472,0.1626240352811466,0.4928335170893054,-0.0006653743125306,-0.0006653743125306,-9.458271202056334e-05,0.7974876750254944,-0.7368931664598073,0.0,0.2283721216089039,1.4685313997792793,0.2236104783599088,83071,220970,34727,188032,304041,0.5771469248291572,0.2732230192638493,0.7051987300293723,0.4597336932337739,0.5824662116315731,0.3938516827510021,1.2218703759672982,-0.0004528622544237,-0.0004151034020984,1979,5.4095774669276135,0.236988377968671,0.4855987872662961,-0.0004460257473498,-0.0004460257473498,-0.0003194715721439,0.8906298240305325,-0.7010932481188819,0.0,0.286286648709066,1.2802917412853867,BTCUSDT,BAJA,v4_52_balanceado,52,0.2282473500566862,0.25073518466026773,0.04497566920716309,0.5095714355924706,0.6073850828109215,0.19562729443690163,0.315276141244441,0.3545639119977215,0.0785755415065611,1.2218703759672982,1.344799720381959,0.24585868882932171,1814,1896.5,165,0.1626240352811466,0.1998062066249088,0.0743643426875244,0.4855987872662961,0.48921615217780073,0.007234729823009323,-0.0006653743125306,-0.0005557000299402,0.00021934856518079996,0.7974876750254944,0.8440587495280134,0.09314214900503803,-0.7368931664598073,-0.7189932072893446,0.03579991834092544,0.2283721216089039,0.25732938515898496,0.057914527100162094,1.2802917412853867,1.374411570532333,0.18823965849389257
0.46,0.155510547233262,36352,118467,45036,323505,154819,0.295817410577805,0.2348032218267783,0.4466506118838158,0.7319581330944042,0.5893043724891099,0.3077978214024139,1.509886152445849,-0.0011534797105797,-0.0003029497576623,1747,4.788497008712138,0.164281625643961,0.4842587292501431,-0.000699445712179,-0.000699445712179,-0.000165152498903,0.790885115320817,-0.7357894827112929,0.0,0.2283721216089039,1.4685313997792793,0.2236104783599088,78231,204479,39567,204523,282710,0.5366552771450266,0.2767181917866365,0.6641114450160445,0.5000537894680221,0.5820826172420333,0.3906588632436805,1.2375010053922826,-0.0004731487805535,-0.0004325649468894,1945,5.316638793923299,0.2272493573264781,0.4760925449871465,-0.0004685422117592,-0.0004685422117592,-0.0004059262587987,0.8848555815048083,-0.7057566423446477,0.0,0.286286648709066,1.2802917412853867,BTCUSDT,BAJA,v4_52_balanceado,52,0.2348032218267783,0.25576070680670737,0.04191496995985819,0.4466506118838158,0.5553810284499301,0.2174608331322287,0.3077978214024139,0.3492283423230472,0.08286104184126658,1.2375010053922826,1.3736935789190658,0.2723851470535663,1747,1846.0,198,0.164281625643961,0.19576549148521954,0.0629677316825171,0.4760925449871465,0.4801756371186448,0.008166184262996645,-0.000699445712179,-0.0005839939619691,0.00023090350041980008,0.790885115320817,0.8378703484128126,0.0939704661839913,-0.7357894827112929,-0.7207730625279702,0.030032840366645108,0.2283721216089039,0.25732938515898496,0.057914527100162094,1.2802917412853867,1.374411570532333,0.18823965849389257
0.47,0.155510547233262,31414,98988,49974,342984,130402,0.2491630999694283,0.2409012131715771,0.3859782768958569,0.7760310607911813,0.5810046688435191,0.2966523443033193,1.5490988711539369,-0.0013115513608927,-0.0003549488043214,1675,4.591146244758346,0.1731343283582089,0.4823880597014925,-0.0007721230599881,-0.0007721230599881,-0.0001900628791358,0.7800833800259247,-0.7496079189675029,0.0,0.2283721216089039,1.4685313997792793,0.2236104783599088,73278,188383,44520,220619,261661,0.4966989369779802,0.2800493768654862,0.6220648907451739,0.5394081202536907,0.5807365054994322,0.3862235445726679,1.2523982727443437,-0.0005065667126,-0.0004570364852272,1913,5.229167101683944,0.2347098797699947,0.4777835859905907,-0.0004648108267462,-0.0004648108267462,-0.0003681729482387,0.8874627848487309,-0.6963717088003913,0.0,0.286286648709066,1.2802917412853867,BTCUSDT,BAJA,v4_52_balanceado,52,0.2409012131715771,0.2604752950185316,0.03914816369390911,0.3859782768958569,0.5040215838205154,0.236086613849317,0.2966523443033193,0.3414379444379936,0.08957120026934856,1.2523982727443437,1.4007485719491402,0.2967005984095932,1675,1794.0,238,0.1731343283582089,0.2039221040641018,0.06157555141178578,0.4777835859905907,0.4800858228460416,0.004604473710901835,-0.0007721230599881,-0.00061846694336715,0.0003073122332419,0.7800833800259247,0.8337730824373277,0.10737940482280617,-0.7496079189675029,-0.7229898138839471,0.05323621016711155,0.2283721216089039,0.25732938515898496,0.057914527100162094,1.2802917412853867,1.374411570532333,0.18823965849389257
0.48,0.155510547233262,26866,82458,54522,359514,109324,0.2088887190461632,0.2457465881233763,0.3300978031159384,0.8134316201026309,0.5717647116092847,0.2817442006795587,1.5802567253188464,-0.0014762231690239,-0.0004127139505203,1618,4.434910223294928,0.1786155747836835,0.4833127317676143,-0.0007389553048521,-0.0007389553048521,-0.0002276518566017,0.7930806861436733,-0.7291081338693759,0.0,0.2283721216089039,1.4685313997792793,0.2236104783599088,68419,173002,49379,236000,241421,0.4582782839787395,0.2834011954221049,0.5808163126708433,0.577014293328639,0.5789153029997411,0.3809319662935423,1.2673878142953607,-0.0005435429994522,-0.0004745929831297,1881,5.141695409444589,0.2503987240829346,0.4758107389686337,-0.0004528180236876,-0.0004528180236876,-0.0002859174630038,0.8927668009841996,-0.6828426195367999,0.0,0.286286648709066,1.2802917412853867,BTCUSDT,BAJA,v4_52_balanceado,52,0.2457465881233763,0.2645738917727406,0.037654607298728604,0.3300978031159384,0.45545705789339086,0.25071850955490493,0.2817442006795587,0.33133808348655047,0.09918776561398363,1.2673878142953607,1.4238222698071037,0.3128689110234857,1618,1749.5,263,0.1786155747836835,0.21450714943330906,0.07178314929925111,0.4758107389686337,0.47956173536812396,0.007501992798980617,-0.0007389553048521,-0.00059588666426985,0.00028613728116449994,0.7930806861436733,0.8429237435639365,0.09968611484052625,-0.7291081338693759,-0.7059753767030879,0.046265514332575974,0.2283721216089039,0.25732938515898496,0.057914527100162094,1.2802917412853867,1.374411570532333,0.18823965849389257
0.49,0.155510547233262,22882,68735,58506,373237,91617,0.1750554111892387,0.2497571411419278,0.2811470978522632,0.8444810983501218,0.5628140981011924,0.2645241467009624,1.6060463138059584,-0.0016382513770321,-0.0005035220090094,1548,4.24304142500652,0.1698966408268734,0.4903100775193798,-0.0007757622909808,-0.0007757622909808,-8.10004559872457e-05,0.784136153617995,-0.7335738594320311,0.0,0.2283721216089039,1.4685313997792793,0.2236104783599088,63503,158254,54295,250748,221757,0.4209510250569476,0.2863630009424731,0.5390838554135045,0.6130727967100406,0.5760783260617726,0.3740366067352858,1.2806331932332875,-0.0005983642549366,-0.0005065075167038,1849,5.054223717205234,0.2563547863710113,0.4770146024878313,-0.0004155385140201,-0.0004155385140201,-0.0002954880020866,0.9021717372349268,-0.6833340952439886,0.0,0.286286648709066,1.2802917412853867,BTCUSDT,BAJA,v4_52_balanceado,52,0.2497571411419278,0.2680600710422004,0.03660585980054529,0.2811470978522632,0.41011547663288384,0.25793675756124124,0.2645241467009624,0.31928037671812415,0.10951246003432341,1.2806331932332875,1.443339753519623,0.3254131205726709,1548,1698.5,301,0.1698966408268734,0.21312571359894233,0.08645814554413789,0.4770146024878313,0.48366234000360553,0.013295475031548543,-0.0007757622909808,-0.00059565040250045,0.00036022377696070005,0.784136153617995,0.8431539454264609,0.11803558361693178,-0.7335738594320311,-0.7084539773380099,0.050239764188042546,0.2283721216089039,0.25732938515898496,0.057914527100162094,1.2802917412853867,1.374411570532333,0.18823965849389257
0.5,0.155510547233262,19498,57669,61890,384303,77167,0.1474453531030266,0.252672774631643,0.2395684867548041,0.8695188835491842,0.5545436851519941,0.2459462016335026,1.6247950967122513,-0.0017349363502448,-0.0005854851601942,1479,4.053913609550802,0.1825557809330628,0.4983096686950642,-0.000748835654125,-0.000748835654125,-1.4137212961617962e-05,0.7951945458012953,-0.6983266191617077,0.0,0.2283721216089039,1.4685313997792793,0.2236104783599088,58758,143996,59040,265006,202754,0.3848785117691723,0.2897994614162976,0.4988030357051902,0.6479332619400394,0.5733681488226148,0.3666051061918191,1.296001258714966,-0.0006302896699957,-0.0005271891989964,1802,4.925749669228681,0.2552719200887902,0.4739178690344062,-0.0004287838219072,-0.0004287838219072,-0.0004538382557122,0.8998450174560129,-0.67897372722358,0.0,0.286286648709066,1.2802917412853867,BTCUSDT,BAJA,v4_52_balanceado,52,0.252672774631643,0.2712361180239703,0.03712668678465458,0.2395684867548041,0.36918576122999713,0.2592345489503861,0.2459462016335026,0.3062756539126608,0.12065890455831649,1.296001258714966,1.4603981777136088,0.32879383799728523,1479,1640.5,323,0.1825557809330628,0.2189138505109265,0.07271613915572739,0.4739178690344062,0.48611376886473523,0.02439179966065802,-0.000748835654125,-0.0005888097380161,0.00032005183221780006,0.7951945458012953,0.8475197816286542,0.10465047165471753,-0.6983266191617077,-0.6886501731926438,0.019352891938127725,0.2283721216089039,0.25732938515898496,0.057914527100162094,1.2802917412853867,1.374411570532333,0.18823965849389257
0.51,0.155510547233262,16544,48385,64844,393587,64929,0.1240618312442678,0.2548013984506153,0.2032732098097999,0.8905247391237454,0.5468989744667727,0.2261391362589446,1.6384830674437758,-0.0017898458925835,-0.0006519737590298,1406,3.85382186276432,0.1927453769559032,0.4985775248933143,-0.000686584501946,-0.000686584501946,-1.6209199058203616e-05,0.8153640830415783,-0.6716880394495475,0.0,0.2283721216089039,1.4685313997792793,0.2236104783599088,54430,130700,63368,278302,185130,0.3514236902050114,0.2940096148652298,0.4620621742304623,0.6804416604319783,0.5712519173312203,0.3593593197063328,1.314829327416451,-0.0006550888988115,-0.0005288025458644,1756,4.800009111634608,0.2665148063781321,0.4857630979498861,-0.0003707972497852,-0.0003707972497852,-0.0002318930751946,0.9136484560567304,-0.639067526177456,0.0,0.286286648709066,1.2802917412853867,BTCUSDT,BAJA,v4_52_balanceado,52,0.2548013984506153,0.2744055066579225,0.03920821641461453,0.2032732098097999,0.33266769202013113,0.2587889644206624,0.2261391362589446,0.2927492279826387,0.13322018344738817,1.314829327416451,1.4766561974301133,0.3236537400273247,1406,1581.0,350,0.1927453769559032,0.22963009166701764,0.07376942942222886,0.4857630979498861,0.49217031142160017,0.012814426943428214,-0.000686584501946,-0.0005286908758655999,0.00031578725216080004,0.8153640830415783,0.8645062695491543,0.09828437301515214,-0.6716880394495475,-0.6553777828135017,0.03262051327209148,0.2283721216089039,0.25732938515898496,0.057914527100162094,1.2802917412853867,1.374411570532333,0.18823965849389257
0.52,0.155510547233262,14109,40708,67279,401264,54817,0.1047405227759095,0.2573836583541602,0.1733547943185727,0.907894617758591,0.5406247060385819,0.2071730112697771,1.6550881141720315,-0.0018471892950455,-0.0007254521328463,1360,3.727736652460508,0.1992647058823529,0.4963235294117647,-0.0007026891656612,-0.0007026891656612,-5.992618288186424e-05,0.8151040989452989,-0.659118271485807,0.0,0.2283721216089039,1.4685313997792793,0.2236104783599088,50178,118370,67620,290632,168548,0.3199468488990129,0.2977074779884662,0.4259664849997453,0.7105882122825805,0.568277348641163,0.3504711083793732,1.3313664018431892,-0.0006924421138403,-0.0005283304914447,1702,4.652400630980697,0.2755581668625146,0.4894242068155112,-0.0003416360471927,-0.0003416360471927,-0.0001715343096312,0.9208994444694976,-0.6145647593119277,0.0,0.286286648709066,1.2802917412853867,BTCUSDT,BAJA,v4_52_balanceado,52,0.2573836583541602,0.2775455681713132,0.04032381963430598,0.1733547943185727,0.299660639659159,0.2526116906811726,0.2071730112697771,0.27882205982457514,0.14329809710959607,1.3313664018431892,1.4932272580076105,0.3237217123288423,1360,1531.0,342,0.1992647058823529,0.23741143637243375,0.07629346098016171,0.4894242068155112,0.492873868113638,0.006899322596253532,-0.0007026891656612,-0.00052216260642695,0.0003610531184685,0.8151040989452989,0.8680017717073982,0.10579534552419867,-0.659118271485807,-0.6368415153988674,0.04455351217387937,0.2283721216089039,0.25732938515898496,0.057914527100162094,1.2802917412853867,1.374411570532333,0.18823965849389257
0.53,0.155510547233262,12067,34395,69321,407577,46462,0.088776368083155,0.259717618699152,0.1482651005062171,0.9221783280388804,0.5352217142725487,0.1887680876026593,1.6700964874722095,-0.0018696169534483,-0.0007696508849183,1294,3.546831785502866,0.1939721792890262,0.4837712519319938,-0.0007947000940937,-0.0007947000940937,-0.0002769875851706,0.7958015496038842,-0.6848870360776557,0.0,0.2283721216089039,1.4685313997792793,0.2236104783599088,46107,107108,71691,301894,153215,0.29084092634776,0.3009300655940998,0.3914073244027912,0.7381235299582887,0.56476542718054,0.340256740451565,1.345778014524625,-0.0007327481775615,-0.0005302917771565,1654,4.521193092621664,0.2660217654171705,0.4848851269649335,-0.0004101436066419,-0.0004101436066419,-0.000236141784545,0.9052284456873636,-0.6330709576728282,0.0,0.286286648709066,1.2802917412853867,BTCUSDT,BAJA,v4_52_balanceado,52,0.259717618699152,0.28032384214662587,0.041212446894947796,0.1482651005062171,0.2698362124545042,0.24314222389657408,0.1887680876026593,0.2645124140271122,0.1514886528489057,1.345778014524625,1.5079372509984172,0.32431847294758454,1294,1474.0,360,0.1939721792890262,0.22999697235309835,0.0720495861281443,0.4837712519319938,0.4843281894484637,0.0011138750329397484,-0.0007947000940937,-0.0006024218503678,0.00038455648745180004,0.7958015496038842,0.8505149976456239,0.10942689608347944,-0.6848870360776557,-0.658978996875242,0.05181607840482749,0.2283721216089039,0.25732938515898496,0.057914527100162094,1.2802917412853867,1.374411570532333,0.18823965849389257
0.54,0.155510547233262,10304,29116,71084,412856,39420,0.0753210027514521,0.2613901572805682,0.126603430481152,0.93412252359878,0.530362977039966,0.1705847294881133,1.6808516330952743,-0.0019444323132202,-0.0007989988661335,1231,3.374149867043298,0.2014622258326563,0.471161657189277,-0.0008507461745431,-0.0008507461745431,-0.0004554826373299,0.7833628013124005,-0.6799375481123647,0.0,0.2283721216089039,1.4685313997792793,0.2236104783599088,42142,96621,75656,312381,138763,0.2634073652239939,0.3036976715695106,0.3577480093040628,0.7637639913741253,0.5607560003390941,0.3285144663452356,1.358154920990324,-0.0007614340808307,-0.0005399775205174,1605,4.387252063880152,0.2716510903426791,0.4841121495327102,-0.0003609321831287,-0.0003609321831287,-0.0002984455271282,0.9170390270822728,-0.5932617309373591,0.0,0.286286648709066,1.2802917412853867,BTCUSDT,BAJA,v4_52_balanceado,52,0.2613901572805682,0.2825439144250394,0.042307514288942416,0.126603430481152,0.2421757198926074,0.2311445788229108,0.1705847294881133,0.24954959791667447,0.15792973685712233,1.358154920990324,1.5195032770427992,0.3226967121049502,1231,1418.0,374,0.2014622258326563,0.23655665808766768,0.07018886451002279,0.471161657189277,0.4776369033609936,0.012950492343433206,-0.0008507461745431,-0.0006058391788359,0.0004898139914144,0.7833628013124005,0.8502009141973367,0.13367622576987226,-0.6799375481123647,-0.6365996395248619,0.08667581717500561,0.2283721216089039,0.25732938515898496,0.057914527100162094,1.2802917412853867,1.374411570532333,0.18823965849389257
0.55,0.155510547233262,8867,24501,72521,417471,33368,0.0637572607765209,0.2657336370175018,0.1089472649530643,0.9445643615432652,0.5267558132481648,0.1545365819652131,1.7087820842074968,-0.001982735952707,-0.0008209771379518,1179,3.2316187597433377,0.2078032230703986,0.4809160305343511,-0.0008470524906378,-0.0008470524906378,-0.0003953598804125,0.7887274203294183,-0.6618677126301723,0.0,0.2283721216089039,1.4685313997792793,0.2236104783599088,38225,86776,79573,322226,125001,0.2372835990888382,0.305797553619571,0.3244961714120783,0.7878347783140425,0.5561654748630604,0.3148695011099716,1.3675457244332674,-0.0008361469004969,-0.0005833279605147,1566,4.2806459389634375,0.2739463601532567,0.4725415070242657,-0.0004223646949065,-0.0004223646949065,-0.0004167994802011,0.905033554434342,-0.6347650239604429,0.0,0.286286648709066,1.2802917412853867,BTCUSDT,BAJA,v4_52_balanceado,52,0.2657336370175018,0.2857655953185364,0.040063916602069205,0.1089472649530643,0.2167217181825713,0.21554890645901403,0.1545365819652131,0.23470304153759236,0.16033291914475847,1.3675457244332674,1.538163904320382,0.3412363597742294,1179,1372.5,387,0.2078032230703986,0.24087479161182765,0.06614313708285807,0.4725415070242657,0.47672876877930837,0.008374523510085441,-0.0008470524906378,-0.00063470859277215,0.00042468779573129995,0.7887274203294183,0.8468804873818802,0.11630613410492363,-0.6618677126301723,-0.6483163682953076,0.027102688669729424,0.2283721216089039,0.25732938515898496,0.057914527100162094,1.2802917412853867,1.374411570532333,0.18823965849389257
0.56,0.155510547233262,7683,20748,73705,421224,28431,0.054323983491287,0.270233196159122,0.0943996657983978,0.9530558496918357,0.5237277577451167,0.1399211429716169,1.7377161933188938,-0.0019890364164728,-0.0008456013779207,1130,3.0973106009414515,0.2079646017699115,0.4902654867256637,-0.0007335575673986,-0.0007335575673986,-0.0002020078452394,0.8164292258107575,-0.6126003908177964,0.0,0.2283721216089039,1.4685313997792793,0.2236104783599088,34536,77812,83262,331190,112348,0.2132649962034928,0.3074020009256951,0.2931798502521265,0.809751541557254,0.5514656959046903,0.3001225309151582,1.3747209128139375,-0.0009188768977891,-0.0006269353230768,1522,4.160372362134325,0.2706964520367937,0.4783180026281209,-0.0004715925528156,-0.0004715925528156,-0.0004155500845708,0.8952369270994862,-0.6486690368264892,0.0,0.286286648709066,1.2802917412853867,BTCUSDT,BAJA,v4_52_balanceado,52,0.270233196159122,0.2888175985424085,0.03716880476657308,0.0943996657983978,0.19378975802526216,0.1987801844537287,0.1399211429716169,0.22002183694338756,0.16020138794354133,1.3747209128139375,1.5562185530664157,0.36299528050495633,1130,1326.0,392,0.2079646017699115,0.2393305269033526,0.06273185026688222,0.4783180026281209,0.4842917446768923,0.011947484097542815,-0.0007335575673986,-0.0006025750601071,0.000261965014583,0.8164292258107575,0.8558330764551219,0.07880770128872872,-0.6486690368264892,-0.6306347138221429,0.03606864600869286,0.2283721216089039,0.25732938515898496,0.057914527100162094,1.2802917412853867,1.374411570532333,0.18823965849389257
0.57,0.155510547233262,6617,17692,74771,424280,24309,0.0464479516967288,0.2722037105598749,0.0813019118297537,0.9599703148615748,0.5206361133456643,0.1252069595163533,1.7503874521872531,-0.0021174634934834,-0.0009446773999692,1078,2.954779493641491,0.2198515769944341,0.4953617810760667,-0.0007221369143074,-0.0007221369143074,-4.945435112790886e-05,0.8233098821262114,-0.6045855106626091,0.0,0.2283721216089039,1.4685313997792793,0.2236104783599088,31247,69610,86551,339392,100857,0.1914521640091116,0.3098148864233518,0.265259172481706,0.8298052332262434,0.5475322028539747,0.2858109807687911,1.3855114871884222,-0.0009717463479049,-0.0006671113251905,1485,4.0592332179825705,0.2707070707070707,0.4861952861952862,-0.0003512114488425,-0.0003512114488425,-0.0002681340610499,0.920358514249402,-0.5892448090415854,0.0,0.286286648709066,1.2802917412853867,BTCUSDT,BAJA,v4_52_balanceado,52,0.2722037105598749,0.2910092984916134,0.0376111758634769,0.0813019118297537,0.17328054215572986,0.18395726065195228,0.1252069595163533,0.2055089701425722,0.16060402125243778,1.3855114871884222,1.5679494696878375,0.3648759649988309,1078,1281.5,407,0.2198515769944341,0.2452793238507524,0.05085549371263656,0.4861952861952862,0.4907785336356765,0.009166494880780529,-0.0007221369143074,-0.00053667418157495,0.00037092546546490005,0.8233098821262114,0.8718341981878066,0.09704863212319059,-0.6045855106626091,-0.5969151598520972,0.015340701621023745,0.2283721216089039,0.25732938515898496,0.057914527100162094,1.2802917412853867,1.374411570532333,0.18823965849389257
0.58,0.155510547233262,5738,15192,75650,426780,20930,0.039991592785081,0.2741519350215002,0.0705017938762471,0.9656267817870816,0.5180642878316644,0.1121601282276823,1.762915377117663,-0.002235134153204,-0.0010431469643933,1028,2.817730352006913,0.2227626459143969,0.4970817120622568,-0.0008080520942629,-0.0008080520942629,-4.945435112790886e-05,0.8076774035544971,-0.6299233363997345,0.0,0.2283721216089039,1.4685313997792793,0.2236104783599088,28126,62119,89672,346883,90245,0.1713078967350038,0.3116626959942379,0.2387646649348885,0.8481205470877893,0.5434426060113389,0.2703864105016751,1.3937750067892878,-0.0010397254829045,-0.0007366156928607,1434,3.919825208476098,0.2691771269177127,0.4811715481171548,-0.0002963425062275,-0.0002963425062275,-0.0003456252396264,0.9339213831687736,-0.5558270678961676,0.0,0.286286648709066,1.2802917412853867,BTCUSDT,BAJA,v4_52_balanceado,52,0.2741519350215002,0.2929073155078691,0.0375107609727377,0.0705017938762471,0.15463322940556778,0.1682628710586414,0.1121601282276823,0.1912732693646787,0.15822628227399282,1.3937750067892878,1.5783451919534754,0.3691403703283753,1028,1231.0,406,0.2227626459143969,0.24596988641605477,0.04641448100331577,0.4811715481171548,0.4891266300897058,0.01591016394510203,-0.0008080520942629,-0.0005521973002451999,0.0005117095880353999,0.8076774035544971,0.8707993933616354,0.12624397961427647,-0.6299233363997345,-0.5928752021479511,0.07409626850356688,0.2283721216089039,0.25732938515898496,0.057914527100162094,1.2802917412853867,1.374411570532333,0.18823965849389257
0.59,0.155510547233262,5027,13088,76361,428884,18115,0.034612885967594,0.277504830251173,0.0617658622892809,0.9703872643515878,0.5160765633204344,0.1010421796327748,1.784475941911018,-0.0022888171389335,-0.0011235320629272,982,2.691645141703102,0.2281059063136456,0.4969450101832994,-0.000801778652783,-0.000801778652783,-3.615894030273292e-05,0.8118750026980474,-0.6049182592652327,0.0,0.2283721216089039,1.4685313997792793,0.2236104783599088,25173,55389,92625,353613,80562,0.1529271070615034,0.3124674163997915,0.2136963276116742,0.8645752343509323,0.5391357809813033,0.2538112522686025,1.3973737666124226,-0.0011294104809071,-0.0008082127020831,1370,3.744881823997388,0.2737226277372263,0.491970802919708,-0.0003478315520657,-0.0003478315520657,-0.0001551127606503,0.9241256626269332,-0.5743103647377001,0.0,0.286286648709066,1.2802917412853867,BTCUSDT,BAJA,v4_52_balanceado,52,0.277504830251173,0.29498612332548224,0.03496258614861847,0.0617658622892809,0.13773109495047756,0.1519304653223933,0.1010421796327748,0.17742671595068865,0.15276907263582773,1.3973737666124226,1.5909248542617203,0.3871021752985955,982,1176.0,388,0.2281059063136456,0.25091426702543596,0.04561672142358067,0.491970802919708,0.4944579065515037,0.004974207263591379,-0.000801778652783,-0.00057480510242435,0.0004539471007173,0.8118750026980474,0.8680003326624903,0.11225065992888583,-0.6049182592652327,-0.5896143120014664,0.030607894527532542,0.2283721216089039,0.25732938515898496,0.057914527100162094,1.2802917412853867,1.374411570532333,0.18823965849389257
0.6,0.155510547233262,4495,11369,76893,430603,15864,0.0303118312442678,0.2833459404942007,0.0552292721285693,0.9742766510095662,0.5147529615690678,0.0924402582980298,1.8220368041608697,-0.0022834942301415,-0.0011042589218326,945,2.5902287768935146,0.2275132275132275,0.508994708994709,-0.0007590832304227,-0.0007590832304227,0.0002354084318829,0.819614631597827,-0.5743382153440704,0.0,0.2283721216089039,1.4685313997792793,0.2236104783599088,22446,49383,95352,359619,71829,0.1363496583143508,0.3124921689011402,0.190546528803545,0.8792597591209823,0.5349031439622637,0.2367384391463241,1.3974844613416244,-0.0012251422582919,-0.0008936971813549,1317,3.6000068337259563,0.2718299164768413,0.4821564160971905,-0.0003525065928084,-0.0003525065928084,-0.0003891388636689,0.9243947195306124,-0.5691197941044299,0.0,0.286286648709066,1.2802917412853867,BTCUSDT,BAJA,v4_52_balanceado,52,0.2833459404942007,0.29791905469767044,0.02914622840693948,0.0552292721285693,0.12288790046605715,0.1353172566749757,0.0924402582980298,0.16458934872217695,0.14429818084829427,1.3974844613416244,1.609760632751247,0.42455234281924525,945,1131.0,372,0.2275132275132275,0.2496715719950344,0.04431668896361379,0.4821564160971905,0.49557556254594975,0.02683829289751849,-0.0007590832304227,-0.0005557949116155501,0.00040657663761430003,0.819614631597827,0.8720046755642197,0.10478008793278537,-0.5743382153440704,-0.5717290047242501,0.005218421239640447,0.2283721216089039,0.25732938515898496,0.057914527100162094,1.2802917412853867,1.374411570532333,0.18823965849389257
0.61,0.155510547233262,3969,9949,77419,432023,13918,0.0265935493732803,0.2851702830866504,0.0487664029095198,0.977489524223254,0.5131279635663869,0.083289614504858,1.8337681151549288,-0.0022787212175976,-0.0011077051430969,909,2.491553394916619,0.2255225522552255,0.5082508250825083,-0.0007584747598687,-0.0007584747598687,0.0002354084318829,0.8221884942377362,-0.5604029631270094,0.0,0.2283721216089039,1.4685313997792793,0.2236104783599088,20010,43918,97788,365084,63928,0.1213515565679574,0.3130083844324866,0.1698670605612998,0.892621551972851,0.5312443062670754,0.2202216523777555,1.399793009380753,-0.0013413253992776,-0.0009901271127579,1256,3.433263920394685,0.2707006369426751,0.4753184713375796,-0.000418752516106,-0.000418752516106,-0.0005533809217853,0.9133166418020812,-0.5967871110285939,0.0,0.286286648709066,1.2802917412853867,BTCUSDT,BAJA,v4_52_balanceado,52,0.2851702830866504,0.2990893337595685,0.027838101345836197,0.0487664029095198,0.1093167317354098,0.12110065765177999,0.083289614504858,0.15175563344130677,0.1369320378728975,1.399793009380753,1.6167805622678408,0.43397510577417586,909,1082.5,347,0.2255225522552255,0.2481115945989503,0.045178084687449604,0.4753184713375796,0.491784648210044,0.0329323537449287,-0.0007584747598687,-0.00058861363798735,0.00033972224376269995,0.8221884942377362,0.8677525680199087,0.09112814756434495,-0.5967871110285939,-0.5785950370778017,0.03638414790158451,0.2283721216089039,0.25732938515898496,0.057914527100162094,1.2802917412853867,1.374411570532333,0.18823965849389257
0.62,0.155510547233262,3519,8726,77869,433246,12245,0.0233968969734026,0.2873826051449571,0.0432373322848577,0.9802566678432116,0.5117470000640347,0.0751658069270449,1.8479943017234084,-0.0023737997303391,-0.001110568166674,867,2.3764321159435737,0.2226066897347174,0.497116493656286,-0.0009086459196119,-0.0009086459196119,-4.677895174376445e-05,0.7920530353701069,-0.5983879440453066,0.0,0.2283721216089039,1.4685313997792793,0.2236104783599088,17814,39021,99984,369981,56835,0.1078872437357631,0.3134336236474003,0.1512249783527734,0.9045945985594204,0.5279097884560968,0.2040164230128326,1.4016947056609663,-0.0014685438065219,-0.0010901072508178,1208,3.302056382035653,0.277317880794702,0.4793046357615894,-0.0004777617187479,-0.0004777617187479,-0.000512918995168,0.9034856951041188,-0.5980485592626288,0.0,0.286286648709066,1.2802917412853867,BTCUSDT,BAJA,v4_52_balanceado,52,0.2873826051449571,0.3004081143961787,0.02605101850244318,0.0432373322848577,0.09723115531881556,0.1079876460679157,0.0751658069270449,0.13959111496993876,0.12885061608578768,1.4016947056609663,1.6248445036921875,0.44629959606244207,867,1037.5,341,0.2226066897347174,0.2499622852647097,0.05471119105998459,0.4793046357615894,0.4882105647089377,0.017811857894696637,-0.0009086459196119,-0.0006932038191799,0.000430884200864,0.7920530353701069,0.8477693652371128,0.11143265973401195,-0.5983879440453066,-0.5982182516539677,0.0003393847826778096,0.2283721216089039,0.25732938515898496,0.057914527100162094,1.2802917412853867,1.374411570532333,0.18823965849389257
0.63,0.155510547233262,3131,7609,78257,434363,10740,0.020521247324977,0.2915270018621974,0.0384700447240379,0.982783977265528,0.510627010994783,0.0679706495310871,1.874644563014199,-0.0022826467359053,-0.0010444906697089,827,2.266792802635912,0.2249093107617896,0.494558645707376,-0.0008490104018616,-0.0008490104018616,-0.0001333429916905,0.808263553338208,-0.5717431605720376,0.0,0.2283721216089039,1.4685313997792793,0.2236104783599088,15689,34553,102109,374449,50242,0.0953720577069096,0.3122686198797819,0.1331856228458887,0.9155187505195572,0.524352186682723,0.186729350154725,1.396484736181167,-0.0016624668099513,-0.001241192244453,1160,3.1708488436766205,0.275,0.4784482758620689,-0.0005460148354015,-0.0005460148354015,-0.0005754407693941,0.8907152856600702,-0.6192621503841617,0.0,0.286286648709066,1.2802917412853867,BTCUSDT,BAJA,v4_52_balanceado,52,0.2915270018621974,0.30189781087098966,0.020741618017584507,0.0384700447240379,0.0858278337849633,0.0947155781218508,0.0679706495310871,0.12734999984290604,0.1187587006236379,1.396484736181167,1.635564649597683,0.47815982683303204,827,993.5,333,0.2249093107617896,0.2499546553808948,0.05009068923821042,0.4784482758620689,0.48650346078472245,0.016110369845307115,-0.0008490104018616,-0.00069751261863155,0.0003029955664601,0.808263553338208,0.8494894194991391,0.0824517323218622,-0.6192621503841617,-0.5955026554780996,0.0475189898121241,0.2283721216089039,0.25732938515898496,0.057914527100162094,1.2802917412853867,1.374411570532333,0.18823965849389257
0.64,0.155510547233262,2799,6739,78589,435233,9538,0.0182245490675634,0.2934577479555462,0.0343908192853983,0.9847524277556045,0.5095716235205014,0.0615665486219563,1.887060094485854,-0.0022621739718374,-0.0010807687080363,796,2.1818223348224737,0.2185929648241206,0.4924623115577889,-0.0009829449037215,-0.0009829449037215,-0.0001676903213033,0.7816244581936657,-0.6042701955143519,0.0,0.2283721216089039,1.4685313997792793,0.2236104783599088,13913,30598,103885,378404,44511,0.0844931662870159,0.31257441980634,0.11810896619637,0.9251886298844504,0.5216487980404103,0.171438429169054,1.3978522925175292,-0.001824058628555,-0.0013630908388702,1118,3.056042247612467,0.2745974955277281,0.4758497316636851,-0.000490257701211,-0.000490257701211,-0.000607802210645,0.901324039823094,-0.59308138043032,0.0,0.286286648709066,1.2802917412853867,BTCUSDT,BAJA,v4_52_balanceado,52,0.2934577479555462,0.3030160838809431,0.0191166718507938,0.0343908192853983,0.07624989274088415,0.08371814691097171,0.0615665486219563,0.11650248889550514,0.1098718805470977,1.3978522925175292,1.6424561935016917,0.4892078019683248,796,957.0,322,0.2185929648241206,0.24659523017592436,0.0560045307036075,0.4758497316636851,0.484156021610737,0.016612579894103807,-0.0009829449037215,-0.0007366013024662499,0.0004926872025104999,0.7816244581936657,0.8414742490083797,0.11969958162942829,-0.6042701955143519,-0.5986757879723359,0.011188815084031911,0.2283721216089039,0.25732938515898496,0.057914527100162094,1.2802917412853867,1.374411570532333,0.18823965849389257
0.65,0.155510547233262,2507,6023,78881,435949,8530,0.0162985325588505,0.2939038686987104,0.0308030667911731,0.9863724398830696,0.5085877533371214,0.0557619164127315,1.8899288435906656,-0.0022845854517084,-0.0010851417804689,769,2.107815798339802,0.2145643693107932,0.4863459037711313,-0.0009442167222339,-0.0009442167222339,-0.0003327856461097,0.7906342259302683,-0.5807612851074415,0.0,0.2283721216089039,1.4685313997792793,0.2236104783599088,12192,26919,105606,382083,39111,0.0742425968109339,0.3117281583186316,0.1034992105129119,0.9341836959232472,0.5188414532180796,0.1554021757834158,1.3940677583851604,-0.002011417203203,-0.0015179180128641,1062,2.902966786193596,0.2664783427495292,0.4708097928436911,-0.0005707720830992,-0.0005707720830992,-0.0004926744934367,0.8851687998282031,-0.6074718724691582,0.0,0.286286648709066,1.2802917412853867,BTCUSDT,BAJA,v4_52_balanceado,52,0.2939038686987104,0.302816013508671,0.01782428961992122,0.0308030667911731,0.0671511386520425,0.0726961437217388,0.0557619164127315,0.10558204609807366,0.0996402593706843,1.3940677583851604,1.6419983009879129,0.4958610852055052,769,915.5,293,0.2145643693107932,0.2405213560301612,0.051913973438735994,0.4708097928436911,0.47857784830741124,0.015536110927440172,-0.0009442167222339,-0.00075749440266655,0.00037344463913469993,0.7906342259302683,0.8379015128792358,0.09453457389793474,-0.6074718724691582,-0.5941165787882998,0.02671058736171672,0.2283721216089039,0.25732938515898496,0.057914527100162094,1.2802917412853867,1.374411570532333,0.18823965849389257
0.66,0.155510547233262,2273,5345,79115,436627,7618,0.0145559461938245,0.2983722761879758,0.0279279500663488,0.9879064737132668,0.5079172118898079,0.0510752084129159,1.9186626341197603,-0.0021561583780781,-0.0009944820366646,736,2.017363364860981,0.2146739130434782,0.485054347826087,-0.0009374266662589,-0.0009374266662589,-0.0003008812765904,0.7930378015247205,-0.5598979381097359,0.0,0.2283721216089039,1.4685313997792793,0.2236104783599088,10753,23853,107045,385149,34606,0.0656909643128322,0.3107264636190256,0.0912833834190733,0.9416799917848812,0.5164816876019773,0.1411117818429962,1.3895881172388556,-0.0022010278387245,-0.0016578404251222,1026,2.8045611324243214,0.2690058479532163,0.47953216374269,-0.0005085555985973,-0.0005085555985973,-0.0003152554771537,0.897317040501898,-0.5737659401714388,0.0,0.286286648709066,1.2802917412853867,BTCUSDT,BAJA,v4_52_balanceado,52,0.2983722761879758,0.3045493699035007,0.012354187431049823,0.0279279500663488,0.05960566674271105,0.0633554333527245,0.0510752084129159,0.09609349512795605,0.09003657343008029,1.3895881172388556,1.654125375679308,0.5290745168809048,736,881.0,290,0.2146739130434782,0.24183988049834726,0.05433193490973812,0.47953216374269,0.4822932557843885,0.005522184083396997,-0.0009374266662589,-0.0007229911324281,0.0004288710676616,0.7930378015247205,0.8451774210133092,0.1042792389771775,-0.5737659401714388,-0.5668319391405874,0.013868002061702911,0.2283721216089039,0.25732938515898496,0.057914527100162094,1.2802917412853867,1.374411570532333,0.18823965849389257
0.67,0.155510547233262,2048,4746,79340,437226,6794,0.0129815041271782,0.3014424492198999,0.0251634147540177,0.9892617631886182,0.507212588971318,0.0464493887641468,1.9384051730442675,-0.0020713384118114,-0.0008470311167949,706,1.9351338798802344,0.2322946175637393,0.4886685552407932,-0.0007792711286359,-0.0007792711286359,-0.0002670941085325,0.8263353063030935,-0.4866535041226137,0.0,0.2283721216089039,1.4685313997792793,0.2236104783599088,9400,21057,108398,387945,30457,0.0578151100987091,0.3086318416127655,0.0797976196539839,0.948516144175334,0.514156881914659,0.1268085393410002,1.3802208370397195,-0.0024090004616219,-0.0018237944431995,982,2.684287555595208,0.2759674134419552,0.4877800407331975,-0.0003918269232685,-0.0003918269232685,-0.0001902272974004,0.9209185912316096,-0.5389060437775057,0.0,0.286286648709066,1.2802917412853867,BTCUSDT,BAJA,v4_52_balanceado,52,0.3014424492198999,0.3050371454163327,0.007189392392865646,0.0251634147540177,0.0524805172040008,0.05463420489996619,0.0464493887641468,0.0866289640525735,0.08035915057685339,1.3802208370397195,1.6593130050419935,0.558184336004548,706,844.0,276,0.2322946175637393,0.2541310155028472,0.0436727958782159,0.4877800407331975,0.48822429798699535,0.0008885145075957501,-0.0007792711286359,-0.0005855490259522,0.0003874442053674,0.8263353063030935,0.8736269487673516,0.09458328492851609,-0.5389060437775057,-0.5127797739500597,0.052252539654892016,0.2283721216089039,0.25732938515898496,0.057914527100162094,1.2802917412853867,1.374411570532333,0.18823965849389257
0.68,0.155510547233262,1866,4252,79522,437720,6118,0.0116898501987159,0.3050016345210853,0.0229272128569322,0.9903794810530984,0.5066533469550153,0.0426485041025758,1.961292272115732,-0.0020305191311557,-0.000879519178711,675,1.850163412066796,0.2266666666666666,0.4814814814814814,-0.0009531717131676,-0.0009531717131676,-0.0004289272717687,0.794896953876371,-0.5127672370322636,0.0,0.2283721216089039,1.4685313997792793,0.2236104783599088,8225,18666,109573,390336,26891,0.0510459377372817,0.3058644156037335,0.0698229171972359,0.9543620813590152,0.5120924992781256,0.1136921258699693,1.3678447353948866,-0.0025931294928186,-0.0020072986198993,940,2.5694809595310546,0.2861702127659574,0.4925531914893617,-0.0004053230561975,-0.0004053230561975,-0.000100702197925,0.9208880586316598,-0.5375783805834298,0.0,0.286286648709066,1.2802917412853867,BTCUSDT,BAJA,v4_52_balanceado,52,0.3050016345210853,0.30543302506240944,0.0008627810826482007,0.0229272128569322,0.04637506502708405,0.046895704340303705,0.0426485041025758,0.07817031498627255,0.0710436217673935,1.3678447353948866,1.6645685037553093,0.5934475367208454,675,807.5,265,0.2266666666666666,0.256418439716312,0.05950354609929079,0.4814814814814814,0.48701733648542156,0.01107171000788032,-0.0009531717131676,-0.00067924738468255,0.0005478486569700999,0.794896953876371,0.8578925062540155,0.12599110475528874,-0.5375783805834298,-0.5251728088078467,0.024811143551166204,0.2283721216089039,0.25732938515898496,0.057914527100162094,1.2802917412853867,1.374411570532333,0.18823965849389257
0.69,0.155510547233262,1687,3787,79701,438185,5474,0.0104593396514827,0.3081841432225063,0.0207278714306777,0.9914315839012426,0.5060797276659602,0.0388432225829476,1.981757177924644,-0.001920080196024,-0.0008888017443793,643,1.7624519614206666,0.2348367029548989,0.4805598755832037,-0.0009510494037027,-0.0009510494037027,-0.0004149276183347,0.7971541030295684,-0.4935793578662207,0.0,0.2283721216089039,1.4685313997792793,0.2236104783599088,7275,16551,110523,392451,23826,0.0452277904328018,0.3053387056157139,0.0617582641470992,0.9595332052166003,0.5106457346818498,0.1027368242670733,1.3654937275535926,-0.0026976011030368,-0.0021101564677359,888,2.4273394596421025,0.2894144144144144,0.4977477477477477,-0.0003178092594065,-0.0003178092594065,-2.887648910465668e-05,0.9387751507954136,-0.4850065760385794,0.0,0.286286648709066,1.2802917412853867,BTCUSDT,BAJA,v4_52_balanceado,52,0.3053387056157139,0.30676142441911014,0.0028454376067924003,0.0207278714306777,0.04124306778888845,0.041030392716421504,0.0388432225829476,0.07079002342501045,0.0638936016841257,1.3654937275535926,1.6736254527391181,0.6162634503710513,643,765.5,245,0.2348367029548989,0.26212555868465665,0.05457771145951551,0.4805598755832037,0.48915381166547567,0.017187872164544038,-0.0009510494037027,-0.0006344293315546,0.0006332401442962,0.7971541030295684,0.867964626912491,0.14162104776584528,-0.4935793578662207,-0.48929296695240004,0.008572781827641318,0.2283721216089039,0.25732938515898496,0.057914527100162094,1.2802917412853867,1.374411570532333,0.18823965849389257
0.7,0.155510547233262,1517,3373,79871,438599,4890,0.0093434729440538,0.3102249488752556,0.0186391114169164,0.9923682948241064,0.5055037031205115,0.0351653955817241,1.9948804399094928,-0.001916924088,-0.0010431469643933,621,1.7021503391014523,0.2431561996779388,0.4814814814814814,-0.0009512752710316,-0.0009512752710316,-0.0004149276183347,0.8001114448933276,-0.4916681842840313,0.0,0.2283721216089039,1.4685313997792793,0.2236104783599088,6399,14615,111399,394387,21014,0.0398899012908124,0.3045112781954887,0.0543218051240258,0.9642666784025506,0.5092942417632883,0.0921966400599371,1.3617934205452,-0.0028263052269002,-0.0022140931156451,844,2.307065882812989,0.2973933649289099,0.5106635071090048,-0.0002907939250663,-0.0002907939250663,0.000234047379319,0.9440033212888652,-0.4079386446900114,0.0,0.286286648709066,1.2802917412853867,BTCUSDT,BAJA,v4_52_balanceado,52,0.3045112781954887,0.30736811353537213,0.0057136706797669135,0.0186391114169164,0.0364804582704711,0.0356826937071094,0.0351653955817241,0.0636810178208306,0.05703124447821299,1.3617934205452,1.6783369302273465,0.6330870193642928,621,732.5,223,0.2431561996779388,0.27027478230342433,0.05423716525097108,0.4814814814814814,0.4960724942952431,0.029182025627523367,-0.0009512752710316,-0.00062103459804895,0.0006604813459652999,0.8001114448933276,0.8720573830910965,0.14389187639553758,-0.4916681842840313,-0.4498034144870213,0.08372953959401991,0.2283721216089039,0.25732938515898496,0.057914527100162094,1.2802917412853867,1.374411570532333,0.18823965849389257
0.71,0.155510547233262,1382,3017,80006,438955,4399,0.0084053041883216,0.3141623096158217,0.0169803902295178,0.9931737757142988,0.5050770829719082,0.0322193339317146,2.02019937042975,-0.0018289589538786,-0.0010452716456412,590,1.6171798712880143,0.2457627118644068,0.4864406779661017,-0.000893073629203,-0.000893073629203,-0.0002989984780518,0.8121543507781213,-0.4625857227428646,0.0,0.2283721216089039,1.4685313997792793,0.2236104783599088,5701,12919,112097,396083,18620,0.0353454821564161,0.3061761546723953,0.0483964074092938,0.9684133573918954,0.5084048824005947,0.0835813455702326,1.3692388519450065,-0.0028999660156253,-0.0022831302484558,806,2.2031932482787555,0.3027295285359802,0.5099255583126551,-0.0003174133529496,-0.0003174133529496,0.0001451613492031,0.9400138055653756,-0.4364151226018001,0.0,0.286286648709066,1.2802917412853867,BTCUSDT,BAJA,v4_52_balanceado,52,0.3061761546723953,0.3101692321441085,0.007986154943426416,0.0169803902295178,0.0326883988194058,0.031416017179776004,0.0322193339317146,0.0579003397509736,0.051362011638518,1.3692388519450065,1.694719111187378,0.6509605184847433,590,698.0,216,0.2457627118644068,0.27424612020019346,0.056966816671573384,0.4864406779661017,0.4981831181393784,0.023484880346553383,-0.000893073629203,-0.0006052434910763,0.0005756602762534,0.8121543507781213,0.8760840781717485,0.12785945478725436,-0.4625857227428646,-0.44950042267233237,0.026170600141064482,0.2283721216089039,0.25732938515898496,0.057914527100162094,1.2802917412853867,1.374411570532333,0.18823965849389257
0.72,0.155510547233262,1231,2658,80157,439314,3889,0.0074308315499847,0.3165338133196194,0.0151250798643534,0.9939860443648014,0.5045555621145774,0.0288706216213046,2.035449163745958,-0.0019328658437362,-0.001110568166674,564,1.5459143176380343,0.2446808510638297,0.4840425531914893,-0.0010786750353383,-0.0010786750353383,-0.0003736213010788,0.7803021194755874,-0.5000217642968121,0.0,0.2283721216089039,1.4685313997792793,0.2236104783599088,5041,11469,112757,397533,16510,0.0313401670463173,0.3053301029678982,0.0427935958165673,0.9719585723297196,0.5073760840731435,0.0750662655984751,1.3654552559762374,-0.0029655360296019,-0.0023733373894038,767,2.096587123362041,0.2998696219035202,0.5019556714471969,-0.000307158362617,-0.000307158362617,3.157961220234817e-05,0.9431034537514876,-0.4069836896992476,0.0,0.286286648709066,1.2802917412853867,BTCUSDT,BAJA,v4_52_balanceado,52,0.3053301029678982,0.3109319581437588,0.011203710351721186,0.0151250798643534,0.02895933784046035,0.027668515952213896,0.0288706216213046,0.05196844360988985,0.04619564397717049,1.3654552559762374,1.7004522098610977,0.6699939077697206,564,665.5,203,0.2446808510638297,0.2722752364836749,0.05518877083969048,0.4840425531914893,0.4929991123193431,0.017913118255707572,-0.0010786750353383,-0.0006929166989776501,0.0007715166727213001,0.7803021194755874,0.8617027866135375,0.16280133427590027,-0.5000217642968121,-0.45350272699802985,0.09303807459756452,0.2283721216089039,0.25732938515898496,0.057914527100162094,1.2802917412853867,1.374411570532333,0.18823965849389257
0.73,0.155510547233262,1103,2373,80285,439599,3476,0.0066416997859981,0.3173187571921749,0.0135523664422273,0.9946308815943092,0.5040916240182682,0.0259945324283559,2.040496691945946,-0.002096618417354,-0.0011466141778403,545,1.4938356438168947,0.2458715596330275,0.4788990825688073,-0.0010953662338482,-0.0010953662338482,-0.0006198506757115,0.778129109781907,-0.4933497759759292,0.0,0.2283721216089039,1.4685313997792793,0.2236104783599088,4431,10142,113367,398860,14573,0.0276632498101746,0.3040554450010293,0.0376152396475322,0.9752030552417836,0.5064091474446579,0.0669481986235655,1.3597549060811072,-0.0031326944971935,-0.0024986856643138,729,1.9927144888278072,0.3004115226337449,0.49519890260631,-0.0004659616875317,-0.0004659616875317,-0.0001206379844567,0.914890226275485,-0.4345804972897209,0.0,0.286286648709066,1.2802917412853867,BTCUSDT,BAJA,v4_52_balanceado,52,0.3040554450010293,0.31068710109660214,0.013263312191145571,0.0135523664422273,0.02558380304487975,0.024062873205304904,0.0259945324283559,0.046471365525960706,0.040953666195209605,1.3597549060811072,1.7001257990135266,0.6807417858648388,545,637.0,184,0.2458715596330275,0.2731415411333862,0.05453996300071737,0.4788990825688073,0.4870489925875586,0.016299820037502688,-0.0010953662338482,-0.00078066396068995,0.0006294045463165001,0.778129109781907,0.846509668028696,0.13676111649357803,-0.4933497759759292,-0.46396513663282507,0.05876927868620829,0.2283721216089039,0.25732938515898496,0.057914527100162094,1.2802917412853867,1.374411570532333,0.18823965849389257
0.74,0.155510547233262,981,2149,80407,439823,3130,0.0059805869764597,0.3134185303514377,0.0120533739617634,0.9951377010308344,0.5035955374962989,0.0232139899193071,2.015416548443609,-0.0024852965028917,-0.0014847808472597,521,1.4280520558322976,0.2495201535508637,0.4779270633397313,-0.0012220292382485,-0.0012220292382485,-0.0006198506757115,0.7556830026980699,-0.5070086707614085,0.0,0.2283721216089039,1.4685313997792793,0.2236104783599088,3903,8949,113895,400053,12852,0.0243963553530751,0.303688141923436,0.0331329903733509,0.9781199113940764,0.5056264508837136,0.0597474167623421,1.358112303818962,-0.0032909121099635,-0.0026402717654943,698,1.907976286970932,0.3008595988538682,0.4885386819484241,-0.0004485433833011,-0.0004485433833011,-0.0002223666345312,0.918009061615158,-0.4296032410487925,0.0,0.286286648709066,1.2802917412853867,BTCUSDT,BAJA,v4_52_balanceado,52,0.303688141923436,0.30855333613743685,0.009730388428001668,0.0120533739617634,0.022593182167557152,0.0210796164115875,0.0232139899193071,0.0414807033408246,0.036533426843035,1.358112303818962,1.6867644261312855,0.6573042446246469,521,609.5,177,0.2495201535508637,0.27518987620236596,0.051339445303004494,0.4779270633397313,0.48323287264407766,0.010611618608692808,-0.0012220292382485,-0.0008352863107748,0.0007734858549474001,0.7556830026980699,0.836846032156614,0.16232605891708818,-0.5070086707614085,-0.4683059559051005,0.07740542971261605,0.2283721216089039,0.25732938515898496,0.057914527100162094,1.2802917412853867,1.374411570532333,0.18823965849389257
0.75,0.155510547233262,863,1936,80525,440036,2799,0.0053481351268725,0.30832440157199,0.0106035287757408,0.9956196320128876,0.5031115803943144,0.0205019777400311,1.9826590997040925,-0.0028285017081455,-0.0017084881687787,502,1.3759733820111582,0.2410358565737052,0.4661354581673306,-0.0013530294628358,-0.0013530294628358,-0.0008572870144401,0.7328875383159422,-0.5219322211648284,0.0,0.2283721216089039,1.4685313997792793,0.2236104783599088,3445,7805,114353,401197,11250,0.0213553530751708,0.3062222222222222,0.0292449786923377,0.9809169637312288,0.5050809712117832,0.0533909862996714,1.3694448688998682,-0.0033189207720166,-0.0027749311948159,668,1.8259715754965369,0.3083832335329341,0.4805389221556886,-0.0005396756099381,-0.0005396756099381,-0.000442524176592,0.9041932785290614,-0.4481283053986634,0.0,0.286286648709066,1.2802917412853867,BTCUSDT,BAJA,v4_52_balanceado,52,0.3062222222222222,0.30727331189710605,0.0021021793497678076,0.0106035287757408,0.01992425373403925,0.0186414499165969,0.0205019777400311,0.03694648201985125,0.032889008559640304,1.3694448688998682,1.6760519843019803,0.6132142308042243,502,585.0,166,0.2410358565737052,0.2747095450533197,0.06734737695922893,0.4661354581673306,0.4733371901615096,0.014403463988358012,-0.0013530294628358,-0.00094635253638695,0.0008133538528977,0.7328875383159422,0.8185404084225019,0.17130574021311917,-0.5219322211648284,-0.4850302632817459,0.07380391576616502,0.2283721216089039,0.25732938515898496,0.057914527100162094,1.2802917412853867,1.374411570532333,0.18823965849389257
0.76,0.155510547233262,755,1750,80633,440222,2505,0.0047863803118312,0.3013972055888224,0.0092765518258219,0.9960404731521454,0.5026585124889837,0.0179991179240222,1.9381142369509767,-0.0032811205409783,-0.0019203708366219,478,1.310189794026561,0.2405857740585774,0.4602510460251046,-0.0012866739412269,-0.0012866739412269,-0.0008466694032183,0.7436222098219278,-0.4863354504716695,0.0,0.2283721216089039,1.4685313997792793,0.2236104783599088,3025,6839,114773,402163,9864,0.0187243735763097,0.3066707218167072,0.0256795531333299,0.9832788103725654,0.5044791817529477,0.047390766242108,1.3714505870476694,-0.0034637125264295,-0.0030353486344244,627,1.713898469814863,0.3125996810207336,0.4816586921850079,-0.0005452686607134,-0.0005452686607134,-0.0004796094036343,0.9056989574019408,-0.4268567500572073,0.0,0.286286648709066,1.2802917412853867,BTCUSDT,BAJA,v4_52_balanceado,52,0.3013972055888224,0.3040339637027648,0.0052735162278848,0.0092765518258219,0.0174780524795759,0.016403001307508,0.0179991179240222,0.0326949420830651,0.0293916483180858,1.3714505870476694,1.654782411999323,0.5666636499033073,478,552.5,149,0.2405857740585774,0.27659272753965547,0.0720139069621562,0.4602510460251046,0.47095486910505624,0.021407646159903315,-0.0012866739412269,-0.00091597130097015,0.0007414052805134999,0.7436222098219278,0.8246605836119343,0.162076747580013,-0.4863354504716695,-0.4565961002644384,0.05947870041446218,0.2283721216089039,0.25732938515898496,0.057914527100162094,1.2802917412853867,1.374411570532333,0.18823965849389257
0.77,0.155510547233262,680,1586,80708,440386,2266,0.0043297156832772,0.3000882612533098,0.0083550400550449,0.9964115373824586,0.5023832887187518,0.016257441365625,1.929697159403502,-0.0036245603314788,-0.0021976203931314,451,1.2361832575438891,0.2350332594235033,0.458980044345898,-0.0013751503627882,-0.0013751503627882,-0.0008560719635291,0.7267646848226774,-0.4936279800321294,0.0,0.2283721216089039,1.4685313997792793,0.2236104783599088,2667,5994,115131,403008,8661,0.0164407744874715,0.3079321094561829,0.0226404522996994,0.9853448149397802,0.5039926336197399,0.0421796787891727,1.3770915912113717,-0.0035021512135768,-0.0031065837252217,590,1.6127593256631088,0.3152542372881356,0.4847457627118644,-0.0006471240177506,-0.0006471240177506,-0.0003718621012985,0.8902899767185488,-0.444286091231849,0.0,0.286286648709066,1.2802917412853867,BTCUSDT,BAJA,v4_52_balanceado,52,0.3000882612533098,0.30401018535474633,0.007843848202873094,0.0083550400550449,0.01549774617737215,0.014285412244654499,0.016257441365625,0.02921856007739885,0.025922237423547698,1.3770915912113717,1.6533943753074367,0.5526055681921302,451,520.5,139,0.2350332594235033,0.27514374835581945,0.08022097786463231,0.458980044345898,0.4718629035288812,0.025765718365966417,-0.0013751503627882,-0.0010111371902694001,0.0007280263450375999,0.7267646848226774,0.8085273307706131,0.1635252918958714,-0.4936279800321294,-0.4689570356319892,0.0493418888002804,0.2283721216089039,0.25732938515898496,0.057914527100162094,1.2802917412853867,1.374411570532333,0.18823965849389257
0.78,0.155510547233262,606,1436,80782,440536,2042,0.0039017120146744,0.296767874632713,0.0074458151078783,0.996750925397989,0.5020983702529337,0.014527148507731,1.9083456390103788,-0.0038754501204012,-0.0022384770374783,422,1.1566947553958342,0.2369668246445497,0.4549763033175355,-0.0015502201409215,-0.0015502201409215,-0.0010925188972411,0.7100642243952974,-0.5107604126520644,0.0,0.2283721216089039,1.4685313997792793,0.2236104783599088,2329,5211,115469,403791,7540,0.0143128321943811,0.3088859416445623,0.0197711336355455,0.9872592310062054,0.5035151823208754,0.0371635098693133,1.3813571882235305,-0.0036146789471671,-0.003258852757488,554,1.5143536718938344,0.3249097472924188,0.4909747292418772,-0.0005981162756979,-0.0005981162756979,-0.0002558083116506,0.8996031617982436,-0.4056443680936228,0.0,0.286286648709066,1.2802917412853867,BTCUSDT,BAJA,v4_52_balanceado,52,0.296767874632713,0.30282690813863766,0.01211806701184931,0.0074458151078783,0.0136084743717119,0.012325318527667202,0.014527148507731,0.02584532918852215,0.0226363613615823,1.3813571882235305,1.6448514136169545,0.5269884507868483,422,488.0,132,0.2369668246445497,0.28093828596848425,0.08794292264786907,0.4549763033175355,0.47297551627970635,0.03599842592434166,-0.0015502201409215,-0.0010741682083097001,0.0009521038652236001,0.7100642243952974,0.8048336930967706,0.18953893740294625,-0.5107604126520644,-0.4582023903728436,0.10511604455844159,0.2283721216089039,0.25732938515898496,0.057914527100162094,1.2802917412853867,1.374411570532333,0.18823965849389257
0.79,0.155510547233262,552,1261,80836,440711,1813,0.0034641546927545,0.3044677330391616,0.0067823266329188,0.9971468780827744,0.5019646023578467,0.0132690712852009,1.957859054939004,-0.0037350289634918,-0.001871895604786,395,1.0826882189131624,0.2379746835443038,0.4430379746835443,-0.0017437207356168,-0.0017437207356168,-0.0015594722737579,0.6730497010833711,-0.5273895978790568,0.0,0.2283721216089039,1.4685313997792793,0.2236104783599088,2049,4530,115749,404472,6579,0.0124886104783599,0.3114455084359325,0.0173941832628737,0.9889242595390731,0.5031592214009735,0.0329482138980679,1.3928037304882022,-0.0035887070478893,-0.003309331828619,517,1.41321452774208,0.3326885880077369,0.4990328820116054,-0.0004457417577688,-0.0004457417577688,-6.005779998807803e-05,0.923282303940968,-0.3931568493805242,0.0,0.286286648709066,1.2802917412853867,BTCUSDT,BAJA,v4_52_balanceado,52,0.3044677330391616,0.30795662073754704,0.006977775396770913,0.0067823266329188,0.012088254947896249,0.0106118566299549,0.0132690712852009,0.0231086425916344,0.019679142612867004,1.3928037304882022,1.675331392713603,0.5650553244508019,395,456.0,122,0.2379746835443038,0.28533163577602033,0.09471390446343309,0.4430379746835443,0.47103542834757484,0.055994907328061116,-0.0017437207356168,-0.0010947312466928,0.001297978977848,0.6730497010833711,0.7981660025121695,0.25023260285759685,-0.5273895978790568,-0.4602732236297905,0.13423274849853262,0.2283721216089039,0.25732938515898496,0.057914527100162094,1.2802917412853867,1.374411570532333,0.18823965849389257
0.8,0.155510547233262,513,1105,80875,440867,1618,0.0030915622133904,0.3170580964153275,0.0063031405121148,0.997499841618926,0.5019014910655205,0.0123605522492349,2.0388205305441325,-0.0032909204657671,-0.0013538008301103,379,1.0388324935900974,0.2348284960422163,0.4379947229551451,-0.0017332271981148,-0.0017332271981148,-0.0016913374521303,0.6749489115937845,-0.5068647519944394,0.0,0.2283721216089039,1.4685313997792793,0.2236104783599088,1804,4023,115994,404979,5827,0.0110611237661351,0.30959327269607,0.0153143516867858,0.990163862279402,0.502739106983094,0.0291850353892821,1.3845204167837288,-0.0036477634543158,-0.0035007771121606,485,1.325742835502725,0.3175257731958762,0.4989690721649484,-0.0007411456256181,-0.0007411456256181,-6.005779998807803e-05,0.8741600659696483,-0.4491549183903038,0.0,0.286286648709066,1.2802917412853867,BTCUSDT,BAJA,v4_52_balanceado,52,0.30959327269607,0.31332568455569876,0.007464823719257496,0.0063031405121148,0.0108087460994503,0.009011211174671001,0.0123605522492349,0.0207727938192585,0.0168244831400472,1.3845204167837288,1.7116704736639305,0.6543001137604036,379,432.0,106,0.2348284960422163,0.27617713461904625,0.0826972771536599,0.4379947229551451,0.46848189756004677,0.060974349209803325,-0.0017332271981148,-0.00123718641186645,0.0009920815724967,0.6749489115937845,0.7745544887817164,0.1992111543758639,-0.5068647519944394,-0.4780098351923716,0.05770983360413556,0.2283721216089039,0.25732938515898496,0.057914527100162094,1.2802917412853867,1.374411570532333,0.18823965849389257
0.81,0.155510547233262,466,950,80922,441022,1416,0.0027055946193824,0.3290960451977401,0.0057256598024278,0.9978505425683076,0.5017881011853677,0.0112554949036278,2.116229741665716,-0.0029981827591742,-0.0008466694032183,356,0.9757898884381918,0.247191011235955,0.4522471910112359,-0.0015683296192852,-0.0015683296192852,-0.0013281885962858,0.7013005693137245,-0.4653929072934351,0.0,0.2283721216089039,1.4685313997792793,0.2236104783599088,1599,3535,116199,405467,5134,0.0097456340167046,0.3114530580444098,0.013574084449651,0.9913570104791664,0.5024655474644087,0.0260143819347281,1.3928374928079856,-0.0035812392277431,-0.0036828367537904,447,1.2218702009684907,0.3176733780760626,0.4921700223713646,-0.001052304719388,-0.001052304719388,-0.0002141107605446,0.8297087592475514,-0.5014996787518979,0.0,0.286286648709066,1.2802917412853867,BTCUSDT,BAJA,v4_52_balanceado,52,0.3114530580444098,0.320274551621075,0.017642987153330292,0.0057256598024278,0.0096498721260394,0.007848424647223202,0.0112554949036278,0.01863493841917795,0.0147588870311003,1.3928374928079856,1.7545336172368509,0.7233922488577305,356,401.5,91,0.247191011235955,0.2824321946560088,0.07048236684010761,0.4522471910112359,0.47220860669130027,0.0399228313601287,-0.0015683296192852,-0.0013103171693366,0.0005160248998972001,0.7013005693137245,0.765504664280638,0.12840818993382686,-0.5014996787518979,-0.4834462930226665,0.03610677145846286,0.2283721216089039,0.25732938515898496,0.057914527100162094,1.2802917412853867,1.374411570532333,0.18823965849389257
0.82,0.155510547233262,395,856,80993,441116,1251,0.0023903240599205,0.3157474020783373,0.0048532953260922,0.9980632257247064,0.5014582605253994,0.0095596510122339,2.030392199731148,-0.0034151790600654,-0.0013306368047565,340,0.931934163115127,0.2470588235294117,0.4441176470588235,-0.0016496917993318,-0.0016496917993318,-0.0015784097701833,0.6914078025592552,-0.4619092962045449,0.0,0.2283721216089039,1.4685313997792793,0.2236104783599088,1411,3094,116387,405908,4505,0.0085516324981017,0.3132075471698113,0.0119781320565714,0.9924352448154288,0.5022066884360001,0.0230738411976811,1.4006836775586733,-0.0035713864539335,-0.0036199396570677,422,1.1535329414064948,0.3293838862559242,0.509478672985782,-0.0007312638288409,-0.0007312638288409,0.000209550510131,0.8809307570257896,-0.4160941864518819,0.0,0.286286648709066,1.2802917412853867,BTCUSDT,BAJA,v4_52_balanceado,52,0.3132075471698113,0.31447747462407427,0.0025398549085259847,0.0048532953260922,0.008415713691331799,0.0071248367304791995,0.0095596510122339,0.0163167461049575,0.013514190185447198,1.4006836775586733,1.7155379386449106,0.6297085221724747,340,381.0,82,0.2470588235294117,0.2882213548926679,0.0823250627265125,0.4441176470588235,0.47679816002230274,0.06536102592695847,-0.0016496917993318,-0.00119047781408635,0.0009184279704909,0.6914078025592552,0.7861692797925224,0.18952295446653444,-0.4619092962045449,-0.4390017413282134,0.04581510975266301,0.2283721216089039,0.25732938515898496,0.057914527100162094,1.2802917412853867,1.374411570532333,0.18823965849389257
0.83,0.155510547233262,342,770,81046,441202,1112,0.0021247324977071,0.3075539568345323,0.0042020936747432,0.998257808186944,0.5012299509308435,0.008290909090909,1.9777048072064785,-0.003544158251336,-0.0015007473815012,329,0.90178335195552,0.2401215805471124,0.4437689969604863,-0.0016635881200671,-0.0016635881200671,-0.0015973472666086,0.6873229962969051,-0.4585807461252147,0.0,0.2283721216089039,1.4685313997792793,0.2236104783599088,1221,2694,116577,406308,3915,0.0074316628701594,0.3118773946360153,0.010365201446544,0.9934132351431044,0.5018892182948242,0.0200635922210445,1.3947351525004914,-0.0035135459195742,-0.0038378870676836,404,1.1043301145218576,0.3267326732673267,0.5074257425742574,-0.0006239432214376,-0.0006239432214376,0.0002439307274325,0.89816948414804,-0.3568436421253855,0.0,0.286286648709066,1.2802917412853867,BTCUSDT,BAJA,v4_52_balanceado,52,0.3075539568345323,0.3097156757352738,0.004323437801483032,0.0042020936747432,0.0072836475606436,0.0061631077718008005,0.008290909090909,0.014177250655976751,0.0117726831301355,1.3947351525004914,1.686219979853485,0.582969654705987,329,366.5,75,0.2401215805471124,0.28342712690721955,0.08661109272021428,0.4437689969604863,0.4755973697673719,0.06365674561377116,-0.0016635881200671,-0.00114376567075235,0.0010396448986295,0.6873229962969051,0.7927462402224725,0.2108464878511349,-0.4585807461252147,-0.40771219412530013,0.10173710399982921,0.2283721216089039,0.25732938515898496,0.057914527100162094,1.2802917412853867,1.374411570532333,0.18823965849389257
0.84,0.155510547233262,309,682,81079,441290,991,0.001893534087435,0.3118062563067608,0.0037966284956013,0.9984569158227218,0.5011267721591616,0.0075019118950217,2.0050489298263425,-0.0032541299725257,-0.0013044976049119,312,0.8551866437997636,0.2467948717948718,0.4519230769230769,-0.0016991090301102,-0.0016991090301102,-0.0015333033188053,0.6807265361042486,-0.4480085986454342,0.0,0.2283721216089039,1.4685313997792793,0.2236104783599088,1062,2350,116736,406652,3412,0.0064768413059984,0.3112543962485345,0.0090154331992054,0.9942543068249056,0.5016348700120554,0.0175233066578665,1.391949064871458,-0.0034784460054087,-0.0041531039231623,363,0.992257008840184,0.3278236914600551,0.5041322314049587,-0.0007215972057433,-0.0007215972057433,7.56464510945909e-05,0.8845760538394443,-0.3497323771739483,0.0,0.286286648709066,1.2802917412853867,BTCUSDT,BAJA,v4_52_balanceado,52,0.3112543962485345,0.31153032627764765,0.0005518600582262723,0.0037966284956013,0.00640603084740335,0.005218804703604101,0.0075019118950217,0.0125126092764441,0.0100213947628448,1.391949064871458,1.6984989973489002,0.6130998649548844,312,337.5,51,0.2467948717948718,0.28730928162746344,0.08102881966518327,0.4519230769230769,0.4780276541640178,0.05220915448188174,-0.0016991090301102,-0.00121035311792675,0.0009775118243669,0.6807265361042486,0.7826512949718465,0.20384951773519566,-0.4480085986454342,-0.39887048790969126,0.0982762214714859,0.2283721216089039,0.25732938515898496,0.057914527100162094,1.2802917412853867,1.374411570532333,0.18823965849389257
0.85,0.155510547233262,271,594,81117,441378,865,0.0016527820238459,0.3132947976878613,0.0033297291984076,0.9986560234584996,0.5009928763284537,0.0065894253097151,2.014620893963718,-0.0028752036182789,-0.0010425842350101,292,0.8003669871459326,0.2534246575342466,0.4452054794520548,-0.0019157722018631,-0.0019157722018631,-0.0015784097701833,0.6547368804312874,-0.4629892215691786,0.0,0.2283721216089039,1.4685313997792793,0.2236104783599088,940,2056,116858,406946,2996,0.0056871678056188,0.3137516688918558,0.0079797619653983,0.9949731297157473,0.5014764458405727,0.0155636869380929,1.4031170238223878,-0.0033393472469602,-0.0042340194048623,338,0.9239197492781878,0.3106508875739645,0.4852071005917159,-0.0010978177452613,-0.0010978177452613,-0.0005323745609754,0.831177521389008,-0.4041097905715979,0.0,0.286286648709066,1.2802917412853867,BTCUSDT,BAJA,v4_52_balanceado,52,0.3132947976878613,0.31352323328985854,0.0004568712039945133,0.0033297291984076,0.0056547455819029495,0.0046500327669907,0.0065894253097151,0.011076556123904,0.0089742616283778,1.4031170238223878,1.7088689588930528,0.6115038701413302,292,315.0,46,0.2534246575342466,0.28203777255410556,0.057226230039717885,0.4452054794520548,0.46520629002188535,0.0400016211396611,-0.0019157722018631,-0.0015067949735622001,0.0008179544566018001,0.6547368804312874,0.7429572009101477,0.1764406409577206,-0.4629892215691786,-0.4335495060703882,0.058879430997580695,0.2283721216089039,0.25732938515898496,0.057914527100162094,1.2802917412853867,1.374411570532333,0.18823965849389257
0.86,0.155510547233262,233,523,81155,441449,756,0.0014445123815346,0.3082010582010582,0.0028628299012139,0.998816667119184,0.500839748510199,0.0056729645500584,1.981865948544083,-0.0027854750814097,-0.0010039027512526,265,0.7263604506632607,0.2452830188679245,0.4377358490566038,-0.0022508416564914,-0.0022508416564914,-0.0015973472666086,0.6144187636199382,-0.4770985963276779,0.0,0.2283721216089039,1.4685313997792793,0.2236104783599088,813,1827,116985,407175,2640,0.00501138952164,0.3079545454545455,0.0069016451892222,0.9955330291783414,0.5012173371837818,0.0135007223633736,1.3771919263947991,-0.0035390814817723,-0.0045445374214536,310,0.8473820185687521,0.3161290322580645,0.4903225806451612,-0.0010451513026591,-0.0010451513026591,-0.0004499992987549,0.8415493560436584,-0.4074472801436614,0.0,0.286286648709066,1.2802917412853867,BTCUSDT,BAJA,v4_52_balanceado,52,0.3079545454545455,0.30807780182780187,0.00024651274651271704,0.0028628299012139,0.00488223754521805,0.004038815288008301,0.0056729645500584,0.009586843456716,0.007827757813315201,1.3771919263947991,1.679528937469441,0.6046740221492839,265,287.5,45,0.2452830188679245,0.2807060255629945,0.07084601339013999,0.4377358490566038,0.4640292148508825,0.05258673158855742,-0.0022508416564914,-0.0016479964795752498,0.0012056903538322998,0.6144187636199382,0.7279840598317984,0.22713059242372025,-0.4770985963276779,-0.44227293823566965,0.06965131618401654,0.2283721216089039,0.25732938515898496,0.057914527100162094,1.2802917412853867,1.374411570532333,0.18823965849389257
0.87,0.155510547233262,190,462,81198,441510,652,0.0012457963925405,0.2914110429447852,0.0023344964859684,0.9989546849121664,0.5006445906990674,0.0046318868844466,1.87389889708044,-0.0028032321052778,-0.0018153304979646,245,0.6715407940094298,0.2489795918367346,0.4285714285714285,-0.0019982669422665,-0.0019982669422665,-0.0017974284964576,0.6500721526606441,-0.4074410561055804,0.0,0.2283721216089039,1.4685313997792793,0.2236104783599088,705,1602,117093,407400,2307,0.004379271070615,0.305591677503251,0.0059848214740487,0.996083148737659,0.501033985105854,0.011739727738229,1.366625033605941,-0.0038485461143217,-0.0048956845238095,280,0.7653773070943567,0.3178571428571428,0.4785714285714286,-0.0011907614729962,-0.0011907614729962,-0.0006415182727146,0.8236535142790293,-0.4011416991598624,0.0,0.286286648709066,1.2802917412853867,BTCUSDT,BAJA,v4_52_balanceado,52,0.2914110429447852,0.2985013602240181,0.014180634558465799,0.0023344964859684,0.00415965898000855,0.0036503249880803,0.0046318868844466,0.0081858073113378,0.0071078408537824005,1.366625033605941,1.6202619653431904,0.5072738634744991,245,262.5,35,0.2489795918367346,0.2834183673469387,0.06887755102040818,0.4285714285714285,0.4535714285714285,0.0500000000000001,-0.0019982669422665,-0.00159451420763135,0.0008075054692703,0.6500721526606441,0.7368628334698367,0.17358136161838522,-0.4074410561055804,-0.4042913776327214,0.006299356945717982,0.2283721216089039,0.25732938515898496,0.057914527100162094,1.2802917412853867,1.374411570532333,0.18823965849389257
0.88,0.155510547233262,155,413,81233,441559,568,0.0010852950168144,0.272887323943662,0.0019044576596058,0.9990655516639064,0.500485004661756,0.0037825174483869,1.754783381569211,-0.0030267148057709,-0.0019467538606249,229,0.627685068686365,0.2489082969432314,0.4279475982532751,-0.0018873555971272,-0.0018873555971272,-0.0018332324994716,0.6577420458243243,-0.3600749312337528,0.0,0.2283721216089039,1.4685313997792793,0.2236104783599088,593,1391,117205,407611,1984,0.0037661351556567,0.298891129032258,0.00503404132498,0.996599038635508,0.500816539980244,0.0099013207326643,1.336659763104582,-0.0044354752626423,-0.0052727991283162,255,0.6970400475323606,0.3490196078431372,0.5019607843137255,-0.0005296540987853,-0.0005296540987853,7.56464510945909e-05,0.918623451763897,-0.2723803575681799,0.0,0.286286648709066,1.2802917412853867,BTCUSDT,BAJA,v4_52_balanceado,52,0.272887323943662,0.28588922648796,0.02600380508859601,0.0019044576596058,0.0034692494922929,0.0031295836653742,0.0037825174483869,0.0068419190905256,0.006118803284277401,1.336659763104582,1.5457215723368964,0.4181236184646291,229,242.0,26,0.2489082969432314,0.2989639523931843,0.10011131089990577,0.4279475982532751,0.4649541912835003,0.07401318606045038,-0.0018873555971272,-0.00120850484795625,0.0013577014983419,0.6577420458243243,0.7881827487941107,0.26088140593957276,-0.3600749312337528,-0.31622764440096635,0.08769457366557287,0.2283721216089039,0.25732938515898496,0.057914527100162094,1.2802917412853867,1.374411570532333,0.18823965849389257
0.89,0.155510547233262,137,367,81251,441605,504,0.0009630082543564,0.2718253968253968,0.0016832948346193,0.9991696306553356,0.5004264627449775,0.0033458701704684,1.7479547314412405,-0.0033060530635669,-0.0020827564504675,213,0.5838293433633002,0.2676056338028169,0.4272300469483568,-0.0018313127576314,-0.0018313127576314,-0.0018332324994716,0.6789819761308378,-0.3325570419183785,0.0,0.2283721216089039,1.4685313997792793,0.2236104783599088,512,1217,117286,407785,1729,0.0032820804859529,0.296124927703875,0.0043464235385999,0.9970244644280468,0.5006854439833234,0.0085671019936918,1.324289138307963,-0.0046829541512624,-0.0055737460222167,219,0.5986343937630861,0.3378995433789954,0.4703196347031963,-0.0010316098224789,-0.0010316098224789,-0.0019824629943134,0.8503530541435677,-0.293487040997452,0.0,0.286286648709066,1.2802917412853867,BTCUSDT,BAJA,v4_52_balanceado,52,0.2718253968253968,0.2839751622646359,0.024299530878478193,0.0016832948346193,0.0030148591866096,0.0026631287039806002,0.0033458701704684,0.0059564860820801,0.005221231823223399,1.324289138307963,1.5361219348746018,0.42366559313327756,213,216.0,6,0.2676056338028169,0.30275258859090615,0.07029390957617854,0.4272300469483568,0.44877484082577657,0.04308958775483951,-0.0018313127576314,-0.00143146129005515,0.0007997029351524999,0.6789819761308378,0.7646675151372027,0.17137107801272988,-0.3325570419183785,-0.31302204145791523,0.039070000920926495,0.2283721216089039,0.25732938515898496,0.057914527100162094,1.2802917412853867,1.374411570532333,0.18823965849389257
0.9,0.155510547233262,117,333,81271,441639,450,0.0008598287985325,0.26,0.0014375583624121,0.9992465586055224,0.5003420584839673,0.0028593074122045,1.6719123212267166,-0.0038597311954034,-0.0023150592210341,199,0.5454555837056184,0.2512562814070351,0.4120603015075377,-0.0023157493608948,-0.0023157493608948,-0.0018892234317233,0.6003967748925894,-0.3750096481581595,0.0,0.2283721216089039,1.4685313997792793,0.2236104783599088,450,1073,117348,407929,1523,0.0028910402429764,0.2954694681549573,0.0038200988132226,0.99737654094601,0.5005983198796163,0.0075426789919628,1.3213578823412242,-0.0050349526488414,-0.0057736281224094,189,0.5166296822886908,0.3333333333333333,0.4761904761904761,-0.0010397492209865,-0.0010397492209865,-0.0016476380825085,0.8528447221992086,-0.2850906795610827,0.0,0.286286648709066,1.2802917412853867,BTCUSDT,BAJA,v4_52_balanceado,52,0.26,0.2777347340774786,0.03546946815495727,0.0014375583624121,0.00262882858781735,0.0023825404508105,0.0028593074122045,0.005200993202083649,0.0046833715797583,1.3213578823412242,1.4966351017839705,0.3505544388854924,189,194.0,10,0.2512562814070351,0.2922948073701842,0.08207705192629822,0.4120603015075377,0.4441253888490069,0.06413017468293841,-0.0023157493608948,-0.00167774929094065,0.0012760001399083,0.6003967748925894,0.726620748545899,0.25244794730661924,-0.3750096481581595,-0.3300501638596211,0.08991896859707682,0.2283721216089039,0.25732938515898496,0.057914527100162094,1.2802917412853867,1.374411570532333,0.18823965849389257
0.91,0.155510547233262,98,293,81290,441679,391,0.0007470956893916,0.2506393861892583,0.0012041087138153,0.9993370620763308,0.500270585395073,0.0023967033101407,1.6117195305943164,-0.0043582829313938,-0.0027227639981823,186,0.5098228068806283,0.2580645161290322,0.4086021505376344,-0.0022810747296844,-0.0022810747296844,-0.001930321516513,0.6183430719335476,-0.3593754773172961,0.0,0.2283721216089039,1.4685313997792793,0.2236104783599088,402,932,117396,408070,1334,0.0025322703113135,0.3013493253373313,0.0034126216064788,0.9977212825365156,0.5005669520714973,0.0067488164389081,1.347652970234691,-0.0052327293873503,-0.0058048842271003,175,0.4783608169339729,0.3428571428571428,0.4742857142857143,-0.0010779130326781,-0.0010779130326781,-0.0009077787423927,0.8496990873688595,-0.2422061404617472,0.0,0.286286648709066,1.2802917412853867,BTCUSDT,BAJA,v4_52_balanceado,52,0.2506393861892583,0.2759943557632948,0.05070993914807298,0.0012041087138153,0.00230836516014705,0.0022085128926635,0.0023967033101407,0.0045727598745244,0.004352113128767401,1.347652970234691,1.4796862504145039,0.2640665603596253,175,180.5,11,0.2580645161290322,0.3004608294930875,0.08479262672811061,0.4086021505376344,0.44144393241167434,0.06568356374807993,-0.0022810747296844,-0.00167949388118125,0.0012031616970062998,0.6183430719335476,0.7340210796512036,0.2313560154353118,-0.3593754773172961,-0.30079080888952164,0.11716933685554887,0.2283721216089039,0.25732938515898496,0.057914527100162094,1.2802917412853867,1.374411570532333,0.18823965849389257
0.92,0.155510547233262,81,248,81307,441724,329,0.0006286303882604,0.2462006079027355,0.0009952327124391,0.9994388784809898,0.5002170555967145,0.0019824516318513,1.583176268638813,-0.004643523633105,-0.0024542545255699,166,0.4550031502267973,0.2469879518072289,0.4216867469879518,-0.0023607355436342,-0.0023607355436342,-0.0018346620506218,0.6077174380296783,-0.3379994227190788,0.0,0.2283721216089039,1.4685313997792793,0.2236104783599088,362,813,117436,408189,1175,0.0022304479878511,0.3080851063829787,0.0030730572675257,0.9980122346589992,0.5005426459632625,0.0060854143377068,1.3777758030064449,-0.0053563807650546,-0.006274631177138,159,0.4346249708142954,0.3459119496855345,0.490566037735849,-0.0016722972171213,-0.0016722972171213,-0.0003420118510197,0.7788832179398998,-0.259117750163401,0.0,0.286286648709066,1.2802917412853867,BTCUSDT,BAJA,v4_52_balanceado,52,0.2462006079027355,0.27714285714285714,0.06188449848024319,0.0009952327124391,0.0020341449899824,0.0020778245550865998,0.0019824516318513,0.0040339329847790505,0.0041029627058555,1.3777758030064449,1.4804760358226288,0.20540046563236802,159,162.5,7,0.2469879518072289,0.2964499507463817,0.09892399787830561,0.4216867469879518,0.4561263923619004,0.06887929074789723,-0.0023607355436342,-0.00201651638037775,0.0006884383265128998,0.6077174380296783,0.693300327984789,0.17116577991022153,-0.3379994227190788,-0.2985585864412399,0.0788816725556778,0.2283721216089039,0.25732938515898496,0.057914527100162094,1.2802917412853867,1.374411570532333,0.18823965849389257
0.93,0.155510547233262,69,214,81319,441758,283,0.0005407367777438,0.2438162544169611,0.0008477908291148,0.9995158064311768,0.5001817986301458,0.0016897062604841,1.5678438456733277,-0.0054463816071413,-0.0031130082844259,149,0.4084064420710409,0.2483221476510067,0.4429530201342282,-0.0023320610365704,-0.0023320610365704,-0.0015973472666086,0.6056234393458763,-0.3062326950134594,0.0,0.2283721216089039,1.4685313997792793,0.2236104783599088,325,677,117473,408325,1002,0.0019020501138952,0.3243512974051896,0.0027589602539941,0.9983447513704088,0.5005518558122015,0.0054713804713804,1.4505192233573907,-0.0053377874607445,-0.006627995627126,142,0.388155634312138,0.3169014084507042,0.4647887323943662,-0.0022361776432629,-0.0022361776432629,-0.0016913784540805,0.716699563941906,-0.2886830171832391,0.0,0.286286648709066,1.2802917412853867,BTCUSDT,BAJA,v4_52_balanceado,52,0.2438162544169611,0.28408377591107536,0.0805350429882285,0.0008477908291148,0.00180337554155445,0.0019111694248793,0.0016897062604841,0.00358054336593225,0.0037816742108962996,1.4505192233573907,1.5091815345153592,0.11732462231593699,142,145.5,7,0.2483221476510067,0.28261177805085547,0.06857926079969748,0.4429530201342282,0.45387087626429723,0.021835712260137974,-0.0023320610365704,-0.00228411933991665,9.588339330750002e-05,0.6056234393458763,0.6611615016438912,0.11107612459602978,-0.3062326950134594,-0.29745785609834924,0.017549677830220323,0.2283721216089039,0.25732938515898496,0.057914527100162094,1.2802917412853867,1.374411570532333,0.18823965849389257
0.94,0.155510547233262,57,175,81331,441797,232,0.0004432895139101,0.2456896551724137,0.0007003489457905,0.9996040473152146,0.5001521981305026,0.0013967164910561,1.5798906218488535,-0.0051945842551969,-0.0030077771183721,131,0.359068751082593,0.2366412213740458,0.4351145038167939,-0.0026742672587012,-0.0026742672587012,-0.0017974284964576,0.5648795415017774,-0.3259232144420085,0.0,0.2283721216089039,1.4685313997792793,0.2236104783599088,287,536,117511,408466,823,0.0015622627182991,0.3487241798298906,0.0024363741319886,0.9986894929609146,0.5005629335464516,0.0048389408283524,1.5595162730639431,-0.004657778755799,-0.0064339320457729,125,0.3416862978099806,0.312,0.464,-0.0022317724472035,-0.0022317724472035,-0.0016476380825085,0.7259899302461957,-0.2595692394962114,0.0,0.286286648709066,1.2802917412853867,BTCUSDT,BAJA,v4_52_balanceado,52,0.2456896551724137,0.29720691750115213,0.10303452465747692,0.0007003489457905,0.00156836153888955,0.0017360251861980999,0.0013967164910561,0.00311782865970425,0.0034422243372962996,1.5595162730639431,1.5697034474563982,0.0203743487849104,125,128.0,6,0.2366412213740458,0.2743206106870229,0.07535877862595419,0.4351145038167939,0.44955725190839696,0.028885496183206127,-0.0026742672587012,-0.00245301985295235,0.0004424948114977001,0.5648795415017774,0.6454347358739866,0.1611103887444183,-0.3259232144420085,-0.29274622696910996,0.06635397494579709,0.2283721216089039,0.25732938515898496,0.057914527100162094,1.2802917412853867,1.374411570532333,0.18823965849389257
0.95,0.155510547233262,48,140,81340,441832,188,0.0003592173647202,0.2553191489361702,0.0005897675332972,0.9996832378521716,0.5001365026927345,0.0011768167107972,1.6418124267365464,-0.0050504598680976,-0.0030549683408666,113,0.3097310600941451,0.2389380530973451,0.4070796460176991,-0.0031999876307512,-0.0031999876307512,-0.0019203708366219,0.5233778076050001,-0.3122251582469897,0.0,0.2283721216089039,1.4685313997792793,0.2236104783599088,246,380,117552,408622,626,0.0011883067577828,0.3929712460063898,0.0020883206845617,0.999070909188708,0.5005796149366349,0.0041545632642032,1.7573919115449,-0.003179919824938,-0.0041232907528464,104,0.2842829997779039,0.3269230769230769,0.4807692307692308,-0.0016354842960565,-0.0016354842960565,-0.0008580997651993,0.8051065920845025,-0.2136039211142439,0.0,0.286286648709066,1.2802917412853867,BTCUSDT,BAJA,v4_52_balanceado,52,0.2553191489361702,0.32414519747128,0.13765209707021958,0.0005897675332972,0.00133904410892945,0.0014985531512645002,0.0011768167107972,0.0026656899875002003,0.002977746553406,1.6418124267365464,1.6996021691407233,0.11557948480835356,104,108.5,9,0.2389380530973451,0.282930565010211,0.08798502382573184,0.4070796460176991,0.44392443839346496,0.0736895847515317,-0.0031999876307512,-0.00241773596340385,0.0015645033346947,0.5233778076050001,0.6642421998447513,0.28172878447950245,-0.3122251582469897,-0.2629145396806168,0.09862123713274581,0.2283721216089039,0.25732938515898496,0.057914527100162094,1.2802917412853867,1.374411570532333,0.18823965849389257
0.05,0.155510547233262,81388,441972,0,0,523360,1.0,0.155510547233262,1.0,0.0,0.5,0.269163353992076,1.0,-0.0004843634267097,-0.0001133596097885,2182,5.980824540932963,0.1549037580201649,0.4885426214482126,-0.0004846609185768,-0.0004846609185768,-8.116316508999244e-05,0.837945773853495,-0.694892172075785,0.0,0.226948744133644,1.4593784677075732,0.2236104783599088,117798,409002,0,0,526800,1.0,0.2236104783599088,1.0,0.0,0.5,0.3654929118613461,1.0,-0.000421163903572,-0.0003529744518918,2195,6.0000113895432605,0.2291571753986332,0.4783599088838269,-0.0004259415340564,-0.0004259415340564,-0.0003394659167264,0.8917782139928262,-0.7131877600773733,0.0,0.2859445303503401,1.2787617666561333,BTCUSDT,BAJA,v4_63_balanceado,63,0.155510547233262,0.1895605127965854,0.0680999311266468,1.0,1.0,0.0,0.269163353992076,0.317328132926711,0.09632955786927005,1.0,1.0,0.0,2182,2188.5,13,0.1549037580201649,0.19203046670939905,0.0742534173784683,0.4783599088838269,0.4834512651660198,0.010182712564385688,-0.0004846609185768,-0.0004553012263166,5.8719384520399996e-05,0.837945773853495,0.8648619939231605,0.053832440139331195,-0.7131877600773733,-0.7040399660765791,0.01829558800158826,0.226948744133644,0.25644663724199207,0.05899578621669613,1.2787617666561333,1.3690701171818533,0.1806167010514399
0.06,0.155510547233262,81388,441972,0,0,523360,1.0,0.155510547233262,1.0,0.0,0.5,0.269163353992076,1.0,-0.0004843634267097,-0.0001133596097885,2182,5.980824540932963,0.1549037580201649,0.4885426214482126,-0.0004846609185768,-0.0004846609185768,-8.116316508999244e-05,0.837945773853495,-0.694892172075785,0.0,0.226948744133644,1.4593784677075732,0.2236104783599088,117798,409002,0,0,526800,1.0,0.2236104783599088,1.0,0.0,0.5,0.3654929118613461,1.0,-0.000421163903572,-0.0003529744518918,2195,6.0000113895432605,0.2291571753986332,0.4783599088838269,-0.0004259415340564,-0.0004259415340564,-0.0003394659167264,0.8917782139928262,-0.7131877600773733,0.0,0.2859445303503401,1.2787617666561333,BTCUSDT,BAJA,v4_63_balanceado,63,0.155510547233262,0.1895605127965854,0.0680999311266468,1.0,1.0,0.0,0.269163353992076,0.317328132926711,0.09632955786927005,1.0,1.0,0.0,2182,2188.5,13,0.1549037580201649,0.19203046670939905,0.0742534173784683,0.4783599088838269,0.4834512651660198,0.010182712564385688,-0.0004846609185768,-0.0004553012263166,5.8719384520399996e-05,0.837945773853495,0.8648619939231605,0.053832440139331195,-0.7131877600773733,-0.7040399660765791,0.01829558800158826,0.226948744133644,0.25644663724199207,0.05899578621669613,1.2787617666561333,1.3690701171818533,0.1806167010514399
0.07,0.155510547233262,81388,441972,0,0,523360,1.0,0.155510547233262,1.0,0.0,0.5,0.269163353992076,1.0,-0.0004843634267097,-0.0001133596097885,2182,5.980824540932963,0.1549037580201649,0.4885426214482126,-0.0004846609185768,-0.0004846609185768,-8.116316508999244e-05,0.837945773853495,-0.694892172075785,0.0,0.226948744133644,1.4593784677075732,0.2236104783599088,117798,409002,0,0,526800,1.0,0.2236104783599088,1.0,0.0,0.5,0.3654929118613461,1.0,-0.000421163903572,-0.0003529744518918,2195,6.0000113895432605,0.2291571753986332,0.4783599088838269,-0.0004259415340564,-0.0004259415340564,-0.0003394659167264,0.8917782139928262,-0.7131877600773733,0.0,0.2859445303503401,1.2787617666561333,BTCUSDT,BAJA,v4_63_balanceado,63,0.155510547233262,0.1895605127965854,0.0680999311266468,1.0,1.0,0.0,0.269163353992076,0.317328132926711,0.09632955786927005,1.0,1.0,0.0,2182,2188.5,13,0.1549037580201649,0.19203046670939905,0.0742534173784683,0.4783599088838269,0.4834512651660198,0.010182712564385688,-0.0004846609185768,-0.0004553012263166,5.8719384520399996e-05,0.837945773853495,0.8648619939231605,0.053832440139331195,-0.7131877600773733,-0.7040399660765791,0.01829558800158826,0.226948744133644,0.25644663724199207,0.05899578621669613,1.2787617666561333,1.3690701171818533,0.1806167010514399
0.08,0.155510547233262,81388,441972,0,0,523360,1.0,0.155510547233262,1.0,0.0,0.5,0.269163353992076,1.0,-0.0004843634267097,-0.0001133596097885,2182,5.980824540932963,0.1549037580201649,0.4885426214482126,-0.0004846609185768,-0.0004846609185768,-8.116316508999244e-05,0.837945773853495,-0.694892172075785,0.0,0.226948744133644,1.4593784677075732,0.2236104783599088,117798,409002,0,0,526800,1.0,0.2236104783599088,1.0,0.0,0.5,0.3654929118613461,1.0,-0.000421163903572,-0.0003529744518918,2195,6.0000113895432605,0.2291571753986332,0.4783599088838269,-0.0004259415340564,-0.0004259415340564,-0.0003394659167264,0.8917782139928262,-0.7131877600773733,0.0,0.2859445303503401,1.2787617666561333,BTCUSDT,BAJA,v4_63_balanceado,63,0.155510547233262,0.1895605127965854,0.0680999311266468,1.0,1.0,0.0,0.269163353992076,0.317328132926711,0.09632955786927005,1.0,1.0,0.0,2182,2188.5,13,0.1549037580201649,0.19203046670939905,0.0742534173784683,0.4783599088838269,0.4834512651660198,0.010182712564385688,-0.0004846609185768,-0.0004553012263166,5.8719384520399996e-05,0.837945773853495,0.8648619939231605,0.053832440139331195,-0.7131877600773733,-0.7040399660765791,0.01829558800158826,0.226948744133644,0.25644663724199207,0.05899578621669613,1.2787617666561333,1.3690701171818533,0.1806167010514399
0.09,0.155510547233262,81388,441972,0,0,523360,1.0,0.155510547233262,1.0,0.0,0.5,0.269163353992076,1.0,-0.0004843634267097,-0.0001133596097885,2182,5.980824540932963,0.1549037580201649,0.4885426214482126,-0.0004846609185768,-0.0004846609185768,-8.116316508999244e-05,0.837945773853495,-0.694892172075785,0.0,0.226948744133644,1.4593784677075732,0.2236104783599088,117798,409002,0,0,526800,1.0,0.2236104783599088,1.0,0.0,0.5,0.3654929118613461,1.0,-0.000421163903572,-0.0003529744518918,2195,6.0000113895432605,0.2291571753986332,0.4783599088838269,-0.0004259415340564,-0.0004259415340564,-0.0003394659167264,0.8917782139928262,-0.7131877600773733,0.0,0.2859445303503401,1.2787617666561333,BTCUSDT,BAJA,v4_63_balanceado,63,0.155510547233262,0.1895605127965854,0.0680999311266468,1.0,1.0,0.0,0.269163353992076,0.317328132926711,0.09632955786927005,1.0,1.0,0.0,2182,2188.5,13,0.1549037580201649,0.19203046670939905,0.0742534173784683,0.4783599088838269,0.4834512651660198,0.010182712564385688,-0.0004846609185768,-0.0004553012263166,5.8719384520399996e-05,0.837945773853495,0.8648619939231605,0.053832440139331195,-0.7131877600773733,-0.7040399660765791,0.01829558800158826,0.226948744133644,0.25644663724199207,0.05899578621669613,1.2787617666561333,1.3690701171818533,0.1806167010514399
0.1,0.155510547233262,81388,441972,0,0,523360,1.0,0.155510547233262,1.0,0.0,0.5,0.269163353992076,1.0,-0.0004843634267097,-0.0001133596097885,2182,5.980824540932963,0.1549037580201649,0.4885426214482126,-0.0004846609185768,-0.0004846609185768,-8.116316508999244e-05,0.837945773853495,-0.694892172075785,0.0,0.226948744133644,1.4593784677075732,0.2236104783599088,117798,409002,0,0,526800,1.0,0.2236104783599088,1.0,0.0,0.5,0.3654929118613461,1.0,-0.000421163903572,-0.0003529744518918,2195,6.0000113895432605,0.2291571753986332,0.4783599088838269,-0.0004259415340564,-0.0004259415340564,-0.0003394659167264,0.8917782139928262,-0.7131877600773733,0.0,0.2859445303503401,1.2787617666561333,BTCUSDT,BAJA,v4_63_balanceado,63,0.155510547233262,0.1895605127965854,0.0680999311266468,1.0,1.0,0.0,0.269163353992076,0.317328132926711,0.09632955786927005,1.0,1.0,0.0,2182,2188.5,13,0.1549037580201649,0.19203046670939905,0.0742534173784683,0.4783599088838269,0.4834512651660198,0.010182712564385688,-0.0004846609185768,-0.0004553012263166,5.8719384520399996e-05,0.837945773853495,0.8648619939231605,0.053832440139331195,-0.7131877600773733,-0.7040399660765791,0.01829558800158826,0.226948744133644,0.25644663724199207,0.05899578621669613,1.2787617666561333,1.3690701171818533,0.1806167010514399
0.11,0.155510547233262,81388,441972,0,0,523360,1.0,0.155510547233262,1.0,0.0,0.5,0.269163353992076,1.0,-0.0004843634267097,-0.0001133596097885,2182,5.980824540932963,0.1549037580201649,0.4885426214482126,-0.0004846609185768,-0.0004846609185768,-8.116316508999244e-05,0.837945773853495,-0.694892172075785,0.0,0.226948744133644,1.4593784677075732,0.2236104783599088,117798,409002,0,0,526800,1.0,0.2236104783599088,1.0,0.0,0.5,0.3654929118613461,1.0,-0.000421163903572,-0.0003529744518918,2195,6.0000113895432605,0.2291571753986332,0.4783599088838269,-0.0004259415340564,-0.0004259415340564,-0.0003394659167264,0.8917782139928262,-0.7131877600773733,0.0,0.2859445303503401,1.2787617666561333,BTCUSDT,BAJA,v4_63_balanceado,63,0.155510547233262,0.1895605127965854,0.0680999311266468,1.0,1.0,0.0,0.269163353992076,0.317328132926711,0.09632955786927005,1.0,1.0,0.0,2182,2188.5,13,0.1549037580201649,0.19203046670939905,0.0742534173784683,0.4783599088838269,0.4834512651660198,0.010182712564385688,-0.0004846609185768,-0.0004553012263166,5.8719384520399996e-05,0.837945773853495,0.8648619939231605,0.053832440139331195,-0.7131877600773733,-0.7040399660765791,0.01829558800158826,0.226948744133644,0.25644663724199207,0.05899578621669613,1.2787617666561333,1.3690701171818533,0.1806167010514399
0.12,0.155510547233262,81388,441972,0,0,523360,1.0,0.155510547233262,1.0,0.0,0.5,0.269163353992076,1.0,-0.0004843634267097,-0.0001133596097885,2182,5.980824540932963,0.1549037580201649,0.4885426214482126,-0.0004846609185768,-0.0004846609185768,-8.116316508999244e-05,0.837945773853495,-0.694892172075785,0.0,0.226948744133644,1.4593784677075732,0.2236104783599088,117798,409002,0,0,526800,1.0,0.2236104783599088,1.0,0.0,0.5,0.3654929118613461,1.0,-0.000421163903572,-0.0003529744518918,2195,6.0000113895432605,0.2291571753986332,0.4783599088838269,-0.0004259415340564,-0.0004259415340564,-0.0003394659167264,0.8917782139928262,-0.7131877600773733,0.0,0.2859445303503401,1.2787617666561333,BTCUSDT,BAJA,v4_63_balanceado,63,0.155510547233262,0.1895605127965854,0.0680999311266468,1.0,1.0,0.0,0.269163353992076,0.317328132926711,0.09632955786927005,1.0,1.0,0.0,2182,2188.5,13,0.1549037580201649,0.19203046670939905,0.0742534173784683,0.4783599088838269,0.4834512651660198,0.010182712564385688,-0.0004846609185768,-0.0004553012263166,5.8719384520399996e-05,0.837945773853495,0.8648619939231605,0.053832440139331195,-0.7131877600773733,-0.7040399660765791,0.01829558800158826,0.226948744133644,0.25644663724199207,0.05899578621669613,1.2787617666561333,1.3690701171818533,0.1806167010514399
0.13,0.155510547233262,81388,441972,0,0,523360,1.0,0.155510547233262,1.0,0.0,0.5,0.269163353992076,1.0,-0.0004843634267097,-0.0001133596097885,2182,5.980824540932963,0.1549037580201649,0.4885426214482126,-0.0004846609185768,-0.0004846609185768,-8.116316508999244e-05,0.837945773853495,-0.694892172075785,0.0,0.226948744133644,1.4593784677075732,0.2236104783599088,117798,409002,0,0,526800,1.0,0.2236104783599088,1.0,0.0,0.5,0.3654929118613461,1.0,-0.000421163903572,-0.0003529744518918,2195,6.0000113895432605,0.2291571753986332,0.4783599088838269,-0.0004259415340564,-0.0004259415340564,-0.0003394659167264,0.8917782139928262,-0.7131877600773733,0.0,0.2859445303503401,1.2787617666561333,BTCUSDT,BAJA,v4_63_balanceado,63,0.155510547233262,0.1895605127965854,0.0680999311266468,1.0,1.0,0.0,0.269163353992076,0.317328132926711,0.09632955786927005,1.0,1.0,0.0,2182,2188.5,13,0.1549037580201649,0.19203046670939905,0.0742534173784683,0.4783599088838269,0.4834512651660198,0.010182712564385688,-0.0004846609185768,-0.0004553012263166,5.8719384520399996e-05,0.837945773853495,0.8648619939231605,0.053832440139331195,-0.7131877600773733,-0.7040399660765791,0.01829558800158826,0.226948744133644,0.25644663724199207,0.05899578621669613,1.2787617666561333,1.3690701171818533,0.1806167010514399
0.14,0.155510547233262,81388,441972,0,0,523360,1.0,0.155510547233262,1.0,0.0,0.5,0.269163353992076,1.0,-0.0004843634267097,-0.0001133596097885,2182,5.980824540932963,0.1549037580201649,0.4885426214482126,-0.0004846609185768,-0.0004846609185768,-8.116316508999244e-05,0.837945773853495,-0.694892172075785,0.0,0.226948744133644,1.4593784677075732,0.2236104783599088,117798,409002,0,0,526800,1.0,0.2236104783599088,1.0,0.0,0.5,0.3654929118613461,1.0,-0.000421163903572,-0.0003529744518918,2195,6.0000113895432605,0.2291571753986332,0.4783599088838269,-0.0004259415340564,-0.0004259415340564,-0.0003394659167264,0.8917782139928262,-0.7131877600773733,0.0,0.2859445303503401,1.2787617666561333,BTCUSDT,BAJA,v4_63_balanceado,63,0.155510547233262,0.1895605127965854,0.0680999311266468,1.0,1.0,0.0,0.269163353992076,0.317328132926711,0.09632955786927005,1.0,1.0,0.0,2182,2188.5,13,0.1549037580201649,0.19203046670939905,0.0742534173784683,0.4783599088838269,0.4834512651660198,0.010182712564385688,-0.0004846609185768,-0.0004553012263166,5.8719384520399996e-05,0.837945773853495,0.8648619939231605,0.053832440139331195,-0.7131877600773733,-0.7040399660765791,0.01829558800158826,0.226948744133644,0.25644663724199207,0.05899578621669613,1.2787617666561333,1.3690701171818533,0.1806167010514399
0.15,0.155510547233262,81388,441972,0,0,523360,1.0,0.155510547233262,1.0,0.0,0.5,0.269163353992076,1.0,-0.0004843634267097,-0.0001133596097885,2182,5.980824540932963,0.1549037580201649,0.4885426214482126,-0.0004846609185768,-0.0004846609185768,-8.116316508999244e-05,0.837945773853495,-0.694892172075785,0.0,0.226948744133644,1.4593784677075732,0.2236104783599088,117798,409002,0,0,526800,1.0,0.2236104783599088,1.0,0.0,0.5,0.3654929118613461,1.0,-0.000421163903572,-0.0003529744518918,2195,6.0000113895432605,0.2291571753986332,0.4783599088838269,-0.0004259415340564,-0.0004259415340564,-0.0003394659167264,0.8917782139928262,-0.7131877600773733,0.0,0.2859445303503401,1.2787617666561333,BTCUSDT,BAJA,v4_63_balanceado,63,0.155510547233262,0.1895605127965854,0.0680999311266468,1.0,1.0,0.0,0.269163353992076,0.317328132926711,0.09632955786927005,1.0,1.0,0.0,2182,2188.5,13,0.1549037580201649,0.19203046670939905,0.0742534173784683,0.4783599088838269,0.4834512651660198,0.010182712564385688,-0.0004846609185768,-0.0004553012263166,5.8719384520399996e-05,0.837945773853495,0.8648619939231605,0.053832440139331195,-0.7131877600773733,-0.7040399660765791,0.01829558800158826,0.226948744133644,0.25644663724199207,0.05899578621669613,1.2787617666561333,1.3690701171818533,0.1806167010514399
0.16,0.155510547233262,81388,441972,0,0,523360,1.0,0.155510547233262,1.0,0.0,0.5,0.269163353992076,1.0,-0.0004843634267097,-0.0001133596097885,2182,5.980824540932963,0.1549037580201649,0.4885426214482126,-0.0004846609185768,-0.0004846609185768,-8.116316508999244e-05,0.837945773853495,-0.694892172075785,0.0,0.226948744133644,1.4593784677075732,0.2236104783599088,117798,409002,0,0,526800,1.0,0.2236104783599088,1.0,0.0,0.5,0.3654929118613461,1.0,-0.000421163903572,-0.0003529744518918,2195,6.0000113895432605,0.2291571753986332,0.4783599088838269,-0.0004259415340564,-0.0004259415340564,-0.0003394659167264,0.8917782139928262,-0.7131877600773733,0.0,0.2859445303503401,1.2787617666561333,BTCUSDT,BAJA,v4_63_balanceado,63,0.155510547233262,0.1895605127965854,0.0680999311266468,1.0,1.0,0.0,0.269163353992076,0.317328132926711,0.09632955786927005,1.0,1.0,0.0,2182,2188.5,13,0.1549037580201649,0.19203046670939905,0.0742534173784683,0.4783599088838269,0.4834512651660198,0.010182712564385688,-0.0004846609185768,-0.0004553012263166,5.8719384520399996e-05,0.837945773853495,0.8648619939231605,0.053832440139331195,-0.7131877600773733,-0.7040399660765791,0.01829558800158826,0.226948744133644,0.25644663724199207,0.05899578621669613,1.2787617666561333,1.3690701171818533,0.1806167010514399
0.17,0.155510547233262,81388,441972,0,0,523360,1.0,0.155510547233262,1.0,0.0,0.5,0.269163353992076,1.0,-0.0004843634267097,-0.0001133596097885,2182,5.980824540932963,0.1549037580201649,0.4885426214482126,-0.0004846609185768,-0.0004846609185768,-8.116316508999244e-05,0.837945773853495,-0.694892172075785,0.0,0.226948744133644,1.4593784677075732,0.2236104783599088,117798,409002,0,0,526800,1.0,0.2236104783599088,1.0,0.0,0.5,0.3654929118613461,1.0,-0.000421163903572,-0.0003529744518918,2195,6.0000113895432605,0.2291571753986332,0.4783599088838269,-0.0004259415340564,-0.0004259415340564,-0.0003394659167264,0.8917782139928262,-0.7131877600773733,0.0,0.2859445303503401,1.2787617666561333,BTCUSDT,BAJA,v4_63_balanceado,63,0.155510547233262,0.1895605127965854,0.0680999311266468,1.0,1.0,0.0,0.269163353992076,0.317328132926711,0.09632955786927005,1.0,1.0,0.0,2182,2188.5,13,0.1549037580201649,0.19203046670939905,0.0742534173784683,0.4783599088838269,0.4834512651660198,0.010182712564385688,-0.0004846609185768,-0.0004553012263166,5.8719384520399996e-05,0.837945773853495,0.8648619939231605,0.053832440139331195,-0.7131877600773733,-0.7040399660765791,0.01829558800158826,0.226948744133644,0.25644663724199207,0.05899578621669613,1.2787617666561333,1.3690701171818533,0.1806167010514399
0.18,0.155510547233262,81388,441972,0,0,523360,1.0,0.155510547233262,1.0,0.0,0.5,0.269163353992076,1.0,-0.0004843634267097,-0.0001133596097885,2182,5.980824540932963,0.1549037580201649,0.4885426214482126,-0.0004846609185768,-0.0004846609185768,-8.116316508999244e-05,0.837945773853495,-0.694892172075785,0.0,0.226948744133644,1.4593784677075732,0.2236104783599088,117798,408996,0,6,526794,0.99998861047836,0.2236130252052984,1.0,1.466985491513489e-05,0.5000073349274575,0.3654963139474271,1.0000113896513627,-0.0004211435322933,-0.0003529187203847,2195,6.0000113895432605,0.2291571753986332,0.4783599088838269,-0.0004259415340564,-0.0004259415340564,-0.0003394659167264,0.8917782139928262,-0.7131877600773733,0.0,0.2859445303503401,1.2787617666561333,BTCUSDT,BAJA,v4_63_balanceado,63,0.155510547233262,0.18956178621928021,0.06810247797203642,1.0,1.0,0.0,0.269163353992076,0.31732983396975156,0.09633295995535107,1.0,1.0000056948256812,1.1389651362714304e-05,2182,2188.5,13,0.1549037580201649,0.19203046670939905,0.0742534173784683,0.4783599088838269,0.4834512651660198,0.010182712564385688,-0.0004846609185768,-0.0004553012263166,5.8719384520399996e-05,0.837945773853495,0.8648619939231605,0.053832440139331195,-0.7131877600773733,-0.7040399660765791,0.01829558800158826,0.226948744133644,0.25644663724199207,0.05899578621669613,1.2787617666561333,1.3690701171818533,0.1806167010514399
0.19,0.155510547233262,81388,441971,0,1,523359,0.9999980892693366,0.1555108443726008,1.0,2.262586770202637e-06,0.5000011312933851,0.2691637990763079,1.0000019107343143,-0.0004843643931253,-0.000113362886408,2182,5.980824540932963,0.1549037580201649,0.4885426214482126,-0.0004846609185768,-0.0004846609185768,-8.116316508999244e-05,0.837945773853495,-0.694892172075785,0.0,0.226948744133644,1.4593784677075732,0.2236104783599088,117798,408991,0,11,526789,0.9999791192103265,0.2236151476207741,1.0,2.689473401108063e-05,0.5000134473670056,0.3654991490675425,1.00002088122569,-0.0004211462211996,-0.0003529339410164,2195,6.0000113895432605,0.2291571753986332,0.4783599088838269,-0.0004259415340564,-0.0004259415340564,-0.0003394659167264,0.8917782139928262,-0.7131877600773733,0.0,0.2859445303503401,1.2787617666561333,BTCUSDT,BAJA,v4_63_balanceado,63,0.1555108443726008,0.18956299599668747,0.06810430324817332,1.0,1.0,0.0,0.2691637990763079,0.3173314740719252,0.09633534999123461,1.0000019107343143,1.0000113959800023,1.897049137578044e-05,2182,2188.5,13,0.1549037580201649,0.19203046670939905,0.0742534173784683,0.4783599088838269,0.4834512651660198,0.010182712564385688,-0.0004846609185768,-0.0004553012263166,5.8719384520399996e-05,0.837945773853495,0.8648619939231605,0.053832440139331195,-0.7131877600773733,-0.7040399660765791,0.01829558800158826,0.226948744133644,0.25644663724199207,0.05899578621669613,1.2787617666561333,1.3690701171818533,0.1806167010514399
0.2,0.155510547233262,81388,441970,0,2,523358,0.9999961785386732,0.1555111415130751,1.0,4.525173540405274e-06,0.5000022625867702,0.2691642441620118,1.0000038214759306,-0.0004843643545304,-0.0001133596097885,2182,5.980824540932963,0.1549037580201649,0.4885426214482126,-0.0004846609185768,-0.0004846609185768,-8.116316508999244e-05,0.837945773853495,-0.694892172075785,0.0,0.226948744133644,1.4593784677075732,0.2236104783599088,117798,408969,0,33,526767,0.9999373576309796,0.2236244867275285,1.0,8.068420203324189e-05,0.5000403421010167,0.3655116241185916,1.0000626462933329,-0.0004211422169592,-0.0003527916267955,2195,6.0000113895432605,0.2291571753986332,0.4783599088838269,-0.0004259415340564,-0.0004259415340564,-0.0003394659167264,0.8917782139928262,-0.7131877600773733,0.0,0.2859445303503401,1.2787617666561333,BTCUSDT,BAJA,v4_63_balanceado,63,0.1555111415130751,0.1895678141203018,0.06811334521445339,1.0,1.0,0.0,0.2691642441620118,0.3173379341403017,0.09634737995657983,1.0000038214759306,1.0000332338846318,5.882481740226986e-05,2182,2188.5,13,0.1549037580201649,0.19203046670939905,0.0742534173784683,0.4783599088838269,0.4834512651660198,0.010182712564385688,-0.0004846609185768,-0.0004553012263166,5.8719384520399996e-05,0.837945773853495,0.8648619939231605,0.053832440139331195,-0.7131877600773733,-0.7040399660765791,0.01829558800158826,0.226948744133644,0.25644663724199207,0.05899578621669613,1.2787617666561333,1.3690701171818533,0.1806167010514399
0.21,0.155510547233262,81388,441953,0,19,523341,0.9999636961173952,0.1555161930748785,1.0,4.2989148633850105e-05,0.5000214945743169,0.2691718108441963,1.0000363052006245,-0.0004843731925085,-0.0001132874454072,2182,5.980824540932963,0.1549037580201649,0.4885426214482126,-0.0004846609185768,-0.0004846609185768,-8.116316508999244e-05,0.837945773853495,-0.694892172075785,0.0,0.226948744133644,1.4593784677075732,0.2236104783599088,117798,408938,0,64,526736,0.9998785117691724,0.2236376477020746,1.0,0.0001564784524281,0.5000782392262141,0.365529204045093,1.0001215029920112,-0.000421149140148,-0.0003529574869342,2195,6.0000113895432605,0.2291571753986332,0.4783599088838269,-0.0004259415340564,-0.0004259415340564,-0.0003394659167264,0.8917782139928262,-0.7131877600773733,0.0,0.2859445303503401,1.2787617666561333,BTCUSDT,BAJA,v4_63_balanceado,63,0.1555161930748785,0.18957692038847654,0.0681214546271961,1.0,1.0,0.0,0.2691718108441963,0.31735050744464466,0.0963573932008967,1.0000363052006245,1.0000789040963178,8.519779138671524e-05,2182,2188.5,13,0.1549037580201649,0.19203046670939905,0.0742534173784683,0.4783599088838269,0.4834512651660198,0.010182712564385688,-0.0004846609185768,-0.0004553012263166,5.8719384520399996e-05,0.837945773853495,0.8648619939231605,0.053832440139331195,-0.7131877600773733,-0.7040399660765791,0.01829558800158826,0.226948744133644,0.25644663724199207,0.05899578621669613,1.2787617666561333,1.3690701171818533,0.1806167010514399
0.22,0.155510547233262,81388,441913,0,59,523301,0.999887266890859,0.1555280803973239,1.0,0.0001334926194419,0.500066746309721,0.2691896164805379,1.0001127458193275,-0.0004843940755709,-0.0001130997574929,2182,5.980824540932963,0.1558203483043079,0.4862511457378551,-0.0004843396858176,-0.0004843396858176,-0.0001344716678157,0.8375418299856028,-0.6945268522176864,0.0,0.226948744133644,1.4593784677075732,0.2236104783599088,117794,408853,4,149,526647,0.9997095671981776,0.2236678458246225,0.9999660435661046,0.0003643013970591,0.5001651724815819,0.3655672710626974,1.0002565508787176,-0.0004212543262482,-0.0003535443204818,2195,6.0000113895432605,0.2291571753986332,0.4783599088838269,-0.0004259415340564,-0.0004259415340564,-0.0003394659167264,0.8917782139928262,-0.7131877600773733,0.0,0.2859445303503401,1.2787617666561333,BTCUSDT,BAJA,v4_63_balanceado,63,0.1555280803973239,0.1895979631109732,0.0681397654272986,0.9999660435661046,0.9999830217830523,3.3956433895365734e-05,0.2691896164805379,0.3173784437716176,0.09637765458215947,1.0001127458193275,1.0001846483490224,0.0001438050593900453,2182,2188.5,13,0.1558203483043079,0.19248876185147057,0.07333682709432529,0.4783599088838269,0.482305527310841,0.007891236854028205,-0.0004843396858176,-0.00045514060993700003,5.8398151761199994e-05,0.8375418299856028,0.8646600219892144,0.054236384007223415,-0.7131877600773733,-0.7038573061475298,0.01866090785968688,0.226948744133644,0.25644663724199207,0.05899578621669613,1.2787617666561333,1.3690701171818533,0.1806167010514399
0.23,0.155510547233262,81388,441809,0,163,523197,0.9996885509018648,0.155558995942255,1.0,0.000368801643543,0.5001844008217715,0.2692359221614827,1.000311546128896,-0.0004845044007664,-0.0001130977688323,2182,5.980824540932963,0.1549037580201649,0.4867094408799267,-0.0004846635777238,-0.0004846635777238,-0.0001411939558348,0.8374987973049999,-0.6948927267496828,0.0,0.226948744133644,1.4593784677075732,0.2236104783599088,117781,408708,17,294,526489,0.999409643128322,0.2237102769478564,0.9998556851559448,0.0007188228908416,0.5002872540233932,0.3656165652884506,1.000446305507146,-0.0004217149746894,-0.0003545725829028,2195,6.0000113895432605,0.2291571753986332,0.4783599088838269,-0.0004259415340564,-0.0004259415340564,-0.0003394659167264,0.8917782139928262,-0.7131877600773733,0.0,0.2859445303503401,1.2787617666561333,BTCUSDT,BAJA,v4_63_balanceado,63,0.155558995942255,0.18963463644505568,0.06815128100560139,0.9998556851559448,0.9999278425779724,0.00014431484405519335,0.2692359221614827,0.31742624372496664,0.09638064312696792,1.000311546128896,1.000378925818021,0.00013475937824991568,2182,2188.5,13,0.1549037580201649,0.19203046670939905,0.0742534173784683,0.4783599088838269,0.4825346748818768,0.00834953199609978,-0.0004846635777238,-0.0004553025558901,5.8722043667399975e-05,0.8374987973049999,0.864638505648913,0.05427941668782632,-0.7131877600773733,-0.704040243413528,0.018295033327690446,0.226948744133644,0.25644663724199207,0.05899578621669613,1.2787617666561333,1.3690701171818533,0.1806167010514399
0.24,0.155510547233262,81388,441659,0,313,523047,0.999401941302354,0.1556036073240072,1.0,0.0007081896590734,0.5003540948295367,0.2693027372670345,1.00059841658589,-0.0004846030029666,-0.0001128798183096,2182,5.980824540932963,0.1549037580201649,0.4867094408799267,-0.0004846635777238,-0.0004846635777238,-0.0001411939558348,0.8374987973049999,-0.6948927267496828,0.0,0.226948744133644,1.4593784677075732,0.2236104783599088,117761,408409,37,593,526170,0.9988041002277904,0.2238078947868559,0.9996859029864684,0.0014498706607791,0.5005678868236237,0.3657355645000993,1.0008828585690397,-0.0004221330113869,-0.0003548824663833,2195,6.0000113895432605,0.2277904328018223,0.4824601366742597,-0.0004257685377115,-0.0004257685377115,-0.0003008711817513,0.8916489895476627,-0.7154534628593282,0.0,0.2859445303503401,1.2787617666561333,BTCUSDT,BAJA,v4_63_balanceado,63,0.1556036073240072,0.18970575105543153,0.0682042874628487,0.9996859029864684,0.9998429514932342,0.00031409701353157793,0.2693027372670345,0.3175191508835669,0.09643282723306479,1.00059841658589,1.000740637577465,0.0002844419831495859,2182,2188.5,13,0.1549037580201649,0.1913470954109936,0.07288667478165739,0.4824601366742597,0.4845847887770932,0.004249304205666993,-0.0004846635777238,-0.00045521605771765,5.88950400123e-05,0.8374987973049999,0.8645738934263313,0.05415019224266282,-0.7154534628593282,-0.7051730948045055,0.020560736109645372,0.226948744133644,0.25644663724199207,0.05899578621669613,1.2787617666561333,1.3690701171818533,0.1806167010514399
0.25,0.155510547233262,81388,441384,0,588,522772,0.9988764903699174,0.1556854613483507,1.0,0.0013304010208791,0.5006652005104396,0.2694253177966101,1.0011247733237434,-0.0004847601708091,-0.0001124553708982,2182,5.980824540932963,0.153987167736022,0.4830430797433547,-0.0004854184685519,-0.0004854184685519,-0.0001593504134493,0.8374727256235595,-0.694940292986379,0.0,0.226948744133644,1.4593784677075732,0.2236104783599088,117743,407845,55,1157,525588,0.9976993166287016,0.2240214768982549,0.9995330990339396,0.0028288370228018,0.5011809680283706,0.3660104509579008,1.0018380110867815,-0.0004222197055342,-0.0003537049458764,2195,6.0000113895432605,0.2195899772209567,0.4765375854214123,-0.0004252904908865,-0.0004252904908865,-0.0003707362857754,0.8907852684529971,-0.7170340674060625,0.0,0.2859445303503401,1.2787617666561333,BTCUSDT,BAJA,v4_63_balanceado,63,0.1556854613483507,0.1898534691233028,0.0683360155499042,0.9995330990339396,0.9997665495169699,0.00046690096606039067,0.2694253177966101,0.31771788437725546,0.09658513316129069,1.0011247733237434,1.0014813922052626,0.0007132377630381104,2182,2188.5,13,0.153987167736022,0.18678857247848935,0.06560280948493469,0.4765375854214123,0.47979033258238346,0.006505494321942418,-0.0004854184685519,-0.0004553544797192,6.0127977665400015e-05,0.8374727256235595,0.8641289970382783,0.05331254282943765,-0.7170340674060625,-0.7059871801962208,0.02209377441968341,0.226948744133644,0.25644663724199207,0.05899578621669613,1.2787617666561333,1.3690701171818533,0.1806167010514399
0.26,0.155510547233262,81387,440872,1,1100,522259,0.9978962855395904,0.1558364719420824,0.9999877131763896,0.0024888454472229,0.5012382793118063,0.269650971511496,1.0020958366787271,-0.000485043627212,-0.0001113966022499,2182,5.980824540932963,0.1562786434463794,0.4853345554537122,-0.0004808616258506,-0.0004808616258506,-0.000129915477055,0.8392531174705546,-0.6942856930852603,0.0,0.226948744133644,1.4593784677075732,0.2236104783599088,117708,406938,90,2064,524646,0.9959111617312072,0.2243569950023444,0.9992359802373556,0.0050464300908064,0.5021412051640809,0.3664381642602312,1.0033384689658147,-0.0004228362659324,-0.0003541826261485,2195,6.0000113895432605,0.2236902050113895,0.4829157175398633,-0.0004247408757684,-0.0004247408757684,-0.0002031607647596,0.8901322706355131,-0.7168852262971596,0.0,0.2859445303503401,1.2787617666561333,BTCUSDT,BAJA,v4_63_balanceado,63,0.1558364719420824,0.1900967334722134,0.06852052306026202,0.9992359802373556,0.9996118467068726,0.0007517329390339667,0.269650971511496,0.31804456788586355,0.0967871927487352,1.0020958366787271,1.002717152822271,0.0012426322870875417,2182,2188.5,13,0.1562786434463794,0.18998442422888445,0.0674115615650101,0.4829157175398633,0.48412513649678773,0.0024188379138488925,-0.0004808616258506,-0.0004528012508095,5.612075008219996e-05,0.8392531174705546,0.864692694053034,0.0508791531649585,-0.7168852262971596,-0.7055854596912099,0.022599533211899225,0.226948744133644,0.25644663724199207,0.05899578621669613,1.2787617666561333,1.3690701171818533,0.1806167010514399
0.27,0.155510547233262,81387,440230,1,1742,521617,0.996669596453684,0.1560282736183828,0.9999877131763896,0.0039414261536929,0.5019645696650413,0.2699380602150894,1.003329204316568,-0.0004854166728507,-0.0001110855712527,2182,5.980824540932963,0.1558203483043079,0.4862511457378551,-0.0004805253290959,-0.0004805253290959,-0.000105902957163,0.8390162017946049,-0.6942012401565031,0.0,0.226948744133644,1.4593784677075732,0.2236104783599088,117668,405693,130,3309,523361,0.9934719058466212,0.2248314261093203,0.9988964158984024,0.0080904249856968,0.5034934204420496,0.3670477993758178,1.00546015445415,-0.0004232554996715,-0.0003552583824226,2195,6.0000113895432605,0.2186788154897494,0.4788154897494305,-0.000424393511681,-0.000424393511681,-0.0003822956061283,0.8895402056159152,-0.7172970375024796,0.0,0.2859445303503401,1.2787617666561333,BTCUSDT,BAJA,v4_63_balanceado,63,0.1560282736183828,0.19042984986385156,0.06880315249093749,0.9988964158984024,0.999442064537396,0.00109129727798718,0.2699380602150894,0.3184929297954536,0.09710973916072835,1.003329204316568,1.004394679385359,0.0021309501375819107,2182,2188.5,13,0.1558203483043079,0.18724958189702867,0.0628584671854415,0.4788154897494305,0.48253331774364283,0.007435655988424605,-0.0004805253290959,-0.00045245942038844996,5.613181741489999e-05,0.8390162017946049,0.8642782037052601,0.05052400382131028,-0.7172970375024796,-0.7057491388294914,0.023095797345976554,0.226948744133644,0.25644663724199207,0.05899578621669613,1.2787617666561333,1.3690701171818533,0.1806167010514399
0.28,0.155510547233262,81384,439395,4,2577,520779,0.99506840415775,0.1562735824601222,0.9999508527055586,0.0058306861068121,0.5028907694061854,0.2703037529456114,1.0049066461435294,-0.000486189379521,-0.0001111581989592,2181,5.978083558100271,0.1494727189362677,0.4814305364511692,-0.0004829908731323,-0.0004829908731323,-0.0001618492582997,0.8351515777712574,-0.6914286524679815,0.0,0.226948744133644,1.4593784677075732,0.2236104783599088,117568,404073,230,4929,521641,0.9902069096431284,0.2253810570871538,0.9980475050510196,0.0120512858127833,0.5050493954319014,0.3677223316062987,1.007918138453222,-0.0004236653062008,-0.0003562833966419,2195,6.0000113895432605,0.2214123006833713,0.4751708428246013,-0.0004206759827111,-0.0004206759827111,-0.0003364197514015,0.8902767447584393,-0.7112805257189475,0.0,0.2859445303503401,1.2787617666561333,BTCUSDT,BAJA,v4_63_balanceado,63,0.1562735824601222,0.190827319773638,0.0691074746270316,0.9980475050510196,0.998999178878289,0.0019033476545390338,0.2703037529456114,0.31901304227595506,0.09741857866068732,1.0049066461435294,1.0064123922983756,0.003011492309692665,2181,2188.0,14,0.1494727189362677,0.18544250980981952,0.0719395817471036,0.4751708428246013,0.47830068963788525,0.006259693626567864,-0.0004829908731323,-0.00045183342792170004,6.231489042119999e-05,0.8351515777712574,0.8627141612648483,0.05512516698718195,-0.7112805257189475,-0.7013545890934645,0.019851873250966046,0.226948744133644,0.25644663724199207,0.05899578621669613,1.2787617666561333,1.3690701171818533,0.1806167010514399
0.29,0.155510547233262,81359,438020,29,3952,519379,0.992393381228982,0.1566466876789396,0.9996436821152996,0.0089417429158408,0.5042927125155702,0.2708504295342454,1.0073058738837404,-0.0004874558171167,-0.0001121383496995,2181,5.978083558100271,0.1494727189362677,0.4846400733608436,-0.0004831741505955,-0.0004831741505955,-0.0001411679611307,0.8349366629017183,-0.6912939364168262,0.0,0.226948744133644,1.4593784677075732,0.2236104783599088,117425,401781,373,7221,519206,0.985584662110858,0.2261626406474501,0.996833562539262,0.0176551703903648,0.5072443664648135,0.3686790035855348,1.0114134288619223,-0.0004245371511321,-0.000357399579664,2193,5.9945444087783,0.2266301869585043,0.4774281805745554,-0.0004219926031982,-0.0004219926031982,-0.0003726909971304,0.8915217337011082,-0.713505656781919,0.0,0.2859445303503401,1.2787617666561333,BTCUSDT,BAJA,v4_63_balanceado,63,0.1566466876789396,0.19140466416319485,0.06951595296851049,0.996833562539262,0.9982386223272808,0.0028101195760376063,0.2708504295342454,0.3197647165598901,0.09782857405128942,1.0073058738837404,1.0093596513728313,0.004107554978181938,2181,2187.0,12,0.1494727189362677,0.188051452947386,0.07715746802223658,0.4774281805745554,0.4810341269676995,0.007211892786288199,-0.0004831741505955,-0.00045258337689685,6.118154739730001e-05,0.8349366629017183,0.8632291983014133,0.0565850707993899,-0.713505656781919,-0.7023997965993727,0.02221172036509278,0.226948744133644,0.25644663724199207,0.05899578621669613,1.2787617666561333,1.3690701171818533,0.1806167010514399
0.3,0.155510547233262,81317,435916,71,6056,517233,0.9882929532253134,0.1572154135563662,0.9991276355236643,0.0137022254803471,0.5064149305020058,0.2716810803496703,1.010963026967856,-0.0004896397684948,-0.0001128282209656,2181,5.978083558100271,0.1471801925722145,0.4800550206327372,-0.0004845558113308,-0.0004845558113308,-0.0001773636400819,0.8334795377031099,-0.691906992873121,0.0,0.226948744133644,1.4593784677075732,0.2236104783599088,117185,398805,613,10197,515990,0.9794798785117692,0.2271071144789627,0.9947961765055434,0.0249314184282717,0.5098637974669076,0.3697924227028596,1.0156371747187354,-0.0004253945939056,-0.000358708356197,2192,5.991810918395821,0.2312956204379562,0.4680656934306569,-0.0004237092353008,-0.0004237092353008,-0.0005071563297507,0.8914058521809206,-0.7148349569585248,0.0,0.2859445303503401,1.2787617666561333,BTCUSDT,BAJA,v4_63_balanceado,63,0.1572154135563662,0.19216126401766445,0.0698917009225965,0.9947961765055434,0.9969619060146039,0.004331459018120931,0.2716810803496703,0.32073675152626496,0.0981113423531893,1.010963026967856,1.0133001008432956,0.004674147750879376,2181,2186.5,11,0.1471801925722145,0.18923790650508537,0.0841154278657417,0.4680656934306569,0.474060357031697,0.011989327202080291,-0.0004845558113308,-0.0004541325233158,6.0846576030000046e-05,0.8334795377031099,0.8624426949420152,0.057926314477810714,-0.7148349569585248,-0.7033709749158229,0.022927964085403874,0.226948744133644,0.25644663724199207,0.05899578621669613,1.2787617666561333,1.3690701171818533,0.1806167010514399
0.31,0.155510547233262,81250,432781,138,9191,514031,0.9821747936410884,0.1580643968943507,0.9983044183417704,0.0207954350049324,0.5095499266733514,0.2729170550486295,1.0164223565959036,-0.0004925283810966,-0.0001140450963827,2178,5.969860609602196,0.1519742883379247,0.4912764003673094,-0.0004836346903408,-0.0004836346903408,-0.0001050808472514,0.8368577988399655,-0.6913405274695648,0.0,0.226948744133644,1.4593784677075732,0.2236104783599088,116792,394874,1006,14128,511666,0.9712718299164768,0.2282582778609483,0.991459956875329,0.0345426183735042,0.5130012876244167,0.3710839698537168,1.0207852491311191,-0.0004283884880476,-0.0003647287547582,2190,5.986343937630862,0.2164383561643835,0.4735159817351598,-0.0004256485187809,-0.0004256485187809,-0.0004637684683074,0.8916165179516096,-0.7162071560656402,0.0,0.2859445303503401,1.2787617666561333,BTCUSDT,BAJA,v4_63_balanceado,63,0.1580643968943507,0.1931613373776495,0.0701938809665976,0.991459956875329,0.9948821876085496,0.006844461466441465,0.2729170550486295,0.3220005124511731,0.09816691480508727,1.0164223565959036,1.0186038028635114,0.00436289253521549,2178,2184.0,12,0.1519742883379247,0.1842063222511541,0.0644640678264588,0.4735159817351598,0.4823961910512346,0.01776041863214961,-0.0004836346903408,-0.00045464160456085004,5.798617155990002e-05,0.8368577988399655,0.8642371583957875,0.054758719111644094,-0.7162071560656402,-0.7037738417676025,0.02486662859607547,0.226948744133644,0.25644663724199207,0.05899578621669613,1.2787617666561333,1.3690701171818533,0.1806167010514399
0.32,0.155510547233262,81146,428363,242,13609,509509,0.9735344695811678,0.1592631337228586,0.9970265886862928,0.0307915433556876,0.5139090660209903,0.2746536198356058,1.0241307522631753,-0.0004961251495136,-0.0001154406688654,2176,5.964378643936813,0.1530330882352941,0.4880514705882353,-0.0004874462205963,-0.0004874462205963,-0.0001238578284922,0.8363212204473187,-0.695033012424995,0.0,0.226948744133644,1.4593784677075732,0.2236104783599088,116224,389623,1574,19379,505847,0.9602258921791952,0.2297611728447534,0.9866381432621946,0.0473811864000665,0.5170096648311305,0.3727248675127677,1.0275062891951996,-0.0004326813543449,-0.0003733376716987,2189,5.983610447248381,0.2233896756509822,0.4760164458656921,-0.0004286826691914,-0.0004286826691914,-0.0004203988831752,0.8918534482331654,-0.7179014364836034,0.0,0.2859445303503401,1.2787617666561333,BTCUSDT,BAJA,v4_63_balanceado,63,0.1592631337228586,0.194512153283806,0.07049803912189478,0.9866381432621946,0.9918323659742436,0.010388445424098225,0.2746536198356058,0.3236892436741867,0.09807124767716185,1.0241307522631753,1.0258185207291874,0.0033755369320243034,2176,2182.5,13,0.1530330882352941,0.18821138194313813,0.0703565874156881,0.4760164458656921,0.4820339582269637,0.012035024722543197,-0.0004874462205963,-0.00045806444489385,5.876355140490002e-05,0.8363212204473187,0.864087334340242,0.055532227785846655,-0.7179014364836034,-0.7064672244542992,0.02286842405860834,0.226948744133644,0.25644663724199207,0.05899578621669613,1.2787617666561333,1.3690701171818533,0.1806167010514399
0.33,0.155510547233262,80958,421833,430,20139,502791,0.9606981809844084,0.1610172019785557,0.9947166658475451,0.0455662349651109,0.520141450406328,0.2771684706228741,1.0354101689130697,-0.0005002541851143,-0.0001171048556876,2175,5.961637661104121,0.1549425287356322,0.4910344827586207,-0.0004824163704737,-0.0004824163704737,-0.0001224765793561,0.8376909078234113,-0.6908233161140991,0.0,0.226948744133644,1.4593784677075732,0.2236104783599088,115478,383280,2320,25722,498758,0.9467691723614274,0.2315311233103028,0.9803052683407188,0.0628896680211832,0.5215974681809511,0.3745904670459779,1.0354216180229503,-0.0004363042612182,-0.0003808083270142,2185,5.972676485718462,0.2242562929061785,0.4700228832951945,-0.0004251197960947,-0.0004251197960947,-0.0004606213345841,0.8904359169759691,-0.7142198860146844,0.0,0.2859445303503401,1.2787617666561333,BTCUSDT,BAJA,v4_63_balanceado,63,0.1610172019785557,0.19627416264442926,0.07051392133174708,0.9803052683407188,0.987510967094132,0.014411397506826296,0.2771684706228741,0.325879468834426,0.09742199642310384,1.0354101689130697,1.03541589346801,1.1449109880601327e-05,2175,2180.0,10,0.1549425287356322,0.18959941082090534,0.0693137641705463,0.4700228832951945,0.4805286830269076,0.021011599463426234,-0.0004824163704737,-0.00045376808328419997,5.729657437900001e-05,0.8376909078234113,0.8640634123996902,0.052745009152557865,-0.7142198860146844,-0.7025216010643918,0.023396569900585362,0.226948744133644,0.25644663724199207,0.05899578621669613,1.2787617666561333,1.3690701171818533,0.1806167010514399
0.34,0.155510547233262,80619,412498,769,29474,493117,0.942213772546622,0.1634885838452132,0.990551432643633,0.0666874824649525,0.5286194575542927,0.2806555208396794,1.051302221964304,-0.0005044224865087,-0.0001188944530332,2173,5.9561556954387385,0.1537045559134836,0.4933271974229176,-0.0004908277418517,-0.0004908277418517,-8.918536877144945e-05,0.8350181167101354,-0.6965129549680121,0.0,0.226948744133644,1.4593784677075732,0.2236104783599088,114573,375663,3225,33339,490236,0.9305922551252848,0.2337098866668298,0.9726226251719045,0.081513048835947,0.5270678370039257,0.3768637938010045,1.0451651835861897,-0.0004356707352671,-0.0003839270598215,2180,5.959009033806063,0.218348623853211,0.4747706422018348,-0.0004294644459258,-0.0004294644459258,-0.0003654352740072,0.8889923212710564,-0.7162839510183332,0.0,0.2859445303503401,1.2787617666561333,BTCUSDT,BAJA,v4_63_balanceado,63,0.1634885838452132,0.1985992352560215,0.0702213028216166,0.9726226251719045,0.9815870289077687,0.017928807471728536,0.2806555208396794,0.32875965732034196,0.09620827296132511,1.0451651835861897,1.0482337027752469,0.006137038378114301,2173,2176.5,7,0.1537045559134836,0.1860265898833473,0.0646440679397274,0.4747706422018348,0.4840489198123762,0.018556555221082793,-0.0004908277418517,-0.00046014609388875,6.136329592589998e-05,0.8350181167101354,0.8620052189905959,0.05397420456092106,-0.7162839510183332,-0.7063984529931726,0.019770996050321066,0.226948744133644,0.25644663724199207,0.05899578621669613,1.2787617666561333,1.3690701171818533,0.1806167010514399
0.35,0.155510547233262,79938,399895,1450,42077,479833,0.9168316264139408,0.1665954613375903,0.9821841057649776,0.0952028635298163,0.538693484647397,0.2848717350206068,1.0712807864260248,-0.000513027389289,-0.0001233622826259,2167,5.939709798442589,0.1587448084910014,0.4896169820027688,-0.0004782201194984,-0.0004782201194984,-0.0001141688114565,0.8374312477230192,-0.6873479526513656,0.0,0.226948744133644,1.4593784677075732,0.2236104783599088,113469,366844,4329,42158,480313,0.9117558845861808,0.2362397020276361,0.9632506494167984,0.1030752905853761,0.5331629700010871,0.3794245549739095,1.0564786755985562,-0.0004315847813867,-0.0003828780840582,2176,5.948075072276144,0.2297794117647058,0.4806985294117647,-0.0004249901489869,-0.0004249901489869,-0.0003107080519825,0.8911166540130676,-0.7136820116497935,0.0,0.2859445303503401,1.2787617666561333,BTCUSDT,BAJA,v4_63_balanceado,63,0.1665954613375903,0.2014175816826132,0.06964424069004582,0.9632506494167984,0.9727173775908879,0.018933456348179223,0.2848717350206068,0.33214814499725814,0.09455281995330267,1.0564786755985562,1.0638797310122905,0.014802110827468518,2167,2171.5,9,0.1587448084910014,0.1942621101278536,0.0710346032737044,0.4806985294117647,0.48515775570726677,0.0089184525910041,-0.0004782201194984,-0.00045160513424265,5.322997051150001e-05,0.8374312477230192,0.8642739508680435,0.053685406290048365,-0.7136820116497935,-0.7005149821505796,0.02633405899842789,0.226948744133644,0.25644663724199207,0.05899578621669613,1.2787617666561333,1.3690701171818533,0.1806167010514399
0.36,0.155510547233262,78797,383337,2591,58635,462134,0.8830136044023235,0.1705068226964473,0.9681648400255566,0.1326667752708316,0.5504158076481941,0.2899496248541917,1.0964325296900364,-0.000526848378,-0.0001253209660069,2160,5.920522918613748,0.1486111111111111,0.4930555555555556,-0.0004764919776248,-0.0004764919776248,-8.858034037029228e-05,0.8339627402244977,-0.6815592741911214,0.0,0.226948744133644,1.4593784677075732,0.2236104783599088,112057,357106,5741,51896,469163,0.8905903568716781,0.2388444954099108,0.951264028251753,0.12688446511264,0.5390742466821965,0.3818209386995047,1.06812747399736,-0.0004304255996384,-0.0003814111736462,2169,5.9289406395987845,0.2254495159059474,0.4790225910557861,-0.0004282549706777,-0.0004282549706777,-0.0003160875795011,0.8905583468079366,-0.7148391891847095,0.0,0.2859445303503401,1.2787617666561333,BTCUSDT,BAJA,v4_63_balanceado,63,0.1705068226964473,0.20467565905317903,0.0683376727134635,0.951264028251753,0.9597144341386548,0.016900811773803537,0.2899496248541917,0.3358852817768482,0.091871313845313,1.06812747399736,1.0822800018436982,0.028305055692676273,2160,2164.5,9,0.1486111111111111,0.18703031350852925,0.07683840479483628,0.4790225910557861,0.48603907330567087,0.014032964499769485,-0.0004764919776248,-0.00045237347415125,4.823700694710003e-05,0.8339627402244977,0.8622605435162172,0.05659560658343887,-0.7148391891847095,-0.6981992316879154,0.03327991499358807,0.226948744133644,0.25644663724199207,0.05899578621669613,1.2787617666561333,1.3690701171818533,0.1806167010514399
0.37,0.155510547233262,77018,362342,4370,79630,439360,0.8394986242739223,0.1752958849235251,0.9463065808227256,0.180169784511236,0.5632381826669808,0.2957975834760767,1.1272282687076245,-0.0005512546279646,-0.000129754810683,2148,5.88763112462145,0.1499068901303538,0.4902234636871508,-0.0004896540471599,-0.0004896540471599,-8.938179657369538e-05,0.8318541312495037,-0.6910171777463876,0.0,0.226948744133644,1.4593784677075732,0.2236104783599088,110507,346343,7291,62659,456850,0.8672171602126044,0.2418890226551384,0.9381059101173196,0.1531997398545728,0.5456528249859461,0.3846076206651724,1.081742789646063,-0.0004260187164376,-0.000379966117262,2159,5.901605735773986,0.2251042149143121,0.4840203798054655,-0.0004435599452427,-0.0004435599452427,-0.0002880184331797,0.8879004510126116,-0.7212649185087121,0.0,0.2859445303503401,1.2787617666561333,BTCUSDT,BAJA,v4_63_balanceado,63,0.1752958849235251,0.20859245378933175,0.0665931377316133,0.9381059101173196,0.9422062454700226,0.008200670705405977,0.2957975834760767,0.3402026020706246,0.08881003718909569,1.081742789646063,1.1044855291768436,0.04548547906156153,2148,2153.5,11,0.1499068901303538,0.18750555252233295,0.0751973247839583,0.4840203798054655,0.48712192174630814,0.006203083881685334,-0.0004896540471599,-0.0004666069962013,4.609410191719999e-05,0.8318541312495037,0.8598772911310577,0.05604631976310792,-0.7212649185087121,-0.7061410481275499,0.030247740762324504,0.226948744133644,0.25644663724199207,0.05899578621669613,1.2787617666561333,1.3690701171818533,0.1806167010514399
0.38,0.155510547233262,74611,338027,6777,103945,412638,0.7884400794863956,0.1808146607922683,0.9167321963925886,0.2351845818287131,0.5759583891106509,0.3020529283883844,1.1627163816808563,-0.0005774580324523,-0.0001269827604633,2136,5.854739330629151,0.1558988764044943,0.4948501872659176,-0.0004913357692209,-0.0004913357692209,-3.680282888096631e-05,0.8325868498942803,-0.6893184647369351,0.0,0.226948744133644,1.4593784677075732,0.2236104783599088,108795,334592,9003,74410,443387,0.8416609719058467,0.2453725526458827,0.9235725564101258,0.1819306507058645,0.5527516035579951,0.3877331004927073,1.0973213529419092,-0.0004193430059819,-0.0003764597103257,2146,5.866070360801748,0.2218080149114631,0.4827586206896552,-0.0004418623462433,-0.0004418623462433,-0.0002927903930257,0.8875364550132238,-0.7165237920681915,0.0,0.2859445303503401,1.2787617666561333,BTCUSDT,BAJA,v4_63_balanceado,63,0.1808146607922683,0.2130936067190755,0.06455789185361441,0.9167321963925886,0.9201523764013573,0.006840360017537184,0.3020529283883844,0.3448930144405459,0.08568017210432294,1.0973213529419092,1.130018867311383,0.06539502873894709,2136,2141.0,10,0.1558988764044943,0.18885344565797868,0.0659091385069688,0.4827586206896552,0.4888044039777864,0.012091566576262425,-0.0004913357692209,-0.00046659905773209997,4.947342297759996e-05,0.8325868498942803,0.8600616524537521,0.05494960511894342,-0.7165237920681915,-0.7029211284025634,0.027205327331256357,0.226948744133644,0.25644663724199207,0.05899578621669613,1.2787617666561333,1.3690701171818533,0.1806167010514399
0.39,0.155510547233262,71412,311761,9976,130211,383173,0.7321404004891471,0.1863701252436888,0.8774266476630461,0.2946136859348556,0.5860201667989509,0.3074386356151291,1.1984404180903452,-0.0006172815966278,-0.0001328414647228,2117,5.802660656808011,0.161076995748701,0.4865375531412376,-0.0005183669154889,-0.0005183669154889,-0.000153064307149,0.830317024999932,-0.7047756027803282,0.0,0.226948744133644,1.4593784677075732,0.2236104783599088,106698,322055,11100,86947,428753,0.8138819286256644,0.2488565677674558,0.9057708959405084,0.2125833125510388,0.5591771042457736,0.390441148218556,1.112902085773067,-0.0004174302170919,-0.0003764834150259,2130,5.822334514682071,0.2309859154929577,0.4812206572769953,-0.0004522193700487,-0.0004522193700487,-0.0003241373478826,0.8876563432186877,-0.7151674370162677,0.0,0.2859445303503401,1.2787617666561333,BTCUSDT,BAJA,v4_63_balanceado,63,0.1863701252436888,0.2176133465055723,0.062486442523767005,0.8774266476630461,0.8915987718017773,0.02834424827746229,0.3074386356151291,0.34893989191684255,0.08300251260342695,1.112902085773067,1.155671251931706,0.08553833231727825,2117,2123.5,13,0.161076995748701,0.19603145562082935,0.0699089197442567,0.4812206572769953,0.4838791052091165,0.005316895864242277,-0.0005183669154889,-0.00048529314276879996,6.614754544020002e-05,0.830317024999932,0.8589866841093099,0.05733931821875571,-0.7151674370162677,-0.709971519898298,0.010391834235939479,0.226948744133644,0.25644663724199207,0.05899578621669613,1.2787617666561333,1.3690701171818533,0.1806167010514399
0.4,0.155510547233262,67546,283278,13842,158694,350824,0.6703301742586365,0.1925352883497138,0.8299257875853934,0.3590589449105373,0.5944923662479653,0.3125595772445003,1.2380850802416354,-0.0006680195139692,-0.0001454073729328,2084,5.71220822332919,0.1626679462571977,0.4956813819577735,-0.0004855652576853,-0.0004855652576853,-6.794687876165995e-05,0.8392164225782952,-0.6783408228260916,0.0,0.226948744133644,1.4593784677075732,0.2236104783599088,104211,308483,13587,100519,412694,0.7833978739559605,0.2525139691878243,0.8846584831660979,0.2457665243690739,0.5652125037675859,0.3928843413284272,1.1292582129420354,-0.0004178990503414,-0.0003768773629228,2121,5.797733101239752,0.2376237623762376,0.4757190004714757,-0.0004375749632533,-0.0004375749632533,-0.0004094551646594,0.8919837301231048,-0.7105894159691979,0.0,0.2859445303503401,1.2787617666561333,BTCUSDT,BAJA,v4_63_balanceado,63,0.1925352883497138,0.22252462876876905,0.059978680838110504,0.8299257875853934,0.8572921353757457,0.05473269558070448,0.3125595772445003,0.35272195928646377,0.08032476408392691,1.1292582129420354,1.1836716465918355,0.1088268672996,2084,2102.5,37,0.1626679462571977,0.20014585431671766,0.07495581611903993,0.4757190004714757,0.4857001912146246,0.01996238148629781,-0.0004855652576853,-0.0004615701104693,4.799029443199997e-05,0.8392164225782952,0.8656000763507,0.05276730754480963,-0.7105894159691979,-0.6944651193976448,0.03224859314310624,0.226948744133644,0.25644663724199207,0.05899578621669613,1.2787617666561333,1.3690701171818533,0.1806167010514399
0.41,0.155510547233262,63146,254282,18242,187690,317428,0.6065194130235402,0.1989301510893809,0.7758637636998084,0.424664910899333,0.6002643372995706,0.316667335312525,1.27920681026857,-0.0007295511665088,-0.0001644349133412,2055,5.632719721181135,0.1605839416058394,0.4997566909975669,-0.0005212241494876,-0.0005212241494876,-1.6046224050159097e-05,0.8292238587761056,-0.6962522294089483,0.0,0.226948744133644,1.4593784677075732,0.2236104783599088,101252,293611,16546,115391,394863,0.7495501138952164,0.2564231138394836,0.8595392111920406,0.282128204752055,0.5708337079720478,0.3950056665125688,1.146740151536019,-0.0004167815665647,-0.00037280968485,2096,5.729395841677756,0.2418893129770992,0.4728053435114503,-0.0004379724873877,-0.0004379724873877,-0.0003894090999503,0.8928707720247742,-0.7086122850524534,0.0,0.2859445303503401,1.2787617666561333,BTCUSDT,BAJA,v4_63_balanceado,63,0.1989301510893809,0.22767663246443223,0.05749296275010268,0.7758637636998084,0.8177014874459245,0.08367544749223221,0.316667335312525,0.3558365009125469,0.0783383312000438,1.146740151536019,1.2129734809022945,0.13246665873255115,2055,2075.5,41,0.1605839416058394,0.2012366272914693,0.08130537137125982,0.4728053435114503,0.4862810172545086,0.026951347486116606,-0.0005212241494876,-0.00047959831843764997,8.325166209989998e-05,0.8292238587761056,0.8610473154004399,0.06364691324866856,-0.7086122850524534,-0.7024322572307009,0.012360055643505174,0.226948744133644,0.25644663724199207,0.05899578621669613,1.2787617666561333,1.3690701171818533,0.1806167010514399
0.42,0.155510547233262,58390,225591,22998,216381,283981,0.5426112045246102,0.2056123473049253,0.717427630608935,0.4895807879232168,0.603504209266076,0.3196220806910274,1.3221762186748136,-0.000789805734266,-0.0001709674791017,2024,5.547749253367697,0.1600790513833992,0.4965415019762846,-0.0005364820070125,-0.0005364820070125,-6.617160455968385e-05,0.8238825234083706,-0.7016339391183262,0.0,0.226948744133644,1.4593784677075732,0.2236104783599088,97915,277972,19883,131030,375887,0.7135288534548215,0.2604905197572675,0.8312110562148763,0.3203651815883541,0.5757881189016152,0.3966699413593688,1.1649298443787546,-0.0004154235601534,-0.0003664145135955,2071,5.66105858211576,0.2341863833896668,0.4669241912119748,-0.000447315119677,-0.000447315119677,-0.0005249484093516,0.8885554117811192,-0.709537004108153,0.0,0.2859445303503401,1.2787617666561333,BTCUSDT,BAJA,v4_63_balanceado,63,0.2056123473049253,0.23305143353109642,0.054878172452342194,0.717427630608935,0.7743193434119057,0.11378342560594135,0.3196220806910274,0.35814601102519805,0.0770478606683414,1.1649298443787546,1.2435530315267842,0.15724637429605903,2024,2047.5,47,0.1600790513833992,0.19713271738653299,0.0741073320062676,0.4669241912119748,0.48173284659412974,0.02961731076430979,-0.0005364820070125,-0.00049189856334475,8.916688733549995e-05,0.8238825234083706,0.8562189675947449,0.06467288837274854,-0.709537004108153,-0.7055854716132396,0.007903064989826847,0.226948744133644,0.25644663724199207,0.05899578621669613,1.2787617666561333,1.3690701171818533,0.1806167010514399
0.43,0.155510547233262,53441,198494,27947,243478,251935,0.4813799296851115,0.2121221743703733,0.6566201405612621,0.5508901016353978,0.6037551210983298,0.3206559403341503,1.3640372189816503,-0.0008485121846573,-0.0001852107433673,1977,5.418923060231195,0.1593323216995447,0.5068285280728376,-0.0005070244669684,-0.0005070244669684,7.364128987819019e-05,0.835141233077342,-0.6744012435510123,0.0,0.226948744133644,1.4593784677075732,0.2236104783599088,94043,261542,23755,147460,355585,0.6749905087319666,0.264474035743915,0.798341228204214,0.3605361342976318,0.5794386812509229,0.3973230977876265,1.182744376219413,-0.0004168428717541,-0.0003602519884342,2055,5.6173227359960825,0.2360097323600973,0.4613138686131386,-0.0004296560619988,-0.0004296560619988,-0.0005157596788312,0.892529176229875,-0.6942368487421007,0.0,0.2859445303503401,1.2787617666561333,BTCUSDT,BAJA,v4_63_balanceado,63,0.2121221743703733,0.23829810505714416,0.05235186137354167,0.6566201405612621,0.727480684382738,0.141721087642952,0.3206559403341503,0.3589895190608884,0.07666715745347619,1.182744376219413,1.2733907976005316,0.18129284276223734,1977,2016.0,78,0.1593323216995447,0.197671027029821,0.07667741066055261,0.4613138686131386,0.4840711983429881,0.045514659459699014,-0.0005070244669684,-0.00046834026448360004,7.736840496960003e-05,0.835141233077342,0.8638352046536085,0.05738794315253304,-0.6942368487421007,-0.6843190461465565,0.0198356051910884,0.226948744133644,0.25644663724199207,0.05899578621669613,1.2787617666561333,1.3690701171818533,0.1806167010514399
0.44,0.155510547233262,48359,172884,33029,269088,221243,0.4227357841638642,0.2185786668956758,0.5941785029734113,0.6088349488202872,0.6015067258968493,0.3195905244340467,1.4055552551545791,-0.0009106690347152,-0.0002051250767312,1942,5.32298866108699,0.1555097837281153,0.5061791967044285,-0.0005415541542028,-0.0005415541542028,5.242398953070326e-05,0.8276093305327914,-0.6908678162966935,0.0,0.226948744133644,1.4593784677075732,0.2236104783599088,89795,245037,28003,163965,334832,0.6355960516324981,0.2681792660199742,0.7622794954073923,0.4008904601933487,0.5815849778003704,0.3967699887325189,1.199314397012873,-0.0004303414043867,-0.0003720954116266,2036,5.565386418728965,0.2323182711198428,0.4710216110019646,-0.0004555676828102,-0.0004555676828102,-0.0004354413516859,0.8874597935583703,-0.7117148565744709,0.0,0.2859445303503401,1.2787617666561333,BTCUSDT,BAJA,v4_63_balanceado,63,0.2185786668956758,0.243378966457825,0.04960059912429843,0.5941785029734113,0.6782289991904018,0.1681009924339809,0.3195905244340467,0.3581802565832828,0.07717946429847222,1.199314397012873,1.3024348260837262,0.20624085814170612,1942,1989.0,94,0.1555097837281153,0.19391402742397906,0.07680848739172749,0.4710216110019646,0.48860040385319653,0.035157585702463856,-0.0005415541542028,-0.0004985609185065,8.59864713926e-05,0.8276093305327914,0.8575345620455809,0.05985046302557895,-0.7117148565744709,-0.7012913364355822,0.020847040277777396,0.226948744133644,0.25644663724199207,0.05899578621669613,1.2787617666561333,1.3690701171818533,0.1806167010514399
0.45,0.155510547233262,43297,148985,38091,292987,192282,0.3673991134209722,0.2251744833109703,0.5319826018577677,0.6629085100413601,0.597445555949564,0.3164175832206672,1.4479692041287344,-0.0009820979628376,-0.0002138884029986,1883,5.161270673958189,0.1571959638874137,0.5050451407328731,-0.0006049309140003,-0.0006049309140003,7.149162509645368e-05,0.8122593489825856,-0.7196960670764038,0.0,0.226948744133644,1.4593784677075732,0.2236104783599088,85311,228775,32487,180227,314086,0.5962148823082764,0.2716166909699891,0.7242143330107472,0.4406506569650026,0.582432494987875,0.3950644154448879,1.2146867756922042,-0.0004454047078388,-0.0003881943478235,2015,5.507983120696888,0.2337468982630273,0.4789081885856079,-0.0004595282044697,-0.0004595282044697,-0.0004455925133135,0.8871666644822308,-0.7083210862082955,0.0,0.2859445303503401,1.2787617666561333,BTCUSDT,BAJA,v4_63_balanceado,63,0.2251744833109703,0.2483955871404797,0.04644220765901877,0.5319826018577677,0.6280984674342575,0.19223173115297953,0.3164175832206672,0.3557409993327776,0.0786468322242207,1.2146867756922042,1.3313279899104693,0.23328242843653024,1883,1949.0,132,0.1571959638874137,0.1954714310752205,0.07655093437561361,0.4789081885856079,0.4919766646592405,0.02613695214726519,-0.0006049309140003,-0.000532229559235,0.00014540270953059995,0.8122593489825856,0.8497130067324081,0.07490731549964524,-0.7196960670764038,-0.7140085766423496,0.011374980868108286,0.226948744133644,0.25644663724199207,0.05899578621669613,1.2787617666561333,1.3690701171818533,0.1806167010514399
0.46,0.155510547233262,38346,127552,43042,314420,165898,0.3169863955976765,0.2311420270286561,0.4711505381628741,0.7114025322871133,0.5912765352249937,0.3101348236454955,1.486343088240496,-0.0010820418552614,-0.0002405412893681,1827,5.007775635327462,0.1652983032293377,0.4975369458128079,-0.0006200593789912,-0.0006200593789912,-3.1560471656977285e-05,0.8108339446431372,-0.7179745649212617,0.0,0.226948744133644,1.4593784677075732,0.2236104783599088,80752,212872,37046,196130,293624,0.5573728170083523,0.2750183908672315,0.685512487478565,0.4795331074175676,0.5825227974480663,0.3925507143516875,1.2298993897082937,-0.0004559593217344,-0.0003964166418818,1987,5.431445389987453,0.2234524408656265,0.4811273276295923,-0.0004252678036043,-0.0004252678036043,-0.0003208938072758,0.8934123814733863,-0.6878457184968308,0.0,0.2859445303503401,1.2787617666561333,BTCUSDT,BAJA,v4_63_balanceado,63,0.2311420270286561,0.2530802089479438,0.043876363838575405,0.4711505381628741,0.5783315128207196,0.21436194931569086,0.3101348236454955,0.3513427689985915,0.08241589070619199,1.2298993897082937,1.3581212389743949,0.2564436985322023,1827,1907.0,160,0.1652983032293377,0.1943753720474821,0.058154137636288794,0.4811273276295923,0.48933213672120013,0.01640961818321557,-0.0006200593789912,-0.0005226635912977501,0.0001947915753869,0.8108339446431372,0.8521231630582617,0.08257843683024912,-0.7179745649212617,-0.7029101417090462,0.03012884642443081,0.226948744133644,0.25644663724199207,0.05899578621669613,1.2787617666561333,1.3690701171818533,0.1806167010514399
0.47,0.155510547233262,33528,108253,47860,333719,141781,0.2709053041883216,0.2364773841346866,0.4119526220081584,0.7550681943652539,0.5835104081867062,0.3004718397268438,1.5206517393317147,-0.0012114972092175,-0.0002852842938814,1780,4.878949442190959,0.1668539325842696,0.4932584269662921,-0.000660114181453,-0.000660114181453,-6.068055161778663e-05,0.8009634935103256,-0.730405886871164,0.0,0.226948744133644,1.4593784677075732,0.2236104783599088,75928,197481,41870,211521,273409,0.5189996203492787,0.2777084880161223,0.6445610282008184,0.5171637302507078,0.5808623792257631,0.3881730132640775,1.241929671869584,-0.0004881961874238,-0.0004156541605893,1954,5.341240207365618,0.2333674513817809,0.4805527123848516,-0.0004539059126034,-0.0004539059126034,-0.0003873941970868,0.8886072905244369,-0.6982531849413318,0.0,0.2859445303503401,1.2787617666561333,BTCUSDT,BAJA,v4_63_balanceado,63,0.2364773841346866,0.25709293607540445,0.04123110388143569,0.4119526220081584,0.5282568251044883,0.23260840619266,0.3004718397268438,0.34432242649546063,0.08770117353723367,1.241929671869584,1.3812907056006494,0.2787220674621307,1780,1867.0,174,0.1668539325842696,0.20011069198302522,0.0665135187975113,0.4805527123848516,0.48690556967557186,0.012705714581440486,-0.000660114181453,-0.0005570100470282001,0.00020620826884960001,0.8009634935103256,0.8447853920173812,0.08764379701411129,-0.730405886871164,-0.7143295359062479,0.03215270192983222,0.226948744133644,0.25644663724199207,0.05899578621669613,1.2787617666561333,1.3690701171818533,0.1806167010514399
0.48,0.155510547233262,29039,91094,52349,350878,120133,0.2295418067869153,0.2417237561702446,0.3567970708212513,0.7938919207551609,0.5753444957882061,0.2881982522913245,1.5543881779778252,-0.0013346549836527,-0.0003272864567016,1725,4.728195386392924,0.1663768115942029,0.4927536231884058,-0.0006559915040905,-0.0006559915040905,-8.279172082792385e-05,0.8056765182955102,-0.7117657464812426,0.0,0.226948744133644,1.4593784677075732,0.2236104783599088,71141,182446,46657,226556,253587,0.4813724373576309,0.2805388288831841,0.6039236659366033,0.5539239416922167,0.57892380381441,0.3831118650457073,1.254587132681891,-0.0005203878858256,-0.0004390823796984,1918,5.242834553596343,0.2356621480709071,0.4807090719499479,-0.0004696116905594,-0.0004696116905594,-0.0003839222597428,0.8867523333364569,-0.7017281918401623,0.0,0.2859445303503401,1.2787617666561333,BTCUSDT,BAJA,v4_63_balanceado,63,0.2417237561702446,0.26113129252671435,0.03881507271293949,0.3567970708212513,0.48036036837892726,0.247126595115352,0.2881982522913245,0.3356550586685159,0.09491361275438281,1.254587132681891,1.404487655329858,0.2998010452959343,1725,1821.5,193,0.1663768115942029,0.201019479832555,0.0692853364767042,0.4807090719499479,0.48673134756917685,0.012044551238457935,-0.0006559915040905,-0.0005628015973249501,0.0001863798135311,0.8056765182955102,0.8462144258159836,0.08107581504094663,-0.7117657464812426,-0.7067469691607025,0.010037554641080249,0.226948744133644,0.25644663724199207,0.05899578621669613,1.2787617666561333,1.3690701171818533,0.1806167010514399
0.49,0.155510547233262,24983,76561,56405,365411,101544,0.194023234484867,0.2460312770818561,0.3069617142576301,0.8267740942865159,0.566867904272073,0.2731397459165154,1.5820873983088446,-0.0014851484911904,-0.0004030575141958,1667,4.569218382096814,0.1715656868626274,0.4877024595080984,-0.0007332405251226,-0.0007332405251226,-0.0001201706181632,0.7920519601741661,-0.7324487330703764,0.0,0.226948744133644,1.4593784677075732,0.2236104783599088,66356,167569,51442,241433,233925,0.4440489749430524,0.2836635673827081,0.563303281889336,0.5902978469542937,0.5768005644218148,0.3773196521126,1.268561158060499,-0.0005563812328393,-0.0004529387151896,1895,5.179964274799307,0.2437994722955145,0.4686015831134564,-0.0004745036707344,-0.0004745036707344,-0.0004397805878406,0.886421393443601,-0.698364946061756,0.0,0.2859445303503401,1.2787617666561333,BTCUSDT,BAJA,v4_63_balanceado,63,0.2460312770818561,0.2648474222322821,0.037632290300851995,0.3069617142576301,0.43513249807348303,0.2563415676317059,0.2731397459165154,0.32522969901455767,0.10417990619608458,1.268561158060499,1.4253242781846718,0.31352624024834563,1667,1781.0,228,0.1715656868626274,0.20768257957907094,0.07223378543288708,0.4686015831134564,0.4781520213107774,0.019100876394641975,-0.0007332405251226,-0.0006038720979285,0.0002587368543882,0.7920519601741661,0.8392366768088836,0.09436943326943492,-0.7324487330703764,-0.7154068395660662,0.03408378700862036,0.226948744133644,0.25644663724199207,0.05899578621669613,1.2787617666561333,1.3690701171818533,0.1806167010514399
0.5,0.155510547233262,21483,64718,59905,377254,86201,0.1647068939162335,0.24921984663751,0.2639578316213692,0.8535699094060257,0.5587638705136975,0.256377208528006,1.602591278028791,-0.0016262067349351,-0.0004926870510355,1610,4.412982360633396,0.1745341614906832,0.4968944099378882,-0.0006941883737408,-0.0006941883737408,-2.5202290412140727e-05,0.8027964558639655,-0.7069035806987574,0.0,0.226948744133644,1.4593784677075732,0.2236104783599088,61803,153403,55995,255599,215206,0.4085155656795748,0.2871806548144568,0.5246523710079968,0.624933374408927,0.5747928727084619,0.3711847305137475,1.2842897923246226,-0.0005952141251055,-0.0004710627066875,1854,5.067891169117633,0.2481121898597627,0.4714131607335491,-0.0004286801966725,-0.0004286801966725,-0.0004117466539105,0.8993969550579054,-0.6752087470716293,0.0,0.2859445303503401,1.2787617666561333,BTCUSDT,BAJA,v4_63_balanceado,63,0.24921984663751,0.2682002507259834,0.0379608081769468,0.2639578316213692,0.394305101314683,0.26069453938662757,0.256377208528006,0.31378096952087675,0.11480752198574151,1.2842897923246226,1.4434405351767068,0.3183014857041684,1610,1732.0,244,0.1745341614906832,0.21132317567522296,0.07357802836907948,0.4714131607335491,0.4841537853357186,0.025481249204339085,-0.0006941883737408,-0.0005614342852066499,0.00026550817706830004,0.8027964558639655,0.8510967054609355,0.09660049919393987,-0.7069035806987574,-0.6910561638851933,0.031694833627128105,0.226948744133644,0.25644663724199207,0.05899578621669613,1.2787617666561333,1.3690701171818533,0.1806167010514399
0.51,0.155510547233262,18510,54652,62878,387320,73162,0.1397928767960868,0.2530001913561685,0.2274291050277682,0.8763451078348855,0.5518871064313269,0.2395341313490779,1.62690052769652,-0.0016768713143516,-0.0005273717402458,1558,4.270451253333435,0.1758664955070603,0.4974326059050064,-0.0006767724914253,-0.0006767724914253,-2.011546749591808e-05,0.8086024742635426,-0.6901560833031473,0.0,0.226948744133644,1.4593784677075732,0.2236104783599088,57447,140022,60351,268980,197469,0.3748462414578588,0.2909165489266669,0.4876738144960016,0.6576495958454971,0.5726617051707493,0.3644339559801692,1.3009969437050557,-0.0006278267626915,-0.0004908319932019,1819,4.972219005730839,0.2506871907641561,0.4788345244639912,-0.0004027563653018,-0.0004027563653018,-0.0003194715721439,0.904943432944018,-0.6749807332043114,0.0,0.2859445303503401,1.2787617666561333,BTCUSDT,BAJA,v4_63_balanceado,63,0.2530001913561685,0.2719583701414177,0.03791635757049838,0.2274291050277682,0.3575514597618849,0.2602447094682334,0.2395341313490779,0.30198404366462356,0.12489982463109131,1.3009969437050557,1.4639487357007879,0.32590358399146435,1558,1688.5,261,0.1758664955070603,0.21327684313560819,0.07482069525709578,0.4788345244639912,0.4881335651844988,0.018598081441015157,-0.0006767724914253,-0.00053976442836355,0.00027401612612350007,0.8086024742635426,0.8567729536037803,0.09634095868047543,-0.6901560833031473,-0.6825684082537293,0.01517535009883586,0.226948744133644,0.25644663724199207,0.05899578621669613,1.2787617666561333,1.3690701171818533,0.1806167010514399
0.52,0.155510547233262,15982,46484,65406,395488,62466,0.1193557016202996,0.2558511830435757,0.1963680149407775,0.8948259165739006,0.5455969657573391,0.2221975058044962,1.6452336358884083,-0.0017079872118149,-0.0005627292265392,1500,4.111474249037325,0.1793333333333333,0.5013333333333333,-0.0007195384552654,-0.0007195384552654,2.088439339359427e-05,0.8002703937808431,-0.6950709684415156,0.0,0.226948744133644,1.4593784677075732,0.2236104783599088,53240,127411,64558,281591,180651,0.3429214123006833,0.2947119030617046,0.4519601351466069,0.6884831859012914,0.5702216605239492,0.3567778749468083,1.3179700040145503,-0.0006540559924886,-0.0004883171209169,1782,4.8710798615790845,0.2598204264870931,0.4837261503928171,-0.0003713618262827,-0.0003713618262827,-0.0002954539856329,0.9128942100550008,-0.658399463058768,0.0,0.2859445303503401,1.2787617666561333,BTCUSDT,BAJA,v4_63_balanceado,63,0.2558511830435757,0.27528154305264013,0.0388607200181289,0.1963680149407775,0.32416407504369216,0.2555921202058294,0.2221975058044962,0.28948769037565225,0.13458036914231208,1.3179700040145503,1.4816018199514793,0.327263631873858,1500,1641.0,282,0.1793333333333333,0.21957687991021319,0.08048709315375979,0.4837261503928171,0.4925297418630752,0.01760718294051622,-0.0007195384552654,-0.00054545014077405,0.00034817662898269997,0.8002703937808431,0.856582301917922,0.11262381627415774,-0.6950709684415156,-0.6767352157501418,0.03667150538274766,0.226948744133644,0.25644663724199207,0.05899578621669613,1.2787617666561333,1.3690701171818533,0.1806167010514399
0.53,0.155510547233262,13763,39608,67625,402364,53371,0.1019776062366248,0.2578741263982312,0.1691035533493881,0.910383463205814,0.5397435082776011,0.204260939900118,1.6582420355799177,-0.0017608239840886,-0.0006147128382414,1441,3.949756261908524,0.1811242192921582,0.4913254684247051,-0.0008084084292099,-0.0008084084292099,-7.996970475043774e-05,0.7801301478916519,-0.719247472759204,0.0,0.226948744133644,1.4593784677075732,0.2236104783599088,49179,115820,68619,293182,164999,0.313209946848899,0.2980563518566779,0.417485865634391,0.7168229006215129,0.567154383127952,0.3478042553492434,1.3329265875320286,-0.0006795318902423,-0.0004908319932019,1732,4.7344053424550925,0.2673210161662817,0.4815242494226328,-0.0003363117254747,-0.0003363117254747,-0.0002932565300948,0.9227359727224116,-0.6284985763591233,0.0,0.2859445303503401,1.2787617666561333,BTCUSDT,BAJA,v4_63_balanceado,63,0.2578741263982312,0.2779652391274545,0.040182225458446685,0.1691035533493881,0.2932947094918895,0.2483823122850029,0.204260939900118,0.2760325976246807,0.1435433154491254,1.3329265875320286,1.495584311555973,0.32531544804788903,1441,1586.5,291,0.1811242192921582,0.22422261772921992,0.08619679687412349,0.4815242494226328,0.48642485892366893,0.009801219002072314,-0.0008084084292099,-0.0005723600773422999,0.00047209670373519997,0.7801301478916519,0.8514330603070317,0.14260582483075968,-0.719247472759204,-0.6738730245591636,0.09074889640008066,0.226948744133644,0.25644663724199207,0.05899578621669613,1.2787617666561333,1.3690701171818533,0.1806167010514399
0.54,0.155510547233262,11896,33917,69492,408055,45813,0.0875363038826047,0.2596642874293323,0.1461640536688455,0.9232598445150372,0.5347119490919413,0.187042554696897,1.6697535443679086,-0.0018034670313266,-0.0006644220488529,1393,3.818189085939329,0.1866475233309404,0.4852835606604451,-0.0007975428897568,-0.0007975428897568,-0.000144610890209,0.7856219317874756,-0.7132570664854747,0.0,0.226948744133644,1.4593784677075732,0.2236104783599088,45250,105066,72548,303936,150316,0.2853378891419894,0.3010324915511322,0.3841321584407206,0.7431161705810729,0.5636241645108968,0.3375429854464891,1.3462360697901194,-0.0007173375572438,-0.0005037075314801,1691,4.622332236773419,0.2684801892371378,0.4807806031933767,-0.0003864430958396,-0.0003864430958396,-0.0002941242078253,0.9120567616098616,-0.6430791044930921,0.0,0.2859445303503401,1.2787617666561333,BTCUSDT,BAJA,v4_63_balanceado,63,0.2596642874293323,0.2803483894902322,0.04136820412179992,0.1461640536688455,0.265148106054783,0.23796810477187508,0.187042554696897,0.26229277007169305,0.15050043074959207,1.3462360697901194,1.507994807079014,0.3235174745777891,1393,1542.0,298,0.1866475233309404,0.22756385628403908,0.0818326659061974,0.4807806031933767,0.4830320819269109,0.004502957467068414,-0.0007975428897568,-0.0005919929927981999,0.00041109979391719994,0.7856219317874756,0.8488393466986686,0.12643482982238596,-0.7132570664854747,-0.6781680854892834,0.07017796199238258,0.226948744133644,0.25644663724199207,0.05899578621669613,1.2787617666561333,1.3690701171818533,0.1806167010514399
0.55,0.155510547233262,10278,29135,71110,412837,39413,0.0753076276368083,0.2607769010225053,0.1262839730672826,0.934079534450146,0.5301817537587143,0.1701641542702461,1.676908130426333,-0.0018781239994606,-0.0006912178084854,1343,3.681139944304752,0.193596425912137,0.4899478778853313,-0.0008248566699707,-0.0008248566699707,-0.0001087492415412,0.7825387238689732,-0.7067953221406279,0.0,0.226948744133644,1.4593784677075732,0.2236104783599088,41346,95183,76452,313819,136529,0.2591666666666666,0.3028367599557603,0.3509906789588957,0.7672798666021193,0.5591352727805076,0.3251404687665878,1.3543048705809482,-0.0007845524526661,-0.0005433286590734,1647,4.502058659944305,0.273224043715847,0.4790528233151184,-0.0003920322505445,-0.0003920322505445,-0.0003711756097068,0.9100282626182142,-0.6457786895307276,0.0,0.2859445303503401,1.2787617666561333,BTCUSDT,BAJA,v4_63_balanceado,63,0.2607769010225053,0.2818068304891328,0.042059858933255034,0.1262839730672826,0.23863732601308912,0.2247067058916131,0.1701641542702461,0.24765231151841693,0.15497631449634172,1.3543048705809482,1.5156065005036405,0.32260325984538474,1343,1495.0,304,0.193596425912137,0.233410234813992,0.07962761780371003,0.4790528233151184,0.48450035060022484,0.010895054570212892,-0.0008248566699707,-0.0006084444602576,0.0004328244194262,0.7825387238689732,0.8462834932435936,0.12748953874924107,-0.7067953221406279,-0.6762870058356778,0.06101663260990031,0.226948744133644,0.25644663724199207,0.05899578621669613,1.2787617666561333,1.3690701171818533,0.1806167010514399
0.56,0.155510547233262,9005,24915,72383,417057,33920,0.0648119841027208,0.2654775943396226,0.110642846611294,0.9436276506204012,0.5271352486158477,0.1561903770770458,1.707135619177089,-0.0018961753568462,-0.0007127799960171,1285,3.522162940008642,0.2077821011673152,0.490272373540856,-0.0007380982673006,-0.0007380982673006,-0.000144610890209,0.8053553822837205,-0.6440595138355489,0.0,0.226948744133644,1.4593784677075732,0.2236104783599088,37823,85920,79975,323082,123743,0.2348955960516325,0.3056576937685364,0.3210835498055994,0.7899276776152684,0.5555056137104339,0.3131807850427049,1.366920262460016,-0.0008320488444011,-0.000576932656916,1610,4.400919515792551,0.277639751552795,0.4751552795031056,-0.0004230676020631,-0.0004230676020631,-0.0004578706113566,0.9027250511331087,-0.6475048231714867,0.0,0.2859445303503401,1.2787617666561333,BTCUSDT,BAJA,v4_63_balanceado,63,0.2654775943396226,0.28556764405407953,0.04018009942891382,0.110642846611294,0.21586319820844668,0.21044070319430538,0.1561903770770458,0.23468558105987536,0.1569904079656591,1.366920262460016,1.5370279408185525,0.3402153567170729,1285,1447.5,325,0.2077821011673152,0.2427109263600551,0.06985765038547984,0.4751552795031056,0.4827138265219808,0.015117094037750411,-0.0007380982673006,-0.00058058293468185,0.0003150306652375,0.8053553822837205,0.8540402167084147,0.09736966884938825,-0.6475048231714867,-0.6457821685035179,0.003445309335937785,0.226948744133644,0.25644663724199207,0.05899578621669613,1.2787617666561333,1.3690701171818533,0.1806167010514399
0.57,0.155510547233262,7821,21428,73567,420544,29249,0.0558869611739529,0.2673937570515231,0.0960952474566275,0.951517290688098,0.5238062690723627,0.141381273895713,1.7194573732059413,-0.0019733991154818,-0.0007949424935216,1241,3.4015596953702136,0.2054794520547945,0.4875100725221595,-0.0007808198073558,-0.0007808198073558,-0.0001921376794824,0.7971177247390776,-0.6489902023945084,0.0,0.226948744133644,1.4593784677075732,0.2236104783599088,34388,77438,83410,331564,111826,0.2122741078208048,0.307513458408599,0.2919234621979999,0.8106659625136308,0.5512947123558154,0.2995157300630596,1.3752193576261904,-0.0008843082825914,-0.0005988613674999,1567,4.283379429345918,0.2782386726228462,0.4773452456924059,-0.0003605248752924,-0.0003605248752924,-0.0003891388636689,0.9171417397274344,-0.6034148812318478,0.0,0.2859445303503401,1.2787617666561333,BTCUSDT,BAJA,v4_63_balanceado,63,0.2673937570515231,0.287453607730061,0.04011970135707593,0.0960952474566275,0.1940093548273137,0.1958282147413724,0.141381273895713,0.2204485019793863,0.1581344561673466,1.3752193576261904,1.5473383654160657,0.34423801557975087,1241,1404.0,326,0.2054794520547945,0.24185906233882035,0.07275922056805167,0.4773452456924059,0.4824276591072827,0.010164826829753615,-0.0007808198073558,-0.0005706723413241,0.0004202949320634,0.7971177247390776,0.8571297322332561,0.1200240149883568,-0.6489902023945084,-0.6262025418131781,0.04557532116266061,0.226948744133644,0.25644663724199207,0.05899578621669613,1.2787617666561333,1.3690701171818533,0.1806167010514399
0.58,0.155510547233262,6862,18525,74526,423447,25387,0.0485077193518801,0.2702958206956316,0.084312183614292,0.9580855800819962,0.5211988818481441,0.1285319597284008,1.7381188961427456,-0.001997881536673,-0.0008436323510987,1195,3.275474485066402,0.2142259414225941,0.4937238493723849,-0.0007031590723217,-0.0007031590723217,-0.0001333429916905,0.8190983099542306,-0.6182396087716446,0.0,0.226948744133644,1.4593784677075732,0.2236104783599088,31177,69640,86621,339362,100817,0.1913762338648443,0.309243480762173,0.264664934888538,0.8297318839516677,0.5471984094201029,0.2852228804061935,1.3829561254479088,-0.0009619712034916,-0.0006288440364234,1531,4.184973775576643,0.2762900065316786,0.4774657086871326,-0.0003626107546999,-0.0003626107546999,-0.0003713471052144,0.9169317135616633,-0.5993921109556509,0.0,0.2859445303503401,1.2787617666561333,BTCUSDT,BAJA,v4_63_balanceado,63,0.2702958206956316,0.28976965072890226,0.038947660066541434,0.084312183614292,0.174488559251415,0.180352751274246,0.1285319597284008,0.20687742006729715,0.15669092067779267,1.3829561254479088,1.5605375107953272,0.3551627706948368,1195,1363.0,336,0.2142259414225941,0.24525797397713636,0.06206406510908452,0.4774657086871326,0.4855947790297588,0.016258140685252276,-0.0007031590723217,-0.0005328849135108,0.00034054831762180004,0.8190983099542306,0.8680150117579469,0.09783340360743265,-0.6182396087716446,-0.6088158598636477,0.018847497815993708,0.226948744133644,0.25644663724199207,0.05899578621669613,1.2787617666561333,1.3690701171818533,0.1806167010514399
0.59,0.155510547233262,6028,16136,75360,425836,22164,0.0423494344237236,0.2719725681284967,0.0740649727232515,0.9634908998760102,0.5187779362996309,0.1164245982694685,1.74890110649887,-0.0020625796032779,-0.0009232266098336,1138,3.119238463602984,0.210896309314587,0.4815465729349736,-0.0008824519471739,-0.0008824519471739,-0.0003807613473454,0.7823541778224008,-0.6890519030871147,0.0,0.226948744133644,1.4593784677075732,0.2236104783599088,28222,62699,89576,346303,90921,0.1725911161731207,0.3104013374247973,0.239579619348376,0.8467024611126596,0.5431410402305178,0.2704305789123175,1.3881341326285952,-0.0010349810722994,-0.0007024842443421,1488,4.06743368913001,0.2762096774193548,0.4899193548387097,-0.0002879591772729,-0.0002879591772729,-0.0001741454969949,0.9342536005239988,-0.5415658472225686,0.0,0.2859445303503401,1.2787617666561333,BTCUSDT,BAJA,v4_63_balanceado,63,0.2719725681284967,0.29118695277664697,0.038428769296300624,0.0740649727232515,0.15682229603581374,0.1655146466251245,0.1164245982694685,0.19342758859089298,0.15400598064284898,1.3881341326285952,1.5685176195637327,0.3607669738702748,1138,1313.0,350,0.210896309314587,0.2435529933669709,0.06531336810476782,0.4815465729349736,0.4857329638868416,0.008372781903736082,-0.0008824519471739,-0.0005852055622234,0.000594492769901,0.7823541778224008,0.8583038891731998,0.15189942270159795,-0.6890519030871147,-0.6153088751548417,0.1474860558645461,0.226948744133644,0.25644663724199207,0.05899578621669613,1.2787617666561333,1.3690701171818533,0.1806167010514399
0.6,0.155510547233262,5312,14091,76076,427881,19403,0.0370739070620605,0.2737720970983868,0.0652676070182336,0.9681178898210746,0.5166927484196542,0.1054062366679564,1.760472855180269,-0.0020780038186698,-0.0009579761611571,1102,3.020563081626088,0.2032667876588021,0.4891107078039927,-0.0008539650290634,-0.0008539650290634,-0.0002452361738923,0.7895787850872793,-0.6597088510944384,0.0,0.226948744133644,1.4593784677075732,0.2236104783599088,25513,56387,92285,352615,81900,0.1554669703872437,0.3115140415140415,0.2165826244927757,0.8621351484833815,0.5393588864880786,0.2555158289016415,1.3931102146861327,-0.0011069547642275,-0.0007735095199279,1451,3.966294544978256,0.2694693314955203,0.4879393521709166,-0.0003527071534914,-0.0003527071534914,-0.0002681340610499,0.921066063550649,-0.5671515602171942,0.0,0.2859445303503401,1.2787617666561333,BTCUSDT,BAJA,v4_63_balanceado,63,0.2737720970983868,0.29264306930621414,0.037741944415654705,0.0652676070182336,0.14092511575550465,0.15131501747454212,0.1054062366679564,0.18046103278479894,0.15010959223368509,1.3931102146861327,1.576791534933201,0.36736264049413636,1102,1276.5,349,0.2032667876588021,0.23636805957716123,0.06620254383671823,0.4879393521709166,0.4885250299874546,0.0011713556330760766,-0.0008539650290634,-0.0006033360912774,0.000501257875572,0.7895787850872793,0.8553224243189641,0.13148727846336972,-0.6597088510944384,-0.6134302056558163,0.09255729087724429,0.226948744133644,0.25644663724199207,0.05899578621669613,1.2787617666561333,1.3690701171818533,0.1806167010514399
0.61,0.155510547233262,4706,12360,76682,429612,17066,0.0326085295016814,0.2757529590999648,0.0578217919103553,0.9720344275202956,0.5149281097153254,0.0955979442176041,1.7732106535921464,-0.0021220377334262,-0.001035922523401,1065,2.919146716816501,0.2093896713615023,0.4863849765258216,-0.0009067552504362,-0.0009067552504362,-0.0003124549896851,0.7810620472723101,-0.6630693454897176,0.0,0.226948744133644,1.4593784677075732,0.2236104783599088,23074,50687,94724,358315,73761,0.1400170842824601,0.3128211385420479,0.1958776889251091,0.8760715106527597,0.5359745997889344,0.2409075010832171,1.3989556340850513,-0.0011680372832083,-0.000840328282964,1404,3.837820497001703,0.2685185185185185,0.4907407407407407,-0.0003191781059285,-0.0003191781059285,-0.0002147627877145,0.9284849659073856,-0.5537438111240884,0.0,0.2859445303503401,1.2787617666561333,BTCUSDT,BAJA,v4_63_balanceado,63,0.2757529590999648,0.2942870488210063,0.03706817944208313,0.0578217919103553,0.1268497404177322,0.1380558970147538,0.0955979442176041,0.1682527226504106,0.14530955686561298,1.3989556340850513,1.5860831438385987,0.37425501950709505,1065,1234.5,339,0.2093896713615023,0.2389540949400104,0.05912884715701619,0.4863849765258216,0.48856285863328114,0.004355764214919122,-0.0009067552504362,-0.00061296667818235,0.0005875771445077,0.7810620472723101,0.8547735065898479,0.1474229186350755,-0.6630693454897176,-0.608406578306903,0.1093255343656292,0.226948744133644,0.25644663724199207,0.05899578621669613,1.2787617666561333,1.3690701171818533,0.1806167010514399
0.62,0.155510547233262,4178,10853,77210,431119,15031,0.0287201926016508,0.2779588849710598,0.0513343490440851,0.9754441457829908,0.513389247413538,0.0866634169613872,1.7873957099136712,-0.0021340588592816,-0.0010437096937765,1025,2.8095074035088388,0.2126829268292683,0.4936585365853658,-0.0008368361245943,-0.0008368361245943,-0.0001777090211596,0.7968333786884979,-0.630755704610352,0.0,0.226948744133644,1.4593784677075732,0.2236104783599088,20752,45599,97046,363403,66351,0.1259510250569476,0.3127609229702642,0.1761659790488803,0.888511547620794,0.5323387633348371,0.2253827063953646,1.3986863462939538,-0.0012712207873123,-0.0009069798856304,1361,3.720280410555069,0.2681851579720793,0.4871418074944893,-0.0003834253017265,-0.0003834253017265,-0.0003049905082619,0.9167660802683948,-0.5985340931100269,0.0,0.2859445303503401,1.2787617666561333,BTCUSDT,BAJA,v4_63_balanceado,63,0.2779588849710598,0.29535990397066203,0.034802037999204394,0.0513343490440851,0.1137501640464827,0.12483163000479519,0.0866634169613872,0.1560230616783759,0.13871928943397738,1.3986863462939538,1.5930410281038125,0.3887093636197174,1025,1193.0,336,0.2126829268292683,0.2404340424006738,0.055502231142811026,0.4871418074944893,0.4904001720399276,0.006516729090876472,-0.0008368361245943,-0.0006101307131604,0.0004534108228678,0.7968333786884979,0.8567997294784464,0.11993270157989688,-0.630755704610352,-0.6146448988601895,0.0322216115003251,0.226948744133644,0.25644663724199207,0.05899578621669613,1.2787617666561333,1.3690701171818533,0.1806167010514399
0.63,0.155510547233262,3762,9532,77626,432440,13294,0.0254012534393151,0.282984805175267,0.0462230304221752,0.9784330229064284,0.5123280266643019,0.0794660019855938,1.8197145480479648,-0.0020959043091863,-0.0009430555487677,999,2.7382418498588583,0.2122122122122122,0.4894894894894895,-0.0008169956095519,-0.0008169956095519,-0.0002252610377908,0.8004300409566629,-0.6127530666206099,0.0,0.226948744133644,1.4593784677075732,0.2236104783599088,18703,40930,99095,368072,59633,0.1131985573272589,0.3136350678315697,0.1587717957860065,0.8999271397205881,0.5293494677532974,0.2108199807249015,1.4025955766114109,-0.0013763014327758,-0.00097633602228,1325,3.621874756785795,0.2588679245283019,0.4724528301886792,-0.0004542873572241,-0.0004542873572241,-0.0005542765395487,0.9018766193312544,-0.6315451560916056,0.0,0.2859445303503401,1.2787617666561333,BTCUSDT,BAJA,v4_63_balanceado,63,0.282984805175267,0.2983099365034183,0.030650262656302718,0.0462230304221752,0.10249741310409086,0.1125487653638313,0.0794660019855938,0.14514299135524764,0.1313539787393077,1.4025955766114109,1.6111550623296877,0.41711897143655396,999,1162.0,326,0.2122122122122122,0.23554006837025704,0.04665571231608967,0.4724528301886792,0.48097115983908434,0.01703665930081033,-0.0008169956095519,-0.000635641483388,0.0003627082523278,0.8004300409566629,0.8511533301439587,0.10144657837459148,-0.6315451560916056,-0.6221491113561077,0.018792089470995643,0.226948744133644,0.25644663724199207,0.05899578621669613,1.2787617666561333,1.3690701171818533,0.1806167010514399
0.64,0.155510547233262,3389,8455,77999,433517,11844,0.0226306939773769,0.2861364403917595,0.0416400452155108,0.9808698288579368,0.5112549370367238,0.0727003603912819,1.8399809240112952,-0.0021306402634931,-0.0009116699525852,961,2.6340845022165795,0.2133194588969823,0.4869927159209157,-0.0008217478435883,-0.0008217478435883,-0.0002652113099939,0.802174512773044,-0.6156923398897152,0.0,0.226948744133644,1.4593784677075732,0.2236104783599088,16792,36598,101006,372404,53390,0.1013477600607441,0.3145158269338827,0.1425491094925211,0.9105187749693155,0.5265339422309183,0.1961819753721055,1.406534386227011,-0.0015212997548965,-0.0010800476242244,1267,3.463332314601964,0.2604577742699289,0.4719810576164167,-0.0004289226886313,-0.0004289226886313,-0.0006237191481779,0.9095589188438205,-0.617651744436636,0.0,0.2859445303503401,1.2787617666561333,BTCUSDT,BAJA,v4_63_balanceado,63,0.2861364403917595,0.3003261336628211,0.028379386542123186,0.0416400452155108,0.09209457735401594,0.1009090642770103,0.0727003603912819,0.1344411678816937,0.12348161498082359,1.406534386227011,1.623257655119153,0.4334465377842842,961,1114.0,306,0.2133194588969823,0.2368886165834556,0.047138315372946576,0.4719810576164167,0.4794868867686662,0.01501165830449902,-0.0008217478435883,-0.0006253352661098,0.00039282515495699994,0.802174512773044,0.8558667158084322,0.10738440607077648,-0.617651744436636,-0.6166720421631755,0.0019594045469207844,0.226948744133644,0.25644663724199207,0.05899578621669613,1.2787617666561333,1.3690701171818533,0.1806167010514399
0.65,0.155510547233262,3075,7530,78313,434442,10605,0.0202632986854173,0.28995756718529,0.0377819826018577,0.982962721620374,0.510372352111116,0.0668529127216201,1.864552420038499,-0.0020926308262134,-0.0008377447616008,929,2.54637305157045,0.2077502691065662,0.4886975242195909,-0.0008668165169833,-0.0008668165169833,-0.0002652113099939,0.7940394339619621,-0.6195399979449854,0.0,0.226948744133644,1.4593784677075732,0.2236104783599088,14932,32767,102866,376235,47699,0.0905447987851176,0.3130463951026227,0.1267593677312008,0.9198854773326292,0.523322422531915,0.1804504009136117,1.3999629954673394,-0.0016675262235381,-0.0011967047509824,1224,3.3457922281553305,0.2606209150326797,0.4730392156862745,-0.0003807420511744,-0.0003807420511744,-0.0005996871855917,0.9189422863845816,-0.5712611917976009,0.0,0.2859445303503401,1.2787617666561333,BTCUSDT,BAJA,v4_63_balanceado,63,0.28995756718529,0.3015019811439563,0.023088827917332744,0.0377819826018577,0.08227067516652925,0.08897738512934311,0.0668529127216201,0.12365165681761589,0.1135974881919916,1.3999629954673394,1.6322577077529192,0.4645894245711597,929,1076.5,295,0.2077502691065662,0.23418559206962294,0.05287064592611351,0.4730392156862745,0.4808683699529327,0.0156583085333164,-0.0008668165169833,-0.0006237792840788499,0.0004860744658089,0.7940394339619621,0.8564908601732719,0.12490285242261956,-0.6195399979449854,-0.5954005948712932,0.048278806147384445,0.226948744133644,0.25644663724199207,0.05899578621669613,1.2787617666561333,1.3690701171818533,0.1806167010514399
0.66,0.155510547233262,2760,6735,78628,435237,9495,0.0181423876490369,0.2906793048973143,0.0339116331645942,0.9847614781026852,0.5093365556336398,0.0607374316428815,1.8691935053209128,-0.0020356053640256,-0.0008320658452289,898,2.461402583757012,0.2060133630289532,0.4866369710467706,-0.0007862060572286,-0.0007862060572286,-0.0002681292510883,0.8117820084813802,-0.5873795382225063,0.0,0.226948744133644,1.4593784677075732,0.2236104783599088,13289,29246,104509,379756,42535,0.0807422171602126,0.3124250617138827,0.1128117625087013,0.9284942371919942,0.5206529998503477,0.1657674963981214,1.3971843538164774,-0.0018756551457813,-0.0013452784518879,1185,3.239186103238617,0.2717299578059072,0.4725738396624472,-0.0004261084456076,-0.0004261084456076,-0.0006237191481779,0.9120638213587002,-0.5984128722485014,0.0,0.2859445303503401,1.2787617666561333,BTCUSDT,BAJA,v4_63_balanceado,63,0.2906793048973143,0.3015521833055985,0.021745756816568373,0.0339116331645942,0.07336169783664775,0.07890012934410709,0.0607374316428815,0.11325246402050146,0.1050300647552399,1.3971843538164774,1.633188929568695,0.47200915150443534,898,1041.5,287,0.2060133630289532,0.2388716604174302,0.06571659477695399,0.4725738396624472,0.47960540535460894,0.014063131384323413,-0.0007862060572286,-0.0006061572514181001,0.000360097611621,0.8117820084813802,0.8619229149200403,0.10028181287732008,-0.5984128722485014,-0.5928962052355038,0.011033334025995045,0.226948744133644,0.25644663724199207,0.05899578621669613,1.2787617666561333,1.3690701171818533,0.1806167010514399
0.67,0.155510547233262,2482,6059,78906,435913,8541,0.0163195505961479,0.2905982905982906,0.0304958962009141,0.9862909867593422,0.5083934414801282,0.0551991015134161,1.8686725483796307,-0.0020847018295242,-0.0008808263566117,867,2.3764321159435737,0.2006920415224913,0.4867358708189158,-0.0008316681186463,-0.0008316681186463,-0.0002672815951054,0.8013162617935242,-0.5754320219140587,0.0,0.226948744133644,1.4593784677075732,0.2236104783599088,11725,26183,106073,382819,37908,0.0719589977220956,0.3093014667088741,0.0995347968556342,0.9359831981261704,0.5177589974909024,0.1506043440843641,1.3832154422166325,-0.002107603745409,-0.0015461816783496,1146,3.132579978321903,0.2739965095986038,0.4755671902268761,-0.0004499076370769,-0.0004499076370769,-0.0005925677577455,0.9070105529757004,-0.589264672550269,0.0,0.2859445303503401,1.2787617666561333,BTCUSDT,BAJA,v4_63_balanceado,63,0.2905982905982906,0.29994987865358236,0.018703176110583475,0.0304958962009141,0.06501534652827415,0.0690389006547201,0.0551991015134161,0.1029017227988901,0.095405242570948,1.3832154422166325,1.6259439952981316,0.4854571061629982,867,1006.5,279,0.2006920415224913,0.23734427556054755,0.07330446807611249,0.4755671902268761,0.48115153052289594,0.011168680592039681,-0.0008316681186463,-0.0006407878778616,0.00038176048156939995,0.8013162617935242,0.8541634073846123,0.10569429118217621,-0.589264672550269,-0.5823483472321639,0.013832650636210309,0.226948744133644,0.25644663724199207,0.05899578621669613,1.2787617666561333,1.3690701171818533,0.1806167010514399
0.68,0.155510547233262,2249,5443,79139,436529,7692,0.0146973402629165,0.2923816952678107,0.0276330662997002,0.987684740209787,0.5076589032547436,0.0504939380332285,1.8801406108438763,-0.0020632437295558,-0.0008603271791689,837,2.294202630962827,0.2054958183990442,0.4862604540023895,-0.0008162094938031,-0.0008162094938031,-0.0003124549896851,0.8066327511715389,-0.5634935970624538,0.0,0.226948744133644,1.4593784677075732,0.2236104783599088,10401,23352,107397,385650,33753,0.0640717539863325,0.3081503866322994,0.0882952172362858,0.942904924670295,0.5156000709532904,0.1372607241126749,1.3780677403512396,-0.0022667680152171,-0.0016429149512648,1095,2.993171968815431,0.2666666666666666,0.4767123287671233,-0.0005234438519372,-0.0005234438519372,-0.0004517877490683,0.8928584659649605,-0.6141608704926658,0.0,0.2859445303503401,1.2787617666561333,BTCUSDT,BAJA,v4_63_balanceado,63,0.2923816952678107,0.30026604095005505,0.015768691364488663,0.0276330662997002,0.057964141767993,0.060662150936585606,0.0504939380332285,0.0938773310729517,0.0867667860794464,1.3780677403512396,1.629104175597558,0.5020728704926367,837,966.0,258,0.2054958183990442,0.2360812425328554,0.061170848267622396,0.4767123287671233,0.48148639138475635,0.009548125235266214,-0.0008162094938031,-0.00066982667287015,0.0002927656418659,0.8066327511715389,0.8497456085682498,0.08622571479342167,-0.6141608704926658,-0.5888272337775597,0.050667273430211934,0.226948744133644,0.25644663724199207,0.05899578621669613,1.2787617666561333,1.3690701171818533,0.1806167010514399
0.69,0.155510547233262,2037,4853,79351,437119,6890,0.0131649342708651,0.2956458635703918,0.0250282596943038,0.9890196664042066,0.5070239630492552,0.0461496635628355,1.901130623165581,-0.0020052296741429,-0.0008298114930649,807,2.211973145982081,0.2106567534076827,0.4882280049566295,-0.0007570343827027,-0.0007570343827027,-0.0002689769070711,0.8224644411592159,-0.5150515163708931,0.0,0.226948744133644,1.4593784677075732,0.2236104783599088,9220,20856,108578,388146,30076,0.0570918754745634,0.3065567229684798,0.0782695801286948,0.9490075843149912,0.513638582221843,0.1247007587540744,1.370940777091251,-0.0024049112576156,-0.0017743806677118,1059,2.894766315046156,0.2813975448536355,0.4872521246458923,-0.0003549099813078,-0.0003549099813078,-0.0002154148148845,0.9278088898161752,-0.5265533648480634,0.0,0.2859445303503401,1.2787617666561333,BTCUSDT,BAJA,v4_63_balanceado,63,0.2956458635703918,0.3011012932694358,0.010910859398088002,0.0250282596943038,0.051648919911499294,0.053241320434391,0.0461496635628355,0.08542521115845494,0.0785510951912389,1.370940777091251,1.6360357001284158,0.53018984607433,807,933.0,252,0.2106567534076827,0.2460271491306591,0.0707407914459528,0.4872521246458923,0.48774006480126086,0.0009758803107371983,-0.0007570343827027,-0.00055597218200525,0.0004021244013949,0.8224644411592159,0.8751366654876955,0.10534444865695924,-0.5265533648480634,-0.5208024406094782,0.011501848477170284,0.226948744133644,0.25644663724199207,0.05899578621669613,1.2787617666561333,1.3690701171818533,0.1806167010514399
0.7,0.155510547233262,1852,4356,79536,437616,6208,0.0118618159584225,0.2983247422680412,0.0227551973263871,0.9901441720289972,0.5064496846776922,0.0422850358463856,1.918356970479703,-0.0019689076207289,-0.0008603271791689,776,2.127002678168642,0.2126288659793814,0.4793814432989691,-0.0007999578118363,-0.0007999578118363,-0.0004282602234912,0.8153054624605641,-0.5134418654542742,0.0,0.226948744133644,1.4593784677075732,0.2236104783599088,8199,18618,109599,390384,26817,0.0509054669703872,0.305738896968341,0.0696022003769164,0.9544794401983364,0.5120408202876264,0.1133907271029976,1.3672834082320755,-0.0025523184464673,-0.0018703597035656,1010,2.760825286304644,0.2831683168316831,0.4871287128712871,-0.0002481913175399,-0.0002481913175399,-0.0001554487828775,0.9493657507168896,-0.4714315837938341,0.0,0.2859445303503401,1.2787617666561333,BTCUSDT,BAJA,v4_63_balanceado,63,0.2983247422680412,0.3020318196181911,0.007414154700299824,0.0227551973263871,0.04617869885165175,0.0468470030505293,0.0422850358463856,0.07783788147469159,0.071105691256612,1.3672834082320755,1.6428201893558891,0.5510735622476275,776,893.0,234,0.2126288659793814,0.24789859140553225,0.07053945085230168,0.4793814432989691,0.48325507808512813,0.007747269572318027,-0.0007999578118363,-0.0005240745646881,0.0005517664942964,0.8153054624605641,0.8823356065887269,0.13406028825632543,-0.5134418654542742,-0.49243672462405413,0.042010281660440074,0.226948744133644,0.25644663724199207,0.05899578621669613,1.2787617666561333,1.3690701171818533,0.1806167010514399
0.71,0.155510547233262,1681,3962,79707,438010,5643,0.0107822531335982,0.2978911926280347,0.0206541504890155,0.9910356312164572,0.5058448908527363,0.0386299134791051,1.915569058998971,-0.0019597460365347,-0.0009163850390001,750,2.055737124518662,0.2106666666666666,0.48,-0.000892221338401,-0.000892221338401,-0.0004282602234912,0.7987959725998179,-0.5307812323358835,0.0,0.226948744133644,1.4593784677075732,0.2236104783599088,7276,16602,110522,392400,23878,0.0453264996203492,0.3047156378256135,0.0617667532555731,0.9594085114498218,0.5105876323526974,0.102713233010531,1.3627073295517176,-0.0026826246240669,-0.0019838241271444,977,2.670620103682809,0.2896622313203685,0.4872057318321392,-0.000279370862045,-0.000279370862045,-0.0001511904020774,0.9436348168099604,-0.4895430586171244,0.0,0.2859445303503401,1.2787617666561333,BTCUSDT,BAJA,v4_63_balanceado,63,0.2978911926280347,0.30130341522682413,0.006824445197578799,0.0206541504890155,0.0412104518722943,0.04111260276655759,0.0386299134791051,0.07067157324481804,0.0640833195314259,1.3627073295517176,1.6391381942753442,0.5528617294472533,750,863.5,227,0.2106666666666666,0.25016444899351753,0.07899556465370189,0.48,0.4836028659160696,0.007205731832139239,-0.000892221338401,-0.000585796100223,0.0006128504763560001,0.7987959725998179,0.8712153947048892,0.14483884421014248,-0.5307812323358835,-0.510162145476504,0.0412381737187591,0.226948744133644,0.25644663724199207,0.05899578621669613,1.2787617666561333,1.3690701171818533,0.1806167010514399
0.72,0.155510547233262,1537,3575,79851,438397,5112,0.0097676551513298,0.3006651017214397,0.0188848478891237,0.9919112522965255,0.5053980500928247,0.0355375722543352,1.9334064928113812,-0.0018983317234176,-0.000912212323349,730,2.000917467864832,0.2191780821917808,0.4794520547945205,-0.0008515708112089,-0.0008515708112089,-0.0004282602234912,0.8080598228215164,-0.516636114882502,0.0,0.226948744133644,1.4593784677075732,0.2236104783599088,6493,14802,111305,394200,21295,0.04042331055429,0.304907255224231,0.0551197813205657,0.9638094679243622,0.5094646246224639,0.0933619952118366,1.3635642545045326,-0.0027514321140585,-0.0020380485889932,947,2.5886153922084136,0.2893347412882788,0.4941921858500528,-0.0003736568904639,-0.0003736568904639,-6.005779998807803e-05,0.9254441279473063,-0.5171989101602873,0.0,0.2859445303503401,1.2787617666561333,BTCUSDT,BAJA,v4_63_balanceado,63,0.3006651017214397,0.30278617847283534,0.004242153502791335,0.0188848478891237,0.0370023146048447,0.036234933431442,0.0355375722543352,0.0644497837330859,0.05782442295750139,1.3635642545045326,1.648485373657957,0.5698422383068487,730,838.5,217,0.2191780821917808,0.2542564117400298,0.07015665909649799,0.4794520547945205,0.48682212032228667,0.01474013105553229,-0.0008515708112089,-0.0006126138508364,0.00047791392074500005,0.8080598228215164,0.8667519753844114,0.1173843051257899,-0.5171989101602873,-0.5169175125213947,0.0005627952777852441,0.226948744133644,0.25644663724199207,0.05899578621669613,1.2787617666561333,1.3690701171818533,0.1806167010514399
0.73,0.155510547233262,1379,3216,80009,438756,4595,0.0087798073983491,0.3001088139281828,0.0169435297586867,0.9927235209470284,0.5048335253528575,0.0320761080678738,1.929829321981788,-0.001970809474125,-0.0008967771321468,699,1.9159470000513932,0.2260371959942775,0.4792560801144492,-0.0007427691252408,-0.0007427691252408,-0.0004275931752137,0.831139500926482,-0.4697859496920828,0.0,0.226948744133644,1.4593784677075732,0.2236104783599088,5826,13215,111972,395787,19041,0.0361446469248291,0.3059713250354498,0.0494575459685223,0.9676896445494154,0.508573595258969,0.0851511630456229,1.3683228410386843,-0.0027884016454673,-0.0020805657107099,909,2.484742757674179,0.2893289328932893,0.4928492849284928,-0.000348292599214,-0.000348292599214,-8.458066594174696e-05,0.932438044089384,-0.5124675313872307,0.0,0.2859445303503401,1.2787617666561333,BTCUSDT,BAJA,v4_63_balanceado,63,0.3001088139281828,0.3030400694818163,0.005862511107267043,0.0169435297586867,0.0332005378636045,0.0325140162098356,0.0320761080678738,0.05861363555674835,0.053075054977749093,1.3683228410386843,1.649076081510236,0.5615064809431036,699,804.0,210,0.2260371959942775,0.2576830644437834,0.06329173689901182,0.4792560801144492,0.486052682521471,0.01359320481404358,-0.0007427691252408,-0.0005455308622274001,0.0003944765260268,0.831139500926482,0.881788772507933,0.10129854316290199,-0.5124675313872307,-0.49112674053965677,0.04268158169514785,0.226948744133644,0.25644663724199207,0.05899578621669613,1.2787617666561333,1.3690701171818533,0.1806167010514399
0.74,0.155510547233262,1224,2871,80164,439101,4095,0.0078244420666462,0.2989010989010989,0.0150390720990809,0.9935041133827482,0.5042715927409146,0.0286372729080635,1.9220631926190488,-0.0023087273008563,-0.0010376864345273,662,1.814530635241806,0.2311178247734139,0.4773413897280967,-0.0008246680722745,-0.0008246680722745,-0.0004219274450517,0.8174020163125983,-0.4874676938002895,0.0,0.226948744133644,1.4593784677075732,0.2236104783599088,5197,11823,112601,397179,17020,0.0323082763857251,0.3053466509988249,0.0441178967384845,0.9710930508897267,0.5076054738141056,0.0770965301369253,1.365529259802212,-0.0028879917699873,-0.0022009871837871,864,2.361735690462586,0.2997685185185185,0.5081018518518519,-0.0001739579677761,-0.0001739579677761,0.0002363854635575,0.9660362622190816,-0.4143031707053696,0.0,0.2859445303503401,1.2787617666561333,BTCUSDT,BAJA,v4_63_balanceado,63,0.2989010989010989,0.3021238749499619,0.006445552097726015,0.0150390720990809,0.029578484418782698,0.0290788246394036,0.0286372729080635,0.0528669015224944,0.048459257228861796,1.365529259802212,1.6437962262106303,0.5565339328168368,662,763.0,202,0.2311178247734139,0.2654431716459662,0.0686506937451046,0.4773413897280967,0.4927216207899743,0.03076046212375516,-0.0008246680722745,-0.0004993130200253,0.0006507101044984,0.8174020163125983,0.8917191392658399,0.14863424590648322,-0.4874676938002895,-0.4508854322528295,0.07316452309491989,0.226948744133644,0.25644663724199207,0.05899578621669613,1.2787617666561333,1.3690701171818533,0.1806167010514399
0.75,0.155510547233262,1095,2596,80293,439376,3691,0.0070525068786303,0.2966675697642915,0.0134540718533444,0.994126324744554,0.5037901982989492,0.0257407820966395,1.907700635374252,-0.0025121009340161,-0.0011325717977084,639,1.7514880300899005,0.2425665101721439,0.488262910798122,-0.0007386477114272,-0.0007386477114272,-0.0002652113099939,0.8351913951982386,-0.4416013954678581,0.0,0.226948744133644,1.4593784677075732,0.2236104783599088,4635,10532,113163,398470,15167,0.0287908124525436,0.3055976791718863,0.0393470177761931,0.9742495146723,0.5067982662242465,0.0697175948557891,1.3666518734422464,-0.0029515906785341,-0.0023113701947659,821,2.244195604015953,0.3032886723507917,0.5054811205846529,-0.000298472060649,-0.000298472060649,0.0001732540866097,0.9426590699177216,-0.4162245940418494,0.0,0.2859445303503401,1.2787617666561333,BTCUSDT,BAJA,v4_63_balanceado,63,0.2966675697642915,0.30113262446808886,0.00893010940759481,0.0134540718533444,0.02640054481476875,0.0258929459228487,0.0257407820966395,0.047729188476214296,0.0439768127591496,1.3666518734422464,1.6371762544082493,0.5410487619320057,639,730.0,182,0.2425665101721439,0.2729275912614678,0.060722162178647815,0.488262910798122,0.49687201569138745,0.01721820978653088,-0.0007386477114272,-0.0005185598860381,0.00044017565077819994,0.8351913951982386,0.8889252325579802,0.10746767471948304,-0.4416013954678581,-0.4289129947548538,0.025376801426008677,0.226948744133644,0.25644663724199207,0.05899578621669613,1.2787617666561333,1.3690701171818533,0.1806167010514399
0.76,0.155510547233262,999,2347,80389,439625,3346,0.0063933047997554,0.2985654512851166,0.0122745367867498,0.9946897088503344,0.5034821228185421,0.0235796728585927,1.9199048334469289,-0.0025200623812129,-0.0010757641831483,616,1.6884454249379948,0.2418831168831169,0.4886363636363636,-0.0007981226639476,-0.0007981226639476,-0.0004129512386958,0.8240576418436754,-0.4430000813235671,0.0,0.226948744133644,1.4593784677075732,0.2236104783599088,4108,9382,113690,399620,13490,0.0256074411541381,0.3045218680504077,0.0348732576104857,0.9770612368643674,0.5059672472374266,0.0625799768447992,1.3618407790366116,-0.0029670197734385,-0.0024071436579081,788,2.153990421394118,0.299492385786802,0.5,-0.0002428813455633,-0.0002428813455633,-6.462992912181775e-06,0.9532849172860224,-0.4046422993636613,0.0,0.2859445303503401,1.2787617666561333,BTCUSDT,BAJA,v4_63_balanceado,63,0.2985654512851166,0.30154365966776214,0.005956416765291128,0.0122745367867498,0.02357389719861775,0.0225987208237359,0.0235796728585927,0.04307982485169595,0.0390003039862065,1.3618407790366116,1.6408728062417701,0.5580640544103173,616,702.0,172,0.2418831168831169,0.2706877513349594,0.05760926890368509,0.4886363636363636,0.49431818181818177,0.011363636363636409,-0.0007981226639476,-0.00052050200475545,0.0005552413183843,0.8240576418436754,0.8886712795648488,0.12922727544234702,-0.4430000813235671,-0.4238211903436142,0.0383577819599058,0.226948744133644,0.25644663724199207,0.05899578621669613,1.2787617666561333,1.3690701171818533,0.1806167010514399
0.77,0.155510547233262,891,2134,80497,439838,3025,0.0057799602568022,0.2945454545454545,0.0109475598368309,0.9951716398323875,0.5030595998346092,0.0211104924596922,1.8940545177533432,-0.0026962538268462,-0.0011632240111725,593,1.6254028197860892,0.2344013490725126,0.4873524451939292,-0.000860434900772,-0.000860434900772,-0.000414456956048,0.8094918816507977,-0.4471477242626165,0.0,0.226948744133644,1.4593784677075732,0.2236104783599088,3628,8295,114170,400707,11923,0.0226328777524677,0.3042858341021555,0.0307984855430482,0.979718925579826,0.5052587055614371,0.0559354306550211,1.3607852205047242,-0.003097845142663,-0.0026048237103699,752,2.055584767624844,0.2978723404255319,0.5026595744680851,-0.0002608158090688,-0.0002608158090688,1.922959355987741e-05,0.950675583797286,-0.4021581854260525,0.0,0.2859445303503401,1.2787617666561333,BTCUSDT,BAJA,v4_63_balanceado,63,0.2945454545454545,0.29941564432380496,0.009740379556700984,0.0109475598368309,0.02087302268993955,0.0198509257062173,0.0211104924596922,0.03852296155735665,0.034824938195328906,1.3607852205047242,1.6274198691290338,0.533269297248619,593,672.5,159,0.2344013490725126,0.2661368447490222,0.06347099135301931,0.4873524451939292,0.4950060098310071,0.015307129274155895,-0.000860434900772,-0.0005606253549204001,0.0005996190917032001,0.8094918816507977,0.8800837327240418,0.14118370214648834,-0.4471477242626165,-0.4246529548443345,0.044989538836564036,0.226948744133644,0.25644663724199207,0.05899578621669613,1.2787617666561333,1.3690701171818533,0.1806167010514399
0.78,0.155510547233262,815,1973,80573,439999,2788,0.005327117089575,0.2923242467718794,0.0100137612424436,0.9955359163023902,0.5027748387724169,0.0193641893176202,1.8797711921970173,-0.0028604221440744,-0.0013615448582812,575,1.5760651287976413,0.24,0.48,-0.0010422007775219,-0.0010422007775219,-0.000618608531822,0.7762501503494382,-0.478566960933273,0.0,0.226948744133644,1.4593784677075732,0.2236104783599088,3231,7337,114567,401665,10568,0.0200607441154138,0.3057342922028766,0.0274283094789385,0.9820612124146092,0.5047447609467739,0.0503404328248913,1.367262815433839,-0.0031470805531554,-0.0026577022476605,720,1.9681130753854883,0.3055555555555556,0.5013888888888889,-0.0002743533247836,-0.0002743533247836,1.5864288448796948e-05,0.9486509650494804,-0.4002986345819805,0.0,0.2859445303503401,1.2787617666561333,BTCUSDT,BAJA,v4_63_balanceado,63,0.2923242467718794,0.299029269487378,0.01341004543099722,0.0100137612424436,0.01872103536069105,0.017414548236494902,0.0193641893176202,0.03485231107125575,0.030976243507271097,1.367262815433839,1.623517003815428,0.5125083767631782,575,647.5,145,0.24,0.2727777777777778,0.06555555555555559,0.48,0.49069444444444443,0.0213888888888889,-0.0010422007775219,-0.00065827705115275,0.0007678474527383001,0.7762501503494382,0.8624505576994593,0.1724008147000422,-0.478566960933273,-0.4394327977576268,0.0782683263512925,0.226948744133644,0.25644663724199207,0.05899578621669613,1.2787617666561333,1.3690701171818533,0.1806167010514399
0.79,0.155510547233262,747,1799,80641,440173,2546,0.0048647202690308,0.2934014139827179,0.0091782572369391,0.9959296064004056,0.5025539318186724,0.0177996997641003,1.8866978427040264,-0.0028233893088306,-0.0013311740323151,560,1.534950386307268,0.2392857142857143,0.4821428571428571,-0.0009340324866196,-0.0009340324866196,-0.0005941889872949,0.7959305210580564,-0.4446711802958947,0.0,0.226948744133644,1.4593784677075732,0.2236104783599088,2855,6499,114943,402503,9354,0.017756264236902,0.3052170194569168,0.0242364046927791,0.9841101021510896,0.5041732534219344,0.044906883100541,1.3649495394650484,-0.0034115774510833,-0.0028513143768045,679,1.856039969703815,0.3092783505154639,0.4904270986745213,-0.0004499716278946,-0.0004499716278946,-0.0002293184541779,0.9192205820176766,-0.4241089428626839,0.0,0.2859445303503401,1.2787617666561333,BTCUSDT,BAJA,v4_63_balanceado,63,0.2934014139827179,0.29930921671981736,0.01181560547419891,0.0091782572369391,0.016707330964859102,0.01505814745584,0.0177996997641003,0.03135329143232065,0.0271071833364407,1.3649495394650484,1.6258236910845374,0.521748303238978,560,619.5,119,0.2392857142857143,0.27428203240058907,0.06999263622974958,0.4821428571428571,0.4862849779086892,0.008284241531664183,-0.0009340324866196,-0.0006920020572571,0.000484060858725,0.7959305210580564,0.8575755515378665,0.12329006095962025,-0.4446711802958947,-0.4343900615792893,0.020562237433210784,0.226948744133644,0.25644663724199207,0.05899578621669613,1.2787617666561333,1.3690701171818533,0.1806167010514399
0.8,0.155510547233262,679,1619,80709,440353,2298,0.0043908590645062,0.2954743255004352,0.0083427532314346,0.996336872019042,0.5023398126252383,0.0162273259565518,1.900027559270504,-0.0026184941785681,-0.0010401353347687,527,1.444497952828447,0.2296015180265654,0.4724857685009487,-0.001119482811944,-0.001119482811944,-0.0006742454869217,0.7597436831486252,-0.486690589525376,0.0,0.226948744133644,1.4593784677075732,0.2236104783599088,2553,5733,115245,403269,8286,0.0157289293849658,0.3081100651701665,0.021672693933683,0.9859829536285886,0.5038278237811358,0.0404968116493766,1.3778874202587796,-0.0034111187794412,-0.002969887280352,653,1.784969219759339,0.3108728943338438,0.4808575803981623,-0.0005647947071183,-0.0005647947071183,-0.0003714651510928,0.9005341201557369,-0.452374659976113,0.0,0.2859445303503401,1.2787617666561333,BTCUSDT,BAJA,v4_63_balanceado,63,0.2954743255004352,0.30179219533530083,0.012635739669731305,0.0083427532314346,0.0150077235825588,0.013329940702248399,0.0162273259565518,0.0283620688029642,0.0242694856928248,1.3778874202587796,1.6389574897646417,0.5221401390117244,527,590.0,126,0.2296015180265654,0.2702372061802046,0.0812713763072784,0.4724857685009487,0.4766716744495555,0.008371811897213588,-0.001119482811944,-0.0008421387595311501,0.0005546881048257001,0.7597436831486252,0.830138901652181,0.1407904370071117,-0.486690589525376,-0.46953262475074453,0.03431592954926305,0.226948744133644,0.25644663724199207,0.05899578621669613,1.2787617666561333,1.3690701171818533,0.1806167010514399
0.81,0.155510547233262,634,1417,80754,440555,2051,0.003918908590645,0.3091175036567528,0.0077898461689683,0.9967939145466228,0.5022918803577957,0.015196730545668,1.98775908873296,-0.0024033963174337,-0.0007804845833656,501,1.3732323991784663,0.2375249500998004,0.4810379241516966,-0.0010577777179743,-0.0010577777179743,-0.000618608531822,0.775168385848547,-0.4488933454648063,0.0,0.226948744133644,1.4593784677075732,0.2236104783599088,2251,5063,115547,403939,7314,0.013883826879271,0.3077659283565764,0.019108983174587,0.9876210874274454,0.5033650353010162,0.0359837585523371,1.3763484189735349,-0.0034967726302789,-0.003053425987628,608,1.661962152547746,0.3075657894736842,0.4819078947368421,-0.0006234714409054,-0.0006234714409054,-0.0004285078461307,0.8918043434449054,-0.4283968047243869,0.0,0.2859445303503401,1.2787617666561333,BTCUSDT,BAJA,v4_63_balanceado,63,0.3077659283565764,0.3084417160066646,0.0013515753001763775,0.0077898461689683,0.01344941467177765,0.0113191370056187,0.015196730545668,0.02559024454900255,0.020787028006669095,1.3763484189735349,1.6820537538532474,0.611410669759425,501,554.5,107,0.2375249500998004,0.27254536978674226,0.07004083937388378,0.4810379241516966,0.48147290944426935,0.0008699705851454853,-0.0010577777179743,-0.0008406245794398499,0.0004343062770689,0.775168385848547,0.8334863646467262,0.11663595759635847,-0.4488933454648063,-0.4386450750945966,0.0204965407404194,0.226948744133644,0.25644663724199207,0.05899578621669613,1.2787617666561333,1.3690701171818533,0.1806167010514399
0.82,0.155510547233262,560,1229,80828,440743,1789,0.0034182971568327,0.3130240357741755,0.0068806212218017,0.9972192808594208,0.5020499510406113,0.0134652608293157,2.0128797778882945,-0.0022910263575332,-0.000618608531822,480,1.315671759691944,0.2416666666666666,0.4770833333333333,-0.0010611401471509,-0.0010611401471509,-0.0006357533988903,0.7747747181357906,-0.4344939118496518,0.0,0.226948744133644,1.4593784677075732,0.2236104783599088,1962,4430,115836,404572,6392,0.0121336370539104,0.3069461827284105,0.0166556308256506,0.989168757120992,0.5029121939733214,0.0315967469200418,1.372682465418145,-0.0035958198770497,-0.0031337106975374,577,1.5772239506908707,0.3067590987868284,0.4852686308492201,-0.0005323436866481,-0.0005323436866481,-0.0003681729482387,0.9054486356623906,-0.3918141665350241,0.0,0.2859445303503401,1.2787617666561333,BTCUSDT,BAJA,v4_63_balanceado,63,0.3069461827284105,0.30998510925129297,0.006077853045764969,0.0068806212218017,0.01176812602372615,0.009775009603848901,0.0134652608293157,0.02253100387467875,0.018131486090726102,1.372682465418145,1.6927811216532198,0.6401973124701494,480,528.5,97,0.2416666666666666,0.2742128827267475,0.06509243212016178,0.4770833333333333,0.4811759820912767,0.008185297515886814,-0.0010611401471509,-0.0007967419168995,0.0005287964605028001,0.7747747181357906,0.8401116768990906,0.13067391752660007,-0.4344939118496518,-0.41315403919233795,0.042679745314627704,0.226948744133644,0.25644663724199207,0.05899578621669613,1.2787617666561333,1.3690701171818533,0.1806167010514399
0.83,0.155510547233262,498,1086,80890,440886,1584,0.0030265973708346,0.3143939393939394,0.0061188381579594,0.99754283076756,0.5018308344627597,0.0120040495588873,2.021688849968203,-0.0023208712042943,-0.0006509492492918,450,1.2334422747111975,0.2488888888888888,0.4755555555555555,-0.001105399960963,-0.001105399960963,-0.0006552684679519,0.7701525942552917,-0.43145393079456,0.0,0.226948744133644,1.4593784677075732,0.2236104783599088,1725,3926,116073,405076,5651,0.0107270311313591,0.3052557069545213,0.0146437121173534,0.9904010249338634,0.5025223685256084,0.0279467634407731,1.3651225523662696,-0.0037295897290324,-0.003470744680851,544,1.487018768069036,0.3106617647058823,0.5,-0.000645548986812,-0.000645548986812,-1.4239093892864927e-05,0.8870249188380236,-0.4198114649468564,0.0,0.2859445303503401,1.2787617666561333,BTCUSDT,BAJA,v4_63_balanceado,63,0.3052557069545213,0.3098248231742303,0.009138232439418081,0.0061188381579594,0.010381275137656399,0.008524873959394,0.0120040495588873,0.0199754064998302,0.0159427138818858,1.3651225523662696,1.6934057011672363,0.6565662976019335,450,497.0,94,0.2488888888888888,0.27977532679738554,0.061772875816993505,0.4755555555555555,0.48777777777777775,0.02444444444444449,-0.001105399960963,-0.0008754744738875,0.0004598509741509999,0.7701525942552917,0.8285887565466576,0.11687232458273189,-0.43145393079456,-0.42563269787070823,0.01164246584770362,0.226948744133644,0.25644663724199207,0.05899578621669613,1.2787617666561333,1.3690701171818533,0.1806167010514399
0.84,0.155510547233262,432,965,80956,441007,1397,0.0026692907367777,0.3092340730136005,0.0053079077996756,0.9978166037667544,0.501562255783215,0.0104366733103823,1.9885086800560032,-0.0025860473093527,-0.0009080396076979,417,1.1429898412323765,0.2446043165467626,0.460431654676259,-0.001202279013456,-0.001202279013456,-0.0009399521631487,0.7520318066430531,-0.4263588076734875,0.0,0.226948744133644,1.4593784677075732,0.2236104783599088,1523,3411,116275,405591,4934,0.0093659832953682,0.3086745034454803,0.0129289122056401,0.9916601874807458,0.502294549843193,0.0248183032949841,1.38041162341533,-0.0035459190060021,-0.0034699123323606,509,1.3913466046822414,0.3163064833005894,0.5009823182711198,-0.0005111301174042,-0.0005111301174042,3.157961220234817e-05,0.9118458935236468,-0.3828701476170506,0.0,0.2859445303503401,1.2787617666561333,BTCUSDT,BAJA,v4_63_balanceado,63,0.3086745034454803,0.3089542882295404,0.0005595695681201995,0.0053079077996756,0.00911841000265785,0.0076210044059645,0.0104366733103823,0.0176274883026832,0.0143816299846018,1.38041162341533,1.6844601517356668,0.6080970566406732,417,463.0,92,0.2446043165467626,0.280455399923676,0.07170216675382682,0.460431654676259,0.4807069864736894,0.040550663594860814,-0.001202279013456,-0.0008567045654301001,0.0006911488960518001,0.7520318066430531,0.83193885008335,0.15981408688059362,-0.4263588076734875,-0.40461447764526903,0.04348866005643687,0.226948744133644,0.25644663724199207,0.05899578621669613,1.2787617666561333,1.3690701171818533,0.1806167010514399
0.85,0.155510547233262,387,858,81001,441114,1245,0.00237885967594,0.3108433734939759,0.0047550007372094,0.9980587005511662,0.5014068506441878,0.0093667178972081,1.998857177370217,-0.0024991449166791,-0.0007890332944471,398,1.0909111674112368,0.2437185929648241,0.4623115577889447,-0.0013165790142587,-0.0013165790142587,-0.0007609263669305,0.7321822105889786,-0.4414509692646255,0.0,0.226948744133644,1.4593784677075732,0.2236104783599088,1349,2949,116449,406053,4298,0.0081586940015186,0.3138669148441135,0.011451807331194,0.9927897663092112,0.5021207868202027,0.0220973660070764,1.4036324109057796,-0.0032821039306058,-0.0033749217661068,482,1.3175423643552855,0.3236514522821577,0.508298755186722,-0.0002727444556418,-0.0002727444556418,0.0002439307274325,0.9519627346459398,-0.3378375126114862,0.0,0.2859445303503401,1.2787617666561333,BTCUSDT,BAJA,v4_63_balanceado,63,0.3108433734939759,0.3123551441690447,0.003023541350137604,0.0047550007372094,0.0081034040342017,0.006696806593984601,0.0093667178972081,0.01573204195214225,0.0127306481098683,1.4036324109057796,1.7012447941379985,0.5952247664644374,398,440.0,84,0.2437185929648241,0.2836850226234909,0.0799328593173336,0.4623115577889447,0.48530515648783334,0.045987197397777235,-0.0013165790142587,-0.00079466173495025,0.0010438345586169,0.7321822105889786,0.8420724726174592,0.21978052405696125,-0.4414509692646255,-0.38964424093805583,0.10361345665313931,0.226948744133644,0.25644663724199207,0.05899578621669613,1.2787617666561333,1.3690701171818533,0.1806167010514399
0.86,0.155510547233262,351,776,81037,441196,1127,0.0021533934576582,0.3114463176574978,0.0043126750872364,0.9982442326663228,0.5012784538767796,0.008507544082894,2.0027343688163866,-0.0021975870031942,-0.0006588808138348,380,1.041573476422789,0.2368421052631578,0.4526315789473684,-0.0014463275917684,-0.0014463275917684,-0.0010285978679854,0.7097744402627318,-0.44393684359012,0.0,0.226948744133644,1.4593784677075732,0.2236104783599088,1166,2581,116632,406421,3747,0.0071127562642369,0.3111822791566586,0.0098983004804835,0.9936895174106728,0.5017939089455782,0.0191863095972685,1.39162655274052,-0.0034924706604068,-0.0036760790113539,459,1.254672085558249,0.3180827886710239,0.5010893246187363,-0.0006003070098945,-0.0006003070098945,3.157961220234817e-05,0.8966950136715612,-0.4057889475948342,0.0,0.2859445303503401,1.2787617666561333,BTCUSDT,BAJA,v4_63_balanceado,63,0.3111822791566586,0.3113142984070782,0.0002640385008392254,0.0043126750872364,0.00710548778385995,0.005585625393247101,0.008507544082894,0.01384692684008125,0.010678765514374501,1.39162655274052,1.6971804607784533,0.6111078160758665,380,419.5,79,0.2368421052631578,0.2774624469670909,0.08124068340786611,0.4526315789473684,0.47686045178305236,0.04845774567136796,-0.0014463275917684,-0.00102331730083145,0.0008460205818738999,0.7097744402627318,0.8032347269671465,0.1869205734088294,-0.44393684359012,-0.4248628955924771,0.038147895995285785,0.226948744133644,0.25644663724199207,0.05899578621669613,1.2787617666561333,1.3690701171818533,0.1806167010514399
0.87,0.155510547233262,315,687,81073,441285,1002,0.0019145521247324,0.3143712574850299,0.0038703494372634,0.9984456028888709,0.5011579761630671,0.0076465590484282,2.021542995495224,-0.0018095075805479,-0.0004121828884208,357,0.9785308712708832,0.2324929971988795,0.4509803921568627,-0.0013664345389616,-0.0013664345389616,-0.001325740387815,0.7237986190701737,-0.4126617794887891,0.0,0.226948744133644,1.4593784677075732,0.2236104783599088,1014,2243,116784,406759,3257,0.0061826119969627,0.3113294442738716,0.0086079559924616,0.9945159192375588,0.5015619376150102,0.0167527157077361,1.3922846843195604,-0.0033746829408796,-0.0037019692455459,425,1.1617334125539345,0.3152941176470588,0.5011764705882353,-0.0008660977502657,-0.0008660977502657,3.157961220234817e-05,0.8557450088346985,-0.4559666870589757,0.0,0.2859445303503401,1.2787617666561333,BTCUSDT,BAJA,v4_63_balanceado,63,0.3113294442738716,0.3128503508794508,0.0030418132111583174,0.0038703494372634,0.0062391527148624995,0.0047376065551982,0.0076465590484282,0.01219963737808215,0.0091061566593079,1.3922846843195604,1.7069138399073922,0.6292583111756638,357,391.0,68,0.2324929971988795,0.27389355742296917,0.08280112044817928,0.4509803921568627,0.476078431372549,0.05019607843137264,-0.0013664345389616,-0.00111626614461365,0.0005003367886959001,0.7237986190701737,0.7897718139524361,0.13194638976452477,-0.4559666870589757,-0.4343142332738824,0.04330490757018657,0.226948744133644,0.25644663724199207,0.05899578621669613,1.2787617666561333,1.3690701171818533,0.1806167010514399
0.88,0.155510547233262,277,618,81111,441354,895,0.001710103943748,0.3094972067039106,0.0034034501400697,0.9986017213760148,0.5010025857580422,0.0067328609797892,1.9902007433596929,-0.0017407434063008,-0.0002188669855436,341,0.9346751459478184,0.2375366568914956,0.4574780058651026,-0.0013253772688512,-0.0013253772688512,-0.001325740387815,0.7348090509986287,-0.3974448735173497,0.0,0.226948744133644,1.4593784677075732,0.2236104783599088,884,1965,116914,407037,2849,0.0054081245254365,0.3102843102843103,0.007504371890864,0.9951956225152934,0.5013499972030787,0.0146543221132726,1.3876107799603956,-0.0034889443153524,-0.0037858702645807,390,1.0660612491671395,0.3205128205128205,0.5076923076923077,-0.0005790293483046,-0.0005790293483046,0.0001809121928972,0.9021258488800376,-0.3873781799604228,0.0,0.2859445303503401,1.2787617666561333,BTCUSDT,BAJA,v4_63_balanceado,63,0.3094972067039106,0.30989075849411046,0.000787103580399684,0.0034034501400697,0.00545391101546685,0.0041009217507943,0.0067328609797892,0.0106935915465309,0.0079214611334834,1.3876107799603956,1.6889057616600442,0.6025899633992973,341,365.5,49,0.2375366568914956,0.27902473870215805,0.08297616362132487,0.4574780058651026,0.48258515677870517,0.05021430182720504,-0.0013253772688512,-0.0009522033085779,0.0007463479205466,0.7348090509986287,0.8184674499393332,0.16731679788140885,-0.3974448735173497,-0.39241152673888624,0.010066693556926909,0.226948744133644,0.25644663724199207,0.05899578621669613,1.2787617666561333,1.3690701171818533,0.1806167010514399
0.89,0.155510547233262,236,551,81152,441421,787,0.0015037450321002,0.2998729351969504,0.002899690372045,0.9987533146896184,0.5008265025308317,0.0057438393672041,1.9283125198392392,-0.0018030287297092,-0.0005040974618839,324,0.8880784377920622,0.2345679012345679,0.4598765432098765,-0.0014540333750258,-0.0014540333750258,-0.0012214919803186,0.7138892310991778,-0.4137230327850121,0.0,0.226948744133644,1.4593784677075732,0.2236104783599088,754,1721,117044,407281,2475,0.0046981776765375,0.3046464646464646,0.0064007877892663,0.9957921966151756,0.501096492202221,0.0125381423927232,1.36239798278203,-0.0037676474710199,-0.0042336162302594,368,1.005924460752583,0.3179347826086957,0.5054347826086957,-0.0005492707695064,-0.0005492707695064,0.0001011850492921,0.908000416274522,-0.3781677898724918,0.0,0.2859445303503401,1.2787617666561333,BTCUSDT,BAJA,v4_63_balanceado,63,0.2998729351969504,0.30225969992170754,0.004773529449514202,0.002899690372045,0.00465023908065565,0.0035010974172212995,0.0057438393672041,0.00914099087996365,0.0067943030255191,1.36239798278203,1.6453552513106346,0.5659145370572092,324,346.0,44,0.2345679012345679,0.2762513419216318,0.08336688137412779,0.4598765432098765,0.4826556629092861,0.0455582393988192,-0.0014540333750258,-0.0010016520722661,0.0009047626055194001,0.7138892310991778,0.81094482368685,0.1941111851753442,-0.4137230327850121,-0.39594541132875194,0.035555242912520324,0.226948744133644,0.25644663724199207,0.05899578621669613,1.2787617666561333,1.3690701171818533,0.1806167010514399
0.9,0.155510547233262,189,483,81199,441489,672,0.0012840110058086,0.28125,0.002322209662358,0.998907170589992,0.5006146901261751,0.004606385571533,1.808559001326977,-0.0022118473109358,-0.0012932178391976,297,0.8140719013093903,0.2356902356902357,0.4545454545454545,-0.0016173220222696,-0.0016173220222696,-0.0014943603991499,0.6940953234727498,-0.4187707094000166,0.0,0.226948744133644,1.4593784677075732,0.2236104783599088,643,1510,117155,407492,2153,0.004086940015186,0.2986530422666047,0.0054584967486714,0.9963080865130244,0.5008832916308479,0.0107210444264741,1.335595024245296,-0.0040170457543586,-0.0043294102098785,330,0.902051826218349,0.3151515151515151,0.5121212121212121,-0.0005120634057565,-0.0005120634057565,0.0002784960862702,0.9134264727353576,-0.3320127227659124,0.0,0.2859445303503401,1.2787617666561333,BTCUSDT,BAJA,v4_63_balanceado,63,0.28125,0.28995152113330236,0.017403042266604718,0.002322209662358,0.0038903532055147,0.0031362870863134,0.004606385571533,0.00766371499900355,0.0061146588549411,1.335595024245296,1.5720770127861365,0.4729639770816809,297,313.5,33,0.2356902356902357,0.2754208754208754,0.07946127946127943,0.4545454545454545,0.4833333333333333,0.05757575757575761,-0.0016173220222696,-0.00106469271401305,0.0011052586165131001,0.6940953234727498,0.8037608981040537,0.21933114926260777,-0.4187707094000166,-0.3753917160829645,0.08675798663410417,0.226948744133644,0.25644663724199207,0.05899578621669613,1.2787617666561333,1.3690701171818533,0.1806167010514399
0.91,0.155510547233262,157,433,81231,441539,590,0.0011273310914093,0.2661016949152542,0.0019290313068265,0.9990202999285024,0.5004746656176644,0.0038302959330552,1.7111488554927934,-0.002578129887653,-0.0017159297235143,273,0.7482883133247932,0.238095238095238,0.4468864468864469,-0.0017783765682987,-0.0017783765682987,-0.0015071343638526,0.6731842857856078,-0.4075482431647881,0.0,0.226948744133644,1.4593784677075732,0.2236104783599088,565,1358,117233,407644,1923,0.0036503416856492,0.2938117524700988,0.0047963462877128,0.9966797228375412,0.500738034562627,0.0094386114382606,1.3139444744498894,-0.0044795860424914,-0.0048038604087923,298,0.8145801339789939,0.3053691275167785,0.4865771812080537,-0.0008696012633799,-0.0008696012633799,-0.0005323745609754,0.8610534293054287,-0.3527805522388031,0.0,0.2859445303503401,1.2787617666561333,BTCUSDT,BAJA,v4_63_balanceado,63,0.2661016949152542,0.2799567236926765,0.02771005755484457,0.0019290313068265,0.00336268879726965,0.0028673149808862994,0.0038302959330552,0.0066344536856579,0.005608315505205399,1.3139444744498894,1.5125466649713415,0.397204381042904,273,285.5,25,0.238095238095238,0.27173218280600825,0.06727388942154053,0.4468864468864469,0.4667318140472503,0.0396907343216068,-0.0017783765682987,-0.0013239889158393,0.0009087753049187999,0.6731842857856078,0.7671188575455183,0.18786914351982087,-0.4075482431647881,-0.3801643977017956,0.05476769092598499,0.226948744133644,0.25644663724199207,0.05899578621669613,1.2787617666561333,1.3690701171818533,0.1806167010514399
0.92,0.155510547233262,131,373,81257,441599,504,0.0009630082543564,0.2599206349206349,0.0016095738929571,0.9991560551347144,0.5003828145138358,0.0031993357104479,1.6714019694803104,-0.0027117261286916,-0.0018525640521288,253,0.6934686566709621,0.2529644268774703,0.4505928853754941,-0.0015651092652367,-0.0015651092652367,-0.0014943603991499,0.7084225933713939,-0.3586676103797531,0.0,0.226948744133644,1.4593784677075732,0.2236104783599088,490,1200,117308,407802,1690,0.0032080485952923,0.2899408284023668,0.0041596631521757,0.997066029016973,0.5006128460845745,0.0082016604177825,1.296633460690053,-0.0047744827797511,-0.005016843397351,268,0.7325754225045985,0.3097014925373134,0.4888059701492537,-0.0006812444142602,-0.0006812444142602,-0.0005323745609754,0.8910238495741541,-0.2998240082376834,0.0,0.2859445303503401,1.2787617666561333,BTCUSDT,BAJA,v4_63_balanceado,63,0.2599206349206349,0.27493073166150084,0.030020193481731905,0.0016095738929571,0.0028846185225664,0.0025500892592186,0.0031993357104479,0.0057004980641152,0.005002324707334601,1.296633460690053,1.4840177150851817,0.37476850879025747,253,260.5,15,0.2529644268774703,0.2813329597073918,0.0567370656598431,0.4505928853754941,0.4696994277623739,0.03821308477375962,-0.0015651092652367,-0.00112317683974845,0.0008838648509765,0.7084225933713939,0.7997232214727741,0.18260125620276024,-0.3586676103797531,-0.3292458093087183,0.058843602142069684,0.226948744133644,0.25644663724199207,0.05899578621669613,1.2787617666561333,1.3690701171818533,0.1806167010514399
0.93,0.155510547233262,109,326,81279,441646,435,0.0008311678385814,0.2505747126436781,0.0013392637735292,0.999262396712914,0.5003008302432216,0.002664287547511,1.6113036517569592,-0.003029100769319,-0.0019203708366219,228,0.6249440858536734,0.25,0.4342105263157895,-0.0019807239154697,-0.0019807239154697,-0.0016234672199311,0.6492297438616177,-0.3711176531573823,0.0,0.226948744133644,1.4593784677075732,0.2236104783599088,429,1030,117369,407972,1459,0.0027695520121488,0.2940370116518163,0.0036418275352722,0.9974816749062352,0.5005617512207537,0.007194546232087,1.3149518475540911,-0.0051011497827767,-0.0052235459298455,229,0.6259692975878846,0.3406113537117904,0.4890829694323144,-0.000748193920125,-0.000748193920125,-0.0006593173972513,0.8875627860430274,-0.2817781575345209,0.0,0.2859445303503401,1.2787617666561333,BTCUSDT,BAJA,v4_63_balanceado,63,0.2505747126436781,0.2723058621477472,0.043462299008138194,0.0013392637735292,0.0024905456544007,0.002302563761743,0.002664287547511,0.004929416889799,0.004530258684576001,1.3149518475540911,1.4631277496555253,0.2963518042028681,228,228.5,1,0.25,0.2953056768558952,0.09061135371179041,0.4342105263157895,0.4616467478740519,0.054872443116524894,-0.0019807239154697,-0.0013644589177973499,0.0012325299953447,0.6492297438616177,0.7683962649523226,0.23833304218140972,-0.3711176531573823,-0.3264479053459516,0.08933949562286142,0.226948744133644,0.25644663724199207,0.05899578621669613,1.2787617666561333,1.3690701171818533,0.1806167010514399
0.94,0.155510547233262,94,282,81294,441690,376,0.0007184347294405,0.25,0.0011549614193738,0.9993619505308028,0.5002584559750883,0.0022993004256151,1.607608001179535,-0.0029059660184165,-0.001930321516513,207,0.5673834463671509,0.2560386473429952,0.4444444444444444,-0.0015732411816703,-0.0015732411816703,-0.0017974284964576,0.707117012600303,-0.2990479888687395,0.0,0.226948744133644,1.4593784677075732,0.2236104783599088,378,856,117420,408146,1234,0.0023424449506454,0.3063209076175041,0.003208883003107,0.997907100698774,0.5005579918509405,0.0063512332818065,1.3698861961400122,-0.0054885303725675,-0.0060489158853624,197,0.5384976053485295,0.3705583756345177,0.5076142131979695,-0.000671519169919,-0.000671519169919,0.000241040814236,0.9030415913509192,-0.2291350600963164,0.0,0.2859445303503401,1.2787617666561333,BTCUSDT,BAJA,v4_63_balanceado,63,0.25,0.27816045380875204,0.05632090761750408,0.0011549614193738,0.0021819222112404,0.0020539215837332,0.0022993004256151,0.0043252668537108,0.0040519328561914,1.3698861961400122,1.4887470986597737,0.2377218050395229,197,202.0,10,0.2560386473429952,0.3132985114887564,0.11451972829152252,0.4444444444444444,0.47602932882120697,0.06316976875352509,-0.0015732411816703,-0.00112238017579465,0.0009017220117513001,0.707117012600303,0.8050793019756111,0.1959245787506162,-0.2990479888687395,-0.26409152448252793,0.06991292877242311,0.226948744133644,0.25644663724199207,0.05899578621669613,1.2787617666561333,1.3690701171818533,0.1806167010514399
0.95,0.155510547233262,79,241,81309,441731,320,0.0006114338122898,0.246875,0.0009706590652184,0.9994547165883813,0.5002126878267998,0.001933715180888,1.587512901164791,-0.0032018195546031,-0.0018805595182547,184,0.5043408412152453,0.25,0.4456521739130434,-0.0018042711847624,-0.0018042711847624,-0.0016234672199311,0.6593419652989551,-0.3039820487682313,0.0,0.226948744133644,1.4593784677075732,0.2236104783599088,331,699,117467,408303,1030,0.0019552012148823,0.3213592233009709,0.002809894904837,0.9982909619023868,0.500550428403612,0.0055710775238159,1.437138481425419,-0.0053273578480916,-0.0065110411265018,172,0.4701603457865334,0.3546511627906977,0.4883720930232558,-0.0013367402906629,-0.0013367402906629,-0.0006415182727146,0.8195891857048069,-0.2343798709870309,0.0,0.2859445303503401,1.2787617666561333,BTCUSDT,BAJA,v4_63_balanceado,63,0.246875,0.2841171116504855,0.07448422330097088,0.0009706590652184,0.0018902769850277,0.0018392358396185997,0.001933715180888,0.00375239635235195,0.0036373623429279004,1.437138481425419,1.5123256912951049,0.15037441973937216,172,178.0,12,0.25,0.3023255813953488,0.1046511627906977,0.4456521739130434,0.4670121334681496,0.04271991911021239,-0.0018042711847624,-0.00157050573771265,0.0004675308940994998,0.6593419652989551,0.739465575501881,0.16024722040585182,-0.3039820487682313,-0.26918095987763113,0.06960217778120042,0.226948744133644,0.25644663724199207,0.05899578621669613,1.2787617666561333,1.3690701171818533,0.1806167010514399
0.05,0.155510547233262,81388,441972,0,0,523360,1.0,0.155510547233262,1.0,0.0,0.5,0.269163353992076,1.0,-0.0004843634267097,-0.0001133596097885,2182,5.980824540932963,0.1549037580201649,0.4885426214482126,-0.0004846609185768,-0.0004846609185768,-8.116316508999244e-05,0.837945773853495,-0.694892172075785,0.0,0.2281115568593205,1.4668558558742564,0.2236104783599088,117798,409002,0,0,526800,1.0,0.2236104783599088,1.0,0.0,0.5,0.3654929118613461,1.0,-0.000421163903572,-0.0003529744518918,2195,6.0000113895432605,0.2291571753986332,0.4783599088838269,-0.0004259415340564,-0.0004259415340564,-0.0003394659167264,0.8917782139928262,-0.7131877600773733,0.0,0.2868681850508032,1.2828924080609443,BTCUSDT,BAJA,v4_63_moderado,63,0.155510547233262,0.1895605127965854,0.0680999311266468,1.0,1.0,0.0,0.269163353992076,0.317328132926711,0.09632955786927005,1.0,1.0,0.0,2182,2188.5,13,0.1549037580201649,0.19203046670939905,0.0742534173784683,0.4783599088838269,0.4834512651660198,0.010182712564385688,-0.0004846609185768,-0.0004553012263166,5.8719384520399996e-05,0.837945773853495,0.8648619939231605,0.053832440139331195,-0.7131877600773733,-0.7040399660765791,0.01829558800158826,0.2281115568593205,0.2574898709550618,0.058756628191482696,1.2828924080609443,1.3748741319676003,0.1839634478133121
0.06,0.155510547233262,81388,441972,0,0,523360,1.0,0.155510547233262,1.0,0.0,0.5,0.269163353992076,1.0,-0.0004843634267097,-0.0001133596097885,2182,5.980824540932963,0.1549037580201649,0.4885426214482126,-0.0004846609185768,-0.0004846609185768,-8.116316508999244e-05,0.837945773853495,-0.694892172075785,0.0,0.2281115568593205,1.4668558558742564,0.2236104783599088,117798,409002,0,0,526800,1.0,0.2236104783599088,1.0,0.0,0.5,0.3654929118613461,1.0,-0.000421163903572,-0.0003529744518918,2195,6.0000113895432605,0.2291571753986332,0.4783599088838269,-0.0004259415340564,-0.0004259415340564,-0.0003394659167264,0.8917782139928262,-0.7131877600773733,0.0,0.2868681850508032,1.2828924080609443,BTCUSDT,BAJA,v4_63_moderado,63,0.155510547233262,0.1895605127965854,0.0680999311266468,1.0,1.0,0.0,0.269163353992076,0.317328132926711,0.09632955786927005,1.0,1.0,0.0,2182,2188.5,13,0.1549037580201649,0.19203046670939905,0.0742534173784683,0.4783599088838269,0.4834512651660198,0.010182712564385688,-0.0004846609185768,-0.0004553012263166,5.8719384520399996e-05,0.837945773853495,0.8648619939231605,0.053832440139331195,-0.7131877600773733,-0.7040399660765791,0.01829558800158826,0.2281115568593205,0.2574898709550618,0.058756628191482696,1.2828924080609443,1.3748741319676003,0.1839634478133121
0.07,0.155510547233262,81388,441972,0,0,523360,1.0,0.155510547233262,1.0,0.0,0.5,0.269163353992076,1.0,-0.0004843634267097,-0.0001133596097885,2182,5.980824540932963,0.1549037580201649,0.4885426214482126,-0.0004846609185768,-0.0004846609185768,-8.116316508999244e-05,0.837945773853495,-0.694892172075785,0.0,0.2281115568593205,1.4668558558742564,0.2236104783599088,117798,409002,0,0,526800,1.0,0.2236104783599088,1.0,0.0,0.5,0.3654929118613461,1.0,-0.000421163903572,-0.0003529744518918,2195,6.0000113895432605,0.2291571753986332,0.4783599088838269,-0.0004259415340564,-0.0004259415340564,-0.0003394659167264,0.8917782139928262,-0.7131877600773733,0.0,0.2868681850508032,1.2828924080609443,BTCUSDT,BAJA,v4_63_moderado,63,0.155510547233262,0.1895605127965854,0.0680999311266468,1.0,1.0,0.0,0.269163353992076,0.317328132926711,0.09632955786927005,1.0,1.0,0.0,2182,2188.5,13,0.1549037580201649,0.19203046670939905,0.0742534173784683,0.4783599088838269,0.4834512651660198,0.010182712564385688,-0.0004846609185768,-0.0004553012263166,5.8719384520399996e-05,0.837945773853495,0.8648619939231605,0.053832440139331195,-0.7131877600773733,-0.7040399660765791,0.01829558800158826,0.2281115568593205,0.2574898709550618,0.058756628191482696,1.2828924080609443,1.3748741319676003,0.1839634478133121
0.08,0.155510547233262,81388,441972,0,0,523360,1.0,0.155510547233262,1.0,0.0,0.5,0.269163353992076,1.0,-0.0004843634267097,-0.0001133596097885,2182,5.980824540932963,0.1549037580201649,0.4885426214482126,-0.0004846609185768,-0.0004846609185768,-8.116316508999244e-05,0.837945773853495,-0.694892172075785,0.0,0.2281115568593205,1.4668558558742564,0.2236104783599088,117798,409002,0,0,526800,1.0,0.2236104783599088,1.0,0.0,0.5,0.3654929118613461,1.0,-0.000421163903572,-0.0003529744518918,2195,6.0000113895432605,0.2291571753986332,0.4783599088838269,-0.0004259415340564,-0.0004259415340564,-0.0003394659167264,0.8917782139928262,-0.7131877600773733,0.0,0.2868681850508032,1.2828924080609443,BTCUSDT,BAJA,v4_63_moderado,63,0.155510547233262,0.1895605127965854,0.0680999311266468,1.0,1.0,0.0,0.269163353992076,0.317328132926711,0.09632955786927005,1.0,1.0,0.0,2182,2188.5,13,0.1549037580201649,0.19203046670939905,0.0742534173784683,0.4783599088838269,0.4834512651660198,0.010182712564385688,-0.0004846609185768,-0.0004553012263166,5.8719384520399996e-05,0.837945773853495,0.8648619939231605,0.053832440139331195,-0.7131877600773733,-0.7040399660765791,0.01829558800158826,0.2281115568593205,0.2574898709550618,0.058756628191482696,1.2828924080609443,1.3748741319676003,0.1839634478133121
0.09,0.155510547233262,81388,441972,0,0,523360,1.0,0.155510547233262,1.0,0.0,0.5,0.269163353992076,1.0,-0.0004843634267097,-0.0001133596097885,2182,5.980824540932963,0.1549037580201649,0.4885426214482126,-0.0004846609185768,-0.0004846609185768,-8.116316508999244e-05,0.837945773853495,-0.694892172075785,0.0,0.2281115568593205,1.4668558558742564,0.2236104783599088,117798,409002,0,0,526800,1.0,0.2236104783599088,1.0,0.0,0.5,0.3654929118613461,1.0,-0.000421163903572,-0.0003529744518918,2195,6.0000113895432605,0.2291571753986332,0.4783599088838269,-0.0004259415340564,-0.0004259415340564,-0.0003394659167264,0.8917782139928262,-0.7131877600773733,0.0,0.2868681850508032,1.2828924080609443,BTCUSDT,BAJA,v4_63_moderado,63,0.155510547233262,0.1895605127965854,0.0680999311266468,1.0,1.0,0.0,0.269163353992076,0.317328132926711,0.09632955786927005,1.0,1.0,0.0,2182,2188.5,13,0.1549037580201649,0.19203046670939905,0.0742534173784683,0.4783599088838269,0.4834512651660198,0.010182712564385688,-0.0004846609185768,-0.0004553012263166,5.8719384520399996e-05,0.837945773853495,0.8648619939231605,0.053832440139331195,-0.7131877600773733,-0.7040399660765791,0.01829558800158826,0.2281115568593205,0.2574898709550618,0.058756628191482696,1.2828924080609443,1.3748741319676003,0.1839634478133121
0.1,0.155510547233262,81388,441972,0,0,523360,1.0,0.155510547233262,1.0,0.0,0.5,0.269163353992076,1.0,-0.0004843634267097,-0.0001133596097885,2182,5.980824540932963,0.1549037580201649,0.4885426214482126,-0.0004846609185768,-0.0004846609185768,-8.116316508999244e-05,0.837945773853495,-0.694892172075785,0.0,0.2281115568593205,1.4668558558742564,0.2236104783599088,117794,408991,4,11,526785,0.9999715261958998,0.2236092523515286,0.9999660435661046,2.689473401108063e-05,0.4999964691500578,0.3654890060705913,0.9999945172140892,-0.0004211779398272,-0.0003529339410164,2195,6.0000113895432605,0.2291571753986332,0.4783599088838269,-0.0004259415340564,-0.0004259415340564,-0.0003394659167264,0.8917782139928262,-0.7131877600773733,0.0,0.2868681850508032,1.2828924080609443,BTCUSDT,BAJA,v4_63_moderado,63,0.155510547233262,0.1895598997923953,0.0680987051182666,0.9999660435661046,0.9999830217830523,3.3956433895365734e-05,0.269163353992076,0.31732618003133367,0.09632565207851529,0.9999945172140892,0.9999972586070446,5.4827859108375065e-06,2182,2188.5,13,0.1549037580201649,0.19203046670939905,0.0742534173784683,0.4783599088838269,0.4834512651660198,0.010182712564385688,-0.0004846609185768,-0.0004553012263166,5.8719384520399996e-05,0.837945773853495,0.8648619939231605,0.053832440139331195,-0.7131877600773733,-0.7040399660765791,0.01829558800158826,0.2281115568593205,0.2574898709550618,0.058756628191482696,1.2828924080609443,1.3748741319676003,0.1839634478133121
0.11,0.155510547233262,81388,441970,0,2,523358,0.9999961785386732,0.1555111415130751,1.0,4.525173540405274e-06,0.5000022625867702,0.2691642441620118,1.0000038214759306,-0.0004843631473501,-0.0001133359647067,2182,5.980824540932963,0.1549037580201649,0.4885426214482126,-0.0004846609185768,-0.0004846609185768,-8.116316508999244e-05,0.837945773853495,-0.694892172075785,0.0,0.2281115568593205,1.4668558558742564,0.2236104783599088,117784,408970,14,32,526754,0.9999126803340926,0.2236034277860253,0.9998811524813664,7.823922621405275e-05,0.4999796958537902,0.3654755551142499,0.9999684693940316,-0.0004212866668185,-0.0003529961592553,2195,6.0000113895432605,0.2291571753986332,0.4783599088838269,-0.0004259415340564,-0.0004259415340564,-0.0003394659167264,0.8917782139928262,-0.7131877600773733,0.0,0.2868681850508032,1.2828924080609443,BTCUSDT,BAJA,v4_63_moderado,63,0.1555111415130751,0.18955728464955018,0.06809228627295019,0.9998811524813664,0.9999405762406832,0.00011884751863355802,0.2691642441620118,0.31731989963813084,0.0963113109522381,0.9999684693940316,0.9999861454349811,3.5352081898976095e-05,2182,2188.5,13,0.1549037580201649,0.19203046670939905,0.0742534173784683,0.4783599088838269,0.4834512651660198,0.010182712564385688,-0.0004846609185768,-0.0004553012263166,5.8719384520399996e-05,0.837945773853495,0.8648619939231605,0.053832440139331195,-0.7131877600773733,-0.7040399660765791,0.01829558800158826,0.2281115568593205,0.2574898709550618,0.058756628191482696,1.2828924080609443,1.3748741319676003,0.1839634478133121
0.12,0.155510547233262,81388,441968,0,4,523356,0.9999923570773463,0.1555117357974304,1.0,9.050347080810549e-06,0.5000045251735404,0.2691651343378355,1.0000076429810685,-0.0004843636894387,-0.0001133359647067,2182,5.980824540932963,0.1549037580201649,0.4885426214482126,-0.0004846609185768,-0.0004846609185768,-8.116316508999244e-05,0.837945773853495,-0.694892172075785,0.0,0.2281115568593205,1.4668558558742564,0.2236104783599088,117782,408908,16,94,526690,0.999791192103265,0.2236268013442442,0.9998641742644188,0.0002298277270037,0.5000470009957113,0.3655056416876652,1.000072997403588,-0.0004213722214919,-0.0003534777586855,2195,6.0000113895432605,0.2273348519362187,0.4792710706150341,-0.0004258993029574,-0.0004258993029574,-0.0003394659167264,0.892012498535341,-0.7134766572801099,0.0,0.2868681850508032,1.2828924080609443,BTCUSDT,BAJA,v4_63_moderado,63,0.1555117357974304,0.1895692685708373,0.06811506554681379,0.9998641742644188,0.9999320871322094,0.0001358257355812409,0.2691651343378355,0.31733538801275035,0.09634050734982968,1.0000076429810685,1.0000403201923282,6.535442251953683e-05,2182,2188.5,13,0.1549037580201649,0.1911193049781918,0.07243109391605379,0.4792710706150341,0.48390684603162337,0.009271550833178488,-0.0004846609185768,-0.0004552801107671,5.876161561940002e-05,0.837945773853495,0.864979136194418,0.054066724681846035,-0.7134766572801099,-0.7041844146779475,0.018584485204324874,0.2281115568593205,0.2574898709550618,0.058756628191482696,1.2828924080609443,1.3748741319676003,0.1839634478133121
0.13,0.155510547233262,81388,441947,0,25,523335,0.9999522317334149,0.155517976057401,1.0,5.656466925506593e-05,0.5000282823346275,0.2691744815394817,1.0000477705485014,-0.0004843821077506,-0.0001133037550897,2182,5.980824540932963,0.1558203483043079,0.4862511457378551,-0.0004843396858176,-0.0004843396858176,-0.0001344716678157,0.8375418299856028,-0.6945268522176864,0.0,0.2281115568593205,1.4668558558742564,0.2236104783599088,117776,408710,22,292,526486,0.999403948367502,0.223702054755492,0.9998132396135758,0.0007139329392032,0.5002635862763896,0.3656027466148469,1.000409535350288,-0.0004218053535036,-0.0003549179523169,2195,6.0000113895432605,0.2259681093394077,0.4829157175398633,-0.0004239655346012,-0.0004239655346012,-0.0003020281033716,0.8921946518062527,-0.7150019802971961,0.0,0.2868681850508032,1.2828924080609443,BTCUSDT,BAJA,v4_63_moderado,63,0.155517976057401,0.1896100154064465,0.06818407869809101,0.9998132396135758,0.9999066198067879,0.00018676038642417847,0.2691744815394817,0.3173886140771643,0.09642826507536517,1.0000477705485014,1.0002286529493947,0.00036176480178662374,2182,2188.5,13,0.1558203483043079,0.1908942288218578,0.07014776103509979,0.4829157175398633,0.4845834316388592,0.0033354281979918188,-0.0004843396858176,-0.00045415261020940003,6.03741512164e-05,0.8375418299856028,0.8648682408959277,0.0546528218206499,-0.7150019802971961,-0.7047644162574412,0.020475128079509686,0.2281115568593205,0.2574898709550618,0.058756628191482696,1.2828924080609443,1.3748741319676003,0.1839634478133121
0.14,0.155510547233262,81388,441845,0,127,523233,0.9997573372057474,0.1555482930166866,1.0,0.0002873485198157,0.5001436742599079,0.2692198914692013,1.000242721693777,-0.0004844751487124,-0.000113254038121,2182,5.980824540932963,0.1576535288725939,0.4848762603116407,-0.0004849967805628,-0.0004849967805628,-0.0001416851002506,0.8374862396842192,-0.6949861510094304,0.0,0.2281115568593205,1.4668558558742564,0.2236104783599088,117763,408370,35,632,526133,0.9987338648443432,0.2238274352682686,0.999702881203416,0.0015452247177275,0.5006240529605718,0.3657627913549743,1.0009702448201492,-0.0004225387205305,-0.0003570046151555,2195,6.0000113895432605,0.2182232346241457,0.4765375854214123,-0.0004250029827152,-0.0004250029827152,-0.0003518925901391,0.8907031892894229,-0.7168169499003756,0.0,0.2868681850508032,1.2828924080609443,BTCUSDT,BAJA,v4_63_moderado,63,0.1555482930166866,0.1896878641424776,0.06827914225158199,0.999702881203416,0.999851440601708,0.0002971187965840061,0.2692198914692013,0.3174913414120878,0.09654289988577303,1.000242721693777,1.0006064832569632,0.0007275231263721427,2182,2188.5,13,0.1576535288725939,0.1879383817483698,0.060569705751551794,0.4765375854214123,0.4807069228665265,0.008338674890228437,-0.0004849967805628,-0.000454999881639,5.999379784759999e-05,0.8374862396842192,0.8640947144868211,0.053216949605203734,-0.7168169499003756,-0.705901550454903,0.02183079889094519,0.2281115568593205,0.2574898709550618,0.058756628191482696,1.2828924080609443,1.3748741319676003,0.1839634478133121
0.15,0.155510547233262,81388,441608,0,364,522996,0.9993044940385204,0.1556187810231818,1.0,0.0008235815843537,0.5004117907921769,0.2693254619579605,1.0006959900266923,-0.0004846239527468,-0.0001127170880178,2182,5.980824540932963,0.1526122823098075,0.4825847846012832,-0.0004855215145705,-0.0004855215145705,-0.0001575393684634,0.8375747353171087,-0.6952400574104308,0.0,0.2281115568593205,1.4668558558742564,0.2236104783599088,117726,407651,72,1351,525377,0.9972987851176918,0.2240790898726057,0.9993887841898844,0.0033031623317245,0.5013459732608044,0.366077661600653,1.002095659899903,-0.0004235952578329,-0.0003587136163751,2195,6.0000113895432605,0.2186788154897494,0.483371298405467,-0.000424239380245,-0.000424239380245,-0.0003562833966419,0.8901768061907159,-0.7167638184044529,0.0,0.2868681850508032,1.2828924080609443,BTCUSDT,BAJA,v4_63_moderado,63,0.1556187810231818,0.18984893544789375,0.06846030884942389,0.9993887841898844,0.9996943920949422,0.000611215810115584,0.2693254619579605,0.31770156177930675,0.09675219964269255,1.0006959900266923,1.0013958249632977,0.0013996698732106072,2182,2188.5,13,0.1526122823098075,0.18564554889977847,0.0660665331799419,0.4825847846012832,0.4829780415033751,0.0007865138041838193,-0.0004855215145705,-0.00045488044740775,6.128213432550001e-05,0.8375747353171087,0.8638757707539123,0.05260207087360724,-0.7167638184044529,-0.7060019379074418,0.02152376099402209,0.2281115568593205,0.2574898709550618,0.058756628191482696,1.2828924080609443,1.3748741319676003,0.1839634478133121
0.16,0.155510547233262,81388,441160,0,812,522548,0.9984484867013146,0.1557521988410634,1.0,0.0018372204574045,0.5009186102287023,0.2695252477083664,1.0015539242327978,-0.0004848732743457,-0.0001119213354973,2182,5.980824540932963,0.152153987167736,0.4825847846012832,-0.0004803082945859,-0.0004803082945859,-0.0001593504134493,0.8388503273770466,-0.6943399140219154,0.0,0.2281115568593205,1.4668558558742564,0.2236104783599088,117675,406264,123,2738,523939,0.9945690964312832,0.2245967564926451,0.9989558396577192,0.0066943437929398,0.5028250917253295,0.3667390223720932,1.0044106972981328,-0.0004241730737416,-0.0003586787428357,2195,6.0000113895432605,0.2223234624145786,0.4783599088838269,-0.00042082495511,-0.00042082495511,-0.0003716904741739,0.8912292057730393,-0.711522395605314,0.0,0.2868681850508032,1.2828924080609443,BTCUSDT,BAJA,v4_63_moderado,63,0.1557521988410634,0.19017447766685425,0.0688445576515817,0.9989558396577192,0.9994779198288596,0.001044160342280831,0.2695252477083664,0.3181321350402298,0.09721377466372683,1.0015539242327978,1.0029823107654652,0.00285677306533505,2182,2188.5,13,0.152153987167736,0.1872387247911573,0.07016947524684258,0.4783599088838269,0.480472346742555,0.004224875717456278,-0.0004803082945859,-0.00045056662484795,5.948333947589996e-05,0.8388503273770466,0.8650397665750429,0.052378878395992756,-0.711522395605314,-0.7029311548136148,0.017182481583398634,0.2281115568593205,0.2574898709550618,0.058756628191482696,1.2828924080609443,1.3748741319676003,0.1839634478133121
0.17,0.155510547233262,81388,440566,0,1406,521954,0.9973135126872515,0.1559294497216229,1.0,0.0031811969989049,0.5015905984994524,0.2697905996930431,1.0026937239680125,-0.0004851707269189,-0.0001112823595413,2182,5.980824540932963,0.1585701191567369,0.4876260311640696,-0.0004806821822297,-0.0004806821822297,-8.940712159666298e-05,0.8387970997528769,-0.6941222484838936,0.0,0.2281115568593205,1.4668558558742564,0.2236104783599088,117555,404304,243,4698,521859,0.990620728929385,0.225261996056406,0.9979371466408598,0.0114864963985506,0.5047118215197052,0.3675563622378869,1.0073856901009757,-0.0004226290970914,-0.0003570046151555,2193,5.9945444087783,0.2238942088463292,0.478796169630643,-0.000423271131914,-0.000423271131914,-0.0004972796517954,0.8906067566255571,-0.7146911705118801,0.0,0.2868681850508032,1.2828924080609443,BTCUSDT,BAJA,v4_63_moderado,63,0.1559294497216229,0.19059572288901444,0.06933254633478311,0.9979371466408598,0.9989685733204299,0.0020628533591402487,0.2697905996930431,0.318673480965465,0.09776576254484382,1.0026937239680125,1.005039707034494,0.004691966132963188,2182,2187.5,11,0.1585701191567369,0.19123216400153306,0.0653240896895923,0.478796169630643,0.48321110039735626,0.00882986153342663,-0.0004806821822297,-0.00045197665707185,5.741105031570001e-05,0.8387970997528769,0.864701928189217,0.05180965687268024,-0.7146911705118801,-0.7044067094978869,0.020568922027986547,0.2281115568593205,0.2574898709550618,0.058756628191482696,1.2828924080609443,1.3748741319676003,0.1839634478133121
0.18,0.155510547233262,81385,439806,3,2166,521191,0.9958556251910732,0.1561519673210013,0.9999631395291688,0.0049007629442589,0.5024319512367139,0.2701222578284341,1.004124608260668,-0.0004858362920081,-0.0001120322652925,2181,5.978083558100271,0.1535992663915635,0.4896836313617607,-0.0004845584443452,-0.0004845584443452,-8.851186411029666e-05,0.8363003158993,-0.6919320937797009,0.0,0.2281115568593205,1.4668558558742564,0.2236104783599088,117340,401545,458,7457,518885,0.9849753227031132,0.2261387397978357,0.9961119883189868,0.0182321846836934,0.5071720865013402,0.3685978736671154,1.011306542772372,-0.0004226891364149,-0.0003564758577829,2189,5.983610447248381,0.2302421196893558,0.4792142530835998,-0.0004213137279235,-0.0004213137279235,-0.00031852632195,0.8929370954491954,-0.7123996696841989,0.0,0.2868681850508032,1.2828924080609443,BTCUSDT,BAJA,v4_63_moderado,63,0.1561519673210013,0.1911453535594185,0.06998677247683438,0.9961119883189868,0.9980375639240778,0.00385115121018198,0.2701222578284341,0.31936006574777476,0.09847561583868131,1.004124608260668,1.00771557551652,0.007181934511703902,2181,2185.0,8,0.1535992663915635,0.19192069304045964,0.0766428532977923,0.4792142530835998,0.4844489422226802,0.010469378278160912,-0.0004845584443452,-0.00045293608613435,6.324471642170002e-05,0.8363003158993,0.8646187056742477,0.05663677954989543,-0.7123996696841989,-0.7021658817319498,0.020467575904497992,0.2281115568593205,0.2574898709550618,0.058756628191482696,1.2828924080609443,1.3748741319676003,0.1839634478133121
0.19,0.155510547233262,81364,438562,24,3410,519926,0.9934385509018648,0.156491500713563,0.9997051162333512,0.0077154208863909,0.5037102685598712,0.2706206740571482,1.0063079546548677,-0.0004874651721863,-0.0001132799172725,2179,5.972601592434888,0.1532813217072051,0.4933455713630105,-0.0004870745718649,-0.0004870745718649,-7.63369398375513e-05,0.8367233058445368,-0.6940471856411173,0.0,0.2281115568593205,1.4668558558742564,0.2236104783599088,116973,397594,825,11408,514567,0.9767786636294608,0.2273231668567941,0.9929964855090918,0.0278922841453098,0.5104443848272008,0.3699540613411558,1.0166033744219696,-0.000422170258524,-0.0003583994217422,2186,5.975409976100942,0.2282708142726441,0.4739249771271729,-0.0004250587849133,-0.0004250587849133,-0.0003751668398933,0.8930472034195449,-0.7148024638570152,0.0,0.2868681850508032,1.2828924080609443,BTCUSDT,BAJA,v4_63_moderado,63,0.156491500713563,0.19190733378517855,0.07083166614323111,0.9929964855090918,0.9963508008712215,0.006708630724259423,0.2706206740571482,0.320287367699152,0.09933338728400765,1.0063079546548677,1.0114556645384187,0.01029541976710191,2179,2182.5,7,0.1532813217072051,0.19077606798992458,0.07498949256543899,0.4739249771271729,0.4836352742450917,0.019420594235837585,-0.0004870745718649,-0.0004560666783891,6.201578695159998e-05,0.8367233058445368,0.8648852546320409,0.05632389757500811,-0.7148024638570152,-0.7044248247490663,0.020755278215897843,0.2281115568593205,0.2574898709550618,0.058756628191482696,1.2828924080609443,1.3748741319676003,0.1839634478133121
0.2,0.155510547233262,81301,436654,87,5318,517955,0.9896725007642924,0.1569653734397776,0.9989310463458988,0.0120324364439376,0.5054817413949182,0.2713004072793042,1.0093551609996807,-0.0004905505839924,-0.0001164094829253,2178,5.969860609602196,0.1565656565656565,0.4880624426078971,-0.000485985987794,-0.000485985987794,-0.000109982959824,0.8371059244428589,-0.6928818057728421,0.0,0.2281115568593205,1.4668558558742564,0.2236104783599088,116332,392154,1466,16848,508486,0.9652353834472286,0.2287811267173531,0.987554966977368,0.0411929526016987,0.5143739597895334,0.3714991920598323,1.023123461813457,-0.0004268351440485,-0.000366761239217,2176,5.948075072276144,0.2265625,0.4747242647058823,-0.000427176136861,-0.000427176136861,-0.0003506827449858,0.8916971590975095,-0.7165788277896912,0.0,0.2868681850508032,1.2828924080609443,BTCUSDT,BAJA,v4_63_moderado,63,0.1569653734397776,0.19287325007856534,0.0718157532775755,0.987554966977368,0.9932430066616333,0.0113760793685308,0.2713004072793042,0.3213997996695682,0.10019878478052807,1.0093551609996807,1.0162393114065689,0.013768300813776335,2176,2177.0,2,0.1565656565656565,0.19156407828282823,0.06999684343434351,0.4747242647058823,0.48139335365688973,0.013338177902014803,-0.000485985987794,-0.0004565810623275,5.8809850933000006e-05,0.8371059244428589,0.8644015417701842,0.054591234654650544,-0.7165788277896912,-0.7047303167812666,0.02369702201684909,0.2281115568593205,0.2574898709550618,0.058756628191482696,1.2828924080609443,1.3748741319676003,0.1839634478133121
0.21,0.155510547233262,81197,433622,191,8350,514819,0.983680449403852,0.1577195091867238,0.9976532166904212,0.018892599531192,0.5082729081108066,0.272378553086428,1.014204579642746,-0.0004941274096165,-0.0001181519657693,2178,5.969860609602196,0.1547291092745638,0.4830119375573921,-0.000482778547052,-0.000482778547052,-0.0001874303220402,0.8370001283873394,-0.6898292418989822,0.0,0.2281115568593205,1.4668558558742564,0.2236104783599088,115344,384327,2454,24675,499671,0.948502277904328,0.2308398926493632,0.979167727805226,0.0603297783384922,0.5197487530718591,0.3736025614241363,1.032330391413136,-0.0004362891330111,-0.0003798897590916,2174,5.942608091511183,0.2207911683532658,0.4797608095676173,-0.0004133629886801,-0.0004133629886801,-0.000310574387148,0.8910840357153106,-0.70364908260268,0.0,0.2868681850508032,1.2828924080609443,BTCUSDT,BAJA,v4_63_moderado,63,0.1577195091867238,0.1942797009180435,0.07312038346263938,0.979167727805226,0.9884104722478235,0.01848548888519519,0.272378553086428,0.32299055725528214,0.10122400833770828,1.014204579642746,1.0232674855279411,0.018125811770390188,2174,2176.0,4,0.1547291092745638,0.1877601388139148,0.066062059078702,0.4797608095676173,0.4813863735625047,0.0032511279897747825,-0.000482778547052,-0.00044807076786605,6.941555837190001e-05,0.8370001283873394,0.864042082051325,0.05408390732797119,-0.70364908260268,-0.6967391622508311,0.013819840703697794,0.2281115568593205,0.2574898709550618,0.058756628191482696,1.2828924080609443,1.3748741319676003,0.1839634478133121
0.22,0.155510547233262,81096,428953,292,13019,510049,0.974566264139407,0.1589964885726665,0.9964122475057748,0.0294566171612681,0.5129344323335215,0.2742337729969549,1.022416108755477,-0.0004969768200427,-0.0001194002105591,2175,5.961637661104121,0.1498850574712643,0.4933333333333333,-0.0004778976513753,-0.0004778976513753,-6.950644706593678e-05,0.8362409236944486,-0.690957468059323,0.0,0.2281115568593205,1.4668558558742564,0.2236104783599088,113982,373992,3816,35010,487974,0.9262984054669704,0.2335821170800083,0.967605562063872,0.085598603429812,0.5266020827468421,0.3763198034904221,1.0445937900282551,-0.0004419994201905,-0.0003916256250334,2158,5.898872245391506,0.2261353104726598,0.4814643188137164,-0.0004288067281976,-0.0004288067281976,-0.0002938073424965,0.8893126545012228,-0.713081593637696,0.0,0.2868681850508032,1.2828924080609443,BTCUSDT,BAJA,v4_63_moderado,63,0.1589964885726665,0.1962893028263374,0.07458562850734182,0.967605562063872,0.9820089047848235,0.02880668544190279,0.2742337729969549,0.3252767882436885,0.1020860304934672,1.022416108755477,1.0335049493918662,0.022177681272778083,2158,2166.5,17,0.1498850574712643,0.18801018397196206,0.07625025300139551,0.4814643188137164,0.4873988260735248,0.011869014519616916,-0.0004778976513753,-0.00045335218978645,4.9090923177700036e-05,0.8362409236944486,0.8627767890978357,0.05307173080677419,-0.713081593637696,-0.7020195308485095,0.022124125578372955,0.2281115568593205,0.2574898709550618,0.058756628191482696,1.2828924080609443,1.3748741319676003,0.1839634478133121
0.23,0.155510547233262,80928,421898,460,20074,502826,0.9607650565576276,0.1609463313352929,0.9943480611392342,0.0454191668250477,0.519883613982141,0.2770491634914603,1.0349544400604378,-0.0005021133311644,-0.0001194532180434,2170,5.947932746940664,0.1585253456221198,0.4926267281105991,-0.0004789208633227,-0.0004789208633227,-8.459309476149812e-05,0.837885675670849,-0.6894560472483291,0.0,0.2281115568593205,1.4668558558742564,0.2236104783599088,112062,361121,5736,47881,473183,0.8982213363705391,0.2368259214722422,0.951306473794122,0.1170678871985956,0.5341871804963588,0.3792406185647253,1.0591002855021072,-0.0004433619172495,-0.0003949344279434,2140,5.849669418506869,0.2294392523364486,0.4808411214953271,-0.0004577214776885,-0.0004577214776885,-0.0003106740722862,0.8849487131637201,-0.7300253624945705,0.0,0.2868681850508032,1.2828924080609443,BTCUSDT,BAJA,v4_63_moderado,63,0.1609463313352929,0.19888612640376757,0.07587959013694931,0.951306473794122,0.9728272674666781,0.04304158734511221,0.2770491634914603,0.3281448910280928,0.10219145507326499,1.0349544400604378,1.0470273627812725,0.024145845441669422,2140,2155.0,30,0.1585253456221198,0.1939822989792842,0.07091390671432879,0.4808411214953271,0.48673392480296307,0.011785606615272004,-0.0004789208633227,-0.0004683211705056,2.1199385634199986e-05,0.837885675670849,0.8614171944172846,0.04706303749287111,-0.7300253624945705,-0.7097407048714498,0.04056931524624141,0.2281115568593205,0.2574898709550618,0.058756628191482696,1.2828924080609443,1.3748741319676003,0.1839634478133121
0.24,0.155510547233262,80498,411360,890,30612,491858,0.939808162641394,0.1636610566464304,0.9890647269867794,0.0692623062094431,0.5291635165981112,0.2808497573467586,1.052411296585195,-0.0005087082580908,-0.0001224412647898,2157,5.912299970115673,0.1566991191469633,0.4877144181733889,-0.0004886369675391,-0.0004886369675391,-0.0001712908965527,0.8351544735763032,-0.6917716795737925,0.0,0.2281115568593205,1.4668558558742564,0.2236104783599088,109892,346266,7906,62736,456158,0.8659035687167805,0.24090775564607,0.9328851084059152,0.1533880029926504,0.5431365556992828,0.3829283080933033,1.077354502405386,-0.000435791408591,-0.0003940542610409,2117,5.786799139709832,0.2295701464336325,0.4799244213509683,-0.0004463772988947,-0.0004463772988947,-0.0003404825448471,0.8886619561077493,-0.7186436659696618,0.0,0.2868681850508032,1.2828924080609443,BTCUSDT,BAJA,v4_63_moderado,63,0.1636610566464304,0.2022844061462502,0.0772466989996396,0.9328851084059152,0.9609749176963474,0.05617961858086418,0.2808497573467586,0.33188903272003095,0.1020785507465447,1.052411296585195,1.0648828994952906,0.02494320582019105,2117,2137.0,40,0.1566991191469633,0.1931346327902979,0.0728710272866692,0.4799244213509683,0.48381941976217857,0.007789996822420597,-0.0004886369675391,-0.0004675071332169,4.225966864440005e-05,0.8351544735763032,0.8619082148420263,0.053507482531446104,-0.7186436659696618,-0.7052076727717271,0.026871986395869296,0.2281115568593205,0.2574898709550618,0.058756628191482696,1.2828924080609443,1.3748741319676003,0.1839634478133121
0.25,0.155510547233262,79647,396438,1741,45534,476085,0.9096702078874962,0.1672957560099562,0.9786086400943628,0.1030246259944068,0.5408166330443849,0.2857429866558559,1.0757839836999394,-0.0005180090421041,-0.0001284710834787,2140,5.865703261959917,0.1644859813084112,0.4985981308411215,-0.0004946912567186,-0.0004946912567186,-1.0781059201603329e-05,0.8351782274598896,-0.6935573423953181,0.0,0.2281115568593205,1.4668558558742564,0.2236104783599088,107276,329987,10522,79015,437263,0.8300360668185269,0.2453351872900291,0.910677600638381,0.1931897643532305,0.5519336824958058,0.3865376958568517,1.0971542527410256,-0.000436484075577,-0.0003964604861856,2089,5.710261409000397,0.2336045955002393,0.4767831498324557,-0.000425613064025,-0.000425613064025,-0.000370016693884,0.8922056124783666,-0.6995463871868904,0.0,0.2868681850508032,1.2828924080609443,BTCUSDT,BAJA,v4_63_moderado,63,0.1672957560099562,0.20631547164999264,0.0780394312800729,0.910677600638381,0.9446431203663719,0.06793103945598178,0.2857429866558559,0.33614034125635384,0.10079470920099581,1.0757839836999394,1.0864691182204824,0.021370269041086187,2089,2114.5,51,0.1644859813084112,0.19904528840432523,0.0691186141918281,0.4767831498324557,0.48769064033678855,0.0218149810086658,-0.0004946912567186,-0.00046015216037179995,6.907819269359993e-05,0.8351782274598896,0.8636919199691281,0.05702738501847704,-0.6995463871868904,-0.6965518647911042,0.005989044791572362,0.2281115568593205,0.2574898709550618,0.058756628191482696,1.2828924080609443,1.3748741319676003,0.1839634478133121
0.26,0.155510547233262,78123,375311,3265,66661,453434,0.8663902476306939,0.1722918881248428,0.9598835209121738,0.150826296688478,0.5553549088003259,0.2921457980412174,1.1079112715513069,-0.0005346924226742,-0.0001333370155782,2124,5.821847536636852,0.1596045197740113,0.4901129943502825,-0.000490075024907,-0.000490075024907,-0.0001250538611305,0.836130428718735,-0.6910054942269463,0.0,0.2281115568593205,1.4668558558742564,0.2236104783599088,104165,311907,13633,97095,416072,0.7898101746393318,0.2503533042358053,0.8842679841763018,0.2373949271641703,0.5608314556702361,0.3902260850019667,1.119595584572083,-0.0004387583896024,-0.000406277035404,2051,5.606388774466163,0.2384202827888834,0.4690394929302779,-0.0004214624421723,-0.0004214624421723,-0.0005228832097281,0.8953831852319999,-0.6960422745923871,0.0,0.2868681850508032,1.2828924080609443,BTCUSDT,BAJA,v4_63_moderado,63,0.1722918881248428,0.21132259618032406,0.07806141611096251,0.8842679841763018,0.9220757525442378,0.07561553673587196,0.2921457980412174,0.34118594152159204,0.09808028696074933,1.1079112715513069,1.113753428061695,0.011684313020776216,2051,2087.5,73,0.1596045197740113,0.19901240128144734,0.07881576301487209,0.4690394929302779,0.4795762436402802,0.02107350142000458,-0.000490075024907,-0.00045576873353965003,6.861258273470003e-05,0.836130428718735,0.8657568069753674,0.05925275651326489,-0.6960422745923871,-0.6935238844096667,0.005036780365440752,0.2281115568593205,0.2574898709550618,0.058756628191482696,1.2828924080609443,1.3748741319676003,0.1839634478133121
0.27,0.155510547233262,75583,347160,5805,94812,422743,0.8077480128401101,0.1787918427981066,0.9286749889418588,0.2145203768564524,0.5715976828991556,0.29985460128419,1.1497087881114796,-0.000567878216352,-0.0001465398617526,2093,5.736877068823414,0.1509794553272814,0.4940277114190157,-0.0004935162041178,-0.0004935162041178,-7.007293708349849e-05,0.8344284104541806,-0.6842956406363273,0.0,0.2281115568593205,1.4668558558742564,0.2236104783599088,100424,292595,17374,116407,393019,0.746049734244495,0.255519453257985,0.852510229375711,0.2846123001843512,0.5685612647800311,0.3931897333095805,1.1426989250777304,-0.0004370515433675,-0.0004066321173323,2007,5.48611519763705,0.2262082710513203,0.4783258594917787,-0.0004267280571823,-0.0004267280571823,-0.0004098220217294,0.8952004573832439,-0.6921879876647996,0.0,0.2868681850508032,1.2828924080609443,BTCUSDT,BAJA,v4_63_moderado,63,0.1787918427981066,0.21715564802804577,0.07672761045987839,0.852510229375711,0.8905926091587849,0.07616475956614788,0.29985460128419,0.34652216729688523,0.09333513202539051,1.1426989250777304,1.1462038565946049,0.007009863033749175,2007,2050.0,86,0.1509794553272814,0.18859386318930085,0.07522881572403889,0.4783258594917787,0.4861767854553972,0.015701851927237,-0.0004935162041178,-0.00046012213065005,6.678814693549998e-05,0.8344284104541806,0.8648144339187123,0.06077204692906335,-0.6921879876647996,-0.6882418141505635,0.007892347028472302,0.2281115568593205,0.2574898709550618,0.058756628191482696,1.2828924080609443,1.3748741319676003,0.1839634478133121
0.28,0.155510547233262,71808,313881,9580,128091,385689,0.7369477988382758,0.1861810940939461,0.8822922298127488,0.289817001982026,0.5860546158973874,0.3074782102308612,1.1972248661351508,-0.000611321086386,-0.0001448451827834,2038,5.586123013025379,0.1619234543670265,0.4887144259077527,-0.000500006740401,-0.000500006740401,-9.989073299132568e-05,0.8380221449259674,-0.6833513963253999,0.0,0.2281115568593205,1.4668558558742564,0.2236104783599088,95665,271149,22133,137853,366814,0.6963059984813971,0.2607997513726303,0.8121105621487631,0.3370472516026817,0.5745789068757223,0.3948106939159575,1.1663127474413966,-0.000433961862011,-0.0004058421537619,1966,5.374042091955376,0.2502543234994913,0.4730417090539165,-0.000398661388691,-0.000398661388691,-0.0004880845571855,0.902395660565234,-0.6644917010036555,0.0,0.2868681850508032,1.2828924080609443,BTCUSDT,BAJA,v4_63_moderado,63,0.1861810940939461,0.22349042273328817,0.07461865727868419,0.8121105621487631,0.847201395980756,0.0701816676639857,0.3074782102308612,0.3511444520734094,0.08733248368509633,1.1663127474413966,1.1817688067882737,0.03091211869375421,1966,2002.0,72,0.1619234543670265,0.20608888893325888,0.0883308691324648,0.4730417090539165,0.4808780674808346,0.0156727168538362,-0.000500006740401,-0.00044933406454599996,0.00010134535170999996,0.8380221449259674,0.8702089027456007,0.06437351563926663,-0.6833513963253999,-0.6739215486645277,0.018859695321744363,0.2281115568593205,0.2574898709550618,0.058756628191482696,1.2828924080609443,1.3748741319676003,0.1839634478133121
0.29,0.155510547233262,66727,277829,14661,164143,344556,0.6583537144604097,0.1936608272675559,0.8198628790485084,0.3713877802213715,0.59562532963494,0.3133134872189771,1.2453227817214831,-0.0006729536807174,-0.000135594582617,1965,5.386031266238896,0.1659033078880407,0.4961832061068702,-0.0005203346874993,-0.0005203346874993,-3.1709157567005875e-05,0.8352082480769673,-0.6840345607678395,0.0,0.2281115568593205,1.4668558558742564,0.2236104783599088,90201,248243,27597,160759,338444,0.642452543659833,0.2665167649596388,0.7657260734477666,0.3930518677170282,0.5793889705823974,0.3954085770271041,1.191879588624066,-0.0004329122950176,-0.0004023589931324,1914,5.231900592066424,0.2492163009404388,0.4749216300940438,-0.0004271301955318,-0.0004271301955318,-0.0004914982474074,0.8978566018099993,-0.6766118232142513,0.0,0.2868681850508032,1.2828924080609443,BTCUSDT,BAJA,v4_63_moderado,63,0.1936608272675559,0.23008879611359734,0.07285593769208287,0.7657260734477666,0.7927944762481375,0.054136805600741855,0.3133134872189771,0.3543610321230406,0.08209508980812696,1.191879588624066,1.2186011851727745,0.053443193097417074,1914,1939.5,51,0.1659033078880407,0.20755980441423977,0.08331299305239812,0.4749216300940438,0.485552418100457,0.02126157601282641,-0.0005203346874993,-0.00047373244151555,9.320449196749999e-05,0.8352082480769673,0.8665324249434833,0.06264835373303201,-0.6840345607678395,-0.6803231919910454,0.007422737553588243,0.2281115568593205,0.2574898709550618,0.058756628191482696,1.2828924080609443,1.3748741319676003,0.1839634478133121
0.3,0.155510547233262,60782,240522,20606,201450,301304,0.575710791806787,0.2017298144067121,0.7468177126849167,0.4557981048573212,0.601307908771119,0.3176549287677819,1.2972098548667723,-0.0007446528605897,-0.0001460301359625,1879,5.150306742627422,0.1761575306013837,0.4896221394358701,-0.0005069708310889,-0.0005069708310889,-0.0001134824330222,0.8420561452317187,-0.663390612719545,0.0,0.2281115568593205,1.4668558558742564,0.2236104783599088,84380,225470,33418,183532,309850,0.5881738800303721,0.272325318702598,0.7163109730216133,0.4487313020474227,0.5825211375345181,0.3946236156839269,1.2178558030911275,-0.0004439236426094,-0.0003981698667641,1853,5.0651576787351535,0.2487857528332434,0.4867781975175391,-0.0004775310963416,-0.0004775310963416,-0.0002045883552705,0.8875728431102563,-0.6960206474082025,0.0,0.2868681850508032,1.2828924080609443,BTCUSDT,BAJA,v4_63_moderado,63,0.2017298144067121,0.23702756655465507,0.07059550429588593,0.7163109730216133,0.731564342853265,0.030506739663303417,0.3176549287677819,0.3561392722258544,0.076968686916145,1.2178558030911275,1.2575328289789498,0.07935405177564481,1853,1866.0,26,0.1761575306013837,0.21247164171731353,0.07262822223185969,0.4867781975175391,0.48820016847670455,0.0028439419183309833,-0.0005069708310889,-0.00049225096371525,2.9439734747299976e-05,0.8420561452317187,0.8648144941709874,0.045516697878537626,-0.6960206474082025,-0.6797056300638737,0.03263003468865744,0.2281115568593205,0.2574898709550618,0.058756628191482696,1.2828924080609443,1.3748741319676003,0.1839634478133121
0.31,0.155510547233262,54301,203823,27087,238149,258124,0.4932054417609294,0.2103678852024608,0.6671868088661719,0.5388327767369878,0.6030097928015798,0.3198767642969909,1.352756381770776,-0.0008232521078512,-0.0001793042361817,1778,4.873467476525576,0.1822272215973003,0.4814398200224972,-0.0006196613107002,-0.0006196613107002,-0.0002162293869278,0.8149504307633744,-0.7098408702364132,0.0,0.2281115568593205,1.4668558558742564,0.2236104783599088,78024,203303,39774,205699,281327,0.5340299924069856,0.2773427363886154,0.662354199561962,0.5029290810313886,0.5826416402966752,0.3909752583777012,1.2402940077889488,-0.0004725233323299,-0.0004083840517754,1784,4.876546842344044,0.257847533632287,0.4831838565022421,-0.0004560686089005,-0.0004560686089005,-0.0002773251989487,0.8928148583429141,-0.6761451213835472,0.0,0.2868681850508032,1.2828924080609443,BTCUSDT,BAJA,v4_63_moderado,63,0.2103678852024608,0.2438553107955381,0.0669748511861546,0.662354199561962,0.6647705042140669,0.004832609304209923,0.3198767642969909,0.3554260113373461,0.07109849408071028,1.2402940077889488,1.2965251947798624,0.11246237398182712,1778,1781.0,6,0.1822272215973003,0.22003737761479364,0.07562031203498673,0.4814398200224972,0.4823118382623697,0.0017440364797449148,-0.0006196613107002,-0.00053786495980035,0.0001635927017997,0.8149504307633744,0.8538826445531442,0.07786442757953971,-0.7098408702364132,-0.6929929958099802,0.03369574885286597,0.2281115568593205,0.2574898709550618,0.058756628191482696,1.2828924080609443,1.3748741319676003,0.1839634478133121
0.32,0.155510547233262,47538,168996,33850,272976,216534,0.4137381534698869,0.2195405802322037,0.5840910207893055,0.6176318861828352,0.6008614534860703,0.3191305106705782,1.4117407734595535,-0.0008833813712195,-0.0001726697555392,1679,4.602110176089113,0.1768910065515187,0.4931506849315068,-0.0006081723751145,-0.0006081723751145,-0.0001347103047328,0.8232372449299599,-0.6773813232521113,0.0,0.2281115568593205,1.4668558558742564,0.2236104783599088,71310,181806,46488,227196,253116,0.4804783599088838,0.2817285355331153,0.6053583252686803,0.5554887262164977,0.5804235257425889,0.3845096167844837,1.2599075749914694,-0.000515825563832,-0.0004304285146473,1718,4.696136477100374,0.2630966239813737,0.4726426076833527,-0.0003369266595049,-0.0003369266595049,-0.0005103367930089,0.9216993933283107,-0.6106538906199399,0.0,0.2868681850508032,1.2828924080609443,BTCUSDT,BAJA,v4_63_moderado,63,0.2195405802322037,0.2506345578826595,0.06218795530091156,0.5840910207893055,0.5947246730289929,0.02126730447937475,0.3191305106705782,0.35182006372753094,0.06537910611390552,1.2599075749914694,1.3358241742255115,0.15183319846808407,1679,1698.5,39,0.1768910065515187,0.21999381526644618,0.08620561742985497,0.4726426076833527,0.4828966463074298,0.020508077248154122,-0.0006081723751145,-0.0004725495173097,0.00027124571560960004,0.8232372449299599,0.8724683191291354,0.09846214839835088,-0.6773813232521113,-0.6440176069360256,0.0667274326321714,0.2281115568593205,0.2574898709550618,0.058756628191482696,1.2828924080609443,1.3748741319676003,0.1839634478133121
0.33,0.155510547233262,40390,137354,40998,304618,177744,0.3396209110363803,0.227236925015753,0.4962648056224505,0.689224656765587,0.5927447311940187,0.3117330163777534,1.4612315952750343,-0.0009683588194943,-0.0001642818379712,1548,4.24304142500652,0.1834625322997416,0.4890180878552971,-0.0006649655907416,-0.0006649655907416,-0.0001571647760147,0.814149481155659,-0.6773930072684484,0.0,0.2281115568593205,1.4668558558742564,0.2236104783599088,64714,161453,53084,247549,226167,0.4293223234624145,0.286133697665884,0.5493641657753103,0.6052513190644545,0.5773077424198825,0.3762824706002063,1.279607734684695,-0.0005663657471075,-0.00045006306709,1639,4.480190736884467,0.2763880414887126,0.4826113483831604,-0.0003493446416048,-0.0003493446416048,-0.0002954880020866,0.920865630249204,-0.619305498916869,0.0,0.2868681850508032,1.2828924080609443,BTCUSDT,BAJA,v4_63_moderado,63,0.227236925015753,0.2566853113408185,0.05889677265013099,0.4962648056224505,0.5228144856988804,0.05309936015285982,0.3117330163777534,0.3440077434889799,0.0645494542224529,1.279607734684695,1.3704196649798646,0.1816238605903393,1548,1593.5,91,0.1834625322997416,0.2299252868942271,0.092925509188971,0.4826113483831604,0.4858147181192287,0.006406739472136713,-0.0006649655907416,-0.0005071551161732,0.00031562094913679993,0.814149481155659,0.8675075557024314,0.10671614909354499,-0.6773930072684484,-0.6483492530926587,0.05808750835157939,0.2281115568593205,0.2574898709550618,0.058756628191482696,1.2828924080609443,1.3748741319676003,0.1839634478133121
0.34,0.155510547233262,33514,109577,47874,332395,143091,0.273408361357383,0.2342145907149995,0.4117806064776134,0.7520725294815056,0.5819265679795596,0.298593632366502,1.5061010001056931,-0.0011146629752226,-0.0002002414021349,1427,3.911382502250842,0.1906096706377014,0.4898388227049755,-0.0007397526815178,-0.0007397526815178,-0.0001991439425867,0.8057368674065996,-0.693111716892662,0.0,0.2281115568593205,1.4668558558742564,0.2236104783599088,58340,142539,59458,266463,200879,0.3813192862566439,0.2904235883292927,0.4952545883631301,0.651495591708598,0.5733750900358641,0.3661387549148511,1.2987923931804566,-0.0006173430865655,-0.0004563190536821,1566,4.2806459389634375,0.2765006385696041,0.4814814814814814,-0.0003504493317174,-0.0003504493317174,-0.0003347670106624,0.9220377134850748,-0.600938926353275,0.0,0.2868681850508032,1.2828924080609443,BTCUSDT,BAJA,v4_63_moderado,63,0.2342145907149995,0.2623190895221461,0.05620899761429321,0.4117806064776134,0.45351759742037173,0.08347398188551669,0.298593632366502,0.33236619364067654,0.0675451225483491,1.2987923931804566,1.4024466966430749,0.20730860692523656,1427,1496.5,139,0.1906096706377014,0.23355515460365275,0.0858909679319027,0.4814814814814814,0.48566015209322844,0.008357341223494075,-0.0007397526815178,-0.0005451010066176,0.0003893033498004,0.8057368674065996,0.8638872904458372,0.11630084607847524,-0.693111716892662,-0.6470253216229684,0.0921727905393871,0.2281115568593205,0.2574898709550618,0.058756628191482696,1.2828924080609443,1.3748741319676003,0.1839634478133121
0.35,0.155510547233262,27196,85424,54192,356548,112620,0.2151864873127484,0.2414846386077073,0.3341524549073573,0.8067207877422099,0.5704366213247836,0.2803595728011216,1.552850548750795,-0.0013345579904254,-0.0002733456311968,1310,3.5906875108259304,0.2061068702290076,0.4961832061068702,-0.0006474306976574,-0.0006474306976574,-0.0001149089705799,0.83130113018494,-0.6196807596141359,0.0,0.2281115568593205,1.4668558558742564,0.2236104783599088,52308,125500,65490,283502,177808,0.3375246772968868,0.2941824889768739,0.4440482860489991,0.6931555346917619,0.5686019103703805,0.353903506694722,1.315602431221389,-0.0007006670485782,-0.0004929789231581,1489,4.07016717951249,0.2740094022834117,0.4869039623908663,-0.0004005164798061,-0.0004005164798061,-0.0002984455271282,0.9118609479210202,-0.5781983307048713,0.0,0.2868681850508032,1.2828924080609443,BTCUSDT,BAJA,v4_63_moderado,63,0.2414846386077073,0.2678335637922906,0.05269785036916658,0.3341524549073573,0.3891003704781782,0.10989583114164181,0.2803595728011216,0.3171315397479218,0.07354393389360037,1.315602431221389,1.434226489986092,0.2372481175294061,1310,1399.5,179,0.2061068702290076,0.24005813625620964,0.06790253205440411,0.4869039623908663,0.49154358424886824,0.009279243716003915,-0.0006474306976574,-0.00052397358873175,0.00024691421785130003,0.83130113018494,0.8715810390529801,0.08055981773608023,-0.6196807596141359,-0.5989395451595037,0.04148242890926468,0.2281115568593205,0.2574898709550618,0.058756628191482696,1.2828924080609443,1.3748741319676003,0.1839634478133121
0.36,0.155510547233262,21687,65891,59701,376081,87578,0.1673379700397432,0.2476306835049898,0.2664643436378827,0.850915895124578,0.5586901193812304,0.2567025318703171,1.5923722725607152,-0.0015861591597086,-0.0003961046073317,1187,3.25354662240487,0.2114574557708508,0.4844144903117102,-0.0007383333318799,-0.0007383333318799,-0.0002693948685605,0.8156443031458751,-0.6257652022732207,0.0,0.2281115568593205,1.4668558558742564,0.2236104783599088,46830,109895,70968,299107,156725,0.2975037965072133,0.2988036369436911,0.3975449498293689,0.7313093823502086,0.5644271660897888,0.3411735992976909,1.336268493029903,-0.0007890223842571,-0.0005142364430608,1423,3.88975681426882,0.2698524244553759,0.4898102600140548,-0.0004151853884682,-0.0004151853884682,-0.0001859046791319,0.9096114522971248,-0.5925310228770588,0.0,0.2868681850508032,1.2828924080609443,BTCUSDT,BAJA,v4_63_moderado,63,0.2476306835049898,0.27321716022434045,0.05117295343870132,0.2664643436378827,0.3320046467336258,0.1310806061914862,0.2567025318703171,0.29893806558400404,0.08447106742737381,1.336268493029903,1.464320382795309,0.2561037795308123,1187,1305.0,236,0.2114574557708508,0.24065494011311334,0.058394968684525095,0.4844144903117102,0.4871123751628825,0.005395769702344622,-0.0007383333318799,-0.0005767593601740499,0.00032314794341169997,0.8156443031458751,0.8626278777215,0.09396714915124971,-0.6257652022732207,-0.6091481125751398,0.03323417939616191,0.2281115568593205,0.2574898709550618,0.058756628191482696,1.2828924080609443,1.3748741319676003,0.1839634478133121
0.37,0.155510547233262,17181,50484,64207,391488,67665,0.1292895903393457,0.2539126579472401,0.2110999164495994,0.8857755694930901,0.5484377429713447,0.2305354471228355,1.6327680820669828,-0.0017613117079584,-0.0005026716549221,1069,2.930110648147267,0.2226379794200187,0.4957904583723105,-0.0008256362364752,-0.0008256362364752,-4.862691923279705e-05,0.8074651426965146,-0.6224859348130163,0.0,0.2281115568593205,1.4668558558742564,0.2236104783599088,41574,95645,76224,313357,137219,0.2604764616552771,0.3029755354579176,0.3529261956909285,0.7661502877736539,0.5595382417322912,0.3260488516451844,1.3549254832784172,-0.000852090951359,-0.0005272765811312,1336,3.651943150993073,0.2821856287425149,0.4880239520958084,-0.0003590726525507,-0.0003590726525507,-0.000317992986439,0.925254813794091,-0.5447128384415633,0.0,0.2868681850508032,1.2828924080609443,BTCUSDT,BAJA,v4_63_moderado,63,0.2539126579472401,0.27844409670257886,0.049062877510677505,0.2110999164495994,0.28201305607026395,0.14182627924132907,0.2305354471228355,0.2782921493840099,0.09551340452234888,1.3549254832784172,1.4938467826727,0.27784259878856554,1069,1202.5,267,0.2226379794200187,0.2524118040812668,0.059547649322496204,0.4880239520958084,0.49190720523405945,0.007766506276502105,-0.0008256362364752,-0.00059235444451295,0.00046656358392450003,0.8074651426965146,0.8663599782453029,0.11778967109757643,-0.6224859348130163,-0.5835993866272897,0.07777309637145302,0.2281115568593205,0.2574898709550618,0.058756628191482696,1.2828924080609443,1.3748741319676003,0.1839634478133121
0.38,0.155510547233262,13668,38718,67720,403254,52386,0.1000955365331702,0.2609094032756843,0.1679363051064039,0.9123971654312945,0.5401667352688491,0.2043446409616218,1.6777601771558728,-0.00181035847817,-0.0005752584922398,971,2.661494330543495,0.2440782698249227,0.5036045314109165,-0.0007282854459807,-0.0007282854459807,0.0001243065056586,0.8339597670351894,-0.5546631020014304,0.0,0.2281115568593205,1.4668558558742564,0.2236104783599088,36693,82668,81105,326334,119361,0.2265774487471526,0.3074119687335059,0.3114908572301736,0.7978787389792715,0.5546847981047226,0.3094379719934727,1.3747654894719004,-0.0009009397818645,-0.0005485122449686,1258,3.438730901159645,0.2821939586645469,0.4888712241653418,-0.0003077499751255,-0.0003077499751255,-0.0002839017006606,0.9369164808478084,-0.5220443265121439,0.0,0.2868681850508032,1.2828924080609443,BTCUSDT,BAJA,v4_63_moderado,63,0.2609094032756843,0.2841606860045951,0.04650256545782161,0.1679363051064039,0.23971358116828875,0.14355455212376972,0.2043446409616218,0.25689130647754727,0.10509333103185092,1.3747654894719004,1.5262628333138866,0.3029946876839724,971,1114.5,287,0.2440782698249227,0.2631361142447348,0.038115688839624184,0.4888712241653418,0.49623787778812917,0.014733307245574756,-0.0007282854459807,-0.0005180177105531,0.00042053547085520003,0.8339597670351894,0.8854381239414989,0.10295671381261906,-0.5546631020014304,-0.5383537142567871,0.03261877548928649,0.2281115568593205,0.2574898709550618,0.058756628191482696,1.2828924080609443,1.3748741319676003,0.1839634478133121
0.39,0.155510547233262,10886,30048,70502,411924,40934,0.0782138489758483,0.2659402941320174,0.1337543618223816,0.9320137927289512,0.5328840772756664,0.1779892415101126,1.7101109787306807,-0.0017943587550315,-0.0006090612868844,893,2.447697669593554,0.2306830907054871,0.4916013437849944,-0.0008296076468986,-0.0008296076468986,-9.47967875879474e-05,0.8140064710745453,-0.5641653203234619,0.0,0.2281115568593205,1.4668558558742564,0.2236104783599088,32060,71014,85738,337988,103074,0.1956605922551252,0.311038671245901,0.2721608176709282,0.8263724871761018,0.549266652423515,0.2903038864138505,1.3909843292105184,-0.0009773959142187,-0.0005972586466632,1165,3.18451629558902,0.2781115879828326,0.4798283261802575,-0.0004895332926033,-0.0004895332926033,-0.000305940372357,0.9028907513348132,-0.5946409294790331,0.0,0.2868681850508032,1.2828924080609443,BTCUSDT,BAJA,v4_63_moderado,63,0.2659402941320174,0.28848948268895924,0.04509837711388359,0.1337543618223816,0.2029575897466549,0.1384064558485466,0.1779892415101126,0.23414656396198158,0.11231464490373791,1.3909843292105184,1.5505476539705996,0.31912664952016234,893,1029.0,272,0.2306830907054871,0.25439733934415987,0.047428497277345494,0.4798283261802575,0.48571483498262596,0.011773017604736924,-0.0008296076468986,-0.00065957046975095,0.0003400743542953,0.8140064710745453,0.8584486112046792,0.08888428026026796,-0.5946409294790331,-0.5794031249012475,0.030475609155571237,0.2281115568593205,0.2574898709550618,0.058756628191482696,1.2828924080609443,1.3748741319676003,0.1839634478133121
0.4,0.155510547233262,8711,23616,72677,418356,32327,0.0617681901559156,0.2694651529681071,0.1070305204698481,0.9465667508348944,0.5267986356523713,0.1532075803543947,1.7327773438023857,-0.001754523008901,-0.0006463322102769,807,2.211973145982081,0.2292441140024783,0.5006195786864932,-0.0008616407291988,-0.0008616407291988,5.485451948561426e-06,0.8120149275879476,-0.5460090976645868,0.0,0.2281115568593205,1.4668558558742564,0.2236104783599088,27935,61045,89863,347957,88980,0.1689066059225512,0.3139469543717689,0.2371432452163873,0.8507464511175985,0.543944848166993,0.2701931540105814,1.40399035266344,-0.0010708558624166,-0.0006725210834517,1098,3.00137243996287,0.2786885245901639,0.4781420765027322,-0.0005645526975646,-0.0005645526975646,-0.000678222707131,0.8933360501151337,-0.6153788926634931,0.0,0.2868681850508032,1.2828924080609443,BTCUSDT,BAJA,v4_63_moderado,63,0.2694651529681071,0.29170605366993796,0.044481801403661814,0.1070305204698481,0.17208688284311768,0.1301127247465392,0.1532075803543947,0.21170036718248805,0.11698557365618673,1.40399035266344,1.5683838482329129,0.3287869911389456,807,952.5,291,0.2292441140024783,0.2539663192963211,0.04944441058768562,0.4781420765027322,0.4893808275946127,0.02247750218376099,-0.0008616407291988,-0.0007130967133816999,0.00029708803163419996,0.8120149275879476,0.8526754888515407,0.08132112252718615,-0.6153788926634931,-0.58069399516404,0.06936979499890628,0.2281115568593205,0.2574898709550618,0.058756628191482696,1.2828924080609443,1.3748741319676003,0.1839634478133121
0.41,0.155510547233262,7034,18809,74354,423163,25843,0.0493790125343931,0.2721820222110436,0.0864255172752739,0.9574430054392586,0.5219342613572663,0.131193404892242,1.7502479867347984,-0.0017596203589337,-0.0007332920099094,742,2.03380926185713,0.2439353099730458,0.5080862533692723,-0.0009425961550608,-0.0009425961550608,0.000196072663184,0.7983591044619692,-0.5539101370008104,0.0,0.2281115568593205,1.4668558558742564,0.2236104783599088,24200,52558,93598,356444,76758,0.1457061503416856,0.3152765835482946,0.2054364250666395,0.8714969608950568,0.5384666929808481,0.2487715619153354,1.4099365372352808,-0.0011814736035113,-0.0007462217175523,1033,2.8236955651016804,0.2787996127783156,0.4704743465634075,-0.000600106878881,-0.000600106878881,-0.0008928276181343,0.8886461618173955,-0.6068183145130296,0.0,0.2868681850508032,1.2828924080609443,BTCUSDT,BAJA,v4_63_moderado,63,0.2721820222110436,0.2937293028796691,0.04309456133725098,0.0864255172752739,0.1459309711709567,0.11901090779136561,0.131193404892242,0.1899824834037887,0.1175781570230934,1.4099365372352808,1.5800922619850395,0.34031144949951764,742,887.5,291,0.2439353099730458,0.2613674613756807,0.03486430280526981,0.4704743465634075,0.48928029996633987,0.03761190680586479,-0.0009425961550608,-0.0007713515169709,0.0003424892761798,0.7983591044619692,0.8435026331396824,0.0902870573554263,-0.6068183145130296,-0.5803642257569199,0.05290817751221921,0.2281115568593205,0.2574898709550618,0.058756628191482696,1.2828924080609443,1.3748741319676003,0.1839634478133121
0.42,0.155510547233262,5753,15055,75635,426917,20808,0.0397584836441455,0.2764801999231065,0.0706860962304025,0.9659367561745992,0.5183114262025009,0.1125875768131825,1.7778871262564142,-0.0017175143561453,-0.000847705260631,693,1.899501103055244,0.2582972582972583,0.5050505050505051,-0.0008063540547117,-0.0008063540547117,0.0001720509607971,0.824166533390147,-0.4889652922643041,0.0,0.2281115568593205,1.4668558558742564,0.2236104783599088,20854,45144,96944,363858,65998,0.1252809415337889,0.3159792720991545,0.1770318681132107,0.8896240116185251,0.5333279398658679,0.2269255043635334,1.41307900424315,-0.0013012530828458,-0.0008624764631824,979,2.6760870844477687,0.2768130745658835,0.4780388151174668,-0.0005973222220071,-0.0005973222220071,-0.0006237191481779,0.8898457410733203,-0.5827892669710126,0.0,0.2868681850508032,1.2828924080609443,BTCUSDT,BAJA,v4_63_moderado,63,0.2764801999231065,0.2962297360111305,0.03949907217604798,0.0706860962304025,0.1238589821718066,0.1063457718828082,0.1125875768131825,0.16975654058835796,0.1143379275503509,1.41307900424315,1.5954830652497822,0.3648081220132642,693,836.0,286,0.2582972582972583,0.2675551664315709,0.018515816268625196,0.4780388151174668,0.49154466008398595,0.027011689933038263,-0.0008063540547117,-0.0007018381383594001,0.00020903183270459997,0.824166533390147,0.8570061372317337,0.06567920768317326,-0.5827892669710126,-0.5358772796176583,0.09382397470670856,0.2281115568593205,0.2574898709550618,0.058756628191482696,1.2828924080609443,1.3748741319676003,0.1839634478133121
0.43,0.155510547233262,4784,12114,76604,429858,16898,0.0322875267502292,0.2831104272694993,0.0587801641519634,0.9725910238657652,0.5156855940088644,0.0973485542193191,1.820522352383216,-0.0017118244309035,-0.0009312860237408,640,1.754229012922592,0.25625,0.4875,-0.0010144059881339,-0.0010144059881339,-0.0002937499138618,0.7881964647969587,-0.5356519595025022,0.0,0.2281115568593205,1.4668558558742564,0.2236104783599088,17863,38895,99935,370107,56758,0.1077410782080486,0.3147221537052045,0.1516409446679909,0.904902665512638,0.5282718050903146,0.2046678429844863,1.407457092411601,-0.0015003738630799,-0.0010169879312627,911,2.4902097384391397,0.2864983534577388,0.4763995609220636,-0.0005736889951535,-0.0005736889951535,-0.0005600066155933,0.8951503584001922,-0.558096340169846,0.0,0.2868681850508032,1.2828924080609443,BTCUSDT,BAJA,v4_63_moderado,63,0.2831104272694993,0.2989162904873519,0.0316117264357052,0.0587801641519634,0.10521055440997716,0.0928607805160275,0.0973485542193191,0.15100819860190268,0.10731928876516719,1.407457092411601,1.6139897223974085,0.4130652599716149,640,775.5,271,0.25625,0.2713741767288694,0.030248353457738797,0.4763995609220636,0.48194978046103176,0.011100439077936397,-0.0010144059881339,-0.0007940474916436999,0.0004407169929803999,0.7881964647969587,0.8416734115985754,0.10695389360323349,-0.558096340169846,-0.5468741498361741,0.022444380667343777,0.2281115568593205,0.2574898709550618,0.058756628191482696,1.2828924080609443,1.3748741319676003,0.1839634478133121
0.44,0.155510547233262,3996,9908,77392,432064,13904,0.0265667991439926,0.2873993095512083,0.0490981471469995,0.9775822902808324,0.513340218713916,0.0838685304117869,1.8481017182719857,-0.0017529306272084,-0.0010765530095182,587,1.6089569227899398,0.2606473594548552,0.4940374787052811,-0.0011163007313411,-0.0011163007313411,-0.0002106538053938,0.7715620905394331,-0.5205576539634338,0.0,0.2281115568593205,1.4668558558742564,0.2236104783599088,15295,33464,102503,375538,48759,0.0925569476082004,0.3136856785413975,0.1298409141072004,0.9181813291866544,0.5240111216469274,0.1836608488385357,1.4028219108610351,-0.0017347400029796,-0.0011679933485719,847,2.315266353960429,0.2927981109799291,0.48642266824085,-0.0006171296558104,-0.0006171296558104,-0.0002141107605446,0.889782073319552,-0.5659565448119668,0.0,0.2868681850508032,1.2828924080609443,BTCUSDT,BAJA,v4_63_moderado,63,0.2873993095512083,0.3005424940463029,0.026286368990189213,0.0490981471469995,0.08946953062709995,0.08074276696020088,0.0838685304117869,0.1337646896251613,0.0997923184267488,1.4028219108610351,1.6254618145665103,0.4452798074109505,587,717.0,260,0.2606473594548552,0.2767227352173921,0.032150751525073906,0.48642266824085,0.4902300734730656,0.0076148104644310766,-0.0011163007313411,-0.00086671519357575,0.0004991710755307,0.7715620905394331,0.8306720819294926,0.1182199827801188,-0.5659565448119668,-0.5432570993877003,0.04539889084853299,0.2281115568593205,0.2574898709550618,0.058756628191482696,1.2828924080609443,1.3748741319676003,0.1839634478133121
0.45,0.155510547233262,3364,8190,78024,433782,11554,0.0220765820849893,0.291154578500952,0.0413328746252518,0.9814694143520404,0.5114011444886462,0.0723892319941468,1.8722497199127424,-0.001820883764166,-0.0010516042288278,542,1.48561269531882,0.2638376383763837,0.5,-0.0010937795551788,-0.0010937795551788,4.797256835664676e-05,0.7783944462499524,-0.4882359233565904,0.0,0.2281115568593205,1.4668558558742564,0.2236104783599088,13083,28806,104715,380196,41889,0.0795159453302961,0.3123254314975291,0.1110630061630927,0.9295700265524374,0.5203165163577651,0.1638580473050405,1.396738801277597,-0.0019945424932398,-0.0013684770685864,799,2.1840588156013965,0.3041301627033792,0.4993742177722152,-0.0003254220882191,-0.0003254220882191,0.0,0.9397382243023196,-0.4485643787467039,0.0,0.2868681850508032,1.2828924080609443,BTCUSDT,BAJA,v4_63_moderado,63,0.291154578500952,0.3017400049992406,0.021170852996577116,0.0413328746252518,0.07619794039417224,0.0697301315378409,0.0723892319941468,0.11812363964959366,0.0914688153108937,1.396738801277597,1.6344942605951696,0.4755109186351454,542,670.5,257,0.2638376383763837,0.28398390053988143,0.04029252432699554,0.4993742177722152,0.49968710888610757,0.0006257822277848102,-0.0010937795551788,-0.0007096008216989501,0.0007683574669597001,0.7783944462499524,0.859066335276136,0.16134377805236721,-0.4882359233565904,-0.4684001510516471,0.03967154460988648,0.2281115568593205,0.2574898709550618,0.058756628191482696,1.2828924080609443,1.3748741319676003,0.1839634478133121
0.46,0.155510547233262,2901,6807,78487,435165,9708,0.0185493732803424,0.2988257107540173,0.035644075293655,0.9845985718552308,0.5101213235744428,0.0636910511987353,1.9215784142652788,-0.001819691814563,-0.0010188624711479,504,1.3814553476765412,0.2757936507936508,0.496031746031746,-0.0010926472126642,-0.0010926472126642,-3.663940940090704e-05,0.7825834137113918,-0.4769946308304881,0.0,0.2281115568593205,1.4668558558742564,0.2236104783599088,11185,24817,106613,384185,36002,0.06834092634776,0.3106771846008555,0.094950678279767,0.9393230350951828,0.517136856687475,0.1454486345903771,1.389367738397347,-0.0022492557212944,-0.0015749550025884,762,2.082919671449642,0.3083989501312336,0.4986876640419947,-0.0003129350041725,-0.0003129350041725,-3.565448691622564e-05,0.943571031699778,-0.419026576088308,0.0,0.2868681850508032,1.2828924080609443,BTCUSDT,BAJA,v4_63_moderado,63,0.2988257107540173,0.30475144767743645,0.011851473846838212,0.035644075293655,0.06529737678671099,0.059306602986112,0.0636910511987353,0.1045698428945562,0.0817575833916418,1.389367738397347,1.655473076331313,0.5322106758679317,504,633.0,258,0.2757936507936508,0.29209630046244217,0.03260529933758277,0.496031746031746,0.4973597050368703,0.0026559180102487256,-0.0010926472126642,-0.00070279110841835,0.0007797122084917,0.7825834137113918,0.863077222705585,0.16098761798838612,-0.4769946308304881,-0.448010603459398,0.057968054742180086,0.2281115568593205,0.2574898709550618,0.058756628191482696,1.2828924080609443,1.3748741319676003,0.1839634478133121
0.47,0.155510547233262,2505,5680,78883,436292,8185,0.0156393304799755,0.3060476481368356,0.0307784931439524,0.987148507145249,0.5089635001446008,0.0559320330903285,1.9680185915478243,-0.0018422915258714,-0.0010437096937765,458,1.25537013737273,0.2882096069868995,0.5,-0.0011883079801466,-0.0011883079801466,4.797256835664676e-05,0.7703951919686722,-0.4668456369736211,0.0,0.2281115568593205,1.4668558558742564,0.2236104783599088,9570,21353,108228,387649,30923,0.0586996962794229,0.3094783817870193,0.0812407680945347,0.947792431332854,0.5145165997136943,0.1286973594852105,1.384006617475694,-0.0024911509059177,-0.001741275990307,716,1.9571791138555688,0.3142458100558659,0.5027932960893855,-0.0005014165028723,-0.0005014165028723,0.0001011850492921,0.9118047193467465,-0.4539902187205112,0.0,0.2868681850508032,1.2828924080609443,BTCUSDT,BAJA,v4_63_moderado,63,0.3060476481368356,0.3077630149619275,0.003430733650183704,0.0307784931439524,0.05600963061924355,0.05046227495058231,0.0559320330903285,0.0923146962877695,0.072765326394882,1.384006617475694,1.6760126045117592,0.5840119740721303,458,587.0,258,0.2882096069868995,0.3012277085213827,0.026036203068966368,0.5,0.5013966480446927,0.0027932960893854997,-0.0011883079801466,-0.00084486224150945,0.0006868914772743,0.7703951919686722,0.8410999556577093,0.14140952737807422,-0.4668456369736211,-0.46041792784706614,0.012855418253109874,0.2281115568593205,0.2574898709550618,0.058756628191482696,1.2828924080609443,1.3748741319676003,0.1839634478133121
0.48,0.155510547233262,2180,4844,79208,437128,7024,0.0134209721797615,0.3103644646924829,0.0267852754705853,0.9890400296851384,0.5079126525778619,0.0493145726824413,1.9957775868857557,-0.0018523076449439,-0.0010425196969028,427,1.1703996695592918,0.2950819672131147,0.5081967213114754,-0.0011916431216598,-0.0011916431216598,0.0003463503649635,0.7735642708335468,-0.4414803418968593,0.0,0.2281115568593205,1.4668558558742564,0.2236104783599088,8255,18421,109543,390581,26676,0.0506378132118451,0.3094541910331384,0.0700775904514507,0.9549611004347168,0.5125193454430838,0.1142766172460096,1.3838984349161898,-0.002674763200958,-0.0018996433188648,674,1.842372517791416,0.3071216617210682,0.4970326409495549,-0.0005668195922786,-0.0005668195922786,-4.4959517131792914e-05,0.9007964156072296,-0.4415284494261126,0.0,0.2868681850508032,1.2828924080609443,BTCUSDT,BAJA,v4_63_moderado,63,0.3094541910331384,0.30990932786281067,0.0009102736593444849,0.0267852754705853,0.048431432961018005,0.0432923149808654,0.0493145726824413,0.08179559496422545,0.0649620445635683,1.3838984349161898,1.6898380109009727,0.6118791519695659,427,550.5,247,0.2950819672131147,0.30110181446709144,0.012039694507953502,0.4970326409495549,0.5026146811305152,0.011164080361920514,-0.0011916431216598,-0.0008792313569691999,0.0006248235293811999,0.7735642708335468,0.8371803432203881,0.12723214477368272,-0.4415284494261126,-0.4415043956614859,4.8107529253271775e-05,0.2281115568593205,0.2574898709550618,0.058756628191482696,1.2828924080609443,1.3748741319676003,0.1839634478133121
0.49,0.155510547233262,1913,4151,79475,437821,6064,0.011586670742892,0.3154683377308707,0.0235046935666191,0.9906080023168888,0.507056347941754,0.0437497141288935,2.028597695419822,-0.0018453865762665,-0.0010002950037252,408,1.1183209957381524,0.3039215686274509,0.5,-0.0012606723935428,-0.0012606723935428,8.607146965328161e-05,0.7649238952277704,-0.436154188752247,0.0,0.2281115568593205,1.4668558558742564,0.2236104783599088,7149,16028,110649,392974,23177,0.0439958238420653,0.3084523449971955,0.0606886364793969,0.9608119275700364,0.5107502820247166,0.1014222379854584,1.3794181169843511,-0.002812394732828,-0.0020181541582151,624,1.7056979986674234,0.3173076923076923,0.4983974358974359,-0.0005503396975316,-0.0005503396975316,-4.2092881077482325e-05,0.9049116280810302,-0.4009720072418442,0.0,0.2868681850508032,1.2828924080609443,BTCUSDT,BAJA,v4_63_moderado,63,0.3084523449971955,0.31196034136403306,0.007015992733675203,0.0235046935666191,0.042096665023008004,0.0371839429127778,0.0437497141288935,0.07258597605717595,0.05767252385656489,1.3794181169843511,1.7040079062020865,0.649179578435471,408,516.0,216,0.3039215686274509,0.3106146304675716,0.01338612368024139,0.4983974358974359,0.49919871794871795,0.0016025641025640969,-0.0012606723935428,-0.0009055060455372,0.0007103326960111999,0.7649238952277704,0.8349177616544003,0.13998773285325983,-0.436154188752247,-0.4185630979970456,0.03518218151040281,0.2281115568593205,0.2574898709550618,0.058756628191482696,1.2828924080609443,1.3748741319676003,0.1839634478133121
0.5,0.155510547233262,1687,3572,79701,438400,5259,0.0100485325588505,0.3207834189009317,0.0207278714306777,0.991918040056836,0.506322955743757,0.0389396055258693,2.0627759634834577,-0.0016267102797233,-0.0008156731122992,383,1.0497964249208636,0.3054830287206266,0.5117493472584856,-0.0011268158758078,-0.0011268158758078,0.0004311254272573,0.7889510118798853,-0.3885544618594921,0.0,0.2281115568593205,1.4668558558742564,0.2236104783599088,6152,13946,111646,395056,20098,0.0381511009870918,0.3061001094636282,0.0522249953309903,0.965902367225588,0.5090636812782892,0.0892266635725474,1.3688987730304365,-0.0029475636637218,-0.0022082693346641,583,1.5936248929857495,0.313893653516295,0.5008576329331046,-0.0004706057432352,-0.0004706057432352,3.157961220234817e-05,0.9185520733851724,-0.3978418734358806,0.0,0.2868681850508032,1.2828924080609443,BTCUSDT,BAJA,v4_63_moderado,63,0.3061001094636282,0.31344176418228,0.014683309437303504,0.0207278714306777,0.036476433380834,0.031497123900312604,0.0389396055258693,0.06408313454920835,0.050287058046678094,1.3688987730304365,1.7158373682569472,0.6938771904530212,383,483.0,200,0.3054830287206266,0.3096883411184608,0.008410624795668398,0.5008576329331046,0.5063034900957951,0.010891714325381052,-0.0011268158758078,-0.0007987108095215,0.0006562101325726,0.7889510118798853,0.8537515426325288,0.12960106150528716,-0.3978418734358806,-0.39319816764768634,0.009287411576388516,0.2281115568593205,0.2574898709550618,0.058756628191482696,1.2828924080609443,1.3748741319676003,0.1839634478133121
0.51,0.155510547233262,1495,3091,79893,438881,4586,0.0087626108223784,0.3259921500218055,0.0183688012974885,0.9930063442933036,0.5056875727953961,0.0347779561262707,2.096270354787096,-0.0015156729388765,-0.0007819309055422,359,0.9840128369362664,0.3036211699164345,0.5013927576601671,-0.0011272957528513,-0.0011272957528513,0.000205539097095,0.7923149950453088,-0.3798580366996031,0.0,0.2281115568593205,1.4668558558742564,0.2236104783599088,5324,12169,112474,396833,17493,0.0332061503416856,0.3043503115531927,0.0451960135146606,0.9702470892562872,0.5077215513854739,0.0787044223192969,1.3610735676855457,-0.0030307291443269,-0.0023147220195574,554,1.5143536718938344,0.3267148014440433,0.5144404332129964,-0.0003893577010003,-0.0003893577010003,0.0003423961412307,0.9324164766460632,-0.3777475613642489,0.0,0.2868681850508032,1.2828924080609443,BTCUSDT,BAJA,v4_63_moderado,63,0.3043503115531927,0.3151712307874991,0.021641838468612784,0.0183688012974885,0.03178240740607455,0.0268272122171721,0.0347779561262707,0.0567411892227838,0.043926466193026203,1.3610735676855457,1.7286719612363206,0.7351967871015501,359,456.5,195,0.3036211699164345,0.3151679856802389,0.023093631527608793,0.5013927576601671,0.5079165954365817,0.013047675552829263,-0.0011272957528513,-0.0007583267269258,0.0007379380518509999,0.7923149950453088,0.862365735845686,0.14010148160075442,-0.3798580366996031,-0.37880279903192604,0.0021104753353541894,0.2281115568593205,0.2574898709550618,0.058756628191482696,1.2828924080609443,1.3748741319676003,0.1839634478133121
0.52,0.155510547233262,1298,2696,80090,439276,3994,0.0076314582696423,0.3249874812218327,0.0159482970462476,0.9939000660675336,0.5049241815568907,0.030404534913682,2.089809900381609,-0.0014217209165667,-0.0008484563669385,329,0.90178335195552,0.2826747720364742,0.4924012158054711,-0.0013587133508617,-0.0013587133508617,-0.0002652113099939,0.7544872289386774,-0.3934608854426599,0.0,0.2281115568593205,1.4668558558742564,0.2236104783599088,4674,10587,113124,398415,15261,0.0289692482915717,0.306270886573619,0.0396780930066724,0.9741150410022444,0.5068965670044584,0.0702545487340202,1.3696624989132455,-0.0029321528351867,-0.0023162405511893,518,1.4159480181245598,0.3223938223938224,0.5135135135135135,-0.0004109849276362,-0.0004109849276362,0.0003402994869656,0.928622259475891,-0.365550055246297,0.0,0.2868681850508032,1.2828924080609443,BTCUSDT,BAJA,v4_63_moderado,63,0.306270886573619,0.3156291838977259,0.01871659464821368,0.0159482970462476,0.02781319502646,0.023729795960424804,0.030404534913682,0.050329541823851104,0.039850013820338204,1.3696624989132455,1.7297361996474274,0.7201474014683635,329,423.5,189,0.2826747720364742,0.3025342972151483,0.03971905035734824,0.4924012158054711,0.5029573646594923,0.021112297708042405,-0.0013587133508617,-0.00088484913924895,0.0009477284232255001,0.7544872289386774,0.8415547442072842,0.1741350305372137,-0.3934608854426599,-0.37950547034447846,0.027910830196362868,0.2281115568593205,0.2574898709550618,0.058756628191482696,1.2828924080609443,1.3748741319676003,0.1839634478133121
0.53,0.155510547233262,1147,2383,80241,439589,3530,0.006744879241822,0.3249291784702549,0.0140929866810832,0.9946082557266072,0.5043506212038452,0.0270142961445158,2.0894349885019,-0.001427063222351,-0.0008706395181651,300,0.822294849807465,0.28,0.4866666666666667,-0.0016351132407526,-0.0016351132407526,-0.0005567565813612,0.715592799705188,-0.4177151758641462,0.0,0.2281115568593205,1.4668558558742564,0.2236104783599088,4097,9216,113701,399786,13313,0.0252714502657555,0.3077443100728611,0.0347798774172736,0.9774671028503528,0.5061234901338132,0.0624966631327653,1.3762517406609895,-0.0028461366599744,-0.0023233774902509,487,1.3312098162676846,0.3203285420944558,0.5112936344969199,-0.0005662040101045,-0.0005662040101045,0.0002527607165602,0.9046866955072402,-0.419454122357393,0.0,0.2868681850508032,1.2828924080609443,BTCUSDT,BAJA,v4_63_moderado,63,0.3077443100728611,0.316336744271558,0.01718486839739375,0.0140929866810832,0.0244364320491784,0.0206868907361904,0.0270142961445158,0.04475547963864055,0.0354823669882495,1.3762517406609895,1.732843364581445,0.7131832478409106,300,393.5,187,0.28,0.3001642710472279,0.0403285420944558,0.4866666666666667,0.4989801505817933,0.0246269678302532,-0.0016351132407526,-0.0011006586254285501,0.0010689092306481,0.715592799705188,0.8101397476062141,0.18909389580205227,-0.419454122357393,-0.4185846491107696,0.0017389464932467957,0.2281115568593205,0.2574898709550618,0.058756628191482696,1.2828924080609443,1.3748741319676003,0.1839634478133121
0.54,0.155510547233262,1009,2090,80379,439882,3099,0.0059213543258942,0.3255888996450468,0.0123974050228534,0.9952711936502764,0.503834299336565,0.0238853314711139,2.093677280658472,-0.0014444594955577,-0.0008391210510221,281,0.7702161759863255,0.2846975088967972,0.4804270462633452,-0.0016225650150746,-0.0016225650150746,-0.0009080396076979,0.7181768123159312,-0.3960254400837704,0.0,0.2281115568593205,1.4668558558742564,0.2236104783599088,3590,8015,114208,400987,11605,0.0220292331055429,0.3093494183541577,0.0304758994210428,0.980403518809199,0.5054397091151209,0.055485576068561,1.383429884963839,-0.0028029918654294,-0.0023726343483114,455,1.2437381240283296,0.3406593406593406,0.5230769230769231,-0.000351878926197,-0.000351878926197,0.0005369814731998,0.9405746137524916,-0.3778247922139819,0.0,0.2868681850508032,1.2828924080609443,BTCUSDT,BAJA,v4_63_moderado,63,0.3093494183541577,0.31746915899960226,0.01623948129088909,0.0123974050228534,0.0214366522219481,0.0180784943981894,0.0238853314711139,0.03968545376983745,0.0316002445974471,1.383429884963839,1.7385535828111554,0.7102473956946331,281,368.0,174,0.2846975088967972,0.3126784247780689,0.055961831762543435,0.4804270462633452,0.5017519846701342,0.0426498768135779,-0.0016225650150746,-0.0009872219706358,0.0012706860888776002,0.7181768123159312,0.8293757130342114,0.2223978014365604,-0.3960254400837704,-0.38692511614887615,0.018200647869788478,0.2281115568593205,0.2574898709550618,0.058756628191482696,1.2828924080609443,1.3748741319676003,0.1839634478133121
0.55,0.155510547233262,886,1840,80502,440132,2726,0.0052086517884439,0.3250183418928833,0.0108861257187791,0.9958368403428272,0.5033614830308032,0.0210666476448629,2.09000834782842,-0.0015754609846376,-0.0008888017443793,258,0.7071735708344199,0.2945736434108527,0.4806201550387597,-0.0018103490381948,-0.0018103490381948,-0.0009096096441091,0.7000028232064932,-0.4012911030090551,0.0,0.2281115568593205,1.4668558558742564,0.2236104783599088,3142,7037,114656,401965,10179,0.0193223234624145,0.3086747224678259,0.0266727788247678,0.982794705160366,0.5047337419925669,0.0491025731186072,1.380412602896914,-0.0029011289644473,-0.0024465316751434,413,1.128931527964176,0.3535108958837772,0.5254237288135594,-0.0002775537171631,-0.0002775537171631,0.0005521465880118,0.9541920025134506,-0.370041324466833,0.0,0.2868681850508032,1.2828924080609443,BTCUSDT,BAJA,v4_63_moderado,63,0.3086747224678259,0.31684653218035463,0.01634361942505741,0.0108861257187791,0.01877945227177345,0.0157866531059887,0.0210666476448629,0.03508461038173505,0.028035925473744297,1.380412602896914,1.735210475362667,0.709595744931506,258,335.5,155,0.2945736434108527,0.324042269647315,0.05893725247292453,0.4806201550387597,0.5030219419261596,0.044803573774799654,-0.0018103490381948,-0.00104395137767895,0.0015327953210317,0.7000028232064932,0.827097412859972,0.2541891793069574,-0.4012911030090551,-0.3856662137379441,0.03124977854222205,0.2281115568593205,0.2574898709550618,0.058756628191482696,1.2828924080609443,1.3748741319676003,0.1839634478133121
0.56,0.155510547233262,766,1592,80622,440380,2358,0.0045055029043106,0.3248515691263783,0.0094117068855359,0.9963979618618374,0.5029048343736867,0.0182934110285864,2.0889359268931704,-0.0016630772261754,-0.000879519178711,242,0.6633178455113551,0.2727272727272727,0.4586776859504132,-0.0017848202380803,-0.0017848202380803,-0.0014188855843045,0.6894135721900866,-0.374944189693298,0.0,0.2281115568593205,1.4668558558742564,0.2236104783599088,2795,6195,115003,402807,8990,0.0170652999240698,0.310901001112347,0.0237270581843494,0.9848533748001232,0.5042902164922364,0.0440893459948891,1.3903686597903566,-0.0029182190324991,-0.002453284849207,383,1.0469268164897807,0.3550913838120104,0.5117493472584856,-0.000499557789916,-0.000499557789916,0.0003042314559803,0.9213446612418904,-0.3700767986601945,0.0,0.2868681850508032,1.2828924080609443,BTCUSDT,BAJA,v4_63_moderado,63,0.310901001112347,0.3178762851193626,0.013950568014031328,0.0094117068855359,0.01656938253494265,0.014315351298813499,0.0182934110285864,0.031191378511737748,0.025795934966302697,1.3903686597903566,1.7396522933417635,0.6985672671028138,242,312.5,141,0.2727272727272727,0.3139093282696416,0.08236411108473768,0.4586776859504132,0.48521351660444945,0.05307166130807245,-0.0017848202380803,-0.00114218901399815,0.0012852624481643,0.6894135721900866,0.8053791167159885,0.23193108905180382,-0.374944189693298,-0.37251049417674625,0.004867391033103519,0.2281115568593205,0.2574898709550618,0.058756628191482696,1.2828924080609443,1.3748741319676003,0.1839634478133121
0.57,0.155510547233262,677,1397,80711,440575,2074,0.0039628553959033,0.3264223722275796,0.0083181795842138,0.996839166282027,0.5025786729331204,0.0162229517624787,2.0990368694282457,-0.001878576226353,-0.0010272056351748,228,0.6249440858536734,0.2631578947368421,0.4429824561403508,-0.0022785038225034,-0.0022785038225034,-0.0016100133381471,0.6160007109536547,-0.4228319727624863,0.0,0.2281115568593205,1.4668558558742564,0.2236104783599088,2448,5437,115350,403565,7885,0.0149677296886864,0.3104629042485732,0.0207813375439311,0.9867066664710686,0.5037440020074999,0.038955149065506,1.388409463302844,-0.0030439368160507,-0.0025233623342637,358,0.9785895569277846,0.3463687150837989,0.5,-0.0007112403060697,-0.0007112403060697,7.794325553256432e-06,0.8902286459552666,-0.3494974611221461,0.0,0.2868681850508032,1.2828924080609443,BTCUSDT,BAJA,v4_63_moderado,63,0.3104629042485732,0.3184426382380764,0.01595946797900638,0.0083181795842138,0.01454975856407245,0.012463157959717298,0.0162229517624787,0.02758905041399235,0.022732197303027297,1.388409463302844,1.743723166365545,0.7106274061254017,228,293.0,130,0.2631578947368421,0.3047633049103205,0.08321082034695682,0.4429824561403508,0.4714912280701754,0.05701754385964919,-0.0022785038225034,-0.00149487206428655,0.0015672635164336998,0.6160007109536547,0.7531146784544607,0.2742279350016119,-0.4228319727624863,-0.3861647169423162,0.07333451164034022,0.2281115568593205,0.2574898709550618,0.058756628191482696,1.2828924080609443,1.3748741319676003,0.1839634478133121
0.58,0.155510547233262,591,1245,80797,440727,1836,0.0035081014980128,0.3218954248366013,0.0072615127537229,0.9971830794710976,0.5022222961124103,0.0142026338556185,2.069926642041624,-0.0023997259346771,-0.0012901268260436,217,0.5947932746940664,0.271889400921659,0.4377880184331797,-0.0022960036348016,-0.0022960036348016,-0.0015973472666086,0.6167825911608462,-0.4092624652908671,0.0,0.2281115568593205,1.4668558558742564,0.2236104783599088,2168,4762,115630,404240,6930,0.0131548974943052,0.3128427128427128,0.0184043871712592,0.9883570251490212,0.5033807061601403,0.034763645693028,1.3990521157026532,-0.0031058111661316,-0.002551652325718,328,0.8965848454533892,0.3353658536585366,0.4817073170731707,-0.0013241033754404,-0.0013241033754404,-0.0003757864991632,0.8090585863678412,-0.4161363632693784,0.0,0.2868681850508032,1.2828924080609443,BTCUSDT,BAJA,v4_63_moderado,63,0.3128427128427128,0.31736906883965704,0.009052711993888463,0.0072615127537229,0.01283294996249105,0.011142874417536298,0.0142026338556185,0.02448313977432325,0.0205610118374095,1.3990521157026532,1.7344893788721385,0.6708745263389708,217,272.5,111,0.271889400921659,0.3036276272900978,0.06347645273687763,0.4377880184331797,0.4597476677531752,0.043919298639991,-0.0022960036348016,-0.001810053505121,0.0009719002593612002,0.6167825911608462,0.7129205887643437,0.192275995206995,-0.4161363632693784,-0.41269941428012274,0.006873897978511345,0.2281115568593205,0.2574898709550618,0.058756628191482696,1.2828924080609443,1.3748741319676003,0.1839634478133121
0.59,0.155510547233262,526,1104,80862,440868,1630,0.0031144909813512,0.3226993865030675,0.0064628692190494,0.9975021042056964,0.5019824867123729,0.0126719506613023,2.0750964628722346,-0.0027929832000685,-0.0014323503009314,199,0.5454555837056184,0.2512562814070351,0.4371859296482412,-0.0025082464126375,-0.0025082464126375,-0.0015973472666086,0.5872342895779208,-0.403671686472175,0.0,0.2281115568593205,1.4668558558742564,0.2236104783599088,1905,4216,115893,404786,6121,0.0116192103264996,0.3112236562653161,0.0161717516426424,0.9896919819462986,0.5029318667944706,0.0307458904607041,1.3918115937500513,-0.0032403221267449,-0.0027245877054826,306,0.8364480570388326,0.3137254901960784,0.4607843137254901,-0.0018991802708023,-0.0018991802708023,-0.0015527998701415,0.7428722691229614,-0.4791515581224385,0.0,0.2868681850508032,1.2828924080609443,BTCUSDT,BAJA,v4_63_moderado,63,0.3112236562653161,0.3169615213841918,0.011475730237751391,0.0064628692190494,0.0113173104308459,0.009708882423593,0.0126719506613023,0.021708920561003202,0.0180739397994018,1.3918115937500513,1.7334540283111428,0.6832848691221833,199,252.5,107,0.2512562814070351,0.2824908858015568,0.06246920878904333,0.4371859296482412,0.44898512168686566,0.023598384077248902,-0.0025082464126375,-0.0022037133417199,0.0006090661418352002,0.5872342895779208,0.6650532793504411,0.15563797954504066,-0.4791515581224385,-0.44141162229730674,0.07547987165026349,0.2281115568593205,0.2574898709550618,0.058756628191482696,1.2828924080609443,1.3748741319676003,0.1839634478133121
0.6,0.155510547233262,466,956,80922,441016,1422,0.0027170590033628,0.3277074542897327,0.0057256598024278,0.9978369670476864,0.501781313425057,0.0112546793865475,2.1073005022494047,-0.003234405561074,-0.0018929467263821,179,0.4906359270517874,0.2513966480446927,0.4301675977653631,-0.0026571543903917,-0.0026571543903917,-0.001871895604786,0.5668510702488457,-0.3940272164818474,0.0,0.2281115568593205,1.4668558558742564,0.2236104783599088,1695,3680,116103,405322,5375,0.0102031131359149,0.3153488372093023,0.0143890388631385,0.991002488985384,0.5026957639242613,0.0275222654315475,1.4102596601118904,-0.003245582460467,-0.0028255680429594,281,0.7681107974768365,0.3131672597864768,0.4661921708185053,-0.0018505162589172,-0.0018505162589172,-0.0016476380825085,0.7525264066666851,-0.451613424836858,0.0,0.2868681850508032,1.2828924080609443,BTCUSDT,BAJA,v4_63_moderado,63,0.3153488372093023,0.3215281457495175,0.0123586170804304,0.0057256598024278,0.01005734933278315,0.0086633790607107,0.0112546793865475,0.0193884724090475,0.016267586044999997,1.4102596601118904,1.7587800811806475,0.6970408421375143,179,230.0,102,0.2513966480446927,0.28228195391558475,0.06177061174178411,0.4301675977653631,0.4481798842919342,0.03602457305314216,-0.0026571543903917,-0.00225383532465445,0.0008066381314745,0.5668510702488457,0.6596887384577654,0.1856753364178394,-0.451613424836858,-0.4228203206593527,0.057586208355010604,0.2281115568593205,0.2574898709550618,0.058756628191482696,1.2828924080609443,1.3748741319676003,0.1839634478133121
0.61,0.155510547233262,423,855,80965,441117,1278,0.0024419137878324,0.3309859154929577,0.0051973263871823,0.9980654883114768,0.5016314073493295,0.0102339534996249,2.1283824240968494,-0.0035680864377227,-0.0022314170164493,173,0.4741900300556381,0.2543352601156069,0.4335260115606936,-0.002659415693805,-0.002659415693805,-0.0018892234317233,0.5623422267649505,-0.3728636475465438,0.0,0.2281115568593205,1.4668558558742564,0.2236104783599088,1502,3251,116296,405751,4753,0.0090223993925588,0.3160109404586577,0.0127506409276897,0.992051383611816,0.502401012269753,0.0245122438821388,1.413220627121181,-0.0033596943382571,-0.0031341442050349,261,0.7134409898272396,0.3065134099616858,0.4482758620689655,-0.0018907335322304,-0.0018907335322304,-0.0017351188256524,0.7508295423406548,-0.4642663980338684,0.0,0.2868681850508032,1.2828924080609443,BTCUSDT,BAJA,v4_63_moderado,63,0.3160109404586577,0.3234984279758077,0.014974975034300009,0.0051973263871823,0.008973983657436,0.0075533145405074,0.0102339534996249,0.01737309869088185,0.0142782903825139,1.413220627121181,1.770801525609015,0.7151617969756685,173,217.0,88,0.2543352601156069,0.2804243350386464,0.05217814984607888,0.4335260115606936,0.44090093681482956,0.014749850508271933,-0.002659415693805,-0.0022750746130177,0.0007686821615746,0.5623422267649505,0.6565858845528026,0.1884873155757043,-0.4642663980338684,-0.4185650227902061,0.0914027504873246,0.2281115568593205,0.2574898709550618,0.058756628191482696,1.2828924080609443,1.3748741319676003,0.1839634478133121
0.62,0.155510547233262,393,764,80995,441208,1157,0.0022107153775603,0.3396715643906655,0.0048287216788715,0.9982713837075652,0.5015500526932184,0.009522078866073,2.1842348987504145,-0.0037601120192766,-0.00251550867574,158,0.4330752875652649,0.2531645569620253,0.4367088607594936,-0.0027418244072089,-0.0027418244072089,-0.0018929467263821,0.5528627344003653,-0.368534173642677,0.0,0.2281115568593205,1.4668558558742564,0.2236104783599088,1339,2859,116459,406143,4198,0.0079688686408504,0.3189614101953311,0.0113669162464557,0.9930098141329382,0.502188365189697,0.0219515393947342,1.426415311727707,-0.0032337100320041,-0.003212085320146,241,0.6587711821776427,0.2987551867219917,0.4356846473029045,-0.0025467880427106,-0.0025467880427106,-0.0022568793235973,0.6838182776539153,-0.5180562207627085,0.0,0.2868681850508032,1.2828924080609443,BTCUSDT,BAJA,v4_63_moderado,63,0.3189614101953311,0.3293164872929983,0.020710154195334396,0.0048287216788715,0.008097818962663601,0.006538194567584201,0.009522078866073,0.0157368091304036,0.0124294605286612,1.426415311727707,1.8053251052390609,0.7578195870227076,158,199.5,83,0.2531645569620253,0.2759598718420085,0.04559062975996642,0.4356846473029045,0.43619675403119906,0.001024213456589096,-0.0027418244072089,-0.0026443062249597504,0.00019503636449830003,0.5528627344003653,0.6183405060271403,0.13095554325355008,-0.5180562207627085,-0.4432951972026927,0.14952204712003153,0.2281115568593205,0.2574898709550618,0.058756628191482696,1.2828924080609443,1.3748741319676003,0.1839634478133121
0.63,0.155510547233262,371,707,81017,441265,1078,0.0020597676551513,0.3441558441558441,0.0045584115594436,0.9984003511534668,0.5014793813564552,0.0089976475153396,2.213070754870529,-0.0039155742379334,-0.0028782850237997,148,0.4056654592383494,0.2635135135135135,0.4662162162162162,-0.0024521908874529,-0.0024521908874529,-0.0013281885962858,0.5952352496106776,-0.3221994482908066,0.0,0.2281115568593205,1.4668558558742564,0.2236104783599088,1218,2541,116580,406461,3759,0.007135535307517,0.3240223463687151,0.0103397341211226,0.9937873164434404,0.5020635252822815,0.0200399812433673,1.4490481338141488,-0.0031257009323347,-0.003470744680851,230,0.6287027879703644,0.3043478260869565,0.4434782608695652,-0.0020645050314179,-0.0020645050314179,-0.0020246471269539,0.7349077523838187,-0.4357454460356625,0.0,0.2868681850508032,1.2828924080609443,BTCUSDT,BAJA,v4_63_moderado,63,0.3240223463687151,0.3340890952622796,0.02013349778712903,0.0045584115594436,0.007449072840283099,0.0057813225616789995,0.0089976475153396,0.01451881437935345,0.0110423337280277,1.4490481338141488,1.8310594443423387,0.7640226210563801,148,189.0,82,0.2635135135135135,0.28393066980023496,0.040834312573443,0.4434782608695652,0.45484723854289066,0.022737955346650962,-0.0024521908874529,-0.0022583479594354,0.0003876858560350003,0.5952352496106776,0.6650715009972481,0.13967250277314103,-0.4357454460356625,-0.3789724471632345,0.11354599774485591,0.2281115568593205,0.2574898709550618,0.058756628191482696,1.2828924080609443,1.3748741319676003,0.1839634478133121
0.64,0.155510547233262,335,653,81053,441319,988,0.0018878018954448,0.3390688259109312,0.0041160859094706,0.9985225308390576,0.5013193083742642,0.0081334369233757,2.180359029939855,-0.0041102664526091,-0.0033826763899813,137,0.3755146480787423,0.2700729927007299,0.4744525547445255,-0.0020592221773078,-0.0020592221773078,-0.001325740387815,0.6444241121198947,-0.2597838318226869,0.0,0.2281115568593205,1.4668558558742564,0.2236104783599088,1111,2226,116687,406776,3337,0.0063344722854973,0.3329337728498651,0.0094313995144229,0.994557483826485,0.501994441670454,0.0183431708424485,1.488900588611937,-0.0028171342930193,-0.0033644560628154,215,0.5877004322331667,0.3302325581395349,0.4697674418604651,-0.0018529994001883,-0.0018529994001883,-0.0013649737506509,0.7675806313308162,-0.3935685486385193,0.0,0.2868681850508032,1.2828924080609443,BTCUSDT,BAJA,v4_63_moderado,63,0.3329337728498651,0.33600129938039813,0.006135053061066098,0.0041160859094706,0.00677374271194675,0.0053153136049523,0.0081334369233757,0.0132383038829121,0.010209733919072799,1.488900588611937,1.8346298092758961,0.6914584413279181,137,176.0,78,0.2700729927007299,0.3001527754201324,0.06015956543880502,0.4697674418604651,0.47210999830249534,0.004685112884060427,-0.0020592221773078,-0.00195611078874805,0.00020622277711949987,0.6444241121198947,0.7060023717253554,0.12315651921092152,-0.3935685486385193,-0.3266761902306031,0.13378471681583243,0.2281115568593205,0.2574898709550618,0.058756628191482696,1.2828924080609443,1.3748741319676003,0.1839634478133121
0.65,0.155510547233262,316,611,81072,441361,927,0.001771247324977,0.3408845738942826,0.0038826362608738,0.998617559483406,0.50125009787214,0.0076778229970236,2.192035073884501,-0.0040613687761419,-0.0034223916438562,134,0.3672916995806677,0.2686567164179104,0.4701492537313433,-0.0019485241531577,-0.0019485241531577,-0.0013281885962858,0.659333559566026,-0.2381351927224122,0.0,0.2281115568593205,1.4668558558742564,0.2236104783599088,990,1965,116808,407037,2955,0.0056093394077448,0.3350253807106599,0.0084042173890897,0.9951956225152934,0.5017999199521915,0.0163971081463814,1.498254389364638,-0.0027521200107795,-0.0036646935945241,203,0.5548985476434086,0.3251231527093596,0.4679802955665024,-0.0020019173865321,-0.0020019173865321,-0.0013649737506509,0.7451845194505362,-0.368941481461275,0.0,0.2868681850508032,1.2828924080609443,BTCUSDT,BAJA,v4_63_moderado,63,0.3350253807106599,0.33795497730247126,0.005859193183622713,0.0038826362608738,0.00614342682498175,0.0045215811282159,0.0076778229970236,0.0120374655717025,0.0087192851493578,1.498254389364638,1.8451447316245695,0.6937806845198629,134,168.5,69,0.2686567164179104,0.296889934563635,0.05646643629144921,0.4679802955665024,0.4690647746489228,0.0021689581648409173,-0.0020019173865321,-0.0019752207698449,5.339323337439999e-05,0.659333559566026,0.7022590395082811,0.08585095988451019,-0.368941481461275,-0.3035383370918436,0.13080628873886277,0.2281115568593205,0.2574898709550618,0.058756628191482696,1.2828924080609443,1.3748741319676003,0.1839634478133121
0.66,0.155510547233262,297,562,81091,441410,859,0.0016413176398654,0.3457508731082654,0.0036491866122769,0.998728426235146,0.5011888064237116,0.0072221479202888,2.2233274800946305,-0.0039525606191429,-0.0034223916438562,125,0.3426228540864438,0.272,0.488,-0.0015511847981283,-0.0015511847981283,-0.0004383998450896,0.7154816383463347,-0.196202067261646,0.0,0.2281115568593205,1.4668558558742564,0.2236104783599088,900,1745,116898,407257,2645,0.0050208807896735,0.3402646502835538,0.0076401976264452,0.995733517195515,0.5016868574109801,0.0149448286741446,1.5216847295317082,-0.0024339230905164,-0.0036250938389463,188,0.5138961919062109,0.324468085106383,0.4627659574468085,-0.0023364727585518,-0.0023364727585518,-0.0014160011421779,0.7114233909462048,-0.3883358585336721,0.0,0.2868681850508032,1.2828924080609443,BTCUSDT,BAJA,v4_63_moderado,63,0.3402646502835538,0.34300776169590963,0.005486222824711617,0.0036491866122769,0.00564469211936105,0.003991011014168299,0.0072221479202888,0.0110834882972167,0.0077226807538558,1.5216847295317082,1.8725061048131693,0.7016427505629224,125,156.5,63,0.272,0.2982340425531915,0.052468085106382956,0.4627659574468085,0.47538297872340424,0.025234042553191505,-0.0023364727585518,-0.0019438287783400498,0.0007852879604235,0.7114233909462048,0.7134525146462698,0.004058247400129944,-0.3883358585336721,-0.292268962897659,0.1921337912720261,0.2281115568593205,0.2574898709550618,0.058756628191482696,1.2828924080609443,1.3748741319676003,0.1839634478133121
0.67,0.155510547233262,283,533,81105,441439,816,0.001559156221339,0.346813725490196,0.0034771710817319,0.998794041251482,0.5011356061666069,0.0068853097172886,2.2301620800676885,-0.00376721740262,-0.0033687334454977,117,0.3206949914249113,0.2478632478632478,0.4871794871794871,-0.002005783652483,-0.002005783652483,-0.0004383998450896,0.6395899770380613,-0.2408707230625332,0.0,0.2281115568593205,1.4668558558742564,0.2236104783599088,826,1560,116972,407442,2386,0.0045292331055429,0.3461860854987427,0.0070120035993819,0.9961858377220648,0.5015989206607234,0.0137455900951873,1.5481657569800646,-0.0022772081640889,-0.0036916768816376,176,0.4810943073164527,0.3181818181818182,0.4659090909090909,-0.0025146878327797,-0.0025146878327797,-0.0014160011421779,0.6961161243455581,-0.3883270295978973,0.0,0.2868681850508032,1.2828924080609443,BTCUSDT,BAJA,v4_63_moderado,63,0.3461860854987427,0.34649990549446935,0.0006276399914533215,0.0034771710817319,0.005244587340556901,0.00353483251765,0.0068853097172886,0.01031544990623795,0.006860280377898699,1.5481657569800646,1.8891639185238764,0.6819963230876238,117,146.5,59,0.2478632478632478,0.283022533022533,0.07031857031857039,0.4659090909090909,0.476544289044289,0.02127039627039623,-0.0025146878327797,-0.00226023574263135,0.0005089041802967,0.6395899770380613,0.6678530506918097,0.05652614730749683,-0.3883270295978973,-0.3145988763302152,0.14745630653536407,0.2281115568593205,0.2574898709550618,0.058756628191482696,1.2828924080609443,1.3748741319676003,0.1839634478133121
0.68,0.155510547233262,272,463,81116,441509,735,0.0014043870376031,0.3700680272108843,0.0033420160220179,0.9989524223253962,0.5011472191737071,0.0066242100264237,2.3796972860997743,-0.003028207567154,-0.0024270787343634,107,0.2932851630979958,0.2429906542056074,0.4766355140186916,-0.0018891442451342,-0.0018891442451342,-0.0006167151491265,0.6586651386930603,-0.207763206148635,0.0,0.2281115568593205,1.4668558558742564,0.2236104783599088,743,1415,117055,407587,2158,0.0040964312832194,0.3443002780352178,0.0063074075960542,0.9965403592158474,0.5014238834059508,0.0123878755543699,1.539732308434377,-0.002136588325705,-0.0036765552237113,167,0.4564928938741341,0.3293413173652694,0.4730538922155688,-0.0019705639506121,-0.0019705639506121,-0.0013649737506509,0.7536024293777442,-0.3165154047773393,0.0,0.2868681850508032,1.2828924080609443,BTCUSDT,BAJA,v4_63_moderado,63,0.3443002780352178,0.35718415262305103,0.025767749175666488,0.0033420160220179,0.00482471180903605,0.0029653915740363,0.0066242100264237,0.0095060427903968,0.0057636655279462,1.539732308434377,1.9597147972670756,0.8399649776653972,107,137.0,60,0.2429906542056074,0.2861659857854384,0.086350663159662,0.4730538922155688,0.47484470311713023,0.00358162180312277,-0.0019705639506121,-0.00192985409787315,8.141970547790017e-05,0.6586651386930603,0.7061337840354023,0.09493729068468393,-0.3165154047773393,-0.26213930546298714,0.1087521986287043,0.2281115568593205,0.2574898709550618,0.058756628191482696,1.2828924080609443,1.3748741319676003,0.1839634478133121
0.69,0.155510547233262,262,391,81126,441581,653,0.0012477071232039,0.4012251148545176,0.0032191477859143,0.9991153285728508,0.5011672381793826,0.0063870503772503,2.580050819657202,-0.0021771266168021,-0.0002083926767566,100,0.274098283269155,0.26,0.49,-0.0018002887657705,-0.0018002887657705,-0.0003233962609231,0.6818987956939685,-0.1881268321803808,0.0,0.2281115568593205,1.4668558558742564,0.2236104783599088,685,1285,117113,407717,1970,0.0037395596051632,0.3477157360406091,0.0058150393045722,0.996858206072342,0.5013366226884571,0.0114387816445127,1.555006449567844,-0.002064748191122,-0.0037596741697467,155,0.423691009284376,0.3225806451612903,0.4645161290322581,-0.0020892043059111,-0.0020892043059111,-0.001467028533705,0.74373392097043,-0.3302777944898674,0.0,0.2868681850508032,1.2828924080609443,BTCUSDT,BAJA,v4_63_moderado,63,0.3477157360406091,0.37447042544756337,0.05350937881390849,0.0032191477859143,0.00451709354524325,0.0025958915186579,0.0063870503772503,0.0089129160108815,0.005051731267262401,1.555006449567844,2.067528634612523,1.0250443700893581,100,127.5,55,0.26,0.29129032258064513,0.0625806451612903,0.4645161290322581,0.47725806451612907,0.025483870967741906,-0.0020892043059111,-0.0019447465358408,0.00028891554014060026,0.6818987956939685,0.7128163583321993,0.06183512527646151,-0.3302777944898674,-0.2592023133351241,0.1421509623094866,0.2281115568593205,0.2574898709550618,0.058756628191482696,1.2828924080609443,1.3748741319676003,0.1839634478133121
0.7,0.155510547233262,236,319,81152,441653,555,0.0010604555181901,0.4252252252252252,0.002899690372045,0.9992782348203052,0.5010889625961752,0.0057601015339931,2.734381897501768,-0.0015236979983342,0.0010981792217065,91,0.249429437774931,0.2747252747252747,0.4725274725274725,-0.0015591071906149,-0.0015591071906149,-0.001325740387815,0.7237235281951878,-0.1519076266447888,0.0,0.2281115568593205,1.4668558558742564,0.2236104783599088,613,1178,117185,407824,1791,0.0033997722095671,0.3422668900055834,0.0052038234944566,0.9971198184849952,0.501161820989726,0.0102517790097751,1.5306388703962832,-0.0022584655493537,-0.0041456920559213,144,0.3936226150770977,0.3055555555555556,0.4652777777777778,-0.0020784010731674,-0.0020784010731674,-0.0015573333081068,0.7439785418589808,-0.312093983496183,0.0,0.2868681850508032,1.2828924080609443,BTCUSDT,BAJA,v4_63_moderado,63,0.3422668900055834,0.3837460576154043,0.0829583352196418,0.002899690372045,0.0040517569332508,0.0023041331224115994,0.0057601015339931,0.0080059402718841,0.004491677475782,1.5306388703962832,2.1325103839490254,1.2037430271054848,91,117.5,53,0.2747252747252747,0.2901404151404151,0.030830280830280887,0.4652777777777778,0.46890262515262515,0.007249694749694724,-0.0020784010731674,-0.00181875413189115,0.0005192938825525001,0.7237235281951878,0.7338510350270844,0.02025501366379301,-0.312093983496183,-0.2320008050704859,0.1601863568513942,0.2281115568593205,0.2574898709550618,0.058756628191482696,1.2828924080609443,1.3748741319676003,0.1839634478133121
0.71,0.155510547233262,199,253,81189,441719,452,0.0008636502598593,0.4402654867256637,0.0024450778984616,0.9994275655471389,0.5009363217228002,0.004863147605083,2.8310972764135176,-0.0010427774040588,0.002084470911858,84,0.2302425579460902,0.2857142857142857,0.4761904761904761,-0.0015764270815151,-0.0015764270815151,-0.0009712277684708,0.7335481321811863,-0.1467018998738894,0.0,0.2281115568593205,1.4668558558742564,0.2236104783599088,539,1080,117259,407922,1619,0.0030732725892179,0.3329215565163681,0.0045756294673933,0.9973594261152756,0.5009675277913346,0.0090271904335228,1.4888459564069232,-0.0027262419546439,-0.0045352708443957,134,0.3662877112522992,0.3059701492537313,0.4552238805970149,-0.0020698444522588,-0.0020698444522588,-0.0015573333081068,0.7531015463514223,-0.3025548352471328,0.0,0.2868681850508032,1.2828924080609443,BTCUSDT,BAJA,v4_63_moderado,63,0.3329215565163681,0.3865935216210159,0.10734393020929556,0.0024450778984616,0.0035103536829274497,0.0021305515689316996,0.004863147605083,0.006945169019302901,0.0041640428284398,1.4888459564069232,2.1599716164102203,1.3422513200065944,84,109.0,50,0.2857142857142857,0.2958422174840085,0.020255863539445584,0.4552238805970149,0.46570717839374554,0.0209665955934612,-0.0020698444522588,-0.0018231357668869498,0.0004934173707436997,0.7335481321811863,0.7433248392663043,0.01955341417023604,-0.3025548352471328,-0.22462836756051108,0.15585293537324338,0.2281115568593205,0.2574898709550618,0.058756628191482696,1.2828924080609443,1.3748741319676003,0.1839634478133121
0.72,0.155510547233262,157,208,81231,441764,365,0.000697416692143,0.4301369863013699,0.0019290313068265,0.999529381951798,0.5007292066293122,0.0038408376451017,2.765966643125337,-0.0008704377001387,0.0016041060403167,79,0.2165376437826324,0.3037974683544304,0.4936708860759494,-0.0010470380100088,-0.0010470380100088,-0.0002083926767566,0.820100422115084,-0.1047356231863709,0.0,0.2281115568593205,1.4668558558742564,0.2236104783599088,477,1002,117321,408000,1479,0.0028075170842824,0.3225152129817444,0.0040493047420159,0.9975501342291724,0.5007997194855942,0.0079981890892628,1.442308139346873,-0.0032677930470221,-0.0050323432539094,127,0.3471532785749404,0.3149606299212598,0.4566929133858268,-0.0016367419695651,-0.0016367419695651,-0.001467028533705,0.7987479201703322,-0.2507233773242828,0.0,0.2868681850508032,1.2828924080609443,BTCUSDT,BAJA,v4_63_moderado,63,0.3225152129817444,0.37632609964155717,0.10762177331962547,0.0019290313068265,0.0029891680244212003,0.0021202734351894,0.0038408376451017,0.005919513367182249,0.0041573514441610995,1.442308139346873,2.104137391236105,1.323658503778464,79,103.0,48,0.3037974683544304,0.3093790491378451,0.011163161566829394,0.4566929133858268,0.4751818997308881,0.036977972690122596,-0.0016367419695651,-0.00134188998978695,0.0005897039595563001,0.7987479201703322,0.8094241711427081,0.0213525019447518,-0.2507233773242828,-0.17772950025532686,0.14598775413791187,0.2281115568593205,0.2574898709550618,0.058756628191482696,1.2828924080609443,1.3748741319676003,0.1839634478133121
0.73,0.155510547233262,128,166,81260,441806,294,0.0005617548150412,0.4353741496598639,0.0015727134221261,0.9996244105961464,0.5005985620091362,0.0031341054332655,2.7996438659997347,-0.0007839450154055,0.0017762530135732,77,0.2110556781172493,0.3116883116883117,0.4935064935064935,-0.0010381700620649,-0.0010381700620649,-0.0002083926767566,0.8228930680162375,-0.101480362347761,0.0,0.2281115568593205,1.4668558558742564,0.2236104783599088,427,934,117371,408068,1361,0.002583523158694,0.3137398971344599,0.0036248493183245,0.9977163925848772,0.500670620951601,0.0071668946533623,1.403064379789415,-0.0038547709967717,-0.0053756192292158,119,0.3252853555151015,0.3193277310924369,0.453781512605042,-0.0013901337374278,-0.0013901337374278,-0.0016476380825085,0.8315211747753364,-0.2284088256497167,0.0,0.2868681850508032,1.2828924080609443,BTCUSDT,BAJA,v4_63_moderado,63,0.3137398971344599,0.3745570233971619,0.121634252525404,0.0015727134221261,0.0025987813702252997,0.0020521358961984,0.0031341054332655,0.0051505000433139,0.0040327892200968,1.403064379789415,2.1013541228945747,1.3965794862103198,77,98.0,42,0.3116883116883117,0.31550802139037426,0.007639419404125214,0.453781512605042,0.47364400305576776,0.03972498090145149,-0.0013901337374278,-0.00121415189974635,0.0003519636753629,0.8228930680162375,0.827207121395787,0.008628106759098864,-0.2284088256497167,-0.16494459399873884,0.1269284633019557,0.2281115568593205,0.2574898709550618,0.058756628191482696,1.2828924080609443,1.3748741319676003,0.1839634478133121
0.74,0.155510547233262,103,136,81285,441836,239,0.0004566646285539,0.4309623430962343,0.0012655428318671,0.9996922881992524,0.5004789155155598,0.0025236747644774,2.771274043874345,-0.0005073416978974,0.0015177732572673,73,0.2000917467864831,0.2876712328767123,0.4794520547945205,-0.0014220632827518,-0.0014220632827518,-0.001325740387815,0.758561182425685,-0.1139237708864054,0.0,0.2281115568593205,1.4668558558742564,0.2236104783599088,374,870,117424,408132,1244,0.0023614274867122,0.3006430868167202,0.0031749265692117,0.9978728710373056,0.5005238988032586,0.0062834965810386,1.3444946275407752,-0.004682668268552,-0.0056094729875914,114,0.3116179036027023,0.3333333333333333,0.4736842105263157,-0.0008438609082899,-0.0008438609082899,-0.0010121455739511,0.8960840985668743,-0.2102178202967223,0.0,0.2868681850508032,1.2828924080609443,BTCUSDT,BAJA,v4_63_moderado,63,0.3006430868167202,0.36580271495647726,0.13031925627951413,0.0012655428318671,0.0022202347005394,0.0019093837373446,0.0025236747644774,0.004403585672758,0.0037598218165611997,1.3444946275407752,2.05788433570756,1.4267794163335699,73,93.5,41,0.2876712328767123,0.3105022831050228,0.045662100456621,0.4736842105263157,0.4765681326604181,0.005767844268204814,-0.0014220632827518,-0.0011329620955208499,0.0005782023744619,0.758561182425685,0.8273226404962797,0.13752291614118928,-0.2102178202967223,-0.16207079559156384,0.09629404941031691,0.2281115568593205,0.2574898709550618,0.058756628191482696,1.2828924080609443,1.3748741319676003,0.1839634478133121
0.75,0.155510547233262,88,109,81300,441863,197,0.0003764139406909,0.4467005076142132,0.0010812404777117,0.999753378042048,0.5004173092598798,0.0021572593001164,2.872477240686276,0.0005268180081234,0.0033727307939731,64,0.1754229012922592,0.296875,0.484375,-0.0009575612430011,-0.0009575612430011,-0.0007670665322858,0.8215791903023574,-0.1051389626199995,0.0,0.2281115568593205,1.4668558558742564,0.2236104783599088,336,802,117462,408200,1138,0.0021602126044039,0.2952548330404217,0.0028523404472062,0.9980391293930104,0.5004457349201082,0.0056500975314454,1.3203980207278068,-0.0051952659602687,-0.0058048842271003,107,0.2924834709253434,0.3177570093457944,0.4672897196261682,-0.0016034673657228,-0.0016034673657228,-0.0010568821331473,0.8052033400411932,-0.2080130539267796,0.0,0.2868681850508032,1.2828924080609443,BTCUSDT,BAJA,v4_63_moderado,63,0.2952548330404217,0.37097767032731743,0.1514456745737915,0.0010812404777117,0.00196679046245895,0.0017710999694945,0.0021572593001164,0.0039036784157809,0.0034928382313289996,1.3203980207278068,2.0964376307070416,1.5520792199584694,64,85.5,43,0.296875,0.3073160046728972,0.020882009345794372,0.4672897196261682,0.47583235981308414,0.01708528037383178,-0.0016034673657228,-0.00128051430436195,0.0006459061227217,0.8052033400411932,0.8133912651717753,0.01637585026116417,-0.2080130539267796,-0.15657600827338955,0.1028740913067801,0.2281115568593205,0.2574898709550618,0.058756628191482696,1.2828924080609443,1.3748741319676003,0.1839634478133121
0.76,0.155510547233262,77,92,81311,441880,169,0.0003229134821155,0.4556213017751479,0.0009460854179977,0.9997918420171412,0.5003689637175696,0.0018882499356278,2.929841800966253,0.0014795863359198,0.0040619662983957,58,0.1589770042961099,0.2758620689655172,0.4482758620689655,-0.0015227941769671,-0.0015227941769671,-0.001743285349166,0.7411815077210173,-0.1265485618069021,0.0,0.2281115568593205,1.4668558558742564,0.2236104783599088,320,738,117478,408264,1058,0.0020083523158694,0.3024574669187145,0.0027165147116249,0.9981956078454384,0.5004560612785317,0.0053846671602611,1.3526086484726296,-0.0050899760318664,-0.0058176214967079,96,0.2624150767180651,0.3333333333333333,0.46875,-0.0012793013126901,-0.0012793013126901,-0.0008580997651993,0.8466901108515285,-0.2154885750704438,0.0,0.2868681850508032,1.2828924080609443,BTCUSDT,BAJA,v4_63_moderado,63,0.3024574669187145,0.3790393843469312,0.15316383485643342,0.0009460854179977,0.0018313000648112999,0.0017704292936271998,0.0018882499356278,0.0036364585479444498,0.0034964172246332997,1.3526086484726296,2.141225224719441,1.5772331524936234,58,77.0,38,0.2758620689655172,0.30459770114942525,0.05747126436781613,0.4482758620689655,0.45851293103448276,0.020474137931034475,-0.0015227941769671,-0.0014010477448286002,0.0002434928642770001,0.7411815077210173,0.7939358092862729,0.10550860313051114,-0.2154885750704438,-0.17101856843867297,0.0889400132635417,0.2281115568593205,0.2574898709550618,0.058756628191482696,1.2828924080609443,1.3748741319676003,0.1839634478133121
0.77,0.155510547233262,63,68,81325,441904,131,0.0002503057169061,0.4809160305343511,0.0007740698874526,0.9998461440996262,0.5003101069935395,0.0015456519339049,3.092497834330098,0.0022003609876902,0.0043937454780402,48,0.1315671759691944,0.2916666666666667,0.4583333333333333,-0.0016670593618892,-0.0016670593618892,-0.0014615438272118,0.7155442547819361,-0.1332471111932691,0.0,0.2281115568593205,1.4668558558742564,0.2236104783599088,300,677,117498,408325,977,0.0018545937737281,0.3070624360286592,0.0025467325421484,0.9983447513704088,0.5004457419562787,0.0050515680909282,1.3732023574245544,-0.0053127793050345,-0.006130770258883,90,0.246014134423186,0.3111111111111111,0.4555555555555555,-0.0026137685460368,-0.0026137685460368,-0.0012619553334262,0.7147194917512063,-0.2469811563008199,0.0,0.2868681850508032,1.2828924080609443,BTCUSDT,BAJA,v4_63_moderado,63,0.3070624360286592,0.39398923328150515,0.17385359450569193,0.0007740698874526,0.0016604012148005,0.0017726626546958,0.0015456519339049,0.00329861001241655,0.0035059161570233,1.3732023574245544,2.2328500958773265,1.7192954769055437,48,69.0,42,0.2916666666666667,0.30138888888888893,0.01944444444444443,0.4555555555555555,0.4569444444444444,0.0027777777777778234,-0.0026137685460368,-0.002140413953963,0.0009467091841475997,0.7147194917512063,0.7151318732665712,0.0008247630307297582,-0.2469811563008199,-0.1901141337470445,0.11373404510755081,0.2281115568593205,0.2574898709550618,0.058756628191482696,1.2828924080609443,1.3748741319676003,0.1839634478133121
0.78,0.155510547233262,48,62,81340,441910,110,0.0002101803729746,0.4363636363636363,0.0005897675332972,0.9998597196202474,0.5002247435767724,0.0011779430170065,2.806006692967916,0.0015153066717426,0.0023520343603179,45,0.1233442274711197,0.2666666666666666,0.4222222222222222,-0.0025038492303001,-0.0025038492303001,-0.0018892234317233,0.599462580449412,-0.1383856056886981,0.0,0.2281115568593205,1.4668558558742564,0.2236104783599088,288,615,117510,408387,903,0.0017141230068337,0.3189368770764119,0.0024448632404624,0.9984963398711988,0.5004706015558306,0.0048525286223367,1.4263055980904074,-0.0051702877648774,-0.0058057078389612,79,0.2159457402159078,0.2911392405063291,0.4683544303797468,-0.0023369406026796,-0.0023369406026796,-0.0006593173972513,0.7472596599174037,-0.2616640576350644,0.0,0.2868681850508032,1.2828924080609443,BTCUSDT,BAJA,v4_63_moderado,63,0.3189368770764119,0.37765025672002406,0.1174267592872244,0.0005897675332972,0.0015173153868797999,0.0018550957071651998,0.0011779430170065,0.0030152358196716,0.0036745856053301993,1.4263055980904074,2.1161561455291618,1.3797010948775086,45,62.0,34,0.2666666666666666,0.27890295358649786,0.024472573839662504,0.4222222222222222,0.44528832630098447,0.04613220815752456,-0.0025038492303001,-0.00242039491648985,0.00016690862762050018,0.599462580449412,0.6733611201834079,0.1477970794679917,-0.2616640576350644,-0.20002483166188123,0.1232784519463663,0.2281115568593205,0.2574898709550618,0.058756628191482696,1.2828924080609443,1.3748741319676003,0.1839634478133121
0.79,0.155510547233262,37,58,81351,441914,95,0.0001815194130235,0.3894736842105263,0.0004546124735833,0.9998687699673282,0.5001616912204557,0.0009081648932906,2.504484043942855,0.0003758261071417,-9.214388466327604e-05,43,0.1178622618057366,0.2790697674418604,0.4186046511627907,-0.0025840000273524,-0.0025840000273524,-0.0018892234317233,0.5967001691279156,-0.1383856056886984,0.0,0.2281115568593205,1.4668558558742564,0.2236104783599088,278,567,117520,408435,845,0.0016040242976461,0.3289940828402367,0.0023599721557242,0.9986136987105196,0.500486835433122,0.0046863278912367,1.4712820492727947,-0.0049710816470363,-0.0057736281224094,77,0.2104787594509481,0.2727272727272727,0.4415584415584415,-0.003098931543165,-0.003098931543165,-0.001467028533705,0.6850943247171547,-0.3005306417694713,0.0,0.2868681850508032,1.2828924080609443,BTCUSDT,BAJA,v4_63_moderado,63,0.3289940828402367,0.3592338835253815,0.060479601370289626,0.0004546124735833,0.00140729231465375,0.0019053596821409,0.0009081648932906,0.0027972463922636497,0.0037781629979460997,1.4712820492727947,1.9878830466078248,1.0332019946700601,43,60.0,34,0.2727272727272727,0.27589852008456656,0.006342494714587699,0.4186046511627907,0.43008154636061613,0.022953790395650764,-0.003098931543165,-0.0028414657852586997,0.0005149315158126003,0.5967001691279156,0.6408972469225351,0.08839415558923913,-0.3005306417694713,-0.21945812372908485,0.1621450360807729,0.2281115568593205,0.2574898709550618,0.058756628191482696,1.2828924080609443,1.3748741319676003,0.1839634478133121
0.8,0.155510547233262,29,54,81359,441918,83,0.0001585906450626,0.3493975903614458,0.0003563178847004,0.9998778203144092,0.5001170690995548,0.0007119097593008,2.2467774474316395,-0.0007566861569499,-0.0010822282569062,41,0.1123802961403535,0.2926829268292683,0.4390243902439024,-0.0024651474292099,-0.0024651474292099,-0.0015973472666086,0.6192696707959998,-0.1313042295824789,0.0,0.2281115568593205,1.4668558558742564,0.2236104783599088,268,519,117530,408483,787,0.0014939255884586,0.3405336721728081,0.0022750810709859,0.9987310575498408,0.5005030693104133,0.004519964582367,1.5228878121923577,-0.0048190533643872,-0.0057669009441194,71,0.194077817156069,0.2957746478873239,0.4366197183098591,-0.0030879831507263,-0.0030879831507263,-0.001467028533705,0.6851938447280018,-0.2863951447545969,0.0,0.2868681850508032,1.2828924080609443,BTCUSDT,BAJA,v4_63_moderado,63,0.3405336721728081,0.344965631267127,0.008863918188637687,0.0003563178847004,0.0013156994778431498,0.0019187631862854998,0.0007119097593008,0.0026159371708339,0.0038080548230662,1.5228878121923577,1.8848326298119986,0.7238896352392818,41,56.0,30,0.2926829268292683,0.29422878735829605,0.0030917210580556076,0.4366197183098591,0.4378220542768807,0.002404671934043312,-0.0030879831507263,-0.0027765652899681,0.0006228357215164,0.6192696707959998,0.6522317577620008,0.065924173932002,-0.2863951447545969,-0.20884968716853788,0.15509091517211798,0.2281115568593205,0.2574898709550618,0.058756628191482696,1.2828924080609443,1.3748741319676003,0.1839634478133121
0.81,0.155510547233262,22,49,81366,441923,71,0.0001356618771018,0.3098591549295774,0.0002703101194279,0.99988913324826,0.5000797216838441,0.0005401490320283,1.992528226814072,-0.001770895251533,-0.0019532355248457,35,0.0959343991442042,0.2571428571428571,0.4285714285714285,-0.0031410499836645,-0.0031410499836645,-0.0015973472666086,0.5486842031899029,-0.1304430892160232,0.0,0.2281115568593205,1.4668558558742564,0.2236104783599088,257,458,117541,408544,715,0.0013572513287775,0.3594405594405594,0.0021817008777738,0.9988802010748112,0.5005309509762926,0.0043370769451452,1.6074405907849598,-0.004382510858962,-0.0056175389465535,67,0.1831438556261496,0.3134328358208955,0.4328358208955223,-0.0030882028403892,-0.0030882028403892,-0.0016476380825085,0.6928394611214106,-0.2936167882580252,0.0,0.2868681850508032,1.2828924080609443,BTCUSDT,BAJA,v4_63_moderado,63,0.3098591549295774,0.3346498571850684,0.04958140451098203,0.0002703101194279,0.00122600549860085,0.0019113907583458998,0.0005401490320283,0.0024386129885867504,0.0037969279131169005,1.6074405907849598,1.7999844087995158,0.3850876360291122,35,51.0,32,0.2571428571428571,0.28528784648187633,0.056289978678038366,0.4285714285714285,0.4307036247334754,0.004264392324093813,-0.0031410499836645,-0.00311462641202685,5.284714327530001e-05,0.5486842031899029,0.6207618321556567,0.14415525793150774,-0.2936167882580252,-0.2120299387370242,0.16317369904200196,0.2281115568593205,0.2574898709550618,0.058756628191482696,1.2828924080609443,1.3748741319676003,0.1839634478133121
0.82,0.155510547233262,20,45,81368,441927,65,0.0001241974931213,0.3076923076923077,0.0002457364722072,0.9998981835953408,0.5000719600337741,0.0004910807459516,1.9785944629901973,-0.002123564598705,-0.0019532355248457,34,0.0931934163115127,0.2647058823529412,0.4411764705882353,-0.0031944414423659,-0.0031944414423659,-0.0017752913957271,0.5516867423307471,-0.1292887521486218,0.0,0.2281115568593205,1.4668558558742564,0.2236104783599088,247,416,117551,408586,663,0.00125854214123,0.3725490196078431,0.0020968097930355,0.9989828900592174,0.5005398499261264,0.0041701488253518,1.6660624418870589,-0.0039665073132175,-0.0052235459298455,63,0.1722098940962302,0.2857142857142857,0.3968253968253968,-0.0043410634839333,-0.0043410634839333,-0.0025584150141719,0.5784910997440041,-0.3049914692084887,0.0,0.2868681850508032,1.2828924080609443,BTCUSDT,BAJA,v4_63_moderado,63,0.3076923076923077,0.3401206636500754,0.06485671191553538,0.0002457364722072,0.00117127313262135,0.0018510733208282999,0.0004910807459516,0.0023306147856517,0.0036790680794002,1.6660624418870589,1.822328452438628,0.3125320211031384,34,48.5,29,0.2647058823529412,0.27521008403361347,0.02100840336134452,0.3968253968253968,0.419000933706816,0.04435107376283848,-0.0043410634839333,-0.0037677524631496,0.0011466220415673996,0.5516867423307471,0.5650889210373756,0.02680435741325704,-0.3049914692084887,-0.21714011067855524,0.1757027170598669,0.2281115568593205,0.2574898709550618,0.058756628191482696,1.2828924080609443,1.3748741319676003,0.1839634478133121
0.83,0.155510547233262,19,41,81369,441931,60,0.0001146438398043,0.3166666666666666,0.0002334496485968,0.9999072339424216,0.5000703417955092,0.0004665553481976,2.0363034681607446,-0.0026634946939489,-0.0019784908716756,32,0.0877114506461296,0.28125,0.46875,-0.0027621554550785,-0.0027621554550785,-0.0009028699716826,0.6076242079565339,-0.1214368067245174,0.0,0.2281115568593205,1.4668558558742564,0.2236104783599088,240,376,117558,408626,616,0.001169324221716,0.3896103896103896,0.0020373860337187,0.9990806890919848,0.5005590375628518,0.0040535747462293,1.7423619522127138,-0.0032249012106405,-0.0048300021671136,60,0.1640094229487907,0.2833333333333333,0.4166666666666667,-0.0040575160118118,-0.0040575160118118,-0.002807994377147,0.5944603274836553,-0.2829628829140415,0.0,0.2868681850508032,1.2828924080609443,BTCUSDT,BAJA,v4_63_moderado,63,0.3166666666666666,0.3531385281385281,0.07294372294372298,0.0002334496485968,0.0011354178411577501,0.0018039363851219002,0.0004665553481976,0.0022600650472134496,0.0035870193980316995,1.7423619522127138,1.8893327101867292,0.29394151594803075,32,46.0,28,0.28125,0.28229166666666666,0.002083333333333326,0.4166666666666667,0.44270833333333337,0.052083333333333315,-0.0040575160118118,-0.00340983573344515,0.0012953605567333003,0.5944603274836553,0.6010422677200946,0.013163880472878642,-0.2829628829140415,-0.20219984481927944,0.16152607618952408,0.2281115568593205,0.2574898709550618,0.058756628191482696,1.2828924080609443,1.3748741319676003,0.1839634478133121
0.84,0.155510547233262,15,38,81373,441934,53,0.0001012687251605,0.2830188679245283,0.0001843023541554,0.9999140217027322,0.5000491620284438,0.0003683648285261,1.8199335862409831,-0.0036700285298083,-0.0031786510088158,31,0.084970467813438,0.2903225806451613,0.4838709677419355,-0.0027260092861967,-0.0027260092861967,-0.0002083926767566,0.6114744624762413,-0.1205387945195376,0.0,0.2281115568593205,1.4668558558742564,0.2236104783599088,232,325,117566,408677,557,0.0010573272589217,0.4165170556552962,0.0019694731659281,0.9992053828587636,0.5005874280123458,0.0039204089392083,1.862690240235064,-0.0024037797034483,-0.0037019692455459,54,0.1476084806539116,0.2962962962962963,0.4074074074074074,-0.0038251947172543,-0.0038251947172543,-0.0033387566985949,0.5932251137612461,-0.2138851986139226,0.0,0.2868681850508032,1.2828924080609443,BTCUSDT,BAJA,v4_63_moderado,63,0.2830188679245283,0.3497679617899122,0.13349818773076788,0.0001843023541554,0.00107688776004175,0.0017851708117727,0.0003683648285261,0.0021443868838671998,0.0035520441106822,1.8199335862409831,1.8413119132380236,0.042756653994080907,31,42.5,23,0.2903225806451613,0.29330943847072877,0.00597371565113497,0.4074074074074074,0.44563918757467147,0.07646356033452811,-0.0038251947172543,-0.0032756020017255,0.0010991854310575997,0.5932251137612461,0.6023497881187436,0.018249348714995173,-0.2138851986139226,-0.1672119965667301,0.09334640409438501,0.2281115568593205,0.2574898709550618,0.058756628191482696,1.2828924080609443,1.3748741319676003,0.1839634478133121
0.85,0.155510547233262,14,35,81374,441937,49,9.362580250687864e-05,0.2857142857142857,0.000172015530545,0.999920809463043,0.500046412496794,0.0003438240603165,1.8372662870623255,-0.004236785959097,-0.0033007219611742,29,0.0794885021480549,0.3103448275862069,0.4482758620689655,-0.0028060107692093,-0.0028060107692093,-0.0015973472666086,0.6258740121494653,-0.1179487375365162,0.0,0.2281115568593205,1.4668558558742564,0.2236104783599088,218,265,117580,408737,483,0.0009168564920273,0.4513457556935817,0.0018506256472945,0.9993520814079148,0.5006013535276047,0.0036861372494314,2.018446358167192,-0.0011450928467365,-0.0015325870086464,52,0.1421414998889519,0.3076923076923077,0.4038461538461538,-0.0035525153858224,-0.0035525153858224,-0.0033387566985949,0.6206490031555587,-0.2033101331530217,0.0,0.2868681850508032,1.2828924080609443,BTCUSDT,BAJA,v4_63_moderado,63,0.2857142857142857,0.3685300207039337,0.165631469979296,0.000172015530545,0.00101132058891975,0.0016786101167495,0.0003438240603165,0.0020149806548739498,0.0033423131891149,1.8372662870623255,1.9278563226147587,0.18118007110486634,29,40.5,23,0.3076923076923077,0.3090185676392573,0.0026525198938991967,0.4038461538461538,0.42606100795755963,0.044429708222811726,-0.0035525153858224,-0.00317926307751585,0.0007465046166131003,0.6206490031555587,0.623261507652512,0.005225008993906544,-0.2033101331530217,-0.16062943534476895,0.0853613956165055,0.2281115568593205,0.2574898709550618,0.058756628191482696,1.2828924080609443,1.3748741319676003,0.1839634478133121
0.86,0.155510547233262,12,33,81376,441939,45,8.598287985325589e-05,0.2666666666666666,0.0001474418833243,0.9999253346365832,0.5000363882599538,0.0002947208134294,1.7147818679248374,-0.0049665465343546,-0.0033598475589164,27,0.0740065364826718,0.2962962962962963,0.4444444444444444,-0.0037391555144785,-0.0037391555144785,-0.0019532355248457,0.5353947247231177,-0.1350668706414016,0.0,0.2281115568593205,1.4668558558742564,0.2236104783599088,204,218,117594,408784,422,0.0008010630220197,0.4834123222748815,0.0017317781286609,0.9994669952714168,0.5005993867000389,0.0034511926915919,2.1618500430771963,0.0001860423897001,0.0021727755983178,45,0.123007067211593,0.3333333333333333,0.4444444444444444,-0.0027507905015918,-0.0027507905015918,-0.0016476380825085,0.705921378762804,-0.1639340523675961,0.0,0.2868681850508032,1.2828924080609443,BTCUSDT,BAJA,v4_63_moderado,63,0.2666666666666666,0.37503949447077406,0.2167456556082149,0.0001474418833243,0.0009396100059926001,0.0015843362453366,0.0002947208134294,0.00187295675251065,0.0031564718781625003,1.7147818679248374,1.9383159555010168,0.44706817515235886,27,36.0,18,0.2962962962962963,0.31481481481481477,0.037037037037037035,0.4444444444444444,0.4444444444444444,0.0,-0.0037391555144785,-0.0032449730080351498,0.0009883650128866997,0.5353947247231177,0.6206580517429608,0.17052665403968637,-0.1639340523675961,-0.14950046150449886,0.028867181726194485,0.2281115568593205,0.2574898709550618,0.058756628191482696,1.2828924080609443,1.3748741319676003,0.1839634478133121
0.87,0.155510547233262,9,31,81379,441941,40,7.642922653622745e-05,0.225,0.0001105814124932,0.9999298598101236,0.5000202206113085,0.0002210541828363,1.4468472010615816,-0.0071000371158431,-0.0035356687095131,25,0.0685245708172887,0.28,0.44,-0.0044505427647908,-0.0044505427647908,-0.0019532355248457,0.4799355252558837,-0.1333302844762274,0.0,0.2281115568593205,1.4668558558742564,0.2236104783599088,184,173,117614,408829,357,0.0006776765375854,0.5154061624649859,0.0015619959591843,0.9995770191832802,0.5005695075712323,0.0031145529177774,2.3049284910317205,0.001785634582384,0.0061595547309832,39,0.1066061249167139,0.3076923076923077,0.4358974358974359,-0.0037397090709626,-0.0037397090709626,-0.0030575737401221,0.6474459059850761,-0.1669781469707504,0.0,0.2868681850508032,1.2828924080609443,BTCUSDT,BAJA,v4_63_moderado,63,0.225,0.37020308123249296,0.29040616246498596,0.0001105814124932,0.00083628868583875,0.0014514145466911,0.0002210541828363,0.00166780355030685,0.0028934987349411,1.4468472010615816,1.875887846046651,0.8580812899701389,25,32.0,14,0.28,0.29384615384615387,0.027692307692307683,0.4358974358974359,0.4379487179487179,0.004102564102564099,-0.0044505427647908,-0.0040951259178767,0.0007108336938282003,0.4799355252558837,0.5636907156204799,0.16751038072919244,-0.1669781469707504,-0.15015421572348892,0.03364786249452298,0.2281115568593205,0.2574898709550618,0.058756628191482696,1.2828924080609443,1.3748741319676003,0.1839634478133121
0.88,0.155510547233262,8,29,81380,441943,37,7.06970345460104e-05,0.2162162162162162,9.8294588882882e-05,0.9999343849836642,0.5000163397862735,0.0001964998464844,1.3903636766958145,-0.0063985300389605,-0.0034232782231282,23,0.0630426051519056,0.2608695652173913,0.4347826086956521,-0.0036651100849104,-0.0036651100849104,-0.0019532355248457,0.524602930159843,-0.1089881617735489,0.0,0.2281115568593205,1.4668558558742564,0.2236104783599088,165,138,117633,408864,303,0.0005751708428246,0.5445544554455446,0.0014007028981816,0.9996625933369518,0.5005316481175668,0.0027942185078873,2.4352814744623243,0.0033315217022672,0.0080522086839915,37,0.1011391441517542,0.2972972972972973,0.4324324324324324,-0.0039691541809781,-0.0039691541809781,-0.0030575737401221,0.628010799754698,-0.1509319182869123,0.0,0.2868681850508032,1.2828924080609443,BTCUSDT,BAJA,v4_63_moderado,63,0.2162162162162162,0.3803853358308804,0.32833823922932837,9.8294588882882e-05,0.000749498743532241,0.001302408309298718,0.0001964998464844,0.0014953591771858501,0.0025977186614029,1.3903636766958145,1.9128225755790695,1.0449177977665098,23,30.0,14,0.2608695652173913,0.2790834312573443,0.03642773207990602,0.4324324324324324,0.4336075205640423,0.0023501762632197054,-0.0039691541809781,-0.0038171321329442498,0.00030404409606769964,0.524602930159843,0.5763068649572705,0.10340786959485493,-0.1509319182869123,-0.1299600400302306,0.04194375651336339,0.2281115568593205,0.2574898709550618,0.058756628191482696,1.2828924080609443,1.3748741319676003,0.1839634478133121
0.89,0.155510547233262,6,26,81382,441946,32,6.114338122898196e-05,0.1875,7.37209416621615e-05,0.9999411727439748,0.5000074468428185,0.000147383935151,1.2057060008846514,-0.0062208918859267,-0.0035356687095131,19,0.0520786738211394,0.2105263157894736,0.4210526315789473,-0.0047971900795397,-0.0047971900795397,-0.0033598475589164,0.4273125032096678,-0.1001656682289676,0.0,0.2281115568593205,1.4668558558742564,0.2236104783599088,139,82,117659,408920,221,0.0004195140470766,0.6289592760180995,0.0011799860778621,0.9997995119828263,0.5004897490303443,0.0023555529194451,2.81274509419799,0.0069037899877221,0.0123092982442473,31,0.0847382018568752,0.3225806451612903,0.3870967741935484,-0.0036090083798489,-0.0036090083798489,-0.0039691699924275,0.6647256796664339,-0.1120022185530719,0.0,0.2868681850508032,1.2828924080609443,BTCUSDT,BAJA,v4_63_moderado,63,0.1875,0.40822963800904977,0.44145927601809953,7.37209416621615e-05,0.0006268535097621308,0.0011062651361999386,0.000147383935151,0.00125146842729805,0.0022081689842940997,1.2057060008846514,2.0092255475413205,1.6070390933133385,19,25.0,12,0.2105263157894736,0.26655348047538197,0.11205432937181672,0.3870967741935484,0.4040747028862478,0.03395585738539891,-0.0047971900795397,-0.0042030992296943,0.0011881816996908,0.4273125032096678,0.5460190914380508,0.23741317645676613,-0.1120022185530719,-0.10608394339101974,0.0118365503241043,0.2281115568593205,0.2574898709550618,0.058756628191482696,1.2828924080609443,1.3748741319676003,0.1839634478133121
0.9,0.155510547233262,6,25,81382,441947,31,5.923265056557628e-05,0.1935483870967742,7.37209416621615e-05,0.9999434353307448,0.5000085781362036,0.0001473857453419,1.2445997428486724,-0.0058271827692786,-0.0034232782231282,19,0.0520786738211394,0.2105263157894736,0.4736842105263157,-0.0037565475287127,-0.0037565475287127,-0.0019532355248457,0.4928275806190033,-0.0820399744782732,0.0,0.2281115568593205,1.4668558558742564,0.2236104783599088,120,65,117678,408937,185,0.0003511769172361,0.6486486486486487,0.0010186930168593,0.9998410765717528,0.5004298847943061,0.0020341913665528,2.9007971961163017,0.0081785977799943,0.0124774657086871,28,0.0765377307094356,0.3571428571428571,0.4285714285714285,-0.0022524053160234,-0.0022524053160234,-0.0023526059113153,0.7786200013254782,-0.078357112889931,0.0,0.2868681850508032,1.2828924080609443,BTCUSDT,BAJA,v4_63_moderado,63,0.1935483870967742,0.42109851787271146,0.4551002615518745,7.37209416621615e-05,0.0005462069792607307,0.0009449720751971384,0.0001473857453419,0.00109078855594735,0.0018868056212109,1.2445997428486724,2.072698469482487,1.6561974532676293,19,23.5,9,0.2105263157894736,0.28383458646616533,0.1466165413533835,0.4285714285714285,0.4511278195488721,0.045112781954887216,-0.0037565475287127,-0.00300447642236805,0.0015041422126893002,0.4928275806190033,0.6357237909722407,0.28579242070647487,-0.0820399744782732,-0.08019854368410209,0.003682861588342204,0.2281115568593205,0.2574898709550618,0.058756628191482696,1.2828924080609443,1.3748741319676003,0.1839634478133121
0.91,0.155510547233262,5,24,81383,441948,29,5.5411189238764905e-05,0.1724137931034483,6.143411805180125e-05,0.9999456979175152,0.5000035660177834,0.0001228244715477,1.1086951732272656,-0.0066324180945241,-0.003648059195898,17,0.0465967081557563,0.1764705882352941,0.4117647058823529,-0.0048865801140649,-0.0048865801140649,-0.0033598475589164,0.4097077466937804,-0.0914818436827145,0.0,0.2281115568593205,1.4668558558742564,0.2236104783599088,101,51,117697,408951,152,0.0002885345482156,0.6644736842105263,0.0008573999558566,0.9998753062332214,0.500366353094539,0.0017125900805426,2.971567741745236,0.009365767302267,0.0123933819764672,25,0.0683372595619961,0.4,0.48,0.0009786963110378,0.0009786963110378,-0.0006593173972513,1.1239810143479514,-0.0690903472415803,0.0,0.2868681850508032,1.2828924080609443,BTCUSDT,BAJA,v4_63_moderado,63,0.1724137931034483,0.4184437386569873,0.49205989110707804,6.143411805180125e-05,0.00045941703695420065,0.0007959658378047988,0.0001228244715477,0.0009177072760451501,0.0015897656089949,1.1086951732272656,2.040131457486251,1.8628725685179706,17,21.0,8,0.1764705882352941,0.28823529411764703,0.22352941176470592,0.4117647058823529,0.44588235294117645,0.06823529411764706,-0.0048865801140649,-0.00195394190151355,0.0058652764251026996,0.4097077466937804,0.7668443805208659,0.714273267654171,-0.0914818436827145,-0.0802860954621474,0.02239149644113421,0.2281115568593205,0.2574898709550618,0.058756628191482696,1.2828924080609443,1.3748741319676003,0.1839634478133121
0.92,0.155510547233262,3,22,81385,441950,25,4.776826658514216e-05,0.12,3.686047083108075e-05,0.9999502230910556,0.4999935417809433,7.369830371070959e-05,0.7716518405661769,-0.0074801500408354,-0.0059284423066687,16,0.0438557253230648,0.125,0.375,-0.0048404779230887,-0.0048404779230887,-0.0033915628910223,0.4496723095204313,-0.0675930616855046,0.0,0.2281115568593205,1.4668558558742564,0.2236104783599088,88,43,117710,408959,131,0.0002486712224753,0.6717557251908397,0.0007470415456968,0.9998948660397748,0.5003209537927359,0.0014924234073043,3.004133483000852,0.0094275254996004,0.0124774657086871,20,0.0546698076495969,0.35,0.4,-0.0021095343239342,-0.0021095343239342,-0.0023526059113153,0.7793573205390493,-0.0987656575327758,0.0,0.2868681850508032,1.2828924080609443,BTCUSDT,BAJA,v4_63_moderado,63,0.12,0.39587786259541985,0.5517557251908397,3.686047083108075e-05,0.00039195100826394034,0.0007101810748657193,7.369830371070959e-05,0.0007830608555075048,0.0014187251035935903,0.7716518405661769,1.8878926617835146,2.232481642434675,16,18.0,4,0.125,0.2375,0.22499999999999998,0.375,0.3875,0.025000000000000022,-0.0048404779230887,-0.0034750061235114503,0.0027309435991545003,0.4496723095204313,0.6145148150297403,0.32968501101861797,-0.0987656575327758,-0.08317935960914019,0.03117259584727121,0.2281115568593205,0.2574898709550618,0.058756628191482696,1.2828924080609443,1.3748741319676003,0.1839634478133121
0.93,0.155510547233262,3,21,81385,441951,24,4.585753592173647e-05,0.125,3.686047083108075e-05,0.9999524856778258,0.4999946730743284,7.369920896182382e-05,0.8038040005897675,-0.0076491863665732,-0.0071721231461687,15,0.0411147424903732,0.1333333333333333,0.4,-0.004934957903086,-0.004934957903086,-0.0033598475589164,0.4608833615036264,-0.0643902090628439,0.0,0.2281115568593205,1.4668558558742564,0.2236104783599088,84,36,117714,408966,120,0.0002277904328018,0.7,0.0007130851118015,0.9999119808705093,0.5003125329911553,0.0014247188724367,3.130443640808842,0.0104321754876282,0.0130150127993707,16,0.0437358461196775,0.375,0.4375,-0.0026418131061041,-0.0026418131061041,-0.0018584455686867,0.7530578424896661,-0.0769788514141649,0.0,0.2868681850508032,1.2828924080609443,BTCUSDT,BAJA,v4_63_moderado,63,0.125,0.4125,0.575,3.686047083108075e-05,0.0003749727913162904,0.0006762246409704193,7.369920896182382e-05,0.0007492090406992619,0.0013510196634748763,0.8038040005897675,1.967123820699305,2.3266396402190743,15,15.5,1,0.1333333333333333,0.25416666666666665,0.2416666666666667,0.4,0.41875,0.03749999999999998,-0.004934957903086,-0.0037883855045950502,0.0022931447969819,0.4608833615036264,0.6069706019966463,0.2921744809860397,-0.0769788514141649,-0.0706845302385044,0.012588642351320997,0.2281115568593205,0.2574898709550618,0.058756628191482696,1.2828924080609443,1.3748741319676003,0.1839634478133121
0.94,0.155510547233262,3,19,81385,441953,22,4.20360745949251e-05,0.1363636363636363,3.686047083108075e-05,0.999957010851366,0.4999969356610986,7.370101953077018e-05,0.8768770915524736,-0.006246909757643,-0.0046441449327926,14,0.0383737596576817,0.1428571428571428,0.4285714285714285,-0.0030931100158261,-0.0030931100158261,-0.0026565415418811,0.5937218705414842,-0.0602230837934851,0.0,0.2281115568593205,1.4668558558742564,0.2236104783599088,81,27,117717,408975,108,0.0002050113895216,0.75,0.00068761778638,0.999933985652882,0.500310801719631,0.0013739758790901,3.3540467580094737,0.0123310795175733,0.0136299695263248,13,0.0355353749722379,0.4615384615384615,0.5384615384615384,-0.0019026072854485,-0.0019026072854485,0.0008919712394492,0.812058769556608,-0.064014146777893,0.0,0.2868681850508032,1.2828924080609443,BTCUSDT,BAJA,v4_63_moderado,63,0.1363636363636363,0.4431818181818181,0.6136363636363638,3.686047083108075e-05,0.0003622391286055404,0.0006507573155489193,7.370101953077018e-05,0.0007238384493104351,0.0013002748595593297,0.8768770915524736,2.115461924780974,2.477169666457,13,13.5,1,0.1428571428571428,0.3021978021978021,0.3186813186813187,0.4285714285714285,0.48351648351648346,0.10989010989010994,-0.0030931100158261,-0.0024978586506373,0.0011905027303776,0.5937218705414842,0.7028903200490462,0.21833689901512388,-0.064014146777893,-0.062118615285689044,0.0037910629844078933,0.2281115568593205,0.2574898709550618,0.058756628191482696,1.2828924080609443,1.3748741319676003,0.1839634478133121
0.95,0.155510547233262,3,14,81385,441958,17,3.2482421277896667e-05,0.1764705882352941,3.686047083108075e-05,0.9999683237852172,0.5000025921280241,7.370554634236227e-05,1.134782118479672,-0.0046446370107854,-0.0033007219611742,12,0.0328917939922986,0.1666666666666666,0.5,-0.002627324056415,-0.002627324056415,-0.0004557269181936,0.6674634577617767,-0.0490519396323325,0.0,0.2281115568593205,1.4668558558742564,0.2236104783599088,71,19,117727,408983,90,0.0001708428246013,0.7888888888888889,0.0006027267016417,0.9999535454594354,0.5002781360805386,0.001204533116178,3.527960293609965,0.0146369458905329,0.0157370319807524,9,0.0246014134423186,0.4444444444444444,0.5555555555555556,-0.0034139569963559,-0.0034139569963559,0.0008919712394492,0.6469707417862636,-0.0520181473826277,0.0,0.2868681850508032,1.2828924080609443,BTCUSDT,BAJA,v4_63_moderado,63,0.1764705882352941,0.48267973856209145,0.6124183006535948,3.686047083108075e-05,0.00031979358623639034,0.0005658662308106193,7.370554634236227e-05,0.0006391193312601811,0.0011308275698356377,1.134782118479672,2.3313712060448184,2.393178175130293,9,10.5,3,0.1666666666666666,0.3055555555555555,0.2777777777777778,0.5,0.5277777777777778,0.05555555555555558,-0.0034139569963559,-0.0030206405263854498,0.0007866329399408996,0.6469707417862636,0.6572170997740201,0.020492715975513165,-0.0520181473826277,-0.0505350435074801,0.0029662077502951995,0.2281115568593205,0.2574898709550618,0.058756628191482696,1.2828924080609443,1.3748741319676003,0.1839634478133121
0.05,0.155510547233262,81368,441840,20,132,523208,0.9997095689391624,0.15551749973242,0.9997542635277928,0.0002986614536667,0.5000264624907298,0.2691648638098829,1.0000447075730985,-0.0004833300718511,-0.0001129075512861,2182,5.980824540932963,0.1571952337305224,0.4876260311640696,-0.0004835436578624,-0.0004835436578624,-0.0001122856589732,0.8382242515527095,-0.6941276132392971,0.0,0.2155910178972153,1.386343381416015,0.2236104783599088,117794,408973,4,29,526767,0.9999373576309796,0.2236168932374275,0.9999660435661046,7.09042987564853e-05,0.5000184739324306,0.3654992126472892,1.000028687732193,-0.0004209132158679,-0.0003529600564737,2195,6.0000113895432605,0.2291571753986332,0.4783599088838269,-0.0004259415340564,-0.0004259415340564,-0.0003394659167264,0.8917782139928262,-0.7131877600773733,0.0,0.284542344015574,1.2724911019491365,BTCUSDT,BAJA,v4_63_sin_pesos,63,0.15551749973242,0.18956719648492376,0.06809939350500752,0.9997542635277928,0.9998601535469487,0.00021178003831179293,0.2691648638098829,0.317332038228586,0.09633434883740627,1.000028687732193,1.0000366976526456,1.6019840905601157e-05,2182,2188.5,13,0.1571952337305224,0.1931762045645778,0.07196194166811079,0.4783599088838269,0.48299297002394825,0.009266122280242706,-0.0004835436578624,-0.0004547425959594,5.760212380599998e-05,0.8382242515527095,0.8650012327727679,0.053553962440116676,-0.7131877600773733,-0.7036576866583352,0.01906014683807622,0.2155910178972153,0.2500666809563946,0.06895132611835869,1.2724911019491365,1.3294172416825758,0.11385227946687859
0.06,0.155510547233262,81354,441769,34,203,523123,0.9995471568327728,0.1555160067517582,0.9995822479972476,0.0004593051143511,0.5000207765557995,0.2691563925222204,1.0000351070624682,-0.0004830890404949,-0.0001128640035328,2182,5.980824540932963,0.1571952337305224,0.4876260311640696,-0.0004835436578624,-0.0004835436578624,-0.0001122856589732,0.8382242515527095,-0.6941276132392971,0.0,0.2155910178972153,1.386343381416015,0.2236104783599088,117776,408905,22,97,526681,0.9997741078208048,0.2236192306158756,0.9998132396135758,0.0002371626544613,0.5000252011340186,0.3654921261980607,1.000039140634334,-0.000420874948434,-0.0003529034997531,2195,6.0000113895432605,0.2291571753986332,0.4783599088838269,-0.0004259415340564,-0.0004259415340564,-0.0003394659167264,0.8917782139928262,-0.7131877600773733,0.0,0.284542344015574,1.2724911019491365,BTCUSDT,BAJA,v4_63_sin_pesos,63,0.1555160067517582,0.18956761868381689,0.06810322386411741,0.9995822479972476,0.9996977438054118,0.0002309916163282244,0.2691563925222204,0.3173242593601405,0.09633573367584031,1.0000351070624682,1.0000371238484012,4.033571865846852e-06,2182,2188.5,13,0.1571952337305224,0.1931762045645778,0.07196194166811079,0.4783599088838269,0.48299297002394825,0.009266122280242706,-0.0004835436578624,-0.0004547425959594,5.760212380599998e-05,0.8382242515527095,0.8650012327727679,0.053553962440116676,-0.7131877600773733,-0.7036576866583352,0.01906014683807622,0.2155910178972153,0.2500666809563946,0.06895132611835869,1.2724911019491365,1.3294172416825758,0.11385227946687859
0.07,0.155510547233262,81340,441656,48,316,522996,0.9993044940385204,0.155527002118563,0.9994102324667028,0.000714977419384,0.5000626049430433,0.2691666225446074,1.000105812021074,-0.0004828107182444,-0.0001126035204245,2182,5.980824540932963,0.1558203483043079,0.4857928505957837,-0.0004844882457308,-0.0004844882457308,-0.000136096322245,0.8375333188892118,-0.694630702283643,0.0,0.2155910178972153,1.386343381416015,0.2236104783599088,117756,408686,42,316,526442,0.999320425208808,0.2236827608739424,0.9996434574440992,0.0007726123588637,0.5002080349014815,0.365565627716379,1.00032325190914,-0.0004208295266306,-0.000354057100809,2195,6.0000113895432605,0.2291571753986332,0.4788154897494305,-0.0004265333927197,-0.0004265333927197,-0.0003851132429952,0.8921967920014245,-0.7137675555453478,0.0,0.284542344015574,1.2724911019491365,BTCUSDT,BAJA,v4_63_sin_pesos,63,0.155527002118563,0.1896048814962527,0.06815575875537941,0.9994102324667028,0.999526844955401,0.0002332249773964179,0.2691666225446074,0.3173661251304932,0.09639900517177163,1.000105812021074,1.000214531965107,0.0002174398880661066,2182,2188.5,13,0.1558203483043079,0.19248876185147057,0.07333682709432529,0.4788154897494305,0.48230417017260707,0.006977360846353198,-0.0004844882457308,-0.00045551081922525004,5.7954853011099995e-05,0.8375333188892118,0.8648650554453181,0.05466347311221276,-0.7137675555453478,-0.7041991289144953,0.019136853261704778,0.2155910178972153,0.2500666809563946,0.06895132611835869,1.2724911019491365,1.3294172416825758,0.11385227946687859
0.08,0.155510547233262,81318,441448,70,524,522766,0.9988650259859372,0.1555533450913028,0.9991399223472748,0.0011855954675861,0.5001627589074304,0.2691962645285805,1.0002752087160791,-0.0004829303099549,-0.0001125687666673,2182,5.980824540932963,0.1558203483043079,0.4830430797433547,-0.0004848290703057,-0.0004848290703057,-0.0001354477124664,0.836437151110125,-0.6950699511325238,0.0,0.2155910178972153,1.386343381416015,0.2236104783599088,117712,408136,86,866,525848,0.9981928625664388,0.2238517594437936,0.9992699366712507,0.0021173490594178,0.5006936428653342,0.3657662752506813,1.0010790240495635,-0.000421402527838,-0.0003557258650624,2195,6.0000113895432605,0.2227790432801822,0.4847380410022779,-0.0004242022466064,-0.0004242022466064,-0.0003137637707433,0.8910240265201871,-0.715401772487894,0.0,0.284542344015574,1.2724911019491365,BTCUSDT,BAJA,v4_63_sin_pesos,63,0.1555533450913028,0.1897025522675482,0.06829841435249079,0.9991399223472748,0.9992049295092628,0.0001300143239759688,0.2691962645285805,0.3174812698896309,0.09657001072210081,1.0002752087160791,1.0006771163828212,0.0008038153334843923,2182,2188.5,13,0.1558203483043079,0.18929969579224504,0.06695869497587428,0.4830430797433547,0.4838905603728163,0.001694961258923211,-0.0004848290703057,-0.00045451565845605,6.0626823699299996e-05,0.836437151110125,0.8637305888151561,0.05458687541006213,-0.715401772487894,-0.7052358618102089,0.02033182135537026,0.2155910178972153,0.2500666809563946,0.06895132611835869,1.2724911019491365,1.3294172416825758,0.11385227946687859
0.09,0.155510547233262,81280,441077,108,895,522357,0.998083537144604,0.1556023945309434,0.9986730230500812,0.0020250151593313,0.5003490191047062,0.2692527474347613,1.0005906178025574,-0.0004830465272692,-0.0001125180648269,2182,5.980824540932963,0.1549037580201649,0.4894592117323556,-0.000483097715187,-0.000483097715187,-8.773306450438056e-05,0.8386006104966316,-0.6952296906874782,0.0,0.2155910178972153,1.386343381416015,0.2236104783599088,117625,406962,173,2040,524587,0.995799164768413,0.2242240086010518,0.9985313842340278,0.0049877506711458,0.5017595674525868,0.366213407847319,1.0027437454883286,-0.0004214554800362,-0.0003565909371521,2195,6.0000113895432605,0.214123006833713,0.4769931662870159,-0.0004227205640582,-0.0004227205640582,-0.0004009373774049,0.889040721764585,-0.715614692779178,0.0,0.284542344015574,1.2724911019491365,BTCUSDT,BAJA,v4_63_sin_pesos,63,0.1556023945309434,0.1899132015659976,0.06862161407010839,0.9985313842340278,0.9986022036420545,0.00014163881605344653,0.2692527474347613,0.31773307764104014,0.09696066041255769,1.0005906178025574,1.001667181645443,0.002153127685771139,2182,2188.5,13,0.1549037580201649,0.18451338242693893,0.05921924881354809,0.4769931662870159,0.4832261890096857,0.012466045445339746,-0.000483097715187,-0.0004529091396226,6.037715112879998e-05,0.8386006104966316,0.8638206661306083,0.05044011126795345,-0.715614692779178,-0.7054221917333281,0.0203850020916998,0.2155910178972153,0.2500666809563946,0.06895132611835869,1.2724911019491365,1.3294172416825758,0.11385227946687859
0.1,0.155510547233262,81231,440302,157,1670,521533,0.9965090950779578,0.1557542859224632,0.9980709686931736,0.0037785199062384,0.5009247442997059,0.2694581877227696,1.0015673450678275,-0.000483785408616,-0.0001119698854326,2182,5.980824540932963,0.153070577451879,0.4816681943171402,-0.0004823609351048,-0.0004823609351048,-0.0001612835919272,0.8383500182157401,-0.6929114075149698,0.0,0.2155910178972153,1.386343381416015,0.2236104783599088,117404,404559,394,4443,521963,0.99081814730448,0.2249278205543304,0.9966552912613116,0.0108630275646573,0.5037591594129845,0.3670245607343992,1.0058912364218515,-0.0004195554842477,-0.0003553432784091,2193,5.9945444087783,0.2289101687186502,0.481532147742818,-0.0004205906278583,-0.0004205906278583,-0.0003260731398633,0.8917747216742883,-0.7116060752191486,0.0,0.284542344015574,1.2724911019491365,BTCUSDT,BAJA,v4_63_sin_pesos,63,0.1557542859224632,0.19034105323839678,0.06917353463186718,0.9966552912613116,0.9973631299772425,0.0014156774318619947,0.2694581877227696,0.3182413742285844,0.09756637301162963,1.0015673450678275,1.0037292907448396,0.004323891354024001,2182,2187.5,11,0.153070577451879,0.1909903730852646,0.0758395912667712,0.481532147742818,0.4816001710299791,0.00013604657432220169,-0.0004823609351048,-0.00045147578148155,6.17703072465e-05,0.8383500182157401,0.8650623699450142,0.05342470345854822,-0.7116060752191486,-0.7022587413670592,0.018694667704178825,0.2155910178972153,0.2500666809563946,0.06895132611835869,1.2724911019491365,1.3294172416825758,0.11385227946687859
0.11,0.155510547233262,81164,439056,224,2916,520220,0.994000305716906,0.1560186075122063,0.9972477515112792,0.0065977030219108,0.5019227272665951,0.2698235395805907,1.0032670470780498,-0.0004844452377834,-0.0001108857455001,2182,5.980824540932963,0.148487626031164,0.4848762603116407,-0.0004805583796707,-0.0004805583796707,-0.0001089853099081,0.8379810335654901,-0.6935371194140385,0.0,0.2155910178972153,1.386343381416015,0.2236104783599088,116932,400430,866,8572,517362,0.9820842824601368,0.2260158264426069,0.9926484320616648,0.0209583327220893,0.5068033823918772,0.36819698973487,1.010756866584877,-0.0004209388998973,-0.0003587922709179,2189,5.983610447248381,0.2297852900867976,0.4783005938784833,-0.0004217344722373,-0.0004217344722373,-0.0003675966345755,0.8918469333571358,-0.7123721228959865,0.0,0.284542344015574,1.2724911019491365,BTCUSDT,BAJA,v4_63_sin_pesos,63,0.1560186075122063,0.1910172169774066,0.06999721893040059,0.9926484320616648,0.9949480917864719,0.004599319449614447,0.2698235395805907,0.3190102646577303,0.09837345015427928,1.0032670470780498,1.0070119568314633,0.0074898195068271445,2182,2185.5,7,0.148487626031164,0.1891364580589808,0.0812976640556336,0.4783005938784833,0.481588427095062,0.006575666433157434,-0.0004805583796707,-0.00045114642595399997,5.882390743340002e-05,0.8379810335654901,0.864913983461313,0.05386589979164569,-0.7123721228959865,-0.7029546211550125,0.018835003481948,0.2155910178972153,0.2500666809563946,0.06895132611835869,1.2724911019491365,1.3294172416825758,0.11385227946687859
0.12,0.155510547233262,81054,437095,334,4877,518149,0.990043182512993,0.1564299072274577,0.9958962009141396,0.0110346356782782,0.5034654182962089,0.2703886499081791,1.0059118819305335,-0.0004856399992262,-0.0001116494508996,2181,5.978083558100271,0.1476386978450252,0.4869325997248968,-0.0004832560638786,-0.0004832560638786,-0.0001159222638935,0.8369391540848625,-0.691909966494728,0.0,0.2155910178972153,1.386343381416015,0.2236104783599088,115968,393762,1830,15240,509730,0.9675968109339408,0.2275086810664469,0.9844649314928946,0.0372614314844426,0.5108631814886686,0.3696026312770108,1.017433005533237,-0.0004266001991505,-0.0003660373054718,2184,5.969942995335982,0.217032967032967,0.4734432234432234,-0.0004248228528659,-0.0004248228528659,-0.0003798573071811,0.89231251773967,-0.7177844401747318,0.0,0.284542344015574,1.2724911019491365,BTCUSDT,BAJA,v4_63_sin_pesos,63,0.1564299072274577,0.1919692941469523,0.0710787738389892,0.9844649314928946,0.990180566203517,0.01143126942124495,0.2703886499081791,0.319995640592595,0.0992139813688317,1.0059118819305335,1.0116724437318854,0.01152112360270352,2181,2182.5,3,0.1476386978450252,0.1823358324389961,0.06939426918794181,0.4734432234432234,0.4801879115840601,0.013489376281673349,-0.0004832560638786,-0.00045403945837225004,5.8433211012699977e-05,0.8369391540848625,0.8646258359122663,0.055373363654807495,-0.7177844401747318,-0.7048472033347299,0.02587447368000373,0.2155910178972153,0.2500666809563946,0.06895132611835869,1.2724911019491365,1.3294172416825758,0.11385227946687859
0.13,0.155510547233262,80887,434099,501,7873,514986,0.9839995414246407,0.1570664056886983,0.9938443013712096,0.0178133456418053,0.5058288235065074,0.2712626640329726,1.0100048420066492,-0.0004869475822413,-0.0001124640866623,2178,5.969860609602196,0.1492194674012855,0.4903581267217631,-0.0004863076801124,-0.0004863076801124,-0.0001013801824376,0.8369085552120206,-0.6928925335230482,0.0,0.2155910178972153,1.386343381416015,0.2236104783599088,114471,383130,3327,25872,497601,0.9445728929384966,0.2300457595543417,0.971756736107574,0.0632564143940616,0.5175065752508178,0.372022053984488,1.0287789787027557,-0.0004363104150138,-0.0003772993400759,2172,5.937141110746224,0.2283609576427256,0.4825046040515653,-0.0004111836871734,-0.0004111836871734,-0.0002889105930333,0.8947435443305041,-0.7045357458779526,0.0,0.284542344015574,1.2724911019491365,BTCUSDT,BAJA,v4_63_sin_pesos,63,0.1570664056886983,0.19355608262152002,0.07297935386564339,0.971756736107574,0.9828005187393918,0.022087565263635645,0.2712626640329726,0.3216423590087303,0.1007593899515154,1.0100048420066492,1.0193919103547024,0.018774136696106503,2172,2175.0,6,0.1492194674012855,0.18879021252200556,0.0791414902414401,0.4825046040515653,0.4864313653866642,0.007853522670197788,-0.0004863076801124,-0.0004487456836429,7.512399293899998e-05,0.8369085552120206,0.8658260497712623,0.057834989118483504,-0.7045357458779526,-0.6987141397005004,0.011643212354904398,0.2155910178972153,0.2500666809563946,0.06895132611835869,1.2724911019491365,1.3294172416825758,0.11385227946687859
0.14,0.155510547233262,80553,429222,835,12750,509775,0.9740427239376338,0.1580167721053406,0.9897405022853492,0.0288479813200836,0.5092942418027164,0.2725238216870812,1.016116108628435,-0.0004910165043961,-0.000116604435647,2178,5.969860609602196,0.1565656565656565,0.4857667584940312,-0.0004845153990953,-0.0004845153990953,-0.0001370573129068,0.8359567336295678,-0.691790246129875,0.0,0.2155910178972153,1.386343381416015,0.2236104783599088,112062,366952,5736,42050,479014,0.909290053151101,0.2339430580317067,0.951306473794122,0.1028112331969036,0.527058853495513,0.3755353444635831,1.046207940466758,-0.0004400894657251,-0.0003824428078669,2149,5.874270831949188,0.2242903676128431,0.4839460214053048,-0.0004636276888482,-0.0004636276888482,-0.0002392669739499,0.882509383011313,-0.7364989218229685,0.0,0.284542344015574,1.2724911019491365,BTCUSDT,BAJA,v4_63_sin_pesos,63,0.1580167721053406,0.19597991506852364,0.0759262859263661,0.951306473794122,0.9705234880397355,0.038434028491227124,0.2725238216870812,0.32402958307533214,0.10301152277650188,1.016116108628435,1.0311620245475965,0.03009183183832298,2149,2163.5,29,0.1565656565656565,0.1904280120892498,0.06772471104718661,0.4839460214053048,0.484856389949668,0.0018207370887264318,-0.0004845153990953,-0.00047407154397175,2.0887710247100043e-05,0.8359567336295678,0.8592330583204404,0.04655264938174519,-0.7364989218229685,-0.7141445839764218,0.04470867569309345,0.2155910178972153,0.2500666809563946,0.06895132611835869,1.2724911019491365,1.3294172416825758,0.11385227946687859
0.15,0.155510547233262,80058,421298,1330,20674,501356,0.9579562824824212,0.1596829398670805,0.9836585245982208,0.0467767188871693,0.5152176217426951,0.2747621597133561,1.026830287128757,-0.0004957773920604,-0.0001184251390974,2173,5.9561556954387385,0.1486424298205246,0.4928670041417395,-0.0004809487729269,-0.0004809487729269,-8.41298858180739e-05,0.8358597144511777,-0.6899886174993419,0.0,0.2155910178972153,1.386343381416015,0.2236104783599088,108482,345172,9316,63830,453654,0.8611503416856492,0.2391293805411172,0.9209154654578176,0.1560628065388433,0.5384891359983305,0.3796714334712276,1.0694014980649973,-0.0004440325207126,-0.0003923505285238,2114,5.778598668562393,0.2303689687795648,0.4810785241248817,-0.0004591515878699,-0.0004591515878699,-0.0002924873657516,0.8829639850147036,-0.7187693217554274,0.0,0.284542344015574,1.2724911019491365,BTCUSDT,BAJA,v4_63_sin_pesos,63,0.1596829398670805,0.19940616020409885,0.07944644067403672,0.9209154654578176,0.9522869950280192,0.06274305914040323,0.2747621597133561,0.32721679659229186,0.10490927375787151,1.026830287128757,1.048115892596877,0.04257121093624039,2114,2143.5,59,0.1486424298205246,0.1895056993000447,0.0817265389590402,0.4810785241248817,0.4869727641333106,0.011788480016857783,-0.0004809487729269,-0.00047005018039839995,2.1797185056999992e-05,0.8358597144511777,0.8594118497329406,0.04710427056352595,-0.7187693217554274,-0.7043789696273847,0.028780704256085476,0.2155910178972153,0.2500666809563946,0.06895132611835869,1.2724911019491365,1.3294172416825758,0.11385227946687859
0.16,0.155510547233262,79274,408863,2114,33109,488137,0.9326983338428616,0.1624011291911901,0.9740256548876984,0.0749119853746391,0.5244688201311688,0.2783863746104209,1.0443094187533948,-0.0005011780813359,-0.0001192195096104,2163,5.928745867111823,0.1530282015718909,0.4979195561719833,-0.0004843281104994,-0.0004843281104994,-1.1988432190523923e-05,0.8365035958992508,-0.6883453467208606,0.0,0.2155910178972153,1.386343381416015,0.2236104783599088,103898,319251,13900,89751,423149,0.8032441154138192,0.2455352606292346,0.8820013922137897,0.2194390247480452,0.5507202084809175,0.3841337506262166,1.0980489931873274,-0.0004440081302735,-0.0004037141703674,2053,5.611855755231122,0.239162201656113,0.4705309303458354,-0.0004502695193942,-0.0004502695193942,-0.0003501772251104,0.8895447669212334,-0.7077302443959911,0.0,0.284542344015574,1.2724911019491365,BTCUSDT,BAJA,v4_63_sin_pesos,63,0.1624011291911901,0.20396819491021234,0.08313413143804449,0.8820013922137897,0.9280135235507441,0.09202426267390873,0.2783863746104209,0.33126006261831875,0.1057473760157957,1.0443094187533948,1.071179205970361,0.053739574433932624,2053,2108.0,110,0.1530282015718909,0.19609520161400196,0.08613400008422209,0.4705309303458354,0.48422524325890937,0.027388625826147928,-0.0004843281104994,-0.00046729881494680004,3.40585911052e-05,0.8365035958992508,0.8630241814102422,0.05304117102198258,-0.7077302443959911,-0.6980377955584258,0.01938489767513052,0.2155910178972153,0.2500666809563946,0.06895132611835869,1.2724911019491365,1.3294172416825758,0.11385227946687859
0.17,0.155510547233262,77648,389810,3740,52162,467458,0.8931863344542953,0.166106901582602,0.9540472796972528,0.1180210511073099,0.5360341654022813,0.2829500442747145,1.0681391361413308,-0.0005125481833242,-0.0001249737699996,2146,5.882149158956066,0.1640260950605778,0.4976700838769804,-0.0004809351240683,-0.0004809351240683,-3.4177493243636725e-05,0.8381822435054436,-0.6849897599107828,0.0,0.2155910178972153,1.386343381416015,0.2236104783599088,97868,290018,19930,118984,387886,0.7363059984813971,0.252311246087768,0.8308120681166064,0.2909130028704016,0.560862535493504,0.3870717681397869,1.128351622600012,-0.0004464953690742,-0.000413992286826,1966,5.374042091955376,0.2385554425228891,0.4745676500508647,-0.0004461952731366,-0.0004461952731366,-0.000453884163565,0.8923046341569302,-0.697433099004072,0.0,0.284542344015574,1.2724911019491365,BTCUSDT,BAJA,v4_63_sin_pesos,63,0.166106901582602,0.209209073835185,0.08620434450516601,0.8308120681166064,0.8924296739069295,0.12323521158064643,0.2829500442747145,0.3350109062072507,0.1041217238650724,1.0681391361413308,1.0982453793706715,0.06021248645868127,1966,2056.0,180,0.1640260950605778,0.20129076879173347,0.0745293474623113,0.4745676500508647,0.4861188669639226,0.02310243382611571,-0.0004809351240683,-0.00046356519860245,3.473985093169999e-05,0.8381822435054436,0.8652434388311869,0.05412239065148661,-0.697433099004072,-0.6912114294574274,0.012443339093289207,0.2155910178972153,0.2500666809563946,0.06895132611835869,1.2724911019491365,1.3294172416825758,0.11385227946687859
0.18,0.155510547233262,74897,362188,6491,79784,437085,0.8351517120146744,0.1713556859649725,0.9202462279451517,0.1805182228738472,0.5503822254094994,0.2889137910749451,1.1018910872195902,-0.0005382145073059,-0.0001357064368201,2118,5.805401639640703,0.1591123701605288,0.4952785646836638,-0.0004902657704988,-0.0004902657704988,-6.660800224833618e-05,0.837969810230204,-0.6904298734926235,0.0,0.2155910178972153,1.386343381416015,0.2236104783599088,90486,257545,27312,151457,348031,0.6606511009870919,0.2599940809870385,0.7681454693628075,0.3703087026469308,0.5692270860048692,0.388494490467532,1.1627097392483057,-0.0004527177370769,-0.0004152113238387,1875,5.12529446714971,0.2448,0.4752,-0.0004105686780622,-0.0004105686780622,-0.0004760742169958,0.9020691283096136,-0.6641156344311436,0.0,0.284542344015574,1.2724911019491365,BTCUSDT,BAJA,v4_63_sin_pesos,63,0.1713556859649725,0.2156748834760055,0.08863839502206602,0.7681454693628075,0.8441958486539796,0.15210075858234418,0.2889137910749451,0.33870414077123856,0.0995806993925869,1.1018910872195902,1.1323004132339478,0.0608186520287155,1875,1996.5,243,0.1591123701605288,0.2019561850802644,0.0856876298394712,0.4752,0.4852392823418319,0.020078564683663813,-0.0004902657704988,-0.00045041722428050004,7.969709243659998e-05,0.837969810230204,0.8700194692699088,0.0640993180794096,-0.6904298734926235,-0.6772727539618836,0.026314239061479894,0.2155910178972153,0.2500666809563946,0.06895132611835869,1.2724911019491365,1.3294172416825758,0.11385227946687859
0.19,0.155510547233262,70476,324665,10912,117307,395141,0.7550080250687863,0.1783565866361628,0.8659261807637489,0.2654172662521608,0.5656717235079549,0.2957889236541742,1.146909902957465,-0.0005791298499831,-0.0001478956349802,2071,5.6765754465042,0.1540318686624819,0.4939642684693385,-0.0005097787048749,-0.0005097787048749,-4.3720257613344415e-05,0.8335673279512483,-0.6890968072117951,0.0,0.2155910178972153,1.386343381416015,0.2236104783599088,81653,222709,36145,186293,304362,0.5777562642369021,0.2682759345779039,0.6931611742134841,0.455481880284204,0.574321527248844,0.3868343755921925,1.1997467048306405,-0.0004778797199961,-0.0004082377934109,1755,4.797275621252129,0.2507122507122507,0.4735042735042735,-0.0004838269659522,-0.0004838269659522,-0.0004068488981139,0.8890498661706887,-0.7005164845479706,0.0,0.284542344015574,1.2724911019491365,BTCUSDT,BAJA,v4_63_sin_pesos,63,0.1783565866361628,0.22331626060703336,0.08991934794174108,0.6931611742134841,0.7795436774886165,0.17276500655026483,0.2957889236541742,0.3413116496231834,0.09104545193801833,1.146909902957465,1.1733283038940527,0.05283680187317552,1755,1913.0,316,0.1540318686624819,0.20237205968736627,0.09668038204976878,0.4735042735042735,0.483734270986806,0.02045999496506501,-0.0005097787048749,-0.0004968028354135499,2.5951738922700015e-05,0.8335673279512483,0.8613085970609685,0.05548253821944038,-0.7005164845479706,-0.6948066458798828,0.011419677336175438,0.2155910178972153,0.2500666809563946,0.06895132611835869,1.2724911019491365,1.3294172416825758,0.11385227946687859
0.2,0.155510547233262,64103,279163,17285,162809,343266,0.6558888719046163,0.1867443906474862,0.7876222538949231,0.3683694894699211,0.5779958716824222,0.3019069642579606,1.2008471063211823,-0.0006476196377799,-0.0001545667534073,1988,5.449073871390802,0.1685110663983903,0.4964788732394366,-0.0004634998783907,-0.0004634998783907,-3.602386059331497e-05,0.8506775823579309,-0.652330842743775,0.0,0.2155910178972153,1.386343381416015,0.2236104783599088,72093,187985,45705,221017,260078,0.4936940015186029,0.2771976099477849,0.6120052972036877,0.5403812206297279,0.5761932589167078,0.3815696154294001,1.2396449932977902,-0.0004945371296759,-0.0003850890121974,1606,4.389985554262632,0.2565379825653798,0.4806973848069738,-0.0004132970776646,-0.0004132970776646,-0.0003777590529084,0.9071166255383658,-0.6367290731270174,0.0,0.284542344015574,1.2724911019491365,BTCUSDT,BAJA,v4_63_sin_pesos,63,0.1867443906474862,0.23197100029763557,0.0904532193002987,0.6120052972036877,0.6998137755493055,0.17561695669123545,0.3019069642579606,0.3417382898436804,0.0796626511714395,1.2008471063211823,1.2202460498094863,0.03879788697660791,1606,1797.0,382,0.1685110663983903,0.21252452448188505,0.08802691616698949,0.4806973848069738,0.48858812902320525,0.015781488432462798,-0.0004634998783907,-0.00043839847802765,5.0202800726100014e-05,0.8506775823579309,0.8788971039481484,0.05643904318043491,-0.652330842743775,-0.6445299579353962,0.015601769616757521,0.2155910178972153,0.2500666809563946,0.06895132611835869,1.2724911019491365,1.3294172416825758,0.11385227946687859
0.21,0.155510547233262,56184,230624,25204,211348,286808,0.5480128401100581,0.1958941173189032,0.6903228977244803,0.4781931887087869,0.5842580432166337,0.3051852817521103,1.2596838015434857,-0.0007346956628155,-0.0001470278185744,1818,4.983106789833238,0.1771177117711771,0.4867986798679868,-0.0005351308627582,-0.0005351308627582,-0.0001104399881618,0.8362909934414148,-0.6735159263496098,0.0,0.2155910178972153,1.386343381416015,0.2236104783599088,62195,155462,55603,253540,217657,0.413168185269552,0.2857477590888416,0.5279801015297374,0.6198991691972167,0.573939635363477,0.3708097956506834,1.2778817933072018,-0.0005326520918158,-0.0003556935371546,1470,4.018230862245373,0.273469387755102,0.4850340136054422,-0.0003899086641993,-0.0003899086641993,-0.0002981087267852,0.9149233898212972,-0.5720989928237981,0.0,0.284542344015574,1.2724911019491365,BTCUSDT,BAJA,v4_63_sin_pesos,63,0.1958941173189032,0.2408209382038724,0.0898536417699384,0.5279801015297374,0.6091514996271088,0.1623427961947429,0.3051852817521103,0.3379975387013968,0.0656245138985731,1.2596838015434857,1.2687827974253438,0.01819799176371606,1470,1644.0,348,0.1771177117711771,0.22529354976313953,0.09635167598392488,0.4850340136054422,0.48591634673671447,0.001764666262544623,-0.0005351308627582,-0.00046251976347875005,0.00014522219855890003,0.8362909934414148,0.8756071916313559,0.0786323963798824,-0.6735159263496098,-0.6228074595867039,0.10141693352581171,0.2155910178972153,0.2500666809563946,0.06895132611835869,1.2724911019491365,1.3294172416825758,0.11385227946687859
0.22,0.155510547233262,47320,182038,34068,259934,229358,0.4382413634974014,0.2063150184427837,0.581412493242247,0.5881232295258523,0.5847678613840497,0.304557419886338,1.32669469764849,-0.0008067869123547,-0.0001588197437352,1662,4.555513467933356,0.1829121540312876,0.5024067388688327,-0.0005757993824028,-0.0005757993824028,2.5301542469602367e-05,0.8312682863578731,-0.6633321281689458,0.0,0.2155910178972153,1.386343381416015,0.2236104783599088,52436,126877,65362,282125,179313,0.340381548974943,0.2924272082894157,0.4451348919336491,0.6897888029887385,0.5674618474611938,0.3529724581048833,1.3077527065558343,-0.0005991286606817,-0.0003586492389069,1291,3.5289360837814803,0.2935708752904725,0.4701781564678544,-0.0004223538657293,-0.0004223538657293,-0.0005139731191294,0.912641908041752,-0.5600551229104771,0.0,0.284542344015574,1.2724911019491365,BTCUSDT,BAJA,v4_63_sin_pesos,63,0.2063150184427837,0.24937111336609968,0.08611218984663202,0.4451348919336491,0.513273692587948,0.1362776013085979,0.304557419886338,0.32876493899561066,0.048415038218545314,1.3077527065558343,1.317223702102162,0.018941991092655597,1291,1476.5,371,0.1829121540312876,0.23824151466088006,0.11065872125918488,0.4701781564678544,0.48629244766834356,0.03222858240097831,-0.0005757993824028,-0.0004990766240660499,0.00015344551667349998,0.8312682863578731,0.8719550971998126,0.08137362168387896,-0.6633321281689458,-0.6116936255397114,0.10327700525846872,0.2155910178972153,0.2500666809563946,0.06895132611835869,1.2724911019491365,1.3294172416825758,0.11385227946687859
0.23,0.155510547233262,37907,137439,43481,304533,175346,0.3350389789055334,0.2161840019162113,0.465756622597926,0.6890323368901198,0.5773944797440229,0.2953017520079148,1.3901565248300534,-0.000890132767427,-0.0001726504177915,1434,3.9305693820796823,0.201534170153417,0.4902370990237099,-0.0006431184905961,-0.0006431184905961,-0.0002172838193615,0.8204534443098361,-0.6542922565858149,0.0,0.2155910178972153,1.386343381416015,0.2236104783599088,43517,102077,74281,306925,145594,0.2763743356112376,0.2988928115169581,0.3694205334555765,0.7504242033046293,0.5599223683801029,0.3304352448062204,1.3366672872810534,-0.0007034643906661,-0.000373249914318,1141,3.1189125264095034,0.2760736196319018,0.4706397896581946,-0.0004896608960399,-0.0004896608960399,-0.0007743014338865,0.902433293764775,-0.5730414588302783,0.0,0.284542344015574,1.2724911019491365,BTCUSDT,BAJA,v4_63_sin_pesos,63,0.2161840019162113,0.2575384067165847,0.08270880960074684,0.3694205334555765,0.41758857802675126,0.09633608914234948,0.2953017520079148,0.3128684984070676,0.03513349279830558,1.3366672872810534,1.3634119060555534,0.053489237548999924,1141,1287.5,293,0.201534170153417,0.2388038948926594,0.07453944947848479,0.4706397896581946,0.48043844434095223,0.019597309365515292,-0.0006431184905961,-0.0005663896933180001,0.00015345759455620003,0.8204534443098361,0.8614433690373056,0.08197984945493886,-0.6542922565858149,-0.6136668577080466,0.08125079775553656,0.2155910178972153,0.2500666809563946,0.06895132611835869,1.2724911019491365,1.3294172416825758,0.11385227946687859
0.24,0.155510547233262,28866,99371,52522,342601,128237,0.245026368083155,0.2250988404282695,0.354671450336659,0.7751644900581938,0.5649179701974264,0.2754060822898032,1.447482787714886,-0.0009852596630183,-0.0001598068971786,1194,3.2727335022337107,0.1976549413735343,0.4932998324958124,-0.0008167231538961,-0.0008167231538961,-0.0001135236233557,0.7854058328368878,-0.6629672273724319,0.0,0.2155910178972153,1.386343381416015,0.2236104783599088,35493,80906,82305,328096,116399,0.2209548215641609,0.304925300045533,0.30130392706158,0.8021867863726828,0.5517453567171314,0.3031037972305366,1.3636449520703815,-0.0008833712068952,-0.0004774099886948,999,2.7307568920973653,0.2912912912912913,0.4924924924924925,-0.0003859194562,-0.0003859194562,-0.0001344320848604,0.9239865278335204,-0.5154881129840583,0.0,0.284542344015574,1.2724911019491365,BTCUSDT,BAJA,v4_63_sin_pesos,63,0.2250988404282695,0.2650120702369012,0.07982645961726348,0.30130392706158,0.3279876886991195,0.05336752327507899,0.2754060822898032,0.2892549397601699,0.02769771494073342,1.3636449520703815,1.4055638698926338,0.08383783564450442,999,1096.5,195,0.1976549413735343,0.24447311633241278,0.09363634991775699,0.4924924924924925,0.49289616249415247,0.0008073400033198896,-0.0008167231538961,-0.00060132130504805,0.00043080369769609995,0.7854058328368878,0.8546961803352041,0.13858069499663261,-0.6629672273724319,-0.5892276701782451,0.14747911438837358,0.2155910178972153,0.2500666809563946,0.06895132611835869,1.2724911019491365,1.3294172416825758,0.11385227946687859
0.25,0.155510547233262,20883,68328,60505,373644,89211,0.1704581932130847,0.2340854827319501,0.2565857374551531,0.8454019711655942,0.5509938543103736,0.2448197234450378,1.5052707799994276,-0.0011426397316653,-0.0001985331765192,970,2.658753347710804,0.2144329896907216,0.5123711340206185,-0.0009196712077141,-0.0009196712077141,0.0001049527626885,0.7794485326523497,-0.6310515375268143,0.0,0.2155910178972153,1.386343381416015,0.2236104783599088,28468,62940,89330,346062,91408,0.1735155656795748,0.3114388237353404,0.2416679400329377,0.846113221940235,0.5438905809865864,0.2721528063248664,1.3927738360904034,-0.0010303923995796,-0.0005802730437343,849,2.320733334725389,0.2909305064782096,0.4664310954063604,-0.0008228049843731,-0.0008228049843731,-0.0005602818514618,0.8527963390696868,-0.602323862855181,0.0,0.284542344015574,1.2724911019491365,BTCUSDT,BAJA,v4_63_sin_pesos,63,0.2340854827319501,0.2727621532336452,0.07735334100339028,0.2416679400329377,0.2491268387440454,0.014917797422215412,0.2448197234450378,0.2584862648849521,0.02733308287982858,1.3927738360904034,1.4490223080449156,0.1124969439090242,849,909.5,121,0.2144329896907216,0.25268174808446564,0.076497516787488,0.4664310954063604,0.48940111471348946,0.045940038614258105,-0.0009196712077141,-0.0008712380960436,9.686622334100002e-05,0.7794485326523497,0.8161224358610182,0.07334780641733707,-0.6310515375268143,-0.6166877001909976,0.028727674671633285,0.2155910178972153,0.2500666809563946,0.06895132611835869,1.2724911019491365,1.3294172416825758,0.11385227946687859
0.26,0.155510547233262,14633,45686,66755,396286,60319,0.1152533628859675,0.2425935443226844,0.1797930898904015,0.8966314608165223,0.5382122753534619,0.2065247306061097,1.5599812915505986,-0.0013408159338858,-0.0002722738066072,759,2.0804059700128863,0.2358366271409749,0.4848484848484848,-0.0012181371088814,-0.0012181371088814,-0.0002188669855436,0.7392794024544861,-0.6425065281393936,0.0,0.2155910178972153,1.386343381416015,0.2236104783599088,22304,48127,95494,360875,70431,0.1336958997722095,0.316678735216027,0.1893410754002614,0.8823306487498839,0.5358358620750727,0.2369879242837182,1.4162070469091417,-0.0011376046452125,-0.0006792136642772,718,1.9626460946205289,0.3133704735376044,0.479108635097493,-0.0008078043620632,-0.0008078043620632,-0.0004484483136315,0.8614978061448548,-0.5692038751769268,0.0,0.284542344015574,1.2724911019491365,BTCUSDT,BAJA,v4_63_sin_pesos,63,0.2425935443226844,0.2796361397693557,0.07408519089334262,0.1797930898904015,0.18456708264533145,0.009547985509859913,0.2065247306061097,0.22175632744491397,0.030463193677608497,1.4162070469091417,1.4880941692298701,0.14377424464145694,718,738.5,41,0.2358366271409749,0.2746035503392896,0.0775338463966295,0.479108635097493,0.4819785599729889,0.005739849750991788,-0.0012181371088814,-0.0010129707354723,0.00041033274681819996,0.7392794024544861,0.8003886042996704,0.12221840369036874,-0.6425065281393936,-0.6058552016581602,0.07330265296246674,0.2155910178972153,0.2500666809563946,0.06895132611835869,1.2724911019491365,1.3294172416825758,0.11385227946687859
0.27,0.155510547233262,9932,29599,71456,412373,39531,0.0755330938550901,0.2512458576813134,0.1220327320980979,0.933029694188772,0.5275312131434351,0.1642752586442163,1.6156194042867769,-0.0014014486668974,-0.0004407800081354,575,1.5760651287976413,0.2243478260869565,0.488695652173913,-0.0015184151046266,-0.0015184151046266,-0.0001781631808837,0.6880551222898728,-0.614894950408942,0.0,0.2155910178972153,1.386343381416015,0.2236104783599088,16931,36721,100867,372281,53652,0.1018451025056947,0.3155707149780064,0.1437290955703832,0.9102180429435552,0.5269735692569693,0.1975036453776611,1.4112519113262856,-0.0013719230942314,-0.0009119174388475,602,1.645561210252867,0.3056478405315614,0.4750830564784053,-0.0006984544547761,-0.0006984544547761,-0.0007363267023324,0.8817228008229735,-0.4096599806385584,0.0,0.284542344015574,1.2724911019491365,BTCUSDT,BAJA,v4_63_sin_pesos,63,0.2512458576813134,0.28340828632965986,0.06432485729669296,0.1220327320980979,0.13288091383424055,0.02169636347228529,0.1642752586442163,0.1808894520109387,0.033228386733444804,1.4112519113262856,1.5134356578065313,0.20436749296049128,575,588.5,27,0.2243478260869565,0.26499783330925897,0.08130001444460491,0.4750830564784053,0.48188935432615915,0.013612595695507657,-0.0015184151046266,-0.00110843477970135,0.0008199606498505001,0.6880551222898728,0.7848889615564232,0.19366767853310074,-0.614894950408942,-0.5122774655237502,0.20523496977038364,0.2155910178972153,0.2500666809563946,0.06895132611835869,1.2724911019491365,1.3294172416825758,0.11385227946687859
0.28,0.155510547233262,6590,19096,74798,422876,25686,0.0490790278202384,0.2565599937709258,0.080970167592274,0.9567936430362104,0.5188819053142422,0.1230924407419168,1.649791595074848,-0.001368672616584,-0.0006175340796961,419,1.1484718068977595,0.2816229116945107,0.5274463007159904,-0.0012169253069937,-0.0012169253069937,0.0004174113149911,0.7611524785394251,-0.4403618569833598,0.0,0.2155910178972153,1.386343381416015,0.2236104783599088,12786,27932,105012,381070,40718,0.0772930903568716,0.314013458421337,0.1085417409463658,0.9317069354184088,0.5201243381823872,0.1613212546367559,1.4042877629192374,-0.0016027524437445,-0.0011015419749321,496,1.3558112297100031,0.314516129032258,0.469758064516129,-0.0008194947879366,-0.0008194947879366,-0.001190100772885,0.8648971763795427,-0.4127659198645186,0.0,0.284542344015574,1.2724911019491365,BTCUSDT,BAJA,v4_63_sin_pesos,63,0.2565599937709258,0.28528672609613137,0.05745346465041118,0.080970167592274,0.0947559542693199,0.0275715733540918,0.1230924407419168,0.14220684768933634,0.03822881389483909,1.4042877629192374,1.5270396789970428,0.24550383215561067,419,457.5,77,0.2816229116945107,0.29806952036338435,0.032893217337747305,0.469758064516129,0.4986021826160597,0.05768823619986141,-0.0012169253069937,-0.00101821004746515,0.0003974305190571,0.7611524785394251,0.8130248274594839,0.10374469784011753,-0.4403618569833598,-0.4265638884239392,0.027595937118841174,0.2155910178972153,0.2500666809563946,0.06895132611835869,1.2724911019491365,1.3294172416825758,0.11385227946687859
0.29,0.155510547233262,4592,12646,76796,429326,17238,0.0329371751757872,0.2663882120895695,0.0564210940187742,0.9713873277040176,0.5139042108613958,0.0931194613996309,1.7129912847004118,-0.0010690735302658,-0.0007534291733815,293,0.8031079699786242,0.2866894197952218,0.5221843003412969,-0.0015226429859036,-0.0015226429859036,0.0003792479080098,0.7221313416887081,-0.3967115759369285,0.0,0.2155910178972153,1.386343381416015,0.2236104783599088,9659,21510,108139,387492,31169,0.0591666666666666,0.309891238089127,0.0819962987487054,0.9474085701292414,0.5147024344389735,0.1296797277249324,1.3858529365978378,-0.001976994061369,-0.0013815833891821,405,1.1070636049043374,0.3135802469135803,0.4765432098765432,-0.0009131807076507,-0.0009131807076507,-0.0005433286590734,0.8595857415170162,-0.381836806573152,0.0,0.284542344015574,1.2724911019491365,BTCUSDT,BAJA,v4_63_sin_pesos,63,0.2663882120895695,0.28813972508934826,0.04350302599955752,0.0564210940187742,0.0692086963837398,0.025575204729931196,0.0931194613996309,0.11139959456228164,0.03656026632530149,1.3858529365978378,1.5494221106491248,0.32713834810257403,293,349.0,112,0.2866894197952218,0.30013483335440105,0.026890827118358496,0.4765432098765432,0.49936375510892006,0.04564109046475373,-0.0015226429859036,-0.00121791184677715,0.0006094622782529,0.7221313416887081,0.7908585416028622,0.1374543998283081,-0.3967115759369285,-0.38927419125504026,0.014874769363776519,0.2155910178972153,0.2500666809563946,0.06895132611835869,1.2724911019491365,1.3294172416825758,0.11385227946687859
0.3,0.155510547233262,3353,8685,78035,433287,12038,0.0230013757260776,0.2785346403056986,0.0411977195655379,0.98034943390079,0.510773576733164,0.0717787339712713,1.79109806544442,-0.0008919002937402,-0.0009192813636794,214,0.5865703261959917,0.2943925233644859,0.5373831775700935,-0.0013542241663901,-0.0013542241663901,0.0012485898790725,0.758109981562001,-0.2941978942378845,0.0,0.2155910178972153,1.386343381416015,0.2236104783599088,7513,16547,110285,392455,24060,0.0456719817767653,0.3122610141313383,0.0637786719638703,0.9595429851198772,0.5116608285418738,0.1059228242326834,1.3964507227999543,-0.0022520453125271,-0.001567272929153,344,0.9403206915730667,0.3401162790697674,0.4854651162790697,-0.0008654900643466,-0.0008654900643466,-0.0001527751140236,0.8667793433727238,-0.369809053640591,0.0,0.284542344015574,1.2724911019491365,BTCUSDT,BAJA,v4_63_sin_pesos,63,0.2785346403056986,0.2953978272185184,0.0337263738256397,0.0411977195655379,0.0524881957647041,0.022580952398332396,0.0717787339712713,0.08885077910197735,0.0341440902614121,1.3964507227999543,1.5937743941221871,0.39464734264446566,214,279.0,130,0.2943925233644859,0.31725440121712667,0.04572375570528148,0.4854651162790697,0.5114241469245816,0.051918061291023776,-0.0013542241663901,-0.00110985711536835,0.0004887341020435001,0.758109981562001,0.8124446624673625,0.10866936181072273,-0.369809053640591,-0.3320034739392378,0.07561115940270652,0.2155910178972153,0.2500666809563946,0.06895132611835869,1.2724911019491365,1.3294172416825758,0.11385227946687859
0.31,0.155510547233262,2492,6136,78896,435836,8628,0.0164857841638642,0.2888270746407047,0.0306187644370177,0.9861167675780366,0.5083677660075272,0.0553679345894063,1.8572828645987025,-0.0009077500993352,-0.001034994970118,150,0.4111474249037325,0.32,0.5066666666666667,-0.001898964085662,-0.001898964085662,0.0002554130608266,0.7069912741169558,-0.2989478356361582,0.0,0.2155910178972153,1.386343381416015,0.2236104783599088,5926,12851,111872,396151,18777,0.0356435079726651,0.3155988709591522,0.0503064568159052,0.9685796157476002,0.5094430362817527,0.0867801574226615,1.4113778266293262,-0.0024603717931064,-0.0016870787806726,282,0.7708442878593164,0.3581560283687943,0.5177304964539007,-0.0003425563471388,-0.0003425563471388,0.0001749076682556,0.9476965101971454,-0.3301859124019763,0.0,0.284542344015574,1.2724911019491365,BTCUSDT,BAJA,v4_63_sin_pesos,63,0.2888270746407047,0.3022129727999284,0.026771796318447505,0.0306187644370177,0.04046261062646145,0.019687692378887497,0.0553679345894063,0.0710740460060339,0.0314122228332552,1.4113778266293262,1.6343303456140144,0.4459050379693763,150,216.0,132,0.32,0.33907801418439715,0.03815602836879428,0.5066666666666667,0.5121985815602836,0.01106382978723397,-0.001898964085662,-0.0011207602164004,0.0015564077385232,0.7069912741169558,0.8273438921570506,0.24070523608018957,-0.3301859124019763,-0.31456687401906724,0.031238076765818135,0.2155910178972153,0.2500666809563946,0.06895132611835869,1.2724911019491365,1.3294172416825758,0.11385227946687859
0.32,0.155510547233262,1927,4538,79461,437434,6465,0.0123528737389177,0.2980665119876257,0.0236767090971642,0.9897323812368204,0.5067045451669923,0.0438687352736958,1.9166964382199316,-0.00090144360104,-0.0010425842350101,117,0.3206949914249113,0.3076923076923077,0.4700854700854701,-0.0015008014213195,-0.0015008014213195,-0.0009310624481302,0.7886544192995806,-0.2482982994198354,0.0,0.2155910178972153,1.386343381416015,0.2236104783599088,4630,9925,113168,399077,14555,0.0276290812452543,0.3181037444177259,0.039304572233824,0.9757336149945476,0.5075190936141859,0.0699644133491496,1.4225797768999304,-0.0025675340911735,-0.0018125512479332,239,0.6533042014126831,0.3389121338912134,0.502092050209205,-0.0005181592565528,-0.0005181592565528,0.000229811407476,0.92448881183065,-0.3146980414964739,0.0,0.284542344015574,1.2724911019491365,BTCUSDT,BAJA,v4_63_sin_pesos,63,0.2980665119876257,0.30808512820267575,0.020037232430100194,0.0236767090971642,0.0314906406654941,0.015627863136659797,0.0438687352736958,0.056916574311422705,0.0260956780754538,1.4225797768999304,1.6696381075599311,0.4941166613200012,117,178.0,122,0.3076923076923077,0.3233022207917605,0.031219826198905676,0.4700854700854701,0.48608876014733754,0.03200658012373492,-0.0015008014213195,-0.00100948033893615,0.0009826421647667,0.7886544192995806,0.8565716155651153,0.13583439253106944,-0.3146980414964739,-0.2814981704581546,0.06639974207663851,0.2155910178972153,0.2500666809563946,0.06895132611835869,1.2724911019491365,1.3294172416825758,0.11385227946687859
0.33,0.155510547233262,1515,3493,79873,438479,5008,0.0095689391623356,0.3025159744408945,0.0186145377696957,0.992096784411682,0.505355661090689,0.0350710681050048,1.9453084039832236,-0.0010842792467733,-0.0012589749599201,90,0.2466884549422395,0.3111111111111111,0.4555555555555555,-0.0022094294695018,-0.0022094294695018,-0.0022171159372045,0.7173183102659172,-0.2178194720602549,0.0,0.2155910178972153,1.386343381416015,0.2236104783599088,3634,7731,114164,401271,11365,0.0215736522399392,0.3197536295644522,0.0308494201938912,0.9810978919418488,0.5059736560678699,0.0562699844382679,1.429958166136551,-0.0025094513300401,-0.0018398800516348,199,0.5439645861134892,0.3567839195979899,0.4874371859296482,-0.0011736240388955,-0.0011736240388955,-0.0001601574684046,0.8393855199042233,-0.3268483947256656,0.0,0.284542344015574,1.2724911019491365,BTCUSDT,BAJA,v4_63_sin_pesos,63,0.3025159744408945,0.31113480200267335,0.017237655123557682,0.0186145377696957,0.02473197898179345,0.0122348824241955,0.0350710681050048,0.045670526271636355,0.021198916333263103,1.429958166136551,1.6876332850598872,0.5153502378466726,90,144.5,109,0.3111111111111111,0.3339475153545505,0.04567280848687877,0.4555555555555555,0.47149637074260187,0.031881630374092695,-0.0022094294695018,-0.00169152675419865,0.0010358054306063,0.7173183102659172,0.7783519150850702,0.12206720963830608,-0.3268483947256656,-0.27233393339296025,0.10902892266541073,0.2155910178972153,0.2500666809563946,0.06895132611835869,1.2724911019491365,1.3294172416825758,0.11385227946687859
0.34,0.155510547233262,1204,2645,80184,439327,3849,0.0073544023234484,0.3128085216939464,0.0147933356268737,0.994015457992814,0.5044043968098438,0.0282506423266891,2.011493929249322,-0.0009849129196552,-0.0010216200152508,70,0.1918687982884085,0.2857142857142857,0.4,-0.0017944644124042,-0.0017944644124042,-0.0027514484100334,0.7637885326304609,-0.1932427213913646,0.0,0.2155910178972153,1.386343381416015,0.2236104783599088,2923,6180,114875,402822,9103,0.0172798025816249,0.3211029330989783,0.0248136640689994,0.9848900494374112,0.5048518567532053,0.0460674068762263,1.4359923356639486,-0.0025095811616847,-0.0018537182931535,161,0.440091951579255,0.3478260869565217,0.453416149068323,-0.0016162137743731,-0.0016162137743731,-0.0011809569689875,0.7964549914752578,-0.320785344264139,0.0,0.284542344015574,1.2724911019491365,BTCUSDT,BAJA,v4_63_sin_pesos,63,0.3128085216939464,0.3169557273964624,0.008294411405031898,0.0147933356268737,0.01980349984793655,0.010020328442125699,0.0282506423266891,0.0371590246014577,0.0178167645495372,1.4359923356639486,1.7237431324566352,0.5755015935853736,70,115.5,91,0.2857142857142857,0.31677018633540366,0.062111801242235976,0.4,0.4267080745341615,0.05341614906832298,-0.0017944644124042,-0.0017053390933886498,0.00017825063803109998,0.7637885326304609,0.7801217620528593,0.03266645884479691,-0.320785344264139,-0.2570140328277518,0.1275426228727744,0.2155910178972153,0.2500666809563946,0.06895132611835869,1.2724911019491365,1.3294172416825758,0.11385227946687859
0.35,0.155510547233262,1002,2039,80386,439933,3041,0.0058105319474166,0.3294968760276225,0.0123113972575809,0.9953865855755568,0.5038489914165689,0.0237359201222328,2.1188072570626693,-0.0007781239362282,-0.0006519416258099,53,0.1452720901326521,0.2452830188679245,0.4150943396226415,-0.0016288033784222,-0.0016288033784222,-0.0023186327563786,0.7925839176503257,-0.1844343485132321,0.0,0.2155910178972153,1.386343381416015,0.2236104783599088,2330,5008,115468,403994,7338,0.0139293849658314,0.3175252112292178,0.0197796227440194,0.9877555610975008,0.50376759192076,0.037239483442015,1.4199925404128415,-0.0026454946210879,-0.0022903876197942,130,0.3553537497223799,0.3307692307692307,0.4461538461538462,-0.0016195109062131,-0.0016195109062131,-0.001328931664643,0.7997102274610147,-0.266432516628294,0.0,0.284542344015574,1.2724911019491365,BTCUSDT,BAJA,v4_63_sin_pesos,63,0.3175252112292178,0.32351104362842015,0.011971664798404724,0.0123113972575809,0.01604551000080015,0.007468225486438499,0.0237359201222328,0.0304877017821239,0.013503563319782197,1.4199925404128415,1.7693998987377553,0.6988147166498277,53,91.5,77,0.2452830188679245,0.2880261248185776,0.0854862119013062,0.4150943396226415,0.4306240928882438,0.031059506531204706,-0.0016288033784222,-0.00162415714231765,9.292472209100101e-06,0.7925839176503257,0.7961470725556702,0.007126309810689069,-0.266432516628294,-0.22543343257076304,0.08199816811506189,0.2155910178972153,0.2500666809563946,0.06895132611835869,1.2724911019491365,1.3294172416825758,0.11385227946687859
0.36,0.155510547233262,841,1666,80547,440306,2507,0.004790201773158,0.3354607100119665,0.0103332186563129,0.9962305304408424,0.5032818745485776,0.0200488706120746,2.1571572859864205,-0.0006452370358554,-0.0006046466807916,44,0.1206032446384282,0.2272727272727272,0.4318181818181818,-0.0030101023683953,-0.0030101023683953,-0.0030015968823696,0.637052807871208,-0.1766806425124538,0.0,0.2155910178972153,1.386343381416015,0.2236104783599088,1945,4149,115853,404853,6094,0.0115679574791192,0.3191663931736134,0.0165113159815956,0.9898557953261842,0.50318355565389,0.0313983146611564,1.4273320083860468,-0.0026876823341305,-0.0024125736134021,104,0.2842829997779039,0.3076923076923077,0.4423076923076923,-0.0023581699329141,-0.0023581699329141,-0.0016877013253213,0.7124808790859739,-0.2839432292087777,0.0,0.284542344015574,1.2724911019491365,BTCUSDT,BAJA,v4_63_sin_pesos,63,0.3191663931736134,0.32731355159278996,0.016294316838353085,0.0103332186563129,0.01342226731895425,0.006178097325282699,0.0200488706120746,0.0257235926366155,0.011349444049081798,1.4273320083860468,1.7922446471862337,0.7298252776003737,44,74.0,60,0.2272727272727272,0.26748251748251745,0.0804195804195805,0.4318181818181818,0.4370629370629371,0.010489510489510467,-0.0030101023683953,-0.0026841361506547,0.0006519324354812002,0.637052807871208,0.674766843478591,0.07542807121476591,-0.2839432292087777,-0.23031193586061574,0.10726258669632388,0.2155910178972153,0.2500666809563946,0.06895132611835869,1.2724911019491365,1.3294172416825758,0.11385227946687859
0.37,0.155510547233262,713,1384,80675,440588,2097,0.0040068022011617,0.3400095374344301,0.0087605052341868,0.9968685799100396,0.5028145425721132,0.0170809127388153,2.18640821142777,-0.0004179200718561,-0.0005505309847444,39,0.1068983304749704,0.2051282051282051,0.3846153846153846,-0.0030244447092761,-0.0030244447092761,-0.0030462417081225,0.635470843095374,-0.1639778078124326,0.0,0.2155910178972153,1.386343381416015,0.2236104783599088,1637,3372,116161,405630,5009,0.0095083523158694,0.3268117388700339,0.0138966705716565,0.9917555415376942,0.5028261060546754,0.0266597180942454,1.461522470981968,-0.0025738045416485,-0.0023234630140613,90,0.246014134423186,0.3333333333333333,0.4555555555555555,-0.0023113258536077,-0.0023113258536077,-0.0009411457224132,0.7276912757498272,-0.2714943110807524,0.0,0.284542344015574,1.2724911019491365,BTCUSDT,BAJA,v4_63_sin_pesos,63,0.3268117388700339,0.333410638152232,0.01319779856439618,0.0087605052341868,0.01132858790292165,0.0051361653374697,0.0170809127388153,0.02187031541653035,0.009578805355430098,1.461522470981968,1.823965341204869,0.724885740445802,39,64.5,51,0.2051282051282051,0.2692307692307692,0.12820512820512822,0.3846153846153846,0.42008547008547004,0.07094017094017091,-0.0030244447092761,-0.0026678852814419,0.0007131188556683998,0.635470843095374,0.6815810594226006,0.09222043265445312,-0.2714943110807524,-0.2177360594465925,0.1075165032683198,0.2155910178972153,0.2500666809563946,0.06895132611835869,1.2724911019491365,1.3294172416825758,0.11385227946687859
0.38,0.155510547233262,587,1121,80801,440851,1708,0.0032635279730969,0.3436768149882904,0.0072123654592814,0.9974636402306029,0.5023380028449421,0.0141282372196014,2.2099903903802978,-0.0003507492648495,-0.000640290306331,35,0.0959343991442042,0.2,0.3714285714285714,-0.0045144896809803,-0.0045144896809803,-0.0037046165186316,0.5064591386763717,-0.2048961762920994,0.0,0.2155910178972153,1.386343381416015,0.2236104783599088,1357,2773,116441,406229,4130,0.007839787395596,0.3285714285714285,0.0115197201989847,0.9932200820533884,0.5023699011261866,0.0222590381208582,1.469391913032722,-0.0024328055221189,-0.0023067540638749,81,0.2214127209808674,0.3209876543209876,0.4444444444444444,-0.003088768261177,-0.003088768261177,-0.0021062479769917,0.6540543116663026,-0.2477675335210516,0.0,0.284542344015574,1.2724911019491365,BTCUSDT,BAJA,v4_63_sin_pesos,63,0.3285714285714285,0.33612412177985945,0.015105386416861877,0.0072123654592814,0.00936604282913305,0.004307354739703299,0.0141282372196014,0.0181936376702298,0.0081308009012568,1.469391913032722,1.8396911517065098,0.7405984773475758,35,58.0,46,0.2,0.2604938271604938,0.12098765432098757,0.3714285714285714,0.40793650793650793,0.07301587301587303,-0.0045144896809803,-0.0038016289710786503,0.0014257214198032998,0.5064591386763717,0.5802567251713371,0.14759517298993086,-0.2477675335210516,-0.2263318549065755,0.04287135722895219,0.2155910178972153,0.2500666809563946,0.06895132611835869,1.2724911019491365,1.3294172416825758,0.11385227946687859
0.39,0.155510547233262,499,921,80889,441051,1420,0.002713237542036,0.3514084507042253,0.0061311249815697,0.9979161575846434,0.5020236412831066,0.0120519756545261,2.2597081481368675,-0.0003001080725736,-0.0005206340605709,29,0.0794885021480549,0.2413793103448276,0.4482758620689655,-0.0046485765099625,-0.0046485765099625,-0.0011842577686151,0.5655781293811951,-0.1868301411072062,0.0,0.2155910178972153,1.386343381416015,0.2236104783599088,1125,2368,116673,406634,3493,0.0066305998481397,0.322072716862296,0.0095502470330565,0.99421029726016,0.5018802721466084,0.018550428308778,1.4403292691137162,-0.0024275117853288,-0.0023732362485919,65,0.1776768748611899,0.3846153846153846,0.4153846153846154,-0.0030272969631872,-0.0030272969631872,-0.0021452088937803,0.6804220118591727,-0.2181417864566919,0.0,0.284542344015574,1.2724911019491365,BTCUSDT,BAJA,v4_63_sin_pesos,63,0.322072716862296,0.33674058378326066,0.02933573384192928,0.0061311249815697,0.0078406860073131,0.0034191220514868,0.0120519756545261,0.01530120198165205,0.006498452654251901,1.4403292691137162,1.8500187086252917,0.8193788790231513,29,47.0,36,0.2413793103448276,0.3129973474801061,0.14323607427055698,0.4153846153846154,0.4318302387267905,0.03289124668435012,-0.0046485765099625,-0.00383793673657485,0.0016212795467752997,0.5655781293811951,0.6230000706201839,0.11484388247797761,-0.2181417864566919,-0.20248596378194905,0.03131164534948572,0.2155910178972153,0.2500666809563946,0.06895132611835869,1.2724911019491365,1.3294172416825758,0.11385227946687859
0.4,0.155510547233262,413,735,80975,441237,1148,0.0021935188015897,0.3597560975609756,0.0050744581510787,0.998336998723901,0.50170572843749,0.0100077541921101,2.3133871236485994,-0.0003665305011654,-0.000577588832768,24,0.0657835879845972,0.25,0.4583333333333333,-0.0043654043054821,-0.0043654043054821,-0.0023210747821137,0.6189468399258777,-0.1641487980097474,0.0,0.2155910178972153,1.386343381416015,0.2236104783599088,985,2047,116813,406955,3032,0.0057555049354593,0.324868073878628,0.0083617718467206,0.9949951344981198,0.5016784531724202,0.0163038980385665,1.452830279964526,-0.0020285035487514,-0.0021324508336545,58,0.158542442183831,0.3620689655172414,0.4827586206896552,-0.003404156502446,-0.003404156502446,-0.002125728435386,0.6660776005189141,-0.2163635164953568,0.0,0.284542344015574,1.2724911019491365,BTCUSDT,BAJA,v4_63_sin_pesos,63,0.324868073878628,0.34231208571980176,0.03488802368234761,0.0050744581510787,0.00671811499889965,0.0032873136956419,0.0100077541921101,0.0131558261153383,0.006296143846456402,1.452830279964526,1.8831087018065626,0.8605568436840734,24,41.0,34,0.25,0.30603448275862066,0.11206896551724138,0.4583333333333333,0.47054597701149425,0.02442528735632188,-0.0043654043054821,-0.00388478040396405,0.0009612478030361004,0.6189468399258777,0.6425122202223958,0.047130760593036336,-0.2163635164953568,-0.1902561572525521,0.05221471848560938,0.2155910178972153,0.2500666809563946,0.06895132611835869,1.2724911019491365,1.3294172416825758,0.11385227946687859
0.41,0.155510547233262,352,606,81036,441366,958,0.0018304799755426,0.3674321503131524,0.0043249619108468,0.9986288724172572,0.501476917164052,0.0085492920117552,2.3627474589361017,-0.0011107863927354,-0.0016179576568465,18,0.0493376909884479,0.1666666666666666,0.3888888888888889,-0.0069350392098161,-0.0069350392098161,-0.0060061885719517,0.4157984336693343,-0.156417725910728,0.0,0.2155910178972153,1.386343381416015,0.2236104783599088,870,1745,116928,407257,2615,0.004963933181473,0.3326959847036329,0.0073855243722304,0.995733517195515,0.5015595207838727,0.0144502669977494,1.4878371851973191,-0.0017459678847755,-0.001921590344097,53,0.1448749902714318,0.3018867924528302,0.4150943396226415,-0.0037193011878404,-0.0037193011878404,-0.0025889049649709,0.6531340897705181,-0.2100548438612002,0.0,0.284542344015574,1.2724911019491365,BTCUSDT,BAJA,v4_63_sin_pesos,63,0.3326959847036329,0.35006406750839264,0.03473616560951953,0.0043249619108468,0.0058552431415386,0.0030605624613836,0.0085492920117552,0.0114997795047523,0.005900974985994201,1.4878371851973191,1.9252923220667104,0.8749102737387826,18,35.5,35,0.1666666666666666,0.23427672955974838,0.13522012578616358,0.3888888888888889,0.4019916142557652,0.026205450733752578,-0.0069350392098161,-0.00532717019882825,0.0032157380219757,0.4157984336693343,0.5344662617199262,0.23733565610118385,-0.2100548438612002,-0.1832362848859641,0.05363711795047221,0.2155910178972153,0.2500666809563946,0.06895132611835869,1.2724911019491365,1.3294172416825758,0.11385227946687859
0.42,0.155510547233262,306,505,81082,441467,811,0.001549602568022,0.37731196054254,0.0037597680247702,0.9988573936810476,0.501308580852909,0.0074453460504385,2.426278906835698,-0.0019834664138844,-0.003889626829147,17,0.0465967081557563,0.1176470588235294,0.3529411764705882,-0.0088975973697528,-0.0088975973697528,-0.0060087398882673,0.2980862155422959,-0.178855777148277,0.0,0.2155910178972153,1.386343381416015,0.2236104783599088,766,1494,117032,407508,2260,0.0042900531511009,0.3389380530973451,0.0065026570909523,0.9963472061261314,0.5014249316085418,0.0127604990921054,1.5157521042095912,-0.0017413442560806,-0.0020872426802341,43,0.1175400864466333,0.2790697674418604,0.3953488372093023,-0.0035336168192128,-0.0035336168192128,-0.0048038604087923,0.6838836112604324,-0.1707436575239703,0.0,0.284542344015574,1.2724911019491365,BTCUSDT,BAJA,v4_63_sin_pesos,63,0.3389380530973451,0.3581250068199425,0.03837390744519492,0.0037597680247702,0.00513121255786125,0.0027428890661821,0.0074453460504385,0.01010292257127195,0.0053151530416668995,1.5157521042095912,1.9710155055226446,0.9105268026261069,17,30.0,26,0.1176470588235294,0.1983584131326949,0.16142270861833102,0.3529411764705882,0.3741450068399452,0.042407660738714104,-0.0088975973697528,-0.0062156070944828,0.00536398055054,0.2980862155422959,0.4909849134013642,0.3857973957181365,-0.178855777148277,-0.17479971733612365,0.00811211962430669,0.2155910178972153,0.2500666809563946,0.06895132611835869,1.2724911019491365,1.3294172416825758,0.11385227946687859
0.43,0.155510547233262,283,432,81105,441540,715,0.001366172424335,0.3958041958041958,0.0034771710817319,0.9990225625152724,0.5012498667985021,0.0068937797644422,2.545191968301026,-0.0023532302729019,-0.0047885084308672,15,0.0411147424903732,0.1333333333333333,0.2666666666666666,-0.0102169964357889,-0.0102169964357889,-0.0061606402934979,0.2450735500194871,-0.1771246137675516,0.0,0.2155910178972153,1.386343381416015,0.2236104783599088,696,1288,117102,407714,1984,0.0037661351556567,0.3508064516129032,0.0059084194977843,0.9968508711448844,0.5013796453213344,0.0116211116862299,1.568828322294754,-0.0014284638116315,-0.002111662468051,35,0.0956721633867945,0.2857142857142857,0.3428571428571428,-0.0033590916947198,-0.0033590916947198,-0.0048038604087923,0.7195337059542384,-0.14988177390954,0.0,0.284542344015574,1.2724911019491365,BTCUSDT,BAJA,v4_63_sin_pesos,63,0.3508064516129032,0.3733053237085495,0.0449977441912926,0.0034771710817319,0.0046927952897581,0.0024312484160523996,0.0068937797644422,0.00925744572533605,0.0047273319217876995,1.568828322294754,2.05701014529789,0.9763636460062719,15,25.0,20,0.1333333333333333,0.2095238095238095,0.1523809523809524,0.2666666666666666,0.3047619047619047,0.0761904761904762,-0.0102169964357889,-0.0067880440652543506,0.0068579047410691,0.2450735500194871,0.48230362798686277,0.47446015593475127,-0.1771246137675516,-0.16350319383854578,0.027242839858011597,0.2155910178972153,0.2500666809563946,0.06895132611835869,1.2724911019491365,1.3294172416825758,0.11385227946687859
0.44,0.155510547233262,247,389,81141,441583,636,0.001215224701926,0.3883647798742138,0.0030348454317589,0.9991198537463912,0.5010773495890751,0.0060226275236516,2.4973533100084606,-0.0035328386926069,-0.0058521073547199,12,0.0328917939922986,0.1666666666666666,0.25,-0.009629063855984,-0.009629063855984,-0.0062296173530206,0.2529395188896208,-0.143618926641907,0.0,0.2155910178972153,1.386343381416015,0.2236104783599088,607,1127,117191,407875,1734,0.0032915717539863,0.3500576701268743,0.0051528888436136,0.9972445122517738,0.5011987005476937,0.0101562761436268,1.56547972480719,-0.0014330497679564,-0.0026470217416656,29,0.0792712210919155,0.3448275862068966,0.3793103448275862,-0.0034947908920778,-0.0034947908920778,-0.0107041339702331,0.7277346756717185,-0.1459508384894735,0.0,0.284542344015574,1.2724911019491365,BTCUSDT,BAJA,v4_63_sin_pesos,63,0.3500576701268743,0.36921122500054404,0.03830710974733953,0.0030348454317589,0.004093867137686251,0.0021180434118547005,0.0060226275236516,0.0080894518336392,0.0041336486199752,1.56547972480719,2.031416517407825,0.9318735852012705,12,20.5,17,0.1666666666666666,0.2557471264367816,0.17816091954022997,0.25,0.3146551724137931,0.1293103448275862,-0.009629063855984,-0.0065619273740308995,0.006134272963906199,0.2529395188896208,0.49033709728066965,0.47479515678209766,-0.1459508384894735,-0.14478488256569025,0.0023319118475664813,0.2155910178972153,0.2500666809563946,0.06895132611835869,1.2724911019491365,1.3294172416825758,0.11385227946687859
0.45,0.155510547233262,228,355,81160,441617,583,0.0011139559767655,0.3910806174957118,0.0028013957831621,0.999196781696578,0.5009990887398701,0.0055629429920337,2.5148173191693584,-0.0040208749837233,-0.0062985944125433,11,0.030150811159607,0.1818181818181818,0.1818181818181818,-0.0114319739104914,-0.0114319739104914,-0.0062985944125433,0.2244160107758542,-0.1516033147607735,0.0,0.2155910178972153,1.386343381416015,0.2236104783599088,553,982,117245,408020,1535,0.0029138192862566,0.3602605863192182,0.0046944769860269,0.9975990337455564,0.5011467553657916,0.0092681823133584,1.6111078021100882,-0.0011401278157528,-0.0028305133760784,28,0.0765377307094356,0.3214285714285714,0.3571428571428571,-0.0031089472835337,-0.0031089472835337,-0.0092223188738219,0.7406279380731674,-0.1600801009361738,0.0,0.284542344015574,1.2724911019491365,BTCUSDT,BAJA,v4_63_sin_pesos,63,0.3602605863192182,0.37567060190746504,0.030820031176493623,0.0028013957831621,0.0037479363845945002,0.0018930812028648,0.0055629429920337,0.0074155626526960505,0.0037052393213246994,1.6111078021100882,2.0629625606397233,0.9037095170592702,11,19.5,17,0.1818181818181818,0.2516233766233766,0.1396103896103896,0.1818181818181818,0.26948051948051943,0.1753246753246753,-0.0114319739104914,-0.00727046059701255,0.008323026626957702,0.2244160107758542,0.48252197442451084,0.5162119272973131,-0.1600801009361738,-0.15584170784847365,0.00847678617540032,0.2155910178972153,0.2500666809563946,0.06895132611835869,1.2724911019491365,1.3294172416825758,0.11385227946687859
0.46,0.155510547233262,209,325,81179,441647,534,0.0010203301742586,0.3913857677902622,0.0025679461345652,0.999264659299684,0.5009163027171247,0.0051024144918336,2.516779567389684,-0.0040203677089779,-0.0064412957499743,9,0.0246688454942239,0.2222222222222222,0.3333333333333333,-0.0042414946741695,-0.0042414946741695,-0.0052014184397162,0.494670105203209,-0.0735334719005207,0.0,0.2155910178972153,1.386343381416015,0.2236104783599088,500,867,117298,408135,1367,0.002594912680334,0.365764447695684,0.004244554236914,0.997880205964763,0.5010623801008385,0.0083917257584022,1.6357214133184463,-0.0011344667213921,-0.0032971755716373,26,0.0710707499444759,0.3076923076923077,0.3461538461538461,-0.0033298014391793,-0.0033298014391793,-0.0058978132705185,0.7172742134254309,-0.1449871380246999,0.0,0.284542344015574,1.2724911019491365,BTCUSDT,BAJA,v4_63_sin_pesos,63,0.365764447695684,0.3785751077429731,0.02562132009457818,0.0025679461345652,0.0034062501857396,0.0016766081023488,0.0051024144918336,0.0067470701251178995,0.0032893112665685993,1.6357214133184463,2.076250490354065,0.8810581540712374,9,17.5,17,0.2222222222222222,0.26495726495726496,0.0854700854700855,0.3333333333333333,0.3397435897435897,0.012820512820512775,-0.0042414946741695,-0.0037856480566744,0.0009116932349901999,0.494670105203209,0.6059721593143199,0.22260410822222187,-0.1449871380246999,-0.1092603049626103,0.0714536661241792,0.2155910178972153,0.2500666809563946,0.06895132611835869,1.2724911019491365,1.3294172416825758,0.11385227946687859
0.47,0.155510547233262,195,296,81193,441676,491,0.0009381687557321,0.3971486761710794,0.0023959306040202,0.99933027431602,0.5008631024600202,0.0047631260762832,2.5538375578819497,-0.003958667335396,-0.0062523071244002,8,0.0219278626615324,0.25,0.375,-0.0051885780756327,-0.0051885780756327,-0.0036873302760564,0.3434184515425262,-0.061935927609657,0.0,0.2155910178972153,1.386343381416015,0.2236104783599088,449,770,117349,408232,1219,0.0023139711465451,0.3683347005742411,0.0038116097047488,0.9981173686192244,0.5009644891619865,0.0075451406101649,1.647215744431232,-0.0011105660430869,-0.0035939736484751,22,0.0601367884145565,0.2727272727272727,0.3636363636363636,-0.0031560996129681,-0.0031560996129681,-0.0088866021143253,0.7492356946714991,-0.1254477773848283,0.0,0.284542344015574,1.2724911019491365,BTCUSDT,BAJA,v4_63_sin_pesos,63,0.3683347005742411,0.38274168837266026,0.028813975596838293,0.0023959306040202,0.0031037701543845,0.0014156791007286004,0.0047631260762832,0.00615413334322405,0.0027820145338817003,1.647215744431232,2.1005266511565908,0.9066218134507176,8,15.0,14,0.25,0.26136363636363635,0.022727272727272707,0.3636363636363636,0.36931818181818177,0.011363636363636409,-0.0051885780756327,-0.0041723388443004,0.0020324784626645997,0.3434184515425262,0.5463270731070127,0.4058172431289729,-0.1254477773848283,-0.09369185249724264,0.0635118497751713,0.2155910178972153,0.2500666809563946,0.06895132611835869,1.2724911019491365,1.3294172416825758,0.11385227946687859
0.48,0.155510547233262,186,285,81202,441687,471,0.000899954142464,0.3949044585987261,0.002285349191527,0.9993551627704924,0.5008202559810097,0.0045443995162413,2.5394062693791386,-0.004018728036105,-0.0063370113992344,7,0.0191868798288408,0.2857142857142857,0.4285714285714285,-0.0031741723583737,-0.0031741723583737,-0.003648059195898,0.4942119911805015,-0.043485315953698,0.0,0.2155910178972153,1.386343381416015,0.2236104783599088,398,690,117400,408312,1088,0.0020652999240698,0.3658088235294117,0.0033786651725835,0.9983129666847594,0.5008458159286715,0.0066954897969483,1.6359198648134443,-0.0015753946080649,-0.0036916768816376,17,0.0464693365021573,0.2352941176470588,0.2941176470588235,-0.0080692593588314,-0.0080692593588314,-0.0035939736484751,0.3953632548999221,-0.1252927882420123,0.0,0.284542344015574,1.2724911019491365,BTCUSDT,BAJA,v4_63_sin_pesos,63,0.3658088235294117,0.38035664106406886,0.029095635069314396,0.002285349191527,0.00283200718205525,0.0010933159810565,0.0045443995162413,0.005619944656594799,0.0021510902807069998,1.6359198648134443,2.0876630670962912,0.9034864045656943,7,12.0,10,0.2352941176470588,0.26050420168067223,0.050420168067226906,0.2941176470588235,0.361344537815126,0.134453781512605,-0.0080692593588314,-0.00562171585860255,0.004895087000457701,0.3953632548999221,0.4447876230402118,0.09884873628057944,-0.1252927882420123,-0.08438905209785515,0.08180747228831428,0.2155910178972153,0.2500666809563946,0.06895132611835869,1.2724911019491365,1.3294172416825758,0.11385227946687859
0.49,0.155510547233262,179,264,81209,441708,443,0.0008464536838887,0.4040632054176072,0.0021993414262544,0.9994026770926664,0.5008010092594605,0.0043748701592306,2.5983009680463818,-0.0033057026509252,-0.0056672997161031,7,0.0191868798288408,0.2857142857142857,0.2857142857142857,-0.0048560054847639,-0.0048560054847639,-0.0037266013562149,0.3788107191388663,-0.0490550998990851,0.0,0.2155910178972153,1.386343381416015,0.2236104783599088,348,621,117450,408381,969,0.0018394077448747,0.3591331269349845,0.0029542097488921,0.9984816700162836,0.5007179398825878,0.0058602136957235,1.606065733453453,-0.0022697675852565,-0.0043838880853976,15,0.0410023557371976,0.3333333333333333,0.4,-0.0067753022918358,-0.0067753022918358,-0.002642758979916,0.4840126329600157,-0.1061712585942781,0.0,0.284542344015574,1.2724911019491365,BTCUSDT,BAJA,v4_63_sin_pesos,63,0.3591331269349845,0.3815981661762958,0.044930078482622704,0.0021993414262544,0.00257677558757325,0.0007548683226377001,0.0043748701592306,0.00511754192747705,0.0014853435364928997,1.606065733453453,2.1021833507499172,0.9922352345929288,7,11.0,8,0.2857142857142857,0.30952380952380953,0.047619047619047616,0.2857142857142857,0.34285714285714286,0.11428571428571432,-0.0067753022918358,-0.00581565388829985,0.0019192968070718998,0.3788107191388663,0.431411676049441,0.10520191382114935,-0.1061712585942781,-0.0776131792466816,0.057116158695193,0.2155910178972153,0.2500666809563946,0.06895132611835869,1.2724911019491365,1.3294172416825758,0.11385227946687859
0.5,0.155510547233262,173,244,81215,441728,417,0.0007967746866401,0.4148681055155875,0.0021256204845923,0.9994479288280704,0.5007867746563315,0.0042295703196626,2.667781143444216,-0.002487384316835,-0.0050007023757325,6,0.0164458969961493,0.1666666666666666,0.1666666666666666,-0.0075077798053185,-0.0075077798053185,-0.0043878573342647,0.1767921151132431,-0.0538565284534624,0.0,0.2155910178972153,1.386343381416015,0.2236104783599088,300,568,117498,408434,868,0.0016476841305998,0.3456221198156682,0.0025467325421484,0.9986112537347006,0.5005789931384245,0.0050562081809448,1.545643667285472,-0.0030055123388485,-0.0050707515906907,15,0.0410023557371976,0.3333333333333333,0.3333333333333333,-0.0047803716662781,-0.0047803716662781,-0.0064153161927942,0.5926128020013165,-0.0820720293537369,0.0,0.284542344015574,1.2724911019491365,BTCUSDT,BAJA,v4_63_sin_pesos,63,0.3456221198156682,0.3802451126656279,0.0692459856999193,0.0021256204845923,0.00233617651337035,0.00042111205755610004,0.0042295703196626,0.0046428892503037,0.0008266378612821999,1.545643667285472,2.106712405364844,1.1221374761587437,6,10.5,9,0.1666666666666666,0.24999999999999994,0.1666666666666667,0.1666666666666666,0.24999999999999994,0.1666666666666667,-0.0075077798053185,-0.0061440757357983,0.0027274081390404005,0.1767921151132431,0.3847024585572798,0.4158206868880734,-0.0820720293537369,-0.06796427890359966,0.028215500900274505,0.2155910178972153,0.2500666809563946,0.06895132611835869,1.2724911019491365,1.3294172416825758,0.11385227946687859
0.51,0.155510547233262,160,218,81228,441754,378,0.0007222561907673,0.4232804232804232,0.0019658917776576,0.9995067560840958,0.5007363239308767,0.0039136071227649,2.721875980833075,-0.0022001189185608,-0.0049044428966229,6,0.0164458969961493,0.1666666666666666,0.1666666666666666,-0.0073787011760515,-0.0073787011760515,-0.0043878573342647,0.1767202347595393,-0.0529907878081801,0.0,0.2155910178972153,1.386343381416015,0.2236104783599088,262,527,117536,408475,789,0.0014977220956719,0.3320659062103929,0.0022241464201429,0.9987114977432872,0.5004678220817151,0.0044186968217426,1.4850194348939283,-0.0037243006324024,-0.0053756192292158,15,0.0410023557371976,0.4,0.4,-0.0025665659477929,-0.0025665659477929,-0.0045330804344543,0.7761439432330068,-0.0797651930236389,0.0,0.284542344015574,1.2724911019491365,BTCUSDT,BAJA,v4_63_sin_pesos,63,0.3320659062103929,0.377673164745408,0.09121451707003031,0.0019658917776576,0.00209501909890025,0.00025825464248529963,0.0039136071227649,0.00416615197225375,0.0005050896989776997,1.4850194348939283,2.1034477078635017,1.2368565459391467,6,10.5,9,0.1666666666666666,0.2833333333333333,0.23333333333333342,0.1666666666666666,0.2833333333333333,0.23333333333333342,-0.0073787011760515,-0.0049726335619222,0.0048121352282586,0.1767202347595393,0.4764320889962731,0.5994237084734675,-0.0797651930236389,-0.0663779904159095,0.026774405215458798,0.2155910178972153,0.2500666809563946,0.06895132611835869,1.2724911019491365,1.3294172416825758,0.11385227946687859
0.52,0.155510547233262,152,192,81236,441780,344,0.0006572913482115,0.4418604651162791,0.0018675971887747,0.9995655833401212,0.5007165902644479,0.0037194734008711,2.8413536765033647,-0.0018873899741728,-0.0047983459241902,5,0.0137049141634577,0.2,0.2,-0.0085006085430767,-0.0085006085430767,-0.0056054962111875,0.1827319576344123,-0.0513159185164452,0.0,0.2155910178972153,1.386343381416015,0.2236104783599088,243,478,117555,408524,721,0.0013686408504176,0.3370319001386962,0.0020628533591402,0.9988313015584276,0.5004470774587839,0.0041006083412786,1.5072276693412894,-0.0035632023085072,-0.0050817502950131,12,0.0328018845897581,0.3333333333333333,0.3333333333333333,-0.0038628540461415,-0.0038628540461415,-0.0066327974599396,0.6574260450055894,-0.0818666579363703,0.0,0.284542344015574,1.2724911019491365,BTCUSDT,BAJA,v4_63_sin_pesos,63,0.3370319001386962,0.38944618262748765,0.10482856497758286,0.0018675971887747,0.00196522527395745,0.00019525617036550012,0.0037194734008711,0.00391004087107485,0.00038113494040750056,1.5072276693412894,2.174290672922327,1.3341260071620753,5,8.5,7,0.2,0.26666666666666666,0.1333333333333333,0.2,0.26666666666666666,0.1333333333333333,-0.0085006085430767,-0.0061817312946091,0.0046377544969352,0.1827319576344123,0.42007900132000087,0.47469408737117713,-0.0818666579363703,-0.06659128822640775,0.030550739419925095,0.2155910178972153,0.2500666809563946,0.06895132611835869,1.2724911019491365,1.3294172416825758,0.11385227946687859
0.53,0.155510547233262,135,164,81253,441808,299,0.0005713084683583,0.451505016722408,0.0016587211873986,0.9996289357696868,0.5006438284785427,0.0033052994968599,2.903372309822572,-0.0015889926188877,-0.0042977503580572,4,0.0109639313307662,0.25,0.25,-0.0093634823507672,-0.0093634823507672,-0.0060257224712516,0.2023803967644449,-0.0465015970367731,0.0,0.2155910178972153,1.386343381416015,0.2236104783599088,231,450,117567,408552,681,0.0012927107061503,0.3392070484581498,0.0019609840574542,0.9988997608813648,0.5004303724694096,0.0038994252145949,1.51695506823336,-0.0035140307595443,-0.0049750021569638,10,0.0273349038247984,0.3,0.4,-0.0044214595579469,-0.0044214595579469,-0.0025991787845047,0.6090903797889695,-0.0695647706462341,0.0,0.284542344015574,1.2724911019491365,BTCUSDT,BAJA,v4_63_sin_pesos,63,0.3392070484581498,0.3953560325902789,0.1122979682642582,0.0016587211873986,0.0018098526224264002,0.0003022628700556,0.0033052994968599,0.0036023623557274002,0.0005941257177350004,1.51695506823336,2.210163689027966,1.3864172415892122,4,7.0,6,0.25,0.275,0.04999999999999999,0.25,0.325,0.15000000000000002,-0.0093634823507672,-0.0068924709543570495,0.0049420227928203,0.2023803967644449,0.4057353882767072,0.40670998302452466,-0.0695647706462341,-0.058033183841503605,0.02306317360946101,0.2155910178972153,0.2500666809563946,0.06895132611835869,1.2724911019491365,1.3294172416825758,0.11385227946687859
0.54,0.155510547233262,112,119,81276,441853,231,0.0004413787832467,0.4848484848484848,0.0013761242443603,0.999730752174346,0.5005534382093532,0.0027444590107695,3.117785214408796,-0.0008332376541824,0.0039244130300891,4,0.0109639313307662,0.5,0.5,-0.0070173399033802,-0.0070173399033802,-0.0020639908791721,0.4216899811494371,-0.0480610665560259,0.0,0.2155910178972153,1.386343381416015,0.2236104783599088,229,417,117569,408585,646,0.0012262718299164,0.3544891640866873,0.0019440058405066,0.998980445083398,0.5004622254619524,0.0038668062544324,1.5852976420725893,-0.0028311249238471,-0.004760913218238,7,0.0191344326773589,0.2857142857142857,0.2857142857142857,-0.0103347708412096,-0.0103347708412096,-0.0036947116917631,0.2443497569443893,-0.0784017862942297,0.0,0.284542344015574,1.2724911019491365,BTCUSDT,BAJA,v4_63_sin_pesos,63,0.3544891640866873,0.419668824467586,0.13035932076179751,0.0013761242443603,0.00166006504243345,0.0005678815961463,0.0027444590107695,0.00330563263260095,0.0011223472436628999,1.5852976420725893,2.351541428240693,1.5324875723362068,4,5.5,3,0.2857142857142857,0.39285714285714285,0.2142857142857143,0.2857142857142857,0.39285714285714285,0.2142857142857143,-0.0103347708412096,-0.0086760553722949,0.0033174309378294006,0.2443497569443893,0.3330198690469132,0.17734022420504783,-0.0784017862942297,-0.0632314264251278,0.0303407197382038,0.2155910178972153,0.2500666809563946,0.06895132611835869,1.2724911019491365,1.3294172416825758,0.11385227946687859
0.55,0.155510547233262,80,84,81308,441888,164,0.0003133598287985,0.4878048780487805,0.0009829458888288,0.999809942711303,0.5003964443000659,0.0019619383951343,3.1367960998625075,-0.0007962296064056,0.0039899344633621,4,0.0109639313307662,0.5,0.5,-0.0070173399033802,-0.0070173399033802,-0.0020639908791721,0.4216899811494371,-0.0480610665560259,0.0,0.2155910178972153,1.386343381416015,0.2236104783599088,224,387,117574,408615,611,0.0011598329536826,0.3666121112929623,0.0019015602981374,0.9990537943579738,0.5004776773280557,0.0037834961869452,1.639512217772225,-0.0024163315638074,-0.0043838880853976,6,0.016400942294879,0.3333333333333333,0.3333333333333333,-0.0114414473661174,-0.0114414473661174,-0.0086510783943994,0.2541583536593167,-0.0749841193047583,0.0,0.284542344015574,1.2724911019491365,BTCUSDT,BAJA,v4_63_sin_pesos,63,0.3666121112929623,0.4272084946708714,0.1211927667558182,0.0009829458888288,0.0014422530934831,0.0009186144093085999,0.0019619383951343,0.00287271729103975,0.0018215577918109,1.639512217772225,2.3881541588173665,1.4972838820902825,4,5.0,2,0.3333333333333333,0.41666666666666663,0.16666666666666669,0.3333333333333333,0.41666666666666663,0.16666666666666669,-0.0114414473661174,-0.009229393634748801,0.004424107462737201,0.2541583536593167,0.3379241674043769,0.1675316274901204,-0.0749841193047583,-0.0615225929303921,0.026923052748732405,0.2155910178972153,0.2500666809563946,0.06895132611835869,1.2724911019491365,1.3294172416825758,0.11385227946687859
0.56,0.155510547233262,52,44,81336,441928,96,0.0001834301436869,0.5416666666666666,0.0006389148277387,0.999900446182111,0.5002696805049249,0.0012763241863433,3.4831506692223257,0.0005211737681525,0.0066723932743391,4,0.0109639313307662,0.25,0.5,-0.0091290953172951,-0.0091290953172951,-0.009501292357987,0.2768103421215691,-0.04985924115542,0.0,0.2155910178972153,1.386343381416015,0.2236104783599088,222,362,117576,408640,584,0.0011085801063022,0.3801369863013699,0.0018845820811898,0.9991149187534536,0.5004997504173216,0.0037505701880353,1.699996302004802,-0.0021604902128088,-0.0044229233522247,6,0.016400942294879,0.3333333333333333,0.3333333333333333,-0.0114414473661174,-0.0114414473661174,-0.0086510783943994,0.2541583536593167,-0.0749841193047583,0.0,0.284542344015574,1.2724911019491365,BTCUSDT,BAJA,v4_63_sin_pesos,63,0.3801369863013699,0.46090182648401823,0.16152968036529675,0.0006389148277387,0.0012617484544642501,0.0012456672534511,0.0012763241863433,0.0025134471871893,0.002474246001692,1.699996302004802,2.591573485613564,1.7831543672175239,4,5.0,2,0.25,0.29166666666666663,0.08333333333333331,0.3333333333333333,0.41666666666666663,0.16666666666666669,-0.0114414473661174,-0.01028527134170625,0.0023123520488223005,0.2541583536593167,0.2654843478904429,0.02265198846225236,-0.0749841193047583,-0.06242168023008915,0.025124878149338302,0.2155910178972153,0.2500666809563946,0.06895132611835869,1.2724911019491365,1.3294172416825758,0.11385227946687859
0.57,0.155510547233262,28,18,81360,441954,46,8.789361051666157e-05,0.6086956521739131,0.00034403106109,0.9999592734381364,0.5001516522496132,0.0006876734533487,3.914176002871912,0.0035166221995603,0.0079225586517954,3,0.0082229484980746,0.0,0.3333333333333333,-0.0107326503395982,-0.0107326503395982,-0.0109795328038637,0.1219987207385017,-0.036389782670812,0.0,0.2155910178972153,1.386343381416015,0.2236104783599088,218,334,117580,408668,552,0.0010478359908883,0.394927536231884,0.0018506256472945,0.9991833780763908,0.5005170018618427,0.0036839881706801,1.766140563396293,-0.0017612149990425,-0.0040682157308477,6,0.016400942294879,0.3333333333333333,0.3333333333333333,-0.0118447399137123,-0.0118447399137123,-0.0086510783943994,0.2476477647796585,-0.077274471842007,0.0,0.284542344015574,1.2724911019491365,BTCUSDT,BAJA,v4_63_sin_pesos,63,0.394927536231884,0.5018115942028986,0.2137681159420291,0.00034403106109,0.00109732835419225,0.0015065945862044999,0.0006876734533487,0.0021858308120144,0.0029963147173314,1.766140563396293,2.8401582831341026,2.1480354394756187,3,4.5,3,0.0,0.16666666666666666,0.3333333333333333,0.3333333333333333,0.3333333333333333,0.0,-0.0118447399137123,-0.01128869512665525,0.0011120895741141001,0.1219987207385017,0.1848232427590801,0.1256490440411568,-0.077274471842007,-0.0568321272564095,0.040884689171195004,0.2155910178972153,0.2500666809563946,0.06895132611835869,1.2724911019491365,1.3294172416825758,0.11385227946687859
0.58,0.155510547233262,17,7,81371,441965,24,4.585753592173647e-05,0.7083333333333334,0.0002088760013761,0.9999841618926086,0.5000965189469924,0.0004176288507836,4.55488933667535,0.0070726146438084,0.0094232540865734,3,0.0082229484980746,0.3333333333333333,0.6666666666666666,0.0015876817608692,0.0015876817608692,0.0044739215391552,1.6994021626890754,-0.0068101666490343,0.0,0.2155910178972153,1.386343381416015,0.2236104783599088,209,320,117589,408682,529,0.0010041761579347,0.3950850661625709,0.00177422367103,0.9992176077378596,0.5004959157044447,0.0035325834340429,1.7668450470673724,-0.0016909821547541,-0.0040912727811526,6,0.016400942294879,0.3333333333333333,0.3333333333333333,-0.0102949084683832,-0.0102949084683832,-0.0086510783943994,0.2906522375045292,-0.0702868303699322,0.0,0.284542344015574,1.2724911019491365,BTCUSDT,BAJA,v4_63_sin_pesos,63,0.3950850661625709,0.5517091997479522,0.3132482671707625,0.0002088760013761,0.00099154983620305,0.0015653476696539,0.0004176288507836,0.00197510614241325,0.0031149545832593,1.7668450470673724,3.160867191871361,2.788044289607978,3,4.5,3,0.3333333333333333,0.3333333333333333,0.0,0.3333333333333333,0.5,0.3333333333333333,-0.0102949084683832,-0.004353613353757,0.0118825902292524,0.2906522375045292,0.9950272000968023,1.4087499251845461,-0.0702868303699322,-0.038548498509483255,0.0634766637208979,0.2155910178972153,0.2500666809563946,0.06895132611835869,1.2724911019491365,1.3294172416825758,0.11385227946687859
0.59,0.155510547233262,7,2,81381,441970,9,1.7196575970651177e-05,0.7777777777777778,8.600776527252175e-05,0.9999954748264596,0.5000407412958661,0.0001719965109279,5.001447114780776,0.0092969884755864,0.0095273818454613,3,0.0082229484980746,0.3333333333333333,0.6666666666666666,0.0083487601557226,0.0083487601557226,0.0044739215391552,4.325126998091823,-0.0075324282295206,0.0,0.2155910178972153,1.386343381416015,0.2236104783599088,201,298,117597,408704,499,0.0009472285497342,0.4028056112224449,0.0017063108032394,0.9992713972058817,0.5004888540045606,0.0033982264977133,1.8013718059048878,-0.0014877060865937,-0.0044619586190517,6,0.016400942294879,0.3333333333333333,0.3333333333333333,-0.0085284096742492,-0.0085284096742492,-0.0086510783943994,0.4123689065665442,-0.0702868303699322,0.0,0.284542344015574,1.2724911019491365,BTCUSDT,BAJA,v4_63_sin_pesos,63,0.4028056112224449,0.5902916945001113,0.3749721665553329,8.600776527252175e-05,0.0008961592842559609,0.0016203030379668784,0.0001719965109279,0.0017851115043206,0.0032262299867854,1.8013718059048878,3.4014094603428315,3.200075308875888,3,4.5,3,0.3333333333333333,0.3333333333333333,0.0,0.3333333333333333,0.5,0.3333333333333333,-0.0085284096742492,-8.98247592633003e-05,0.0168771698299718,0.4123689065665442,2.368747952329184,3.912758091525279,-0.0702868303699322,-0.038909629299726405,0.0627544021404116,0.2155910178972153,0.2500666809563946,0.06895132611835869,1.2724911019491365,1.3294172416825758,0.11385227946687859
0.6,0.155510547233262,4,1,81384,441971,5,9.553653317028431e-06,0.8,4.9147294441441e-05,0.9999977374132298,0.5000234423538357,9.828855061246054e-05,5.1443456037745126,0.0100793434391275,0.0095273818454613,3,0.0082229484980746,0.6666666666666666,0.6666666666666666,0.0105167363408302,0.0105167363408302,0.0109778500944781,5.188584087511289,-0.0075324282295206,0.0,0.2155910178972153,1.386343381416015,0.2236104783599088,197,275,117601,408727,472,0.0008959757023538,0.4173728813559322,0.0016723543693441,0.9993276316497228,0.5004999930095335,0.0033313604464361,1.8665175461239163,-0.0009047720081126,-0.0038555839216611,6,0.016400942294879,0.3333333333333333,0.3333333333333333,-0.0086788723214772,-0.0086788723214772,-0.0086510783943994,0.408137623853147,-0.0711722087404932,0.0,0.284542344015574,1.2724911019491365,BTCUSDT,BAJA,v4_63_sin_pesos,63,0.4173728813559322,0.6086864406779662,0.38262711864406784,4.9147294441441e-05,0.0008607508318927706,0.001623207074902659,9.828855061246054e-05,0.0017148244985242802,0.0032330718958236398,1.8665175461239163,3.505431574949214,3.2778280576505963,3,4.5,3,0.3333333333333333,0.5,0.3333333333333333,0.3333333333333333,0.5,0.3333333333333333,-0.0086788723214772,0.0009189320096765,0.0191956086623074,0.408137623853147,2.798360855682218,4.7804464636581425,-0.0711722087404932,-0.0393523184850069,0.06363978051097259,0.2155910178972153,0.2500666809563946,0.06895132611835869,1.2724911019491365,1.3294172416825758,0.11385227946687859
0.61,0.155510547233262,2,0,81386,441972,2,3.821461326811372e-06,1.0,2.45736472207205e-05,1.0,0.5000122868236103,4.914608674284311e-05,6.43043200471814,0.0188160845014973,0.0188160845014973,2,0.0054819656653831,1.0,1.0,0.0188160845014973,0.0188160845014973,0.0188160845014973,inf,0.0,0.0,0.2155910178972153,1.386343381416015,0.2236104783599088,195,257,117603,408745,452,0.0008580106302201,0.4314159292035398,0.0016553761523964,0.9993716412144684,0.5005135086834325,0.0032980972515856,1.9293189315983696,-0.0004127343685696,-0.0034857608965058,5,0.0136674519123992,0.2,0.2,-0.0091278552212491,-0.0091278552212491,-0.0146593978088829,0.2595756713396801,-0.042812541059587,0.0,0.284542344015574,1.2724911019491365,BTCUSDT,BAJA,v4_63_sin_pesos,63,0.4314159292035398,0.7157079646017699,0.5685840707964602,2.45736472207205e-05,0.0008399748998085603,0.0016308025051756795,4.914608674284311e-05,0.0016736216691642216,0.0032489511648427566,1.9293189315983696,4.179875468158255,4.501113073119771,2,3.5,3,0.2,0.6,0.8,0.2,0.6,0.8,-0.0091278552212491,0.0048441146401241,0.0279439397227464,0.2595756713396801,inf,inf,-0.042812541059587,-0.0214062705297935,0.042812541059587,0.2155910178972153,0.2500666809563946,0.06895132611835869,1.2724911019491365,1.3294172416825758,0.11385227946687859
0.62,0.155510547233262,0,0,81388,441972,0,0.0,0.0,0.0,1.0,0.5,0.0,0.0,0.0,0.0,0,0.0,0.0,0.0,0.0,0.0,0.0,0.0,0.0,0.0,0.2155910178972153,1.386343381416015,0.2236104783599088,189,234,117609,408768,423,0.0008029612756264,0.4468085106382978,0.0016044415015535,0.9994278756583096,0.5005161585799316,0.0031974014768949,1.9981555154098996,0.0001654923887963,-0.0028574118712325,5,0.0136674519123992,0.2,0.2,-0.0099121897407616,-0.0099121897407616,-0.0146593978088829,0.2440485986984365,-0.0466321270073445,0.0,0.284542344015574,1.2724911019491365,BTCUSDT,BAJA,v4_63_sin_pesos,63,0.0,0.2234042553191489,0.4468085106382978,0.0,0.00080222075077675,0.0016044415015535,0.0,0.00159870073844745,0.0031974014768949,0.0,0.9990777577049498,1.9981555154098996,0,2.5,5,0.0,0.1,0.2,0.0,0.1,0.2,-0.0099121897407616,-0.0049560948703808,0.0099121897407616,0.0,0.12202429934921825,0.2440485986984365,-0.0466321270073445,-0.02331606350367225,0.0466321270073445,0.2155910178972153,0.2500666809563946,0.06895132611835869,1.2724911019491365,1.3294172416825758,0.11385227946687859
0.63,0.155510547233262,0,0,81388,441972,0,0.0,0.0,0.0,1.0,0.5,0.0,0.0,0.0,0.0,0,0.0,0.0,0.0,0.0,0.0,0.0,0.0,0.0,0.0,0.2155910178972153,1.386343381416015,0.2236104783599088,183,214,117615,408788,397,0.0007536066818526,0.4609571788413098,0.0015535068507105,0.9994767751746936,0.500515141012702,0.0030965776894115,2.061429241698518,0.0004940625188467,-0.002551978359129,5,0.0136674519123992,0.2,0.2,-0.0113664439260629,-0.0113664439260629,-0.0146593978088829,0.2196838102717815,-0.053714116531529,0.0,0.284542344015574,1.2724911019491365,BTCUSDT,BAJA,v4_63_sin_pesos,63,0.0,0.2304785894206549,0.4609571788413098,0.0,0.00077675342535525,0.0015535068507105,0.0,0.00154828884470575,0.0030965776894115,0.0,1.030714620849259,2.061429241698518,0,2.5,5,0.0,0.1,0.2,0.0,0.1,0.2,-0.0113664439260629,-0.00568322196303145,0.0113664439260629,0.0,0.10984190513589075,0.2196838102717815,-0.053714116531529,-0.0268570582657645,0.053714116531529,0.2155910178972153,0.2500666809563946,0.06895132611835869,1.2724911019491365,1.3294172416825758,0.11385227946687859
0.64,0.155510547233262,0,0,81388,441972,0,0.0,0.0,0.0,1.0,0.5,0.0,0.0,0.0,0.0,0,0.0,0.0,0.0,0.0,0.0,0.0,0.0,0.0,0.0,0.2155910178972153,1.386343381416015,0.2236104783599088,178,179,117620,408823,357,0.0006776765375854,0.4985994397759103,0.0015110613083413,0.9995623493283652,0.5005367053183533,0.003012991409589,2.2297677793676427,0.0013008806546915,0.00458875309445,5,0.0136674519123992,0.2,0.2,-0.0114743247530993,-0.0114743247530993,-0.0146593978088829,0.2180687685645956,-0.0542394792189153,0.0,0.284542344015574,1.2724911019491365,BTCUSDT,BAJA,v4_63_sin_pesos,63,0.0,0.24929971988795516,0.4985994397759103,0.0,0.00075553065417065,0.0015110613083413,0.0,0.0015064957047945,0.003012991409589,0.0,1.1148838896838213,2.2297677793676427,0,2.5,5,0.0,0.1,0.2,0.0,0.1,0.2,-0.0114743247530993,-0.00573716237654965,0.0114743247530993,0.0,0.1090343842822978,0.2180687685645956,-0.0542394792189153,-0.02711973960945765,0.0542394792189153,0.2155910178972153,0.2500666809563946,0.06895132611835869,1.2724911019491365,1.3294172416825758,0.11385227946687859
0.65,0.155510547233262,0,0,81388,441972,0,0.0,0.0,0.0,1.0,0.5,0.0,0.0,0.0,0.0,0,0.0,0.0,0.0,0.0,0.0,0.0,0.0,0.0,0.0,0.2155910178972153,1.386343381416015,0.2236104783599088,171,147,117627,408855,318,0.0006036446469248,0.5377358490566038,0.0014516375490246,0.9996405885545792,0.5005461130518019,0.0028954587016153,2.404788241591698,0.0025652230109499,0.0089993390000087,5,0.0136674519123992,0.2,0.2,-0.0094852033430705,-0.0094852033430705,-0.0048995138780967,0.2522633118477222,-0.0446889592179221,0.0,0.284542344015574,1.2724911019491365,BTCUSDT,BAJA,v4_63_sin_pesos,63,0.0,0.2688679245283019,0.5377358490566038,0.0,0.0007258187745123,0.0014516375490246,0.0,0.00144772935080765,0.0028954587016153,0.0,1.202394120795849,2.404788241591698,0,2.5,5,0.0,0.1,0.2,0.0,0.1,0.2,-0.0094852033430705,-0.00474260167153525,0.0094852033430705,0.0,0.1261316559238611,0.2522633118477222,-0.0446889592179221,-0.02234447960896105,0.0446889592179221,0.2155910178972153,0.2500666809563946,0.06895132611835869,1.2724911019491365,1.3294172416825758,0.11385227946687859
0.66,0.155510547233262,0,0,81388,441972,0,0.0,0.0,0.0,1.0,0.5,0.0,0.0,0.0,0.0,0,0.0,0.0,0.0,0.0,0.0,0.0,0.0,0.0,0.0,0.2155910178972153,1.386343381416015,0.2236104783599088,159,130,117639,408872,289,0.000548595292331,0.5501730103806228,0.0013497682473386,0.9996821531435054,0.500515960695422,0.0026929297890538,2.4604080024152544,0.0030766154804763,0.0100273082660083,5,0.0136674519123992,0.2,0.2,-0.0080263136086993,-0.0080263136086993,-0.002642758979916,0.2850455651095546,-0.0375878724682706,0.0,0.284542344015574,1.2724911019491365,BTCUSDT,BAJA,v4_63_sin_pesos,63,0.0,0.2750865051903114,0.5501730103806228,0.0,0.0006748841236693,0.0013497682473386,0.0,0.0013464648945269,0.0026929297890538,0.0,1.2302040012076272,2.4604080024152544,0,2.5,5,0.0,0.1,0.2,0.0,0.1,0.2,-0.0080263136086993,-0.00401315680434965,0.0080263136086993,0.0,0.1425227825547773,0.2850455651095546,-0.0375878724682706,-0.0187939362341353,0.0375878724682706,0.2155910178972153,0.2500666809563946,0.06895132611835869,1.2724911019491365,1.3294172416825758,0.11385227946687859
0.67,0.155510547233262,0,0,81388,441972,0,0.0,0.0,0.0,1.0,0.5,0.0,0.0,0.0,0.0,0,0.0,0.0,0.0,0.0,0.0,0.0,0.0,0.0,0.0,0.2155910178972153,1.386343381416015,0.2236104783599088,143,117,117655,408885,260,0.0004935459377372,0.55,0.0012139425117574,0.9997139378291549,0.5004639401704561,0.0024225380745057,2.459634289206948,0.0031784430739883,0.0102765612876166,4,0.0109339615299193,0.25,0.25,-0.0097295318430828,-0.0097295318430828,-0.0139053277544457,0.2913437660495913,-0.0364186236362132,0.0,0.284542344015574,1.2724911019491365,BTCUSDT,BAJA,v4_63_sin_pesos,63,0.0,0.275,0.55,0.0,0.0006069712558787,0.0012139425117574,0.0,0.00121126903725285,0.0024225380745057,0.0,1.229817144603474,2.459634289206948,0,2.0,4,0.0,0.125,0.25,0.0,0.125,0.25,-0.0097295318430828,-0.0048647659215414,0.0097295318430828,0.0,0.14567188302479564,0.2913437660495913,-0.0364186236362132,-0.0182093118181066,0.0364186236362132,0.2155910178972153,0.2500666809563946,0.06895132611835869,1.2724911019491365,1.3294172416825758,0.11385227946687859
0.68,0.155510547233262,0,0,81388,441972,0,0.0,0.0,0.0,1.0,0.5,0.0,0.0,0.0,0.0,0,0.0,0.0,0.0,0.0,0.0,0.0,0.0,0.0,0.0,0.2155910178972153,1.386343381416015,0.2236104783599088,134,96,117664,408906,230,0.0004365983295368,0.5826086956521739,0.0011375405354929,0.999765282321358,0.5004514114284254,0.0022706476429321,2.6054624091204026,0.0045829262181642,0.0120365506723799,4,0.0109339615299193,0.25,0.25,-0.0098496953489971,-0.0098496953489971,-0.0141456547662744,0.2888159963571207,-0.0368937303381996,0.0,0.284542344015574,1.2724911019491365,BTCUSDT,BAJA,v4_63_sin_pesos,63,0.0,0.29130434782608694,0.5826086956521739,0.0,0.00056877026774645,0.0011375405354929,0.0,0.00113532382146605,0.0022706476429321,0.0,1.3027312045602013,2.6054624091204026,0,2.0,4,0.0,0.125,0.25,0.0,0.125,0.25,-0.0098496953489971,-0.00492484767449855,0.0098496953489971,0.0,0.14440799817856034,0.2888159963571207,-0.0368937303381996,-0.0184468651690998,0.0368937303381996,0.2155910178972153,0.2500666809563946,0.06895132611835869,1.2724911019491365,1.3294172416825758,0.11385227946687859
0.69,0.155510547233262,0,0,81388,441972,0,0.0,0.0,0.0,1.0,0.5,0.0,0.0,0.0,0.0,0,0.0,0.0,0.0,0.0,0.0,0.0,0.0,0.0,0.0,0.2155910178972153,1.386343381416015,0.2236104783599088,114,84,117684,408918,198,0.000375854214123,0.5757575757575758,0.0009677583660164,0.999794622031188,0.5003811901986023,0.0019322688904708,2.5748237738254547,0.004599686187196,0.0121689657810419,4,0.0109339615299193,0.25,0.25,-0.0098496953489971,-0.0098496953489971,-0.0141456547662744,0.2888159963571207,-0.0368937303381996,0.0,0.284542344015574,1.2724911019491365,BTCUSDT,BAJA,v4_63_sin_pesos,63,0.0,0.2878787878787879,0.5757575757575758,0.0,0.0004838791830082,0.0009677583660164,0.0,0.0009661344452354,0.0019322688904708,0.0,1.2874118869127273,2.5748237738254547,0,2.0,4,0.0,0.125,0.25,0.0,0.125,0.25,-0.0098496953489971,-0.00492484767449855,0.0098496953489971,0.0,0.14440799817856034,0.2888159963571207,-0.0368937303381996,-0.0184468651690998,0.0368937303381996,0.2155910178972153,0.2500666809563946,0.06895132611835869,1.2724911019491365,1.3294172416825758,0.11385227946687859
0.7,0.155510547233262,0,0,81388,441972,0,0.0,0.0,0.0,1.0,0.5,0.0,0.0,0.0,0.0,0,0.0,0.0,0.0,0.0,0.0,0.0,0.0,0.0,0.0,0.2155910178972153,1.386343381416015,0.2236104783599088,106,71,117692,408931,177,0.0003359908883826,0.5988700564971752,0.0008998454982257,0.9998264067168376,0.5003631261075316,0.0017969908878999,2.6781842286177344,0.0058248052012677,0.0126937407324723,4,0.0109339615299193,0.25,0.25,-0.010356954449185,-0.010356954449185,-0.0148751535593838,0.2786115795106383,-0.0388993492347939,0.0,0.284542344015574,1.2724911019491365,BTCUSDT,BAJA,v4_63_sin_pesos,63,0.0,0.2994350282485876,0.5988700564971752,0.0,0.00044992274911285,0.0008998454982257,0.0,0.00089849544394995,0.0017969908878999,0.0,1.3390921143088672,2.6781842286177344,0,2.0,4,0.0,0.125,0.25,0.0,0.125,0.25,-0.010356954449185,-0.0051784772245925,0.010356954449185,0.0,0.13930578975531915,0.2786115795106383,-0.0388993492347939,-0.01944967461739695,0.0388993492347939,0.2155910178972153,0.2500666809563946,0.06895132611835869,1.2724911019491365,1.3294172416825758,0.11385227946687859
0.71,0.155510547233262,0,0,81388,441972,0,0.0,0.0,0.0,1.0,0.5,0.0,0.0,0.0,0.0,0,0.0,0.0,0.0,0.0,0.0,0.0,0.0,0.0,0.0,0.2155910178972153,1.386343381416015,0.2236104783599088,99,60,117699,408942,159,0.0003018223234624,0.6226415094339622,0.0008404217389089,0.9998533014508486,0.5003468615948788,0.0016785777868206,2.7844916481588085,0.0067394369385733,0.0131707698676306,4,0.0109339615299193,0.25,0.25,-0.0096155915063988,-0.0096155915063988,-0.0136774470810778,0.2937818356911243,-0.0359681223199175,0.0,0.284542344015574,1.2724911019491365,BTCUSDT,BAJA,v4_63_sin_pesos,63,0.0,0.3113207547169811,0.6226415094339622,0.0,0.00042021086945445,0.0008404217389089,0.0,0.0008392888934103,0.0016785777868206,0.0,1.3922458240794042,2.7844916481588085,0,2.0,4,0.0,0.125,0.25,0.0,0.125,0.25,-0.0096155915063988,-0.0048077957531994,0.0096155915063988,0.0,0.14689091784556216,0.2937818356911243,-0.0359681223199175,-0.01798406115995875,0.0359681223199175,0.2155910178972153,0.2500666809563946,0.06895132611835869,1.2724911019491365,1.3294172416825758,0.11385227946687859
0.72,0.155510547233262,0,0,81388,441972,0,0.0,0.0,0.0,1.0,0.5,0.0,0.0,0.0,0.0,0,0.0,0.0,0.0,0.0,0.0,0.0,0.0,0.0,0.0,0.2155910178972153,1.386343381416015,0.2236104783599088,85,47,117713,408955,132,0.000250569476082,0.6439393939393939,0.0007215742202753,0.999885086136498,0.5003033301783867,0.0014415331128635,2.8797371154626794,0.0077709530033871,0.0136299695263248,4,0.0109339615299193,0.5,0.5,0.0060411835758395,0.0060411835758395,0.0066786586477479,2.0429259242480606,-0.0205273758700548,0.0,0.284542344015574,1.2724911019491365,BTCUSDT,BAJA,v4_63_sin_pesos,63,0.0,0.32196969696969696,0.6439393939393939,0.0,0.00036078711013765,0.0007215742202753,0.0,0.00072076655643175,0.0014415331128635,0.0,1.4398685577313397,2.8797371154626794,0,2.0,4,0.0,0.25,0.5,0.0,0.25,0.5,0.0,0.00302059178791975,0.0060411835758395,0.0,1.0214629621240303,2.0429259242480606,-0.0205273758700548,-0.0102636879350274,0.0205273758700548,0.2155910178972153,0.2500666809563946,0.06895132611835869,1.2724911019491365,1.3294172416825758,0.11385227946687859
0.73,0.155510547233262,0,0,81388,441972,0,0.0,0.0,0.0,1.0,0.5,0.0,0.0,0.0,0.0,0,0.0,0.0,0.0,0.0,0.0,0.0,0.0,0.0,0.0,0.2155910178972153,1.386343381416015,0.2236104783599088,76,41,117722,408961,117,0.0002220956719817,0.6495726495726496,0.0006451722440109,0.9998997559914132,0.5002724641177121,0.0012890641563838,2.9049293858543592,0.0082352936731967,0.0138685215787595,4,0.0109339615299193,0.5,0.5,0.0007607931383903,0.0007607931383903,0.0033531736765457,1.1364283682324636,-0.0196632510749421,0.0,0.284542344015574,1.2724911019491365,BTCUSDT,BAJA,v4_63_sin_pesos,63,0.0,0.3247863247863248,0.6495726495726496,0.0,0.00032258612200545,0.0006451722440109,0.0,0.0006445320781919,0.0012890641563838,0.0,1.4524646929271796,2.9049293858543592,0,2.0,4,0.0,0.25,0.5,0.0,0.25,0.5,0.0,0.00038039656919515,0.0007607931383903,0.0,0.5682141841162318,1.1364283682324636,-0.0196632510749421,-0.00983162553747105,0.0196632510749421,0.2155910178972153,0.2500666809563946,0.06895132611835869,1.2724911019491365,1.3294172416825758,0.11385227946687859
0.74,0.155510547233262,0,0,81388,441972,0,0.0,0.0,0.0,1.0,0.5,0.0,0.0,0.0,0.0,0,0.0,0.0,0.0,0.0,0.0,0.0,0.0,0.0,0.0,0.2155910178972153,1.386343381416015,0.2236104783599088,69,26,117729,408976,95,0.0001803340926347,0.7263157894736842,0.0005857484846941,0.9999364306287012,0.5002610895566976,0.0011705529590391,3.24812949196707,0.0118984879346731,0.0189141076991544,4,0.0109339615299193,0.5,0.5,0.0012733766095066,0.0012733766095066,0.0033531736765457,1.2514606965069783,-0.0176129171904766,0.0,0.284542344015574,1.2724911019491365,BTCUSDT,BAJA,v4_63_sin_pesos,63,0.0,0.3631578947368421,0.7263157894736842,0.0,0.00029287424234705,0.0005857484846941,0.0,0.00058527647951955,0.0011705529590391,0.0,1.624064745983535,3.24812949196707,0,2.0,4,0.0,0.25,0.5,0.0,0.25,0.5,0.0,0.0006366883047533,0.0012733766095066,0.0,0.6257303482534892,1.2514606965069783,-0.0176129171904766,-0.0088064585952383,0.0176129171904766,0.2155910178972153,0.2500666809563946,0.06895132611835869,1.2724911019491365,1.3294172416825758,0.11385227946687859
0.75,0.155510547233262,0,0,81388,441972,0,0.0,0.0,0.0,1.0,0.5,0.0,0.0,0.0,0.0,0,0.0,0.0,0.0,0.0,0.0,0.0,0.0,0.0,0.0,0.2155910178972153,1.386343381416015,0.2236104783599088,62,11,117736,408991,73,0.0001385725132877,0.8493150684931506,0.0005263247253773,0.9999731052659888,0.5002497149956832,0.0010519975227155,3.798189936010728,0.0182301636606302,0.0251216294558286,4,0.0109339615299193,0.5,0.5,0.0045806825248569,0.0045806825248569,0.0066786586477479,1.8716948989817184,-0.0183769006748919,0.0,0.284542344015574,1.2724911019491365,BTCUSDT,BAJA,v4_63_sin_pesos,63,0.0,0.4246575342465753,0.8493150684931506,0.0,0.00026316236268865,0.0005263247253773,0.0,0.00052599876135775,0.0010519975227155,0.0,1.899094968005364,3.798189936010728,0,2.0,4,0.0,0.25,0.5,0.0,0.25,0.5,0.0,0.00229034126242845,0.0045806825248569,0.0,0.9358474494908592,1.8716948989817184,-0.0183769006748919,-0.00918845033744595,0.0183769006748919,0.2155910178972153,0.2500666809563946,0.06895132611835869,1.2724911019491365,1.3294172416825758,0.11385227946687859
0.76,0.155510547233262,0,0,81388,441972,0,0.0,0.0,0.0,1.0,0.5,0.0,0.0,0.0,0.0,0,0.0,0.0,0.0,0.0,0.0,0.0,0.0,0.0,0.0,0.2155910178972153,1.386343381416015,0.2236104783599088,58,3,117740,408999,61,0.0001157934700075,0.9508196721311476,0.000492368291482,0.9999926650725424,0.5002425166820123,0.0009842269152122,4.252124851684141,0.0226795970230651,0.0268893574520031,3,0.0082004711474395,0.6666666666666666,0.6666666666666666,0.0132117465516902,0.0132117465516902,0.0160000762754118,15.99767476197533,0.0,0.0,0.284542344015574,1.2724911019491365,BTCUSDT,BAJA,v4_63_sin_pesos,63,0.0,0.4754098360655738,0.9508196721311476,0.0,0.000246184145741,0.000492368291482,0.0,0.0004921134576061,0.0009842269152122,0.0,2.1260624258420706,4.252124851684141,0,1.5,3,0.0,0.3333333333333333,0.6666666666666666,0.0,0.3333333333333333,0.6666666666666666,0.0,0.0066058732758451,0.0132117465516902,0.0,7.998837380987665,15.99767476197533,0.0,0.0,0.0,0.2155910178972153,0.2500666809563946,0.06895132611835869,1.2724911019491365,1.3294172416825758,0.11385227946687859
0.77,0.155510547233262,0,0,81388,441972,0,0.0,0.0,0.0,1.0,0.5,0.0,0.0,0.0,0.0,0,0.0,0.0,0.0,0.0,0.0,0.0,0.0,0.0,0.0,0.2155910178972153,1.386343381416015,0.2236104783599088,56,2,117742,409000,58,0.0001100987091875,0.9655172413793104,0.0004753900745343,0.9999951100483616,0.500235250061448,0.000950312245452,4.3178532976673685,0.0232336846599887,0.0273669209369211,2,0.0054669807649596,1.0,1.0,0.0118232238988313,0.0118232238988313,0.0118232238988313,inf,0.0,0.0,0.284542344015574,1.2724911019491365,BTCUSDT,BAJA,v4_63_sin_pesos,63,0.0,0.4827586206896552,0.9655172413793104,0.0,0.00023769503726715,0.0004753900745343,0.0,0.000475156122726,0.000950312245452,0.0,2.1589266488336842,4.3178532976673685,0,1.0,2,0.0,0.5,1.0,0.0,0.5,1.0,0.0,0.00591161194941565,0.0118232238988313,0.0,inf,inf,0.0,0.0,0.0,0.2155910178972153,0.2500666809563946,0.06895132611835869,1.2724911019491365,1.3294172416825758,0.11385227946687859
0.78,0.155510547233262,0,0,81388,441972,0,0.0,0.0,0.0,1.0,0.5,0.0,0.0,0.0,0.0,0,0.0,0.0,0.0,0.0,0.0,0.0,0.0,0.0,0.0,0.2155910178972153,1.386343381416015,0.2236104783599088,54,1,117744,409001,55,0.0001044039483675,0.9818181818181818,0.0004584118575867,0.9999975550241808,0.5002279834408838,0.0009163958490662,4.390752119576039,0.0237553705080152,0.0273953955782934,2,0.0054669807649596,1.0,1.0,0.0118232238988313,0.0118232238988313,0.0118232238988313,inf,0.0,0.0,0.284542344015574,1.2724911019491365,BTCUSDT,BAJA,v4_63_sin_pesos,63,0.0,0.4909090909090909,0.9818181818181818,0.0,0.00022920592879335,0.0004584118575867,0.0,0.0004581979245331,0.0009163958490662,0.0,2.1953760597880194,4.390752119576039,0,1.0,2,0.0,0.5,1.0,0.0,0.5,1.0,0.0,0.00591161194941565,0.0118232238988313,0.0,inf,inf,0.0,0.0,0.0,0.2155910178972153,0.2500666809563946,0.06895132611835869,1.2724911019491365,1.3294172416825758,0.11385227946687859
0.79,0.155510547233262,0,0,81388,441972,0,0.0,0.0,0.0,1.0,0.5,0.0,0.0,0.0,0.0,0,0.0,0.0,0.0,0.0,0.0,0.0,0.0,0.0,0.0,0.2155910178972153,1.386343381416015,0.2236104783599088,54,0,117744,409002,54,0.0001025056947608,1.0,0.0004584118575867,1.0,0.5002292059287934,0.0009164036248854,4.472062344012632,0.0246002955003461,0.0276732545697159,2,0.0054669807649596,1.0,1.0,0.0118232238988313,0.0118232238988313,0.0118232238988313,inf,0.0,0.0,0.284542344015574,1.2724911019491365,BTCUSDT,BAJA,v4_63_sin_pesos,63,0.0,0.5,1.0,0.0,0.00022920592879335,0.0004584118575867,0.0,0.0004582018124427,0.0009164036248854,0.0,2.236031172006316,4.472062344012632,0,1.0,2,0.0,0.5,1.0,0.0,0.5,1.0,0.0,0.00591161194941565,0.0118232238988313,0.0,inf,inf,0.0,0.0,0.0,0.2155910178972153,0.2500666809563946,0.06895132611835869,1.2724911019491365,1.3294172416825758,0.11385227946687859
0.8,0.155510547233262,0,0,81388,441972,0,0.0,0.0,0.0,1.0,0.5,0.0,0.0,0.0,0.0,0,0.0,0.0,0.0,0.0,0.0,0.0,0.0,0.0,0.0,0.2155910178972153,1.386343381416015,0.2236104783599088,51,0,117747,409002,51,9.681093394077448e-05,1.0,0.0004329445321652,1.0,0.5002164722660826,0.0008655143446274,4.472062344012632,0.0247509918617891,0.0279511135611384,2,0.0054669807649596,1.0,1.0,0.011021862553093,0.011021862553093,0.011021862553093,inf,0.0,0.0,0.284542344015574,1.2724911019491365,BTCUSDT,BAJA,v4_63_sin_pesos,63,0.0,0.5,1.0,0.0,0.0002164722660826,0.0004329445321652,0.0,0.0004327571723137,0.0008655143446274,0.0,2.236031172006316,4.472062344012632,0,1.0,2,0.0,0.5,1.0,0.0,0.5,1.0,0.0,0.0055109312765465,0.011021862553093,0.0,inf,inf,0.0,0.0,0.0,0.2155910178972153,0.2500666809563946,0.06895132611835869,1.2724911019491365,1.3294172416825758,0.11385227946687859
0.81,0.155510547233262,0,0,81388,441972,0,0.0,0.0,0.0,1.0,0.5,0.0,0.0,0.0,0.0,0,0.0,0.0,0.0,0.0,0.0,0.0,0.0,0.0,0.0,0.2155910178972153,1.386343381416015,0.2236104783599088,49,0,117749,409002,49,9.30144267274108e-05,1.0,0.0004159663152175,1.0,0.5002079831576088,0.0008315867183721,4.472062344012632,0.0245790638438528,0.0273953955782934,2,0.0054669807649596,1.0,1.0,0.011021862553093,0.011021862553093,0.011021862553093,inf,0.0,0.0,0.284542344015574,1.2724911019491365,BTCUSDT,BAJA,v4_63_sin_pesos,63,0.0,0.5,1.0,0.0,0.00020798315760875,0.0004159663152175,0.0,0.00041579335918605,0.0008315867183721,0.0,2.236031172006316,4.472062344012632,0,1.0,2,0.0,0.5,1.0,0.0,0.5,1.0,0.0,0.0055109312765465,0.011021862553093,0.0,inf,inf,0.0,0.0,0.0,0.2155910178972153,0.2500666809563946,0.06895132611835869,1.2724911019491365,1.3294172416825758,0.11385227946687859
0.82,0.155510547233262,0,0,81388,441972,0,0.0,0.0,0.0,1.0,0.5,0.0,0.0,0.0,0.0,0,0.0,0.0,0.0,0.0,0.0,0.0,0.0,0.0,0.0,0.2155910178972153,1.386343381416015,0.2236104783599088,43,0,117755,409002,43,8.162490508731967e-05,1.0,0.0003650316643746,1.0,0.5001825158321873,0.0007297969297612,4.472062344012632,0.025744658118295,0.0289001627247396,1,0.0027334903824798,1.0,1.0,0.0160000762754118,0.0160000762754118,0.0160000762754118,inf,0.0,0.0,0.284542344015574,1.2724911019491365,BTCUSDT,BAJA,v4_63_sin_pesos,63,0.0,0.5,1.0,0.0,0.0001825158321873,0.0003650316643746,0.0,0.0003648984648806,0.0007297969297612,0.0,2.236031172006316,4.472062344012632,0,0.5,1,0.0,0.5,1.0,0.0,0.5,1.0,0.0,0.0080000381377059,0.0160000762754118,0.0,inf,inf,0.0,0.0,0.0,0.2155910178972153,0.2500666809563946,0.06895132611835869,1.2724911019491365,1.3294172416825758,0.11385227946687859
0.83,0.155510547233262,0,0,81388,441972,0,0.0,0.0,0.0,1.0,0.5,0.0,0.0,0.0,0.0,0,0.0,0.0,0.0,0.0,0.0,0.0,0.0,0.0,0.0,0.2155910178972153,1.386343381416015,0.2236104783599088,42,0,117756,409002,42,7.972665148063782e-05,1.0,0.0003565425559007,1.0,0.5001782712779503,0.0007128309572301,4.472062344012632,0.0257053548454379,0.0289710449933801,1,0.0027334903824798,1.0,1.0,0.0160000762754118,0.0160000762754118,0.0160000762754118,inf,0.0,0.0,0.284542344015574,1.2724911019491365,BTCUSDT,BAJA,v4_63_sin_pesos,63,0.0,0.5,1.0,0.0,0.00017827127795035,0.0003565425559007,0.0,0.00035641547861505,0.0007128309572301,0.0,2.236031172006316,4.472062344012632,0,0.5,1,0.0,0.5,1.0,0.0,0.5,1.0,0.0,0.0080000381377059,0.0160000762754118,0.0,inf,inf,0.0,0.0,0.0,0.2155910178972153,0.2500666809563946,0.06895132611835869,1.2724911019491365,1.3294172416825758,0.11385227946687859
0.84,0.155510547233262,0,0,81388,441972,0,0.0,0.0,0.0,1.0,0.5,0.0,0.0,0.0,0.0,0,0.0,0.0,0.0,0.0,0.0,0.0,0.0,0.0,0.0,0.2155910178972153,1.386343381416015,0.2236104783599088,39,0,117759,409002,39,7.403189066059226e-05,1.0,0.0003310752304792,1.0,0.5001655376152396,0.0006619313118969,4.472062344012632,0.0258646926823114,0.0289001627247396,1,0.0027334903824798,1.0,1.0,0.0160000762754118,0.0160000762754118,0.0160000762754118,inf,0.0,0.0,0.284542344015574,1.2724911019491365,BTCUSDT,BAJA,v4_63_sin_pesos,63,0.0,0.5,1.0,0.0,0.0001655376152396,0.0003310752304792,0.0,0.00033096565594845,0.0006619313118969,0.0,2.236031172006316,4.472062344012632,0,0.5,1,0.0,0.5,1.0,0.0,0.5,1.0,0.0,0.0080000381377059,0.0160000762754118,0.0,inf,inf,0.0,0.0,0.0,0.2155910178972153,0.2500666809563946,0.06895132611835869,1.2724911019491365,1.3294172416825758,0.11385227946687859
0.85,0.155510547233262,0,0,81388,441972,0,0.0,0.0,0.0,1.0,0.5,0.0,0.0,0.0,0.0,0,0.0,0.0,0.0,0.0,0.0,0.0,0.0,0.0,0.0,0.2155910178972153,1.386343381416015,0.2236104783599088,36,0,117762,409002,36,6.83371298405467e-05,1.0,0.0003056079050578,1.0,0.5001528039525289,0.0006110290748001,4.472062344012632,0.0252982510215492,0.0266620695259457,1,0.0027334903824798,1.0,1.0,0.0160000762754118,0.0160000762754118,0.0160000762754118,inf,0.0,0.0,0.284542344015574,1.2724911019491365,BTCUSDT,BAJA,v4_63_sin_pesos,63,0.0,0.5,1.0,0.0,0.0001528039525289,0.0003056079050578,0.0,0.00030551453740005,0.0006110290748001,0.0,2.236031172006316,4.472062344012632,0,0.5,1,0.0,0.5,1.0,0.0,0.5,1.0,0.0,0.0080000381377059,0.0160000762754118,0.0,inf,inf,0.0,0.0,0.0,0.2155910178972153,0.2500666809563946,0.06895132611835869,1.2724911019491365,1.3294172416825758,0.11385227946687859
0.86,0.155510547233262,0,0,81388,441972,0,0.0,0.0,0.0,1.0,0.5,0.0,0.0,0.0,0.0,0,0.0,0.0,0.0,0.0,0.0,0.0,0.0,0.0,0.0,0.2155910178972153,1.386343381416015,0.2236104783599088,32,0,117766,409002,32,6.074411541381929e-05,1.0,0.0002716514711624,1.0,0.5001358257355812,0.0005431553933633,4.472062344012632,0.0256356166553131,0.0266620695259457,1,0.0027334903824798,1.0,1.0,0.0160000762754118,0.0160000762754118,0.0160000762754118,inf,0.0,0.0,0.284542344015574,1.2724911019491365,BTCUSDT,BAJA,v4_63_sin_pesos,63,0.0,0.5,1.0,0.0,0.0001358257355812,0.0002716514711624,0.0,0.00027157769668165,0.0005431553933633,0.0,2.236031172006316,4.472062344012632,0,0.5,1,0.0,0.5,1.0,0.0,0.5,1.0,0.0,0.0080000381377059,0.0160000762754118,0.0,inf,inf,0.0,0.0,0.0,0.2155910178972153,0.2500666809563946,0.06895132611835869,1.2724911019491365,1.3294172416825758,0.11385227946687859
0.87,0.155510547233262,0,0,81388,441972,0,0.0,0.0,0.0,1.0,0.5,0.0,0.0,0.0,0.0,0,0.0,0.0,0.0,0.0,0.0,0.0,0.0,0.0,0.0,0.2155910178972153,1.386343381416015,0.2236104783599088,25,0,117773,409002,25,4.745634016704632e-05,1.0,0.0002122277118457,1.0,0.5001061138559229,0.0004243653616017,4.472062344012632,0.0243592102397281,0.0243278047117456,1,0.0027334903824798,1.0,1.0,0.0160000762754118,0.0160000762754118,0.0160000762754118,inf,0.0,0.0,0.284542344015574,1.2724911019491365,BTCUSDT,BAJA,v4_63_sin_pesos,63,0.0,0.5,1.0,0.0,0.00010611385592285,0.0002122277118457,0.0,0.00021218268080085,0.0004243653616017,0.0,2.236031172006316,4.472062344012632,0,0.5,1,0.0,0.5,1.0,0.0,0.5,1.0,0.0,0.0080000381377059,0.0160000762754118,0.0,inf,inf,0.0,0.0,0.0,0.2155910178972153,0.2500666809563946,0.06895132611835869,1.2724911019491365,1.3294172416825758,0.11385227946687859
0.88,0.155510547233262,0,0,81388,441972,0,0.0,0.0,0.0,1.0,0.5,0.0,0.0,0.0,0.0,0,0.0,0.0,0.0,0.0,0.0,0.0,0.0,0.0,0.0,0.2155910178972153,1.386343381416015,0.2236104783599088,21,0,117777,409002,21,3.986332574031891e-05,1.0,0.0001782712779503,1.0,0.5000891356389752,0.0003564790059328,4.472062344012632,0.0258714614138937,0.0247373029772329,1,0.0027334903824798,1.0,1.0,0.0160000762754118,0.0160000762754118,0.0160000762754118,inf,0.0,0.0,0.284542344015574,1.2724911019491365,BTCUSDT,BAJA,v4_63_sin_pesos,63,0.0,0.5,1.0,0.0,8.913563897515e-05,0.0001782712779503,0.0,0.0001782395029664,0.0003564790059328,0.0,2.236031172006316,4.472062344012632,0,0.5,1,0.0,0.5,1.0,0.0,0.5,1.0,0.0,0.0080000381377059,0.0160000762754118,0.0,inf,inf,0.0,0.0,0.0,0.2155910178972153,0.2500666809563946,0.06895132611835869,1.2724911019491365,1.3294172416825758,0.11385227946687859
0.89,0.155510547233262,0,0,81388,441972,0,0.0,0.0,0.0,1.0,0.5,0.0,0.0,0.0,0.0,0,0.0,0.0,0.0,0.0,0.0,0.0,0.0,0.0,0.0,0.2155910178972153,1.386343381416015,0.2236104783599088,16,0,117782,409002,16,3.0372057706909645e-05,1.0,0.0001358257355812,1.0,0.5000679128677906,0.0002716145789125,4.472062344012632,0.0243027626369084,0.0236005275087201,1,0.0027334903824798,1.0,1.0,0.0160000762754118,0.0160000762754118,0.0160000762754118,inf,0.0,0.0,0.284542344015574,1.2724911019491365,BTCUSDT,BAJA,v4_63_sin_pesos,63,0.0,0.5,1.0,0.0,6.79128677906e-05,0.0001358257355812,0.0,0.00013580728945625,0.0002716145789125,0.0,2.236031172006316,4.472062344012632,0,0.5,1,0.0,0.5,1.0,0.0,0.5,1.0,0.0,0.0080000381377059,0.0160000762754118,0.0,inf,inf,0.0,0.0,0.0,0.2155910178972153,0.2500666809563946,0.06895132611835869,1.2724911019491365,1.3294172416825758,0.11385227946687859
0.9,0.155510547233262,0,0,81388,441972,0,0.0,0.0,0.0,1.0,0.5,0.0,0.0,0.0,0.0,0,0.0,0.0,0.0,0.0,0.0,0.0,0.0,0.0,0.0,0.2155910178972153,1.386343381416015,0.2236104783599088,15,0,117783,409002,15,2.8473804100227792e-05,1.0,0.0001273366271074,1.0,0.5000636683135538,0.0002546408291105,4.472062344012632,0.0243980634589893,0.0243278047117456,1,0.0027334903824798,1.0,1.0,0.0160000762754118,0.0160000762754118,0.0160000762754118,inf,0.0,0.0,0.284542344015574,1.2724911019491365,BTCUSDT,BAJA,v4_63_sin_pesos,63,0.0,0.5,1.0,0.0,6.36683135537e-05,0.0001273366271074,0.0,0.00012732041455525,0.0002546408291105,0.0,2.236031172006316,4.472062344012632,0,0.5,1,0.0,0.5,1.0,0.0,0.5,1.0,0.0,0.0080000381377059,0.0160000762754118,0.0,inf,inf,0.0,0.0,0.0,0.2155910178972153,0.2500666809563946,0.06895132611835869,1.2724911019491365,1.3294172416825758,0.11385227946687859
0.91,0.155510547233262,0,0,81388,441972,0,0.0,0.0,0.0,1.0,0.5,0.0,0.0,0.0,0.0,0,0.0,0.0,0.0,0.0,0.0,0.0,0.0,0.0,0.0,0.2155910178972153,1.386343381416015,0.2236104783599088,9,0,117789,409002,9,1.7084282460136675e-05,1.0,7.64019762644527e-05,1.0,0.5000382009881322,0.0001527922788968,4.472062344012632,0.021517429704404,0.0189141076991544,1,0.0027334903824798,1.0,1.0,0.0160000762754118,0.0160000762754118,0.0160000762754118,inf,0.0,0.0,0.284542344015574,1.2724911019491365,BTCUSDT,BAJA,v4_63_sin_pesos,63,0.0,0.5,1.0,0.0,3.820098813222635e-05,7.64019762644527e-05,0.0,7.63961394484e-05,0.0001527922788968,0.0,2.236031172006316,4.472062344012632,0,0.5,1,0.0,0.5,1.0,0.0,0.5,1.0,0.0,0.0080000381377059,0.0160000762754118,0.0,inf,inf,0.0,0.0,0.0,0.2155910178972153,0.2500666809563946,0.06895132611835869,1.2724911019491365,1.3294172416825758,0.11385227946687859
0.92,0.155510547233262,0,0,81388,441972,0,0.0,0.0,0.0,1.0,0.5,0.0,0.0,0.0,0.0,0,0.0,0.0,0.0,0.0,0.0,0.0,0.0,0.0,0.0,0.2155910178972153,1.386343381416015,0.2236104783599088,5,0,117793,409002,5,9.491268033409264e-06,1.0,4.24455423691404e-05,1.0,0.5000212227711845,8.48874816430821e-05,4.472062344012632,0.021729993533467,0.0189141076991544,1,0.0027334903824798,1.0,1.0,0.0160000762754118,0.0160000762754118,0.0160000762754118,inf,0.0,0.0,0.284542344015574,1.2724911019491365,BTCUSDT,BAJA,v4_63_sin_pesos,63,0.0,0.5,1.0,0.0,2.12227711845702e-05,4.24455423691404e-05,0.0,4.244374082154105e-05,8.48874816430821e-05,0.0,2.236031172006316,4.472062344012632,0,0.5,1,0.0,0.5,1.0,0.0,0.5,1.0,0.0,0.0080000381377059,0.0160000762754118,0.0,inf,inf,0.0,0.0,0.0,0.2155910178972153,0.2500666809563946,0.06895132611835869,1.2724911019491365,1.3294172416825758,0.11385227946687859
0.93,0.155510547233262,0,0,81388,441972,0,0.0,0.0,0.0,1.0,0.5,0.0,0.0,0.0,0.0,0,0.0,0.0,0.0,0.0,0.0,0.0,0.0,0.0,0.0,0.2155910178972153,1.386343381416015,0.2236104783599088,4,0,117794,409002,4,7.593014426727411e-06,1.0,3.395643389531232e-05,1.0,0.5000169782169477,6.791056179012242e-05,4.472062344012632,0.0224099981372173,0.0181642934538268,1,0.0027334903824798,1.0,1.0,0.0160000762754118,0.0160000762754118,0.0160000762754118,inf,0.0,0.0,0.284542344015574,1.2724911019491365,BTCUSDT,BAJA,v4_63_sin_pesos,63,0.0,0.5,1.0,0.0,1.697821694765616e-05,3.395643389531232e-05,0.0,3.395528089506121e-05,6.791056179012242e-05,0.0,2.236031172006316,4.472062344012632,0,0.5,1,0.0,0.5,1.0,0.0,0.5,1.0,0.0,0.0080000381377059,0.0160000762754118,0.0,inf,inf,0.0,0.0,0.0,0.2155910178972153,0.2500666809563946,0.06895132611835869,1.2724911019491365,1.3294172416825758,0.11385227946687859
0.94,0.155510547233262,0,0,81388,441972,0,0.0,0.0,0.0,1.0,0.5,0.0,0.0,0.0,0.0,0,0.0,0.0,0.0,0.0,0.0,0.0,0.0,0.0,0.0,0.2155910178972153,1.386343381416015,0.2236104783599088,2,0,117796,409002,2,3.7965072133637056e-06,1.0,1.697821694765616e-05,1.0,0.5000084891084738,3.395585738539898e-05,4.472062344012632,0.0167072777419555,0.0167072777419555,1,0.0027334903824798,1.0,1.0,0.0160000762754118,0.0160000762754118,0.0160000762754118,inf,0.0,0.0,0.284542344015574,1.2724911019491365,BTCUSDT,BAJA,v4_63_sin_pesos,63,0.0,0.5,1.0,0.0,8.48910847382808e-06,1.697821694765616e-05,0.0,1.697792869269949e-05,3.395585738539898e-05,0.0,2.236031172006316,4.472062344012632,0,0.5,1,0.0,0.5,1.0,0.0,0.5,1.0,0.0,0.0080000381377059,0.0160000762754118,0.0,inf,inf,0.0,0.0,0.0,0.2155910178972153,0.2500666809563946,0.06895132611835869,1.2724911019491365,1.3294172416825758,0.11385227946687859
0.95,0.155510547233262,0,0,81388,441972,0,0.0,0.0,0.0,1.0,0.5,0.0,0.0,0.0,0.0,0,0.0,0.0,0.0,0.0,0.0,0.0,0.0,0.0,0.0,0.2155910178972153,1.386343381416015,0.2236104783599088,1,0,117797,409002,1,1.8982536066818528e-06,1.0,8.48910847382808e-06,1.0,0.5000042445542369,1.6978072818954323e-05,4.472062344012632,0.0160000762754118,0.0160000762754118,1,0.0027334903824798,1.0,1.0,0.0160000762754118,0.0160000762754118,0.0160000762754118,inf,0.0,0.0,0.284542344015574,1.2724911019491365,BTCUSDT,BAJA,v4_63_sin_pesos,63,0.0,0.5,1.0,0.0,4.24455423691404e-06,8.48910847382808e-06,0.0,8.489036409477161e-06,1.6978072818954323e-05,0.0,2.236031172006316,4.472062344012632,0,0.5,1,0.0,0.5,1.0,0.0,0.5,1.0,0.0,0.0080000381377059,0.0160000762754118,0.0,inf,inf,0.0,0.0,0.0,0.2155910178972153,0.2500666809563946,0.06895132611835869,1.2724911019491365,1.3294172416825758,0.11385227946687859
