umbral,prevalencia_validacion_2023,verdaderos_positivos_validacion_2023,falsos_positivos_validacion_2023,falsos_negativos_validacion_2023,verdaderos_negativos_validacion_2023,senales_validacion_2023,cobertura_validacion_2023,precision_validacion_2023,recall_validacion_2023,especificidad_validacion_2023,balanced_accuracy_validacion_2023,f1_validacion_2023,precision_lift_validacion_2023,retorno_bruto_medio_todas_senales_validacion_2023,retorno_bruto_mediano_todas_senales_validacion_2023,operaciones_no_solapadas_validacion_2023,operaciones_no_solapadas_por_dia_validacion_2023,precision_objetivo_no_solapada_validacion_2023,tasa_retorno_positivo_no_solapada_validacion_2023,retorno_bruto_medio_no_solapado_validacion_2023,retorno_neto_medio_no_solapado_validacion_2023,retorno_neto_mediano_no_solapado_validacion_2023,factor_beneficio_no_solapado_validacion_2023,maximo_drawdown_no_solapado_validacion_2023,coste_operacion_validacion_2023,pr_auc_validacion_2023,pr_auc_lift_validacion_2023,prevalencia_validacion_2024,verdaderos_positivos_validacion_2024,falsos_positivos_validacion_2024,falsos_negativos_validacion_2024,verdaderos_negativos_validacion_2024,senales_validacion_2024,cobertura_validacion_2024,precision_validacion_2024,recall_validacion_2024,especificidad_validacion_2024,balanced_accuracy_validacion_2024,f1_validacion_2024,precision_lift_validacion_2024,retorno_bruto_medio_todas_senales_validacion_2024,retorno_bruto_mediano_todas_senales_validacion_2024,operaciones_no_solapadas_validacion_2024,operaciones_no_solapadas_por_dia_validacion_2024,precision_objetivo_no_solapada_validacion_2024,tasa_retorno_positivo_no_solapada_validacion_2024,retorno_bruto_medio_no_solapado_validacion_2024,retorno_neto_medio_no_solapado_validacion_2024,retorno_neto_mediano_no_solapado_validacion_2024,factor_beneficio_no_solapado_validacion_2024,maximo_drawdown_no_solapado_validacion_2024,coste_operacion_validacion_2024,pr_auc_validacion_2024,pr_auc_lift_validacion_2024,simbolo,detector,variante,variables,precision_minimo,precision_medio,precision_diferencia,recall_minimo,recall_medio,recall_diferencia,f1_minimo,f1_medio,f1_diferencia,precision_lift_minimo,precision_lift_medio,precision_lift_diferencia,operaciones_no_solapadas_minimo,operaciones_no_solapadas_medio,operaciones_no_solapadas_diferencia,precision_objetivo_no_solapada_minimo,precision_objetivo_no_solapada_medio,precision_objetivo_no_solapada_diferencia,tasa_retorno_positivo_no_solapada_minimo,tasa_retorno_positivo_no_solapada_medio,tasa_retorno_positivo_no_solapada_diferencia,retorno_neto_medio_no_solapado_minimo,retorno_neto_medio_no_solapado_medio,retorno_neto_medio_no_solapado_diferencia,factor_beneficio_no_solapado_minimo,factor_beneficio_no_solapado_medio,factor_beneficio_no_solapado_diferencia,maximo_drawdown_no_solapado_minimo,maximo_drawdown_no_solapado_medio,maximo_drawdown_no_solapado_diferencia,pr_auc_minimo,pr_auc_medio,pr_auc_diferencia,pr_auc_lift_minimo,pr_auc_lift_medio,pr_auc_lift_diferencia
0.05,0.201893534087435,105663,417694,0,3,523357,0.9999942678080098,0.2018946913865678,1.0,7.182239757527586e-06,0.5000035911198788,0.3359607007726304,1.0000057322248483,0.0003595490460391,8.51037962372736e-05,2182,5.980824540932963,0.2117323556370302,0.5036663611365719,0.0003577515174623,0.0003577515174623,4.326593969550263e-05,1.1191705855279823,-0.2809359673088578,0.0,0.2920829800855003,1.4467178525836617,0.2915660592255125,153597,373203,0,0,526800,1.0,0.2915660592255125,1.0,0.0,0.5,0.4514922905303815,1.0,0.0002640153654936,0.0003007208948118,2195,6.0000113895432605,0.2911161731207289,0.516628701594533,0.000267798472289,0.000267798472289,0.0003823637993778,1.061013480882061,-0.4532930792643249,0.0,0.3627825880672192,1.2442552093713488,ETHUSDT,SUBE,v4_52_balanceado,52,0.2018946913865678,0.24673037530604014,0.0896713678389447,1.0,1.0,0.0,0.3359607007726304,0.39372649565150597,0.11553158975775107,1.0,1.0000028661124243,5.732224848342682e-06,2182,2188.5,13,0.2117323556370302,0.25142426437887955,0.07938381748369872,0.5036663611365719,0.5101475313655525,0.012962340457961075,0.000267798472289,0.00031277499487565,8.995304517330003e-05,1.061013480882061,1.0900920332050217,0.058157104645921276,-0.4532930792643249,-0.36711452328659133,0.1723571119554671,0.2920829800855003,0.3274327840763598,0.07069960798171887,1.2442552093713488,1.3454865309775053,0.2024626432123129
0.06,0.201893534087435,105663,417690,0,7,523353,0.9999866248853562,0.2018962344727172,1.0,1.6758559434231034e-05,0.5000083792797171,0.3359628371933305,1.0000133752935398,0.0003595334391058,8.503969531492572e-05,2182,5.980824540932963,0.2117323556370302,0.5036663611365719,0.0003577515174623,0.0003577515174623,4.326593969550263e-05,1.1191705855279823,-0.2809359673088578,0.0,0.2920829800855003,1.4467178525836617,0.2915660592255125,153597,373203,0,0,526800,1.0,0.2915660592255125,1.0,0.0,0.5,0.4514922905303815,1.0,0.0002640153654936,0.0003007208948118,2195,6.0000113895432605,0.2911161731207289,0.516628701594533,0.000267798472289,0.000267798472289,0.0003823637993778,1.061013480882061,-0.4532930792643249,0.0,0.3627825880672192,1.2442552093713488,ETHUSDT,SUBE,v4_52_balanceado,52,0.2018962344727172,0.24673114684911485,0.08966982475279528,1.0,1.0,0.0,0.3359628371933305,0.393727563861856,0.115529453337051,1.0,1.00000668764677,1.3375293539841238e-05,2182,2188.5,13,0.2117323556370302,0.25142426437887955,0.07938381748369872,0.5036663611365719,0.5101475313655525,0.012962340457961075,0.000267798472289,0.00031277499487565,8.995304517330003e-05,1.061013480882061,1.0900920332050217,0.058157104645921276,-0.4532930792643249,-0.36711452328659133,0.1723571119554671,0.2920829800855003,0.3274327840763598,0.07069960798171887,1.2442552093713488,1.3454865309775053,0.2024626432123129
0.07,0.201893534087435,105663,417690,0,7,523353,0.9999866248853562,0.2018962344727172,1.0,1.6758559434231034e-05,0.5000083792797171,0.3359628371933305,1.0000133752935398,0.0003595334391058,8.503969531492572e-05,2182,5.980824540932963,0.2117323556370302,0.5036663611365719,0.0003577515174623,0.0003577515174623,4.326593969550263e-05,1.1191705855279823,-0.2809359673088578,0.0,0.2920829800855003,1.4467178525836617,0.2915660592255125,153597,373203,0,0,526800,1.0,0.2915660592255125,1.0,0.0,0.5,0.4514922905303815,1.0,0.0002640153654936,0.0003007208948118,2195,6.0000113895432605,0.2911161731207289,0.516628701594533,0.000267798472289,0.000267798472289,0.0003823637993778,1.061013480882061,-0.4532930792643249,0.0,0.3627825880672192,1.2442552093713488,ETHUSDT,SUBE,v4_52_balanceado,52,0.2018962344727172,0.24673114684911485,0.08966982475279528,1.0,1.0,0.0,0.3359628371933305,0.393727563861856,0.115529453337051,1.0,1.00000668764677,1.3375293539841238e-05,2182,2188.5,13,0.2117323556370302,0.25142426437887955,0.07938381748369872,0.5036663611365719,0.5101475313655525,0.012962340457961075,0.000267798472289,0.00031277499487565,8.995304517330003e-05,1.061013480882061,1.0900920332050217,0.058157104645921276,-0.4532930792643249,-0.36711452328659133,0.1723571119554671,0.2920829800855003,0.3274327840763598,0.07069960798171887,1.2442552093713488,1.3454865309775053,0.2024626432123129
0.08,0.201893534087435,105663,417690,0,7,523353,0.9999866248853562,0.2018962344727172,1.0,1.6758559434231034e-05,0.5000083792797171,0.3359628371933305,1.0000133752935398,0.0003595334391058,8.503969531492572e-05,2182,5.980824540932963,0.2117323556370302,0.5036663611365719,0.0003577515174623,0.0003577515174623,4.326593969550263e-05,1.1191705855279823,-0.2809359673088578,0.0,0.2920829800855003,1.4467178525836617,0.2915660592255125,153597,373194,0,9,526791,0.9999829157175398,0.2915710405075257,1.0,2.411556177201148e-05,0.500012057780886,0.4514982627559569,1.0000170845743377,0.000264288416437,0.0003009065285288,2195,6.0000113895432605,0.2911161731207289,0.516628701594533,0.000267798472289,0.000267798472289,0.0003823637993778,1.061013480882061,-0.4532930792643249,0.0,0.3627825880672192,1.2442552093713488,ETHUSDT,SUBE,v4_52_balanceado,52,0.2018962344727172,0.24673363749012145,0.08967480603480849,1.0,1.0,0.0,0.3359628371933305,0.3937305499746437,0.11553542556262641,1.0000133752935398,1.0000152299339389,3.709280797847825e-06,2182,2188.5,13,0.2117323556370302,0.25142426437887955,0.07938381748369872,0.5036663611365719,0.5101475313655525,0.012962340457961075,0.000267798472289,0.00031277499487565,8.995304517330003e-05,1.061013480882061,1.0900920332050217,0.058157104645921276,-0.4532930792643249,-0.36711452328659133,0.1723571119554671,0.2920829800855003,0.3274327840763598,0.07069960798171887,1.2442552093713488,1.3454865309775053,0.2024626432123129
0.09,0.201893534087435,105663,417689,0,8,523352,0.9999847141546928,0.2018966202479402,1.0,1.9152639353406896e-05,0.5000095763196767,0.3359633713027511,1.0000152860789675,0.0003595295250488,8.500382512877103e-05,2182,5.980824540932963,0.2117323556370302,0.5036663611365719,0.0003577515174623,0.0003577515174623,4.326593969550263e-05,1.1191705855279823,-0.2809359673088578,0.0,0.2920829800855003,1.4467178525836617,0.2915660592255125,153597,373163,0,40,526760,0.9999240698557328,0.2915881995595717,1.0,0.0001071802745422,0.5000535901372711,0.4515188349645848,1.000075935910092,0.0002651296466303,0.0003016305933308,2195,6.0000113895432605,0.2911161731207289,0.516628701594533,0.000267798472289,0.000267798472289,0.0003823637993778,1.061013480882061,-0.4532930792643249,0.0,0.3627825880672192,1.2442552093713488,ETHUSDT,SUBE,v4_52_balanceado,52,0.2018966202479402,0.24674240990375595,0.08969157931163152,1.0,1.0,0.0,0.3359633713027511,0.39374110313366795,0.11555546366183367,1.0000152860789675,1.0000456109945297,6.064983112441524e-05,2182,2188.5,13,0.2117323556370302,0.25142426437887955,0.07938381748369872,0.5036663611365719,0.5101475313655525,0.012962340457961075,0.000267798472289,0.00031277499487565,8.995304517330003e-05,1.061013480882061,1.0900920332050217,0.058157104645921276,-0.4532930792643249,-0.36711452328659133,0.1723571119554671,0.2920829800855003,0.3274327840763598,0.07069960798171887,1.2442552093713488,1.3454865309775053,0.2024626432123129
0.1,0.201893534087435,105663,417689,0,8,523352,0.9999847141546928,0.2018966202479402,1.0,1.9152639353406896e-05,0.5000095763196767,0.3359633713027511,1.0000152860789675,0.0003595295250488,8.500382512877103e-05,2182,5.980824540932963,0.2117323556370302,0.5036663611365719,0.0003577515174623,0.0003577515174623,4.326593969550263e-05,1.1191705855279823,-0.2809359673088578,0.0,0.2920829800855003,1.4467178525836617,0.2915660592255125,153597,373119,0,84,526716,0.9998405466970388,0.2916125578110405,1.0,0.0002250785765387,0.5001125392882694,0.4515480374474691,1.000159478732372,0.0002661854513494,0.0003023544893536,2195,6.0000113895432605,0.2911161731207289,0.516628701594533,0.000267798472289,0.000267798472289,0.0003823637993778,1.061013480882061,-0.4532930792643249,0.0,0.3627825880672192,1.2442552093713488,ETHUSDT,SUBE,v4_52_balanceado,52,0.2018966202479402,0.24675458902949035,0.08971593756310031,1.0,1.0,0.0,0.3359633713027511,0.3937557043751101,0.11558466614471796,1.0000152860789675,1.0000873824056697,0.00014419265340448462,2182,2188.5,13,0.2117323556370302,0.25142426437887955,0.07938381748369872,0.5036663611365719,0.5101475313655525,0.012962340457961075,0.000267798472289,0.00031277499487565,8.995304517330003e-05,1.061013480882061,1.0900920332050217,0.058157104645921276,-0.4532930792643249,-0.36711452328659133,0.1723571119554671,0.2920829800855003,0.3274327840763598,0.07069960798171887,1.2442552093713488,1.3454865309775053,0.2024626432123129
0.11,0.201893534087435,105663,417683,0,14,523346,0.9999732497707124,0.2018989349302373,1.0,3.351711886846207e-05,0.5000167585594343,0.335966575994938,1.0000267509448817,0.000359537807046,8.500382512877103e-05,2182,5.980824540932963,0.2117323556370302,0.5036663611365719,0.0003577515174623,0.0003577515174623,4.326593969550263e-05,1.1191705855279823,-0.2809359673088578,0.0,0.2920829800855003,1.4467178525836617,0.2915660592255125,153596,373095,1,108,526691,0.9997930903568716,0.2916245008933131,0.9999934894561744,0.0002893867412641,0.5001414380987192,0.4515616915188861,1.00020044057239,0.000266452564152,0.0003025292272242,2195,6.0000113895432605,0.2911161731207289,0.516628701594533,0.000267798472289,0.000267798472289,0.0003823637993778,1.061013480882061,-0.4532930792643249,0.0,0.3627825880672192,1.2442552093713488,ETHUSDT,SUBE,v4_52_balanceado,52,0.2018989349302373,0.2467617179117752,0.08972556596307579,0.9999934894561744,0.9999967447280872,6.510543825610782e-06,0.335966575994938,0.39376413375691205,0.11559511552394808,1.0000267509448817,1.000113595758636,0.000173689627508411,2182,2188.5,13,0.2117323556370302,0.25142426437887955,0.07938381748369872,0.5036663611365719,0.5101475313655525,0.012962340457961075,0.000267798472289,0.00031277499487565,8.995304517330003e-05,1.061013480882061,1.0900920332050217,0.058157104645921276,-0.4532930792643249,-0.36711452328659133,0.1723571119554671,0.2920829800855003,0.3274327840763598,0.07069960798171887,1.2442552093713488,1.3454865309775053,0.2024626432123129
0.12,0.201893534087435,105663,417644,0,53,523307,0.9998987312748396,0.2019139816589497,1.0,0.0001268862357163,0.5000634431178581,0.3359874079844825,1.0001012789815538,0.0003596480768649,8.51037962372736e-05,2182,5.980824540932963,0.2117323556370302,0.5036663611365719,0.0003577515174623,0.0003577515174623,4.326593969550263e-05,1.1191705855279823,-0.2809359673088578,0.0,0.2920829800855003,1.4467178525836617,0.2915660592255125,153583,373064,14,139,526647,0.9997095671981776,0.2916241809029578,0.99990885238644,0.0003724514540343,0.5001406519202372,0.4515526781566614,1.0001993430840326,0.0002662365069587,0.0003023000716884,2195,6.0000113895432605,0.2911161731207289,0.516628701594533,0.000267798472289,0.000267798472289,0.0003823637993778,1.061013480882061,-0.4532930792643249,0.0,0.3627825880672192,1.2442552093713488,ETHUSDT,SUBE,v4_52_balanceado,52,0.2019139816589497,0.24676908128095373,0.08971019924400808,0.99990885238644,0.9999544261932201,9.114761355999423e-05,0.3359874079844825,0.39377004307057195,0.11556527017217888,1.0001012789815538,1.0001503110327932,9.806410247881203e-05,2182,2188.5,13,0.2117323556370302,0.25142426437887955,0.07938381748369872,0.5036663611365719,0.5101475313655525,0.012962340457961075,0.000267798472289,0.00031277499487565,8.995304517330003e-05,1.061013480882061,1.0900920332050217,0.058157104645921276,-0.4532930792643249,-0.36711452328659133,0.1723571119554671,0.2920829800855003,0.3274327840763598,0.07069960798171887,1.2442552093713488,1.3454865309775053,0.2024626432123129
0.13,0.201893534087435,105663,417606,0,91,523269,0.99982612350963,0.2019286447314861,1.0,0.000217861272645,0.5001089306363224,0.3360077083055084,1.0001739067286617,0.0003597840294298,8.531404098488515e-05,2182,5.980824540932963,0.2071494042163153,0.5064161319890009,0.0003588162142237,0.0003588162142237,0.0001137885031795,1.119702098281422,-0.2804655774805865,0.0,0.2920829800855003,1.4467178525836617,0.2915660592255125,153562,373046,35,157,526608,0.999635535307517,0.2916059004040956,0.9997721309660996,0.0004206825775784,0.500096406771839,0.4515168221345035,1.0001366454610283,0.000265306035406,0.0003019206967318,2195,6.0000113895432605,0.2911161731207289,0.516628701594533,0.0002683338450781,0.0002683338450781,0.0003891643798243,1.061063390687233,-0.4532930792643249,0.0,0.3627825880672192,1.2442552093713488,ETHUSDT,SUBE,v4_52_balanceado,52,0.2019286447314861,0.24676727256779085,0.08967725567260951,0.9997721309660996,0.9998860654830498,0.00022786903390037416,0.3360077083055084,0.39376226522000596,0.11550911382899509,1.0001366454610283,1.0001552760948451,3.7261267633370565e-05,2182,2188.5,13,0.2071494042163153,0.24913278866852212,0.0839667689044136,0.5064161319890009,0.5115224167917669,0.010212569605532074,0.0002683338450781,0.00031357502965089997,9.048236914560001e-05,1.061063390687233,1.0903827444843275,0.05863870759418899,-0.4532930792643249,-0.3668793283724557,0.1728275017837384,0.2920829800855003,0.3274327840763598,0.07069960798171887,1.2442552093713488,1.3454865309775053,0.2024626432123129
0.14,0.201893534087435,105663,417503,0,194,523166,0.9996293182512992,0.2019684000871616,1.0,0.0004644515043201,0.5002322257521601,0.3360627451978201,1.000370819204612,0.0003601180625664,8.545431002937587e-05,2182,5.980824540932963,0.2112740604949587,0.5087076076993584,0.0003589401435888,0.0003589401435888,0.0001516340319547,1.120966618608815,-0.2811844718056493,0.0,0.2920829800855003,1.4467178525836617,0.2915660592255125,153547,373020,50,183,526567,0.9995577069096432,0.2916001192630757,0.9996744728087136,0.0004903497560309,0.5000824112823723,0.4514999323692521,1.000116817566673,0.0002650565397729,0.0003019200759888,2195,6.0000113895432605,0.2915717539863325,0.5179954441913439,0.000268243010242,0.000268243010242,0.0004121582144038,1.0611737894127184,-0.4532930792643249,0.0,0.3627825880672192,1.2442552093713488,ETHUSDT,SUBE,v4_52_balanceado,52,0.2019684000871616,0.24678425967511866,0.08963171917591412,0.9996744728087136,0.9998372364043568,0.00032552719128642327,0.3360627451978201,0.3937813387835361,0.11543718717143203,1.000116817566673,1.0002438183856426,0.0002540016379388721,2182,2188.5,13,0.2112740604949587,0.2514229072406456,0.0802976934913738,0.5087076076993584,0.5133515259453512,0.009287836491985502,0.000268243010242,0.0003135915769154,9.069713334680001e-05,1.0611737894127184,1.0910702040107667,0.05979282919609652,-0.4532930792643249,-0.36723877553498707,0.17210860745867557,0.2920829800855003,0.3274327840763598,0.07069960798171887,1.2442552093713488,1.3454865309775053,0.2024626432123129
0.15,0.201893534087435,105652,417390,11,307,523042,0.999392387649037,0.2019952508593956,0.9998958954411667,0.0007349825351869,0.5003154389881769,0.3360940345631099,1.0005038139156874,0.0003603475912645,8.530458105204808e-05,2182,5.980824540932963,0.2103574702108157,0.499083409715857,0.0003587630976017,0.0003587630976017,-5.417939882512712e-06,1.1203090744018094,-0.2812139819787218,0.0,0.2920829800855003,1.4467178525836617,0.2915660592255125,153520,373005,77,198,526525,0.9994779802581624,0.2915721000902141,0.9994986881254192,0.0005305423589842,0.5000146152422017,0.4514484166076086,1.000020718682818,0.0002646638898462,0.0003016251296823,2195,6.0000113895432605,0.2920273348519362,0.5170842824601367,0.0002611530040009,0.0002611530040009,0.0003891643798243,1.060243427198306,-0.4532930792643249,0.0,0.3627825880672192,1.2442552093713488,ETHUSDT,SUBE,v4_52_balanceado,52,0.2019952508593956,0.24678367547480484,0.08957684923081852,0.9994986881254192,0.9996972917832929,0.00039720731574754975,0.3360940345631099,0.39377122558535926,0.11535438204449872,1.000020718682818,1.0002622662992526,0.0004830952328693794,2182,2188.5,13,0.2103574702108157,0.251192402531376,0.08166986464112053,0.499083409715857,0.5080838460879968,0.018000872744279695,0.0002611530040009,0.0003099580508013,9.76100936008e-05,1.060243427198306,1.0902762508000579,0.06006564720350327,-0.4532930792643249,-0.3672535306215233,0.17207909728560306,0.2920829800855003,0.3274327840763598,0.07069960798171887,1.2442552093713488,1.3454865309775053,0.2024626432123129
0.16,0.201893534087435,105636,417241,27,456,522877,0.999077117089575,0.202028392910761,0.9997444706283184,0.0010917004431441,0.5004180855357312,0.3361313520221465,1.0006679699968382,0.000360455449954,8.51037962372736e-05,2182,5.980824540932963,0.2103574702108157,0.499083409715857,0.0003587630976017,0.0003587630976017,-5.417939882512712e-06,1.1203090744018094,-0.2812139819787218,0.0,0.2920829800855003,1.4467178525836617,0.2915660592255125,153491,372978,106,225,526469,0.9993716780561884,0.2915480303683597,0.999309882354473,0.0006028890443002,0.4999563856993866,0.451400305264489,0.9999381654462776,0.0002639012656057,0.0003013307910713,2195,6.0000113895432605,0.2920273348519362,0.5170842824601367,0.0002611530040009,0.0002611530040009,0.0003891643798243,1.060243427198306,-0.4532930792643249,0.0,0.3627825880672192,1.2442552093713488,ETHUSDT,SUBE,v4_52_balanceado,52,0.202028392910761,0.24678821163956033,0.0895196374575987,0.999309882354473,0.9995271764913958,0.0004345882738453488,0.3361313520221465,0.3937658286433178,0.11526895324234249,0.9999381654462776,1.0003030677215579,0.0007298045505605977,2182,2188.5,13,0.2103574702108157,0.251192402531376,0.08166986464112053,0.499083409715857,0.5080838460879968,0.018000872744279695,0.0002611530040009,0.0003099580508013,9.76100936008e-05,1.060243427198306,1.0902762508000579,0.06006564720350327,-0.4532930792643249,-0.3672535306215233,0.17207909728560306,0.2920829800855003,0.3274327840763598,0.07069960798171887,1.2442552093713488,1.3454865309775053,0.2024626432123129
0.17,0.201893534087435,105623,417021,40,676,522644,0.9986319168450016,0.2020935856912162,0.9996214379678792,0.0016183980253628,0.500619917996621,0.336214621196326,1.000990876724633,0.0003608196244341,8.542536540379064e-05,2182,5.980824540932963,0.2144821264894592,0.5073327222731439,0.0003543438328875,0.0003543438328875,9.403442413669084e-05,1.1199592877651623,-0.2792798183721345,0.0,0.2920829800855003,1.4467178525836617,0.2915660592255125,153451,372951,146,252,526402,0.9992444950645406,0.2915091508010988,0.999049460601444,0.0006752357296163,0.4998623481655302,0.4513271343046092,0.9998048180759964,0.000262249140053,0.0003007208948118,2195,6.0000113895432605,0.289749430523918,0.5152619589977221,0.0002550305520434,0.0002550305520434,0.0003823637993778,1.0587369031867149,-0.4532930792643249,0.0,0.3627825880672192,1.2442552093713488,ETHUSDT,SUBE,v4_52_balanceado,52,0.2020935856912162,0.2468013682461575,0.0894155651098826,0.999049460601444,0.9993354492846616,0.0005719773664352168,0.336214621196326,0.3937708777504676,0.11511251310828319,0.9998048180759964,1.0003978474003148,0.0011860586486365232,2182,2188.5,13,0.2144821264894592,0.2521157785066886,0.0752673040344588,0.5073327222731439,0.511297340635433,0.007929236724578237,0.0002550305520434,0.00030468719246545,9.93132808441e-05,1.0587369031867149,1.0893480954759385,0.06122238457844742,-0.4532930792643249,-0.3662864488182297,0.17401326089219038,0.2920829800855003,0.3274327840763598,0.07069960798171887,1.2442552093713488,1.3454865309775053,0.2024626432123129
0.18,0.201893534087435,105600,416682,63,1015,522282,0.9979402323448486,0.2021896216986226,0.9994037647994094,0.0024299911179635,0.5009168779586864,0.3363351885913575,1.0014665532134344,0.0003615591528797,8.655058070017319e-05,2181,5.978083558100271,0.2099954149472719,0.4938101788170564,0.0003577218953218,0.0003577218953218,-7.847161440266426e-05,1.1203162993316398,-0.2814271537492583,0.0,0.2920829800855003,1.4467178525836617,0.2915660592255125,153393,372879,204,324,526272,0.998997722095672,0.2914709503830718,0.998671849059552,0.0008681602237924,0.4997700046416722,0.451242812953672,0.9996738000208484,0.0002599343634501,0.0003007401288918,2195,6.0000113895432605,0.2902050113895216,0.516628701594533,0.0002556258352025,0.0002556258352025,0.0003854261975861,1.0588636647236085,-0.4532930792643249,0.0,0.3627825880672192,1.2442552093713488,ETHUSDT,SUBE,v4_52_balanceado,52,0.2021896216986226,0.2468302860408472,0.08928132868444921,0.998671849059552,0.9990378069294807,0.000731915739857425,0.3363351885913575,0.3937890007725148,0.1149076243623145,0.9996738000208484,1.0005701766171413,0.001792753192585983,2181,2188.0,14,0.2099954149472719,0.25010021316839676,0.0802095964422497,0.4938101788170564,0.5052194402057947,0.02281852277747659,0.0002556258352025,0.00030667386526215,0.00010209606011930003,1.0588636647236085,1.0895899820276242,0.0614526346080313,-0.4532930792643249,-0.36736011650679157,0.17186592551506658,0.2920829800855003,0.3274327840763598,0.07069960798171887,1.2442552093713488,1.3454865309775053,0.2024626432123129
0.19,0.201893534087435,105580,416153,83,1544,521733,0.996891241210639,0.2023640444441888,0.999214483783349,0.0036964593952075,0.5014554715892783,0.3365657415731053,1.0023304874961971,0.0003624360481677,8.864344503867194e-05,2181,5.978083558100271,0.2063273727647868,0.4938101788170564,0.0003583366161989,0.0003583366161989,-6.396827173726916e-05,1.120703241336383,-0.2794698002393284,0.0,0.2920829800855003,1.4467178525836617,0.2915660592255125,153343,372757,254,446,526100,0.9986712224753228,0.2914712031933092,0.9983463218682656,0.0011950600611463,0.499770690964706,0.451209877342404,0.9996746670978944,0.0002587438347031,0.0003015769435583,2195,6.0000113895432605,0.2902050113895216,0.5170842824601367,0.0002556834851633,0.0002556834851633,0.0003891643798243,1.0588723044945971,-0.4532930792643249,0.0,0.3627825880672192,1.2442552093713488,ETHUSDT,SUBE,v4_52_balanceado,52,0.2023640444441888,0.246917623818749,0.08910715874912042,0.9983463218682656,0.9987804028258073,0.0008681619150834319,0.3365657415731053,0.39388780945775465,0.11464413576929866,0.9996746670978944,1.001002577297046,0.0026558203983026996,2181,2188.0,14,0.2063273727647868,0.2482661920771542,0.0838776386247348,0.4938101788170564,0.5054472306385965,0.0232741036430803,0.0002556834851633,0.00030701005068109997,0.00010265313103560004,1.0588723044945971,1.0897877729154901,0.06183093684178598,-0.4532930792643249,-0.36638143975182663,0.1738232790249965,0.2920829800855003,0.3274327840763598,0.07069960798171887,1.2442552093713488,1.3454865309775053,0.2024626432123129
0.2,0.201893534087435,105563,415617,100,2080,521180,0.9958346071537756,0.2025461452856978,0.9990535949196976,0.0049796862318857,0.5020166405757917,0.3368084193330706,1.0032324521991882,0.0003629637841993,9.008954904099475e-05,2180,5.975342575267579,0.2091743119266055,0.4944954128440367,0.0003605878175219,0.0003605878175219,-3.893465232335247e-05,1.1217905294954464,-0.2755079142621971,0.0,0.2920829800855003,1.4467178525836617,0.2915660592255125,153271,372631,326,572,525902,0.9982953682611996,0.2914440332989796,0.9978775627128134,0.0015326779259545,0.4997051203193839,0.451129435069073,0.9995814810308956,0.0002574028626401,0.000301433780606,2195,6.0000113895432605,0.2842824601366742,0.5157175398633257,0.0002536182154313,0.0002536182154313,0.0003556340754804,1.0583847312943668,-0.4537221562834392,0.0,0.3627825880672192,1.2442552093713488,ETHUSDT,SUBE,v4_52_balanceado,52,0.2025461452856978,0.2469950892923387,0.0888978880132818,0.9978775627128134,0.9984655788162555,0.0011760322068842255,0.3368084193330706,0.3939689272010718,0.1143210157360024,0.9995814810308956,1.001406966615042,0.003650971168292605,2180,2187.5,15,0.2091743119266055,0.24672838603163982,0.0751081482100687,0.4944954128440367,0.5051064763536812,0.021222127019288994,0.0002536182154313,0.0003071030164766,0.00010696960209059998,1.0583847312943668,1.0900876303949065,0.06340579820107961,-0.4537221562834392,-0.36461503527281813,0.1782142420212421,0.2920829800855003,0.3274327840763598,0.07069960798171887,1.2442552093713488,1.3454865309775053,0.2024626432123129
0.21,0.201893534087435,105528,415056,135,2641,520584,0.9946958116783858,0.202710801714997,0.9987223531415916,0.0063227650665434,0.5025225591040675,0.3370171833158482,1.0040480128858809,0.0003632604275175,9.067692439457264e-05,2177,5.967119626769504,0.2126779972439136,0.5084979329352319,0.0003633210474839,0.0003633210474839,9.943111199506303e-05,1.1218795431243025,-0.2743805921102039,0.0,0.2920829800855003,1.4467178525836617,0.2915660592255125,153221,372327,376,876,525548,0.9976233864844344,0.2915452061467268,0.9975520355215272,0.0023472480124757,0.4999496417670014,0.4512173394488658,0.9999284790594588,0.0002580984641951,0.0003025885361382,2195,6.0000113895432605,0.2888382687927107,0.5138952164009112,0.0002517818879736,0.0002517818879736,0.0003854261975861,1.058073605925947,-0.4535862369813406,0.0,0.3627825880672192,1.2442552093713488,ETHUSDT,SUBE,v4_52_balanceado,52,0.202710801714997,0.2471280039308619,0.0888344044317298,0.9975520355215272,0.9981371943315593,0.001170317620064476,0.3370171833158482,0.394117261382357,0.1142001561330176,0.9999284790594588,1.0019882459726699,0.0041195338264220505,2177,2186.0,18,0.2126779972439136,0.2507581330183121,0.07616027154879709,0.5084979329352319,0.5111965746680716,0.005397283465679248,0.0002517818879736,0.00030755146772875003,0.0001115391595103,1.058073605925947,1.0899765745251249,0.06380593719835548,-0.4535862369813406,-0.3639834145457722,0.17920564487113672,0.2920829800855003,0.3274327840763598,0.07069960798171887,1.2442552093713488,1.3454865309775053,0.2024626432123129
0.22,0.201893534087435,105506,414263,157,3434,519769,0.99313856618771,0.2029863266181707,0.9985141440239252,0.0082212704424499,0.5033677072331875,0.337385998797631,1.0054127168345195,0.000364317460472,9.319306862831668e-05,2177,5.967119626769504,0.2085438677078548,0.5052824988516307,0.0003652093225383,0.0003652093225383,6.279474282400166e-05,1.123153151432997,-0.2723235742062443,0.0,0.2920829800855003,1.4467178525836617,0.2915660592255125,153185,371957,412,1246,525142,0.9968526955201216,0.2917020539206538,0.997317655943801,0.0033386655519918,0.5003281607478964,0.4513811641882961,1.0004664284159224,0.0002598863047096,0.0003050882969055,2194,5.997277899160781,0.284412032816773,0.5113947128532361,0.0002620790440928,0.0002620790440928,0.0002849223891667,1.0613109842362232,-0.4606101697442309,0.0,0.3627825880672192,1.2442552093713488,ETHUSDT,SUBE,v4_52_balanceado,52,0.2029863266181707,0.24734419026941223,0.08871572730248309,0.997317655943801,0.9979158999838631,0.0011964880801242916,0.337385998797631,0.39438358149296354,0.11399516539066512,1.0004664284159224,1.002939572625221,0.004946288418597122,2177,2185.5,17,0.2085438677078548,0.2464779502623139,0.07586816510891822,0.5052824988516307,0.5083386058524334,0.006112214001605443,0.0002620790440928,0.00031364418331555,0.0001031302784455,1.0613109842362232,1.09223206783461,0.061842167196773934,-0.4606101697442309,-0.36646687197523764,0.1882865955379866,0.2920829800855003,0.3274327840763598,0.07069960798171887,1.2442552093713488,1.3454865309775053,0.2024626432123129
0.23,0.201893534087435,105480,413349,183,4348,518829,0.9913424793641088,0.2033039787675708,0.9982680787030463,0.0104094594885766,0.5043387690958115,0.3378105724332737,1.0069860814835454,0.0003653885895749,9.550561797766476e-05,2175,5.961637661104121,0.2036781609195402,0.5020689655172413,0.000363532680379,0.000363532680379,4.296893882838049e-05,1.1228573015189665,-0.2695600037369015,0.0,0.2920829800855003,1.4467178525836617,0.2915660592255125,153133,371512,464,1691,524645,0.9959092634776006,0.2918792707449799,0.9969791076648632,0.0045310461062746,0.5007550768855689,0.4515585882325188,1.0010742386143965,0.000262261876981,0.0003084680076612,2194,5.997277899160781,0.284412032816773,0.5136736554238833,0.0002743549225462,0.0002743549225462,0.0002250557418086,1.064651154076986,-0.459857865682988,0.0,0.3627825880672192,1.2442552093713488,ETHUSDT,SUBE,v4_52_balanceado,52,0.2033039787675708,0.24759162475627533,0.08857529197740907,0.9969791076648632,0.9976235931839548,0.001288971038183151,0.3378105724332737,0.3946845803328963,0.1137480157992451,1.0010742386143965,1.004030160048971,0.00591184286914892,2175,2184.5,19,0.2036781609195402,0.24404509686815662,0.08073387189723283,0.5020689655172413,0.5078713104705623,0.011604689906641985,0.0002743549225462,0.0003189438014626,8.91777578328e-05,1.064651154076986,1.0937542277979762,0.05820614744198038,-0.459857865682988,-0.3647089347099447,0.1902978619460865,0.2920829800855003,0.3274327840763598,0.07069960798171887,1.2442552093713488,1.3454865309775053,0.2024626432123129
0.24,0.201893534087435,105451,412357,212,5340,517808,0.9893916233567716,0.203648842814325,0.9979936212297588,0.0127843867683991,0.5053890039990789,0.3382707455519182,1.0086942295345118,0.0003668979988929,9.7113916552094e-05,2173,5.9561556954387385,0.2057063966866083,0.5043718361711919,0.0003651683277587,0.0003651683277587,5.6490082852134194e-05,1.1251235493117746,-0.2695280496146628,0.0,0.2920829800855003,1.4467178525836617,0.2915660592255125,153076,371001,521,2202,524077,0.9948310554290052,0.2920868498331352,0.9966080066667968,0.0059002741135521,0.5012541403901745,0.4517688446066987,1.0017861839234856,0.0002637373299525,0.0003100377832712,2194,5.997277899160781,0.2816773017319963,0.5068368277119416,0.0002590497757132,0.0002590497757132,0.0001522291434965,1.0605629648586083,-0.4587503934969572,0.0,0.3627825880672192,1.2442552093713488,ETHUSDT,SUBE,v4_52_balanceado,52,0.203648842814325,0.2478678463237301,0.08843800701881022,0.9966080066667968,0.9973008139482777,0.0013856145629619343,0.3382707455519182,0.39501979507930846,0.11349809905478048,1.0017861839234856,1.0052402067289987,0.006908045611026203,2173,2183.5,21,0.2057063966866083,0.2436918492093023,0.07597090504538798,0.5043718361711919,0.5056043319415667,0.0024649915407497502,0.0002590497757132,0.00031210905173595,0.00010611855204549996,1.0605629648586083,1.0928432570851916,0.06456058445316626,-0.4587503934969572,-0.36413922155581,0.18922234388229436,0.2920829800855003,0.3274327840763598,0.07069960798171887,1.2442552093713488,1.3454865309775053,0.2024626432123129
0.25,0.201893534087435,105414,411090,249,6607,516504,0.9869000305716906,0.2040913526323126,0.9976434513500468,0.0158176860259949,0.5067305686880209,0.3388607881806653,1.0108860274045517,0.0003689152162952,9.855613068698864e-05,2170,5.947932746940664,0.2105990783410138,0.5101382488479262,0.0003616759480272,0.0003616759480272,0.000153568036439,1.1235057532155226,-0.2758736993256157,0.0,0.2920829800855003,1.4467178525836617,0.2915660592255125,152959,370193,638,3010,523152,0.9930751708428246,0.2923796525675138,0.9958462730391868,0.008065315659306,0.5019557943492465,0.4520405645224448,1.0027904254156417,0.0002648243612965,0.0003114562629555,2193,5.9945444087783,0.285453716370269,0.5093479252165982,0.0002543857568926,0.0002543857568926,0.0002116715703914,1.0604140900098329,-0.458079046887769,0.0,0.3627825880672192,1.2442552093713488,ETHUSDT,SUBE,v4_52_balanceado,52,0.2040913526323126,0.2482355025999132,0.08828829993520121,0.9958462730391868,0.9967448621946169,0.0017971783108600148,0.3388607881806653,0.39545067635155506,0.1131797763417795,1.0027904254156417,1.0068382264100966,0.008095601988910017,2170,2181.5,23,0.2105990783410138,0.24802639735564141,0.07485463802925521,0.5093479252165982,0.5097430870322622,0.0007903236313280271,0.0002543857568926,0.0003080308524599,0.00010729019113459997,1.0604140900098329,1.0919599216126779,0.06309166320568971,-0.458079046887769,-0.36697637310669234,0.18220534756215334,0.2920829800855003,0.3274327840763598,0.07069960798171887,1.2442552093713488,1.3454865309775053,0.2024626432123129
0.26,0.201893534087435,105322,409242,341,8455,514564,0.9831932130846835,0.2046820220613956,0.9967727586761684,0.0202419457166319,0.5085073521964002,0.3396240408753569,1.0138116754781905,0.0003717993734931,0.0001011981187557,2166,5.936968815609897,0.206371191135734,0.4967682363804247,0.0003709519186573,0.0003709519186573,-5.313835692694058e-05,1.126266423839816,-0.2723745940177285,0.0,0.2920829800855003,1.4467178525836617,0.2915660592255125,152777,368902,820,4301,521679,0.9902790432801822,0.292856335025945,0.9946613540629048,0.0115245590201579,0.5030929565415314,0.4524875754506305,1.004425329216507,0.0002655151489139,0.0003118503118502,2191,5.989077428013341,0.2870835235052487,0.5152898219990871,0.0002544070786726,0.0002544070786726,0.0003118188243538,1.0580944663540035,-0.4625769272382198,0.0,0.3627825880672192,1.2442552093713488,ETHUSDT,SUBE,v4_52_balanceado,52,0.2046820220613956,0.2487691785436703,0.08817431296454939,0.9946613540629048,0.9957170563695366,0.0021114046132636455,0.3396240408753569,0.3960558081629937,0.1128635345752736,1.004425329216507,1.0091185023473488,0.009386346261683443,2166,2178.5,25,0.206371191135734,0.24672735732049134,0.0807123323695147,0.4967682363804247,0.5060290291897559,0.018521585618662406,0.0002544070786726,0.00031267949866495,0.00011654483998469996,1.0580944663540035,1.0921804450969097,0.0681719574858124,-0.4625769272382198,-0.36747576062797416,0.1902023332204913,0.2920829800855003,0.3274327840763598,0.07069960798171887,1.2442552093713488,1.3454865309775053,0.2024626432123129
0.27,0.201893534087435,105078,406859,585,10838,511937,0.9781737236319168,0.2052557248255156,0.9944635302802304,0.0259470381640279,0.5102052842221292,0.3402784974093264,1.0166532858681077,0.0003729814758511,0.0001023063692107,2163,5.928745867111823,0.2108183079056865,0.5039297272306981,0.000365845954035,0.000365845954035,9.85232460126717e-05,1.123776065729325,-0.2724773970265932,0.0,0.2920829800855003,1.4467178525836617,0.2915660592255125,152452,366796,1145,6407,519248,0.9856643887623386,0.2936015160385788,0.992545427319544,0.0171676004748086,0.5048565138971763,0.4531563733103464,1.0069811171385077,0.0002655448442031,0.0003137075965756,2190,5.986343937630862,0.284931506849315,0.5054794520547945,0.0002550137747605,0.0002550137747605,0.0001535117820544,1.0586770655207345,-0.4507689766033872,0.0,0.3627825880672192,1.2442552093713488,ETHUSDT,SUBE,v4_52_balanceado,52,0.2052557248255156,0.24942862043204722,0.08834579121306321,0.992545427319544,0.9935044787998872,0.0019181029606863964,0.3402784974093264,0.3967174353598364,0.11287787590102,1.0069811171385077,1.0118172015033076,0.009672168729599973,2163,2176.5,27,0.2108183079056865,0.24787490737750076,0.0741131989436285,0.5039297272306981,0.5047045896427462,0.0015497248240964323,0.0002550137747605,0.00031042986439774997,0.00011083217927449997,1.0586770655207345,1.0912265656250297,0.0650990002085905,-0.4507689766033872,-0.36162318681499017,0.17829157957679403,0.2920829800855003,0.3274327840763598,0.07069960798171887,1.2442552093713488,1.3454865309775053,0.2024626432123129
0.28,0.201893534087435,104645,403775,1018,13922,508420,0.971453683888719,0.2058239251012942,0.9903655962825209,0.0333303806347663,0.5118479884586437,0.3408171208126588,1.0194676418520516,0.0003715685434372,0.0001025359288905,2154,5.904077021617598,0.2154131847725162,0.4995357474466109,0.0003676659114626,0.0003676659114626,-2.702980306079628e-06,1.124125541649684,-0.274852447121831,0.0,0.2920829800855003,1.4467178525836617,0.2915660592255125,152017,363814,1580,9389,515831,0.9791780561883068,0.294703110127154,0.9897133407553532,0.025157889941935,0.5074356153486442,0.4541698285700628,1.0107593144070832,0.0002670130394347,0.0003206981091472,2188,5.9808769568659015,0.2915904936014625,0.506398537477148,0.0002525736899379,0.0002525736899379,0.0001592558172109,1.0587676414338565,-0.4443677468994982,0.0,0.3627825880672192,1.2442552093713488,ETHUSDT,SUBE,v4_52_balanceado,52,0.2058239251012942,0.2502635176142241,0.08887918502585981,0.9897133407553532,0.9900394685189371,0.0006522555271676334,0.3408171208126588,0.39749347469136076,0.11335270775740397,1.0107593144070832,1.0151134781295674,0.008708327444968411,2154,2171.0,34,0.2154131847725162,0.2535018391869893,0.0761773088289463,0.4995357474466109,0.5029671424618795,0.006862790030537136,0.0002525736899379,0.00031011980070025,0.00011509222152469997,1.0587676414338565,1.0914465915417702,0.06535790021582755,-0.4443677468994982,-0.3596100970106646,0.16951529977766722,0.2920829800855003,0.3274327840763598,0.07069960798171887,1.2442552093713488,1.3454865309775053,0.2024626432123129
0.29,0.201893534087435,103980,398719,1683,18978,502699,0.9605223937633752,0.2068434590082733,0.9840720024985096,0.0454348487061195,0.5147534256023145,0.3418359463608838,1.024517500984923,0.0003672365102391,0.0001024247957071,2144,5.876667193290683,0.2019589552238806,0.5065298507462687,0.000359881143704,0.000359881143704,0.0001505279568786,1.1219924345156254,-0.2780777906481034,0.0,0.2920829800855003,1.4467178525836617,0.2915660592255125,151330,359964,2267,13239,511294,0.9705656795747912,0.295974527375639,0.9852405971470796,0.0354739913666288,0.5103572942568543,0.455202431676771,1.0151199634204229,0.0002675664642895,0.0003316323841034,2186,5.975409976100942,0.2932296431838975,0.5132662397072278,0.0002499460454493,0.0002499460454493,0.0002466354514631,1.0578570831393637,-0.4469656658597474,0.0,0.3627825880672192,1.2442552093713488,ETHUSDT,SUBE,v4_52_balanceado,52,0.2068434590082733,0.25140899319195614,0.0891310683673657,0.9840720024985096,0.9846562998227946,0.0011685946485699983,0.3418359463608838,0.39851918901882744,0.11336648531588717,1.0151199634204229,1.019818732202673,0.009397537564500125,2144,2165.0,42,0.2019589552238806,0.24759429920388903,0.09127068796001689,0.5065298507462687,0.5098980452267483,0.006736388960959183,0.0002499460454493,0.00030491359457665004,0.00010993509825470003,1.0578570831393637,1.0899247588274945,0.0641353513762617,-0.4469656658597474,-0.36252172825392537,0.168887875211644,0.2920829800855003,0.3274327840763598,0.07069960798171887,1.2442552093713488,1.3454865309775053,0.2024626432123129
0.3,0.201893534087435,103203,391601,2460,26096,494804,0.9454371751757872,0.2085734957680212,0.9767184350245592,0.0624759095708132,0.5195971722976863,0.3437424537901334,1.0330865557967464,0.0003699988833412,0.000105675943111,2136,5.854739330629151,0.2031835205992509,0.5023408239700374,0.000354683482176,0.000354683482176,4.440474365807745e-05,1.1191449959906787,-0.2780974468588671,0.0,0.2920829800855003,1.4467178525836617,0.2915660592255125,150308,354785,3289,18418,505093,0.958794608959757,0.2975848012148258,0.978586821357188,0.0493511574129897,0.5139689893850888,0.4563846422444549,1.0206428073463036,0.0002669705910941,0.0003430904195256,2182,5.964476014571022,0.3001833180568286,0.5183318056828597,0.0002564949255045,0.0002564949255045,0.0003997928349457,1.059027560848039,-0.4520491155652351,0.0,0.3627825880672192,1.2442552093713488,ETHUSDT,SUBE,v4_52_balanceado,52,0.2085734957680212,0.2530791484914235,0.08901130544680458,0.9767184350245592,0.9776526281908736,0.0018683863326287575,0.3437424537901334,0.40006354801729416,0.1126421884543215,1.0206428073463036,1.026864681571525,0.012443748450442715,2136,2159.0,46,0.2031835205992509,0.2516834193280397,0.09699979745757767,0.5023408239700374,0.5103363148264486,0.015990981712822316,0.0002564949255045,0.00030558920384025,9.81885566715e-05,1.059027560848039,1.089086278419359,0.060117435142639675,-0.4520491155652351,-0.36507328121205107,0.17395166870636797,0.2920829800855003,0.3274327840763598,0.07069960798171887,1.2442552093713488,1.3454865309775053,0.2024626432123129
0.31,0.201893534087435,102003,381305,3660,36392,483308,0.9234714154692756,0.2110517516780189,0.9653615740609296,0.0871253564186479,0.5262434652397888,0.3463769863032305,1.045361619092852,0.0003781752516614,0.0001076342760651,2126,5.827329502302235,0.2036688617121354,0.5089369708372531,0.0003531124178637,0.0003531124178637,0.0001200026919198,1.119263663143125,-0.2639601053940356,0.0,0.2920829800855003,1.4467178525836617,0.2915660592255125,148830,348149,4767,25054,496979,0.9433921791951404,0.2994693940790254,0.9689642375827652,0.0671323649595528,0.5180483012711591,0.4575330168957969,1.0271064981792002,0.0002649206826695,0.000355750515985,2176,5.948075072276144,0.2987132352941176,0.5133272058823529,0.0002756480029914,0.0002756480029914,0.0002693428613411,1.0630163543600135,-0.4490064947342902,0.0,0.3627825880672192,1.2442552093713488,ETHUSDT,SUBE,v4_52_balanceado,52,0.2110517516780189,0.25526057287852216,0.0884176424010065,0.9653615740609296,0.9671629058218474,0.0036026635218355807,0.3463769863032305,0.4019550015995137,0.1111560305925664,1.0271064981792002,1.0362340586360261,0.01825512091365189,2126,2151.0,50,0.2036688617121354,0.2511910485031265,0.09504437358198217,0.5089369708372531,0.511132088359803,0.004390235045099833,0.0002756480029914,0.00031438021042755,7.74644148723e-05,1.0630163543600135,1.0911400087515692,0.05624730878311146,-0.4490064947342902,-0.3564833000641629,0.18504638934025464,0.2920829800855003,0.3274327840763598,0.07069960798171887,1.2442552093713488,1.3454865309775053,0.2024626432123129
0.32,0.201893534087435,100296,367627,5367,50070,467923,0.894074824212779,0.2143429581362745,0.9492064393401664,0.1198715815531354,0.5345390104466509,0.3497156485688283,1.0616633123250394,0.0003874989548957,0.0001161392578019,2109,5.780732794146479,0.2076813655761024,0.5040303461356093,0.0003651081509963,0.0003651081509963,4.734811120488125e-05,1.1241183250737534,-0.2626430253507116,0.0,0.2920829800855003,1.4467178525836617,0.2915660592255125,146870,340541,6727,32662,487411,0.9252296886864084,0.301326806329771,0.9562035716843428,0.0875180531774932,0.521860812430918,0.4582470109577415,1.033476966181132,0.0002584739063031,0.0003683430790772,2171,5.934407620363745,0.2888070013818516,0.5089820359281437,0.0002667548980663,0.0002667548980663,0.0002222037052468,1.0633791112117323,-0.4573472477716135,0.0,0.3627825880672192,1.2442552093713488,ETHUSDT,SUBE,v4_52_balanceado,52,0.2143429581362745,0.25783488223302276,0.0869838481934965,0.9492064393401664,0.9527050055122546,0.006997132344176427,0.3497156485688283,0.40398132976328494,0.1085313623889132,1.033476966181132,1.0475701392530858,0.02818634614390736,2109,2140.0,62,0.2076813655761024,0.248244183478977,0.08112563580574922,0.5040303461356093,0.5065061910318764,0.004951689792534464,0.0002667548980663,0.0003159315245313,9.835325293e-05,1.0633791112117323,1.0937487181427428,0.06073921386202108,-0.4573472477716135,-0.35999513656116255,0.1947042224209019,0.2920829800855003,0.3274327840763598,0.07069960798171887,1.2442552093713488,1.3454865309775053,0.2024626432123129
0.33,0.201893534087435,97797,351051,7866,66646,448848,0.8576276368083156,0.2178844508608705,0.9255557763834076,0.1595558502933945,0.5425558133384011,0.3527324074725298,1.0792046998717164,0.000392418336983,0.0001325203183614,2069,5.671093480838817,0.208313194780087,0.5113581440309328,0.000352536294531,0.000352536294531,0.000159119700855,1.1192525380582217,-0.2833081965333015,0.0,0.2920829800855003,1.4467178525836617,0.2915660592255125,144596,331623,9001,41580,476219,0.9039844343204252,0.3036334123585997,0.9413985950246424,0.111413895386693,0.5264062452056677,0.4591690271444358,1.0413880585591535,0.0002511172347753,0.0003810900747645,2159,5.901605735773986,0.2806855025474757,0.5196850393700787,0.0002807284960866,0.0002807284960866,0.0002915900567792,1.0654447003994412,-0.4697763304333656,0.0,0.3627825880672192,1.2442552093713488,ETHUSDT,SUBE,v4_52_balanceado,52,0.2178844508608705,0.26075893160973507,0.0857489614977292,0.9255557763834076,0.9334771857040249,0.015842818641234824,0.3527324074725298,0.4059507173084828,0.10643661967190599,1.0413880585591535,1.060296379215435,0.037816641312562904,2069,2114.0,90,0.208313194780087,0.24449934866378137,0.0723723077673887,0.5113581440309328,0.5155215917005058,0.008326895339145879,0.0002807284960866,0.0003166323953088,7.180779844439996e-05,1.0654447003994412,1.0923486192288314,0.0538078376587805,-0.4697763304333656,-0.37654226348333353,0.18646813390006406,0.2920829800855003,0.3274327840763598,0.07069960798171887,1.2442552093713488,1.3454865309775053,0.2024626432123129
0.34,0.201893534087435,94394,331740,11269,85957,426134,0.8142273005197187,0.2215124819892334,0.8933496115007146,0.2057879276125995,0.5495687695566571,0.3550001222270904,1.0971747212731533,0.0003894261519342,0.0001383469475954,2033,5.572418098861921,0.2065912444663059,0.5061485489424495,0.0003441755741373,0.0003441755741373,5.581113511876623e-05,1.116113507119491,-0.2492187808794288,0.0,0.2920829800855003,1.4467178525836617,0.2915660592255125,141942,321185,11655,52018,463127,0.8791324981017464,0.3064861258358938,0.9241196117111662,0.1393825880284992,0.5317510998698327,0.4603096360770782,1.0511721654091477,0.0002413427493915,0.00039587714039,2144,5.860603380036788,0.2943097014925373,0.5149253731343284,0.000308987436521,0.000308987436521,0.000297735187791,1.0709024561343945,-0.4518077430706408,0.0,0.3627825880672192,1.2442552093713488,ETHUSDT,SUBE,v4_52_balanceado,52,0.2215124819892334,0.2639993039125636,0.0849736438466604,0.8933496115007146,0.9087346116059404,0.03077000021045162,0.3550001222270904,0.4076548791520843,0.10530951384998782,1.0511721654091477,1.0741734433411505,0.04600255586400559,2033,2088.5,111,0.2065912444663059,0.2504504729794216,0.08771845702623143,0.5061485489424495,0.510536961038389,0.008776824191878863,0.000308987436521,0.00032658150532915,3.518813761629999e-05,1.0709024561343945,1.0935079816269426,0.04521105098509648,-0.4518077430706408,-0.3505132619750348,0.202588962191212,0.2920829800855003,0.3274327840763598,0.07069960798171887,1.2442552093713488,1.3454865309775053,0.2024626432123129
0.35,0.201893534087435,90381,308986,15282,108711,399367,0.7630827728523387,0.2263106365823916,0.8553703756281764,0.2602628220935271,0.5578165988608518,0.3579232916856424,1.1209404877938398,0.0003915352725108,0.0001467101711227,1984,5.438109940060035,0.2162298387096774,0.5115927419354839,0.0003465434324176,0.0003465434324176,0.0001703336160374,1.1116921790644083,-0.2676589064504193,0.0,0.2920829800855003,1.4467178525836617,0.2915660592255125,138643,309574,14954,63629,448217,0.85082953682612,0.3093211547085452,0.902641327630097,0.1704943422212576,0.5365678349256773,0.4607503314977718,1.0608956184070106,0.0002260629475512,0.0004070945748058,2126,5.811400553152152,0.3043273753527751,0.5202257761053621,0.0002622561709633,0.0002622561709633,0.0003162122871339,1.0596927286157447,-0.4728596690619934,0.0,0.3627825880672192,1.2442552093713488,ETHUSDT,SUBE,v4_52_balanceado,52,0.2263106365823916,0.26781589564546837,0.08301051812615362,0.8553703756281764,0.8790058516291367,0.04727095200192055,0.3579232916856424,0.4093368115917071,0.10282703981212937,1.0608956184070106,1.0909180531004252,0.06004486938682918,1984,2055.0,142,0.2162298387096774,0.26027860703122624,0.08809753664309769,0.5115927419354839,0.5159092590204231,0.008633034169878262,0.0002622561709633,0.00030439980169045,8.42872614543e-05,1.0596927286157447,1.0856924538400765,0.05199945044866361,-0.4728596690619934,-0.3702592877562063,0.2052007626115741,0.2920829800855003,0.3274327840763598,0.07069960798171887,1.2442552093713488,1.3454865309775053,0.2024626432123129
0.36,0.201893534087435,85901,284003,19762,133694,369904,0.706786915316417,0.2322251178684199,0.8129714280306257,0.3200741207142977,0.5665227743724617,0.361257194044162,1.15023553833997,0.0004003161782911,0.0001699583117696,1922,5.268169004433159,0.2117585848074921,0.4994797086368366,0.0003258835731679,0.0003258835731679,-5.758632830976662e-06,1.1070290691110092,-0.2843539184699373,0.0,0.2920829800855003,1.4467178525836617,0.2915660592255125,134685,297053,18912,76150,431738,0.8195482156416097,0.3119600313152884,0.8768725951678744,0.2040444476598527,0.5404585214138635,0.4601980062699138,1.069946317290663,0.0002030182667794,0.0004045028936829,2106,5.756730745502554,0.3034188034188034,0.5147198480531814,0.0002814881239351,0.0002814881239351,0.0002357544927124,1.0629606875054465,-0.4512094483743913,0.0,0.3627825880672192,1.2442552093713488,ETHUSDT,SUBE,v4_52_balanceado,52,0.2322251178684199,0.27209257459185415,0.07973491344686848,0.8129714280306257,0.8449220115992501,0.0639011671372487,0.361257194044162,0.4107276001570379,0.0989408122257518,1.069946317290663,1.1100909278153166,0.08028922104930714,1922,2014.0,184,0.2117585848074921,0.2575886941131478,0.0916602186113113,0.4994797086368366,0.507099778345009,0.015240139416344778,0.0002814881239351,0.0003036858485515,4.4395449232799964e-05,1.0629606875054465,1.084994878308228,0.0440683816055627,-0.4512094483743913,-0.36778168342216433,0.16685552990445401,0.2920829800855003,0.3274327840763598,0.07069960798171887,1.2442552093713488,1.3454865309775053,0.2024626432123129
0.37,0.201893534087435,80801,257231,24862,160466,338032,0.6458881076123509,0.2390335826193969,0.7647047689351997,0.3841684283104739,0.5744365986228368,0.3642186637217007,1.1839585834179192,0.0004219365825097,0.0001890716581585,1847,5.062595291981293,0.2252301028695181,0.5078505684894423,0.0003819886063324,0.0003819886063324,0.0001269438273563,1.1215692736041392,-0.2675041251810808,0.0,0.2920829800855003,1.4467178525836617,0.2915660592255125,130324,283703,23273,89500,414027,0.7859282460136674,0.3147717419395353,0.8484801135438843,0.2398158642883363,0.5441479889161104,0.4591912956464138,1.0795897944214223,0.0001791387126255,0.0004003935783685,2085,5.699327447470478,0.3093525179856115,0.5175059952038369,0.0002889941742826,0.0002889941742826,0.0004289145602196,1.0658490220168382,-0.4517180676545749,0.0,0.3627825880672192,1.2442552093713488,ETHUSDT,SUBE,v4_52_balanceado,52,0.2390335826193969,0.2769026622794661,0.07573815932013839,0.7647047689351997,0.806592441239542,0.08377534460868463,0.3642186637217007,0.4117049796840573,0.09497263192471311,1.0795897944214223,1.1317741889196706,0.10436878899649682,1847,1966.0,238,0.2252301028695181,0.2672913104275648,0.08412241511609336,0.5078505684894423,0.5126782818466395,0.009655426714394566,0.0002889941742826,0.0003354913903075,9.299443204980001e-05,1.0658490220168382,1.0937091478104888,0.055720251587300984,-0.4517180676545749,-0.35961109641782785,0.1842139424734941,0.2920829800855003,0.3274327840763598,0.07069960798171887,1.2442552093713488,1.3454865309775053,0.2024626432123129
0.38,0.201893534087435,74871,228628,30792,189069,303499,0.5799048456129624,0.2466927403385184,0.7085829476732631,0.452646296238661,0.580614621955962,0.36597240212923,1.221895200624315,0.0004461632922417,0.0002088834376858,1775,4.865244528027501,0.2219718309859155,0.5138028169014085,0.0004200488960345,0.0004200488960345,0.0002125501770238,1.1359221440719,-0.2384431440733698,0.0,0.2920829800855003,1.4467178525836617,0.2915660592255125,125543,269333,28054,103870,394876,0.7495747911921032,0.3179301856785421,0.8173532035130895,0.278320377917648,0.5478367907153687,0.4577909942695447,1.090422481008457,0.0001602080031263,0.0003953176129596,2060,5.630990187908481,0.2985436893203883,0.5179611650485437,0.0002679407652591,0.0002679407652591,0.0004039988421129,1.0598525261250424,-0.4677162090426201,0.0,0.3627825880672192,1.2442552093713488,ETHUSDT,SUBE,v4_52_balanceado,52,0.2466927403385184,0.2823114630085303,0.07123744534002369,0.7085829476732631,0.7629680755931763,0.10877025583982636,0.36597240212923,0.41188169819938736,0.09181859214031474,1.090422481008457,1.1561588408163859,0.13147271961585782,1775,1917.5,285,0.2219718309859155,0.2602577601531519,0.07657185833447278,0.5138028169014085,0.5158819909749761,0.004158348147135227,0.0002679407652591,0.00034399483064679996,0.00015210813077539998,1.0598525261250424,1.0978873350984713,0.07606961794685763,-0.4677162090426201,-0.353079676557995,0.22927306496925032,0.2920829800855003,0.3274327840763598,0.07069960798171887,1.2442552093713488,1.3454865309775053,0.2024626432123129
0.39,0.201893534087435,68804,199861,36859,217836,268665,0.5133464536838888,0.2560958814880986,0.6511645514513122,0.521516793273593,0.5863406723624527,0.3676134299331068,1.2684699519757272,0.0004929058669267,0.0002625935489517,1676,4.593887227591038,0.2392601431980907,0.5184964200477327,0.0004084866562927,0.0004084866562927,0.0002521918186217,1.1232907268596082,-0.2416351230407176,0.0,0.2920829800855003,1.4467178525836617,0.2915660592255125,120349,253862,33248,119341,374211,0.7103473804100228,0.3216073284858008,0.7835374388822698,0.3197750286037357,0.5516562337430028,0.456033254516794,1.103034178052435,0.0001431750055392,0.0003990392654635,2023,5.529851043756727,0.3025210084033613,0.5279288185862581,0.0002812196916909,0.0002812196916909,0.0005644826435156,1.062776378665975,-0.4690395564879317,0.0,0.3627825880672192,1.2442552093713488,ETHUSDT,SUBE,v4_52_balanceado,52,0.2560958814880986,0.28885160498694973,0.06551144699770223,0.6511645514513122,0.717350995166791,0.13237288743095754,0.3676134299331068,0.41182334222495043,0.08841982458368719,1.103034178052435,1.1857520650140811,0.16543577392329212,1676,1849.5,347,0.2392601431980907,0.270890575800726,0.06326086520527063,0.5184964200477327,0.5232126193169954,0.0094323985385254,0.0002812196916909,0.0003448531739918,0.00012726696460179998,1.062776378665975,1.0930335527627917,0.060514348193633216,-0.4690395564879317,-0.3553373397643247,0.22740443344721412,0.2920829800855003,0.3274327840763598,0.07069960798171887,1.2442552093713488,1.3454865309775053,0.2024626432123129
0.4,0.201893534087435,62697,171582,42966,246115,234279,0.4476440690920208,0.2676168158477712,0.5933675931972403,0.5892189793079673,0.5912932862526038,0.3688688070317877,1.3255343567955629,0.0005668672341933,0.0003588196657502,1581,4.33349385848534,0.249841872232764,0.5110689437065149,0.0004476875580248,0.0004476875580248,0.0001724534375717,1.13174570721031,-0.2417034948311909,0.0,0.2920829800855003,1.4467178525836617,0.2915660592255125,114827,238019,38770,135184,352846,0.669791192103265,0.3254309245393174,0.7475862158766122,0.3622264558430666,0.5549063358598394,0.453464654462595,1.1161481737749592,0.0001322365108738,0.0004152308380145,1987,5.431445389987453,0.3039758429793658,0.5279315551082033,0.0002759230007054,0.0002759230007054,0.0005365385768238,1.0610372910607049,-0.4854750048626062,0.0,0.3627825880672192,1.2442552093713488,ETHUSDT,SUBE,v4_52_balanceado,52,0.2676168158477712,0.2965238701935443,0.057814108691546184,0.5933675931972403,0.6704769045369263,0.15421862267937192,0.3688688070317877,0.41116673074719134,0.08459584743080728,1.1161481737749592,1.220841265285261,0.20938618302060363,1581,1784.0,406,0.249841872232764,0.2769088576060649,0.05413397074660181,0.5110689437065149,0.5195002494073591,0.016862611401688432,0.0002759230007054,0.0003618052793651,0.00017176455731939997,1.0610372910607049,1.0963914991355075,0.07070841614960521,-0.4854750048626062,-0.36358924984689855,0.24377151003141528,0.2920829800855003,0.3274327840763598,0.07069960798171887,1.2442552093713488,1.3454865309775053,0.2024626432123129
0.41,0.201893534087435,56334,144967,49329,272730,201301,0.3846319932742281,0.2798495784919101,0.533147837937594,0.6529374163568328,0.5930426271472133,0.3670397831667557,1.3861245222975505,0.0006405600205743,0.0004404470857084,1489,4.081323437877718,0.2404298186702484,0.5144392209536601,0.0004439321298292,0.0004439321298292,0.0002456264839931,1.1304821712671136,-0.2225332852657214,0.0,0.2920829800855003,1.4467178525836617,0.2915660592255125,109281,222396,44316,150807,331677,0.6296070615034168,0.3294801870494487,0.7114787398191371,0.404088391572415,0.557783565695776,0.4503888524833394,1.1300361500397116,0.0001235377603882,0.0004286016117835,1954,5.341240207365618,0.3091095189355169,0.5209825997952917,0.0003363270956537,0.0003363270956537,0.000555819572742,1.073811423936361,-0.4589806832108117,0.0,0.3627825880672192,1.2442552093713488,ETHUSDT,SUBE,v4_52_balanceado,52,0.2798495784919101,0.3046648827706794,0.04963060855753859,0.533147837937594,0.6223132888783656,0.1783309018815431,0.3670397831667557,0.4087143178250475,0.0833490693165837,1.1300361500397116,1.258080336168631,0.25608837225783887,1489,1721.5,465,0.2404298186702484,0.27476966880288267,0.06867970026526851,0.5144392209536601,0.5177109103744759,0.006543378841631586,0.0003363270956537,0.00039012961274145,0.00010760503417549998,1.073811423936361,1.1021467976017374,0.05667074733075261,-0.4589806832108117,-0.34075698423826656,0.23644739794509032,0.2920829800855003,0.3274327840763598,0.07069960798171887,1.2442552093713488,1.3454865309775053,0.2024626432123129
0.42,0.201893534087435,50193,121413,55470,296284,171606,0.3278928462243962,0.2924897730848572,0.4750291019562193,0.709327574773101,0.5921783383646602,0.3620527357908746,1.4487327412783173,0.0007194801101387,0.0005397835868861,1395,3.823671051604712,0.239426523297491,0.5197132616487455,0.0004277129241774,0.0004277129241774,0.000241662638956,1.1232402473047445,-0.2396740855445056,0.0,0.2920829800855003,1.4467178525836617,0.2915660592255125,103439,207075,50158,166128,310514,0.5894343204252088,0.3331218560193743,0.6734441427892471,0.4451411162289692,0.5592926295091082,0.445751124192273,1.1425261805309113,0.0001321042992238,0.0004480144775061,1919,5.245568043978823,0.3058884835852006,0.5164147993746743,0.000255095536573,0.000255095536573,0.0003668106252809,1.0563084889751455,-0.5002699583699857,0.0,0.3627825880672192,1.2442552093713488,ETHUSDT,SUBE,v4_52_balanceado,52,0.2924897730848572,0.31280581455211576,0.04063208293451709,0.4750291019562193,0.5742366223727332,0.19841504083302786,0.3620527357908746,0.4039019299915738,0.08369838840139837,1.1425261805309113,1.2956294609046144,0.30620656074740604,1395,1657.0,524,0.239426523297491,0.2726575034413458,0.06646196028770959,0.5164147993746743,0.5180640305117099,0.0032984622740712677,0.000255095536573,0.0003414042303752,0.00017261738760439998,1.0563084889751455,1.089774368139945,0.06693175832959897,-0.5002699583699857,-0.36997202195724566,0.2605958728254801,0.2920829800855003,0.3274327840763598,0.07069960798171887,1.2442552093713488,1.3454865309775053,0.2024626432123129
0.43,0.201893534087435,44015,101711,61648,315986,145726,0.278443136655457,0.3020394438878443,0.4165601960951326,0.7564957373407039,0.5865279667179182,0.35017443086213,1.4960332694807283,0.000779485992474,0.0006330811769293,1289,3.533126871339408,0.2583397982932506,0.5252133436772692,0.0005326711251446,0.0005326711251446,0.0004324521866243,1.151224556152315,-0.2293133618842217,0.0,0.2920829800855003,1.4467178525836617,0.2915660592255125,97763,192152,55834,181051,289915,0.5503321943811693,0.3372126312884811,0.6364902960344277,0.4851273971538278,0.5608088465941278,0.4408584209671891,1.156556535367044,0.0001647644895535,0.0004789408745904,1871,5.114360505619791,0.3132014965259219,0.5275253874933191,0.0002542819192336,0.0002542819192336,0.0005216061873285,1.0547180184872802,-0.4793387972667907,0.0,0.3627825880672192,1.2442552093713488,ETHUSDT,SUBE,v4_52_balanceado,52,0.3020394438878443,0.3196260375881627,0.035173187400636796,0.4165601960951326,0.5265252460647802,0.21993009993929513,0.35017443086213,0.3955164259146595,0.09068399010505906,1.156556535367044,1.3262949024238861,0.3394767341136844,1289,1580.0,582,0.2583397982932506,0.28577064740958624,0.054861698232671285,0.5252133436772692,0.5263693655852941,0.00231204381604988,0.0002542819192336,0.0003934765221891,0.00027838920591099993,1.0547180184872802,1.1029712873197974,0.0965065376650347,-0.4793387972667907,-0.3543260795755062,0.250025435382569,0.2920829800855003,0.3274327840763598,0.07069960798171887,1.2442552093713488,1.3454865309775053,0.2024626432123129
0.44,0.201893534087435,38064,84707,67599,332990,122771,0.2345823142769795,0.3100406447776755,0.3602396297663325,0.7972046722863703,0.5787221510263514,0.3332603727991455,1.5356640626410782,0.0008445305866756,0.0007316842900302,1177,3.2261367940779544,0.2744265080713678,0.530161427357689,0.0006215498949964,0.0006215498949964,0.0005478766801054,1.1707665907514813,-0.202594633224097,0.0,0.2920829800855003,1.4467178525836617,0.2915660592255125,92126,177545,61471,195658,269671,0.5119039483675019,0.341623682190521,0.5997903604888116,0.5242669539098025,0.5620286571993071,0.4353081262935067,1.1716853569924313,0.0001914964983071,0.0005165104553637,1822,4.980419476878279,0.3150384193194292,0.5170142700329309,0.0001619298705624,0.0001619298705624,0.0003156568718513,1.0337525386702435,-0.5357470669462612,0.0,0.3627825880672192,1.2442552093713488,ETHUSDT,SUBE,v4_52_balanceado,52,0.3100406447776755,0.32583216348409827,0.031583037412845516,0.3602396297663325,0.48001499512757206,0.23955073072247912,0.3332603727991455,0.3842842495463261,0.10204775349436118,1.1716853569924313,1.3536747098167548,0.363978705648647,1177,1499.5,645,0.2744265080713678,0.2947324636953985,0.040611911248061405,0.5170142700329309,0.5235878486953099,0.01314715732475813,0.0001619298705624,0.00039173988277940003,0.000459620024434,1.0337525386702435,1.1022595647108624,0.13701405208123774,-0.5357470669462612,-0.3691708500851791,0.3331524337221642,0.2920829800855003,0.3274327840763598,0.07069960798171887,1.2442552093713488,1.3454865309775053,0.2024626432123129
0.45,0.201893534087435,32659,69673,73004,348024,102332,0.1955288902476307,0.3191474807489348,0.309086435175984,0.8331972697912602,0.571141852483622,0.3140363951056515,1.5807711831460638,0.0009579407947582,0.0008570815522175,1098,3.009599150295322,0.2959927140255009,0.5455373406193078,0.0007950076730385,0.0007950076730385,0.0008510718008223,1.2144482634374314,-0.1661759152247445,0.0,0.2920829800855003,1.4467178525836617,0.2915660592255125,86478,163571,67119,209632,250049,0.4746564160971905,0.3458442145339513,0.5630188089611126,0.5617103828211456,0.5623645958911291,0.4284843650129074,1.186160746736496,0.0002325214528378,0.0005677517032549,1768,4.832810996224366,0.3218325791855204,0.5073529411764706,0.0001702435530581,0.0001702435530581,0.0001591685525337,1.034925257583878,-0.5410869695830107,0.0,0.3627825880672192,1.2442552093713488,ETHUSDT,SUBE,v4_52_balanceado,52,0.3191474807489348,0.332495847641443,0.026696733785016524,0.309086435175984,0.4360526220685483,0.25393237378512856,0.3140363951056515,0.3712603800592794,0.11444796990725586,1.186160746736496,1.38346596494128,0.3946104364095677,1098,1433.0,670,0.2959927140255009,0.30891264660551065,0.02583986516001946,0.5073529411764706,0.5264451408978892,0.03818439944283725,0.0001702435530581,0.0004826256130483,0.0006247641199804,1.034925257583878,1.1246867605106547,0.1795230058535533,-0.5410869695830107,-0.3536314424038776,0.3749110543582662,0.2920829800855003,0.3274327840763598,0.07069960798171887,1.2442552093713488,1.3454865309775053,0.2024626432123129
0.46,0.201893534087435,27672,56779,77991,360918,84451,0.1613631152552736,0.3276692993570236,0.2618892138212998,0.8640665362691138,0.5629778750452068,0.2911095447994361,1.622980650856893,0.0010817086004172,0.0009888445968913,999,2.7382418498588583,0.2972972972972973,0.5445445445445446,0.0008029764987106,0.0008029764987106,0.0008635536452208,1.2081261686806355,-0.1519535414426431,0.0,0.2920829800855003,1.4467178525836617,0.2915660592255125,80680,150271,72917,222932,230951,0.4384035687167805,0.3493381713004057,0.5252706758595546,0.5973478241064515,0.561309249983003,0.4196095155871309,1.1981441606349976,0.0002682183637464,0.0006120838232688,1716,4.690669496335414,0.3199300699300699,0.4970862470862471,7.832945410456321e-05,7.832945410456321e-05,-7.330229986368675e-05,1.0159312352982457,-0.5605596352786724,0.0,0.3627825880672192,1.2442552093713488,ETHUSDT,SUBE,v4_52_balanceado,52,0.3276692993570236,0.33850373532871464,0.021668871943382073,0.2618892138212998,0.3935799448404272,0.26338146203825474,0.2911095447994361,0.3553595301932835,0.12849997078769476,1.1981441606349976,1.4105624057459454,0.4248364902218953,999,1357.5,717,0.2972972972972973,0.3086136836136836,0.02263277263277258,0.4970862470862471,0.5208153958153958,0.047458297458297494,7.832945410456321e-05,0.0004406529764075816,0.0007246470446060368,1.0159312352982457,1.1120287019894406,0.1921949333823898,-0.5605596352786724,-0.3562565883606577,0.4086060938360293,0.2920829800855003,0.3274327840763598,0.07069960798171887,1.2442552093713488,1.3454865309775053,0.2024626432123129
0.47,0.201893534087435,23270,46178,82393,371519,69448,0.1326964231121981,0.3350708443727681,0.220228462186385,0.889446177492297,0.554837319839341,0.2657742803136296,1.6596412851322784,0.0011709852662098,0.0010978190530175,932,2.554596000068525,0.3079399141630901,0.5364806866952789,0.0008796518743784,0.0008796518743784,0.0007422240988991,1.2228329420137265,-0.1593456740928458,0.0,0.2920829800855003,1.4467178525836617,0.2915660592255125,74969,137426,78628,235777,212395,0.4031795747911921,0.3529697026766167,0.4880889600708347,0.631766089768839,0.5599275249198369,0.4096756213250563,1.2105994216686633,0.0003070317294433,0.000666143902309,1649,4.5075256407092645,0.328077622801698,0.5057610673135233,6.743316628836355e-05,6.743316628836355e-05,0.0001918373219509,1.0132317632950607,-0.5539745682053179,0.0,0.3627825880672192,1.2442552093713488,ETHUSDT,SUBE,v4_52_balanceado,52,0.3350708443727681,0.3440202735246924,0.01789885830384863,0.220228462186385,0.35415871112860986,0.26786049788444966,0.2657742803136296,0.33772495081934295,0.1439013410114267,1.2105994216686633,1.4351203534004708,0.4490418634636151,932,1290.5,717,0.3079399141630901,0.318008768482394,0.02013770863860792,0.5057610673135233,0.5211208770044011,0.030719619381755603,6.743316628836355e-05,0.0004735425203333818,0.0008122187080900364,1.0132317632950607,1.1180323526543936,0.2096011787186658,-0.5539745682053179,-0.35666012114908185,0.39462889411247204,0.2920829800855003,0.3274327840763598,0.07069960798171887,1.2442552093713488,1.3454865309775053,0.2024626432123129
0.48,0.201893534087435,19256,37478,86407,380219,56734,0.1084033934576582,0.3394084675855748,0.1822397622630438,0.910274672789127,0.5462572175260854,0.2371472379415876,1.68112599108095,0.0011816445067425,0.001149666618634,856,2.346281304783967,0.3107476635514019,0.5514018691588785,0.0009527406942607,0.0009527406942607,0.0009665188028121,1.2363844914996511,-0.1545638854644405,0.0,0.2920829800855003,1.4467178525836617,0.2915660592255125,69510,125458,84087,247745,194968,0.3700987091875474,0.3565200443149645,0.4525479013261977,0.6638344279118871,0.5581911646190424,0.3988352244201225,1.2227762218345624,0.0003578714287486,0.0007364176167726,1596,4.362650650437833,0.3358395989974937,0.5200501253132832,0.0001303967334821,0.0001303967334821,0.0004899155467373,1.025588670936521,-0.5393308927075287,0.0,0.3627825880672192,1.2442552093713488,ETHUSDT,SUBE,v4_52_balanceado,52,0.3394084675855748,0.34796425595026964,0.017111576729389677,0.1822397622630438,0.3173938317946208,0.2703081390631539,0.2371472379415876,0.31799123118085504,0.16168798647853488,1.2227762218345624,1.4519511064577562,0.4583497692463876,856,1226.0,740,0.3107476635514019,0.32329363127444777,0.02509193544609184,0.5200501253132832,0.5357259972360808,0.03135174384559525,0.0001303967334821,0.0005415687138714,0.0008223439607786,1.025588670936521,1.1309865812180862,0.21079582056313018,-0.5393308927075287,-0.34694738908598455,0.38476700724308815,0.2920829800855003,0.3274327840763598,0.07069960798171887,1.2442552093713488,1.3454865309775053,0.2024626432123129
0.49,0.201893534087435,16002,30448,89661,387249,46450,0.0887534393151941,0.3444994617868676,0.1514437409500014,0.9271050546209334,0.5392743977854674,0.2103962186006455,1.7063422231128684,0.0011673728071015,0.001182289569706,786,2.154412506495558,0.3180661577608142,0.5623409669211196,0.0011165516570874,0.0011165516570874,0.0011823987765116,1.2765508907268504,-0.1356116275930988,0.0,0.2920829800855003,1.4467178525836617,0.2915660592255125,64239,114371,89358,258832,178610,0.3390470766894457,0.3596607132859302,0.4182308248207972,0.6935421205081417,0.5558864726644694,0.3867407971535819,1.233547945331146,0.0003842972147964,0.000792981621751,1544,4.220509150548881,0.3316062176165803,0.5272020725388601,0.0001864448306926,0.0001864448306926,0.0006821366148737,1.0371149460192013,-0.4963453828062137,0.0,0.3627825880672192,1.2442552093713488,ETHUSDT,SUBE,v4_52_balanceado,52,0.3444994617868676,0.35208008753639886,0.015161251499062611,0.1514437409500014,0.28483728288539933,0.2667870838707958,0.2103962186006455,0.2985685078771137,0.1763445785529364,1.233547945331146,1.4699450842220072,0.47279427778172245,786,1165.0,758,0.3180661577608142,0.32483618768869726,0.013540059855766118,0.5272020725388601,0.5447715197299898,0.03513889438225948,0.0001864448306926,0.00065149824389,0.0009301068263948,1.0371149460192013,1.1568329183730257,0.23943594470764906,-0.4963453828062137,-0.31597850519965626,0.3607337552131149,0.2920829800855003,0.3274327840763598,0.07069960798171887,1.2442552093713488,1.3454865309775053,0.2024626432123129
0.5,0.201893534087435,13354,24735,92309,392962,38089,0.0727778202384591,0.3505999107353829,0.126382934423592,0.9407824331991852,0.5335826838113885,0.1857921976737715,1.7365583911347398,0.001182430843528,0.0012785089313847,720,1.973507639537916,0.3361111111111111,0.5638888888888889,0.0012421421775635,0.0012421421775635,0.0015118701266082,1.2955303725107947,-0.157612414114268,0.0,0.2920829800855003,1.4467178525836617,0.2915660592255125,59436,104096,94161,269107,163532,0.3104252088078967,0.3634518014822787,0.3869606828258364,0.7210740535311881,0.5540173681785123,0.3748379996783643,1.2465504470846722,0.0004433669521148,0.0008789817888315,1496,4.089301612189849,0.339572192513369,0.5233957219251337,0.0002958473234211,0.0002958473234211,0.0006834330867802,1.058805080352321,-0.489259000900584,0.0,0.3627825880672192,1.2442552093713488,ETHUSDT,SUBE,v4_52_balanceado,52,0.3505999107353829,0.35702585610883075,0.0128518907468958,0.126382934423592,0.25667180862471417,0.2605777484022444,0.1857921976737715,0.2803150986760679,0.18904580200459278,1.2465504470846722,1.4915544191097059,0.49000794405006753,720,1108.0,776,0.3361111111111111,0.33784165181224,0.003461081402257926,0.5233957219251337,0.5436423054070113,0.040493166963755156,0.0002958473234211,0.0007689947504923,0.0009462948541424001,1.058805080352321,1.1771677264315579,0.2367252921584737,-0.489259000900584,-0.323435707507426,0.331646586786316,0.2920829800855003,0.3274327840763598,0.07069960798171887,1.2442552093713488,1.3454865309775053,0.2024626432123129
0.51,0.201893534087435,11256,20112,94407,397585,31368,0.0599357994497095,0.3588370313695486,0.1065273558388461,0.951850264665535,0.5291888102521906,0.1642839941327145,1.7773577197085728,0.0012806967007922,0.0014368659854535,665,1.8227535837398807,0.3518796992481203,0.5774436090225564,0.0014400776286576,0.0014400776286576,0.0016775759941924,1.3499582319787915,-0.1382118503558866,0.0,0.2920829800855003,1.4467178525836617,0.2915660592255125,54831,94509,98766,278694,149340,0.2834851936218678,0.3671554841301727,0.3569796285083693,0.7467624858321075,0.5518710571702383,0.3619960585864387,1.259253169266164,0.0004759319192419,0.0009658831473663,1432,3.9143582277111375,0.3337988826815642,0.5125698324022346,0.0002122269815442,0.0002122269815442,0.0003058352503056,1.0412039554320225,-0.4960169473722493,0.0,0.3627825880672192,1.2442552093713488,ETHUSDT,SUBE,v4_52_balanceado,52,0.3588370313695486,0.36299625774986066,0.008318452760624095,0.1065273558388461,0.2317534921736077,0.2504522726695232,0.1642839941327145,0.26314002635957656,0.1977120644537242,1.259253169266164,1.5183054444873685,0.5181045504424089,665,1048.5,767,0.3337988826815642,0.3428392909648422,0.01808081656655608,0.5125698324022346,0.5450067207123955,0.06487377662032179,0.0002122269815442,0.0008261523051009,0.0012278506471134001,1.0412039554320225,1.195581093705407,0.308754276546769,-0.4960169473722493,-0.31711439886406795,0.35780509701636265,0.2920829800855003,0.3274327840763598,0.07069960798171887,1.2442552093713488,1.3454865309775053,0.2024626432123129
0.52,0.201893534087435,9618,16561,96045,401136,26179,0.0500210180372974,0.3673937125176668,0.0910252406234916,0.9603516424585286,0.5256884415410101,0.1459019128957388,1.819739865262638,0.0014289259554066,0.0016438724501641,608,1.6665175622764623,0.3667763157894737,0.5756578947368421,0.0016071983190149,0.0016071983190149,0.0016287012341239,1.3970073000053118,-0.0939341806628286,0.0,0.2920829800855003,1.4467178525836617,0.2915660592255125,50606,85509,102991,287694,136115,0.2583807896735003,0.371788561143151,0.3294725808446779,0.7708780476041189,0.5501753142243985,0.3493538410559452,1.2751434859418604,0.0005642079684938,0.0010634727036467,1368,3.739414843232428,0.3318713450292397,0.5087719298245614,0.0001367030395518,0.0001367030395518,0.0001857015654896,1.0259542925879028,-0.5180179586357105,0.0,0.3627825880672192,1.2442552093713488,ETHUSDT,SUBE,v4_52_balanceado,52,0.3673937125176668,0.3695911368304089,0.004394848625484227,0.0910252406234916,0.21024891073408475,0.2384473402211863,0.1459019128957388,0.247627876975842,0.20345192816020638,1.2751434859418604,1.5474416756022493,0.5445963793207775,608,988.0,760,0.3318713450292397,0.34932383040935666,0.034904970760233966,0.5087719298245614,0.5422149122807018,0.06688596491228072,0.0001367030395518,0.00087195067928335,0.0014704952794631,1.0259542925879028,1.2114807962966072,0.371053007417409,-0.5180179586357105,-0.3059760696492696,0.42408377797288194,0.2920829800855003,0.3274327840763598,0.07069960798171887,1.2442552093713488,1.3454865309775053,0.2024626432123129
0.53,0.201893534087435,8292,13615,97371,404082,21907,0.0418583766432283,0.3785091523257406,0.0784759092586809,0.9674046019004208,0.5229402555795508,0.1299992161166418,1.874795812736716,0.0016400826150678,0.0018473659742102,564,1.5459143176380343,0.3705673758865248,0.5851063829787234,0.0016316112057985,0.0016316112057985,0.001710930736778,1.3960441864330149,-0.0933818898078777,0.0,0.2920829800855003,1.4467178525836617,0.2915660592255125,46663,77280,106934,295923,123943,0.2352752467729688,0.3764875789677513,0.3038015065398413,0.7929277095843281,0.5483646080620848,0.3362614397924623,1.29125996341212,0.0006352825884553,0.0011623212709228,1320,3.608207304873396,0.3265151515151515,0.5045454545454545,8.016651225226193e-05,8.016651225226193e-05,7.384171760038694e-05,1.0151932870684586,-0.5150737952220552,0.0,0.3627825880672192,1.2442552093713488,ETHUSDT,SUBE,v4_52_balanceado,52,0.3764875789677513,0.377498365646746,0.0020215733579893036,0.0784759092586809,0.1911387078992611,0.22532559728116036,0.1299992161166418,0.23313032795455207,0.2062622236758205,1.29125996341212,1.583027888074418,0.5835358493245959,564,942.0,756,0.3265151515151515,0.34854126370083816,0.044052224371373294,0.5045454545454545,0.544825918762089,0.0805609284332689,8.016651225226193e-05,0.000855888859025381,0.0015514446935462381,1.0151932870684586,1.2056187367507367,0.3808508993645563,-0.5150737952220552,-0.3042278425149665,0.4216919054141775,0.2920829800855003,0.3274327840763598,0.07069960798171887,1.2442552093713488,1.3454865309775053,0.2024626432123129
0.54,0.201893534087435,7160,11331,98503,406366,18491,0.0353313206970345,0.387215402087502,0.0677626037496569,0.9728726804358184,0.5203176420927376,0.1153406253523849,1.9179187874328292,0.0018316836051832,0.0020559508018811,513,1.406124193170765,0.3801169590643274,0.5984405458089669,0.0019143661367834,0.0019143661367834,0.0020625360943815,1.4618886031539944,-0.0938728686067311,0.0,0.2920829800855003,1.4467178525836617,0.2915660592255125,43037,69768,110560,303435,112805,0.2141324981017464,0.3815167767386197,0.2801942746277596,0.813056165143367,0.5466252198855633,0.3230981749386266,1.3085088770347393,0.000727752446978,0.0012616151696003,1254,3.427796939629726,0.3397129186602871,0.5,-5.366454231222716e-05,-5.366454231222716e-05,1.7501206045489326e-06,0.990175861517674,-0.5567213748480895,0.0,0.3627825880672192,1.2442552093713488,ETHUSDT,SUBE,v4_52_balanceado,52,0.3815167767386197,0.38436608941306083,0.005698625348882269,0.0677626037496569,0.17397843918870826,0.2124316708781027,0.1153406253523849,0.21921940014550573,0.20775754958624168,1.3085088770347393,1.6132138322337841,0.6094099103980899,513,883.5,741,0.3397129186602871,0.35991493886230724,0.04040404040404033,0.5,0.5492202729044835,0.09844054580896688,-5.366454231222716e-05,0.0009303507972355864,0.001968030679095627,0.990175861517674,1.2260322323358341,0.4717127416363204,-0.5567213748480895,-0.32529712172741027,0.46284850624135837,0.2920829800855003,0.3274327840763598,0.07069960798171887,1.2442552093713488,1.3454865309775053,0.2024626432123129
0.55,0.201893534087435,6254,9398,99409,408299,15652,0.0299067563436258,0.3995655507283414,0.0591881737221165,0.9775004369195852,0.5183443053208509,0.1031034909120883,1.9790903781757547,0.0021423935672808,0.0023767892356398,474,1.2992258626957949,0.3987341772151899,0.6075949367088608,0.0020237325371789,0.0020237325371789,0.0023345699136421,1.4925005196353258,-0.0781159641828362,0.0,0.2920829800855003,1.4467178525836617,0.2915660592255125,39530,62989,114067,310214,102519,0.1946070615034168,0.3855870619104751,0.2573617974309394,0.8312205421714187,0.5442911698011791,0.3086882506364303,1.322468955867877,0.0008180117524203,0.0013496977622324,1195,3.266521007063415,0.3456066945606694,0.5087866108786611,0.0001350396385415,0.0001350396385415,0.0001984167019781,1.0249709794425133,-0.4315768402425051,0.0,0.3627825880672192,1.2442552093713488,ETHUSDT,SUBE,v4_52_balanceado,52,0.3855870619104751,0.3925763063194082,0.013978488817866286,0.0591881737221165,0.15827498557652794,0.1981736237088229,0.1031034909120883,0.2058958707742593,0.20558475972434198,1.322468955867877,1.650779667021816,0.6566214223078777,474,834.5,721,0.3456066945606694,0.37217043588792964,0.0531274826545205,0.5087866108786611,0.5581907737937609,0.09880832583019972,0.0001350396385415,0.0010793860878602001,0.0018886928986374001,1.0249709794425133,1.2587357495389195,0.46752954019281256,-0.4315768402425051,-0.25484640221267063,0.3534608760596689,0.2920829800855003,0.3274327840763598,0.07069960798171887,1.2442552093713488,1.3454865309775053,0.2024626432123129
0.56,0.201893534087435,5442,7876,100221,409821,13318,0.0254471109752369,0.4086199128998348,0.0515033644700604,0.981144226556571,0.5163237955133158,0.0914767904119145,2.0239375904077828,0.0024121581747659,0.0025839257177928,430,1.1786226180573665,0.4186046511627907,0.6139534883720931,0.0020436120833136,0.0020436120833136,0.0024944169862908,1.4878470967811932,-0.0761686909645378,0.0,0.2920829800855003,1.4467178525836617,0.2915660592255125,36333,56908,117264,316295,93241,0.1769950645406226,0.3896676354822449,0.2365475888200941,0.8475146234087079,0.542031106114401,0.2943874119868091,1.3364643213867888,0.0008916440322927,0.0014534179545564,1138,3.110712055262064,0.3558875219683655,0.5202108963093146,0.0001200768065972,0.0001200768065972,0.0006569697294068,1.0214565049137734,-0.4504541163359999,0.0,0.3627825880672192,1.2442552093713488,ETHUSDT,SUBE,v4_52_balanceado,52,0.3896676354822449,0.39914377419103986,0.01895227741758987,0.0515033644700604,0.14402547664507726,0.1850442243500337,0.0914767904119145,0.19293210119936183,0.20291062157489462,1.3364643213867888,1.680200955897286,0.6874732690209939,430,784.0,708,0.3558875219683655,0.38724608656557813,0.06271712919442524,0.5202108963093146,0.5670821923407039,0.09374259206277846,0.0001200768065972,0.0010818444449554,0.0019235352767164,1.0214565049137734,1.2546518008474834,0.4663905918674198,-0.4504541163359999,-0.26331140365026884,0.37428542537146214,0.2920829800855003,0.3274327840763598,0.07069960798171887,1.2442552093713488,1.3454865309775053,0.2024626432123129
0.57,0.201893534087435,4736,6626,100927,411071,11362,0.0217097217976154,0.4168280232353459,0.044821744603125,0.9841368264555408,0.5144792855293329,0.0809399700918607,2.064593227908072,0.002740227025436,0.0027669454403029,406,1.1128390300727693,0.4359605911330049,0.6231527093596059,0.0023122491988872,0.0023122491988872,0.0034010661356301,1.544798921037721,-0.1100747531739767,0.0,0.2920829800855003,1.4467178525836617,0.2915660592255125,33294,51264,120303,321939,84558,0.1605125284738041,0.3937415738309799,0.2167620461337135,0.8626377601466226,0.5396999031401681,0.279599420545443,1.3504369297197223,0.0010052520361283,0.0015431643653658,1082,2.9576365938431928,0.3613678373382625,0.5249537892791127,0.000153894738772,0.000153894738772,0.000739648596398,1.0267126849029564,-0.3997130332386673,0.0,0.3627825880672192,1.2442552093713488,ETHUSDT,SUBE,v4_52_balanceado,52,0.3937415738309799,0.4052847985331629,0.023086449404365994,0.044821744603125,0.13079189536841926,0.1719403015305885,0.0809399700918607,0.18026969531865186,0.1986594504535823,1.3504369297197223,1.707515078813897,0.7141562981883496,406,744.0,676,0.3613678373382625,0.3986642142356337,0.0745927537947424,0.5249537892791127,0.5740532493193593,0.09819892008049314,0.000153894738772,0.0012330719688296,0.0021583544601151998,1.0267126849029564,1.2857558029703386,0.5180862361347647,-0.3997130332386673,-0.254893893206322,0.2896382800646906,0.2920829800855003,0.3274327840763598,0.07069960798171887,1.2442552093713488,1.3454865309775053,0.2024626432123129
0.58,0.201893534087435,4162,5592,101501,412105,9754,0.018637266890859,0.4266967397990568,0.0393893794421888,0.9866123050919686,0.5130008422670788,0.0721210913470286,2.1134740234636,0.0030841298843437,0.0030045878026367,364,0.9977177510997242,0.4340659340659341,0.6071428571428571,0.0021810208857584,0.0021810208857584,0.0033030794360623,1.4981171381801637,-0.1217356340757154,0.0,0.2920829800855003,1.4467178525836617,0.2915660592255125,30535,46120,123062,327083,76655,0.1455106302201974,0.3983432261431087,0.1987994557185361,0.8764211434527589,0.5376102995856475,0.2652311380574327,1.3662194673866657,0.0011204955893559,0.0016722365005492,1027,2.807294622806801,0.3534566699123661,0.5082765335929893,0.0001332390977703,0.0001332390977703,0.0004009355162044,1.0230936560688388,-0.421926149919743,0.0,0.3627825880672192,1.2442552093713488,ETHUSDT,SUBE,v4_52_balanceado,52,0.3983432261431087,0.4125199829710827,0.028353513655948126,0.0393893794421888,0.11909441758036246,0.1594100762763473,0.0721210913470286,0.16867611470223065,0.1931100467104041,1.3662194673866657,1.7398467454251327,0.7472545560769344,364,695.5,663,0.3534566699123661,0.39376130198915005,0.080609264153568,0.5082765335929893,0.5577096953679233,0.0988663235498678,0.0001332390977703,0.00115712999176435,0.0020477817879881,1.0230936560688388,1.2606053971245013,0.47502348211132484,-0.421926149919743,-0.2718308919977292,0.30019051584402756,0.2920829800855003,0.3274327840763598,0.07069960798171887,1.2442552093713488,1.3454865309775053,0.2024626432123129
0.59,0.201893534087435,3649,4835,102014,412862,8484,0.0162106389483338,0.4301037246581801,0.0345343213802371,0.9884246235907848,0.511479472485511,0.0639351012291168,2.130349179344757,0.003239514627354,0.0030907119379489,333,0.9127472832862862,0.4084084084084084,0.5915915915915916,0.0015180453354702,0.0015180453354702,0.002899969670042,1.3358170442783577,-0.0983870874542938,0.0,0.2920829800855003,1.4467178525836617,0.2915660592255125,27885,41314,125712,331889,69199,0.1313572513287775,0.4029682509862859,0.1815465145803629,0.889298853439013,0.535422684009688,0.2503186771755327,1.3820821670968535,0.0012250639082958,0.0017989130434781,984,2.689754536360168,0.3556910569105691,0.5132113821138211,0.0002478218289706,0.0002478218289706,0.0007373578912472,1.0429930178850253,-0.4232722645079911,0.0,0.3627825880672192,1.2442552093713488,ETHUSDT,SUBE,v4_52_balanceado,52,0.4029682509862859,0.416535987822233,0.027135473671894172,0.0345343213802371,0.1080404179803,0.1470121932001258,0.0639351012291168,0.15712688920232476,0.18638357594641589,1.3820821670968535,1.7562156732208054,0.7482670122479036,333,658.5,651,0.3556910569105691,0.38204973265948877,0.05271735149783929,0.5132113821138211,0.5524014868527063,0.07838020947777047,0.0002478218289706,0.0008829335822204,0.0012702235064996,1.0429930178850253,1.1894050310816915,0.2928240263933324,-0.4232722645079911,-0.26082967598114243,0.3248851770536973,0.2920829800855003,0.3274327840763598,0.07069960798171887,1.2442552093713488,1.3454865309775053,0.2024626432123129
0.6,0.201893534087435,3230,4151,102433,413546,7381,0.0141031030265973,0.4376100799349681,0.0305688840937698,0.990062174255501,0.5103155291746354,0.0571458900958918,2.1675289499140185,0.003547880144585,0.0032553015355314,307,0.8414817296363059,0.4201954397394137,0.5928338762214984,0.0014252296292473,0.0014252296292473,0.0029209621993127,1.3106082559142862,-0.0932471389886415,0.0,0.2920829800855003,1.4467178525836617,0.2915660592255125,25545,37109,128052,336094,62654,0.1189331814730448,0.4077153892808121,0.1663118420281646,0.9005661798002695,0.5334390109142171,0.236253242759571,1.3983636859647766,0.001346821236867,0.001890621045857,942,2.5749479402960143,0.3588110403397027,0.5169851380042463,0.000232825541427,0.000232825541427,0.0007373578912472,1.0398696524247233,-0.4181139712410318,0.0,0.3627825880672192,1.2442552093713488,ETHUSDT,SUBE,v4_52_balanceado,52,0.4077153892808121,0.42266273460789006,0.02989469065415601,0.0305688840937698,0.09844036306096719,0.1357429579343948,0.0571458900958918,0.1466995664277314,0.1791073526636792,1.3983636859647766,1.7829463179393974,0.7691652639492419,307,624.5,635,0.3588110403397027,0.38950324003955816,0.06138439939971102,0.5169851380042463,0.5549095071128723,0.07584873821725213,0.000232825541427,0.00082902758533715,0.0011924040878202999,1.0398696524247233,1.1752389541695047,0.2707386034895629,-0.4181139712410318,-0.2556805551148366,0.32486683225239027,0.2920829800855003,0.3274327840763598,0.07069960798171887,1.2442552093713488,1.3454865309775053,0.2024626432123129
0.61,0.201893534087435,2834,3553,102829,414144,6387,0.0122038367471721,0.443713793643338,0.026821119975772,0.9914938340471682,0.5091574770114701,0.0505845604640785,2.1977612886363,0.0038276154872556,0.0033711764414257,287,0.7866620729824748,0.4320557491289198,0.5853658536585366,0.0018847628630225,0.0018847628630225,0.0032024634334102,1.439865823583959,-0.1134022291707304,0.0,0.2920829800855003,1.4467178525836617,0.2915660592255125,23443,33334,130154,339869,56777,0.1077771450265755,0.4128960670694119,0.152626678906489,0.9106813182101966,0.5316539985583428,0.2228697462614202,1.4161321388579606,0.0014932378708773,0.001987530976329,901,2.4628748346143405,0.3584905660377358,0.5038845726970034,-5.271986647117795e-05,-5.271986647117795e-05,0.000271155330288,0.9912915157116396,-0.4536150151015911,0.0,0.3627825880672192,1.2442552093713488,ETHUSDT,SUBE,v4_52_balanceado,52,0.4128960670694119,0.42830493035637496,0.03081772657392612,0.026821119975772,0.0897238994411305,0.12580555893071702,0.0505845604640785,0.13672715336274935,0.1722851857973417,1.4161321388579606,1.8069467137471302,0.7816291497783394,287,594.0,614,0.3584905660377358,0.3952731575833278,0.07356518309118398,0.5038845726970034,0.54462521317777,0.08148128096153318,-5.271986647117795e-05,0.000916021498275661,0.0019374827294936778,0.9912915157116396,1.2155786696477993,0.44857430787231933,-0.4536150151015911,-0.28350862213616074,0.3402127859308607,0.2920829800855003,0.3274327840763598,0.07069960798171887,1.2442552093713488,1.3454865309775053,0.2024626432123129
0.62,0.201893534087435,2491,3062,103172,414635,5553,0.0106102873738917,0.4485863497208716,0.0235749505503345,0.9926693272874836,0.508122138918909,0.0447957128470723,2.221895573567997,0.0040419994033391,0.0034665529426098,255,0.6989506223363453,0.4313725490196078,0.5882352941176471,0.0018781673456797,0.0018781673456797,0.0024860281364424,1.423263941949833,-0.1429339124828984,0.0,0.2920829800855003,1.4467178525836617,0.2915660592255125,21444,29937,132153,343266,51381,0.0975341685649202,0.4173527179307526,0.1396121017988632,0.9197836030256992,0.5296978524122812,0.2092322102859819,1.4314173571483848,0.0016092233679901,0.0020953034330961,843,2.304332392430509,0.3582443653618031,0.4958481613285884,-0.000217146129595,-0.000217146129595,-0.0002520853599812,0.9653368970390986,-0.5120342825901774,0.0,0.3627825880672192,1.2442552093713488,ETHUSDT,SUBE,v4_52_balanceado,52,0.4173527179307526,0.4329695338258121,0.031233631790118954,0.0235749505503345,0.08159352617459885,0.11603715124852869,0.0447957128470723,0.1270139615665271,0.1644364974389096,1.4314173571483848,1.826656465358191,0.7904782164196122,255,549.0,588,0.3582443653618031,0.39480845719070545,0.07312818365780471,0.4958481613285884,0.5420417277231178,0.09238713278905869,-0.000217146129595,0.00083051060804235,0.0020953134752747,0.9653368970390986,1.1943004194944657,0.4579270449107343,-0.5120342825901774,-0.3274840975365379,0.3691003701072789,0.2920829800855003,0.3274327840763598,0.07069960798171887,1.2442552093713488,1.3454865309775053,0.2024626432123129
0.63,0.201893534087435,2210,2672,103453,415025,4882,0.0093281870987465,0.4526833265055305,0.0209155522746846,0.993603018455962,0.5072592853653234,0.0399837170383101,2.2421883323389875,0.0042089393953675,0.0035430051498038,228,0.6249440858536734,0.4210526315789473,0.5657894736842105,0.0014761603618772,0.0014761603618772,0.0019521675458666,1.315027855342742,-0.1506410832708781,0.0,0.2920829800855003,1.4467178525836617,0.2915660592255125,19533,26874,134064,346329,46407,0.0880922551252847,0.4209063287866054,0.1271704525479013,0.9279909325487736,0.5275806925483375,0.1953260934781304,1.4436053699276925,0.0017208075318235,0.0021764607399967,801,2.189525796366356,0.3670411985018726,0.5068664169787765,-6.647747078816459e-05,-6.647747078816459e-05,0.0005925925925927,0.9893900165750512,-0.5054495683327394,0.0,0.3627825880672192,1.2442552093713488,ETHUSDT,SUBE,v4_52_balanceado,52,0.4209063287866054,0.4367948276460679,0.031776997718925115,0.0209155522746846,0.07404300241129294,0.1062549002732167,0.0399837170383101,0.11765490525822025,0.1553423764398203,1.4436053699276925,1.84289685113334,0.798582962411295,228,514.5,573,0.3670411985018726,0.39404691504040995,0.05401143307707468,0.5068664169787765,0.5363279453314935,0.05892305670543396,-6.647747078816459e-05,0.0007048414455445177,0.0015426378326653647,0.9893900165750512,1.1522089359588965,0.3256378387676907,-0.5054495683327394,-0.32804532580180873,0.35480848506186125,0.2920829800855003,0.3274327840763598,0.07069960798171887,1.2442552093713488,1.3454865309775053,0.2024626432123129
0.64,0.201893534087435,1958,2279,103705,415418,4237,0.0080957658208498,0.4621194241208402,0.0185306114723223,0.9945438918641982,0.5065372516682604,0.0356323930846223,2.2889263205462926,0.0045069576025352,0.0038073908174691,211,0.5783473776979171,0.4360189573459715,0.5734597156398105,0.0020608568295291,0.0020608568295291,0.0023658601910543,1.4430980235315276,-0.1368834480291717,0.0,0.2920829800855003,1.4467178525836617,0.2915660592255125,17861,24086,135736,349117,41947,0.0796260440394836,0.4257992228288078,0.1162848232712878,0.9354613976843702,0.525873110477829,0.1826801129157632,1.460386795225271,0.0018975627432397,0.0023138966018774,756,2.066518729154763,0.3571428571428571,0.4947089947089947,-8.689246787177844e-05,-8.689246787177844e-05,-0.0002293762538889,0.9862944914592596,-0.467256385815232,0.0,0.3627825880672192,1.2442552093713488,ETHUSDT,SUBE,v4_52_balanceado,52,0.4257992228288078,0.44395932347482403,0.03632020129203245,0.0185306114723223,0.06740771737180505,0.09775421179896548,0.0356323930846223,0.10915625300019274,0.1470477198311409,1.460386795225271,1.874656557885782,0.8285395253210217,211,483.5,545,0.3571428571428571,0.3965809072444143,0.07887610020311442,0.4947089947089947,0.5340843551744026,0.07875072093081575,-8.689246787177844e-05,0.0009869821808286608,0.0021477492974008787,0.9862944914592596,1.2146962574953937,0.456803532072268,-0.467256385815232,-0.30206991692220186,0.33037293778606025,0.2920829800855003,0.3274327840763598,0.07069960798171887,1.2442552093713488,1.3454865309775053,0.2024626432123129
0.65,0.201893534087435,1758,2008,103905,415689,3766,0.0071958116783858,0.4668082846521508,0.0166378013117174,0.9951926875222948,0.5059152444170062,0.0321304224657083,2.3121507420341048,0.0047265960556947,0.0038957650373263,198,0.5427146008729269,0.4444444444444444,0.5909090909090909,0.0021857594508333,0.0021857594508333,0.0028227854762297,1.4827443720035665,-0.1629655783535146,0.0,0.2920829800855003,1.4467178525836617,0.2915660592255125,16334,21620,137263,351583,37954,0.072046317388003,0.4303630710860515,0.1063432228494046,0.9420690616099012,0.524206142229653,0.170544659124724,1.4760396742653303,0.0020981822569636,0.0024352865229765,726,1.984514017680368,0.3553719008264462,0.4972451790633609,-7.66349974605919e-05,-7.66349974605919e-05,-0.0001683995817687,0.98765146166925,-0.4389003945455906,0.0,0.3627825880672192,1.2442552093713488,ETHUSDT,SUBE,v4_52_balanceado,52,0.4303630710860515,0.44858567786910114,0.03644521356609931,0.0166378013117174,0.061490512080561,0.08970542153768721,0.0321304224657083,0.10133754079521615,0.1384142366590157,1.4760396742653303,1.8940952081497175,0.8361110677687744,198,462.0,528,0.3553719008264462,0.3999081726354453,0.08907254361799821,0.4972451790633609,0.5440771349862259,0.09366391184573003,-7.66349974605919e-05,0.0010545622266863541,0.002262394448293892,0.98765146166925,1.2351979168364082,0.49509291033431646,-0.4389003945455906,-0.3009329864495526,0.275934816192076,0.2920829800855003,0.3274327840763598,0.07069960798171887,1.2442552093713488,1.3454865309775053,0.2024626432123129
0.66,0.201893534087435,1558,1756,104105,415941,3314,0.0063321614185264,0.4701267350633675,0.0147449911511125,0.9957959956619272,0.5052704934065199,0.0285931893885865,2.328587377443041,0.0049378243121955,0.0040219482162019,178,0.4878949442190959,0.4550561797752809,0.601123595505618,0.0021702183462423,0.0021702183462423,0.0030207847438906,1.461467895048283,-0.1894044139352794,0.0,0.2920829800855003,1.4467178525836617,0.2915660592255125,14955,19459,138642,353744,34414,0.0653264996203492,0.4345615156622305,0.0973651829137287,0.9478594759420476,0.5226123294278883,0.1590864364319109,1.490439308390548,0.0022866158657741,0.0025560745933635,690,1.8861083639110932,0.3608695652173913,0.5304347826086957,7.070227311829668e-05,7.070227311829668e-05,0.0008739724002989,1.0113863875725126,-0.4008377081562183,0.0,0.3627825880672192,1.2442552093713488,ETHUSDT,SUBE,v4_52_balanceado,52,0.4345615156622305,0.452344125362799,0.035565219401136994,0.0147449911511125,0.0560550870324206,0.0826201917626162,0.0285931893885865,0.0938398129102487,0.13049324704332438,1.490439308390548,1.9095133429167945,0.838148069052493,178,434.0,512,0.3608695652173913,0.4079628724963361,0.09418661455788963,0.5304347826086957,0.5657791890571569,0.0706888128969223,7.070227311829668e-05,0.0011204603096802983,0.002099516073124003,1.0113863875725126,1.2364271413103978,0.45008150747577025,-0.4008377081562183,-0.29512106104574887,0.21143329422093887,0.2920829800855003,0.3274327840763598,0.07069960798171887,1.2442552093713488,1.3454865309775053,0.2024626432123129
0.67,0.201893534087435,1400,1528,104263,416169,2928,0.0055946193824518,0.4781420765027322,0.0132496711242345,0.9963418458834992,0.5047957585038669,0.0257848256301166,2.368288210238872,0.0052207878976902,0.0043154526775333,167,0.4577441330594888,0.4491017964071856,0.6347305389221557,0.0025131871806905,0.0025131871806905,0.0031415998177393,1.5633161578866592,-0.1626905750594504,0.0,0.2920829800855003,1.4467178525836617,0.2915660592255125,13669,17451,139928,355752,31120,0.0590736522399392,0.4392352185089974,0.0889926235538454,0.9532399257240698,0.5211162746389576,0.1479993720123215,1.5064689617019853,0.00250462488271,0.0027009241071904,648,1.7713017678469398,0.3703703703703703,0.5354938271604939,0.0002528725536945,0.0002528725536945,0.0009660079581509,1.0407246012586595,-0.3692578440850447,0.0,0.3627825880672192,1.2442552093713488,ETHUSDT,SUBE,v4_52_balanceado,52,0.4392352185089974,0.4586886475058648,0.038906857993734834,0.0132496711242345,0.051121147339039955,0.0757429524296109,0.0257848256301166,0.08689209882121905,0.1222145463822049,1.5064689617019853,1.9373785859704284,0.8618192485368865,167,407.5,481,0.3703703703703703,0.409736083388778,0.07873142603681532,0.5354938271604939,0.5851121830413248,0.09923671176166182,0.0002528725536945,0.0013830298671925,0.002260314626996,1.0407246012586595,1.3020203795726593,0.5225915566279997,-0.3692578440850447,-0.26597420957224754,0.2065672690255943,0.2920829800855003,0.3274327840763598,0.07069960798171887,1.2442552093713488,1.3454865309775053,0.2024626432123129
0.68,0.201893534087435,1260,1364,104403,416333,2624,0.0050137572607765,0.4801829268292683,0.0119247040118111,0.996734474990244,0.5043295895010277,0.0232714914994413,2.3783967574776965,0.0054415043769171,0.0043704310956081,148,0.4056654592383494,0.4391891891891892,0.6283783783783784,0.002421359488372,0.002421359488372,0.0030207847438906,1.52323973034196,-0.1583694937912043,0.0,0.2920829800855003,1.4467178525836617,0.2915660592255125,12475,15672,141122,357531,28147,0.0534301442672741,0.4432088677301311,0.0812190342259289,0.9580067684343372,0.519612901330133,0.1372810106523461,1.5200976029494917,0.002715499122278,0.0028104892720914,621,1.697497527519984,0.3703703703703703,0.5410628019323671,0.0004726856612532,0.0004726856612532,0.0012531805311963,1.075854041623765,-0.3055154878348688,0.0,0.3627825880672192,1.2442552093713488,ETHUSDT,SUBE,v4_52_balanceado,52,0.4432088677301311,0.4616958972796997,0.0369740590991372,0.0119247040118111,0.04657186911887,0.0692943302141178,0.0232714914994413,0.0802762510758937,0.1140095191529048,1.5200976029494917,1.949247180213594,0.8582991545282048,148,384.5,473,0.3703703703703703,0.40477977977977975,0.0688188188188189,0.5410628019323671,0.5847205901553727,0.08731557644601129,0.0004726856612532,0.0014470225748126,0.0019486738271188,1.075854041623765,1.2995468859828625,0.44738568871819506,-0.3055154878348688,-0.23194249081303656,0.14714599404366452,0.2920829800855003,0.3274327840763598,0.07069960798171887,1.2442552093713488,1.3454865309775053,0.2024626432123129
0.69,0.201893534087435,1139,1237,104524,416460,2376,0.0045398960562519,0.4793771043771044,0.0107795538646451,0.9970385231399794,0.5039090385023123,0.0210849785725525,2.374405433754496,0.0055270843085648,0.0042859119001977,147,0.4029244764056578,0.4557823129251701,0.6462585034013606,0.0025037568653695,0.0025037568653695,0.0034016935049678,1.5427136198628233,-0.1583694937912041,0.0,0.2920829800855003,1.4467178525836617,0.2915660592255125,11454,14106,142143,359097,25560,0.0485193621867881,0.4481220657276995,0.0745717689798628,0.9622028761826672,0.5183873225812651,0.1278655034411158,1.536948665829099,0.0029605894322212,0.0029938921922673,591,1.6154928160455886,0.3807106598984771,0.5397631133671743,0.0006605628870953,0.0006605628870953,0.0014040857630763,1.1038234605832753,-0.2845346559428247,0.0,0.3627825880672192,1.2442552093713488,ETHUSDT,SUBE,v4_52_balanceado,52,0.4481220657276995,0.46374958505240194,0.031255038649404876,0.0107795538646451,0.04267566142225395,0.0637922151152177,0.0210849785725525,0.07447524100683416,0.1067805248685633,1.536948665829099,1.9556770497917975,0.8374567679253972,147,369.0,444,0.3807106598984771,0.4182464864118236,0.075071653026693,0.5397631133671743,0.5930108083842675,0.10649539003418629,0.0006605628870953,0.0015821598762323999,0.0018431939782741998,1.1038234605832753,1.3232685402230493,0.438890159279548,-0.2845346559428247,-0.2214520748670144,0.12616516215162057,0.2920829800855003,0.3274327840763598,0.07069960798171887,1.2442552093713488,1.3454865309775053,0.2024626432123129
0.7,0.201893534087435,1020,1107,104643,416590,2127,0.0040641241210638,0.4795486600846262,0.0096533318190852,0.9973497535294724,0.5035015426742787,0.0189256888394099,2.3752551672949846,0.0056050706889406,0.0042470819369004,135,0.3700326824133592,0.4814814814814814,0.674074074074074,0.0031215686217234,0.0031215686217234,0.0046863647372246,1.6983660630428092,-0.1366156688061166,0.0,0.2920829800855003,1.4467178525836617,0.2915660592255125,10409,12745,143188,360458,23154,0.0439521640091116,0.4495551524574587,0.0677682506819794,0.9658496850239682,0.5168089678529738,0.1177815118443459,1.541863801471313,0.0031249616638874,0.0030388341738037,551,1.5061532007463947,0.3865698729582577,0.5353901996370236,0.0005956083163645,0.0005956083163645,0.0008935788238064,1.0912705443940618,-0.3019396417685641,0.0,0.3627825880672192,1.2442552093713488,ETHUSDT,SUBE,v4_52_balanceado,52,0.4495551524574587,0.4645519062710425,0.029993507627167515,0.0096533318190852,0.038710791250532305,0.0581149188628942,0.0189256888394099,0.0683536003418779,0.098855823004936,1.541863801471313,1.9585594843831489,0.8333913658236716,135,343.0,416,0.3865698729582577,0.4340256772198695,0.09491160852322372,0.5353901996370236,0.6047321368555488,0.13868387443705044,0.0005956083163645,0.00185858846904395,0.0025259603053589003,1.0912705443940618,1.3948183037184356,0.6070955186487474,-0.3019396417685641,-0.21927765528734033,0.16532397296244747,0.2920829800855003,0.3274327840763598,0.07069960798171887,1.2442552093713488,1.3454865309775053,0.2024626432123129
0.71,0.201893534087435,910,1009,104753,416688,1919,0.0036666921430755,0.4742053152683689,0.0086122862307524,0.9975843733615516,0.503098329796152,0.0169173281775761,2.348789016011788,0.0055814001319118,0.0040905822301335,130,0.3563277682499015,0.4769230769230769,0.6538461538461539,0.0029951122530983,0.0029951122530983,0.0042931653062616,1.6395592419573926,-0.1319315873230199,0.0,0.2920829800855003,1.4467178525836617,0.2915660592255125,9467,11493,144130,361710,20960,0.0397873955960516,0.4516698473282443,0.0616353183981457,0.9692044276171412,0.5154198730076436,0.1084688669030746,1.5491166856938552,0.0033029113099572,0.0030744122729216,513,1.402280566212161,0.378167641325536,0.5165692007797271,0.0001760059916677,0.0001760059916677,0.000331962922295,1.0264959315591358,-0.3372309330935139,0.0,0.3627825880672192,1.2442552093713488,ETHUSDT,SUBE,v4_52_balanceado,52,0.4516698473282443,0.4629375812983066,0.02253546794012462,0.0086122862307524,0.035123802314449046,0.0530230321673933,0.0169173281775761,0.06269309754032534,0.0915515387254985,1.5491166856938552,1.9489528508528216,0.7996723303179327,130,321.5,383,0.378167641325536,0.42754535912430647,0.09875543559754091,0.5165692007797271,0.5852076773129404,0.13727695306642673,0.0001760059916677,0.001585559122383,0.0028191062614306,1.0264959315591358,1.3330275867582642,0.6130633103982568,-0.3372309330935139,-0.2345812602082669,0.20529934577049397,0.2920829800855003,0.3274327840763598,0.07069960798171887,1.2442552093713488,1.3454865309775053,0.2024626432123129
0.72,0.201893534087435,815,900,104848,416797,1715,0.0032769030877407,0.4752186588921283,0.0077132014044651,0.9978453280727416,0.5027792647386035,0.0151800182532734,2.3538082140180028,0.0057012126181356,0.0041364384368616,120,0.328917939922986,0.4916666666666666,0.675,0.0033739142124608,0.0033739142124608,0.0049565119522829,1.7191681734603357,-0.1272111497354789,0.0,0.2920829800855003,1.4467178525836617,0.2915660592255125,8675,10369,144922,362834,19044,0.0361503416856492,0.4555240495694181,0.0564789676881709,0.9722161933317792,0.5143475805099751,0.1004975643097526,1.562335653125839,0.0035489962812867,0.0032103281555884,493,1.3476107585625638,0.3732251521298174,0.5253549695740365,0.0003127184293374,0.0003127184293374,0.0005461306065535,1.0474602910376651,-0.2936673413534842,0.0,0.3627825880672192,1.2442552093713488,ETHUSDT,SUBE,v4_52_balanceado,52,0.4555240495694181,0.4653713542307732,0.019694609322710166,0.0077132014044651,0.032096084546318,0.0487657662837058,0.0151800182532734,0.057838791281513,0.08531754605647919,1.562335653125839,1.958071933571921,0.7914725608921638,120,306.5,373,0.3732251521298174,0.432445909398242,0.1184415145368492,0.5253549695740365,0.6001774847870183,0.14964503042596355,0.0003127184293374,0.0018433163208990998,0.0030611957831234,1.0474602910376651,1.3833142322490004,0.6717078824226705,-0.2936673413534842,-0.21043924554448157,0.16645619161800532,0.2920829800855003,0.3274327840763598,0.07069960798171887,1.2442552093713488,1.3454865309775053,0.2024626432123129
0.73,0.201893534087435,720,803,104943,416894,1523,0.0029100428003668,0.4727511490479317,0.0068141165781777,0.9980775538249018,0.5024458352015398,0.0134345903382904,2.341586377120899,0.0060527661061618,0.0041363163371488,113,0.3097310600941451,0.4778761061946903,0.672566371681416,0.0033822939892897,0.0033822939892897,0.0046863647372246,1.7223500392777278,-0.1067325471611602,0.0,0.2920829800855003,1.4467178525836617,0.2915660592255125,7895,9273,145702,363930,17168,0.032589217919514,0.4598671947809878,0.0514007435041048,0.9751529328542377,0.5132768381791712,0.0924662547946007,1.5772315749046166,0.003798047478948,0.003372679480159,465,1.271073027853128,0.3849462365591398,0.5333333333333333,0.0005284417644376,0.0005284417644376,0.0011992167353631,1.080295927861561,-0.2622867641020728,0.0,0.3627825880672192,1.2442552093713488,ETHUSDT,SUBE,v4_52_balanceado,52,0.4598671947809878,0.46630917191445975,0.012883954266943887,0.0068141165781777,0.02910743004114125,0.044586626925927096,0.0134345903382904,0.052950422566445554,0.0790316644563103,1.5772315749046166,1.9594089760127578,0.7643548022162823,113,289.0,352,0.3849462365591398,0.43141117137691504,0.0929298696355505,0.5333333333333333,0.6029498525073747,0.13923303834808265,0.0005284417644376,0.00195536787686365,0.0028538522248521,1.080295927861561,1.4013229835696444,0.6420541114161669,-0.2622867641020728,-0.1845096556316165,0.1555542169409126,0.2920829800855003,0.3274327840763598,0.07069960798171887,1.2442552093713488,1.3454865309775053,0.2024626432123129
0.74,0.201893534087435,651,707,105012,416990,1358,0.0025947722409049,0.4793814432989691,0.006161097072769,0.9983073854971428,0.5022342412849559,0.0121658366115061,2.374426924892805,0.0063672744762364,0.004490222189919,106,0.2905441802653043,0.5,0.6792452830188679,0.0036605520737121,0.0036605520737121,0.0050846664115071,1.7933196539913396,-0.0930202223445506,0.0,0.2920829800855003,1.4467178525836617,0.2915660592255125,7191,8293,146406,364910,15484,0.0293925588458618,0.464414879876001,0.0468173206507939,0.9777788495805232,0.5122980851156586,0.0850598233982529,1.5928290182664853,0.0041117935518113,0.0035494415677176,435,1.1890683163787328,0.3885057471264367,0.5310344827586206,0.0007490748955445,0.0007490748955445,0.0012143039265679,1.112959942519681,-0.254861398374464,0.0,0.3627825880672192,1.2442552093713488,ETHUSDT,SUBE,v4_52_balanceado,52,0.464414879876001,0.47189816158748504,0.014966563422968093,0.006161097072769,0.026489208861781452,0.0406562235780249,0.0121658366115061,0.048612830004879495,0.0728939867867468,1.5928290182664853,1.9836279715796452,0.7815979066263199,106,270.5,329,0.3885057471264367,0.44425287356321835,0.1114942528735633,0.5310344827586206,0.6051398828887442,0.14821080026024724,0.0007490748955445,0.0022048134846283,0.0029114771781676,1.112959942519681,1.4531397982555103,0.6803597114716586,-0.254861398374464,-0.1739408103595073,0.16184117602991338,0.2920829800855003,0.3274327840763598,0.07069960798171887,1.2442552093713488,1.3454865309775053,0.2024626432123129
0.75,0.201893534087435,585,628,105078,417069,1213,0.002317716294711,0.482275350370981,0.0055364697197694,0.9984965178107575,0.5020164937652635,0.0109472659904936,2.3887607522988805,0.0068617709815472,0.0046060297116226,101,0.2768392661018465,0.5247524752475248,0.6732673267326733,0.0046020883879343,0.0046020883879343,0.005533413303409,2.004597732547084,-0.07084398687543,0.0,0.2920829800855003,1.4467178525836617,0.2915660592255125,6543,7405,147054,365798,13948,0.0264768413059984,0.4690995124749068,0.0425984882517236,0.9801582516753616,0.5113783699635427,0.0781043898654093,1.6088961579443666,0.0043970446179013,0.0037273441216748,402,1.098863133756898,0.3980099502487562,0.5373134328358209,0.0007909546502273,0.0007909546502273,0.0014659546539449,1.1162921635305758,-0.2500443067367142,0.0,0.3627825880672192,1.2442552093713488,ETHUSDT,SUBE,v4_52_balanceado,52,0.4690995124749068,0.4756874314229439,0.013175837896074238,0.0055364697197694,0.024067478985746498,0.0370620185319542,0.0109472659904936,0.04452582792795145,0.0671571238749157,1.6088961579443666,1.9988284551216235,0.7798645943545139,101,251.5,301,0.3980099502487562,0.4613812127481405,0.1267425249987686,0.5373134328358209,0.605290379784247,0.13595389389685242,0.0007909546502273,0.0026965215190808,0.003811133737707,1.1162921635305758,1.5604449480388298,0.888305569016508,-0.2500443067367142,-0.1604441468060721,0.17920031986128418,0.2920829800855003,0.3274327840763598,0.07069960798171887,1.2442552093713488,1.3454865309775053,0.2024626432123129
0.76,0.201893534087435,538,544,105125,417153,1082,0.0020674105778049,0.4972273567467652,0.0050916593320272,0.9986976205239684,0.5018946399279979,0.0100800974284509,2.4628196192327216,0.007555111486298,0.0049619970838443,90,0.2466884549422395,0.5666666666666667,0.6888888888888889,0.0048564224500805,0.0048564224500805,0.0063660368291798,2.1550938140162503,-0.05942560270682,0.0,0.2920829800855003,1.4467178525836617,0.2915660592255125,5927,6610,147670,366593,12537,0.0237984054669703,0.472760628539523,0.0385879932550766,0.9822884596318894,0.510438226443483,0.0713520411234304,1.6214528871958482,0.0046946079668809,0.0038570459094411,378,1.0332593645773815,0.3994708994708995,0.5370370370370371,0.0010579655706312,0.0010579655706312,0.0014314806804286,1.1595795211360649,-0.2434584140091414,0.0,0.3627825880672192,1.2442552093713488,ETHUSDT,SUBE,v4_52_balanceado,52,0.472760628539523,0.48499399264314413,0.024466728207242217,0.0050916593320272,0.0218398262935519,0.0334963339230494,0.0100800974284509,0.040716069275940646,0.0612719436949795,1.6214528871958482,2.042136253214285,0.8413667320368734,90,234.0,288,0.3994708994708995,0.4830687830687831,0.16719576719576718,0.5370370370370371,0.6129629629629629,0.1518518518518518,0.0010579655706312,0.0029571940103558497,0.0037984568794493,1.1595795211360649,1.6573366675761576,0.9955142928801854,-0.2434584140091414,-0.1514420083579807,0.1840328113023214,0.2920829800855003,0.3274327840763598,0.07069960798171887,1.2442552093713488,1.3454865309775053,0.2024626432123129
0.77,0.201893534087435,486,471,105177,417226,957,0.0018285692448792,0.5078369905956113,0.00459952869027,0.998872388358068,0.5017359585241691,0.0091164884637028,2.5153702563633358,0.0082091524943117,0.0052161251072149,81,0.2220196094480155,0.6049382716049383,0.7160493827160493,0.0054649771864658,0.0054649771864658,0.0073954051050739,2.454370240993939,-0.0662374777862474,0.0,0.2920829800855003,1.4467178525836617,0.2915660592255125,5418,5922,148179,367281,11340,0.0215261958997722,0.4777777777777778,0.0352741264477821,0.9841319603540164,0.5097030434008993,0.0656978118918132,1.6386604773096698,0.0050288445822321,0.0040832895094562,356,0.9731225761628248,0.4101123595505618,0.5561797752808989,0.0016794999373009,0.0016794999373009,0.0018398364538502,1.252720209324514,-0.2217291484588351,0.0,0.3627825880672192,1.2442552093713488,ETHUSDT,SUBE,v4_52_balanceado,52,0.4777777777777778,0.49280738418669456,0.03005921281783347,0.00459952869027,0.01993682756902605,0.0306745977575121,0.0091164884637028,0.037407150177758,0.0565813234281104,1.6386604773096698,2.077015366836503,0.876709779053666,81,218.5,275,0.4101123595505618,0.50752531557775,0.1948259120543765,0.5561797752808989,0.6361145789984741,0.15986960743515044,0.0016794999373009,0.00357223856188335,0.0037854772491648994,1.252720209324514,1.8535452251592264,1.201650031669425,-0.2217291484588351,-0.14398331312254126,0.15549167067258768,0.2920829800855003,0.3274327840763598,0.07069960798171887,1.2442552093713488,1.3454865309775053,0.2024626432123129
0.78,0.201893534087435,448,426,105215,417271,874,0.0016699785998165,0.5125858123569794,0.004239894759755,0.9989801219544312,0.5016100083570931,0.0084102236781587,2.538891672157224,0.0087546032614923,0.0052841835723109,73,0.2000917467864831,0.6027397260273972,0.6986301369863014,0.0053272869409402,0.0053272869409402,0.0073954051050739,2.341432415403626,-0.0667758992685229,0.0,0.2920829800855003,1.4467178525836617,0.2915660592255125,4959,5302,148638,367901,10261,0.0194779802581624,0.4832862294123379,0.032285786831774,0.9857932546094216,0.5090395207205979,0.0605280181620671,1.657553114021886,0.0053567695618958,0.0043033426830281,335,0.9157192781307482,0.4029850746268656,0.5552238805970149,0.0017770518388343,0.0017770518388343,0.0015301502987865,1.2648552880314732,-0.2563026532929815,0.0,0.3627825880672192,1.2442552093713488,ETHUSDT,SUBE,v4_52_balanceado,52,0.4832862294123379,0.49793602088465866,0.029299582944641522,0.004239894759755,0.018262840795764502,0.028045892072019,0.0084102236781587,0.0344691209201129,0.052117794483908395,1.657553114021886,2.098222393089555,0.8813385581353381,73,204.0,262,0.4029850746268656,0.5028624003271314,0.1997546514005316,0.5552238805970149,0.6269270087916581,0.1434062563892865,0.0017770518388343,0.00355216938988725,0.0035502351021059007,1.2648552880314732,1.8031438517175495,1.0765771273721527,-0.2563026532929815,-0.1615392762807522,0.18952675402445862,0.2920829800855003,0.3274327840763598,0.07069960798171887,1.2442552093713488,1.3454865309775053,0.2024626432123129
0.79,0.201893534087435,412,368,105251,417329,780,0.0014903699174564,0.5282051282051282,0.0038991889308461,0.9991189785897432,0.5015090837602948,0.0077412323966817,2.616255793394432,0.009559074242227,0.0056792638670027,68,0.1863868326230254,0.6176470588235294,0.6911764705882353,0.0051317583718524,0.0051317583718524,0.0080479932874004,2.2414711886734198,-0.0525366859014411,0.0,0.2920829800855003,1.4467178525836617,0.2915660592255125,4516,4726,149081,368477,9242,0.0175436598329536,0.4886388227656351,0.0294016159169775,0.9873366505628304,0.508369133239904,0.0554658282106866,1.6759111950945431,0.0057289817162409,0.0045441783174806,315,0.8610494704811513,0.4095238095238095,0.546031746031746,0.001918592574641,0.001918592574641,0.0015475709864083,1.284605828867353,-0.235725091360586,0.0,0.3627825880672192,1.2442552093713488,ETHUSDT,SUBE,v4_52_balanceado,52,0.4886388227656351,0.5084219754853816,0.03956630543949313,0.0038991889308461,0.0166504024239118,0.0255024269861314,0.0077412323966817,0.03160353030368415,0.0477245958140049,1.6759111950945431,2.1460834942444875,0.940344598299889,68,191.5,247,0.4095238095238095,0.5135854341736694,0.20812324929971993,0.546031746031746,0.6186041083099907,0.1451447245564893,0.001918592574641,0.0035251754732467,0.0032131657972114,1.284605828867353,1.7630385087703864,0.9568653598060668,-0.235725091360586,-0.14413088863101356,0.1831884054591449,0.2920829800855003,0.3274327840763598,0.07069960798171887,1.2442552093713488,1.3454865309775053,0.2024626432123129
0.8,0.201893534087435,368,308,105295,417389,676,0.0012916539284622,0.5443786982248521,0.003482770695513,0.9992626233848938,0.5013726970402035,0.0069212612494005,2.696365194088362,0.0103866284094824,0.0061842826311847,64,0.1754229012922592,0.625,0.71875,0.005981957738124,0.005981957738124,0.0080479932874004,2.6103269162320397,-0.0457533377755327,0.0,0.2920829800855003,1.4467178525836617,0.2915660592255125,4089,4230,149508,368973,8319,0.0157915717539863,0.4915254237288136,0.0266216137033926,0.9886656859671548,0.5076436498352737,0.0505076706440376,1.6858115277013157,0.006065387190957,0.0046639624023874,286,0.7817782493892358,0.4195804195804196,0.5524475524475524,0.001845968531716,0.001845968531716,0.0019263698794922,1.2666584571752262,-0.2639955171079614,0.0,0.3627825880672192,1.2442552093713488,ETHUSDT,SUBE,v4_52_balanceado,52,0.4915254237288136,0.5179520609768329,0.052853274496038494,0.003482770695513,0.0150521921994528,0.0231388430078796,0.0069212612494005,0.02871446594671905,0.0435864093946371,1.6858115277013157,2.191088360894839,1.0105536663870462,64,175.0,222,0.4195804195804196,0.5222902097902098,0.20541958041958042,0.5524475524475524,0.6355987762237763,0.1663024475524476,0.001845968531716,0.00391396313492,0.004135989206408,1.2666584571752262,1.938492686703633,1.3436684590568135,-0.2639955171079614,-0.15487442744174704,0.21824217933242868,0.2920829800855003,0.3274327840763598,0.07069960798171887,1.2442552093713488,1.3454865309775053,0.2024626432123129
0.81,0.201893534087435,331,267,105332,417430,598,0.0011426169367166,0.5535117056856187,0.0031326008158011,0.99936078066158,0.5012466907386907,0.0062299432529338,2.741601944745326,0.0106071460816406,0.0063754072303925,60,0.164458969961493,0.6,0.7166666666666667,0.0058798611984706,0.0058798611984706,0.0077001272804316,2.545947179188789,-0.0589592658666233,0.0,0.2920829800855003,1.4467178525836617,0.2915660592255125,3720,3744,149877,369459,7464,0.0141685649202733,0.4983922829581994,0.0242192230316998,0.9899679263028432,0.5070935746672716,0.0461936781716244,1.709363168957593,0.0065441279044547,0.0049086958943466,265,0.724374951357159,0.4452830188679245,0.5811320754716981,0.0025480564858761,0.0025480564858761,0.0025653403213572,1.3807044716885242,-0.2555284001143483,0.0,0.3627825880672192,1.2442552093713488,ETHUSDT,SUBE,v4_52_balanceado,52,0.4983922829581994,0.5259519943219091,0.05511942272741932,0.0031326008158011,0.01367591192375045,0.0210866222158987,0.0062299432529338,0.0262118107122791,0.0399637349186906,1.709363168957593,2.2254825568514596,1.0322387757877332,60,162.5,205,0.4452830188679245,0.5226415094339623,0.1547169811320755,0.5811320754716981,0.6488993710691824,0.13553459119496858,0.0025480564858761,0.0042139588421733504,0.0033318047125945,1.3807044716885242,1.9633258254386567,1.165242707500265,-0.2555284001143483,-0.1572438329904858,0.19656913424772499,0.2920829800855003,0.3274327840763598,0.07069960798171887,1.2442552093713488,1.3454865309775053,0.2024626432123129
0.82,0.201893534087435,286,222,105377,417475,508,0.00097065117701,0.562992125984252,0.002706718529665,0.9994685142579428,0.501087616393804,0.0053875352026447,2.7885594678848613,0.0114684744916289,0.0072912582279035,55,0.1507540557980352,0.5636363636363636,0.6909090909090909,0.0055050943553651,0.0055050943553651,0.0063159301794526,2.3267948685115822,-0.0641377783341472,0.0,0.2920829800855003,1.4467178525836617,0.2915660592255125,3412,3323,150185,369880,6735,0.0127847380410022,0.5066072754268746,0.0222139755333763,0.9910959986924006,0.5066549871128885,0.0425616845046528,1.737538576240926,0.0071054296644481,0.0053448809155582,240,0.6560376917951629,0.4291666666666666,0.5791666666666667,0.0023882845682283,0.0023882845682283,0.0025508797034827,1.3546185547092306,-0.2789523641523003,0.0,0.3627825880672192,1.2442552093713488,ETHUSDT,SUBE,v4_52_balanceado,52,0.5066072754268746,0.5347997007055633,0.05638485055737741,0.002706718529665,0.012460347031520649,0.0195072570037113,0.0053875352026447,0.02397460985364875,0.0371741493020081,1.737538576240926,2.2630490220628934,1.0510208916439354,55,147.5,185,0.4291666666666666,0.4964015151515151,0.13446969696969702,0.5791666666666667,0.6350378787878788,0.1117424242424242,0.0023882845682283,0.0039466894617967,0.0031168097871367996,1.3546185547092306,1.8407067116104066,0.9721763138023516,-0.2789523641523003,-0.17154507124322374,0.2148145858181531,0.2920829800855003,0.3274327840763598,0.07069960798171887,1.2442552093713488,1.3454865309775053,0.2024626432123129
0.83,0.201893534087435,256,188,105407,417509,444,0.0008483644145521,0.5765765765765766,0.0024227970055743,0.9995499129751948,0.5009863549903846,0.0048253178395393,2.855844686570674,0.0124394086099629,0.0082442260121149,49,0.1343081588018859,0.5714285714285714,0.6938775510204082,0.0055992345605714,0.0055992345605714,0.0082687498070213,2.217174423679148,-0.0641377783341471,0.0,0.2920829800855003,1.4467178525836617,0.2915660592255125,3101,2948,150496,370255,6049,0.0114825360668185,0.5126467184658621,0.0201891964035755,0.9921008137662344,0.506145005084905,0.0388484522004935,1.7582523831052437,0.0076721244113105,0.0056674223229764,226,0.6177688264404451,0.4557522123893805,0.5796460176991151,0.0026917556007587,0.0026917556007587,0.0032332398717662,1.4052689015261206,-0.2561874955105787,0.0,0.3627825880672192,1.2442552093713488,ETHUSDT,SUBE,v4_52_balanceado,52,0.5126467184658621,0.5446116475212193,0.0639298581107145,0.0024227970055743,0.011305996704574899,0.0177663993980012,0.0048253178395393,0.021836885020016402,0.0340231343609542,1.7582523831052437,2.307048534837959,1.0975923034654302,49,137.5,177,0.4557522123893805,0.5135903919089759,0.11567635903919088,0.5796460176991151,0.6367617843597616,0.1142315333212931,0.0026917556007587,0.00414549508066505,0.0029074789598127,1.4052689015261206,1.8112216626026343,0.8119055221530276,-0.2561874955105787,-0.16016263692236288,0.19204971717643157,0.2920829800855003,0.3274327840763598,0.07069960798171887,1.2442552093713488,1.3454865309775053,0.2024626432123129
0.84,0.201893534087435,229,156,105434,417541,385,0.0007356313054111,0.5948051948051948,0.0021672676338926,0.9996265235326086,0.5008968955832507,0.0043187990343995,2.946132958114446,0.0134467061911545,0.009833574131751,44,0.1206032446384282,0.5454545454545454,0.7045454545454546,0.0052466308176495,0.0052466308176495,0.0080479932874004,2.053224110379362,-0.0822005605037832,0.0,0.2920829800855003,1.4467178525836617,0.2915660592255125,2833,2611,150764,370592,5444,0.010334092634776,0.5203894195444526,0.018444370658281,0.9930038075792532,0.5057240891187671,0.0356260335385215,1.7848079468740772,0.008186407649867,0.0061804824475198,214,0.5849669418506869,0.4532710280373832,0.5794392523364486,0.0026208258781527,0.0026208258781527,0.0029179317366495,1.3741236063107738,-0.2825615467658872,0.0,0.3627825880672192,1.2442552093713488,ETHUSDT,SUBE,v4_52_balanceado,52,0.5203894195444526,0.5575973071748237,0.07441577526074217,0.0021672676338926,0.0103058191460868,0.016277103024388402,0.0043187990343995,0.0199724162864605,0.031307234504122,1.7848079468740772,2.365470452494262,1.1613250112403688,44,129.0,170,0.4532710280373832,0.4993627867459643,0.09218351741716224,0.5794392523364486,0.6419923534409515,0.12510620220900603,0.0026208258781527,0.0039337283479010995,0.0026258049394967996,1.3741236063107738,1.713673858345068,0.679100504068588,-0.2825615467658872,-0.1823810536348352,0.20036098626210397,0.2920829800855003,0.3274327840763598,0.07069960798171887,1.2442552093713488,1.3454865309775053,0.2024626432123129
0.85,0.201893534087435,203,129,105460,417568,332,0.0006343625802506,0.6114457831325302,0.001921202313014,0.9996911636904264,0.5008061830017202,0.0038303693570451,3.028555549816312,0.0140396635429758,0.0103826816451393,42,0.1151212789730451,0.5476190476190477,0.7142857142857143,0.0054311923374272,0.0054311923374272,0.0080479932874004,2.080919588465985,-0.0822005605037832,0.0,0.2920829800855003,1.4467178525836617,0.2915660592255125,2547,2289,151050,370914,4836,0.0091799544419134,0.5266749379652605,0.0165823551241235,0.9938666087893184,0.505224481956721,0.032152392493988,1.8063657318834303,0.0089066403704216,0.0064392985893588,189,0.5166296822886908,0.4497354497354497,0.5608465608465608,0.0021906617440312,0.0021906617440312,0.002659582114957,1.2949004368821675,-0.2825615467658873,0.0,0.3627825880672192,1.2442552093713488,ETHUSDT,SUBE,v4_52_balanceado,52,0.5266749379652605,0.5690603605488953,0.08477084516726963,0.001921202313014,0.00925177871856875,0.0146611528111095,0.0038303693570451,0.01799138092551655,0.0283220231369429,1.8063657318834303,2.417460640849871,1.2221898179328816,42,115.5,147,0.4497354497354497,0.4986772486772487,0.09788359788359796,0.5608465608465608,0.6375661375661376,0.1534391534391535,0.0021906617440312,0.0038109270407292,0.0032405305933960005,1.2949004368821675,1.6879100126740763,0.7860191515838175,-0.2825615467658873,-0.18238105363483526,0.20036098626210408,0.2920829800855003,0.3274327840763598,0.07069960798171887,1.2442552093713488,1.3454865309775053,0.2024626432123129
0.86,0.201893534087435,169,111,105494,417586,280,0.0005350045857535,0.6035714285714285,0.0015994245857111,0.9997342571289716,0.5006668408573414,0.0031903948349584,2.989553039920718,0.0144948581451472,0.0105602749431843,39,0.1068983304749704,0.5641025641025641,0.7435897435897436,0.0067181951833207,0.0067181951833207,0.0080048494557893,2.6638172597262093,-0.082200560503783,0.0,0.2920829800855003,1.4467178525836617,0.2915660592255125,2299,1988,151298,371215,4287,0.0081378132118451,0.536272451597854,0.0149677402553435,0.994673140355249,0.5048204403052963,0.0291226470066631,1.8392828473326264,0.0098845393776224,0.0069886594480512,170,0.4646933650215737,0.4352941176470588,0.5705882352941176,0.0027625756435353,0.0027625756435353,0.0024773607710747,1.3938156945797362,-0.2569290218754813,0.0,0.3627825880672192,1.2442552093713488,ETHUSDT,SUBE,v4_52_balanceado,52,0.536272451597854,0.5699219400846413,0.06729897697357456,0.0015994245857111,0.0082835824205273,0.0133683156696324,0.0031903948349584,0.016156520920810748,0.0259322521717047,1.8392828473326264,2.414417943626672,1.1502701925880918,39,104.5,131,0.4352941176470588,0.49969834087481146,0.12880844645550532,0.5705882352941176,0.6570889894419306,0.173001508295626,0.0027625756435353,0.004740385413428,0.003955619539785401,1.3938156945797362,2.0288164771529726,1.270001565146473,-0.2569290218754813,-0.16956479118963214,0.17472846137169828,0.2920829800855003,0.3274327840763598,0.07069960798171887,1.2442552093713488,1.3454865309775053,0.2024626432123129
0.87,0.201893534087435,146,94,105517,417603,240,0.0004585753592173,0.6083333333333333,0.0013817514172416,0.9997749564875976,0.5005783539524196,0.0027572401159551,3.013139257198199,0.0150249016768949,0.010709812256849,36,0.0986753819768958,0.5555555555555556,0.7222222222222222,0.0069066657199996,0.0069066657199996,0.0067239673805308,2.6912490223053758,-0.0618077180157764,0.0,0.2920829800855003,1.4467178525836617,0.2915660592255125,2030,1717,151567,371486,3747,0.0071127562642369,0.5417667467307179,0.0132164039662232,0.9953992867152728,0.5043078453407481,0.0258033353670937,1.8581269307196249,0.0106773846842369,0.0074467699446552,157,0.4291579900493357,0.4522292993630573,0.5859872611464968,0.0032569822825267,0.0032569822825267,0.0027896329634515,1.446655540331442,-0.2458090486414182,0.0,0.3627825880672192,1.2442552093713488,ETHUSDT,SUBE,v4_52_balanceado,52,0.5417667467307179,0.5750500400320255,0.06656658660261539,0.0013817514172416,0.0072990776917324,0.0118346525489816,0.0027572401159551,0.0142802877415244,0.0230460952511386,1.8581269307196249,2.435633093958912,1.155012326478574,36,96.5,121,0.4522292993630573,0.5038924274593064,0.1033262561924983,0.5859872611464968,0.6541047416843595,0.1362349610757254,0.0032569822825267,0.00508182400126315,0.0036496834374729003,1.446655540331442,2.068952281318409,1.2445934819739337,-0.2458090486414182,-0.1538083833285973,0.1840013306256418,0.2920829800855003,0.3274327840763598,0.07069960798171887,1.2442552093713488,1.3454865309775053,0.2024626432123129
0.88,0.201893534087435,128,68,105535,417629,196,0.0003745032100275,0.6530612244897959,0.0012113985027871,0.999837202565496,0.5005243005341415,0.0024183111497369,3.234681226625967,0.0173055474790938,0.0120636076344409,33,0.0904524334788211,0.6666666666666666,0.7575757575757576,0.0086305455446579,0.0086305455446579,0.0080911371190115,3.5043029825278253,-0.060374412926639,0.0,0.2920829800855003,1.4467178525836617,0.2915660592255125,1790,1498,151807,371705,3288,0.0062414578587699,0.5444038929440389,0.0116538734480491,0.9959860987183918,0.5038199860832204,0.0228192625171303,1.867171694778672,0.011423289419559,0.0076106419515953,145,0.3963561054595775,0.4551724137931034,0.593103448275862,0.0033244659147528,0.0033244659147528,0.0029337443776216,1.4451316877208713,-0.25236456823059,0.0,0.3627825880672192,1.2442552093713488,ETHUSDT,SUBE,v4_52_balanceado,52,0.5444038929440389,0.5987325587169174,0.10865733154575696,0.0012113985027871,0.0064326359754180995,0.010442474945262,0.0024183111497369,0.0126187868334336,0.0204009513673934,1.867171694778672,2.5509264607023194,1.367509531847295,33,89.0,112,0.4551724137931034,0.560919540229885,0.21149425287356322,0.593103448275862,0.6753396029258099,0.16447230929989554,0.0033244659147528,0.00597750572970535,0.0053060796299051,1.4451316877208713,2.4747173351243483,2.059171294806954,-0.25236456823059,-0.1563694905786145,0.191990155303951,0.2920829800855003,0.3274327840763598,0.07069960798171887,1.2442552093713488,1.3454865309775053,0.2024626432123129
0.89,0.201893534087435,114,52,105549,417645,166,0.0003171812901253,0.6867469879518072,0.0010789017915448,0.9998755078442028,0.5004772048178738,0.0021544189210896,3.401530371222261,0.019164471202125,0.013760643553613,29,0.0794885021480549,0.6551724137931034,0.7241379310344828,0.0072861850962711,0.0072861850962711,0.0080048494557893,3.090402655117371,-0.060374412926639,0.0,0.2920829800855003,1.4467178525836617,0.2915660592255125,1598,1294,151999,371909,2892,0.0054897494305239,0.5525587828492393,0.0104038490335097,0.9965327181185576,0.5034682835760336,0.0204231607333422,1.895140965025224,0.0121183065131024,0.0078345574285861,134,0.3662877112522992,0.4626865671641791,0.6119402985074627,0.0025926820529635,0.0025926820529635,0.003470814161173,1.345943953171049,-0.2708407994980059,0.0,0.3627825880672192,1.2442552093713488,ETHUSDT,SUBE,v4_52_balanceado,52,0.5525587828492393,0.6196528854005232,0.1341882051025679,0.0010789017915448,0.00574137541252725,0.0093249472419649,0.0021544189210896,0.011288789827215899,0.0182687418122526,1.895140965025224,2.6483356681237424,1.506389406197037,29,81.5,105,0.4626865671641791,0.5589294904786413,0.19248584662892432,0.6119402985074627,0.6680391147709728,0.11219763252702009,0.0025926820529635,0.0049394335746173,0.0046935030433076005,1.345943953171049,2.21817330414421,1.744458701946322,-0.2708407994980059,-0.16560760621232243,0.21046638657136688,0.2920829800855003,0.3274327840763598,0.07069960798171887,1.2442552093713488,1.3454865309775053,0.2024626432123129
0.9,0.201893534087435,97,47,105566,417650,144,0.0002751452155304,0.6736111111111112,0.0009180129278933,0.9998874782437988,0.5004027455858461,0.0018335270823291,3.336466985710335,0.0198470733905669,0.014229898719914,25,0.0685245708172887,0.64,0.72,0.0074983229127181,0.0074983229127181,0.0124775821309204,2.897493265520356,-0.0603744129266392,0.0,0.2920829800855003,1.4467178525836617,0.2915660592255125,1414,1113,152183,372090,2527,0.004796886864085,0.5595567867036011,0.0092059089695762,0.9970177088608612,0.5031118089152188,0.0181138069739437,1.9191424001475097,0.0129479815604257,0.0083562255571945,121,0.3307523362800613,0.4793388429752066,0.6033057851239669,0.0028533853606337,0.0028533853606337,0.0039688400407087,1.3824308204489393,-0.296627100378298,0.0,0.3627825880672192,1.2442552093713488,ETHUSDT,SUBE,v4_52_balanceado,52,0.5595567867036011,0.6165839489073561,0.11405432440751007,0.0009180129278933,0.0050619609487347495,0.0082878960416829,0.0018335270823291,0.0099736670281364,0.0162802798916146,1.9191424001475097,2.6278046929289225,1.4173245855628251,25,73.0,96,0.4793388429752066,0.5596694214876033,0.1606611570247934,0.6033057851239669,0.6616528925619835,0.11669421487603304,0.0028533853606337,0.0051758541366759,0.0046449375520844,1.3824308204489393,2.1399620429846475,1.5150624450714165,-0.296627100378298,-0.1785007566524686,0.23625268745165878,0.2920829800855003,0.3274327840763598,0.07069960798171887,1.2442552093713488,1.3454865309775053,0.2024626432123129
0.91,0.201893534087435,84,42,105579,417655,126,0.0002407520635891,0.6666666666666666,0.000794980267454,0.9998994486433946,0.5003472144554244,0.0015880668122394,3.3020704188473413,0.0210005864995101,0.0157787045936541,22,0.0603016223192141,0.6363636363636364,0.7727272727272727,0.0082083817682548,0.0082083817682548,0.0125237372690212,3.043311690329065,-0.0603744129266392,0.0,0.2920829800855003,1.4467178525836617,0.2915660592255125,1260,972,152337,372231,2232,0.0042369020501138,0.5645161290322581,0.0082032852204144,0.9973955193286228,0.5027994022745186,0.0161715726854436,1.936151726753736,0.0135145615270885,0.0087314559563717,110,0.300683942072783,0.4818181818181818,0.5909090909090909,0.0035833827195587,0.0035833827195587,0.0043178839056541,1.4969688909534729,-0.2319855779194296,0.0,0.3627825880672192,1.2442552093713488,ETHUSDT,SUBE,v4_52_balanceado,52,0.5645161290322581,0.6155913978494624,0.10215053763440851,0.000794980267454,0.0044991327439342,0.0074083049529604,0.0015880668122394,0.0088798197488415,0.0145835058732042,1.936151726753736,2.6191110728005387,1.3659186920936053,22,66.0,88,0.4818181818181818,0.5590909090909091,0.15454545454545454,0.5909090909090909,0.6818181818181819,0.18181818181818177,0.0035833827195587,0.0058958822439067506,0.0046249990486961,1.4969688909534729,2.270140290641269,1.5463427993755923,-0.2319855779194296,-0.1461799954230344,0.1716111649927904,0.2920829800855003,0.3274327840763598,0.07069960798171887,1.2442552093713488,1.3454865309775053,0.2024626432123129
0.92,0.201893534087435,72,36,105591,417661,108,0.0002063589116478,0.6666666666666666,0.0006814116578177,0.9999138131229096,0.5002976123903637,0.0013614317724139,3.3020704188473413,0.0220725081125738,0.0168112865627769,18,0.0493376909884479,0.7222222222222222,0.8888888888888888,0.0089575869954024,0.0089575869954024,0.0126327119103172,3.63007912862439,-0.0603744129266391,0.0,0.2920829800855003,1.4467178525836617,0.2915660592255125,1111,847,152486,372356,1958,0.003716780561883,0.5674157303370787,0.0072332141903813,0.9977304576865672,0.5024818359384743,0.014284336729774,1.946096647340593,0.0142660398555967,0.0090901802168051,96,0.2624150767180651,0.4583333333333333,0.5833333333333334,0.0049821348930768,0.0049821348930768,0.0035563181142805,1.7072371249427258,-0.1733064082469012,0.0,0.3627825880672192,1.2442552093713488,ETHUSDT,SUBE,v4_52_balanceado,52,0.5674157303370787,0.6170411985018727,0.09925093632958792,0.0006814116578177,0.0039573129240995,0.0065518025325636,0.0013614317724139,0.00782288425109395,0.0129229049573601,1.946096647340593,2.624083533093967,1.3559737715067484,18,57.0,78,0.4583333333333333,0.5902777777777778,0.2638888888888889,0.5833333333333334,0.7361111111111112,0.30555555555555547,0.0049821348930768,0.006969860944239599,0.003975452102325599,1.7072371249427258,2.668658126783558,1.9228420036816642,-0.1733064082469012,-0.11684041058677014,0.11293199532026209,0.2920829800855003,0.3274327840763598,0.07069960798171887,1.2442552093713488,1.3454865309775053,0.2024626432123129
0.93,0.201893534087435,66,32,105597,417665,98,0.0001872516050137,0.673469387755102,0.0006246273529996,0.9999233894425864,0.500274008397793,0.0012480971246489,3.3357650149580285,0.0226917526430586,0.0179603394809774,17,0.0465967081557563,0.7058823529411765,0.8823529411764706,0.0087450984417719,0.0087450984417719,0.0126955314135124,3.425039958502186,-0.0603744129266393,0.0,0.2920829800855003,1.4467178525836617,0.2915660592255125,971,720,152626,372483,1691,0.003209946848899,0.5742164399763453,0.0063217380547797,0.9980707550582392,0.5021962465565094,0.0125057956828602,1.96942141174332,0.0146293499399447,0.0093703132940288,89,0.2432806440407062,0.4943820224719101,0.5730337078651685,0.0062942667601046,0.0062942667601046,0.0046669277705995,1.9089771243209317,-0.1499830153677231,0.0,0.3627825880672192,1.2442552093713488,ETHUSDT,SUBE,v4_52_balanceado,52,0.5742164399763453,0.6238429138657237,0.0992529477787567,0.0006246273529996,0.00347318270388965,0.0056971107017801,0.0012480971246489,0.006876946403754551,0.0112576985582113,1.96942141174332,2.6525932133506744,1.3663436032147085,17,53.0,72,0.4943820224719101,0.6001321877065433,0.21150033046926642,0.5730337078651685,0.7276933245208195,0.30931923331130207,0.0062942667601046,0.00751968260093825,0.0024508316816673004,1.9089771243209317,2.6670085414115587,1.5160628341812543,-0.1499830153677231,-0.1051787141471812,0.08960860244108379,0.2920829800855003,0.3274327840763598,0.07069960798171887,1.2442552093713488,1.3454865309775053,0.2024626432123129
0.94,0.201893534087435,53,23,105610,417674,76,0.0001452155304188,0.6973684210526315,0.0005015946925603,0.999944936161859,0.5002232654272096,0.0010024683418606,3.4541394512942585,0.0266398149984013,0.0280200986818884,12,0.0328917939922986,0.75,0.9166666666666666,0.0142105518683473,0.0142105518683473,0.0128205972032724,45.06314666590461,-0.0038700509455924,0.0,0.2920829800855003,1.4467178525836617,0.2915660592255125,838,629,152759,372574,1467,0.0027847380410022,0.5712338104976141,0.0054558357259581,0.9983145901828228,0.5018852129543905,0.0108084403859051,1.9591917249044128,0.0145037627485039,0.0093373166757197,72,0.1968113075385488,0.5,0.5694444444444444,0.0061363892989081,0.0061363892989081,0.0054696009759113,1.8660872693852557,-0.1499830153677231,0.0,0.3627825880672192,1.2442552093713488,ETHUSDT,SUBE,v4_52_balanceado,52,0.5712338104976141,0.6343011157751228,0.1261346105550174,0.0005015946925603,0.0029787152092592,0.0049542410333978,0.0010024683418606,0.00590545436388285,0.0098059720440445,1.9591917249044128,2.7066655880993356,1.4949477263898456,12,42.0,60,0.5,0.625,0.25,0.5694444444444444,0.7430555555555556,0.3472222222222222,0.0061363892989081,0.0101734705836277,0.0080741625694392,1.8660872693852557,23.464616967644933,43.19705939651936,-0.1499830153677231,-0.07692653315665775,0.1461129644221307,0.2920829800855003,0.3274327840763598,0.07069960798171887,1.2442552093713488,1.3454865309775053,0.2024626432123129
0.95,0.201893534087435,42,16,105621,417681,58,0.0001108223784775,0.7241379310344828,0.000397490133727,0.9999616947212931,0.5001795924275101,0.0007945441303052,3.586731661851423,0.0304022477087013,0.0397910753812279,9,0.0246688454942239,0.6666666666666666,0.8888888888888888,0.0187623400435441,0.0187623400435441,0.0193081824618184,44.63277454634189,0.0,0.0,0.2920829800855003,1.4467178525836617,0.2915660592255125,723,546,152874,372657,1269,0.0024088838268792,0.5697399527186762,0.0047071231859997,0.998536989252498,0.5016220562192488,0.0093371043353608,1.9540681594835745,0.0137625791508304,0.0093373166757197,66,0.1804103652436698,0.5,0.5909090909090909,0.0057936144809102,0.0057936144809102,0.0054734182427024,1.770505533475542,-0.1531821936767716,0.0,0.3627825880672192,1.2442552093713488,ETHUSDT,SUBE,v4_52_balanceado,52,0.5697399527186762,0.6469389418765794,0.1543979783158066,0.000397490133727,0.00255230665986335,0.004309633052272699,0.0007945441303052,0.005065824232833,0.0085425602050556,1.9540681594835745,2.7703999106674986,1.6326635023678484,9,37.5,57,0.5,0.5833333333333333,0.16666666666666663,0.5909090909090909,0.7398989898989898,0.2979797979797979,0.0057936144809102,0.01227797726222715,0.012968725562633902,1.770505533475542,23.201640039908717,42.86226901286635,-0.1531821936767716,-0.0765910968383858,0.1531821936767716,0.2920829800855003,0.3274327840763598,0.07069960798171887,1.2442552093713488,1.3454865309775053,0.2024626432123129
0.05,0.201893534087435,105663,417690,0,7,523353,0.9999866248853562,0.2018962344727172,1.0,1.6758559434231034e-05,0.5000083792797171,0.3359628371933305,1.0000133752935398,0.0003595334391058,8.503969531492572e-05,2182,5.980824540932963,0.2117323556370302,0.5036663611365719,0.0003577515174623,0.0003577515174623,4.326593969550263e-05,1.1191705855279823,-0.2809359673088578,0.0,0.2933706903196328,1.4530960173919258,0.2915660592255125,153597,373203,0,0,526800,1.0,0.2915660592255125,1.0,0.0,0.5,0.4514922905303815,1.0,0.0002640153654936,0.0003007208948118,2195,6.0000113895432605,0.2911161731207289,0.516628701594533,0.000267798472289,0.000267798472289,0.0003823637993778,1.061013480882061,-0.4532930792643249,0.0,0.3628164326488537,1.244371287977084,ETHUSDT,SUBE,v4_63_balanceado,63,0.2018962344727172,0.24673114684911485,0.08966982475279528,1.0,1.0,0.0,0.3359628371933305,0.393727563861856,0.115529453337051,1.0,1.00000668764677,1.3375293539841238e-05,2182,2188.5,13,0.2117323556370302,0.25142426437887955,0.07938381748369872,0.5036663611365719,0.5101475313655525,0.012962340457961075,0.000267798472289,0.00031277499487565,8.995304517330003e-05,1.061013480882061,1.0900920332050217,0.058157104645921276,-0.4532930792643249,-0.36711452328659133,0.1723571119554671,0.2933706903196328,0.3280935614842433,0.0694457423292209,1.244371287977084,1.3487336526845048,0.20872472941484177
0.06,0.201893534087435,105663,417690,0,7,523353,0.9999866248853562,0.2018962344727172,1.0,1.6758559434231034e-05,0.5000083792797171,0.3359628371933305,1.0000133752935398,0.0003595334391058,8.503969531492572e-05,2182,5.980824540932963,0.2117323556370302,0.5036663611365719,0.0003577515174623,0.0003577515174623,4.326593969550263e-05,1.1191705855279823,-0.2809359673088578,0.0,0.2933706903196328,1.4530960173919258,0.2915660592255125,153597,373203,0,0,526800,1.0,0.2915660592255125,1.0,0.0,0.5,0.4514922905303815,1.0,0.0002640153654936,0.0003007208948118,2195,6.0000113895432605,0.2911161731207289,0.516628701594533,0.000267798472289,0.000267798472289,0.0003823637993778,1.061013480882061,-0.4532930792643249,0.0,0.3628164326488537,1.244371287977084,ETHUSDT,SUBE,v4_63_balanceado,63,0.2018962344727172,0.24673114684911485,0.08966982475279528,1.0,1.0,0.0,0.3359628371933305,0.393727563861856,0.115529453337051,1.0,1.00000668764677,1.3375293539841238e-05,2182,2188.5,13,0.2117323556370302,0.25142426437887955,0.07938381748369872,0.5036663611365719,0.5101475313655525,0.012962340457961075,0.000267798472289,0.00031277499487565,8.995304517330003e-05,1.061013480882061,1.0900920332050217,0.058157104645921276,-0.4532930792643249,-0.36711452328659133,0.1723571119554671,0.2933706903196328,0.3280935614842433,0.0694457423292209,1.244371287977084,1.3487336526845048,0.20872472941484177
0.07,0.201893534087435,105663,417689,0,8,523352,0.9999847141546928,0.2018966202479402,1.0,1.9152639353406896e-05,0.5000095763196767,0.3359633713027511,1.0000152860789675,0.0003595295250488,8.500382512877103e-05,2182,5.980824540932963,0.2117323556370302,0.5036663611365719,0.0003577515174623,0.0003577515174623,4.326593969550263e-05,1.1191705855279823,-0.2809359673088578,0.0,0.2933706903196328,1.4530960173919258,0.2915660592255125,153597,373203,0,0,526800,1.0,0.2915660592255125,1.0,0.0,0.5,0.4514922905303815,1.0,0.0002640153654936,0.0003007208948118,2195,6.0000113895432605,0.2911161731207289,0.516628701594533,0.000267798472289,0.000267798472289,0.0003823637993778,1.061013480882061,-0.4532930792643249,0.0,0.3628164326488537,1.244371287977084,ETHUSDT,SUBE,v4_63_balanceado,63,0.2018966202479402,0.24673133973672634,0.08966943897757229,1.0,1.0,0.0,0.3359633713027511,0.39372783091656627,0.11552891922763037,1.0,1.0000076430394838,1.5286078967502448e-05,2182,2188.5,13,0.2117323556370302,0.25142426437887955,0.07938381748369872,0.5036663611365719,0.5101475313655525,0.012962340457961075,0.000267798472289,0.00031277499487565,8.995304517330003e-05,1.061013480882061,1.0900920332050217,0.058157104645921276,-0.4532930792643249,-0.36711452328659133,0.1723571119554671,0.2933706903196328,0.3280935614842433,0.0694457423292209,1.244371287977084,1.3487336526845048,0.20872472941484177
0.08,0.201893534087435,105663,417688,0,9,523351,0.9999828034240292,0.2018970060246374,1.0,2.154671927258276e-05,0.5000107733596363,0.3359639054138699,1.000017196871698,0.0003595258085502,8.496795494261633e-05,2182,5.980824540932963,0.2117323556370302,0.5036663611365719,0.0003577515174623,0.0003577515174623,4.326593969550263e-05,1.1191705855279823,-0.2809359673088578,0.0,0.2933706903196328,1.4530960173919258,0.2915660592255125,153597,373189,0,14,526786,0.9999734244495064,0.2915738079599685,1.0,3.751309608979564e-05,0.500018756548045,0.4515015807273256,1.0000265762567722,0.0002644344508763,0.0003009546452444,2195,6.0000113895432605,0.2911161731207289,0.516628701594533,0.000267798472289,0.000267798472289,0.0003823637993778,1.061013480882061,-0.4532930792643249,0.0,0.3628164326488537,1.244371287977084,ETHUSDT,SUBE,v4_63_balanceado,63,0.2018970060246374,0.24673540699230295,0.08967680193533112,1.0,1.0,0.0,0.3359639054138699,0.39373274307059775,0.11553767531345571,1.000017196871698,1.0000218865642352,9.379385074170798e-06,2182,2188.5,13,0.2117323556370302,0.25142426437887955,0.07938381748369872,0.5036663611365719,0.5101475313655525,0.012962340457961075,0.000267798472289,0.00031277499487565,8.995304517330003e-05,1.061013480882061,1.0900920332050217,0.058157104645921276,-0.4532930792643249,-0.36711452328659133,0.1723571119554671,0.2933706903196328,0.3280935614842433,0.0694457423292209,1.244371287977084,1.3487336526845048,0.20872472941484177
0.09,0.201893534087435,105663,417686,0,11,523349,0.9999789819627024,0.2018977775824545,1.0,2.633487911093448e-05,0.5000131674395555,0.3359649736412023,1.0000210184790643,0.0003595258580642,8.496795494261633e-05,2182,5.980824540932963,0.2117323556370302,0.5036663611365719,0.0003577515174623,0.0003577515174623,4.326593969550263e-05,1.1191705855279823,-0.2809359673088578,0.0,0.2933706903196328,1.4530960173919258,0.2915660592255125,153597,373153,0,50,526750,0.999905087319666,0.291593735168486,1.0,0.0001339753431778,0.500066987671589,0.4515254715608359,1.000094921689606,0.000265353713413,0.0003017047445775,2195,6.0000113895432605,0.2911161731207289,0.516628701594533,0.000267798472289,0.000267798472289,0.0003823637993778,1.061013480882061,-0.4532930792643249,0.0,0.3628164326488537,1.244371287977084,ETHUSDT,SUBE,v4_63_balanceado,63,0.2018977775824545,0.24674575637547025,0.08969595758603152,1.0,1.0,0.0,0.3359649736412023,0.3937452226010191,0.11556049791963358,1.0000210184790643,1.000057970084335,7.390321054168147e-05,2182,2188.5,13,0.2117323556370302,0.25142426437887955,0.07938381748369872,0.5036663611365719,0.5101475313655525,0.012962340457961075,0.000267798472289,0.00031277499487565,8.995304517330003e-05,1.061013480882061,1.0900920332050217,0.058157104645921276,-0.4532930792643249,-0.36711452328659133,0.1723571119554671,0.2933706903196328,0.3280935614842433,0.0694457423292209,1.244371287977084,1.3487336526845048,0.20872472941484177
0.1,0.201893534087435,105663,417653,0,44,523316,0.9999159278508102,0.2019105091378822,1.0,0.0001053395164437,0.5000526697582218,0.3359826003729854,1.0000840792179104,0.0003596525644923,8.530458105204808e-05,2182,5.980824540932963,0.2094408799266728,0.5091659028414299,0.0003588834714436,0.0003588834714436,0.0001346759994309,1.1198255493782503,-0.2809359673088578,0.0,0.2933706903196328,1.4530960173919258,0.2915660592255125,153597,373108,0,95,526705,0.9998196659073652,0.2916186480097967,1.0,0.0002545531520378,0.500127276576019,0.4515553386584194,1.000180366618885,0.0002662710546473,0.0003023578205134,2195,6.0000113895432605,0.2911161731207289,0.516628701594533,0.000267798472289,0.000267798472289,0.0003823637993778,1.061013480882061,-0.4532930792643249,0.0,0.3628164326488537,1.244371287977084,ETHUSDT,SUBE,v4_63_balanceado,63,0.2019105091378822,0.24676457857383943,0.0897081388719145,1.0,1.0,0.0,0.3359826003729854,0.3937689695157024,0.11557273828543402,1.0000840792179104,1.0001322229183978,9.628740097467059e-05,2182,2188.5,13,0.2094408799266728,0.25027852652370086,0.08167529319405611,0.5091659028414299,0.5128973022179815,0.007462798753103073,0.000267798472289,0.00031334097186629995,9.10849991546e-05,1.061013480882061,1.0904195151301557,0.05881206849618925,-0.4532930792643249,-0.36711452328659133,0.1723571119554671,0.2933706903196328,0.3280935614842433,0.0694457423292209,1.244371287977084,1.3487336526845048,0.20872472941484177
0.11,0.201893534087435,105663,417612,0,85,523275,0.9998375878936104,0.2019263293679231,1.0,0.0002034967931299,0.500101748396565,0.3360045028285777,1.0001624384883665,0.000359702195757,8.523259976467301e-05,2182,5.980824540932963,0.2094408799266728,0.5091659028414299,0.0003579001652245,0.0003579001652245,0.0001396045277064,1.120136175160687,-0.2802131623511855,0.0,0.2933706903196328,1.4530960173919258,0.2915660592255125,153595,373083,2,120,526678,0.9997684130599848,0.2916298003713844,0.9999869789123486,0.0003215408236268,0.5001542598679877,0.4515673808386314,1.0002186164810856,0.0002663536464692,0.000302299574905,2195,6.0000113895432605,0.2911161731207289,0.516628701594533,0.000267798472289,0.000267798472289,0.0003823637993778,1.061013480882061,-0.4532930792643249,0.0,0.3628164326488537,1.244371287977084,ETHUSDT,SUBE,v4_63_balanceado,63,0.2019263293679231,0.24677806486965376,0.08970347100346132,0.9999869789123486,0.9999934894561743,1.3021087651443608e-05,0.3360045028285777,0.39378594183360455,0.11556287801005372,1.0001624384883665,1.000190527484726,5.617799271906421e-05,2182,2188.5,13,0.2094408799266728,0.25027852652370086,0.08167529319405611,0.5091659028414299,0.5128973022179815,0.007462798753103073,0.000267798472289,0.00031284931875674997,9.010169293550003e-05,1.061013480882061,1.090574828021374,0.05912269427862604,-0.4532930792643249,-0.3667531208077552,0.1730799169131394,0.2933706903196328,0.3280935614842433,0.0694457423292209,1.244371287977084,1.3487336526845048,0.20872472941484177
0.12,0.201893534087435,105660,417521,3,176,523181,0.9996579792112504,0.2019568753452438,0.9999716078475908,0.0004213580657749,0.500196482956683,0.336045187677707,1.0003137359405545,0.0003600517045848,8.531404098488515e-05,2182,5.980824540932963,0.2103574702108157,0.5050412465627865,0.0003586580852804,0.0003586580852804,8.416880320161191e-05,1.1204518006926882,-0.2811844718056493,0.0,0.2933706903196328,1.4530960173919258,0.2915660592255125,153582,373060,15,143,526642,0.9997000759301444,0.2916250507935182,0.999902341842614,0.0003831694814886,0.5001427556620514,0.4515530570872884,1.0002023265950857,0.0002662162972939,0.0003022799948703,2195,6.0000113895432605,0.2911161731207289,0.516628701594533,0.000267798472289,0.000267798472289,0.0003823637993778,1.061013480882061,-0.4532930792643249,0.0,0.3628164326488537,1.244371287977084,ETHUSDT,SUBE,v4_63_balanceado,63,0.2019568753452438,0.246790963069381,0.08966817544827438,0.999902341842614,0.9999369748451024,6.926600497680901e-05,0.336045187677707,0.3937991223824977,0.11550786940958135,1.0002023265950857,1.00025803126782,0.00011140934546882697,2182,2188.5,13,0.2103574702108157,0.25073682166577227,0.08075870290991322,0.5050412465627865,0.5108349740786597,0.011587455031746519,0.000267798472289,0.0003132282787847,9.085961299140004e-05,1.061013480882061,1.0907326407873748,0.059438319810627194,-0.4532930792643249,-0.36723877553498707,0.17210860745867557,0.2933706903196328,0.3280935614842433,0.0694457423292209,1.244371287977084,1.3487336526845048,0.20872472941484177
0.13,0.201893534087435,105648,417433,15,264,523081,0.99946690614491,0.2019725434492937,0.9998580392379546,0.0006320370986624,0.5002450381683085,0.3360604634000483,1.0003913417149084,0.0003601239291873,8.503969531492572e-05,2182,5.980824540932963,0.2103574702108157,0.499083409715857,0.0003587630976017,0.0003587630976017,-5.417939882512712e-06,1.1203090744018094,-0.2812139819787218,0.0,0.2933706903196328,1.4530960173919258,0.2915660592255125,153566,373041,31,162,526607,0.9996336370539104,0.2916140499461648,0.9997981731414024,0.0004340801118962,0.5001161266266494,0.4515292471082205,1.0001645963895105,0.0002656692391794,0.0003019213174748,2195,6.0000113895432605,0.2911161731207289,0.516628701594533,0.000267798472289,0.000267798472289,0.0003823637993778,1.061013480882061,-0.4532930792643249,0.0,0.3628164326488537,1.244371287977084,ETHUSDT,SUBE,v4_63_balanceado,63,0.2019725434492937,0.24679329669772926,0.08964150649687111,0.9997981731414024,0.9998281061896785,5.9866096552174675e-05,0.3360604634000483,0.3937948552541344,0.1154687837081722,1.0001645963895105,1.0002779690522094,0.00022674532539790349,2182,2188.5,13,0.2103574702108157,0.25073682166577227,0.08075870290991322,0.499083409715857,0.507856055655195,0.017545291878675984,0.000267798472289,0.00031328078494535,9.096462531270002e-05,1.061013480882061,1.090661277641935,0.059295593519748335,-0.4532930792643249,-0.3672535306215233,0.17207909728560306,0.2933706903196328,0.3280935614842433,0.0694457423292209,1.244371287977084,1.3487336526845048,0.20872472941484177
0.14,0.201893534087435,105637,417321,26,376,522958,0.9992318862733108,0.2019990133050837,0.9997539346791212,0.0009001740496101,0.5003270543643658,0.3360912218968186,1.0005224497066014,0.0003603382500858,8.530458105204808e-05,2182,5.980824540932963,0.2103574702108157,0.499083409715857,0.0003587630976017,0.0003587630976017,-5.417939882512712e-06,1.1203090744018094,-0.2812139819787218,0.0,0.2933706903196328,1.4530960173919258,0.2915660592255125,153542,373014,55,189,526556,0.9995368261199696,0.2915967152591557,0.9996419200895852,0.0005064267972122,0.5000741734433987,0.4514925318273975,1.0001051426689531,0.0002652476783259,0.0003019206967318,2195,6.0000113895432605,0.2911161731207289,0.516628701594533,0.0002683338450781,0.0002683338450781,0.0003891643798243,1.061063390687233,-0.4532930792643249,0.0,0.3628164326488537,1.244371287977084,ETHUSDT,SUBE,v4_63_balanceado,63,0.2019990133050837,0.2467978642821197,0.08959770195407199,0.9996419200895852,0.9996979273843531,0.00011201458953602472,0.3360912218968186,0.39379187686210804,0.1154013099305789,1.0001051426689531,1.0003137961877773,0.0004173070376483068,2182,2188.5,13,0.2103574702108157,0.25073682166577227,0.08075870290991322,0.499083409715857,0.507856055655195,0.017545291878675984,0.0002683338450781,0.0003135484713399,9.042925252360001e-05,1.061063390687233,1.0906862325445212,0.05924568371457628,-0.4532930792643249,-0.3672535306215233,0.17207909728560306,0.2933706903196328,0.3280935614842433,0.0694457423292209,1.244371287977084,1.3487336526845048,0.20872472941484177
0.15,0.201893534087435,105619,417161,44,536,522780,0.9988917762152248,0.2020333601132407,0.9995835817646668,0.0012832268366782,0.5004334043006726,0.3361291318385279,1.000692573075397,0.0003605370593363,8.561182464439376e-05,2182,5.980824540932963,0.2085242896425297,0.502749770852429,0.0003583737423039,0.0003583737423039,3.198529070380651e-05,1.1204957652727494,-0.281460822628692,0.0,0.2933706903196328,1.4530960173919258,0.2915660592255125,153517,372994,80,209,526511,0.9994514047076688,0.2915741551458564,0.999479156493942,0.0005600169344833,0.5000195867142126,0.4514488875296277,1.0000277670191289,0.0002646931674124,0.0003016527169987,2195,6.0000113895432605,0.2920273348519362,0.5170842824601367,0.0002611530040009,0.0002611530040009,0.0003891643798243,1.060243427198306,-0.4532930792643249,0.0,0.3628164326488537,1.244371287977084,ETHUSDT,SUBE,v4_63_balanceado,63,0.2020333601132407,0.24680375762954854,0.0895407950326157,0.999479156493942,0.9995313691293044,0.0001044252707247395,0.3361291318385279,0.3937890096840778,0.11531975569109981,1.0000277670191289,1.000360170047263,0.0006648060562681746,2182,2188.5,13,0.2085242896425297,0.25027581224723294,0.08350304520940652,0.502749770852429,0.5099170266562829,0.014334511607707712,0.0002611530040009,0.0003097633731524,9.722073830299998e-05,1.060243427198306,1.0903695962355278,0.0602523380744433,-0.4532930792643249,-0.36737695094650846,0.1718322566356329,0.2933706903196328,0.3280935614842433,0.0694457423292209,1.244371287977084,1.3487336526845048,0.20872472941484177
0.16,0.201893534087435,105601,416937,62,760,522538,0.9984293793946806,0.2020924793986274,0.9994132288502124,0.0018195007385736,0.5006163647943931,0.3362013113637196,1.000985397140585,0.0003611630640424,8.6029038213975e-05,2182,5.980824540932963,0.2030247479376718,0.500916590284143,0.0003580495345465,0.0003580495345465,1.0668641809319368e-05,1.1212547592401965,-0.2805401183393998,0.0,0.2933706903196328,1.4530960173919258,0.2915660592255125,153481,372968,116,235,526449,0.9993337129840548,0.2915401111978558,0.9992447769162158,0.0006296841129358,0.4999372305145758,0.4513841710707805,0.9999110046357056,0.0002635340310025,0.0003013307910713,2195,6.0000113895432605,0.2888382687927107,0.5184510250569476,0.0002576936469645,0.0002576936469645,0.0003891643798243,1.059475153530977,-0.4532930792643249,0.0,0.3628164326488537,1.244371287977084,ETHUSDT,SUBE,v4_63_balanceado,63,0.2020924793986274,0.2468162952982416,0.08944763179922838,0.9992447769162158,0.9993290028832141,0.00016845193399661618,0.3362013113637196,0.39379274121725005,0.11518285970706088,0.9999110046357056,1.0004482008881452,0.0010743925048795067,2182,2188.5,13,0.2030247479376718,0.24593150836519123,0.08581352085503888,0.500916590284143,0.5096838076705453,0.017534434772804586,0.0002576936469645,0.0003078715907555,0.00010035588758199997,1.059475153530977,1.0903649563855868,0.061779605709219476,-0.4532930792643249,-0.36691659880186234,0.1727529609249251,0.2933706903196328,0.3280935614842433,0.0694457423292209,1.244371287977084,1.3487336526845048,0.20872472941484177
0.17,0.201893534087435,105589,416568,74,1129,522157,0.997701391011923,0.2022169577349341,0.999299660240576,0.0027029162287495,0.5010012882346628,0.3363671115924946,1.0016019514887435,0.0003618359735206,8.715641307777133e-05,2182,5.980824540932963,0.2153987167736022,0.5041246562786434,0.0003556537784183,0.0003556537784183,7.696027499293212e-05,1.1201885015633446,-0.2789783536761102,0.0,0.2933706903196328,1.4530960173919258,0.2915660592255125,153446,372919,151,284,526365,0.9991742596810934,0.2915201428666419,0.9990169078823156,0.0007609799492501,0.4998889439157828,0.4513369864786561,0.9998425181621188,0.0002621620008395,0.0003012694587054,2195,6.0000113895432605,0.289749430523918,0.5152619589977221,0.0002550305520434,0.0002550305520434,0.0003823637993778,1.0587369031867149,-0.4532930792643249,0.0,0.3628164326488537,1.244371287977084,ETHUSDT,SUBE,v4_63_balanceado,63,0.2022169577349341,0.246868550300788,0.08930318513170782,0.9990169078823156,0.9991582840614458,0.00028275235826047407,0.3363671115924946,0.39385204903557536,0.1149698748861615,0.9998425181621188,1.0007222348254312,0.0017594333266247597,2182,2188.5,13,0.2153987167736022,0.2525740736487601,0.0743507137503158,0.5041246562786434,0.5096933076381828,0.011137302719078646,0.0002550305520434,0.00030534216523085,0.00010062322637490004,1.0587369031867149,1.0894627023750298,0.061451598376629724,-0.4532930792643249,-0.36613571647021753,0.1743147255882147,0.2933706903196328,0.3280935614842433,0.0694457423292209,1.244371287977084,1.3487336526845048,0.20872472941484177
0.18,0.201893534087435,105572,416132,91,1565,521704,0.9968358300214002,0.2023599589038995,0.9991387713769248,0.0037467350735102,0.5014427532252175,0.3365557958898061,1.0023102513835955,0.0003623755353228,8.899444643895027e-05,2181,5.978083558100271,0.2090784044016506,0.4910591471801925,0.0003577158288887,0.0003577158288887,-7.386660921482324e-05,1.120659019620334,-0.2805723980802502,0.0,0.2933706903196328,1.4530960173919258,0.2915660592255125,153392,372853,205,350,526245,0.9989464692482916,0.2914840045986185,0.9986653385157264,0.0009378274022448,0.4998015829589856,0.4512577922517291,0.9997185727751988,0.0002601762854721,0.0003012694587054,2195,6.0000113895432605,0.289749430523918,0.5152619589977221,0.0002550305520434,0.0002550305520434,0.0003823637993778,1.0587369031867149,-0.4532930792643249,0.0,0.3628164326488537,1.244371287977084,ETHUSDT,SUBE,v4_63_balanceado,63,0.2023599589038995,0.246921981751259,0.08912404569471902,0.9986653385157264,0.9989020549463256,0.00047343286119838623,0.3365557958898061,0.39390679407076756,0.11470199636192296,0.9997185727751988,1.0010144120793971,0.002591678608396708,2181,2188.0,14,0.2090784044016506,0.2494139174627843,0.0806710261222674,0.4910591471801925,0.5031605530889574,0.02420281181752959,0.0002550305520434,0.00030637319046605,0.00010268527684530003,1.0587369031867149,1.0896979614035245,0.06192211643361922,-0.4532930792643249,-0.36693273867228754,0.1727206811840747,0.2933706903196328,0.3280935614842433,0.0694457423292209,1.244371287977084,1.3487336526845048,0.20872472941484177
0.19,0.201893534087435,105545,415607,118,2090,521152,0.9957811066952004,0.2025224886405501,0.998883242005243,0.0050036270310775,0.5019434345181603,0.3367660314446846,1.0031152783369612,0.0003628708635481,9.024184399897273e-05,2180,5.975342575267579,0.2105504587155963,0.5064220183486239,0.0003611531201313,0.0003611531201313,8.913032577106961e-05,1.1205224005594914,-0.2782868098408544,0.0,0.2933706903196328,1.4530960173919258,0.2915660592255125,153330,372745,267,458,526075,0.9986237661351556,0.2914603431069714,0.9982616847985312,0.001227214143509,0.4997444494710201,0.4511882202003319,0.999637419668044,0.0002584787418622,0.0003012694587054,2195,6.0000113895432605,0.2911161731207289,0.5143507972665148,0.0002553693634193,0.0002553693634193,0.0003437102808756,1.0589036296670542,-0.4532930792643249,0.0,0.3628164326488537,1.244371287977084,ETHUSDT,SUBE,v4_63_balanceado,63,0.2025224886405501,0.24699141587376075,0.08893785446642127,0.9982616847985312,0.9985724634018871,0.0006215572067118647,0.3367660314446846,0.3939771258225082,0.1144221887556473,0.999637419668044,1.0013763490025025,0.0034778586689172553,2180,2187.5,15,0.2105504587155963,0.2508333159181626,0.0805657144051326,0.5064220183486239,0.5103864078075693,0.0079287789178909,0.0002553693634193,0.00030826124177529997,0.000105783756712,1.0589036296670542,1.0897130151132728,0.06161877089243717,-0.4532930792643249,-0.3657899445525896,0.17500626942347047,0.2933706903196328,0.3280935614842433,0.0694457423292209,1.244371287977084,1.3487336526845048,0.20872472941484177
0.2,0.201893534087435,105517,414921,146,2776,520438,0.9944168450015286,0.202746532728202,0.9986182485827584,0.0066459658556321,0.5026321072191953,0.3370606339871682,1.0042249923684905,0.0003635993724609,9.186737766020414e-05,2180,5.975342575267579,0.2119266055045871,0.5082568807339449,0.0003633678450333,0.0003633678450333,0.0001086629291106,1.121151115568839,-0.2753382900532362,0.0,0.2933706903196328,1.4530960173919258,0.2915660592255125,153279,372602,318,601,525881,0.9982555049354592,0.2914708840973528,0.9979296470634192,0.0016103836249976,0.4997700153442084,0.4511669251984611,0.999673572677106,0.0002576591749604,0.0003012694587054,2195,6.0000113895432605,0.2883826879271071,0.5143507972665148,0.0002533138125442,0.0002533138125442,0.0003437102808756,1.058339843738776,-0.4532930792643249,0.0,0.3628164326488537,1.244371287977084,ETHUSDT,SUBE,v4_63_balanceado,63,0.202746532728202,0.24710870841277738,0.08872435136915077,0.9979296470634192,0.9982739478230889,0.0006886015193391382,0.3370606339871682,0.39411377959281463,0.1141062912112929,0.999673572677106,1.0019492825227982,0.004551419691384506,2180,2187.5,15,0.2119266055045871,0.2501546467158471,0.07645608242251997,0.5082568807339449,0.5113038390002298,0.006093916532569854,0.0002533138125442,0.00030834082878875,0.0001100540324891,1.058339843738776,1.0897454796538075,0.06281127183006285,-0.4532930792643249,-0.3643156846587805,0.1779547892110887,0.2933706903196328,0.3280935614842433,0.0694457423292209,1.244371287977084,1.3487336526845048,0.20872472941484177
0.21,0.201893534087435,105492,414052,171,3645,519544,0.992708651788444,0.2030472876214526,0.9983816473126828,0.008726421305396,0.5035540343090393,0.337462632376157,1.0057146631229803,0.0003647860711221,9.41700542916868e-05,2179,5.972601592434888,0.2115649380449747,0.5029830197338229,0.0003631240293365,0.0003631240293365,4.774637127580306e-05,1.1214618121548423,-0.2722637037771505,0.0,0.2933706903196328,1.4530960173919258,0.2915660592255125,153235,372324,362,879,525559,0.9976442672741078,0.2915657423809696,0.9976431831350872,0.0023552865330664,0.4999992348340769,0.4512512589154774,0.9999989133010072,0.0002585420081932,0.0003032733470349,2195,6.0000113895432605,0.2892938496583143,0.516628701594533,0.0002517155494344,0.0002517155494344,0.0003437102808756,1.0578115310081644,-0.4542409226659468,0.0,0.3628164326488537,1.244371287977084,ETHUSDT,SUBE,v4_63_balanceado,63,0.2030472876214526,0.2473065150012111,0.088518454759517,0.9976431831350872,0.998012415223885,0.0007384641775955991,0.337462632376157,0.3943569456458172,0.11378862653932043,0.9999989133010072,1.0028567882119939,0.005715749821973093,2179,2187.0,16,0.2115649380449747,0.2504293938516445,0.07772891161333959,0.5029830197338229,0.509805860664178,0.013645681860710135,0.0002517155494344,0.00030741978938545,0.00011140847990210001,1.0578115310081644,1.0896366715815033,0.06365028114667792,-0.4542409226659468,-0.3632523132215486,0.1819772188887963,0.2933706903196328,0.3280935614842433,0.0694457423292209,1.244371287977084,1.3487336526845048,0.20872472941484177
0.22,0.201893534087435,105465,413032,198,4665,518497,0.9907081167838582,0.2034052270312075,0.9981261179410011,0.0111683828229553,0.5046472503819782,0.3379421943091514,1.007487574828017,0.0003664590935772,9.626584776523116e-05,2176,5.964378643936813,0.2100183823529411,0.5050551470588235,0.0003613056567962,0.0003613056567962,6.965893406474244e-05,1.1217008288847703,-0.2714698178495619,0.0,0.2933706903196328,1.4530960173919258,0.2915660592255125,153189,371972,408,1231,525161,0.9968887623386484,0.2916991170326814,0.9973436981191038,0.0032984729490384,0.5003210855340712,0.451380315222804,1.00045635561122,0.0002596623333468,0.0003057733469489,2195,6.0000113895432605,0.2892938496583143,0.516628701594533,0.0002517155494344,0.0002517155494344,0.0003437102808756,1.0578115310081644,-0.4542409226659468,0.0,0.3628164326488537,1.244371287977084,ETHUSDT,SUBE,v4_63_balanceado,63,0.2034052270312075,0.24755217203194446,0.08829389000147392,0.9973436981191038,0.9977349080300525,0.0007824198218973066,0.3379421943091514,0.3946612547659777,0.11343812091365257,1.00045635561122,1.0039719652196184,0.007031219216796947,2176,2185.5,19,0.2100183823529411,0.2496561160056277,0.07927546730537319,0.5050551470588235,0.5108419243266782,0.011573554535709518,0.0002517155494344,0.0003065106031153,0.00010959010736180002,1.0578115310081644,1.0897561799464675,0.06388929787660591,-0.4542409226659468,-0.3628553702577544,0.18277110481638487,0.2933706903196328,0.3280935614842433,0.0694457423292209,1.244371287977084,1.3487336526845048,0.20872472941484177
0.23,0.201893534087435,105431,411857,232,5840,517288,0.9883980434118008,0.2038148961506936,0.9978043402136982,0.013981426727987,0.5058928834708426,0.3384889020163704,1.0095167092494723,0.0003678934210383,9.78059278117227e-05,2176,5.964378643936813,0.2068014705882352,0.4967830882352941,0.000359683511789,0.000359683511789,-5.087785183960358e-05,1.1219611759655248,-0.2742616817621118,0.0,0.2933706903196328,1.4530960173919258,0.2915660592255125,153148,371516,449,1687,524664,0.9959453302961276,0.2918972904563682,0.9970767658222492,0.0045203280788203,0.5007985469505347,0.4515901695659929,1.0011360418003918,0.0002619023422564,0.0003080449275775,2194,5.997277899160781,0.2903372835004558,0.5109389243391067,0.0002704216275906,0.0002704216275906,0.0002891337253193,1.0630406801035583,-0.4554787014830795,0.0,0.3628164326488537,1.244371287977084,ETHUSDT,SUBE,v4_63_balanceado,63,0.2038148961506936,0.2478560933035309,0.0880823943056746,0.9970767658222492,0.9974405530179737,0.0007275743914489929,0.3384889020163704,0.3950395357911817,0.11310126754962252,1.0011360418003918,1.0053263755249322,0.008380667449080503,2176,2185.0,18,0.2068014705882352,0.2485693770443455,0.08353581291222059,0.4967830882352941,0.5038610062872004,0.014155836103812602,0.0002704216275906,0.0003150525696898,8.926188419839997e-05,1.0630406801035583,1.0925009280345415,0.05892049586196646,-0.4554787014830795,-0.36487019162259565,0.1812170197209677,0.2933706903196328,0.3280935614842433,0.0694457423292209,1.244371287977084,1.3487336526845048,0.20872472941484177
0.24,0.201893534087435,105351,410323,312,7374,515674,0.985314124121064,0.2042976764389905,0.9970472161494562,0.0176539453240028,0.5073505807367296,0.3391106597546903,1.0119079710126542,0.0003695302522908,9.833051428986828e-05,2173,5.9561556954387385,0.203865623561896,0.5029912563276576,0.0003700605548688,0.0003700605548688,2.428731898351799e-05,1.1258788147863192,-0.2716385271674101,0.0,0.2933706903196328,1.4530960173919258,0.2915660592255125,153086,371011,511,2192,524097,0.9948690205011388,0.292094783980828,0.9966731121050542,0.0058734790449165,0.5012732955749853,0.4517850239193501,1.0018133961021387,0.0002635835028997,0.0003099878071461,2194,5.997277899160781,0.2880583409298086,0.5100273473108478,0.0002551435436167,0.0002551435436167,0.0001914404685831,1.0598945506324842,-0.4535413769634022,0.0,0.3628164326488537,1.244371287977084,ETHUSDT,SUBE,v4_63_balanceado,63,0.2042976764389905,0.24819623020990925,0.0877971075418375,0.9966731121050542,0.9968601641272552,0.00037410404440207934,0.3391106597546903,0.3954478418370202,0.11267436416465981,1.0018133961021387,1.0068606835573966,0.010094574910515464,2173,2183.5,21,0.203865623561896,0.2459619822458523,0.08419271736791259,0.5029912563276576,0.5065093018192527,0.007036090983190135,0.0002551435436167,0.00031260204924275,0.00011491701125210003,1.0598945506324842,1.0928866827094017,0.06598426415383507,-0.4535413769634022,-0.3625899520654061,0.18190284979599208,0.2933706903196328,0.3280935614842433,0.0694457423292209,1.244371287977084,1.3487336526845048,0.20872472941484177
0.25,0.201893534087435,105194,408300,469,9397,513494,0.9811487312748396,0.2048592583360273,0.9955613601733814,0.0224971690004955,0.5090292645869384,0.3397974988573173,1.014689545467602,0.0003716604116129,0.0001002661597774,2170,5.947932746940664,0.2087557603686635,0.5036866359447004,0.000364517094369,0.000364517094369,4.998112272924793e-05,1.1236665342510923,-0.2796217229566414,0.0,0.2933706903196328,1.4530960173919258,0.2915660592255125,152960,370210,637,2993,523170,0.9931093394077448,0.2923715044822906,0.9958527835830128,0.0080197640426255,0.5019362738128191,0.4520314968076163,1.0027624794837835,0.0002636509359889,0.0003100940464871,2194,5.997277899160781,0.2793983591613491,0.5186873290793071,0.0002565436536866,0.0002565436536866,0.0003965817673631,1.0598956424490271,-0.4549465155982912,0.0,0.3628164326488537,1.244371287977084,ETHUSDT,SUBE,v4_63_balanceado,63,0.2048592583360273,0.24861538140915895,0.0875122461462633,0.9955613601733814,0.9957070718781971,0.00029142340963139723,0.3397974988573173,0.3959144978324668,0.11223399795029898,1.0027624794837835,1.0087260124756927,0.01192706598381843,2170,2182.0,24,0.2087557603686635,0.2440770597650063,0.07064259879268558,0.5036866359447004,0.5111869825120038,0.015000693134606724,0.0002565436536866,0.0003105303740278,0.0001079734406824,1.0598956424490271,1.0917810883500598,0.06377089180206519,-0.4549465155982912,-0.3672841192774663,0.1753247926416498,0.2933706903196328,0.3280935614842433,0.0694457423292209,1.244371287977084,1.3487336526845048,0.20872472941484177
0.26,0.201893534087435,104879,405668,784,12029,510547,0.9755178080097828,0.2054247699036523,0.9925801841704286,0.0287983873477664,0.5106892857590976,0.340400188247513,1.0174905839960582,0.0003718691487692,0.0001009950671884,2167,5.939709798442589,0.2081218274111675,0.5085371481310568,0.0003667928763005,0.0003667928763005,9.145734590787492e-05,1.1245715372686187,-0.2737204770630101,0.0,0.2933706903196328,1.4530960173919258,0.2915660592255125,152759,368869,838,4334,521628,0.9901822323462416,0.2928504604814159,0.9945441642740418,0.0116129827466553,0.5030785735103486,0.4524684364471101,1.0044051809710468,0.0002638258145058,0.0003107951163366,2193,5.9945444087783,0.2786137710898312,0.5175558595531236,0.0002576192676819,0.0002576192676819,0.0004121582144038,1.0594482354573873,-0.452080177929081,0.0,0.3628164326488537,1.244371287977084,ETHUSDT,SUBE,v4_63_balanceado,63,0.2054247699036523,0.24913761519253408,0.08742569057776359,0.9925801841704286,0.9935621742222351,0.0019639801036132054,0.340400188247513,0.3964343123473115,0.1120682481995971,1.0044051809710468,1.0109478824835525,0.013085403025011377,2167,2180.0,26,0.2081218274111675,0.24336779925049934,0.07049194367866371,0.5085371481310568,0.5130465038420902,0.009018711422066783,0.0002576192676819,0.0003122060719912,0.00010917360861860002,1.0594482354573873,1.092009886363003,0.06512330181123138,-0.452080177929081,-0.36290032749604556,0.1783597008660709,0.2933706903196328,0.3280935614842433,0.0694457423292209,1.244371287977084,1.3487336526845048,0.20872472941484177
0.27,0.201893534087435,104322,401372,1341,16325,505694,0.9662450321002752,0.2062947157767345,0.9873087078731438,0.0390833546805459,0.5131960312768449,0.3412801358289837,1.0217995177963126,0.0003685686112483,9.864388632985222e-05,2161,5.92326390144644,0.2133271633503007,0.5034706154558075,0.0003580375190031,0.0003580375190031,9.677555933262916e-05,1.120597848082002,-0.2829585024814862,0.0,0.2933706903196328,1.4530960173919258,0.2915660592255125,152458,366693,1139,6510,519151,0.9854802581624904,0.2936679309102746,0.9925844905824984,0.0174435896817549,0.5050140401321267,0.4532395488355223,1.0072089038427356,0.0002645788607938,0.0003148456418999,2192,5.991810918395821,0.2842153284671533,0.511405109489051,0.0002634583489654,0.0002634583489654,0.0002619642805782,1.060351143451662,-0.4492172910266537,0.0,0.3628164326488537,1.244371287977084,ETHUSDT,SUBE,v4_63_balanceado,63,0.2062947157767345,0.24998132334350454,0.0873732151335401,0.9873087078731438,0.9899465992278211,0.005275782709354582,0.3412801358289837,0.397259842332253,0.11195941300653861,1.0072089038427356,1.0145042108195241,0.01459061395357697,2161,2176.5,31,0.2133271633503007,0.248771245908727,0.07088816511685261,0.5034706154558075,0.5074378624724293,0.007934494033243533,0.0002634583489654,0.00031074793398424996,9.457917003770003e-05,1.060351143451662,1.090474495766832,0.0602467046303401,-0.4492172910266537,-0.36608789675406994,0.1662587885451675,0.2933706903196328,0.3280935614842433,0.0694457423292209,1.244371287977084,1.3487336526845048,0.20872472941484177
0.28,0.201893534087435,103551,395222,2112,22475,498773,0.9530208651788444,0.2076114785684068,0.9800119247040118,0.0538069461834775,0.5169094354437447,0.3426367721313753,1.0283215829908428,0.0003690141658288,0.000100458971928,2150,5.893113090286833,0.2,0.4967441860465116,0.0003587360043421,0.0003587360043421,-3.340812550817196e-05,1.1245523005069782,-0.2748262780906488,0.0,0.2933706903196328,1.4530960173919258,0.2915660592255125,152013,363621,1584,9582,515634,0.9788041002277904,0.2948079451704116,0.9896872985800504,0.0256750347666015,0.507681166673326,0.4542915674856664,1.0111188728671316,0.0002656630533611,0.0003242678478557,2190,5.986343937630862,0.2876712328767123,0.5100456621004567,0.000262963429449,0.000262963429449,0.0003046329513268,1.0601910390188989,-0.4503277629362835,0.0,0.3628164326488537,1.244371287977084,ETHUSDT,SUBE,v4_63_balanceado,63,0.2076114785684068,0.2512097118694092,0.08719646660200478,0.9800119247040118,0.9848496116420311,0.009675373876038673,0.3426367721313753,0.39846416980852084,0.11165479535429113,1.0111188728671316,1.0197202279289872,0.017202710123711107,2150,2170.0,40,0.2,0.24383561643835616,0.0876712328767123,0.4967441860465116,0.5033949240734841,0.01330147605394505,0.000262963429449,0.00031084971689555,9.577257489309997e-05,1.0601910390188989,1.0923716697629384,0.0643612614880793,-0.4503277629362835,-0.3625770205134662,0.17550148484563471,0.2933706903196328,0.3280935614842433,0.0694457423292209,1.244371287977084,1.3487336526845048,0.20872472941484177
0.29,0.201893534087435,102599,386745,3064,30952,489344,0.935004585753592,0.2096664105414596,0.9710021483395322,0.0741015616583312,0.5225518549989318,0.3448665309819885,1.0384998781122845,0.0003761084286807,0.0001039755351681,2144,5.876667193290683,0.2028917910447761,0.4976679104477612,0.0003641556844132,0.0003641556844132,-3.299476995777262e-05,1.1262966862940338,-0.2744126775447394,0.0,0.2933706903196328,1.4530960173919258,0.2915660592255125,151291,359536,2306,13667,510827,0.9696791951404709,0.2961687616355439,0.9849866859378764,0.0366208203042312,0.5108037531210539,0.4554049823606613,1.0157861392449368,0.0002663417626166,0.0003368148995912,2187,5.978143466483422,0.2862368541380887,0.51440329218107,0.000257904059921,0.000257904059921,0.0002681227576639,1.060210836905355,-0.4413532199225791,0.0,0.3628164326488537,1.244371287977084,ETHUSDT,SUBE,v4_63_balanceado,63,0.2096664105414596,0.25291758608850173,0.0865023510940843,0.9710021483395322,0.9779944171387043,0.013984537598344171,0.3448665309819885,0.4001357566713249,0.1105384513786728,1.0157861392449368,1.0271430086786106,0.022713738867347733,2144,2165.5,43,0.2028917910447761,0.2445643225914324,0.0833450630933126,0.4976679104477612,0.5060356013144156,0.01673538173330874,0.000257904059921,0.00031102987216710004,0.0001062516244922,1.060210836905355,1.0932537615996942,0.0660858493886789,-0.4413532199225791,-0.3578829487336592,0.16694054237783967,0.2933706903196328,0.3280935614842433,0.0694457423292209,1.244371287977084,1.3487336526845048,0.20872472941484177
0.3,0.201893534087435,101111,374982,4552,42715,476093,0.9096854937328034,0.2123765734845923,0.9569196407446316,0.1022631237475969,0.5295913822461142,0.3476062129140052,1.0519236014394464,0.000384254721737,0.0001115278731635,2134,5.849257364963767,0.2005623242736644,0.5014058106841612,0.0003490485971288,0.0003490485971288,1.642716164396152e-05,1.118459482771427,-0.2764023843786983,0.0,0.2933706903196328,1.4530960173919258,0.2915660592255125,150199,354334,3398,18869,504533,0.9577315869400151,0.2976990603191466,0.977877172080184,0.0505596150084538,0.5142183935443189,0.4564417364350508,1.0210346880220735,0.0002655453548927,0.0003481007920229,2184,5.969942995335982,0.287087912087912,0.5119047619047619,0.0002562942024091,0.0002562942024091,0.0002940932322343,1.0596230447339707,-0.4471796276925793,0.0,0.3628164326488537,1.244371287977084,ETHUSDT,SUBE,v4_63_balanceado,63,0.2123765734845923,0.25503781690186944,0.08532248683455432,0.9569196407446316,0.9673984064124078,0.020957531335552337,0.3476062129140052,0.402023974674528,0.10883552352104564,1.0210346880220735,1.03647914473076,0.030888913417372876,2134,2159.0,50,0.2005623242736644,0.24382511818078823,0.0865255878142476,0.5014058106841612,0.5066552862944615,0.010498951220600627,0.0002562942024091,0.00030267139976895,9.275439471969997e-05,1.0596230447339707,1.0890412637526987,0.058836438037456196,-0.4471796276925793,-0.3617910060356388,0.170777243313881,0.2933706903196328,0.3280935614842433,0.0694457423292209,1.244371287977084,1.3487336526845048,0.20872472941484177
0.31,0.201893534087435,98912,360227,6751,57470,459139,0.8772909660654234,0.2154293144341909,0.9361081930287802,0.1375877729550368,0.5368479829919085,0.3502537172318794,1.0670441498185568,0.0003880242631429,0.0001203962757418,2119,5.808142622473395,0.2100047192071732,0.5044832468145352,0.0003519406691484,0.0003519406691484,5.384095382243714e-05,1.118807843091886,-0.2787922419740672,0.0,0.2933706903196328,1.4530960173919258,0.2915660592255125,148746,347940,4851,25263,496686,0.9428359908883828,0.2994769331126707,0.9684173519014044,0.0676923818940362,0.5180548668977203,0.4574808198891867,1.0271323552136755,0.0002634419447274,0.0003608452636745,2180,5.959009033806063,0.2990825688073394,0.5128440366972477,0.0002563737342855,0.0002563737342855,0.0002628906791324,1.0594263715771874,-0.459621648432891,0.0,0.3628164326488537,1.244371287977084,ETHUSDT,SUBE,v4_63_balanceado,63,0.2154293144341909,0.25745312377343077,0.08404761867847982,0.9361081930287802,0.9522627724650923,0.0323091588726242,0.3502537172318794,0.40386726856053307,0.10722710265730728,1.0271323552136755,1.047088252516116,0.03991179460488126,2119,2149.5,61,0.2100047192071732,0.2545436440072563,0.08907784960016621,0.5044832468145352,0.5086636417558914,0.008360789882712494,0.0002563737342855,0.00030415720171695,9.556693486290004e-05,1.0594263715771874,1.0891171073345367,0.059381471514698525,-0.459621648432891,-0.3692069452034791,0.18082940645882378,0.2933706903196328,0.3280935614842433,0.0694457423292209,1.244371287977084,1.3487336526845048,0.20872472941484177
0.32,0.201893534087435,96065,342597,9598,75100,438662,0.8381649342708651,0.2189954908334891,0.9091640403925688,0.1797954019301072,0.544479721161338,0.3529692738713085,1.0847077982133275,0.0003893686969704,0.0001288828013372,2095,5.742359034488797,0.2076372315035799,0.4964200477326969,0.0003782858417733,0.0003782858417733,-5.9435364041515726e-05,1.1299159254361737,-0.2940486174616644,0.0,0.2933706903196328,1.4530960173919258,0.2915660592255125,146847,340339,6750,32864,487186,0.9248025816249053,0.3014187599807876,0.9560538291763512,0.0880593135639317,0.5220565713701414,0.4583361293916974,1.0337923446283384,0.0002587619658256,0.0003682548767283,2172,5.937141110746224,0.292817679558011,0.501841620626151,0.0002607813447536,0.0002607813447536,2.574425200341235e-05,1.0603310680912266,-0.4682933995793821,0.0,0.3628164326488537,1.244371287977084,ETHUSDT,SUBE,v4_63_balanceado,63,0.2189954908334891,0.26020712540713836,0.0824232691472985,0.9091640403925688,0.9326089347844599,0.04688978878378236,0.3529692738713085,0.4056527016315029,0.10536685552038888,1.0337923446283384,1.0592500714208328,0.05091545358498917,2095,2133.5,77,0.2076372315035799,0.25022745553079545,0.08518044805443112,0.4964200477326969,0.49913083417942394,0.00542157289345413,0.0002607813447536,0.00031953359326344997,0.00011750449701970002,1.0603310680912266,1.0951234967637,0.06958485734494713,-0.4682933995793821,-0.3811710085205232,0.1742447821177177,0.2933706903196328,0.3280935614842433,0.0694457423292209,1.244371287977084,1.3487336526845048,0.20872472941484177
0.33,0.201893534087435,92670,322040,12993,95657,414710,0.7923991134209721,0.2234573557425671,0.8770335879162999,0.2290105028286054,0.5530220453724527,0.3561675951673126,1.106807886407067,0.0003912860283942,0.0001394197111326,2066,5.662870532340742,0.207163601161665,0.4961277831558567,0.0003462998031828,0.0003462998031828,-2.429818095600611e-05,1.1155270785058975,-0.2797081417921611,0.0,0.2933706903196328,1.4530960173919258,0.2915660592255125,144595,331411,9002,41792,476006,0.903580106302202,0.3037671794053016,0.9413920844808168,0.111981950841767,0.5266870176612919,0.4593211912903845,1.0418468466878448,0.0002485817538977,0.0003779931121559,2165,5.918006678068865,0.2988452655889145,0.5127020785219399,0.0002753076715394,0.0002753076715394,0.0002010525693336,1.0627744493104625,-0.4642677171565966,0.0,0.3628164326488537,1.244371287977084,ETHUSDT,SUBE,v4_63_balanceado,63,0.2234573557425671,0.26361226757393436,0.08030982366273454,0.8770335879162999,0.9092128361985583,0.06435849656451686,0.3561675951673126,0.4077443932288486,0.1031535961230719,1.0418468466878448,1.0743273665474558,0.06496103971922218,2066,2115.5,99,0.207163601161665,0.2530044333752898,0.09168166442724951,0.4961277831558567,0.5044149308388983,0.016574295366083236,0.0002753076715394,0.00031080373736110003,7.099213164339998e-05,1.0627744493104625,1.0891507639081799,0.052752629195435,-0.4642677171565966,-0.37198792947437886,0.1845595753644355,0.2933706903196328,0.3280935614842433,0.0694457423292209,1.244371287977084,1.3487336526845048,0.20872472941484177
0.34,0.201893534087435,88594,298907,17069,118790,387501,0.7404100428003668,0.2286290874088067,0.8384581168431712,0.2843927535989006,0.5614254352210359,0.35928818810781,1.1324240196310256,0.000392926952694,0.0001486249335476,2030,5.564195150363847,0.20935960591133,0.5123152709359606,0.0003760925997361,0.0003760925997361,0.0001769480790669,1.1231299810735824,-0.2638243815944201,0.0,0.2933706903196328,1.4530960173919258,0.2915660592255125,141954,321347,11643,51856,463301,0.8794627942293091,0.3063969212239991,0.924197738237075,0.138948507916603,0.531573123076839,0.460218707144455,1.0508662154912056,0.0002401198327372,0.000393902060862,2153,5.885204793479107,0.2995819786344635,0.5202043660009289,0.0002911001381832,0.0002911001381832,0.0004435793899573,1.0671185633676954,-0.4596486054344519,0.0,0.3628164326488537,1.244371287977084,ETHUSDT,SUBE,v4_63_balanceado,63,0.2286290874088067,0.2675130043164029,0.0777678338151924,0.8384581168431712,0.8813279275401231,0.08573962139390379,0.35928818810781,0.4097534476261325,0.10093051903664502,1.0508662154912056,1.0916451175611157,0.08155780413981994,2030,2091.5,123,0.20935960591133,0.25447079227289676,0.09022237272313352,0.5123152709359606,0.5162598184684448,0.007889095064968266,0.0002911001381832,0.00033359636895964996,8.49924615529e-05,1.0671185633676954,1.095124272220639,0.05601141770588702,-0.4596486054344519,-0.36173649351443604,0.19582422384003179,0.2933706903196328,0.3280935614842433,0.0694457423292209,1.244371287977084,1.3487336526845048,0.20872472941484177
0.35,0.201893534087435,84054,273585,21609,144112,357639,0.6833518037297462,0.2350247036816454,0.795491326197439,0.3450156453122718,0.5702534857548553,0.362847559475245,1.1641021825882851,0.0004085136311569,0.0001681346813033,1979,5.4244050258965775,0.2187973724103082,0.506821627084386,0.0004025025886963,0.0004025025886963,0.0001173715808191,1.1324328762097613,-0.2492744929889828,0.0,0.2933706903196328,1.4530960173919258,0.2915660592255125,138778,309991,14819,63212,448769,0.8518773728170084,0.3092415028667309,0.90352025104657,0.1693769878591544,0.5364486194528622,0.4607763386379709,1.0606224321451192,0.0002273983149388,0.0004049583373371,2140,5.849669418506869,0.2850467289719626,0.5023364485981309,0.0002738137506924,0.0002738137506924,4.347762163980917e-05,1.0629170276221016,-0.4665079474853008,0.0,0.3628164326488537,1.244371287977084,ETHUSDT,SUBE,v4_63_balanceado,63,0.2350247036816454,0.27213310327418816,0.0742167991850855,0.795491326197439,0.8495057886220045,0.10802892484913096,0.362847559475245,0.41181194905660795,0.09792877916272591,1.0606224321451192,1.1123623073667022,0.10347975044316593,1979,2059.5,161,0.2187973724103082,0.2519220506911354,0.0662493565616544,0.5023364485981309,0.5045790378412585,0.004485178486255181,0.0002738137506924,0.00033815816969435,0.0001286888380039,1.0629170276221016,1.0976749519159315,0.06951584858765969,-0.4665079474853008,-0.3578912202371418,0.21723345449631798,0.2933706903196328,0.3280935614842433,0.0694457423292209,1.244371287977084,1.3487336526845048,0.20872472941484177
0.36,0.201893534087435,79004,246963,26659,170734,325967,0.6228351421583613,0.2423680924756187,0.7476978696421642,0.4087508409205716,0.578224355281368,0.3660727938280471,1.2004747629542962,0.0004418700374023,0.0001994076420046,1924,5.273650970098542,0.2203742203742204,0.5057172557172557,0.0004086718684965,0.0004086718684965,0.0001160192525516,1.1323163015126658,-0.2702403855504208,0.0,0.2933706903196328,1.4530960173919258,0.2915660592255125,135095,297700,18502,75503,432795,0.8215546697038725,0.3121454730299564,0.8795419181364219,0.2023108067191314,0.5409263624277767,0.4607668590294547,1.070582336843695,0.0002133498802251,0.0004084008045497,2123,5.803200082004712,0.3061705134243994,0.5171926519076778,0.0002736110562213,0.0002736110562213,0.0003369795275471,1.0616297975516331,-0.4664112360268289,0.0,0.3628164326488537,1.244371287977084,ETHUSDT,SUBE,v4_63_balanceado,63,0.2423680924756187,0.27725678275278753,0.06977738055433769,0.7476978696421642,0.8136198938892931,0.13184404849425768,0.3660727938280471,0.41341982642875086,0.0946940652014076,1.070582336843695,1.1355285498989955,0.12989242611060114,1924,2023.5,199,0.2203742203742204,0.2632723668993099,0.085796293050179,0.5057172557172557,0.5114549538124668,0.011475396190422149,0.0002736110562213,0.0003411414623589,0.0001350608122752,1.0616297975516331,1.0969730495321495,0.07068650396103271,-0.4664112360268289,-0.3683258107886248,0.1961708504764081,0.2933706903196328,0.3280935614842433,0.0694457423292209,1.244371287977084,1.3487336526845048,0.20872472941484177
0.37,0.201893534087435,73296,219564,32367,198133,292860,0.5595765820849893,0.2502765826674861,0.6936770676584992,0.474346236626071,0.5840116521422851,0.3678382427112112,1.239646350234761,0.000482571353281,0.0002414838669265,1851,5.073559223312059,0.2269043760129659,0.5078336034575905,0.0003766045251515,0.0003766045251515,0.0001150806843464,1.120907834700524,-0.2631320902155679,0.0,0.2933706903196328,1.4530960173919258,0.2915660592255125,130828,284583,22769,88620,415411,0.7885554290053151,0.3149362920096001,0.8517614276320501,0.2374578982484063,0.5446096629402282,0.4598459072631667,1.0801541607626275,0.0001948041978147,0.0004080823626804,2096,5.729395841677756,0.3024809160305343,0.5195610687022901,0.0002715850704829,0.0002715850704829,0.0004035322395465,1.0614294780868976,-0.469971774442246,0.0,0.3628164326488537,1.244371287977084,ETHUSDT,SUBE,v4_63_balanceado,63,0.2502765826674861,0.28260643733854307,0.06465970934211401,0.6936770676584992,0.7727192476452747,0.15808435997355086,0.3678382427112112,0.41384207498718895,0.09200766455195553,1.0801541607626275,1.1599002554986941,0.1594921894721335,1851,1973.5,245,0.2269043760129659,0.2646926460217501,0.07557654001756839,0.5078336034575905,0.5136973360799404,0.011727465244699586,0.0002715850704829,0.0003240947978172,0.0001050194546686,1.0614294780868976,1.0911686563937106,0.059478356613626326,-0.469971774442246,-0.3665519323289069,0.20683968422667814,0.2933706903196328,0.3280935614842433,0.0694457423292209,1.244371287977084,1.3487336526845048,0.20872472941484177
0.38,0.201893534087435,67635,192733,38028,224964,260368,0.4974931213696117,0.2597669452467277,0.6401010760625763,0.5385817949374786,0.5893414355000275,0.3695588625007172,1.286653118540335,0.0005319102392159,0.0003026764698862,1782,4.884431407856342,0.2278338945005611,0.5145903479236813,0.000452851921508,0.000452851921508,0.0002382289436182,1.1436645175432714,-0.2457041222373331,0.0,0.2933706903196328,1.4530960173919258,0.2915660592255125,126248,270665,27349,102538,396913,0.7534415337889142,0.3180747418199958,0.8219431369102261,0.2747512747753903,0.5483472058428083,0.458658334998456,1.090918273083288,0.0001808943332995,0.000408996265327,2075,5.671992543645679,0.3098795180722891,0.5175903614457832,0.0003061064099546,0.0003061064099546,0.0002986369580526,1.069304885564947,-0.4477004179286167,0.0,0.3628164326488537,1.244371287977084,ETHUSDT,SUBE,v4_63_balanceado,63,0.2597669452467277,0.2889208435333618,0.05830779657326807,0.6401010760625763,0.7310221064864012,0.18184206084764987,0.3695588625007172,0.4141085987495866,0.08909947249773881,1.090918273083288,1.1887856958118115,0.1957348454570469,1782,1928.5,293,0.2278338945005611,0.2688567062864251,0.08204562357172798,0.5145903479236813,0.5160903546847322,0.0030000135221018853,0.0003061064099546,0.0003794791657313,0.0001467455115534,1.069304885564947,1.106484701554109,0.0743596319783244,-0.4477004179286167,-0.3467022700829749,0.2019962956912836,0.2933706903196328,0.3280935614842433,0.0694457423292209,1.244371287977084,1.3487336526845048,0.20872472941484177
0.39,0.201893534087435,61873,166522,43790,251175,228395,0.4364013298685417,0.2709034786225618,0.585569215335548,0.6013330236989971,0.5934511195172725,0.3704326793550821,1.3418135446836068,0.000599238219046,0.0003869683791553,1697,4.65144786707756,0.248084855627578,0.5150265173836182,0.0005086955007653,0.0005086955007653,0.000232769748397,1.1554654489766851,-0.1948200168581693,0.0,0.2933706903196328,1.4530960173919258,0.2915660592255125,121279,256029,32318,117174,377308,0.7162262718299165,0.3214323576494535,0.7895922446401948,0.3139685372304081,0.5517803909353015,0.4568764656576977,1.10243407104131,0.0001655629403932,0.0004119756543117,2045,5.589987832171284,0.3026894865525672,0.5222493887530563,0.0002766738447091,0.0002766738447091,0.0004783769353977,1.0628049695815536,-0.4684806553064277,0.0,0.3628164326488537,1.244371287977084,ETHUSDT,SUBE,v4_63_balanceado,63,0.2709034786225618,0.2961679181360076,0.05052887902689168,0.585569215335548,0.6875807299878713,0.20402302930464689,0.3704326793550821,0.41365457250638993,0.08644378630261557,1.10243407104131,1.2221238078624586,0.23937947364229673,1697,1871.0,348,0.248084855627578,0.2753871710900726,0.05460463092498921,0.5150265173836182,0.5186379530683372,0.007222871369438111,0.0002766738447091,0.00039268467273719995,0.0002320216560562,1.0628049695815536,1.1091352092791193,0.09266047939513156,-0.4684806553064277,-0.3316503360822985,0.2736606384482584,0.2933706903196328,0.3280935614842433,0.0694457423292209,1.244371287977084,1.3487336526845048,0.20872472941484177
0.4,0.201893534087435,56096,142218,49567,275479,198314,0.3789246407826352,0.2828645481408272,0.5308953938464742,0.6595187420546472,0.5952070679505608,0.36908055543676,1.401057985434668,0.0006722775824864,0.0004631319415371,1604,4.396536463637246,0.2493765586034912,0.5130922693266833,0.0004819904807991,0.0004819904807991,0.0002034301592841,1.1440562725646697,-0.2151568186685002,0.0,0.2933706903196328,1.4530960173919258,0.2915660592255125,116083,240793,37514,132410,356876,0.6774411541381928,0.3252754458131116,0.7557634589217237,0.35479350380356,0.5552784813626419,0.4548056410427192,1.1156149199160608,0.0001609085246749,0.000428827943764,2013,5.502516139931928,0.3075012419274714,0.5181321410829608,0.0003070401244334,0.0003070401244334,0.0003483611697132,1.0679557594432765,-0.4401396465978205,0.0,0.3628164326488537,1.244371287977084,ETHUSDT,SUBE,v4_63_balanceado,63,0.2828645481408272,0.30406999697696935,0.0424108976722844,0.5308953938464742,0.643329426384099,0.22486806507524948,0.36908055543676,0.4119430982397396,0.0857250856059592,1.1156149199160608,1.2583364526753644,0.2854430655186073,1604,1808.5,409,0.2493765586034912,0.2784389002654813,0.058124683323980214,0.5130922693266833,0.515612205204822,0.005039871756277514,0.0003070401244334,0.00039451530261625,0.00017495035636569997,1.0679557594432765,1.106006016003973,0.07610051312139321,-0.4401396465978205,-0.32764823263316034,0.2249828279293203,0.2933706903196328,0.3280935614842433,0.0694457423292209,1.244371287977084,1.3487336526845048,0.20872472941484177
0.41,0.201893534087435,50372,120958,55291,296739,171330,0.3273654845612962,0.2940057199556412,0.4767231670499607,0.7104168811363261,0.5935700240931434,0.3637059420274158,1.4562413862561574,0.0007502769097465,0.0005564785541466,1515,4.152588991527698,0.2349834983498349,0.5148514851485149,0.0004455927553249,0.0004455927553249,0.0001939185003634,1.1323723296407948,-0.2764727971454729,0.0,0.2933706903196328,1.4530960173919258,0.2915660592255125,110539,225663,43058,147540,336202,0.6381966590736522,0.3287874551608854,0.7196690039519001,0.3953344426491748,0.5575017233005375,0.4513647434968221,1.127660249736352,0.0001458527884093,0.0004385306653902,1983,5.420511428457533,0.3111447302067574,0.5310136157337367,0.000259812984181,0.000259812984181,0.0005516411323687,1.0568359378173509,-0.4868622476704045,0.0,0.3628164326488537,1.244371287977084,ETHUSDT,SUBE,v4_63_balanceado,63,0.2940057199556412,0.31139658755826327,0.034781735205244246,0.4767231670499607,0.5981960855009304,0.24294583690193944,0.3637059420274158,0.40753534276211895,0.0876588014694063,1.127660249736352,1.2919508179962547,0.3285811365198055,1515,1749.0,468,0.2349834983498349,0.27306411427829613,0.07616123185692253,0.5148514851485149,0.5229325504411257,0.016162130585221868,0.000259812984181,0.00035270286975295,0.0001857797711439,1.0568359378173509,1.0946041337290728,0.07553639182344396,-0.4868622476704045,-0.38166752240793866,0.21038945052493158,0.2933706903196328,0.3280935614842433,0.0694457423292209,1.244371287977084,1.3487336526845048,0.20872472941484177
0.42,0.201893534087435,44756,102551,60907,315146,147307,0.2814640018343014,0.3038280597663383,0.4235730577401739,0.7544847102085962,0.5890288839743851,0.3538443293671186,1.5048924728553117,0.0008363784335844,0.0006581175282893,1425,3.905900536585458,0.2463157894736842,0.5066666666666667,0.00043099012013,0.00043099012013,0.0001501411326647,1.124505967938262,-0.2725112961549499,0.0,0.2933706903196328,1.4530960173919258,0.2915660592255125,104974,210871,48623,162332,315845,0.5995539104024298,0.332359226835948,0.6834378275617362,0.4349697081749075,0.5592037678683218,0.4472288376412847,1.1399105496668385,0.0001495890448732,0.0004491858506456,1952,5.335773226600658,0.2991803278688524,0.5122950819672131,0.0002494158188798,0.0002494158188798,0.0003128482069552,1.0546984012848388,-0.4859430498255049,0.0,0.3628164326488537,1.244371287977084,ETHUSDT,SUBE,v4_63_balanceado,63,0.3038280597663383,0.31809364330114315,0.028531167069609675,0.4235730577401739,0.553505442650955,0.2598647698215623,0.3538443293671186,0.4005365835042016,0.09338450827416606,1.1399105496668385,1.322401511261075,0.3649819231884732,1425,1688.5,527,0.2463157894736842,0.2727480586712683,0.05286453839516819,0.5066666666666667,0.5094808743169399,0.005628415300546363,0.0002494158188798,0.00034020296950490003,0.00018157430125019996,1.0546984012848388,1.0896021846115505,0.06980756665342325,-0.4859430498255049,-0.3792271729902274,0.213431753670555,0.2933706903196328,0.3280935614842433,0.0694457423292209,1.244371287977084,1.3487336526845048,0.20872472941484177
0.43,0.201893534087435,39279,86651,66384,331046,125930,0.2406183124426781,0.3119113793377273,0.3717384514920076,0.7925505809234924,0.58214451620775,0.3392071435665154,1.544930008519472,0.0009237517311116,0.0007658178396187,1344,3.683880927137443,0.2589285714285714,0.5230654761904762,0.0006655855650881,0.0006655855650881,0.000451173375669,1.191252806861952,-0.1913058169734512,0.0,0.2933706903196328,1.4530960173919258,0.2915660592255125,99375,196344,54222,176859,295719,0.5613496583143508,0.3360453673926937,0.6469852926814977,0.4738949043817976,0.5604400985316477,0.4423390219800764,1.152553106782496,0.0001694892705282,0.0004758360269052,1913,5.229167101683944,0.3157344485101934,0.520125457396759,0.00027082854453,0.00027082854453,0.0005052115731343,1.057913085127755,-0.4934190964536838,0.0,0.3628164326488537,1.244371287977084,ETHUSDT,SUBE,v4_63_balanceado,63,0.3119113793377273,0.3239783733652105,0.024133988054966415,0.3717384514920076,0.5093618720867527,0.2752468411894901,0.3392071435665154,0.3907730827732959,0.10313187841356103,1.152553106782496,1.348741557650984,0.39237690173697604,1344,1628.5,569,0.2589285714285714,0.2873315099693824,0.05680587708162199,0.520125457396759,0.5215954667936176,0.0029400187937171918,0.00027082854453,0.00046820705480905,0.0003947570205581,1.057913085127755,1.1245829459948533,0.13333972173419695,-0.4934190964536838,-0.3423624567135675,0.3021132794802326,0.2933706903196328,0.3280935614842433,0.0694457423292209,1.244371287977084,1.3487336526845048,0.20872472941484177
0.44,0.201893534087435,34131,72829,71532,344868,106960,0.2043717517578722,0.319100598354525,0.3230175179580364,0.8256415535663412,0.5743295357621888,0.3210471115542533,1.5805389696944456,0.0009966375664084,0.000857923987241,1271,3.48378918035096,0.2627852084972462,0.5177025963808025,0.0006505965082534,0.0006505965082534,0.0003210633618544,1.1833060636499155,-0.2294191716625628,0.0,0.2933706903196328,1.4530960173919258,0.2915660592255125,93729,182087,59868,191116,275816,0.5235687167805619,0.339824375670737,0.61022676224145,0.5120966337355273,0.5611616979884886,0.4365447715835338,1.165514177382008,0.0001857641100224,0.0005044983498098,1872,5.117093996002271,0.3141025641025641,0.5138888888888888,0.0002426443443587,0.0002426443443587,0.0003142996152588,1.0516084511825938,-0.4649703200302882,0.0,0.3628164326488537,1.244371287977084,ETHUSDT,SUBE,v4_63_balanceado,63,0.319100598354525,0.329462487012631,0.020723777316212,0.3230175179580364,0.46662214009974323,0.2872092442834136,0.3210471115542533,0.3787959415688935,0.11549766002928047,1.165514177382008,1.3730265735382268,0.4150247923124377,1271,1571.5,601,0.2627852084972462,0.28844388629990514,0.051317355605317916,0.5138888888888888,0.5157957426348456,0.003813707491913676,0.0002426443443587,0.00044662042630605003,0.0004079521638947,1.0516084511825938,1.1174572574162547,0.1316976124673217,-0.4649703200302882,-0.3471947458464255,0.23555114836772542,0.2933706903196328,0.3280935614842433,0.0694457423292209,1.244371287977084,1.3487336526845048,0.20872472941484177
0.45,0.201893534087435,29551,60657,76112,357040,90208,0.1723631916845001,0.3275873536715147,0.2796721652801832,0.8547822943425497,0.5672272298113665,0.301739410121968,1.6225747652207865,0.0011149136424413,0.0009787441697195,1188,3.2562876052375613,0.2786195286195286,0.5244107744107744,0.0006411511773884,0.0006411511773884,0.0004303561093311,1.1750904340941957,-0.2241547598476029,0.0,0.2933706903196328,1.4530960173919258,0.2915660592255125,88265,168448,65332,204755,256713,0.4873063781321184,0.3438275428201922,0.5746531507776844,0.5486424278475789,0.5616477893126317,0.4302356754648924,1.1792440578766332,0.0002272035141287,0.0005513630294211,1818,4.969485515348358,0.3146314631463146,0.5038503850385039,0.0001523399826977,0.0001523399826977,0.0001213179314086,1.0323378571274011,-0.5208808645620944,0.0,0.3628164326488537,1.244371287977084,ETHUSDT,SUBE,v4_63_balanceado,63,0.3275873536715147,0.3357074482458534,0.016240189148677475,0.2796721652801832,0.42716265802893383,0.29498098549750124,0.301739410121968,0.36598754279343015,0.1284962653429244,1.1792440578766332,1.4009094115487097,0.44333070734415325,1188,1503.0,630,0.2786195286195286,0.29662549588292164,0.03601193452678603,0.5038503850385039,0.5141305797246392,0.02056038937227056,0.0001523399826977,0.00039674558004305005,0.0004888111946907,1.0323378571274011,1.1037141456107984,0.14275257696679455,-0.5208808645620944,-0.37251781220484864,0.29672610471449146,0.2933706903196328,0.3280935614842433,0.0694457423292209,1.244371287977084,1.3487336526845048,0.20872472941484177
0.46,0.201893534087435,25238,50665,80425,367032,75903,0.1450301895444818,0.3325033266142313,0.2388537141667376,0.878703940894955,0.5587788275308463,0.2780035909806902,1.646924098471784,0.0011782407600513,0.001030276215157,1105,3.028786030124163,0.2932126696832579,0.534841628959276,0.0007800387678096,0.0007800387678096,0.0006339976433218,1.2106110896816151,-0.1823169835260367,0.0,0.2933706903196328,1.4530960173919258,0.2915660592255125,82747,155322,70850,217881,238069,0.451915337889142,0.3475757028424532,0.5387279699473297,0.5838136349386259,0.5612708024429778,0.4225385915550494,1.1920993265324478,0.0002619906382459,0.000598412710286,1770,4.838277976989327,0.3175141242937853,0.5073446327683616,0.000196791667988,0.000196791667988,0.0002036333410071,1.0416496225017962,-0.5202494833876519,0.0,0.3628164326488537,1.244371287977084,ETHUSDT,SUBE,v4_63_balanceado,63,0.3325033266142313,0.34003951472834226,0.015072376228221884,0.2388537141667376,0.3887908420570337,0.2998742557805921,0.2780035909806902,0.3502710912678698,0.1445350005743592,1.1920993265324478,1.419511712502116,0.4548247719393361,1105,1437.5,665,0.2932126696832579,0.30536339698852155,0.024301454610527407,0.5073446327683616,0.5210931308638188,0.02749699619091439,0.000196791667988,0.0004884152178988,0.0005832470998216,1.0416496225017962,1.1261303560917058,0.16896146717981897,-0.5202494833876519,-0.3512832334568443,0.33793249986161517,0.2933706903196328,0.3280935614842433,0.0694457423292209,1.244371287977084,1.3487336526845048,0.20872472941484177
0.47,0.201893534087435,21469,42205,84194,375492,63674,0.1216638642616936,0.3371705876810001,0.2031837066901375,0.8989578570111827,0.5510707818506602,0.2535653755528915,1.6700415355302063,0.0011790805601981,0.0010787684587212,1033,2.831435266170371,0.2942884801548887,0.5227492739593417,0.0007686541755556,0.0007686541755556,0.0006504278201591,1.2006426949245448,-0.1800201200999347,0.0,0.2933706903196328,1.4530960173919258,0.2915660592255125,77347,142691,76250,230512,220038,0.4176879271070615,0.3515165562311964,0.5035710332884106,0.6176584861322122,0.5606147597103114,0.4140243820841194,1.2056154861266448,0.0003129926240467,0.0006607023601957,1720,4.701603457865334,0.3209302325581395,0.5180232558139535,0.0001812049759079,0.0001812049759079,0.0003424149591219,1.0371986342396364,-0.5241024012052723,0.0,0.3628164326488537,1.244371287977084,ETHUSDT,SUBE,v4_63_balanceado,63,0.3371705876810001,0.3443435719560982,0.014345968550196264,0.2031837066901375,0.35337736998927405,0.30038732659827305,0.2535653755528915,0.33379487881850545,0.1604590065312279,1.2056154861266448,1.4378285108284254,0.46442604940356147,1033,1376.5,687,0.2942884801548887,0.3076093563565141,0.02664175240325084,0.5180232558139535,0.5203862648866475,0.0047260181453882,0.0001812049759079,0.00047492957573175,0.0005874491996477,1.0371986342396364,1.1189206645820906,0.16344406068490835,-0.5241024012052723,-0.3520612606526035,0.34408228110533756,0.2933706903196328,0.3280935614842433,0.0694457423292209,1.244371287977084,1.3487336526845048,0.20872472941484177
0.48,0.201893534087435,18262,35188,87401,382509,53450,0.1021285539590339,0.3416651075771749,0.1728324957648372,0.9157571158040396,0.5442948057844386,0.229547554253895,1.6923033673243262,0.0011683521971292,0.0010843920932123,973,2.6669762962088783,0.2980472764645426,0.5436793422404933,0.0009026501440051,0.0009026501440051,0.0008668763379762,1.2357429713211552,-0.1686133884731637,0.0,0.2933706903196328,1.4530960173919258,0.2915660592255125,72060,130759,81537,242444,202819,0.3850018982536067,0.3552921570464306,0.4691497880817984,0.6496303620281724,0.5593900750549854,0.4043589513377627,1.2185648699652962,0.0003571806866873,0.0007214895866287,1663,4.545794506063983,0.3295249549007817,0.5123271196632592,0.0001393247091732,0.0001393247091732,0.0002893451540473,1.0278633886048985,-0.5498005783146971,0.0,0.3628164326488537,1.244371287977084,ETHUSDT,SUBE,v4_63_balanceado,63,0.3416651075771749,0.34847863231180276,0.013627049469255692,0.1728324957648372,0.3209911419233178,0.29631729231696124,0.229547554253895,0.31695325279582887,0.17481139708386767,1.2185648699652962,1.4554341186448112,0.47373849735902995,973,1318.0,690,0.2980472764645426,0.3137861156826621,0.03147767843623911,0.5123271196632592,0.5280032309518763,0.031352222577234135,0.0001393247091732,0.00052098742658915,0.0007633254348319,1.0278633886048985,1.1318031799630268,0.20787958271625673,-0.5498005783146971,-0.3592069833939304,0.3811871898415334,0.2933706903196328,0.3280935614842433,0.0694457423292209,1.244371287977084,1.3487336526845048,0.20872472941484177
0.49,0.201893534087435,15582,29451,90081,388246,45033,0.0860459339651482,0.346012923855839,0.147468839612731,0.9294919523003516,0.5384803959565414,0.2068004459308807,1.7138385606048656,0.0011572320639717,0.001150997150997,899,2.464143566589704,0.2914349276974416,0.5483870967741935,0.0008683577089673,0.0008683577089673,0.000883515180122,1.2198433600761285,-0.1634470673554612,0.0,0.2933706903196328,1.4530960173919258,0.2915660592255125,66824,119894,86773,253309,186718,0.3544381169324221,0.3578872952795124,0.4350605806102984,0.6787432041007173,0.5569018923555078,0.3927185107914727,1.227465556965612,0.0003789873227992,0.0007642160846483,1618,4.42278743885239,0.3300370828182942,0.5173053152039555,0.0001479214460257,0.0001479214460257,0.0003546065382314,1.029681748828615,-0.5453379064074835,0.0,0.3628164326488537,1.244371287977084,ETHUSDT,SUBE,v4_63_balanceado,63,0.346012923855839,0.3519501095676757,0.011874371423673424,0.147468839612731,0.29126471011151467,0.2875917409975674,0.2068004459308807,0.29975947836117667,0.18591806486059198,1.227465556965612,1.4706520587852387,0.4863730036392535,899,1258.5,719,0.2914349276974416,0.31073600525786793,0.03860215512085258,0.5173053152039555,0.5328462059890745,0.031081781570238,0.0001479214460257,0.0005081395774965,0.0007204362629416,1.029681748828615,1.1247625544523716,0.19016161124751352,-0.5453379064074835,-0.35439248688147235,0.38189083905202226,0.2933706903196328,0.3280935614842433,0.0694457423292209,1.244371287977084,1.3487336526845048,0.20872472941484177
0.5,0.201893534087435,13377,24612,92286,393085,37989,0.0725867471721186,0.3521282476506357,0.1266006075920615,0.9410769050292436,0.5338387563106526,0.1862417508980035,1.7441284053115726,0.0012019460247062,0.0012482503287261,850,2.3298354077878174,0.3047058823529411,0.5447058823529412,0.0009310756609029,0.0009310756609029,0.0010800138070357,1.231050276856115,-0.176946892432775,0.0,0.2933706903196328,1.4530960173919258,0.2915660592255125,61999,109458,91598,263745,171457,0.3254688686408504,0.3616008678560805,0.4036472066511716,0.7067065377287964,0.555176872189984,0.3814689251632037,1.2402021991743537,0.0004332124478308,0.0008443295851945,1567,4.283379429345918,0.3382259093809828,0.5341416719846841,0.00028036440255,0.00028036440255,0.0006526831883575,1.0563124849492649,-0.4920679042010017,0.0,0.3628164326488537,1.244371287977084,ETHUSDT,SUBE,v4_63_balanceado,63,0.3521282476506357,0.3568645577533581,0.00947262020544476,0.1266006075920615,0.26512390712161654,0.2770465990591101,0.1862417508980035,0.2838553380306036,0.1952271742652002,1.2402021991743537,1.492165302242963,0.503926206137219,850,1208.5,717,0.3047058823529411,0.32146589586696195,0.03352002702804169,0.5341416719846841,0.5394237771688126,0.010564210368257054,0.00028036440255,0.0006057200317264499,0.0006507112583528999,1.0563124849492649,1.1436813809026898,0.17473779190685002,-0.4920679042010017,-0.33450739831688836,0.3151210117682267,0.2933706903196328,0.3280935614842433,0.0694457423292209,1.244371287977084,1.3487336526845048,0.20872472941484177
0.51,0.201893534087435,11551,20658,94112,397039,32209,0.0615427239376337,0.3586264708621813,0.1093192508257384,0.950543097029665,0.5299311739277017,0.1675612162005338,1.7763147912744406,0.0012872042588041,0.0013796073302605,784,2.1489305408301758,0.3112244897959184,0.548469387755102,0.0009277362847905,0.0009277362847905,0.000985074373441,1.2243911055945702,-0.1435242262726578,0.0,0.2933706903196328,1.4530960173919258,0.2915660592255125,57542,99856,96055,273347,157398,0.2987813211845102,0.365582790124398,0.3746297128199118,0.7324351626326691,0.5535324377262905,0.3700509654496053,1.2538592149425631,0.0004740881198464,0.0009296635751322,1519,4.152171890986885,0.3350888742593811,0.5260039499670837,0.0002292685559346,0.0002292685559346,0.0005678195412399,1.04622737858765,-0.468899910468314,0.0,0.3628164326488537,1.244371287977084,ETHUSDT,SUBE,v4_63_balanceado,63,0.3586264708621813,0.36210463049328967,0.006956319262216681,0.1093192508257384,0.2419744818228251,0.2653104619941734,0.1675612162005338,0.26880609082506957,0.2024897492490715,1.2538592149425631,1.5150870031085018,0.5224555763318774,784,1151.5,735,0.3112244897959184,0.32315668202764974,0.02386438446346273,0.5260039499670837,0.5372366688610928,0.02246543778801835,0.0002292685559346,0.0005785024203625499,0.0006984677288558999,1.04622737858765,1.1353092420911102,0.1781637270069203,-0.468899910468314,-0.30621206837048587,0.3253756841956562,0.2933706903196328,0.3280935614842433,0.0694457423292209,1.244371287977084,1.3487336526845048,0.20872472941484177
0.52,0.201893534087435,10102,17358,95561,400339,27460,0.0524686640171201,0.3678805535324108,0.0956058412121556,0.9584435607629452,0.5270247009875505,0.1517694162541409,1.8221512402328397,0.0014602939687554,0.0015579528537367,737,2.0201043476936724,0.3310719131614654,0.55359565807327,0.001166912535148,0.001166912535148,0.0011277832726219,1.2842358997156598,-0.1244196408059765,0.0,0.2933706903196328,1.4530960173919258,0.2915660592255125,53266,90902,100331,282301,144168,0.2736674259681093,0.3694717274291105,0.3467906274211085,0.7564274670889569,0.5516090472550327,0.3577720685775696,1.267197315114588,0.0005305291069319,0.0010272003324693,1462,3.9963629391855338,0.3378932968536252,0.5253077975376197,0.0002733725659613,0.0002733725659613,0.0006419382868086,1.05403931445042,-0.4373461327473402,0.0,0.3628164326488537,1.244371287977084,ETHUSDT,SUBE,v4_63_balanceado,63,0.3678805535324108,0.36867614048076064,0.0015911738966997158,0.0956058412121556,0.22119823431663205,0.2511847862089529,0.1517694162541409,0.25477074241585523,0.2060026523234287,1.267197315114588,1.544674277673714,0.5549539251182516,737,1099.5,725,0.3310719131614654,0.3344826050075453,0.006821383692159788,0.5253077975376197,0.5394517278054449,0.028287860535650355,0.0002733725659613,0.0007201425505546499,0.0008935399691866999,1.05403931445042,1.16913760708304,0.23019658526523967,-0.4373461327473402,-0.28088288677665835,0.3129264919413637,0.2933706903196328,0.3280935614842433,0.0694457423292209,1.244371287977084,1.3487336526845048,0.20872472941484177
0.53,0.201893534087435,8867,14730,96796,402967,23597,0.0450875114643839,0.3757681061151841,0.0839177384704201,0.9647352027905396,0.5243264706304799,0.1371963484449945,1.8612191213238576,0.0016278857213191,0.0017726979719343,694,1.902242085887936,0.3487031700288184,0.5648414985590778,0.0012536384327688,0.0012536384327688,0.0014745038122387,1.304919063974321,-0.1209467405378635,0.0,0.2933706903196328,1.4530960173919258,0.2915660592255125,49263,82553,104334,290650,131816,0.2502201974183751,0.3737254961461431,0.3207289204867282,0.7787986698927929,0.5497637951897606,0.3452050186922109,1.28178669746016,0.0006004050131167,0.0011179643922428,1401,3.829620025854264,0.3354746609564596,0.5246252676659529,0.0002199728617983,0.0002199728617983,0.0006694603217647,1.0422475838414282,-0.4518876882983854,0.0,0.3628164326488537,1.244371287977084,ETHUSDT,SUBE,v4_63_balanceado,63,0.3737254961461431,0.3747468011306636,0.002042609969040987,0.0839177384704201,0.20232332947857415,0.23681118201630807,0.1371963484449945,0.2412006835686027,0.20800867024721637,1.28178669746016,1.5715029093920088,0.5794324238636976,694,1047.5,707,0.3354746609564596,0.342088915492639,0.013228509072358785,0.5246252676659529,0.5447333831125154,0.04021623089312498,0.0002199728617983,0.00073680564728355,0.0010336655709705,1.0422475838414282,1.1735833239078746,0.26267148013289265,-0.4518876882983854,-0.28641721441812446,0.33094094776052185,0.2933706903196328,0.3280935614842433,0.0694457423292209,1.244371287977084,1.3487336526845048,0.20872472941484177
0.54,0.201893534087435,7773,12467,97890,405230,20240,0.038673188627331,0.3840415019762845,0.073564066891911,0.9701530056476344,0.5218585362697727,0.1234760093087535,1.902198124928388,0.0018010266798364,0.0019416958603237,651,1.784379824082199,0.3517665130568356,0.5745007680491552,0.0014234368708278,0.0014234368708278,0.0015272982272642,1.3449867464305092,-0.1245185019091175,0.0,0.2933706903196328,1.4530960173919258,0.2915660592255125,45474,74943,108123,298260,120417,0.2285820045558086,0.3776377089613593,0.2960604699310533,0.7991897171244604,0.5476250935277569,0.331910048391688,1.2952046269187814,0.0006679665851225,0.0011874412988057,1347,3.682011545200352,0.33184855233853,0.5189309576837416,0.0001110756630564,0.0001110756630564,0.0003801520608242,1.0211675187273088,-0.5139971012873907,0.0,0.3628164326488537,1.244371287977084,ETHUSDT,SUBE,v4_63_balanceado,63,0.3776377089613593,0.3808396054688219,0.006403793014925219,0.073564066891911,0.18481226841148213,0.22249640303914228,0.1234760093087535,0.22769302885022075,0.20843403908293445,1.2952046269187814,1.5987013759235846,0.6069934980096066,651,999.0,696,0.33184855233853,0.3418075326976828,0.019917960718305594,0.5189309576837416,0.5467158628664484,0.05556981036541353,0.0001110756630564,0.0007672562669421,0.0013123612077714,1.0211675187273088,1.1830771325789091,0.3238192277032004,-0.5139971012873907,-0.3192578015982541,0.3894785993782732,0.2933706903196328,0.3280935614842433,0.0694457423292209,1.244371287977084,1.3487336526845048,0.20872472941484177
0.55,0.201893534087435,6879,10648,98784,407049,17527,0.0334893763375114,0.3924801734466822,0.0651032054740069,0.9745078370206154,0.5198055212473112,0.1116811429499147,1.9439957560835448,0.0020485927386888,0.0021627715687571,609,1.669258545109154,0.361247947454844,0.5747126436781609,0.0015549501200434,0.0015549501200434,0.0017343728628094,1.3786721009604384,-0.1051855537510094,0.0,0.2933706903196328,1.4530960173919258,0.2915660592255125,42007,67936,111590,305267,109943,0.2086996962794229,0.3820798049898584,0.2734884144872621,0.8179650217174032,0.5457267181023326,0.3187903164604994,1.3104399257059538,0.0007313714544389,0.0012704841021209,1295,3.5398700453114,0.3397683397683397,0.5111969111969112,0.0001244677395726,0.0001244677395726,0.0002370559903672,1.0231356605917958,-0.4915604886715039,0.0,0.3628164326488537,1.244371287977084,ETHUSDT,SUBE,v4_63_balanceado,63,0.3820798049898584,0.3872799892182703,0.010400368456823794,0.0651032054740069,0.16929580998063448,0.2083852090132552,0.1116811429499147,0.21523572970520705,0.20710917351058467,1.3104399257059538,1.6272178408947493,0.633555830377591,609,952.0,686,0.3397683397683397,0.3505081436115919,0.02147960768650431,0.5111969111969112,0.5429547774375361,0.06351573248124964,0.0001244677395726,0.000839708929808,0.0014304823804708,1.0231356605917958,1.2009038807761172,0.3555364403686425,-0.4915604886715039,-0.29837302121125664,0.3863749349204945,0.2933706903196328,0.3280935614842433,0.0694457423292209,1.244371287977084,1.3487336526845048,0.20872472941484177
0.56,0.201893534087435,6121,9137,99542,408560,15258,0.0291539284622439,0.4011666011272775,0.0579294549653142,0.9781252917784902,0.5180273733719022,0.1012396523349955,1.9870205499178704,0.0022132738291315,0.0023672245293433,579,1.5870290601284074,0.3747841105354059,0.5854922279792746,0.0016761200279643,0.0016761200279643,0.0018604365578853,1.414188782163494,-0.1128213657951802,0.0,0.2933706903196328,1.4530960173919258,0.2915660592255125,38863,61707,114734,311496,100570,0.1909073652239939,0.3864273640250572,0.2530192646991803,0.8346556699704987,0.5438374673348395,0.3058068120566399,1.32535098581613,0.0008099672874539,0.0013617414830812,1240,3.389528074275008,0.3475806451612903,0.5088709677419355,0.0002030589513492,0.0002030589513492,0.0002295957390411,1.037435608131961,-0.4639831699817004,0.0,0.3628164326488537,1.244371287977084,ETHUSDT,SUBE,v4_63_balanceado,63,0.3864273640250572,0.39379698257616735,0.014739237102220304,0.0579294549653142,0.15547435983224725,0.19508980973386608,0.1012396523349955,0.2035232321958177,0.2045671597216444,1.32535098581613,1.6561857678670002,0.6616695641017403,579,909.5,661,0.3475806451612903,0.36118237784834806,0.02720346537411561,0.5088709677419355,0.547181597860605,0.07662126023733906,0.0002030589513492,0.00093958948965675,0.0014730610766151,1.037435608131961,1.2258121951477274,0.3767531740315331,-0.4639831699817004,-0.2884022678884403,0.3511618041865202,0.2933706903196328,0.3280935614842433,0.0694457423292209,1.244371287977084,1.3487336526845048,0.20872472941484177
0.57,0.201893534087435,5410,7868,100253,409829,13278,0.0253706817487007,0.4074408796505497,0.0512005148443636,0.9811633791959244,0.516181947020144,0.0909694722593554,2.01809771418483,0.0024448926273217,0.0025357496292139,551,1.510281540813044,0.3901996370235934,0.6007259528130672,0.0018149120299715,0.0018149120299715,0.0023318042813456,1.4453226074639904,-0.1200812745180228,0.0,0.2933706903196328,1.4530960173919258,0.2915660592255125,35816,55982,117781,317221,91798,0.1742558845861807,0.3901610056863984,0.2331816376621939,0.8499958467643615,0.5415887422132777,0.2919048880376536,1.33815646005843,0.000892790822321,0.001460881829443,1187,3.2446530840035765,0.3437236731255265,0.5206402695871946,0.0001501161143423,0.0001501161143423,0.00057811382757,1.0274738529600949,-0.4821208773554843,0.0,0.3628164326488537,1.244371287977084,ETHUSDT,SUBE,v4_63_balanceado,63,0.3901610056863984,0.39880094266847405,0.017279873964151315,0.0512005148443636,0.14219107625327876,0.1819811228178303,0.0909694722593554,0.19143718014850447,0.20093541577829818,1.33815646005843,1.6781270871216298,0.6799412541264,551,869.0,636,0.3437236731255265,0.3669616550745599,0.04647596389806691,0.5206402695871946,0.5606831112001309,0.08008568322587262,0.0001501161143423,0.0009825140721569001,0.0016647959156292,1.0274738529600949,1.2363982302120426,0.4178487545038956,-0.4821208773554843,-0.30110107593675356,0.3620396028374615,0.2933706903196328,0.3280935614842433,0.0694457423292209,1.244371287977084,1.3487336526845048,0.20872472941484177
0.58,0.201893534087435,4788,6741,100875,410956,11529,0.0220288138184041,0.4153005464480874,0.0453138752448823,0.9838615072648356,0.5145876912548589,0.0817120622568093,2.057027474036049,0.0027079078792684,0.0027050072035519,512,1.4033832103380737,0.390625,0.59765625,0.0018681013797104,0.0018681013797104,0.0021955631378015,1.4526186493523687,-0.1206837797785497,0.0,0.2933706903196328,1.4530960173919258,0.2915660592255125,32947,50721,120650,322482,83668,0.1588230827638572,0.3937825692020844,0.2145028874261867,0.864092732373534,0.5392978098998603,0.2777232208711777,1.3505775337777304,0.0009748422618779,0.0015271432266874,1139,3.113445545644544,0.3494293239683933,0.5232660228270413,0.0001594797217156,0.0001594797217156,0.0006335202609164,1.0291298524999335,-0.4562300386278677,0.0,0.3628164326488537,1.244371287977084,ETHUSDT,SUBE,v4_63_balanceado,63,0.3937825692020844,0.4045415578250859,0.021517977246003017,0.0453138752448823,0.1299083813355345,0.1691890121813044,0.0817120622568093,0.1797176415639935,0.19601115861436838,1.3505775337777304,1.7038025039068896,0.7064499402583184,512,825.5,627,0.3494293239683933,0.37002716198419666,0.041195676031606676,0.5232660228270413,0.5604611364135206,0.07439022717295873,0.0001594797217156,0.001013790550713,0.0017086216579948002,1.0291298524999335,1.2408742509261512,0.42348879685243523,-0.4562300386278677,-0.2884569092032087,0.335546258849318,0.2933706903196328,0.3280935614842433,0.0694457423292209,1.244371287977084,1.3487336526845048,0.20872472941484177
0.59,0.201893534087435,4297,5871,101366,411826,10168,0.019428309385509,0.4226003147128245,0.0406670263005971,0.9859443567945184,0.5133056915475579,0.0741943003168409,2.0931839973131923,0.0029938961452103,0.0029195152068678,476,1.3047078283611775,0.3886554621848739,0.592436974789916,0.0018097834963069,0.0018097834963069,0.0021955631378015,1.4241645467544906,-0.1716113544835348,0.0,0.2933706903196328,1.4530960173919258,0.2915660592255125,30277,45845,123320,327358,76122,0.144498861047836,0.3977430966080765,0.1971197354114989,0.8771580078402371,0.537138871625868,0.2636003116851457,1.364161170420872,0.0010901870968829,0.0016377155914031,1085,2.965837064990632,0.3566820276497696,0.5179723502304148,0.000180166613579,0.000180166613579,0.00057811382757,1.0313749889952948,-0.4120121368761549,0.0,0.3628164326488537,1.244371287977084,ETHUSDT,SUBE,v4_63_balanceado,63,0.3977430966080765,0.41017170566045047,0.024857218104748002,0.0406670263005971,0.118893380856048,0.1564527091109018,0.0741943003168409,0.16889730600099329,0.1894060113683048,1.364161170420872,1.728672583867032,0.7290228268923202,476,780.5,609,0.3566820276497696,0.3726687449173217,0.03197343453510432,0.5179723502304148,0.5552046625101654,0.0744646245595012,0.000180166613579,0.00099497505494295,0.0016296168827279,1.0313749889952948,1.2277697678748927,0.3927895577591958,-0.4120121368761549,-0.29181174567984486,0.2404007823926201,0.2933706903196328,0.3280935614842433,0.0694457423292209,1.244371287977084,1.3487336526845048,0.20872472941484177
0.6,0.201893534087435,3823,5159,101840,412538,8982,0.0171621828187098,0.4256290358494767,0.0361810662199634,0.9876489416969716,0.5119150039584676,0.0666928344018491,2.108185573021608,0.0031756565791115,0.0030309716826303,445,1.2197373605477395,0.3932584269662921,0.5932584269662922,0.0016860863783336,0.0016860863783336,0.0020625360943815,1.3811231635452357,-0.1863421507203964,0.0,0.2933706903196328,1.4530960173919258,0.2915660592255125,27814,41308,125783,331895,69122,0.131211085801063,0.4023899771418651,0.1810842659687363,0.8893149304801944,0.5351995982244654,0.2497676444308747,1.3800988297840096,0.0012077739557867,0.0017723922350856,1040,2.842829997779039,0.3461538461538461,0.5144230769230769,8.87940111781751e-05,8.87940111781751e-05,0.0003852173959273,1.015372631571385,-0.4116947143241917,0.0,0.3628164326488537,1.244371287977084,ETHUSDT,SUBE,v4_63_balanceado,63,0.4023899771418651,0.4140095064956709,0.023239058707611615,0.0361810662199634,0.10863266609434985,0.14490319974877292,0.0666928344018491,0.1582302394163619,0.1830748100290256,1.3800988297840096,1.7441422014028087,0.7280867432375986,445,742.5,595,0.3461538461538461,0.3697061365600691,0.047104580812446006,0.5144230769230769,0.5538407519446845,0.07883535004321529,8.87940111781751e-05,0.0008874401947558875,0.001597292367155425,1.015372631571385,1.1982478975583102,0.36575053197385077,-0.4116947143241917,-0.29901843252229404,0.2253525636037953,0.2933706903196328,0.3280935614842433,0.0694457423292209,1.244371287977084,1.3487336526845048,0.20872472941484177
0.61,0.201893534087435,3414,4504,102249,413193,7918,0.0151291653928462,0.4311694872442536,0.0323102694415263,0.989217064044032,0.5107636667427791,0.0601156883633706,2.1356280140082387,0.0033602285481277,0.0031238234386877,416,1.1402488583996848,0.3990384615384615,0.5961538461538461,0.0016136912228158,0.0016136912228158,0.0020554134953519,1.353586463933122,-0.1670226690881353,0.0,0.2933706903196328,1.4530960173919258,0.2915660592255125,25572,37166,128025,336037,62738,0.119092634776006,0.4075998597341324,0.1664876267114592,0.9004134479090469,0.533450537310253,0.236411121640049,1.3979674479836257,0.0013211925326002,0.0018578066320424,988,2.700688497890088,0.3461538461538461,0.5020242914979757,1.1634847473119817e-05,1.1634847473119817e-05,7.14291612800011e-05,1.00200551202133,-0.4610480940234611,0.0,0.3628164326488537,1.244371287977084,ETHUSDT,SUBE,v4_63_balanceado,63,0.4075998597341324,0.41938467348919295,0.023569627510121205,0.0323102694415263,0.09939894807649274,0.1341773572699329,0.0601156883633706,0.14826340500170979,0.1762954332766784,1.3979674479836257,1.7667977309959322,0.7376605660246129,416,702.0,572,0.3461538461538461,0.3725961538461538,0.05288461538461542,0.5020242914979757,0.5490890688259109,0.09412955465587047,1.1634847473119817e-05,0.00081266303514446,0.0016020563753426803,1.00200551202133,1.177795987977226,0.35158095191179206,-0.4610480940234611,-0.3140353815557982,0.2940254249353258,0.2933706903196328,0.3280935614842433,0.0694457423292209,1.244371287977084,1.3487336526845048,0.20872472941484177
0.62,0.201893534087435,3080,3945,102583,413752,7025,0.0134228829104249,0.4384341637010676,0.0291492764733161,0.9905553547188513,0.5098523155960837,0.054664205594207,2.1716107238540525,0.0036462188274725,0.0032581747094371,387,1.06076035625163,0.4134366925064599,0.5943152454780362,0.0018632693954053,0.0018632693954053,0.002228354706846,1.416306949174987,-0.1248191606721397,0.0,0.2933706903196328,1.4530960173919258,0.2915660592255125,23557,33564,130040,339639,57121,0.1084301442672741,0.4124052450062149,0.1533688809026218,0.9100650316315784,0.5317169562671001,0.2235879231959301,1.4144487396841996,0.001480407532177,0.0019707859958264,943,2.5776814306784943,0.3510074231177094,0.5068928950159067,-9.520880761324649e-06,-9.520880761324649e-06,0.0001899210083644,0.9983960596115112,-0.4502227920168929,0.0,0.3628164326488537,1.244371287977084,ETHUSDT,SUBE,v4_63_balanceado,63,0.4124052450062149,0.42541970435364124,0.026028918694852687,0.0291492764733161,0.09125907868796895,0.1242196044293057,0.054664205594207,0.13912606439506855,0.1689237176017231,1.4144487396841996,1.793029731769126,0.7571619841698529,387,665.0,556,0.3510074231177094,0.3822220578120846,0.06242926938875054,0.5068928950159067,0.5506040702469714,0.08742235046212943,-9.520880761324649e-06,0.0009268742573219877,0.0018727902761666246,0.9983960596115112,1.207351504393249,0.41791088956347566,-0.4502227920168929,-0.2875209763445163,0.3254036313447532,0.2933706903196328,0.3280935614842433,0.0694457423292209,1.244371287977084,1.3487336526845048,0.20872472941484177
0.63,0.201893534087435,2738,3454,102925,414243,6192,0.011831244267808,0.4421834625322997,0.0259125710986816,0.9917308479591666,0.5088217095289241,0.0489562379866791,2.1901813969970982,0.0038200982948384,0.0033077830769326,365,1.0004587339324158,0.4027397260273972,0.6027397260273972,0.0020549231092507,0.0020549231092507,0.0024193187913463,1.4702037764915346,-0.1225441958201501,0.0,0.2933706903196328,1.4530960173919258,0.2915660592255125,21630,30315,131967,342888,51945,0.0986047835990888,0.4164019636153624,0.1408230629504482,0.9187707494312748,0.5297969061908615,0.210467933561024,1.4281565032687678,0.0015785404938947,0.0020760471535781,906,2.47654228652674,0.3598233995584989,0.5088300220750552,9.265953389663046e-06,9.265953389663046e-06,0.0005111425113485,1.0015591389735985,-0.4143398336550518,0.0,0.3628164326488537,1.244371287977084,ETHUSDT,SUBE,v4_63_balanceado,63,0.4164019636153624,0.42929271307383104,0.025781498916937262,0.0259125710986816,0.08336781702456489,0.11491049185176659,0.0489562379866791,0.12971208577385154,0.16151169557434492,1.4281565032687678,1.8091689501329329,0.7620248937283305,365,635.5,541,0.3598233995584989,0.38128156279294806,0.042916326468898314,0.5088300220750552,0.5557848740512262,0.093909703952342,9.265953389663046e-06,0.0010320945313201813,0.002045657155861037,1.0015591389735985,1.2358814577325665,0.46864463751793606,-0.4143398336550518,-0.26844201473760093,0.2917956378349017,0.2933706903196328,0.3280935614842433,0.0694457423292209,1.244371287977084,1.3487336526845048,0.20872472941484177
0.64,0.201893534087435,2478,3046,103185,414651,5524,0.010554876184653,0.448587979724837,0.0234519178898952,0.9927076325661904,0.5080797752280428,0.0445735562610736,2.221903647149813,0.0040087395103282,0.0034678052718882,334,0.9154882661189776,0.4101796407185629,0.6047904191616766,0.002014864776324,0.002014864776324,0.0024580111080466,1.472057467507751,-0.1063101466466934,0.0,0.2933706903196328,1.4530960173919258,0.2915660592255125,19812,27232,133785,345971,47044,0.089301442672741,0.4211376583623841,0.1289868942752788,0.9270316690916204,0.5280092816834496,0.1974870539919557,1.4443987735782855,0.0017010718707692,0.0021711497577725,867,2.369936161610026,0.3679354094579008,0.5086505190311419,-0.0001355542130818,-0.0001355542130818,0.0006024070088745,0.9779045741205412,-0.4849690894708857,0.0,0.3628164326488537,1.244371287977084,ETHUSDT,SUBE,v4_63_balanceado,63,0.4211376583623841,0.43486281904361057,0.0274503213624529,0.0234519178898952,0.076219406082587,0.10553497638538359,0.0445735562610736,0.12103030512651465,0.15291349773088211,1.4443987735782855,1.8331512103640493,0.7775048735715275,334,600.5,533,0.3679354094579008,0.3890575250882319,0.04224423126066207,0.5086505190311419,0.5567204690964093,0.09613990013053475,-0.0001355542130818,0.0009396552816211001,0.0021504189894058,0.9779045741205412,1.224981020814146,0.4941528933872097,-0.4849690894708857,-0.2956396180587895,0.37865894282419227,0.2933706903196328,0.3280935614842433,0.0694457423292209,1.244371287977084,1.3487336526845048,0.20872472941484177
0.65,0.201893534087435,2239,2710,103424,414987,4949,0.0094562060531947,0.4524146292180238,0.0211900097479723,0.9935120434190334,0.5073510265835028,0.0404838534697862,2.240857446291937,0.0041691342740839,0.0035597423527944,315,0.8634095922978383,0.4158730158730159,0.6126984126984127,0.0022917625139405,0.0022917625139405,0.002899969670042,1.55772580168509,-0.1326253152225605,0.0,0.2933706903196328,1.4530960173919258,0.2915660592255125,18122,24560,135475,348643,42682,0.0810212604403948,0.4245817909188885,0.1179840752098022,0.9341913114310444,0.5260876933204233,0.1846555158728136,1.4562113026691308,0.0018394495250502,0.0022534152583126,823,2.249662584780913,0.370595382746051,0.5018226002430134,-0.0001604235109374,-0.0001604235109374,8.545547769611694e-05,0.9743588136571036,-0.5017977557083275,0.0,0.3628164326488537,1.244371287977084,ETHUSDT,SUBE,v4_63_balanceado,63,0.4245817909188885,0.43849821006845613,0.0278328382991353,0.0211900097479723,0.06958704247888725,0.09679406546182989,0.0404838534697862,0.1125696846712999,0.1441716624030274,1.4562113026691308,1.8485343744805338,0.784646143622806,315,569.0,508,0.370595382746051,0.39323419930953346,0.04527763312696487,0.5018226002430134,0.557260506470713,0.11087581245539935,-0.0001604235109374,0.0010656695015015501,0.0024521860248779,0.9743588136571036,1.2660423076710967,0.5833669880279863,-0.5017977557083275,-0.317211535465444,0.36917244048576703,0.2933706903196328,0.3280935614842433,0.0694457423292209,1.244371287977084,1.3487336526845048,0.20872472941484177
0.66,0.201893534087435,2002,2370,103661,415327,4372,0.0083537144604096,0.4579139981701738,0.0189470297076554,0.9943260305915532,0.5066365301496043,0.0363884218657699,2.26809640160077,0.0044021861590089,0.0036837471440125,283,0.7756981416517087,0.4240282685512367,0.6007067137809188,0.0023215271316329,0.0023215271316329,0.0024860281364424,1.5533998251971162,-0.135196178066915,0.0,0.2933706903196328,1.4530960173919258,0.2915660592255125,16615,22128,136982,351075,38743,0.073544039483675,0.4288516635263144,0.1081726856644335,0.9407078721232144,0.524440278893824,0.1727669751481751,1.4708559174050433,0.0020080129376829,0.0023947443846072,779,2.1293890079517994,0.3709884467265725,0.5006418485237484,3.1802526960618387e-06,3.1802526960618387e-06,4.5424090666434935e-05,1.0005030752357231,-0.456681223413501,0.0,0.3628164326488537,1.244371287977084,ETHUSDT,SUBE,v4_63_balanceado,63,0.4288516635263144,0.4433828308482441,0.029062334643859433,0.0189470297076554,0.06355985768604445,0.0892256559567781,0.0363884218657699,0.1045776985069725,0.1363785532824052,1.4708559174050433,1.8694761595029066,0.7972404841957266,283,531.0,496,0.3709884467265725,0.3975083576389046,0.05303982182466421,0.5006418485237484,0.5506742811523335,0.1000648652571704,3.1802526960618387e-06,0.001162353692164481,0.0023183468789368385,1.0005030752357231,1.2769514502164196,0.552896749961393,-0.456681223413501,-0.295938700740208,0.32148504534658595,0.2933706903196328,0.3280935614842433,0.0694457423292209,1.244371287977084,1.3487336526845048,0.20872472941484177
0.67,0.201893534087435,1810,2089,103853,415608,3899,0.0074499388566187,0.4642215952808412,0.0171299319534747,0.9949987670488416,0.5060643495011582,0.0330406527810737,2.299338596350483,0.0046503196317972,0.0038673946056151,264,0.7236194678305692,0.4242424242424242,0.5871212121212122,0.0023242097830703,0.0023242097830703,0.0022172244129242,1.5450497935710683,-0.1663042785727788,0.0,0.2933706903196328,1.4530960173919258,0.2915660592255125,15273,19945,138324,353258,35218,0.0668526955201214,0.4336702822420353,0.0994355358503095,0.946557235606359,0.5229963857283343,0.1617774011598654,1.4873825965683196,0.0022269535099902,0.0025416056586214,739,2.0200493926526057,0.3626522327469553,0.510148849797023,-0.0001668663701064,-0.0001668663701064,0.0005617912786946,0.9734014378483694,-0.4861391365515074,0.0,0.3628164326488537,1.244371287977084,ETHUSDT,SUBE,v4_63_balanceado,63,0.4336702822420353,0.4489459387614383,0.030551313038805927,0.0171299319534747,0.0582827339018921,0.08230560389683479,0.0330406527810737,0.09740902697046956,0.1287367483787917,1.4873825965683196,1.8933605964594014,0.8119559997821633,264,501.5,475,0.3626522327469553,0.3934473284946898,0.061590191495468904,0.510148849797023,0.5486350309591176,0.07697236232418914,-0.0001668663701064,0.00107867170648195,0.0024910761531766997,0.9734014378483694,1.2592256157097188,0.5716483557226989,-0.4861391365515074,-0.3262217075621431,0.3198348579787286,0.2933706903196328,0.3280935614842433,0.0694457423292209,1.244371287977084,1.3487336526845048,0.20872472941484177
0.68,0.201893534087435,1649,1845,104014,415852,3494,0.0066760929379394,0.4719519175729822,0.0156062197741877,0.9955829225491204,0.5055945711616542,0.0302133624046098,2.3376276992040355,0.0049666684497151,0.0040381919389009,251,0.6879866910055791,0.4223107569721115,0.5856573705179283,0.0023970435003644,0.0023970435003644,0.002115876330099,1.5764301639391023,-0.165640372688555,0.0,0.2933706903196328,1.4530960173919258,0.2915660592255125,14027,18009,139570,355194,32036,0.0608124525436598,0.4378511674366337,0.0913233982434552,0.951744760894205,0.5215340795688301,0.1511261467519244,1.501722006325766,0.0024186128285327,0.002659745441665,708,1.9353111907957303,0.3700564971751412,0.5254237288135594,-3.879147490897189e-05,-3.879147490897189e-05,0.0008648654826169,0.9938100408900976,-0.4161192862111023,0.0,0.3628164326488537,1.244371287977084,ETHUSDT,SUBE,v4_63_balanceado,63,0.4378511674366337,0.45490154250480797,0.0341007501363485,0.0156062197741877,0.05346480900882145,0.0757171784692675,0.0302133624046098,0.0906697545782671,0.1209127843473146,1.501722006325766,1.9196748527649006,0.8359056928782695,251,479.5,457,0.3700564971751412,0.39618362707362637,0.05225425979697029,0.5254237288135594,0.5555405496657438,0.060233641704368956,-3.879147490897189e-05,0.001179126012727714,0.0024358349752733716,0.9938100408900976,1.2851201024146,0.5826201230490047,-0.4161192862111023,-0.29087982944982865,0.25047891352254725,0.2933706903196328,0.3280935614842433,0.0694457423292209,1.244371287977084,1.3487336526845048,0.20872472941484177
0.69,0.201893534087435,1499,1656,104164,416041,3155,0.0060283552430449,0.4751188589540412,0.014186612153734,0.9960354036538448,0.5051110079037894,0.0275505890569574,2.353313894382963,0.0051293982487998,0.0041413127707414,234,0.6413899828498227,0.4316239316239316,0.5897435897435898,0.0024943140833009,0.0024943140833009,0.0023184605957918,1.5954254680123547,-0.1927869016210592,0.0,0.2933706903196328,1.4530960173919258,0.2915660592255125,12887,16209,140710,356994,29096,0.0552315869400151,0.4429131152048391,0.0839013782821279,0.9565678732486074,0.5202346257653676,0.1410782022299705,1.519083244398714,0.0026735229026914,0.0028190121868236,672,1.836905537026456,0.3705357142857143,0.5401785714285714,0.0003618765238512,0.0003618765238512,0.0011577681565966,1.05921125125011,-0.3521544790027772,0.0,0.3628164326488537,1.244371287977084,ETHUSDT,SUBE,v4_63_balanceado,63,0.4429131152048391,0.45901598707944014,0.0322057437492021,0.014186612153734,0.04904399521793095,0.0697147661283939,0.0275505890569574,0.08431439564346395,0.1135276131730131,1.519083244398714,1.9361985693908383,0.8342306499842489,234,453.0,438,0.3705357142857143,0.4010798229548229,0.06108821733821729,0.5401785714285714,0.5649610805860805,0.04956501831501836,0.0003618765238512,0.00142809530357605,0.0021324375594497,1.05921125125011,1.3273183596312323,0.5362142167622448,-0.3521544790027772,-0.2724706903119182,0.159367577381718,0.2933706903196328,0.3280935614842433,0.0694457423292209,1.244371287977084,1.3487336526845048,0.20872472941484177
0.7,0.201893534087435,1342,1500,104321,416197,2842,0.0054302965453989,0.4722026741731175,0.0127007561776591,0.9964088801212362,0.5045548181494477,0.0247361872724759,2.3388697231314914,0.0051409305990489,0.0040639355795775,212,0.5810883605306086,0.4575471698113207,0.6084905660377359,0.0024495407265064,0.0024495407265064,0.0036193688459125,1.5790899795203757,-0.1384893723268609,0.0,0.2933706903196328,1.4530960173919258,0.2915660592255125,11804,14661,141793,358542,26465,0.0502372817008352,0.44602304931041,0.0768504593188669,0.9607157498733933,0.5187831045961301,0.1311103953082827,1.52974955485279,0.0028980208243818,0.0029319579740427,639,1.7467003544046211,0.3677621283255086,0.5273865414710485,0.000226535904777,0.000226535904777,0.0007845806820081,1.0358758026906745,-0.372318860498285,0.0,0.3628164326488537,1.244371287977084,ETHUSDT,SUBE,v4_63_balanceado,63,0.44602304931041,0.45911286174176374,0.02617962486270753,0.0127007561776591,0.044775607748263,0.0641497031412078,0.0247361872724759,0.0779232912903793,0.1063742080358068,1.52974955485279,1.9343096389921408,0.8091201682787015,212,425.5,427,0.3677621283255086,0.41265464906841465,0.08978504148581212,0.5273865414710485,0.5679385537543922,0.08110402456668742,0.000226535904777,0.0013380383156417,0.0022230048217293996,1.0358758026906745,1.3074828911055252,0.5432141768297012,-0.372318860498285,-0.25540411641257293,0.2338294881714241,0.2933706903196328,0.3280935614842433,0.0694457423292209,1.244371287977084,1.3487336526845048,0.20872472941484177
0.71,0.201893534087435,1224,1338,104439,416359,2562,0.0048952919596453,0.477751756440281,0.0115839981829022,0.9967967210681428,0.5041903596255225,0.0226195426195426,2.3663549137407176,0.005353882717307,0.0042401037996681,193,0.5290096867094691,0.4611398963730569,0.6217616580310881,0.0024277779503892,0.0024277779503892,0.0038675612503993,1.5655407745057586,-0.1196829495986454,0.0,0.2933706903196328,1.4530960173919258,0.2915660592255125,10791,13238,142806,359965,24029,0.0456131359149582,0.4490823588164301,0.0702552784234067,0.9645286881402346,0.5173919832818207,0.1215024827446432,1.5402422353593843,0.0030978656983998,0.0030340177750536,604,1.6510281910178266,0.3824503311258278,0.5447019867549668,0.0006284061501409,0.0006284061501409,0.0015022303018616,1.1023685456621894,-0.3349142804405767,0.0,0.3628164326488537,1.244371287977084,ETHUSDT,SUBE,v4_63_balanceado,63,0.4490823588164301,0.46341705762835556,0.0286693976238509,0.0115839981829022,0.040919638303154454,0.058671280240504504,0.0226195426195426,0.0720610126820929,0.0988829401251006,1.5402422353593843,1.9532985745500508,0.8261126783813333,193,398.5,411,0.3824503311258278,0.42179511374944234,0.07868956524722909,0.5447019867549668,0.5832318223930275,0.07705967127612123,0.0006284061501409,0.00152809205026505,0.0017993718002483,1.1023685456621894,1.333954660083974,0.4631722288435691,-0.3349142804405767,-0.22729861501961104,0.2152313308419313,0.2933706903196328,0.3280935614842433,0.0694457423292209,1.244371287977084,1.3487336526845048,0.20872472941484177
0.72,0.201893534087435,1105,1207,104558,416490,2312,0.0044176092937939,0.4779411764705882,0.0104577761373423,0.9971103455375548,0.5037840608374485,0.0204677008566797,2.36729313115894,0.0055432045613819,0.0042482433108536,183,0.5015998583825536,0.4644808743169399,0.6229508196721312,0.0026464813407799,0.0026464813407799,0.0034415099040736,1.6127387910750166,-0.1239740500573129,0.0,0.2933706903196328,1.4530960173919258,0.2915660592255125,9824,11976,143773,361227,21800,0.0413819286256643,0.4506422018348623,0.0639595825439298,0.9679102258020434,0.5159349041729867,0.1120201599799312,1.54559211395148,0.0032048647786518,0.0030849389307175,568,1.552622537248552,0.3644366197183099,0.5246478873239436,0.0002348040547234,0.0002348040547234,0.0008680822555455,1.0368065393518326,-0.3429471277669831,0.0,0.3628164326488537,1.244371287977084,ETHUSDT,SUBE,v4_63_balanceado,63,0.4506422018348623,0.46429168915272523,0.027298974635725892,0.0104577761373423,0.037208679340636056,0.053501806406587506,0.0204677008566797,0.06624393041830545,0.0915524591232515,1.54559211395148,1.95644262255521,0.8217010172074597,183,375.5,385,0.3644366197183099,0.41445874701762486,0.10004425459863003,0.5246478873239436,0.5737993534980375,0.09830293234818754,0.0002348040547234,0.00144064269775165,0.0024116772860564998,1.0368065393518326,1.3247726652134246,0.575932251723184,-0.3429471277669831,-0.233460588912148,0.2189730777096702,0.2933706903196328,0.3280935614842433,0.0694457423292209,1.244371287977084,1.3487336526845048,0.20872472941484177
0.73,0.201893534087435,992,1115,104671,416582,2107,0.0040259095077957,0.4708115804461319,0.0093883383966005,0.9973306008901188,0.5033594696433598,0.0184095759487798,2.331979488962906,0.0054025055061475,0.0039738108952172,171,0.468708064390255,0.4619883040935672,0.631578947368421,0.0025222015444696,0.0025222015444696,0.0034415099040736,1.577238575185613,-0.1293712399376646,0.0,0.2933706903196328,1.4530960173919258,0.2915660592255125,9019,10827,144578,362376,19846,0.037672741078208,0.4544492592965837,0.0587185947642206,0.9709889791882702,0.5148537869762454,0.1039995848780291,1.5586493863645792,0.0034514302105028,0.0031752856613763,543,1.484285277686556,0.3738489871086556,0.5285451197053407,0.0003501787442875,0.0003501787442875,0.0008771891732275,1.0536807542792084,-0.3050200463224745,0.0,0.3628164326488537,1.244371287977084,ETHUSDT,SUBE,v4_63_balanceado,63,0.4544492592965837,0.4626304198713578,0.01636232114954822,0.0093883383966005,0.03405346658041055,0.049330256367620104,0.0184095759487798,0.06120458041340445,0.0855900089292493,1.5586493863645792,1.9453144376637428,0.773330102598327,171,357.0,372,0.3738489871086556,0.4179186456011114,0.08813931698491162,0.5285451197053407,0.5800620335368809,0.10303382766308034,0.0003501787442875,0.00143619014437855,0.0021720228001821,1.0536807542792084,1.3154596647324106,0.5235578209064047,-0.3050200463224745,-0.21719564313006956,0.17564880638480987,0.2933706903196328,0.3280935614842433,0.0694457423292209,1.244371287977084,1.3487336526845048,0.20872472941484177
0.74,0.201893534087435,890,987,104773,416710,1877,0.0035864414552124,0.474160895045285,0.0084230052146919,0.9976370431197734,0.5030300241672327,0.0165519806583596,2.348568997954822,0.005609607648855,0.0040905822301335,157,0.4303343047325733,0.4777070063694267,0.6305732484076433,0.0026773419088614,0.0026773419088614,0.0039406745444268,1.6003118309158093,-0.1226985443793771,0.0,0.2933706903196328,1.4530960173919258,0.2915660592255125,8242,9707,145355,363496,17949,0.0340717539863325,0.4591899270154326,0.0536599022116317,0.973990026875454,0.5138249645435428,0.0960908444382264,1.574908712746537,0.0037078722900963,0.0033695139216611,519,1.4186815085070397,0.3737957610789981,0.535645472061657,0.000242652249888,0.000242652249888,0.0011026052044162,1.0371792210343516,-0.3140204427751202,0.0,0.3628164326488537,1.244371287977084,ETHUSDT,SUBE,v4_63_balanceado,63,0.4591899270154326,0.4666754110303588,0.014970968029852427,0.0084230052146919,0.0310414537131618,0.0452368969969398,0.0165519806583596,0.056321412548292996,0.0795388637798668,1.574908712746537,1.9617388553506796,0.773660285208285,157,338.0,362,0.3737957610789981,0.4257513837242124,0.10391124529042861,0.535645472061657,0.5831093602346502,0.09492777634598626,0.000242652249888,0.0014599970793747,0.0024346896589734,1.0371792210343516,1.3187455259750804,0.5631326098814577,-0.3140204427751202,-0.21835949357724865,0.1913218983957431,0.2933706903196328,0.3280935614842433,0.0694457423292209,1.244371287977084,1.3487336526845048,0.20872472941484177
0.75,0.201893534087435,813,887,104850,416810,1700,0.0032482421277896,0.478235294117647,0.007694273302859,0.997876451111691,0.502785362207275,0.0151448823151365,2.3687499269319603,0.0059911284030303,0.0042482433108536,151,0.413888407736424,0.4701986754966887,0.6357615894039735,0.0027435869058307,0.0027435869058307,0.0038999658752987,1.6045912370978117,-0.12941145745301,0.0,0.2933706903196328,1.4530960173919258,0.2915660592255125,7493,8732,146104,364471,16225,0.030799164768413,0.4618181818181818,0.0487835048861631,0.9766025460674218,0.5126930254767925,0.0882453392375546,1.5839229814502769,0.0039358778048948,0.0034887548642705,474,1.2956744412954466,0.3713080168776371,0.5316455696202531,-5.674328262345392e-06,-5.674328262345392e-06,0.0008454321091894,0.9991633052559123,-0.3083018223272201,0.0,0.3628164326488537,1.244371287977084,ETHUSDT,SUBE,v4_63_balanceado,63,0.4618181818181818,0.4700267379679144,0.016417112299465186,0.007694273302859,0.028238889094511048,0.0410892315833041,0.0151448823151365,0.051695110776345546,0.0731004569224181,1.5839229814502769,1.9763364541911186,0.7848269454816834,151,312.5,323,0.3713080168776371,0.42075334618716287,0.09889065861905161,0.5316455696202531,0.5837035795121133,0.10411601978372043,-5.674328262345392e-06,0.0013689562887841773,0.0027492612340930455,0.9991633052559123,1.301877271176862,0.6054279318418994,-0.3083018223272201,-0.21885663989011506,0.1788903648742101,0.2933706903196328,0.3280935614842433,0.0694457423292209,1.244371287977084,1.3487336526845048,0.20872472941484177
0.76,0.201893534087435,735,797,104928,416900,1532,0.0029272393763375,0.4797650130548302,0.0069560773402231,0.9980919183044168,0.5025239978223199,0.0137133261812584,2.3763267864093955,0.0063285133812268,0.004490222189919,139,0.3809966137441254,0.5035971223021583,0.6546762589928058,0.003366194222472,0.003366194222472,0.0053135130861075,1.7219332158930551,-0.1237612500212327,0.0,0.2933706903196328,1.4530960173919258,0.2915660592255125,6833,7831,146764,365372,14664,0.0278359908883826,0.4659710856519367,0.0444865459611841,0.9790167817514864,0.5117516638563353,0.0812190584865179,1.5981664220098066,0.0042363155721367,0.0036172671894971,440,1.202735768291132,0.3772727272727272,0.5272727272727272,0.0002799044201736,0.0002799044201736,0.0008082347812616,1.041021946437494,-0.2965540871468487,0.0,0.3628164326488537,1.244371287977084,ETHUSDT,SUBE,v4_63_balanceado,63,0.4659710856519367,0.47286804935338345,0.013793927402893535,0.0069560773402231,0.0257213116507036,0.037530468620961,0.0137133261812584,0.04746619233388815,0.06750573230525951,1.5981664220098066,1.987246604209601,0.7781603643995889,139,289.5,301,0.3772727272727272,0.4404349247874427,0.12632439502943105,0.5272727272727272,0.5909744931327665,0.12740353172007857,0.0002799044201736,0.0018230493213228,0.0030862898022984,1.041021946437494,1.3814775811652744,0.6809112694555612,-0.2965540871468487,-0.21015766858404072,0.17279283712561602,0.2933706903196328,0.3280935614842433,0.0694457423292209,1.244371287977084,1.3487336526845048,0.20872472941484177
0.77,0.201893534087435,676,703,104987,416994,1379,0.0026348975848364,0.4902102973168963,0.0063976983428447,0.9983169618168194,0.5023573300798321,0.0126305562302647,2.4280633826767253,0.0066377732714983,0.0048255540846393,133,0.3645507167479762,0.518796992481203,0.6766917293233082,0.0037601997361479,0.0037601997361479,0.0054430853052722,1.8357968150307784,-0.1142167126270777,0.0,0.2933706903196328,1.4530960173919258,0.2915660592255125,6270,6988,147327,366215,13258,0.025167046317388,0.4729220093528435,0.0408211097873005,0.9812756060374648,0.5110483579123827,0.0751550747655149,1.6220063837645136,0.0046021527764038,0.0038639088370722,418,1.1425989798765754,0.3971291866028708,0.5502392344497608,0.0008386409679488,0.0008386409679488,0.00165346134262,1.1274184045350668,-0.2766598820743545,0.0,0.3628164326488537,1.244371287977084,ETHUSDT,SUBE,v4_63_balanceado,63,0.4729220093528435,0.4815661533348699,0.017288287964052795,0.0063976983428447,0.023609404065072597,0.0344234114444558,0.0126305562302647,0.0438928154978898,0.0625245185352502,1.6220063837645136,2.0250348832206195,0.8060569989122117,133,275.5,285,0.3971291866028708,0.4579630895420369,0.12166780587833226,0.5502392344497608,0.6134654818865345,0.12645249487354748,0.0008386409679488,0.00229942035204835,0.0029215587681991,1.1274184045350668,1.4816076097829227,0.7083784104957116,-0.2766598820743545,-0.1954382973507161,0.1624431694472768,0.2933706903196328,0.3280935614842433,0.0694457423292209,1.244371287977084,1.3487336526845048,0.20872472941484177
0.78,0.201893534087435,617,631,105046,417066,1248,0.0023845918679302,0.4943910256410256,0.0058393193454662,0.998489335571,0.5021643274582331,0.0115423108941081,2.4487709716692425,0.0069968960456259,0.0048981249350443,125,0.3426228540864438,0.496,0.664,0.0036247400290539,0.0036247400290539,0.0049717246611533,1.7954203269688638,-0.1047773277081877,0.0,0.2933706903196328,1.4530960173919258,0.2915660592255125,5725,6232,147872,366971,11957,0.0226974183750949,0.4787990298569875,0.0372728634022799,0.983301313226314,0.5102870883142969,0.0691617236672022,1.642163121211098,0.0049680273008233,0.004161353110947,401,1.096129643374418,0.4064837905236907,0.5635910224438903,0.0011574670388853,0.0011574670388853,0.0019704905467552,1.178009664665289,-0.2626147696510591,0.0,0.3628164326488537,1.244371287977084,ETHUSDT,SUBE,v4_63_balanceado,63,0.4787990298569875,0.48659502774900654,0.015591995784038082,0.0058393193454662,0.02155609137387305,0.0314335440568137,0.0115423108941081,0.040352017280655156,0.057619412773094104,1.642163121211098,2.0454670464401703,0.8066078504581444,125,263.0,276,0.4064837905236907,0.4512418952618453,0.08951620947630928,0.5635910224438903,0.6137955112219451,0.10040897755610978,0.0011574670388853,0.0023911035339695998,0.0024672729901686,1.178009664665289,1.4867149958170764,0.6174106623035749,-0.2626147696510591,-0.1836960486796234,0.15783744194287141,0.2933706903196328,0.3280935614842433,0.0694457423292209,1.244371287977084,1.3487336526845048,0.20872472941484177
0.79,0.201893534087435,559,565,105104,417132,1124,0.0021476612656679,0.4973309608540925,0.0052904043988908,0.9986473448456656,0.5019688746222782,0.0104694391639431,2.463332781319836,0.0074026119516421,0.0049619970838443,117,0.3206949914249113,0.4957264957264957,0.6666666666666666,0.0037513110510889,0.0037513110510889,0.0049717246611533,1.8127388264378064,-0.0860171718882756,0.0,0.2933706903196328,1.4530960173919258,0.2915660592255125,5236,5617,148361,367586,10853,0.0206017463933181,0.4824472496084032,0.0340892074715,0.9849492099474012,0.5095192087094507,0.0636789297658862,1.6546756192745091,0.0052326307359627,0.0042869794927391,378,1.0332593645773815,0.41005291005291,0.5687830687830688,0.0013620759831703,0.0013620759831703,0.0019786241595224,1.2078371823804803,-0.2599554952408563,0.0,0.3628164326488537,1.244371287977084,ETHUSDT,SUBE,v4_63_balanceado,63,0.4824472496084032,0.48988910523124785,0.014883711245689324,0.0052904043988908,0.0196898059351954,0.0287988030726092,0.0104694391639431,0.037074184464914645,0.0532094906019431,1.6546756192745091,2.0590042002971725,0.8086571620453267,117,247.5,261,0.41005291005291,0.45288970288970287,0.08567358567358568,0.5687830687830688,0.6177248677248677,0.0978835978835978,0.0013620759831703,0.0025566935171296,0.0023892350679185995,1.2078371823804803,1.5102880044091433,0.604901644057326,-0.2599554952408563,-0.17298633356456594,0.17393832335258072,0.2933706903196328,0.3280935614842433,0.0694457423292209,1.244371287977084,1.3487336526845048,0.20872472941484177
0.8,0.201893534087435,524,497,105139,417200,1021,0.0019508560073372,0.5132223310479922,0.0049591626207849,0.9988101422801696,0.5018846524504773,0.0098234036968992,2.542044416468179,0.0080063256784652,0.0053135130861075,114,0.3124720429268367,0.5175438596491229,0.6578947368421053,0.0039998804437955,0.0039998804437955,0.0054882493043406,1.875490835651348,-0.0849671989401673,0.0,0.2933706903196328,1.4530960173919258,0.2915660592255125,4758,5052,148839,368151,9810,0.0186218678815489,0.4850152905198777,0.0309771675228031,0.9864631313253108,0.5087201494240571,0.0582349593346674,1.663483369114446,0.0055140564251468,0.0043773086456653,349,0.953988143485466,0.4011461318051575,0.5616045845272206,0.0017264037451563,0.0017264037451563,0.0018653269161392,1.2633370132092436,-0.2653743838946795,0.0,0.3628164326488537,1.244371287977084,ETHUSDT,SUBE,v4_63_balanceado,63,0.4850152905198777,0.49911881078393494,0.028207040528114513,0.0049591626207849,0.017968165071794,0.0260180049020182,0.0098234036968992,0.0340291815157833,0.0484115556377682,1.663483369114446,2.1027638927913124,0.8785610473537329,114,231.5,235,0.4011461318051575,0.45934499572714016,0.11639772784396535,0.5616045845272206,0.609749660684663,0.09629015231488469,0.0017264037451563,0.0028631420944759,0.0022734766986392003,1.2633370132092436,1.5694139244302958,0.6121538224421044,-0.2653743838946795,-0.1751707914174234,0.1804071849545122,0.2933706903196328,0.3280935614842433,0.0694457423292209,1.244371287977084,1.3487336526845048,0.20872472941484177
0.81,0.201893534087435,483,437,105180,417260,920,0.0017578722103332,0.525,0.0045711365378609,0.99895378707532,0.5017624618065906,0.0090633590722723,2.600380454842281,0.0086587891256188,0.0055043424115107,105,0.2878031974326127,0.5714285714285714,0.6857142857142857,0.0049093534829038,0.0049093534829038,0.0060661918726434,2.1327863014820085,-0.0751114000919261,0.0,0.2933706903196328,1.4530960173919258,0.2915660592255125,4326,4507,149271,368696,8833,0.0167672741078208,0.4897543303520887,0.0281646125900896,0.9879234625659492,0.5080440375780195,0.0532660222865234,1.679737112244903,0.0058736222722925,0.0046095611484533,335,0.9157192781307482,0.408955223880597,0.5611940298507463,0.0018083058204672,0.0018083058204672,0.0018653269161392,1.2779093127483414,-0.2263973409659714,0.0,0.3628164326488537,1.244371287977084,ETHUSDT,SUBE,v4_63_balanceado,63,0.4897543303520887,0.5073771651760444,0.035245669647911315,0.0045711365378609,0.01636787456397525,0.023593476052228703,0.0090633590722723,0.03116469067939785,0.0442026632142511,1.679737112244903,2.140058783543592,0.9206433425973781,105,220.0,230,0.408955223880597,0.4901918976545842,0.16247334754797438,0.5611940298507463,0.623454157782516,0.12452025586353943,0.0018083058204672,0.0033588296516855,0.0031010476624366004,1.2779093127483414,1.7053478071151749,0.8548769887336671,-0.2263973409659714,-0.15075437052894874,0.1512859408740453,0.2933706903196328,0.3280935614842433,0.0694457423292209,1.244371287977084,1.3487336526845048,0.20872472941484177
0.82,0.201893534087435,435,384,105228,417313,819,0.0015648884133292,0.5311355311355311,0.0041168620993157,0.9990806733110364,0.5015987677051761,0.0081703949963374,2.6307703886421128,0.0094177332465888,0.005756767936756,98,0.2686163176037719,0.5612244897959183,0.6632653061224489,0.0047175179576396,0.0047175179576396,0.0058444919104538,2.03134811288768,-0.0923668417359254,0.0,0.2933706903196328,1.4530960173919258,0.2915660592255125,3927,4037,149670,369166,7964,0.0151176917236142,0.4930939226519337,0.025566905603625,0.9891828307918212,0.5073748681977232,0.0486132172987292,1.6911910939213568,0.0063070458407374,0.0047413853745973,302,0.8255140955089133,0.423841059602649,0.5529801324503312,0.0020578754340178,0.0020578754340178,0.0020120562858083,1.3085991460147657,-0.2151928261288901,0.0,0.3628164326488537,1.244371287977084,ETHUSDT,SUBE,v4_63_balanceado,63,0.4930939226519337,0.5121147268937324,0.038041608483597444,0.0041168620993157,0.014841883851470351,0.0214500435043093,0.0081703949963374,0.0283918061475333,0.0404428223023918,1.6911910939213568,2.160980741281735,0.939579294720756,98,200.0,204,0.423841059602649,0.4925327746992837,0.13738343019326932,0.5529801324503312,0.6081227192863901,0.11028517367211776,0.0020578754340178,0.0033876966958286997,0.0026596425236218,1.3085991460147657,1.6699736294512229,0.7227489668729143,-0.2151928261288901,-0.15377983393240774,0.1228259843929647,0.2933706903196328,0.3280935614842433,0.0694457423292209,1.244371287977084,1.3487336526845048,0.20872472941484177
0.83,0.201893534087435,390,335,105273,417362,725,0.0013852797309691,0.5379310344827586,0.0036909798131796,0.999197983227076,0.5014444815201279,0.0073316539459337,2.6644292345182,0.0099267650351908,0.006015793908437,93,0.2549114034403141,0.5376344086021505,0.6451612903225806,0.0041991037357773,0.0041991037357773,0.0055456181461324,1.9020083389114424,-0.0923668417359248,0.0,0.2933706903196328,1.4530960173919258,0.2915660592255125,3580,3548,150017,369655,7128,0.0135307517084282,0.5022446689113356,0.0233077468960982,0.9904931096481004,0.5069004282720992,0.0445481412350287,1.722575906967529,0.0069253910027063,0.0051271581069036,284,0.776311268624276,0.4225352112676056,0.5563380281690141,0.002020110827204,0.002020110827204,0.0020120562858083,1.297042640195188,-0.2426290918446081,0.0,0.3628164326488537,1.244371287977084,ETHUSDT,SUBE,v4_63_balanceado,63,0.5022446689113356,0.5200878516970471,0.03568636557142302,0.0036909798131796,0.0134993633546389,0.0196167670829186,0.0073316539459337,0.0259398975904812,0.037216487289095,1.722575906967529,2.1935025707428646,0.9418533275506711,93,188.5,191,0.4225352112676056,0.48008480993487807,0.11509919733454488,0.5563380281690141,0.6007496592457974,0.0888232621535665,0.002020110827204,0.00310960728149065,0.0021789929085733,1.297042640195188,1.599525489553315,0.6049656987162544,-0.2426290918446081,-0.16749796679026646,0.1502622501086833,0.2933706903196328,0.3280935614842433,0.0694457423292209,1.244371287977084,1.3487336526845048,0.20872472941484177
0.84,0.201893534087435,358,285,105305,417412,643,0.0012285998165698,0.5567651632970451,0.0033881301874828,0.9993176872230348,0.5013529087052588,0.0067352736440088,2.757716663951823,0.0111235086151799,0.0067770896442278,89,0.2439474721095479,0.5280898876404494,0.651685393258427,0.004672790372839,0.004672790372839,0.005533413303409,2.066345149336305,-0.0645789817170661,0.0,0.2933706903196328,1.4530960173919258,0.2915660592255125,3257,3120,150340,370083,6377,0.0121051632498101,0.5107417280853066,0.0212048412403888,0.9916399385857028,0.5064223899130458,0.0407191168564891,1.7517187337990945,0.0075140357145225,0.0055387656136882,257,0.7025070282973203,0.4202334630350194,0.5642023346303502,0.002256447092228,0.002256447092228,0.0020195022684608,1.3385274438755774,-0.264790523781421,0.0,0.3628164326488537,1.244371287977084,ETHUSDT,SUBE,v4_63_balanceado,63,0.5107417280853066,0.5337534456911759,0.04602343521173846,0.0033881301874828,0.0122964857139358,0.017816711052906,0.0067352736440088,0.02372719525024895,0.033983843212480304,1.7517187337990945,2.2547176988754587,1.0059979301527286,89,173.0,168,0.4202334630350194,0.4741616753377344,0.10785642460542999,0.5642023346303502,0.6079438639443886,0.08748305862807682,0.002256447092228,0.0034646187325335,0.0024163432806109998,1.3385274438755774,1.7024362966059412,0.7278177054607278,-0.264790523781421,-0.16468475274924355,0.20021154206435487,0.2933706903196328,0.3280935614842433,0.0694457423292209,1.244371287977084,1.3487336526845048,0.20872472941484177
0.85,0.201893534087435,314,239,105349,417458,553,0.0010566340568633,0.5678119349005425,0.0029717119521497,0.999427814899317,0.5011997634257334,0.0059124802289673,2.812432490555331,0.0115196612819729,0.0079168728352301,80,0.219278626615324,0.575,0.675,0.0059280177773831,0.0059280177773831,0.0077001272804316,2.4966952362986103,-0.074911405299578,0.0,0.2933706903196328,1.4530960173919258,0.2915660592255125,2944,2739,150653,370464,5683,0.0107877752467729,0.5180362484603203,0.0191670410229366,0.992660830700718,0.5059139358618272,0.0369663485685585,1.7767371477886722,0.008155478719961,0.0060132369025127,234,0.6396367495002838,0.4316239316239316,0.5769230769230769,0.0025128912834298,0.0025128912834298,0.0023686583596004,1.380425310699028,-0.300929694768867,0.0,0.3628164326488537,1.244371287977084,ETHUSDT,SUBE,v4_63_balanceado,63,0.5180362484603203,0.5429240916804314,0.04977568644022223,0.0029717119521497,0.01106937648754315,0.0161953290707869,0.0059124802289673,0.0214394143987629,0.0310538683395912,1.7767371477886722,2.2945848191720017,1.0356953427666586,80,157.0,154,0.4316239316239316,0.5033119658119658,0.14337606837606837,0.5769230769230769,0.6259615384615385,0.09807692307692317,0.0025128912834298,0.00422045453040645,0.0034151264939532994,1.380425310699028,1.9385602734988192,1.1162699255995823,-0.300929694768867,-0.1879205500342225,0.22601828946928898,0.2933706903196328,0.3280935614842433,0.0694457423292209,1.244371287977084,1.3487336526845048,0.20872472941484177
0.86,0.201893534087435,282,204,105381,417493,486,0.0009286151024151,0.5802469135802469,0.0026688623264529,0.9995116076964882,0.5010902350114705,0.0053132860413192,2.874024253441205,0.0122474814198374,0.0083605317500724,73,0.2000917467864831,0.5753424657534246,0.684931506849315,0.0053362447921759,0.0053362447921759,0.0080048494557893,2.362636105380934,-0.064578981717066,0.0,0.2933706903196328,1.4530960173919258,0.2915660592255125,2651,2418,150946,370785,5069,0.0096222475322703,0.52298283685145,0.0172594516819989,0.9935209524039196,0.5053902020429593,0.0334161067903646,1.7937027315204324,0.0087226808508597,0.0062737478411054,219,0.5986343937630861,0.4429223744292237,0.5662100456621004,0.0026929203660467,0.0026929203660467,0.0024421772920084,1.386767825374988,-0.2888340014570812,0.0,0.3628164326488537,1.244371287977084,ETHUSDT,SUBE,v4_63_balanceado,63,0.52298283685145,0.5516148752158485,0.057264076728796964,0.0026688623264529,0.0099641570042259,0.014590589355546,0.0053132860413192,0.0193646964158419,0.028102820749045403,1.7937027315204324,2.333863492480819,1.0803215219207725,73,146.0,146,0.4429223744292237,0.5091324200913242,0.1324200913242009,0.5662100456621004,0.6255707762557077,0.1187214611872146,0.0026929203660467,0.0040145825791113,0.0026433244261292,1.386767825374988,1.874701965377961,0.9758682800059459,-0.2888340014570812,-0.1767064915870736,0.22425501974001522,0.2933706903196328,0.3280935614842433,0.0694457423292209,1.244371287977084,1.3487336526845048,0.20872472941484177
0.87,0.201893534087435,246,164,105417,417533,410,0.0007833995719963,0.6,0.002328156497544,0.9996073708932552,0.5009677636953996,0.0046383151226042,2.9718633769626077,0.0132051248934236,0.0099004026572185,65,0.1781638841249507,0.5846153846153846,0.7076923076923077,0.005429339960216,0.005429339960216,0.0080048494557893,2.325096608838373,-0.0645789817170661,0.0,0.2933706903196328,1.4530960173919258,0.2915660592255125,2373,2109,151224,371094,4482,0.008507972665148,0.5294511378848729,0.0154495204984472,0.9943489200247586,0.5048992202616029,0.0300229632019433,1.8158874160156189,0.009502893923425,0.0066280085066797,200,0.546698076495969,0.45,0.56,0.0025536640953453,0.0025536640953453,0.0027378055103584,1.3519757006348838,-0.2951648772533221,0.0,0.3628164326488537,1.244371287977084,ETHUSDT,SUBE,v4_63_balanceado,63,0.5294511378848729,0.5647255689424364,0.07054886211512712,0.002328156497544,0.0088888384979956,0.0131213640009032,0.0046383151226042,0.01733063916227375,0.0253846480793391,1.8158874160156189,2.393875396489113,1.1559759609469888,65,132.5,135,0.45,0.5173076923076924,0.13461538461538464,0.56,0.633846153846154,0.14769230769230768,0.0025536640953453,0.00399150202778065,0.0028756758648706996,1.3519757006348838,1.8385361547366283,0.9731209082034891,-0.2951648772533221,-0.1798719294851941,0.23058589553625597,0.2933706903196328,0.3280935614842433,0.0694457423292209,1.244371287977084,1.3487336526845048,0.20872472941484177
0.88,0.201893534087435,216,139,105447,417558,355,0.000678309385509,0.6084507042253521,0.0020442349734533,0.9996672228912346,0.500855728932344,0.0040747797543813,3.0137206076240526,0.013779954384111,0.0105344750767502,57,0.1562360214634183,0.5614035087719298,0.6842105263157895,0.0047563932634674,0.0047563932634674,0.0063159301794526,2.0219328399976746,-0.0645789817170658,0.0,0.2933706903196328,1.4530960173919258,0.2915660592255125,2106,1824,151491,371379,3930,0.0074601366742596,0.5358778625954198,0.0137112052969784,0.9951125794808724,0.5044118923889255,0.026738273438839,1.8379295039308523,0.0102249284891322,0.0071597213456535,182,0.4974952496113318,0.4285714285714285,0.5274725274725275,0.001465444667272,0.001465444667272,0.0016210611684726,1.1885846371468665,-0.3195683140641925,0.0,0.3628164326488537,1.244371287977084,ETHUSDT,SUBE,v4_63_balanceado,63,0.5358778625954198,0.5721642834103859,0.07257284162993227,0.0020442349734533,0.00787772013521585,0.011666970323525101,0.0040747797543813,0.01540652659661015,0.0226634936844577,1.8379295039308523,2.4258250557774526,1.1757911036932003,57,119.5,125,0.4285714285714285,0.49498746867167914,0.1328320802005013,0.5274725274725275,0.6058415268941585,0.156737998843262,0.001465444667272,0.0031109189653697,0.0032909485961954,1.1885846371468665,1.6052587385722705,0.8333482028508081,-0.3195683140641925,-0.19207364789062914,0.25498933234712673,0.2933706903196328,0.3280935614842433,0.0694457423292209,1.244371287977084,1.3487336526845048,0.20872472941484177
0.89,0.201893534087435,183,125,105480,417572,308,0.0005885050443289,0.5941558441558441,0.0017319212969535,0.999700740010103,0.5007163306535283,0.0034537750894112,2.942916655758426,0.013710287710609,0.0108929439590673,55,0.1507540557980352,0.5454545454545454,0.6727272727272727,0.004732387105634,0.004732387105634,0.0080048494557893,1.981098691182404,-0.0645789817170658,0.0,0.2933706903196328,1.4530960173919258,0.2915660592255125,1852,1575,151745,371628,3427,0.0065053151100987,0.5404143565800992,0.0120575271652441,0.995779776689898,0.5039186519275711,0.0235887507642143,1.8534885645318349,0.0110364778849884,0.007404796983734,164,0.4482924227266946,0.4146341463414634,0.5548780487804879,0.0015841070647274,0.0015841070647274,0.0019263698794922,1.2038056727991395,-0.3323680366053779,0.0,0.3628164326488537,1.244371287977084,ETHUSDT,SUBE,v4_63_balanceado,63,0.5404143565800992,0.5672851003679716,0.05374148757574493,0.0017319212969535,0.0068947242310987995,0.0103256058682906,0.0034537750894112,0.01352126292681275,0.0201349756748031,1.8534885645318349,2.3982026101451304,1.0894280912265912,55,109.5,109,0.4146341463414634,0.4800443458980044,0.13082039911308202,0.5548780487804879,0.6138026607538802,0.11784922394678488,0.0015841070647274,0.0031582470851807,0.0031482800409066,1.2038056727991395,1.5924521819907718,0.7772930183832645,-0.3323680366053779,-0.19847350916122186,0.26778905488831206,0.2933706903196328,0.3280935614842433,0.0694457423292209,1.244371287977084,1.3487336526845048,0.20872472941484177
0.9,0.201893534087435,166,101,105497,417596,267,0.0005101650871293,0.6217228464419475,0.0015710324333021,0.9997581979281632,0.5006646151807327,0.0031341451902199,3.0794589299362847,0.015106232536906,0.0117250543486562,45,0.1233442274711197,0.5333333333333333,0.7111111111111111,0.0061534051338612,0.0061534051338612,0.0080048494557893,2.579200131228736,-0.0490048342046397,0.0,0.2933706903196328,1.4530960173919258,0.2915660592255125,1652,1372,151945,371831,3024,0.0057403189066059,0.5462962962962963,0.0107554184000989,0.9963237165832,0.5035395674916495,0.0210955108191111,1.873662173668033,0.0118751546906792,0.0076233397827074,153,0.4182240285194163,0.4705882352941176,0.6143790849673203,0.003529472723615,0.003529472723615,0.0035358890520533,1.5079486936060107,-0.2848138722027422,0.0,0.3628164326488537,1.244371287977084,ETHUSDT,SUBE,v4_63_balanceado,63,0.5462962962962963,0.5840095713691219,0.07542655014565125,0.0015710324333021,0.0061632254167005,0.009184385966796799,0.0031341451902199,0.0121148280046655,0.0179613656288912,1.873662173668033,2.4765605518021587,1.2057967562682517,45,99.0,108,0.4705882352941176,0.5019607843137255,0.06274509803921574,0.6143790849673203,0.6627450980392158,0.09673202614379084,0.003529472723615,0.0048414389287381,0.0026239324102461997,1.5079486936060107,2.0435744124173736,1.0712514376227253,-0.2848138722027422,-0.16690935320369094,0.2358090379981025,0.2933706903196328,0.3280935614842433,0.0694457423292209,1.244371287977084,1.3487336526845048,0.20872472941484177
0.91,0.201893534087435,139,71,105524,417626,210,0.0004012534393151,0.6619047619047619,0.0013155030616204,0.9998300203257384,0.5005727616936795,0.002625787500118,3.2784842015698605,0.0173409815826222,0.0127826372059108,41,0.1123802961403535,0.5609756097560976,0.7560975609756098,0.0067249334612782,0.0067249334612782,0.0054430853052722,2.72031478000683,-0.060374412926639,0.0,0.2933706903196328,1.4530960173919258,0.2915660592255125,1478,1184,152119,372019,2662,0.005053151100987,0.555221637866266,0.0096225837744226,0.9968274638735488,0.5032250238239857,0.018917310362923,1.9042739039691456,0.0126386754446533,0.0078800286838343,142,0.388155634312138,0.4718309859154929,0.6126760563380281,0.0036299181893116,0.0036299181893116,0.0034473734910972,1.524776475098028,-0.2752109101709939,0.0,0.3628164326488537,1.244371287977084,ETHUSDT,SUBE,v4_63_balanceado,63,0.555221637866266,0.6085631998855139,0.10668312403849589,0.0013155030616204,0.0054690434180215,0.008307080712802199,0.002625787500118,0.0107715489315205,0.016291522862805,1.9042739039691456,2.5913790527695033,1.374210297600715,41,91.5,101,0.4718309859154929,0.5164032978357953,0.08914462384060473,0.6126760563380281,0.684386808656819,0.14342150463758163,0.0036299181893116,0.0051774258252949,0.0030950152719666003,1.524776475098028,2.122545627552429,1.195538304908802,-0.2752109101709939,-0.16779266154881645,0.2148364972443549,0.2933706903196328,0.3280935614842433,0.0694457423292209,1.244371287977084,1.3487336526845048,0.20872472941484177
0.92,0.201893534087435,119,57,105544,417640,176,0.0003362885967594,0.6761363636363636,0.0011262220455599,0.999863537444607,0.5004948797450834,0.0022486984948837,3.348974828205969,0.0189253298977431,0.014229898719914,36,0.0986753819768958,0.6388888888888888,0.7777777777777778,0.0088255405480325,0.0088255405480325,0.0088247390436607,3.762599698137653,-0.0603744129266392,0.0,0.2933706903196328,1.4530960173919258,0.2915660592255125,1301,1018,152296,372185,2319,0.0044020501138952,0.5610176800344976,0.0084702175172692,0.9972722620128992,0.5028712397650842,0.0166884732804843,1.9241529056047533,0.0133713772125713,0.0085009971134775,125,0.3416862978099806,0.432,0.592,0.0039588360159753,0.0039588360159753,0.0022951394271923,1.5975481865294383,-0.2169220225717743,0.0,0.3628164326488537,1.244371287977084,ETHUSDT,SUBE,v4_63_balanceado,63,0.5610176800344976,0.6185770218354306,0.11511868360186606,0.0011262220455599,0.00479821978141455,0.0073439954717093,0.0022486984948837,0.009468585887684,0.014439774785600601,1.9241529056047533,2.636563866905361,1.4248219226012155,36,80.5,89,0.432,0.5354444444444444,0.20688888888888884,0.592,0.6848888888888889,0.18577777777777782,0.0039588360159753,0.0063921882820038994,0.004866704532057199,1.5975481865294383,2.6800739423335456,2.1650515116082145,-0.2169220225717743,-0.13864821774920674,0.1565476096451351,0.2933706903196328,0.3280935614842433,0.0694457423292209,1.244371287977084,1.3487336526845048,0.20872472941484177
0.93,0.201893534087435,102,48,105561,417649,150,0.0002866095995108,0.68,0.0009653331819085,0.9998850841638796,0.5004252086728941,0.0019279294604632,3.3681118272242885,0.0204370997010354,0.0157787045936541,34,0.0931934163115127,0.6764705882352942,0.7941176470588235,0.0100472968280911,0.0100472968280911,0.0125237372690212,4.262245627432587,-0.0603744129266391,0.0,0.2933706903196328,1.4530960173919258,0.2915660592255125,1140,884,152457,372319,2024,0.003842065299924,0.5632411067193676,0.0074220199613273,0.9976313159326158,0.5025266679469715,0.0146509789809858,1.931778713254574,0.0138393943185889,0.0088782580978237,113,0.3088844132202225,0.415929203539823,0.5663716814159292,0.0041543693171156,0.0041543693171156,0.0018481294558285,1.625179039404726,-0.1993753081214399,0.0,0.3628164326488537,1.244371287977084,ETHUSDT,SUBE,v4_63_balanceado,63,0.5632411067193676,0.6216205533596838,0.11675889328063249,0.0009653331819085,0.0041936765716179,0.0064566867794188,0.0019279294604632,0.0082894542207245,0.0127230495205226,1.931778713254574,2.6499452702394315,1.4363331139697144,34,73.5,79,0.415929203539823,0.5461998958875586,0.26054138469547117,0.5663716814159292,0.6802446642373763,0.2277459656428943,0.0041543693171156,0.0071008330726033495,0.0058929275109755,1.625179039404726,2.9437123334186563,2.637066588027861,-0.1993753081214399,-0.1298748605240395,0.1390008951948008,0.2933706903196328,0.3280935614842433,0.0694457423292209,1.244371287977084,1.3487336526845048,0.20872472941484177
0.94,0.201893534087435,86,45,105577,417652,131,0.0002503057169061,0.6564885496183206,0.0008139083690601,0.999892266403637,0.5003530873863485,0.0016258010851277,3.2516571300099777,0.0197814427666155,0.0144275362318841,30,0.0822294849807465,0.7,0.8,0.0092396183244537,0.0092396183244537,0.0125237372690212,4.1626801914676985,-0.0603744129266392,0.0,0.2933706903196328,1.4530960173919258,0.2915660592255125,978,749,152619,372454,1727,0.0032782839787395,0.5662999420961204,0.0063673118615597,0.997993049359196,0.5021801806103778,0.0125930313409389,1.942269767614187,0.0139535132345022,0.0090801341252986,96,0.2624150767180651,0.4791666666666667,0.5833333333333334,0.00575715461782,0.00575715461782,0.0038042986951094,1.861587955863565,-0.1820345216064357,0.0,0.3628164326488537,1.244371287977084,ETHUSDT,SUBE,v4_63_balanceado,63,0.5662999420961204,0.6113942458572206,0.09018860752220015,0.0008139083690601,0.0035906101153099,0.0055534034924996,0.0016258010851277,0.0071094162130333,0.0109672302558112,1.942269767614187,2.5969634488120823,1.3093873623957908,30,63.0,66,0.4791666666666667,0.5895833333333333,0.22083333333333327,0.5833333333333334,0.6916666666666667,0.21666666666666667,0.00575715461782,0.007498386471136849,0.0034824637066337,1.861587955863565,3.012134073665632,2.3010922356041332,-0.1820345216064357,-0.12120446726653746,0.12166010867979651,0.2933706903196328,0.3280935614842433,0.0694457423292209,1.244371287977084,1.3487336526845048,0.20872472941484177
0.95,0.201893534087435,74,30,105589,417667,104,0.0001987159889941,0.7115384615384616,0.0007003397594238,0.9999281776024248,0.5003142586809243,0.001399302239829,3.5243251585774518,0.0228020986024881,0.0186740709175549,24,0.0657835879845972,0.7083333333333334,0.7916666666666666,0.0082301024042894,0.0082301024042894,0.0126327119103172,3.515187580097158,-0.0603744129266391,0.0,0.2933706903196328,1.4530960173919258,0.2915660592255125,842,630,152755,372573,1472,0.0027942293090356,0.5720108695652174,0.005481877901261,0.9983119106759591,0.5018968942886102,0.0108596818190611,1.9618568467284945,0.0140634623931277,0.0092602648801044,85,0.2323466825107868,0.5294117647058824,0.611764705882353,0.0065589520538577,0.0065589520538577,0.0073047060687687,2.0090610177674493,-0.149983015367723,0.0,0.3628164326488537,1.244371287977084,ETHUSDT,SUBE,v4_63_balanceado,63,0.5720108695652174,0.6417746655518395,0.13952759197324416,0.0007003397594238,0.0030911088303424003,0.0047815381418372,0.001399302239829,0.00612949202944505,0.0094603795792321,1.9618568467284945,2.743091002652973,1.5624683118489573,24,54.5,61,0.5294117647058824,0.6188725490196079,0.178921568627451,0.611764705882353,0.7017156862745098,0.17990196078431364,0.0065589520538577,0.00739452722907355,0.0016711503504316999,2.0090610177674493,2.762124298932304,1.5061265623297087,-0.149983015367723,-0.10517871414718105,0.08960860244108389,0.2933706903196328,0.3280935614842433,0.0694457423292209,1.244371287977084,1.3487336526845048,0.20872472941484177
0.05,0.201893534087435,105662,417677,1,20,523339,0.9999598746560684,0.201899724652663,0.999990535949197,4.788159838351724e-05,0.5000192087737902,0.3359671352396335,1.0000306625234727,0.0003595642015486,8.51037962372736e-05,2182,5.980824540932963,0.2117323556370302,0.5036663611365719,0.0003577515174623,0.0003577515174623,4.326593969550263e-05,1.1191705855279823,-0.2809359673088578,0.0,0.2889036253121724,1.4309701725616208,0.2915660592255125,153596,373076,1,127,526672,0.9997570235383448,0.2916350214175046,0.9999934894561744,0.0003402973716717,0.500166893413923,0.4515743036945679,1.0002365233874453,0.0002667149164253,0.0003026144294934,2195,6.0000113895432605,0.2911161731207289,0.516628701594533,0.000267798472289,0.000267798472289,0.0003823637993778,1.061013480882061,-0.4532930792643249,0.0,0.361189867837256,1.238792570015472,ETHUSDT,SUBE,v4_63_moderado,63,0.201899724652663,0.24676737303508378,0.08973529676484157,0.999990535949197,0.9999920127026857,2.953506977432241e-06,0.3359671352396335,0.39377071946710074,0.1156071684549344,1.0000306625234727,1.000133592955459,0.0002058608639725623,2182,2188.5,13,0.2117323556370302,0.25142426437887955,0.07938381748369872,0.5036663611365719,0.5101475313655525,0.012962340457961075,0.000267798472289,0.00031277499487565,8.995304517330003e-05,1.061013480882061,1.0900920332050217,0.058157104645921276,-0.4532930792643249,-0.36711452328659133,0.1723571119554671,0.2889036253121724,0.3250467465747142,0.07228624252508359,1.238792570015472,1.3348813712885463,0.1921776025461488
0.06,0.201893534087435,105662,417661,1,36,523323,0.999929302965454,0.2019058975049825,0.999990535949197,8.618687709033103e-05,0.5000383614131436,0.3359756814937057,1.0000612373130393,0.000359613570199,8.505416127491117e-05,2182,5.980824540932963,0.2117323556370302,0.5036663611365719,0.0003577515174623,0.0003577515174623,4.326593969550263e-05,1.1191705855279823,-0.2809359673088578,0.0,0.2889036253121724,1.4309701725616208,0.2915660592255125,153565,373029,32,174,526594,0.9996089597570236,0.2916193500115839,0.9997916625975768,0.0004662341942588,0.5001289483959178,0.4515349365104802,1.000182774312665,0.0002657158694891,0.0003021942598572,2195,6.0000113895432605,0.2911161731207289,0.516628701594533,0.000267798472289,0.000267798472289,0.0003823637993778,1.061013480882061,-0.4532930792643249,0.0,0.361189867837256,1.238792570015472,ETHUSDT,SUBE,v4_63_moderado,63,0.2019058975049825,0.2467626237582832,0.0897134525066014,0.9997916625975768,0.9998910992733869,0.00019887335162016573,0.3359756814937057,0.393755309002093,0.1155592550167745,1.0000612373130393,1.0001220058128522,0.0001215369996256932,2182,2188.5,13,0.2117323556370302,0.25142426437887955,0.07938381748369872,0.5036663611365719,0.5101475313655525,0.012962340457961075,0.000267798472289,0.00031277499487565,8.995304517330003e-05,1.061013480882061,1.0900920332050217,0.058157104645921276,-0.4532930792643249,-0.36711452328659133,0.1723571119554671,0.2889036253121724,0.3250467465747142,0.07228624252508359,1.238792570015472,1.3348813712885463,0.1921776025461488
0.07,0.201893534087435,105661,417583,2,114,523244,0.9997783552430448,0.2019344703427081,0.999981071898394,0.000272925110786,0.50012699850459,0.3360147048768736,1.0002027615963938,0.0003598750565907,8.530458105204808e-05,2182,5.980824540932963,0.2085242896425297,0.5082493125572869,0.0003586233398472,0.0003586233398472,0.0001278422419155,1.119990736939923,-0.2802131623511855,0.0,0.2889036253121724,1.4309701725616208,0.2915660592255125,153541,372996,56,207,526537,0.9995007593014428,0.2916053382763224,0.9996354095457594,0.0005546579207562,0.5000950337332578,0.4515022039774515,1.0001347175007758,0.000265162039815,0.0003019213174748,2195,6.0000113895432605,0.2924829157175398,0.516628701594533,0.0002628014944467,0.0002628014944467,0.0003823637993778,1.0606183657296706,-0.4532930792643249,0.0,0.361189867837256,1.238792570015472,ETHUSDT,SUBE,v4_63_moderado,63,0.2019344703427081,0.24676990430951523,0.08967086793361431,0.9996354095457594,0.9998082407220767,0.00034566235263466805,0.3360147048768736,0.39375845442716256,0.11548749910057787,1.0001347175007758,1.0001687395485848,6.804409561800284e-05,2182,2188.5,13,0.2085242896425297,0.25050360268003474,0.08395862607501012,0.5082493125572869,0.51243900707591,0.00837938903724611,0.0002628014944467,0.00031071241714695,9.582184540049999e-05,1.0606183657296706,1.0903045513347966,0.059372371210252295,-0.4532930792643249,-0.3667531208077552,0.1730799169131394,0.2889036253121724,0.3250467465747142,0.07228624252508359,1.238792570015472,1.3348813712885463,0.1921776025461488
0.08,0.201893534087435,105659,417464,4,233,523123,0.9995471568327728,0.2019773552300319,0.999962143796788,0.0005578206211679,0.5002599822089779,0.3360730041699402,1.000415174973165,0.0003602881283047,8.559968694976661e-05,2182,5.980824540932963,0.2098991750687442,0.5082493125572869,0.0003577732399044,0.0003577732399044,0.0001378634197054,1.1201631318267535,-0.2810699678024977,0.0,0.2889036253121724,1.4309701725616208,0.2915660592255125,153502,372971,95,232,526473,0.9993792710706152,0.2915667090240145,0.999381498336556,0.0006216455923451,0.5000015719644506,0.4514299998529563,1.0000022286493282,0.0002643858368167,0.000301539184083,2195,6.0000113895432605,0.2911161731207289,0.5189066059225512,0.0002554080274334,0.0002554080274334,0.0003993332870337,1.0590418415641278,-0.4532930792643249,0.0,0.361189867837256,1.238792570015472,ETHUSDT,SUBE,v4_63_moderado,63,0.2019773552300319,0.2467720321270232,0.08958935379398258,0.999381498336556,0.999671821066672,0.0005806454602320654,0.3360730041699402,0.39375150201144826,0.1153569956830161,1.0000022286493282,1.0002087018112467,0.0004129463238367048,2182,2188.5,13,0.2098991750687442,0.25050767409473657,0.0812169980519847,0.5082493125572869,0.513577959239919,0.010657293365264331,0.0002554080274334,0.0003065906336689,0.00010236521247099998,1.0590418415641278,1.0896024866954406,0.061121290262625694,-0.4532930792643249,-0.36718152353341127,0.17222311146182717,0.2889036253121724,0.3250467465747142,0.07228624252508359,1.238792570015472,1.3348813712885463,0.1921776025461488
0.09,0.201893534087435,105638,417294,25,403,522932,0.9991822072760624,0.2020109689213894,0.9997633987299244,0.0009648142074278,0.5003641064686761,0.3361083050294705,1.0005816671370145,0.0003604043838146,8.530458105204808e-05,2182,5.980824540932963,0.2108157653528872,0.5041246562786434,0.0003586048311634,0.0003586048311634,4.376524189142472e-05,1.1201453157949244,-0.281191000210203,0.0,0.2889036253121724,1.4309701725616208,0.2915660592255125,153439,372930,158,273,526369,0.99918185269552,0.29150462888202,0.9989713340755352,0.000731505373751,0.4998514197246431,0.4513137421576961,0.9997893090037444,0.0002614319621392,0.0003004299904239,2195,6.0000113895432605,0.289749430523918,0.5152619589977221,0.0002550305520434,0.0002550305520434,0.0003823637993778,1.0587369031867149,-0.4532930792643249,0.0,0.361189867837256,1.238792570015472,ETHUSDT,SUBE,v4_63_moderado,63,0.2020109689213894,0.24675779890170468,0.0894936599606306,0.9989713340755352,0.9993673664027298,0.0007920646543891907,0.3361083050294705,0.3937110235935833,0.11520543712822562,0.9997893090037444,1.0001854880703793,0.0007923581332700547,2182,2188.5,13,0.2108157653528872,0.2502825979384026,0.07893366517103079,0.5041246562786434,0.5096933076381828,0.011137302719078646,0.0002550305520434,0.0003068176916034,0.00010357427912,1.0587369031867149,1.0894411094908196,0.061408412608209506,-0.4532930792643249,-0.36724203973726394,0.1721020790541219,0.2889036253121724,0.3250467465747142,0.07228624252508359,1.238792570015472,1.3348813712885463,0.1921776025461488
0.1,0.201893534087435,105619,417064,44,633,522683,0.9987064353408744,0.2020708536531703,0.9995835817646668,0.0015154525888383,0.5005495171767526,0.3361810212844516,1.000878282539046,0.0003606828776331,8.531877226292117e-05,2182,5.980824540932963,0.2085242896425297,0.5032080659945004,0.0003584159697505,0.0003584159697505,4.638893285413559e-05,1.120572061673602,-0.2817134466829978,0.0,0.2889036253121724,1.4309701725616208,0.2915660592255125,153345,372846,252,357,526191,0.9988439635535308,0.2914245967718946,0.9983593429559172,0.0009565839502897,0.4996579634531034,0.4511553602005331,0.9995148185149064,0.000257998920514,0.0002995282430173,2195,6.0000113895432605,0.2911161731207289,0.5170842824601367,0.0002553579346397,0.0002553579346397,0.0003891643798243,1.0587976239782015,-0.4532930792643249,0.0,0.361189867837256,1.238792570015472,ETHUSDT,SUBE,v4_63_moderado,63,0.2020708536531703,0.24674772521253244,0.0893537431187243,0.9983593429559172,0.998971462360292,0.001224238808749556,0.3361810212844516,0.3936681907424924,0.1149743389160815,0.9995148185149064,1.0001965505269763,0.0013634640241396712,2182,2188.5,13,0.2085242896425297,0.2498202313816293,0.08259188347819921,0.5032080659945004,0.5101461742273186,0.013876216465636304,0.0002553579346397,0.00030688695219510003,0.00010305803511080001,1.0587976239782015,1.0896848428259016,0.061774437695400364,-0.4532930792643249,-0.3675032629736613,0.17157963258132708,0.2889036253121724,0.3250467465747142,0.07228624252508359,1.238792570015472,1.3348813712885463,0.1921776025461488
0.11,0.201893534087435,105580,416658,83,1039,522238,0.9978561601956588,0.2021683600197611,0.999214483783349,0.0024874490360237,0.5008509664096864,0.3362950528825404,1.001361241872199,0.0003614502452014,8.65501125151269e-05,2181,5.978083558100271,0.2058688674919761,0.4965612104539202,0.0003573565073224,0.0003573565073224,-6.398396135376405e-05,1.1200002574204166,-0.2807813387920075,0.0,0.2889036253121724,1.4309701725616208,0.2915660592255125,153247,372687,350,516,525934,0.9983561123766136,0.2913806675362307,0.997721309660996,0.0013826255415953,0.4995519676012956,0.4510375538422824,0.9993641520217604,0.0002562586605017,0.0002991189926316,2194,5.997277899160781,0.2930720145852324,0.5173199635369189,0.0002518875739983,0.0002518875739983,0.0003851004781809,1.0578881160970608,-0.4532930792643249,0.0,0.361189867837256,1.238792570015472,ETHUSDT,SUBE,v4_63_moderado,63,0.2021683600197611,0.24677451377799592,0.08921230751646961,0.997721309660996,0.9984678967221725,0.0014931741223529471,0.3362950528825404,0.3936663033624114,0.11474250095974198,0.9993641520217604,1.0003626969469797,0.0019970898504386714,2181,2187.5,13,0.2058688674919761,0.24947044103860427,0.0872031470932563,0.4965612104539202,0.5069405869954196,0.020758753082998682,0.0002518875739983,0.00030462204066035003,0.00010546893332409997,1.0578881160970608,1.0889441867587388,0.06211214132335585,-0.4532930792643249,-0.36703720902816617,0.17251174047231738,0.2889036253121724,0.3250467465747142,0.07228624252508359,1.238792570015472,1.3348813712885463,0.1921776025461488
0.12,0.201893534087435,105553,416124,110,1573,521677,0.9967842402934882,0.202334011275176,0.9989589544116672,0.0037658877128636,0.5013624210622655,0.3365097076545413,1.002181730037725,0.0003621546397822,8.786408680983016e-05,2181,5.978083558100271,0.2067858780375974,0.4965612104539202,0.0003576497560312,0.0003576497560312,-3.6214170604953466e-05,1.1208830661024365,-0.2786271694068,0.0,0.2889036253121724,1.4309701725616208,0.2915660592255125,153185,372408,412,795,525593,0.997708807896735,0.2914517506892215,0.997317655943801,0.0021302079565276,0.4997239319501643,0.4510814352390347,0.9996079497847088,0.0002570223104937,0.000300425820946,2194,5.997277899160781,0.2939835916134913,0.5191431175934367,0.0002505882683256,0.0002505882683256,0.0003801971458773,1.0574296615606382,-0.4542409226659468,0.0,0.361189867837256,1.238792570015472,ETHUSDT,SUBE,v4_63_moderado,63,0.202334011275176,0.24689288098219875,0.08911773941404552,0.997317655943801,0.998138305177734,0.0016412984678662035,0.3365097076545413,0.393795571446788,0.11457172758449341,0.9996079497847088,1.0008948399112167,0.0025737802530161336,2181,2187.5,13,0.2067858780375974,0.25038473482554435,0.0871977135758939,0.4965612104539202,0.5078521640236784,0.022581907139516466,0.0002505882683256,0.00030411901217840005,0.00010706148770560001,1.0574296615606382,1.0891563638315374,0.06345340454179826,-0.4542409226659468,-0.3664340460363734,0.1756137532591468,0.2889036253121724,0.3250467465747142,0.07228624252508359,1.238792570015472,1.3348813712885463,0.1921776025461488
0.13,0.201893534087435,105519,415410,144,2287,520929,0.9953550137572608,0.2025592739125677,0.9986371766843644,0.0054752607751551,0.5020562187297598,0.3368028956641642,1.0032974796748289,0.0003625684196254,8.969307031336804e-05,2180,5.975342575267579,0.2137614678899082,0.501834862385321,0.0003628386026876,0.0003628386026876,3.9133668566004864e-05,1.1204479314726612,-0.2751812477889246,0.0,0.2889036253121724,1.4309701725616208,0.2915660592255125,153124,371970,473,1233,525094,0.9967615793470008,0.2916125493721124,0.9969205127704316,0.0033038319627655,0.5001121723665987,0.451233330042685,1.0001594497889204,0.0002603000686895,0.0003044593112715,2193,5.9945444087783,0.2863657090743274,0.5070679434564523,0.0002498821537515,0.0002498821537515,0.0001808700875001,1.058445563829166,-0.4599471818029222,0.0,0.361189867837256,1.238792570015472,ETHUSDT,SUBE,v4_63_moderado,63,0.2025592739125677,0.24708591164234006,0.0890532754595447,0.9969205127704316,0.997778844727398,0.00171666391393277,0.3368028956641642,0.3940181128534246,0.1144304343785208,1.0001594497889204,1.0017284647318747,0.0031380298859085,2180,2186.5,13,0.2137614678899082,0.2500635884821178,0.07260424118441919,0.501834862385321,0.5044514029208866,0.005233081071131296,0.0002498821537515,0.00030636037821955,0.00011295644893609999,1.058445563829166,1.0894467476509138,0.06200236764349509,-0.4599471818029222,-0.3675642147959234,0.1847659340139976,0.2889036253121724,0.3250467465747142,0.07228624252508359,1.238792570015472,1.3348813712885463,0.1921776025461488
0.14,0.201893534087435,105468,414601,195,3096,520069,0.993711785386732,0.2027961674316292,0.9981545100934102,0.0074120714297684,0.5027832907615893,0.3371027852179528,1.0044708382973937,0.0003629839911208,9.135183588648844e-05,2179,5.972601592434888,0.2120238641578705,0.5075722808627811,0.0003638668906579,0.0003638668906579,9.17431192661855e-05,1.1219830573666811,-0.2718784892571106,0.0,0.2889036253121724,1.4309701725616208,0.2915660592255125,153077,371387,520,1816,524464,0.9955656795747913,0.291873226761036,0.9966145172106226,0.0048659844642192,0.5007402508374209,0.4515139493349419,1.001053509233343,0.000263540844891,0.0003090109647067,2193,5.9945444087783,0.2872777017783858,0.5180118559051528,0.0002558036080276,0.0002558036080276,0.0003847747587757,1.0584472112600585,-0.453949721404844,0.0,0.361189867837256,1.238792570015472,ETHUSDT,SUBE,v4_63_moderado,63,0.2027961674316292,0.2473346970963326,0.0890770593294068,0.9966145172106226,0.9973845136520163,0.0015399928827876108,0.3371027852179528,0.39430836727644736,0.1144111641169891,1.001053509233343,1.0027621737653685,0.003417329064050678,2179,2186.0,14,0.2120238641578705,0.24965078296812815,0.0752538376205153,0.5075722808627811,0.5127920683839668,0.010439575042371696,0.0002558036080276,0.00030983524934274996,0.00010806328263030001,1.0584472112600585,1.09021513431337,0.06353584610662266,-0.453949721404844,-0.36291410533097734,0.1820712321477334,0.2889036253121724,0.3250467465747142,0.07228624252508359,1.238792570015472,1.3348813712885463,0.1921776025461488
0.15,0.201893534087435,105424,413601,239,4096,519025,0.9917169825741364,0.2031193102451712,0.997738091858077,0.0098061513489443,0.5037721216035107,0.3375252926260789,1.0060713987858836,0.0003640769412276,9.323526364868329e-05,2177,5.967119626769504,0.204409738171796,0.5057418465778595,0.0003633823609645,0.0003633823609645,7.675677058682773e-05,1.1230081457247183,-0.2709380052018976,0.0,0.2889036253121724,1.4309701725616208,0.2915660592255125,152975,370802,622,2401,523777,0.9942615793470008,0.2920613161708131,0.9959504417403986,0.0064334959793999,0.5011919688598993,0.4516707166203603,1.001698609730557,0.0002649019019459,0.0003112008362524,2192,5.991810918395821,0.2896897810218978,0.5127737226277372,0.0002501335649715,0.0002501335649715,0.0002704789891668,1.0582090146077512,-0.4530781778822976,0.0,0.361189867837256,1.238792570015472,ETHUSDT,SUBE,v4_63_moderado,63,0.2031193102451712,0.24759031320799213,0.08894200592564191,0.9959504417403986,0.9968442667992379,0.001787650117678452,0.3375252926260789,0.3945980046232196,0.1141454239942814,1.001698609730557,1.0038850042582204,0.004372789055326676,2177,2184.5,15,0.204409738171796,0.24704975959684689,0.0852800428501018,0.5057418465778595,0.5092577846027984,0.007031876049877761,0.0002501335649715,0.000306757962968,0.00011324879599299996,1.0582090146077512,1.0906085801662346,0.06479913111696711,-0.4530781778822976,-0.36200809154209757,0.1821401726804,0.2889036253121724,0.3250467465747142,0.07228624252508359,1.238792570015472,1.3348813712885463,0.1921776025461488
0.16,0.201893534087435,105390,412536,273,5161,517926,0.9896170895750536,0.2034846676938404,0.9974163141307744,0.0123558464628666,0.5048860802968205,0.3380110938454655,1.0078810528212176,0.0003656538111357,9.598562618673424e-05,2174,5.958896678271429,0.2033118675252989,0.5041398344066237,0.0003647302406319,0.0003647302406319,4.914574050229881e-05,1.1232619494906009,-0.26923606452896,0.0,0.2889036253121724,1.4309701725616208,0.2915660592255125,152782,369909,815,3294,522691,0.9922000759301444,0.2922988916970064,0.9946939067820336,0.0088262956085562,0.5017601011952949,0.4518252578783004,1.002513435457613,0.000263644272955,0.0003122551124268,2189,5.983610447248381,0.2864321608040201,0.5125628140703518,0.0002557929794586,0.0002557929794586,0.0003045091075906,1.0589285746045891,-0.4527010668443126,0.0,0.361189867837256,1.238792570015472,ETHUSDT,SUBE,v4_63_moderado,63,0.2034846676938404,0.24789177969542342,0.08881422400316599,0.9946939067820336,0.9960551104564039,0.0027224073487407408,0.3380110938454655,0.39491817586188294,0.1138141640328349,1.002513435457613,1.0051972441394152,0.005367617363604582,2174,2181.5,15,0.2033118675252989,0.2448720141646595,0.08312029327872122,0.5041398344066237,0.5083513242384877,0.00842297966372807,0.0002557929794586,0.00031026161004525004,0.00010893726117329998,1.0589285746045891,1.0910952620475949,0.06433337488601176,-0.4527010668443126,-0.36096856568663627,0.18346500231535262,0.2889036253121724,0.3250467465747142,0.07228624252508359,1.238792570015472,1.3348813712885463,0.1921776025461488
0.17,0.201893534087435,105330,411246,333,6451,516576,0.9870376031794558,0.2039002973425014,0.9968484710825928,0.0154442095586034,0.5061463403205981,0.3385515854840343,1.0099397103732766,0.0003672726715003,9.78059278117227e-05,2172,5.953414712606047,0.2076427255985267,0.4995395948434622,0.0003627833003263,0.0003627833003263,-1.2270216527610067e-05,1.1245362652309574,-0.2716725966611413,0.0,0.2889036253121724,1.4309701725616208,0.2915660592255125,152498,368613,1099,4590,521111,0.989200835231587,0.2926401476844664,0.9928449123355274,0.0122989365037258,0.5025719244196266,0.4520414757198669,1.0036838597119535,0.0002613997232486,0.0003118188243538,2189,5.983610447248381,0.2887163088168113,0.5121059844677935,0.0002527716132468,0.0002527716132468,0.0003044597421186,1.058100257249562,-0.4484725883085273,0.0,0.361189867837256,1.238792570015472,ETHUSDT,SUBE,v4_63_moderado,63,0.2039002973425014,0.2482702225134839,0.088739850341965,0.9928449123355274,0.9948466917090601,0.004003558747065372,0.3385515854840343,0.3952965306019506,0.11348989023583261,1.0036838597119535,1.006811785042615,0.006255850661323059,2172,2180.5,17,0.2076427255985267,0.248179517207669,0.08107358321828462,0.4995395948434622,0.5058227896556279,0.01256638962433132,0.0002527716132468,0.00030777745678655,0.00011001168707949999,1.058100257249562,1.0913182612402597,0.06643600798139548,-0.4484725883085273,-0.3600725924848343,0.17679999164738602,0.2889036253121724,0.3250467465747142,0.07228624252508359,1.238792570015472,1.3348813712885463,0.1921776025461488
0.18,0.201893534087435,105208,409450,455,8247,514658,0.9833728217670438,0.2044231314776026,0.9956938568846238,0.0197439770934433,0.5077189169890335,0.3392050244953822,1.0125293630704986,0.000369608879532,9.934239304587587e-05,2168,5.94245078127528,0.2047970479704797,0.5018450184501845,0.0003615927297124,0.0003615927297124,4.873440934072271e-05,1.1239531262688374,-0.2761943551586969,0.0,0.2889036253121724,1.4309701725616208,0.2915660592255125,152118,366442,1479,6761,518560,0.9843583902809416,0.2933469608145634,0.9903709056817516,0.0181161459045077,0.5042435257931297,0.4526263953213312,1.0061080552166513,0.0002612255266206,0.000314456252378,2187,5.978143466483422,0.2839506172839506,0.5116598079561042,0.0002583697422204,0.0002583697422204,0.0003259873764198,1.059055789660878,-0.4479105041005522,0.0,0.361189867837256,1.238792570015472,ETHUSDT,SUBE,v4_63_moderado,63,0.2044231314776026,0.248885046146083,0.0889238293369608,0.9903709056817516,0.9930323812831876,0.005322951202872184,0.3392050244953822,0.39591570990835667,0.113421370825949,1.0061080552166513,1.009318709143575,0.006421307853847313,2168,2177.5,19,0.2047970479704797,0.24437383262721515,0.0791535693134709,0.5018450184501845,0.5067524132031443,0.009814789505919741,0.0002583697422204,0.0003099812359664,0.00010322298749199999,1.059055789660878,1.0915044579648576,0.06489733660795927,-0.4479105041005522,-0.3620524296296246,0.17171614894185533,0.2889036253121724,0.3250467465747142,0.07228624252508359,1.238792570015472,1.3348813712885463,0.1921776025461488
0.19,0.201893534087435,104915,406799,748,10898,511714,0.9777476306939774,0.2050266359724377,0.9929208899993376,0.0260906829591785,0.509505786479258,0.3398733674885847,1.0155185845805532,0.0003711285173689,0.0001020408267023,2164,5.931486849944514,0.205637707948244,0.512014787430684,0.0003598483742598,0.0003598483742598,0.0001915523588374,1.122827418781975,-0.2799763317287667,0.0,0.2889036253121724,1.4309701725616208,0.2915660592255125,151499,363046,2098,10157,514545,0.976736902050114,0.2944329456121428,0.9863408790536272,0.0272157512131467,0.506778315133387,0.4534934190636123,1.009832716449389,0.0002620699014686,0.0003209477530841,2183,5.967209504953503,0.293174530462666,0.5125973431058177,0.000263226507754,0.000263226507754,0.0003048362693633,1.060991721869316,-0.4442719090888225,0.0,0.361189867837256,1.238792570015472,ETHUSDT,SUBE,v4_63_moderado,63,0.2050266359724377,0.24972979079229024,0.08940630963970508,0.9863408790536272,0.9896308845264824,0.006580010945710368,0.3398733674885847,0.3966833932760985,0.11362005157502758,1.009832716449389,1.012675650514971,0.005685868131164229,2164,2173.5,19,0.205637707948244,0.249406119205455,0.08753682251442202,0.512014787430684,0.5123060652682508,0.0005825556751337668,0.000263226507754,0.0003115374410069,9.662186650579997e-05,1.060991721869316,1.0919095703256454,0.061835696912659,-0.4442719090888225,-0.3621241204087946,0.16429557736005584,0.2889036253121724,0.3250467465747142,0.07228624252508359,1.238792570015472,1.3348813712885463,0.1921776025461488
0.2,0.201893534087435,104443,403326,1220,14371,507769,0.970209798226842,0.2056899889516689,0.9884538580203098,0.0344053225184763,0.511429590269393,0.3405202206601546,1.018804241955514,0.0003697431150898,0.0001017293997964,2157,5.912299970115673,0.2104775150672229,0.4993045897079277,0.0003729472956885,0.0003729472956885,-1.075268817207764e-05,1.1257256963791695,-0.258173161818274,0.0,0.2889036253121724,1.4309701725616208,0.2915660592255125,150538,358561,3059,14642,509099,0.9663990129081246,0.2956949434196492,0.9800842464371048,0.0392333394961991,0.5096587929666521,0.4543199295001027,1.0141610590927637,0.0002585941321732,0.0003272265036686,2179,5.956275543423583,0.3024323083983479,0.505277650298302,0.0002848317203708,0.0002848317203708,0.000130114728662,1.065381974907605,-0.4603407023935212,0.0,0.361189867837256,1.238792570015472,ETHUSDT,SUBE,v4_63_moderado,63,0.2056899889516689,0.25069246618565905,0.09000495446798029,0.9800842464371048,0.9842690522287073,0.008369611583205039,0.3405202206601546,0.39742007508012867,0.11379970883994811,1.0141610590927637,1.0164826505241389,0.004643182862750228,2157,2168.0,22,0.2104775150672229,0.2564549117327854,0.091954793331125,0.4993045897079277,0.5022911200031148,0.0059730605903742795,0.0002848317203708,0.00032888950802965,8.81155753177e-05,1.065381974907605,1.0955538356433872,0.060343721471564526,-0.4603407023935212,-0.3592569321058976,0.20216754057524722,0.2889036253121724,0.3250467465747142,0.07228624252508359,1.238792570015472,1.3348813712885463,0.1921776025461488
0.21,0.201893534087435,103592,397982,2071,19715,501574,0.9583728217670436,0.2065338314984429,0.980399950786936,0.0471992856065521,0.513799618196744,0.3411913305678014,1.0229838832233145,0.0003635097388075,9.852567283963332e-05,2148,5.88763112462145,0.2048417132216015,0.5018621973929237,0.0003651484692867,0.0003651484692867,2.6188624500322888e-05,1.1260058809202862,-0.2662544742680583,0.0,0.2889036253121724,1.4309701725616208,0.2915660592255125,149174,352440,4423,20763,501614,0.9521905846621108,0.2973880314345293,0.9712038646588148,0.0556346010080304,0.5134192328334227,0.4553464456488063,1.019967935309349,0.0002566025793646,0.0003368641246106,2169,5.9289406395987845,0.2996772706316274,0.5177501152604888,0.0002723464773321,0.0002723464773321,0.0004121582144038,1.0629251294999758,-0.4604311234259265,0.0,0.361189867837256,1.238792570015472,ETHUSDT,SUBE,v4_63_moderado,63,0.2065338314984429,0.2519609314664861,0.0908541999360864,0.9712038646588148,0.9758019077228755,0.009196086128121173,0.3411913305678014,0.39826888810830385,0.1141551150810049,1.019967935309349,1.0214759092663317,0.003015947913965533,2148,2158.5,21,0.2048417132216015,0.25225949192661445,0.09483555741002592,0.5018621973929237,0.5098061563267062,0.01588791786756505,0.0002723464773321,0.0003187474733094,9.28019919546e-05,1.0629251294999758,1.094465505210131,0.06308075142031044,-0.4604311234259265,-0.3633427988469924,0.1941766491578682,0.2889036253121724,0.3250467465747142,0.07228624252508359,1.238792570015472,1.3348813712885463,0.1921776025461488
0.22,0.201893534087435,102651,390093,3012,27604,492744,0.9415010700091716,0.2083252155277385,0.9714942789812896,0.0660861820889305,0.5187902305351101,0.3430808797356983,1.0318567975412136,0.0003701605153469,0.0001034334150159,2139,5.862962279127226,0.2071061243571762,0.501168770453483,0.0003614001028765,0.0003614001028765,9.044821613457543e-06,1.1226713361665577,-0.2587202316058532,0.0,0.2889036253121724,1.4309701725616208,0.2915660592255125,147364,343929,6233,29274,491293,0.9325987091875476,0.2999513528586811,0.9594197803342512,0.0784398839237626,0.518929832129007,0.4570205771526927,1.028759498466462,0.0002590959743062,0.0003579806521987,2154,5.887938283861587,0.2948003714020427,0.510677808727948,0.0002587832135828,0.0002587832135828,0.0002357802424676,1.0593463828770446,-0.459981074986395,0.0,0.361189867837256,1.238792570015472,ETHUSDT,SUBE,v4_63_moderado,63,0.2083252155277385,0.2541382841932098,0.09162613733094258,0.9594197803342512,0.9654570296577705,0.012074498647038356,0.3430808797356983,0.4000507284441955,0.11393969741699439,1.028759498466462,1.0303081480038379,0.003097299074751536,2139,2146.5,15,0.2071061243571762,0.25095324787960943,0.08769424704486647,0.501168770453483,0.5059232895907155,0.009509038274465031,0.0002587832135828,0.00031009165822965,0.00010261688929370002,1.0593463828770446,1.0910088595218013,0.06332495328951304,-0.459981074986395,-0.35935065329612415,0.2012608433805418,0.2889036253121724,0.3250467465747142,0.07228624252508359,1.238792570015472,1.3348813712885463,0.1921776025461488
0.23,0.201893534087435,101461,379254,4202,38443,480715,0.9185168908590644,0.2110626878711918,0.9602320585256902,0.0920356143328776,0.5261338364292839,0.3460600500018758,1.0454157872128085,0.0003828532784271,0.0001132780788037,2125,5.824588519469544,0.1938823529411764,0.5063529411764706,0.0003870904276775,0.0003870904276775,0.0001369037840206,1.1322552714177938,-0.2564029670319068,0.0,0.2889036253121724,1.4309701725616208,0.2915660592255125,144797,334173,8800,39030,478970,0.909206529992407,0.3023091216568887,0.9427072143336132,0.1045811528846231,0.5236441836091181,0.4578076314445742,1.0368460665823485,0.0002541049138791,0.0003778123096773,2139,5.846935928124389,0.2959326788218794,0.5236091631603553,0.0002738479775379,0.0002738479775379,0.0004689209607671,1.062574335452621,-0.4611679419982839,0.0,0.361189867837256,1.238792570015472,ETHUSDT,SUBE,v4_63_moderado,63,0.2110626878711918,0.2566859047640403,0.09124643378569691,0.9427072143336132,0.9514696364296517,0.017524844192077005,0.3460600500018758,0.401933840723225,0.11174758144269842,1.0368460665823485,1.0411309268975786,0.00856972063046002,2125,2132.0,14,0.1938823529411764,0.2449075158815279,0.10205032588070301,0.5063529411764706,0.514981052168413,0.017256221983884767,0.0002738479775379,0.0003304692026077,0.00011324245013960002,1.062574335452621,1.0974148034352074,0.06968093596517289,-0.4611679419982839,-0.35878545451509536,0.20476497496637713,0.2889036253121724,0.3250467465747142,0.07228624252508359,1.238792570015472,1.3348813712885463,0.1921776025461488
0.24,0.201893534087435,99500,364960,6163,52737,464460,0.8874579639254051,0.2142272746845799,0.9416730549009588,0.1262565926975774,0.5339648237992681,0.3490474862441964,1.061090319969353,0.0003926377664413,0.0001227309951146,2106,5.772509845648404,0.2056030389363722,0.49667616334283,0.0003751909769455,0.0003751909769455,-6.517719326393223e-05,1.1292072746422932,-0.2716696032761665,0.0,0.2889036253121724,1.4309701725616208,0.2915660592255125,141588,322289,12009,50914,463877,0.8805561883067577,0.3052274633146287,0.9218148791968592,0.1364244124511325,0.529119645823996,0.4586039250235638,1.046855261978726,0.000240491206309,0.0003956038110941,2115,5.781332158944873,0.3026004728132387,0.5134751773049645,0.000299623545369,0.000299623545369,0.0002742676448881,1.0676939816698623,-0.451786130189279,0.0,0.361189867837256,1.238792570015472,ETHUSDT,SUBE,v4_63_moderado,63,0.2142272746845799,0.2597273689996043,0.0910001886300488,0.9218148791968592,0.9317439670489089,0.019858175704099534,0.3490474862441964,0.4038257056338801,0.10955643877936738,1.046855261978726,1.0539727909740395,0.014235057990627187,2106,2110.5,9,0.2056030389363722,0.25410175587480544,0.09699743387686652,0.49667616334283,0.5050756703238972,0.016799013962134512,0.000299623545369,0.00033740726115725,7.556743157649998e-05,1.0676939816698623,1.0984506281560777,0.06151329297243091,-0.451786130189279,-0.3617278667327227,0.18011652691311247,0.2889036253121724,0.3250467465747142,0.07228624252508359,1.238792570015472,1.3348813712885463,0.1921776025461488
0.25,0.201893534087435,96380,346917,9283,70780,443297,0.8470211708957506,0.2174163145701414,0.9121452163955216,0.1694529766792675,0.5407990965373946,0.3511366948411542,1.0768859713753085,0.0003979527557182,0.0001362605738204,2076,5.690280360667658,0.2052023121387283,0.5014450867052023,0.0003452128699084,0.0003452128699084,3.785507768050422e-05,1.1149334560108093,-0.2899757560923931,0.0,0.2889036253121724,1.4309701725616208,0.2915660592255125,137599,308328,15998,64875,445927,0.8464825360668186,0.3085684428168736,0.8958443198760393,0.1738330077732494,0.5348386638246444,0.4590274951461493,1.0583140014188364,0.000219730264278,0.0004060132138845,2085,5.699327447470478,0.3026378896882494,0.5184652278177458,0.0002734850764494,0.0002734850764494,0.0004936856018982,1.0605861021154392,-0.497951315768684,0.0,0.361189867837256,1.238792570015472,ETHUSDT,SUBE,v4_63_moderado,63,0.2174163145701414,0.2629923786935075,0.09115212824673222,0.8958443198760393,0.9039947681357805,0.0163008965194823,0.3511366948411542,0.4050820949936518,0.10789080030499515,1.0583140014188364,1.0675999863970724,0.018571969956472145,2076,2080.5,9,0.2052023121387283,0.2539201009134888,0.09743557754952109,0.5014450867052023,0.509955157261474,0.017020141112543574,0.0002734850764494,0.00030934897317889997,7.1727793459e-05,1.0605861021154392,1.0877597790631244,0.05434735389537004,-0.497951315768684,-0.39396353593053857,0.2079755596762909,0.2889036253121724,0.3250467465747142,0.07228624252508359,1.238792570015472,1.3348813712885463,0.1921776025461488
0.26,0.201893534087435,92427,325085,13236,92612,417512,0.7977529807398349,0.2213756730345475,0.8747338235711649,0.2217205294747149,0.54822717652294,0.3533311033592966,1.0964970920697006,0.0004053978311111,0.0001498091272079,2019,5.53404433920424,0.2114908370480435,0.5136206042595344,0.0003785227636864,0.0003785227636864,0.0001545216223703,1.12687482774824,-0.2563621475323491,0.0,0.2889036253121724,1.4309701725616208,0.2915660592255125,132612,292874,20985,80329,425486,0.8076803340926347,0.3116718293903912,0.8633762378171449,0.2152421068426566,0.5393091723299008,0.4580068832965223,1.0689578554454715,0.0001827628045503,0.0004028258968041,2053,5.611855755231122,0.3005358012664393,0.5075499269361909,0.0002557021158293,0.0002557021158293,0.0001577174529383,1.0574482366750302,-0.4969596356157136,0.0,0.361189867837256,1.238792570015472,ETHUSDT,SUBE,v4_63_moderado,63,0.2213756730345475,0.26652375121246935,0.09029615635584368,0.8633762378171449,0.8690550306941549,0.011357585754020016,0.3533311033592966,0.40566899332790946,0.10467577993722565,1.0689578554454715,1.082727473757586,0.02753923662422908,2019,2036.0,34,0.2114908370480435,0.2560133191572414,0.0890449642183958,0.5075499269361909,0.5105852655978627,0.006070677323343432,0.0002557021158293,0.00031711243975784996,0.0001228206478571,1.0574482366750302,1.0921615322116351,0.06942659107320992,-0.4969596356157136,-0.3766608915740314,0.2405974880833645,0.2889036253121724,0.3250467465747142,0.07228624252508359,1.238792570015472,1.3348813712885463,0.1921776025461488
0.27,0.201893534087435,87994,299309,17669,118388,387303,0.7400317181290126,0.2271967942412013,0.8327796863613564,0.2834303334713919,0.5581050099163741,0.3569982514007051,1.1253297202812256,0.0004136444074433,0.0001677430176969,1961,5.375067334908129,0.2167261601223865,0.517593064762876,0.0003662368965753,0.0003662368965753,0.0002042162807502,1.1208692432179976,-0.2604309199881721,0.0,0.2889036253121724,1.4309701725616208,0.2915660592255125,127036,276438,26561,96765,403474,0.7658959757023538,0.3148554801548551,0.827073445444898,0.2592824816520767,0.5431779635484874,0.456085490000377,1.0798769959411816,0.000142000897613,0.0003929980364786,2012,5.499782649549449,0.3036779324055666,0.5114314115308151,0.0002958524179575,0.0002958524179575,0.0002569792961025,1.0656777393438106,-0.4786683070496247,0.0,0.361189867837256,1.238792570015472,ETHUSDT,SUBE,v4_63_moderado,63,0.2271967942412013,0.2710261371980282,0.0876586859136538,0.827073445444898,0.8299265659031272,0.005706240916458327,0.3569982514007051,0.40654187070054104,0.09908723859967189,1.0798769959411816,1.1026033581112036,0.04545272434004399,1961,1986.5,51,0.2167261601223865,0.2602020462639766,0.08695177228318013,0.5114314115308151,0.5145122381468455,0.006161653232060971,0.0002958524179575,0.0003310446572664,7.038447861780001e-05,1.0656777393438106,1.0932734912809041,0.05519150387418703,-0.4786683070496247,-0.36954961351889837,0.21823738706145263,0.2889036253121724,0.3250467465747142,0.07228624252508359,1.238792570015472,1.3348813712885463,0.1921776025461488
0.28,0.201893534087435,82691,271174,22972,146523,353865,0.6761407062060532,0.2336795105478077,0.7825918249529163,0.3507877719974048,0.5666897984751605,0.3598953709023171,1.157439298905962,0.0004136018262975,0.0001847792843305,1890,5.180457553787029,0.2238095238095238,0.5153439153439153,0.0003885541327399,0.0003885541327399,0.0002081009883839,1.1275919006742232,-0.2612311156203055,0.0,0.2889036253121724,1.4309701725616208,0.2915660592255125,121041,258861,32556,114342,379902,0.7211503416856492,0.3186111154982074,0.788042735209672,0.3063801737928152,0.5472114545012436,0.4537627999302717,1.0927579031130534,0.000114462287588,0.0003896778938804,1965,5.371308601572896,0.3043256997455471,0.5150127226463105,0.0002586894024114,0.0002586894024114,0.0002829415633807,1.056241536609821,-0.4946816237267526,0.0,0.361189867837256,1.238792570015472,ETHUSDT,SUBE,v4_63_moderado,63,0.2336795105478077,0.27614531302300754,0.08493160495039973,0.7825918249529163,0.7853172800812942,0.005450910256755703,0.3598953709023171,0.40682908541629437,0.09386742902795459,1.0927579031130534,1.1250986010095079,0.06468139579290866,1890,1927.5,75,0.2238095238095238,0.26406761177753546,0.08051617593602328,0.5150127226463105,0.5151783189951129,0.00033119269760484293,0.0002586894024114,0.00032362176757565,0.00012986473032850003,1.056241536609821,1.0919167186420222,0.0713503640644022,-0.4946816237267526,-0.3779563696735291,0.23345050810644713,0.2889036253121724,0.3250467465747142,0.07228624252508359,1.238792570015472,1.3348813712885463,0.1921776025461488
0.29,0.201893534087435,76753,241005,28910,176692,317758,0.6071499541424641,0.2415454528288823,0.7263942912845556,0.4230147690790214,0.5747045301817885,0.3625375217573053,1.1964001418900074,0.0004345214487889,0.0002160180470137,1792,4.911841236183258,0.2165178571428571,0.515625,0.0004583708199202,0.0004583708199202,0.0002556146994997,1.1485861403598234,-0.2426236955590852,0.0,0.2889036253121724,1.4309701725616208,0.2915660592255125,114940,240029,38657,133174,354969,0.6738211845102505,0.3238029236355851,0.7483219073289192,0.3568406470473174,0.5525812771881183,0.4520160608455933,1.1105645303699043,0.0001120828246721,0.0004125546553706,1917,5.240101063213864,0.3056859676577986,0.5122587376108503,0.0002285454870834,0.0002285454870834,0.0002840140654585,1.0489910127909623,-0.5214669508381732,0.0,0.361189867837256,1.238792570015472,ETHUSDT,SUBE,v4_63_moderado,63,0.2415454528288823,0.28267418823223367,0.08225747080670281,0.7263942912845556,0.7373580993067375,0.021927616044363663,0.3625375217573053,0.40727679130144934,0.08947853908828801,1.1105645303699043,1.1534823361299558,0.0858356115201031,1792,1854.5,125,0.2165178571428571,0.2611019124003279,0.0891681105149415,0.5122587376108503,0.5139418688054251,0.003366262389149721,0.0002285454870834,0.00034345815350179997,0.00022982533283679997,1.0489910127909623,1.0987885765753929,0.09959512756886113,-0.5214669508381732,-0.38204532319862916,0.278843255279088,0.2889036253121724,0.3250467465747142,0.07228624252508359,1.238792570015472,1.3348813712885463,0.1921776025461488
0.3,0.201893534087435,70105,209527,35558,208170,279632,0.5343014368694589,0.2507044973393603,0.6634772815460473,0.4983756167748391,0.5809264491604432,0.3639029834282822,1.2417658568044403,0.0004784097674108,0.0002598098253933,1676,4.593887227591038,0.240453460620525,0.5125298329355609,0.0004244534915981,0.0004244534915981,0.0001849645823291,1.1305640719669152,-0.2170501128913584,0.0,0.2889036253121724,1.4309701725616208,0.2915660592255125,108384,221423,45213,151780,329807,0.6260573272589218,0.3286285615526657,0.7056387820074611,0.4066955517506558,0.5561671668790584,0.4484199551513848,1.1271152836705425,9.507282526296985e-05,0.0004301779337751,1842,5.035089284527875,0.3192182410423452,0.5135722041259501,0.000221285661793,0.000221285661793,0.000292078316589,1.046615700616636,-0.4988072228031394,0.0,0.361189867837256,1.238792570015472,ETHUSDT,SUBE,v4_63_moderado,63,0.2507044973393603,0.289666529446013,0.07792406421330539,0.6634772815460473,0.6845580317767542,0.04216150046141376,0.3639029834282822,0.4061614692898335,0.08451697172310257,1.1271152836705425,1.1844405702374914,0.11465057313389782,1676,1759.0,166,0.240453460620525,0.2798358508314351,0.0787647804218202,0.5125298329355609,0.5130510185307555,0.0010423711903891908,0.000221285661793,0.00032286957669554997,0.0002031678298051,1.046615700616636,1.0885898862917756,0.08394837135027933,-0.4988072228031394,-0.35792866784724886,0.281757109911781,0.2889036253121724,0.3250467465747142,0.07228624252508359,1.238792570015472,1.3348813712885463,0.1921776025461488
0.31,0.201893534087435,63170,178443,42493,239254,241613,0.4616573677774381,0.2614511636377181,0.597844089227071,0.5727931969825016,0.5853186431047863,0.3638028542139393,1.2949952301319871,0.0005303613396497,0.0003355198040564,1565,4.289638133162276,0.2447284345047923,0.5150159744408945,0.0003707806409905,0.0003707806409905,0.0001973767986758,1.113484503078185,-0.2940739932802627,0.0,0.2889036253121724,1.4309701725616208,0.2915660592255125,101765,203511,51832,169692,305276,0.5794912680334092,0.3333540795869967,0.6625454924249823,0.4546908786906857,0.558618185557834,0.4435432025854648,1.1433226503540423,9.031732315655097e-05,0.0004518746602703,1776,4.854678919284205,0.3288288288288288,0.5219594594594594,0.0002832020368408,0.0002832020368408,0.0005481315920576,1.0580882184860052,-0.4875578064253081,0.0,0.361189867837256,1.238792570015472,ETHUSDT,SUBE,v4_63_moderado,63,0.2614511636377181,0.2974026216123574,0.07190291594927861,0.597844089227071,0.6301947908260266,0.06470140319791129,0.3638028542139393,0.4036730283997021,0.0797403483715255,1.1433226503540423,1.2191589402430147,0.1516725797779448,1565,1670.5,211,0.2447284345047923,0.28677863166681056,0.08410039432403649,0.5150159744408945,0.5184877169501769,0.006943485018564899,0.0002832020368408,0.00032699133891565,8.757860414969999e-05,1.0580882184860052,1.085786360782095,0.05539628459217982,-0.4875578064253081,-0.3908158998527854,0.19348381314504542,0.2889036253121724,0.3250467465747142,0.07228624252508359,1.238792570015472,1.3348813712885463,0.1921776025461488
0.32,0.201893534087435,56189,149182,49474,268515,205371,0.3924086670742892,0.2735975381139499,0.5317755505711554,0.6428463694975066,0.587310960034331,0.3613045519139386,1.355157505913298,0.000586032386606,0.000424863667165,1433,3.9278283992469913,0.2470341939986043,0.5212840195394278,0.0004337501495592,0.0004337501495592,0.0003488500189725,1.1292136066865648,-0.2495793619496622,0.0,0.2889036253121724,1.4309701725616208,0.2915660592255125,95146,186307,58451,186896,281453,0.5342691723614275,0.3380528898252994,0.6194522028425035,0.5007891147713175,0.5601206588069105,0.4374025974025974,1.159438415854266,0.0001033396508719,0.0004731787616045,1719,4.698869967482854,0.3350785340314136,0.5287958115183246,0.000253898995479,0.000253898995479,0.0005805627588342,1.0520600157396711,-0.5035552487755741,0.0,0.361189867837256,1.238792570015472,ETHUSDT,SUBE,v4_63_moderado,63,0.2735975381139499,0.30582521396962464,0.06445535171134953,0.5317755505711554,0.5756138767068295,0.08767665227134802,0.3613045519139386,0.39935357465826804,0.07609804548865878,1.159438415854266,1.2572979608837822,0.19571909005903199,1433,1576.0,286,0.2470341939986043,0.29105636401500895,0.08804434003280928,0.5212840195394278,0.5250399155288762,0.007511791978896731,0.000253898995479,0.0003438245725191,0.0001798511540802,1.0520600157396711,1.090636811213118,0.07715359094689367,-0.5035552487755741,-0.3765673053626182,0.2539758868259119,0.2889036253121724,0.3250467465747142,0.07228624252508359,1.238792570015472,1.3348813712885463,0.1921776025461488
0.33,0.201893534087435,49477,122814,56186,294883,172291,0.3292016967288291,0.2871711232739957,0.4682528415812536,0.7059734688063357,0.5871131551937947,0.3560085481770365,1.422388906965337,0.0006611449764159,0.000525063757742,1291,3.5386088370047912,0.2687838884585593,0.5259488768396592,0.0006110329484318,0.0006110329484318,0.0005266467938458,1.176314257714553,-0.2405807608283144,0.0,0.2889036253121724,1.4309701725616208,0.2915660592255125,88700,169592,64897,203611,258292,0.4903037205770691,0.3434097842751614,0.5774852373418752,0.54557707199567,0.5615311546687726,0.4306985619912161,1.1778112486321677,0.0001493945314786,0.0005274032440821,1646,4.499325169561826,0.3359659781287971,0.5139732685297691,0.0002098106014379,0.0002098106014379,0.0002997984879722,1.0416789638076405,-0.5377971020153374,0.0,0.361189867837256,1.238792570015472,ETHUSDT,SUBE,v4_63_moderado,63,0.2871711232739957,0.31529045377457854,0.0562386610011657,0.4682528415812536,0.5228690394615644,0.1092323957606216,0.3560085481770365,0.3933535550841263,0.07469001381417961,1.1778112486321677,1.3001000777987524,0.24457765833316936,1291,1468.5,355,0.2687838884585593,0.30237493329367815,0.06718208967023781,0.5139732685297691,0.5199610726847141,0.011975608309890085,0.0002098106014379,0.00041042177493484997,0.0004012223469939,1.0416789638076405,1.1089966107610967,0.13463529390691242,-0.5377971020153374,-0.38918893142182587,0.297216341187023,0.2889036253121724,0.3250467465747142,0.07228624252508359,1.238792570015472,1.3348813712885463,0.1921776025461488
0.34,0.201893534087435,42993,100114,62670,317583,143107,0.2734389330479975,0.3004255557030753,0.4068879361744414,0.7603190829716278,0.5836035095730345,0.3456445712907505,1.488039510829349,0.0007591657861132,0.0006398391261626,1171,3.209690897081805,0.2809564474807856,0.5362937660119556,0.0008035690148816,0.0008035690148816,0.0008108566795104,1.2291885252117896,-0.1600919974442465,0.0,0.2889036253121724,1.4309701725616208,0.2915660592255125,81953,154010,71644,219193,235963,0.44791761579347,0.3473129261791043,0.5335585981497034,0.5873291479436125,0.5604438730466579,0.4207464832118287,1.191198067092145,0.0001714791393997,0.0005674230885737,1565,4.277912448580958,0.3246006389776358,0.5118210862619809,0.0001213908165161,0.0001213908165161,0.000201031694657,1.0236776091093691,-0.5500688366666968,0.0,0.361189867837256,1.238792570015472,ETHUSDT,SUBE,v4_63_moderado,63,0.3004255557030753,0.3238692409410898,0.04688737047602903,0.4068879361744414,0.4702232671620724,0.126670661975262,0.3456445712907505,0.3831955272512896,0.07510191192107823,1.191198067092145,1.339618788960747,0.296841443737204,1171,1368.0,394,0.2809564474807856,0.3027785432292107,0.043644191496850226,0.5118210862619809,0.5240574261369682,0.02447267974997469,0.0001213908165161,0.00046247991569885004,0.0006821781983655,1.0236776091093691,1.1264330671605793,0.20551091610242045,-0.5500688366666968,-0.35508041705547166,0.3899768392224503,0.2889036253121724,0.3250467465747142,0.07228624252508359,1.238792570015472,1.3348813712885463,0.1921776025461488
0.35,0.201893534087435,36699,81302,68964,336395,118001,0.2254681290125343,0.3110058389335683,0.3473212004202038,0.8053565144111641,0.576338857415684,0.3281618856856713,1.5404447712470055,0.0008577681044823,0.0007867669634633,1042,2.856104111664595,0.2898272552783109,0.527831094049904,0.0007242282445075,0.0007242282445075,0.0005693089706703,1.1959260321928764,-0.2116159207232028,0.0,0.2889036253121724,1.4309701725616208,0.2915660592255125,75232,139157,78365,234046,214389,0.4069646924829157,0.3509135263469674,0.4898012330970006,0.6271278633880221,0.5584645482425113,0.4088851206295892,1.203547241675179,0.0001944266466583,0.0006237006237006,1493,4.081101141042409,0.333556597454789,0.5150703281982585,0.0001522104046034,0.0001522104046034,0.0003256551917389,1.0296128235797215,-0.5379341098106842,0.0,0.361189867837256,1.238792570015472,ETHUSDT,SUBE,v4_63_moderado,63,0.3110058389335683,0.33095968264026787,0.03990768741339906,0.3473212004202038,0.4185612167586022,0.14248003267679676,0.3281618856856713,0.36852350315763027,0.08072323494391792,1.203547241675179,1.3719960064610923,0.3368975295718266,1042,1267.5,451,0.2898272552783109,0.31169192636654997,0.043729342176478114,0.5150703281982585,0.5214507111240813,0.012760765851645539,0.0001522104046034,0.00043821932455545,0.0005720178399041,1.0296128235797215,1.112769427886299,0.1663132086131549,-0.5379341098106842,-0.3747750152669435,0.32631818908748145,0.2889036253121724,0.3250467465747142,0.07228624252508359,1.238792570015472,1.3348813712885463,0.1921776025461488
0.36,0.201893534087435,30919,65421,74744,352276,96340,0.1840797921125038,0.32093626738634,0.292618986778721,0.8433768976075959,0.5679979421931585,0.3061241664727751,1.5896312323075714,0.000988201455818,0.0009260065081092,924,2.532668137406992,0.3008658008658009,0.5194805194805194,0.0007986619794915,0.0007986619794915,0.0004326625878464,1.2020318969340245,-0.211447009436334,0.0,0.2889036253121724,1.4309701725616208,0.2915660592255125,68838,124998,84759,248205,193836,0.3679498861047836,0.3551352689902804,0.44817281587531,0.6650670010691232,0.5566199084722167,0.3962663304867413,1.218026782450697,0.0002484052674905,0.0006950511871752,1434,3.919825208476098,0.3465829846582984,0.5278940027894002,0.0002568662629853,0.0002568662629853,0.0005809330646834,1.050506712585242,-0.521117011564103,0.0,0.361189867837256,1.238792570015472,ETHUSDT,SUBE,v4_63_moderado,63,0.32093626738634,0.3380357681883102,0.034199001603940404,0.292618986778721,0.3703959013270155,0.155553829096589,0.3061241664727751,0.35119524847975825,0.09014216401396619,1.218026782450697,1.4038290073791342,0.37160444985687446,924,1179.0,510,0.3008658008658009,0.3237243927620497,0.04571718379249751,0.5194805194805194,0.5236872611349599,0.00841348330888081,0.0002568662629853,0.0005277641212384,0.0005417957165062,1.050506712585242,1.1262693047596333,0.15152518434878237,-0.521117011564103,-0.36628201050021847,0.30967000212776896,0.2889036253121724,0.3250467465747142,0.07228624252508359,1.238792570015472,1.3348813712885463,0.1921776025461488
0.37,0.201893534087435,25568,52025,80095,365672,77593,0.1482593243656374,0.3295142603069864,0.2419768509317358,0.8754479922048758,0.5587124215683058,0.2790413410747806,1.632118937322094,0.0011161965145753,0.0010568755626885,828,2.2695337854686035,0.3152173913043478,0.5410628019323671,0.0009900455660169,0.0009900455660169,0.0009318403916117,1.2428152541544193,-0.1586109612296856,0.0,0.2889036253121724,1.4309701725616208,0.2915660592255125,62857,112411,90740,260792,175268,0.3327031131359149,0.3586336353470114,0.4092332532536443,0.6987939539607131,0.5540136036071787,0.3822662794763808,1.2300253201612377,0.0002966090847344,0.000759271138818,1359,3.7148134297901096,0.3539367181751288,0.5334805003679176,0.0003113054549077,0.0003113054549077,0.0006711254966329,1.0604536839485077,-0.4664518723004757,0.0,0.361189867837256,1.238792570015472,ETHUSDT,SUBE,v4_63_moderado,63,0.3295142603069864,0.3440739478269989,0.02911937504002504,0.2419768509317358,0.32560505209269003,0.1672564023219085,0.2790413410747806,0.3306538102755807,0.10322493840160019,1.2300253201612377,1.4310721287416657,0.40209361716085623,828,1093.5,531,0.3152173913043478,0.3345770547397383,0.038719326870781,0.5334805003679176,0.5372716511501423,0.007582301564449501,0.0003113054549077,0.0006506755104623,0.0006787401111091999,1.0604536839485077,1.1516344690514635,0.1823615702059116,-0.4664518723004757,-0.31253141676508067,0.3078409110707901,0.2889036253121724,0.3250467465747142,0.07228624252508359,1.238792570015472,1.3348813712885463,0.1921776025461488
0.38,0.201893534087435,20858,41071,84805,376626,61929,0.1183296392540507,0.3368050509454375,0.1974011716494894,0.9016727436395282,0.5495369576445088,0.2489140293092749,1.6682309934679516,0.0011767950084457,0.0011688296733034,743,2.036550244689822,0.3055181695827725,0.5410497981157469,0.0010319386568131,0.0010319386568131,0.0012869027009636,1.247898300708954,-0.1559705231548549,0.0,0.2889036253121724,1.4309701725616208,0.2915660592255125,57385,101058,96212,272145,158443,0.3007649962034928,0.3621807211426191,0.3736075574392729,0.7292143953826737,0.5514109764109734,0.3678054095628765,1.2421909535858886,0.0003311490709831,0.0008242411231147,1280,3.498867689574202,0.35625,0.54296875,0.0003551343981791,0.0003551343981791,0.0009605407465871,1.0677685882781105,-0.4886246922129318,0.0,0.361189867837256,1.238792570015472,ETHUSDT,SUBE,v4_63_moderado,63,0.3368050509454375,0.3494928860440283,0.02537567019718162,0.1974011716494894,0.2855043645443811,0.17620638578978348,0.2489140293092749,0.3083597194360757,0.1188913802536016,1.2421909535858886,1.45521097352692,0.42604003988206296,743,1011.5,537,0.3055181695827725,0.33088408479138626,0.05073183041722751,0.5410497981157469,0.5420092740578735,0.0019189518842530617,0.0003551343981791,0.0006935365274961,0.0006768042586340001,1.0677685882781105,1.1578334444935323,0.18012971243084341,-0.4886246922129318,-0.3222976076838934,0.3326541690580769,0.2889036253121724,0.3250467465747142,0.07228624252508359,1.238792570015472,1.3348813712885463,0.1921776025461488
0.39,0.201893534087435,16787,32452,88876,385245,49239,0.0940824671354325,0.340928938443104,0.1588730208303758,0.9223073184629048,0.5405901696466404,0.216743489432028,1.6886570438430002,0.0011719438952768,0.0012066829697237,656,1.7980847382456568,0.3094512195121951,0.538109756097561,0.0009071592943251,0.0009071592943251,0.0010191675818397,1.2119689753333769,-0.1594897674872906,0.0,0.2889036253121724,1.4309701725616208,0.2915660592255125,52426,90489,101171,282714,142915,0.2712889141989369,0.3668334324598538,0.3413217706074988,0.7575341034236059,0.5494279370155524,0.3536180660479171,1.258148611104715,0.0004070791706798,0.0009503465340177,1215,3.3211908147130123,0.3547325102880658,0.5366255144032922,0.0002768494912781,0.0002768494912781,0.0009966245276413,1.0511465123776045,-0.4765282479780288,0.0,0.361189867837256,1.238792570015472,ETHUSDT,SUBE,v4_63_moderado,63,0.340928938443104,0.3538811854514789,0.02590449401674977,0.1588730208303758,0.2500973957189373,0.182448749777123,0.216743489432028,0.2851807777399726,0.13687457661588912,1.258148611104715,1.4734028274738575,0.4305084327382851,656,935.5,559,0.3094512195121951,0.33209186490013043,0.045281290775870675,0.5366255144032922,0.5373676352504266,0.0014842416942687509,0.0002768494912781,0.0005920043928016,0.0006303098030470001,1.0511465123776045,1.1315577438554907,0.1608224629557724,-0.4765282479780288,-0.3180090077326597,0.3170384804907382,0.2889036253121724,0.3250467465747142,0.07228624252508359,1.238792570015472,1.3348813712885463,0.1921776025461488
0.4,0.201893534087435,13575,25727,92088,391970,39302,0.0750955365331702,0.3454022696046003,0.1284744896510604,0.9384075059193626,0.5334409977852115,0.1872865864174111,1.7108139255961274,0.0011759088746773,0.001268800572088,573,1.5705831631322582,0.3542757417102967,0.5392670157068062,0.0013183763350245,0.0013183763350245,0.0009031341870546,1.3002139284226415,-0.1414911652774813,0.0,0.2889036253121724,1.4309701725616208,0.2915660592255125,47783,80754,105814,292449,128537,0.2439958238420653,0.3717451006325027,0.3110933156246541,0.7836191027403316,0.5473562091824928,0.3387255701191632,1.27499442706044,0.0004905186396924,0.001063301324816,1146,3.132579978321903,0.3534031413612565,0.5226876090750436,0.0001352669699038,0.0001352669699038,0.0006333453223323,1.0247549940154053,-0.5141726603873297,0.0,0.361189867837256,1.238792570015472,ETHUSDT,SUBE,v4_63_moderado,63,0.3454022696046003,0.3585736851185515,0.026342831027902414,0.1284744896510604,0.21978390263785724,0.1826188259735937,0.1872865864174111,0.26300607826828715,0.1514389837017521,1.27499442706044,1.4929041763282838,0.43581949853568736,573,859.5,573,0.3534031413612565,0.3538394415357766,0.0008726003490401868,0.5226876090750436,0.5309773123909249,0.016579406631762605,0.0001352669699038,0.00072682165246415,0.0011831093651206998,1.0247549940154053,1.1624844612190235,0.27545893440723623,-0.5141726603873297,-0.3278319128324055,0.3726814951098484,0.2889036253121724,0.3250467465747142,0.07228624252508359,1.238792570015472,1.3348813712885463,0.1921776025461488
0.41,0.201893534087435,11165,20338,94498,397359,31503,0.0601937480892693,0.3544106910452972,0.1056661272157709,0.9513092026038014,0.5284876649097862,0.1627954449353338,1.7554335885358807,0.0013079465020578,0.0014487643834737,505,1.3841963305092329,0.3683168316831683,0.5603960396039604,0.0015350604575409,0.0015350604575409,0.0018039105685945,1.3464956290400976,-0.1447776053981077,0.0,0.2889036253121724,1.4309701725616208,0.2915660592255125,43597,71961,110000,301242,115558,0.2193583902809415,0.3772737499783658,0.2838401791701661,0.8071800065915868,0.5455100928808765,0.3239545986513347,1.2939563369636329,0.0006111488873442,0.0011982484327357,1068,2.9193677284884747,0.3548689138576779,0.5196629213483146,7.705447394842527e-06,7.705447394842527e-06,0.0006361648821802,1.0013241348361148,-0.5059451083912794,0.0,0.361189867837256,1.238792570015472,ETHUSDT,SUBE,v4_63_moderado,63,0.3544106910452972,0.3658422205118315,0.022863058933068614,0.1056661272157709,0.1947531531929685,0.17817405195439517,0.1627954449353338,0.24337502179333426,0.1611591537160009,1.2939563369636329,1.5246949627497568,0.46147725157224784,505,786.5,563,0.3548689138576779,0.36159287277042307,0.01344791782549043,0.5196629213483146,0.5400294804761375,0.04073311825564585,7.705447394842527e-06,0.0007713829524678712,0.0015273550101460574,1.0013241348361148,1.1739098819381062,0.34517149420398274,-0.5059451083912794,-0.32536135689469353,0.3611675029931717,0.2889036253121724,0.3250467465747142,0.07228624252508359,1.238792570015472,1.3348813712885463,0.1921776025461488
0.42,0.201893534087435,9326,16179,96337,401518,25505,0.048733185570162,0.3656537933738483,0.0882617377890084,0.9612661809876536,0.5247639593883311,0.1421993169065625,1.8111218619586535,0.0015135831237847,0.0016793985691767,447,1.2252193262131228,0.4004474272930649,0.5659955257270693,0.0016975930925239,0.0016975930925239,0.0019400153696509,1.3766340098617258,-0.137059398173675,0.0,0.2889036253121724,1.4309701725616208,0.2915660592255125,39748,64194,113849,309009,103942,0.1973082763857251,0.3824055723384195,0.2587810959849476,0.8279917364008328,0.5433864161928902,0.3086755792326599,1.311557227731527,0.0007277876132781,0.0013085966289865,1021,2.790893680511922,0.356513222331048,0.5220372184133203,0.0001103552371525,0.0001103552371525,0.0007480647889157,1.0188546560633265,-0.4981504864053927,0.0,0.361189867837256,1.238792570015472,ETHUSDT,SUBE,v4_63_moderado,63,0.3656537933738483,0.3740296828561339,0.016751778964571196,0.0882617377890084,0.17352141688697797,0.1705193581959392,0.1421993169065625,0.22543744806961122,0.1664762623260974,1.311557227731527,1.5613395448450902,0.4995646342271265,447,734.0,574,0.356513222331048,0.3784803248120564,0.04393420496201689,0.5220372184133203,0.5440163720701948,0.04395830731374906,0.0001103552371525,0.0009039741648382,0.0015872378553714,1.0188546560633265,1.1977443329625261,0.3577793537983993,-0.4981504864053927,-0.31760494228953384,0.36109108823171776,0.2889036253121724,0.3250467465747142,0.07228624252508359,1.238792570015472,1.3348813712885463,0.1921776025461488
0.43,0.201893534087435,7927,13012,97736,404685,20939,0.0400087893610516,0.3785758632217393,0.0750215307155768,0.9688482320916836,0.5219348814036303,0.1252270896194373,1.8751262388511545,0.0017910941866799,0.0019327773339963,400,1.09639313307662,0.415,0.59,0.0020591656950703,0.0020591656950703,0.0024002649562111,1.4712091586576752,-0.1039177258418533,0.0,0.2889036253121724,1.4309701725616208,0.2915660592255125,36228,57321,117369,315882,93549,0.1775797266514806,0.3872622903505115,0.2358639817183929,0.8464079870740588,0.5411359843962259,0.2931708382899177,1.328214578127499,0.0008374836468397,0.0014162598686191,959,2.621417276798172,0.3722627737226277,0.5318039624608968,0.0002526555387478,0.0002526555387478,0.0010147551654449,1.0430142688201751,-0.4892538386125693,0.0,0.361189867837256,1.238792570015472,ETHUSDT,SUBE,v4_63_moderado,63,0.3785758632217393,0.3829190767861254,0.008686427128772212,0.0750215307155768,0.15544275621698483,0.1608424510028161,0.1252270896194373,0.2091989639546775,0.1679437486704804,1.328214578127499,1.6016704084893267,0.5469116607236555,400,679.5,559,0.3722627737226277,0.3936313868613138,0.04273722627737225,0.5318039624608968,0.5609019812304483,0.058196037539103185,0.0002526555387478,0.00115591061690905,0.0018065101563225,1.0430142688201751,1.2571117137389252,0.4281948898375001,-0.4892538386125693,-0.2965857822272113,0.385336112770716,0.2889036253121724,0.3250467465747142,0.07228624252508359,1.238792570015472,1.3348813712885463,0.1921776025461488
0.44,0.201893534087435,6755,10522,98908,407175,17277,0.03301169367166,0.3909822307113503,0.0639296631744319,0.9748094910904316,0.5193695771324317,0.1098910037416626,1.936576287490345,0.0020883140950116,0.0022818057158962,358,0.9812718541035748,0.388268156424581,0.5670391061452514,0.001423447586856,0.001423447586856,0.0019810801110027,1.3032526668629247,-0.1451375469892342,0.0,0.2889036253121724,1.4309701725616208,0.2915660592255125,32839,51095,120758,322108,83934,0.1593280182232346,0.3912478852431672,0.2137997486930083,0.8630905968065637,0.5384451727497861,0.2765028564692608,1.3418841900955127,0.0009360852611496,0.0014824953882015,905,2.47380879614426,0.3657458563535911,0.5259668508287293,6.83296732079366e-05,6.83296732079366e-05,0.0007141604765632,1.0112697509539166,-0.4419617915248622,0.0,0.361189867837256,1.238792570015472,ETHUSDT,SUBE,v4_63_moderado,63,0.3909822307113503,0.39111505797725876,0.0002656545318169279,0.0639296631744319,0.1388647059337201,0.1498700855185764,0.1098910037416626,0.1931969301054617,0.1666118527275982,1.3418841900955127,1.639230238792929,0.5946920973948322,358,631.5,547,0.3657458563535911,0.377007006389086,0.02252230007098993,0.5259668508287293,0.5465029784869904,0.041072255316522144,6.83296732079366e-05,0.0007458886300319683,0.0013551179136480633,1.0112697509539166,1.1572612089084207,0.29198291590900816,-0.4419617915248622,-0.2935496692570482,0.296824244535628,0.2889036253121724,0.3250467465747142,0.07228624252508359,1.238792570015472,1.3348813712885463,0.1921776025461488
0.45,0.201893534087435,5790,8551,99873,409146,14341,0.0274017884439009,0.4037375357366989,0.054796854149513,0.9795282226111272,0.5171625383803201,0.0964967834405519,1.9997546606017127,0.0023953588918478,0.0025511345835385,323,0.8853374549593707,0.3962848297213622,0.5758513931888545,0.0015032828501904,0.0015032828501904,0.0022060941190025,1.3197004353750352,-0.1641006836823697,0.0,0.2889036253121724,1.4309701725616208,0.2915660592255125,29975,45490,123622,327713,75465,0.143251708428246,0.3972040018551646,0.1951535511761297,0.8781092327767998,0.5366313919764647,0.2617195344491884,1.362312207772943,0.0010745238862595,0.0016334859595599,863,2.3590022000801065,0.3580533024333719,0.5110081112398609,9.46841066288993e-06,9.46841066288993e-06,0.0002844302861368,1.001553576191082,-0.4076778061821182,0.0,0.361189867837256,1.238792570015472,ETHUSDT,SUBE,v4_63_moderado,63,0.3972040018551646,0.40047076879593174,0.006533533881534326,0.054796854149513,0.12497520266282135,0.1403566970266167,0.0964967834405519,0.17910815894487014,0.16522275100863648,1.362312207772943,1.6810334341873279,0.6374424528287697,323,593.0,540,0.3580533024333719,0.37716906607736705,0.038231527287990286,0.5110081112398609,0.5434297522143576,0.06484328194899358,9.46841066288993e-06,0.0007563756304266449,0.00149381443952751,1.001553576191082,1.1606270057830588,0.31814685918395313,-0.4076778061821182,-0.28588924493224394,0.24357712249974847,0.2889036253121724,0.3250467465747142,0.07228624252508359,1.238792570015472,1.3348813712885463,0.1921776025461488
0.46,0.201893534087435,4988,7043,100675,410654,12031,0.0229880006114338,0.4145956279611005,0.0472066854054872,0.9831384951292444,0.5151725902673658,0.0847621798902238,2.0535359383106817,0.00270677299227,0.0027441650834945,290,0.7948850214805495,0.4034482758620689,0.5827586206896552,0.0016023100049976,0.0016023100049976,0.0020531481019612,1.3525834393076483,-0.1455086121054447,0.0,0.2889036253121724,1.4309701725616208,0.2915660592255125,27236,40440,126361,332763,67676,0.128466211085801,0.4024469531296176,0.1773211716374668,0.8916407424377617,0.5344809570376143,0.2461755388140442,1.3802942434336771,0.0012008303764342,0.0017683548877823,806,2.2031932482787555,0.358560794044665,0.5086848635235732,4.261044183364246e-05,4.261044183364246e-05,0.0002385033482759,1.0068390951917892,-0.3679433140046853,0.0,0.361189867837256,1.238792570015472,ETHUSDT,SUBE,v4_63_moderado,63,0.4024469531296176,0.408521290545359,0.012148674831482908,0.0472066854054872,0.112263928521477,0.1301144862319796,0.0847621798902238,0.165468859352134,0.1614133589238204,1.3802942434336771,1.7169150908721793,0.6732416948770046,290,548.0,516,0.358560794044665,0.38100453495336695,0.044887481817403874,0.5086848635235732,0.5457217421066143,0.074073757166082,4.261044183364246e-05,0.0008224602234156212,0.0015596995631639576,1.0068390951917892,1.1797112672497188,0.3457443441158592,-0.3679433140046853,-0.256725963055065,0.22243470189924058,0.2889036253121724,0.3250467465747142,0.07228624252508359,1.238792570015472,1.3348813712885463,0.1921776025461488
0.47,0.201893534087435,4301,5869,101362,411828,10170,0.0194321308468358,0.4229105211406096,0.0407048825038092,0.9859491449543568,0.5133270137290831,0.0742620842074365,2.0947204825165806,0.0030270370922391,0.0028916200876427,256,0.7016916051690368,0.38671875,0.578125,0.0013635535830731,0.0013635535830731,0.0021399575113805,1.290529299483925,-0.1401691800621771,0.0,0.2889036253121724,1.4309701725616208,0.2915660592255125,24780,36063,128817,337140,60843,0.1154954441913439,0.4072777476455796,0.1613312760014844,0.90336894397955,0.5323501099905172,0.2311135982092893,1.3968626826024684,0.0013217042341935,0.001890730933117,760,2.0774526906846824,0.356578947368421,0.5092105263157894,0.0003065763156717,0.0003065763156717,0.0002631340892805,1.0494953287128042,-0.3153463146123972,0.0,0.361189867837256,1.238792570015472,ETHUSDT,SUBE,v4_63_moderado,63,0.4072777476455796,0.4150941343930946,0.015632773495030006,0.0407048825038092,0.1010180792526468,0.12062639349767519,0.0742620842074365,0.1526878412083629,0.15685151400185282,1.3968626826024684,1.7457915825595245,0.6978577999141122,256,508.0,504,0.356578947368421,0.3716488486842105,0.030139802631579005,0.5092105263157894,0.5436677631578948,0.06891447368421055,0.0003065763156717,0.0008350649493724,0.0010569772674014,1.0494953287128042,1.1700123140983645,0.24103397077112088,-0.3153463146123972,-0.22775774733728715,0.1751771345502201,0.2889036253121724,0.3250467465747142,0.07228624252508359,1.238792570015472,1.3348813712885463,0.1921776025461488
0.48,0.201893534087435,3715,4990,101948,412707,8705,0.0166329104249465,0.4267662263067203,0.0351589487332368,0.9880535412033123,0.5116062449682747,0.0649657246782316,2.113818197475797,0.0033068003237666,0.0030000000000001,229,0.627685068686365,0.4148471615720524,0.5938864628820961,0.0018748012510268,0.0018748012510268,0.0024193187913463,1.4073786694925912,-0.1455409862255058,0.0,0.2889036253121724,1.4309701725616208,0.2915660592255125,22555,32170,131042,341033,54725,0.1038819286256644,0.4121516674280493,0.1468453159892445,0.9138002641993768,0.5303227900943107,0.2165397797640191,1.413579030847584,0.0014302630678634,0.0019578046483876,725,1.981780527297888,0.3517241379310344,0.5020689655172413,0.0001901973164406,0.0001901973164406,9.743423189356726e-05,1.030382571145272,-0.312267128520184,0.0,0.361189867837256,1.238792570015472,ETHUSDT,SUBE,v4_63_moderado,63,0.4121516674280493,0.41945894686738483,0.014614558878670969,0.0351589487332368,0.09100213236124065,0.1116863672560077,0.0649657246782316,0.14075275222112535,0.15157405508578753,1.413579030847584,1.7636986141616904,0.7002391666282128,229,477.0,496,0.3517241379310344,0.38328564975154344,0.06312302364101802,0.5020689655172413,0.5479777141996687,0.09181749736485478,0.0001901973164406,0.0010324992837337,0.0016846039345861999,1.030382571145272,1.2188806203189317,0.37699609834731906,-0.312267128520184,-0.22890405737284492,0.16672614229467822,0.2889036253121724,0.3250467465747142,0.07228624252508359,1.238792570015472,1.3348813712885463,0.1921776025461488
0.49,0.201893534087435,3247,4252,102416,413445,7499,0.0143285692448792,0.4329910654753967,0.0307297729574212,0.9898203721836644,0.5102750725705427,0.0573867552712041,2.14465048339725,0.0036081027682689,0.003145012173366,207,0.5673834463671509,0.4154589371980676,0.6183574879227053,0.0022624480452336,0.0022624480452336,0.0028818632127873,1.5030379585493652,-0.1459879791484009,0.0,0.2889036253121724,1.4309701725616208,0.2915660592255125,20587,28683,133010,344520,49270,0.0935269552012148,0.4178404708747716,0.1340325657402162,0.9231437046325994,0.5285881351864079,0.202960560367137,1.433090229996873,0.0016096367099623,0.002119085196346,677,1.8505729889388556,0.361890694239291,0.5125553914327917,0.0004314484672314,0.0004314484672314,0.0006024070088745,1.069196984053493,-0.3196619778887909,0.0,0.361189867837256,1.238792570015472,ETHUSDT,SUBE,v4_63_moderado,63,0.4178404708747716,0.42541576817508414,0.015150594600625067,0.0307297729574212,0.0823811693488187,0.10330279278279499,0.0573867552712041,0.13017365781917056,0.1455738050959329,1.433090229996873,1.7888703566970616,0.7115602534003771,207,442.0,470,0.361890694239291,0.3886748157186793,0.0535682429587766,0.5125553914327917,0.5654564396777485,0.10580209648991357,0.0004314484672314,0.0013469482562325,0.0018309995780022002,1.069196984053493,1.286117471301429,0.4338409744958722,-0.3196619778887909,-0.2328249785185959,0.17367399874039002,0.2889036253121724,0.3250467465747142,0.07228624252508359,1.238792570015472,1.3348813712885463,0.1921776025461488
0.5,0.201893534087435,2830,3628,102833,414069,6458,0.0123394986242739,0.4382161659956643,0.0267832637725599,0.99131427805323,0.509048770912895,0.0504811765860097,2.170530958192469,0.003844835884455,0.0032312326245771,193,0.5290096867094691,0.4248704663212435,0.6217616580310881,0.0026032585449137,0.0026032585449137,0.0028818632127873,1.604765792078635,-0.1482597278987115,0.0,0.2889036253121724,1.4309701725616208,0.2915660592255125,18743,25538,134854,347665,44281,0.0840565679574791,0.4232740904676949,0.1220271229255779,0.9315707537184856,0.5267989383220318,0.1894399579538908,1.4517262111784843,0.0017755225738699,0.0023067876850706,644,1.7603678063170205,0.3664596273291925,0.5093167701863354,0.0003250759025037,0.0003250759025037,0.0003206242925634,1.0512605362853182,-0.3344168024456589,0.0,0.361189867837256,1.238792570015472,ETHUSDT,SUBE,v4_63_moderado,63,0.4232740904676949,0.4307451282316796,0.014942075527969445,0.0267832637725599,0.0744051933490689,0.095243859153018,0.0504811765860097,0.11996056726995025,0.1389587813678811,1.4517262111784843,1.8111285846854768,0.7188047470139849,193,418.5,451,0.3664596273291925,0.39566504682521797,0.05841083899205096,0.5093167701863354,0.5655392141087117,0.1124448878447527,0.0003250759025037,0.0014641672237087,0.00227818264241,1.0512605362853182,1.3280131641819766,0.5535052557933167,-0.3344168024456589,-0.2413382651721852,0.1861570745469474,0.2889036253121724,0.3250467465747142,0.07228624252508359,1.238792570015472,1.3348813712885463,0.1921776025461488
0.51,0.201893534087435,2488,3136,103175,414561,5624,0.0107459492509935,0.4423897581792319,0.0235465583979254,0.9924921653734644,0.508019361885695,0.0447132189743635,2.191203201127005,0.0040507160045589,0.0033282577549583,178,0.4878949442190959,0.4044943820224719,0.601123595505618,0.0020894283961863,0.0020894283961863,0.0020788016784266,1.470399431308561,-0.1816959613754483,0.0,0.2889036253121724,1.4309701725616208,0.2915660592255125,17068,22852,136529,350351,39920,0.0757782839787395,0.4275551102204409,0.1111219620174873,0.9387679091539992,0.5249449355857433,0.1763979391991401,1.4664090578860802,0.0019246222241592,0.0023847397576715,606,1.6564951717827865,0.3795379537953795,0.5297029702970297,0.000655504420815,0.000655504420815,0.0012953218968312,1.1036338590508503,-0.2794063054895157,0.0,0.361189867837256,1.238792570015472,ETHUSDT,SUBE,v4_63_moderado,63,0.4275551102204409,0.4349724341998364,0.01483464795879097,0.0235465583979254,0.06733426020770635,0.0875754036195619,0.0447132189743635,0.1105555790867518,0.1316847202247766,1.4664090578860802,1.8288061295065425,0.7247941432409248,178,392.0,428,0.3795379537953795,0.3920161679089257,0.024956428227092375,0.5297029702970297,0.5654132829013239,0.07142062520858827,0.000655504420815,0.00137246640850065,0.0014339239753713,1.1036338590508503,1.2870166451797056,0.3667655722577108,-0.2794063054895157,-0.230551133432482,0.09771034411406743,0.2889036253121724,0.3250467465747142,0.07228624252508359,1.238792570015472,1.3348813712885463,0.1921776025461488
0.52,0.201893534087435,2184,2703,103479,414994,4887,0.0093377407520635,0.4468999386126458,0.0206694869538059,0.9935288019784676,0.5070991444661368,0.0395115332428765,2.213542601216266,0.0043131838896324,0.0034300238127551,159,0.4358162703979564,0.4339622641509434,0.6163522012578616,0.0024340499665308,0.0024340499665308,0.0026081788333593,1.5555086343865072,-0.1420501620851058,0.0,0.2889036253121724,1.4309701725616208,0.2915660592255125,15570,20445,138027,352758,36015,0.0683656036446469,0.4323198667221991,0.1013691673665501,0.9452174821745806,0.5232933247705653,0.1642301120182266,1.4827510028793172,0.0021047602804058,0.0025245893028325,568,1.552622537248552,0.3908450704225352,0.5422535211267606,0.0007165412896372,0.0007165412896372,0.0015611175594596,1.113678233911029,-0.244174200664727,0.0,0.361189867837256,1.238792570015472,ETHUSDT,SUBE,v4_63_moderado,63,0.4323198667221991,0.43960990266742245,0.014580071890446744,0.0206694869538059,0.061019327160178,0.08069968041274421,0.0395115332428765,0.10187082263055156,0.1247185787753501,1.4827510028793172,1.8481468020477916,0.7307915983369488,159,363.5,409,0.3908450704225352,0.4124036672867393,0.04311719372840822,0.5422535211267606,0.5793028611923111,0.07409868013110099,0.0007165412896372,0.001575295628084,0.0017175086768936002,1.113678233911029,1.334593434148768,0.4418304004754783,-0.244174200664727,-0.1931121813749164,0.10212403857962121,0.2889036253121724,0.3250467465747142,0.07228624252508359,1.238792570015472,1.3348813712885463,0.1921776025461488
0.53,0.201893534087435,1951,2374,103712,415323,4325,0.0082639101192295,0.4510982658959537,0.0184643631167012,0.9943164542718764,0.5063904086942889,0.0354765974469942,2.234337359712542,0.0045208719635629,0.0035271868231105,146,0.4001834935729663,0.4794520547945205,0.6643835616438356,0.0032858280601019,0.0032858280601019,0.0039719774088525,1.8431952283563315,-0.1526012325850112,0.0,0.2889036253121724,1.4309701725616208,0.2915660592255125,14257,18362,139340,354841,32619,0.0619191343963553,0.437076550476716,0.0928208233233722,0.9507988949713696,0.5218098591473709,0.1531232547149546,1.4990652603314778,0.002347559380829,0.0026548998881499,535,1.4624173546267172,0.3925233644859813,0.5551401869158878,0.0009807785000698,0.0009807785000698,0.0019105466269928,1.1554007428862632,-0.2558969833383198,0.0,0.361189867837256,1.238792570015472,ETHUSDT,SUBE,v4_63_moderado,63,0.437076550476716,0.44408740818633485,0.01402171541923769,0.0184643631167012,0.0556425932200367,0.074356460206671,0.0354765974469942,0.0942999260809744,0.11764665726796042,1.4990652603314778,1.8667013100220098,0.7352720993810642,146,340.5,389,0.3925233644859813,0.4359877096402509,0.08692869030853922,0.5551401869158878,0.6097618742798617,0.10924337472794776,0.0009807785000698,0.00213330328008585,0.0023050495600321,1.1554007428862632,1.4992979856212973,0.6877944854700684,-0.2558969833383198,-0.2042491079616655,0.10329575075330857,0.2889036253121724,0.3250467465747142,0.07228624252508359,1.238792570015472,1.3348813712885463,0.1921776025461488
0.54,0.201893534087435,1710,2065,103953,415632,3775,0.0072130082543564,0.4529801324503311,0.0161835268731722,0.9950562249669018,0.505619875920037,0.031250571099618,2.243658443534684,0.0046316874024431,0.0035185402050441,135,0.3700326824133592,0.4814814814814814,0.6888888888888889,0.0035367529378705,0.0035367529378705,0.0040439889424064,1.923281678392096,-0.136999540595596,0.0,0.2889036253121724,1.4309701725616208,0.2915660592255125,13066,16582,140531,356621,29648,0.0562794229309035,0.4407042633567188,0.0850667656269328,0.9555684171885006,0.5203175914077167,0.1426068924117984,1.5115074248606384,0.0025503317509609,0.0027447105377348,507,1.3858796239172817,0.4003944773175542,0.5463510848126233,0.0007155333003607,0.0007155333003607,0.0021599860290266,1.1089424334575833,-0.2577979114632411,0.0,0.361189867837256,1.238792570015472,ETHUSDT,SUBE,v4_63_moderado,63,0.4407042633567188,0.446842197903525,0.01227586909361228,0.0161835268731722,0.0506251462500525,0.0688832387537606,0.031250571099618,0.0869287317557082,0.11135632131218041,1.5115074248606384,1.8775829341976613,0.7321510186740456,135,321.0,372,0.4003944773175542,0.4409379793995178,0.08108700416392722,0.5463510848126233,0.6176199868507561,0.1425378040762656,0.0007155333003607,0.0021261431191156,0.0028212196375098,1.1089424334575833,1.5161120559248396,0.8143392449345128,-0.2577979114632411,-0.19739872602941855,0.12079837086764511,0.2889036253121724,0.3250467465747142,0.07228624252508359,1.238792570015472,1.3348813712885463,0.1921776025461488
0.55,0.201893534087435,1517,1781,104146,415916,3298,0.0063015897279119,0.4599757428744693,0.0143569650681884,0.9957361436639478,0.5050465543660682,0.0278448252126907,2.278308440899674,0.0050139133786581,0.0036618946368998,122,0.3343999055883691,0.4918032786885246,0.6721311475409836,0.0037422825277406,0.0037422825277406,0.0049128450059493,1.955266632766316,-0.130444946085624,0.0,0.2889036253121724,1.4309701725616208,0.2915660592255125,11985,14936,141612,358267,26921,0.0511028853454821,0.445191486200364,0.0780288677513232,0.9599788854859151,0.5190038766186192,0.1327845422617135,1.52689749754456,0.002795613413202,0.0028635144121627,476,1.3011414220604065,0.4096638655462185,0.5567226890756303,0.0006285130351307,0.0006285130351307,0.0022788481217828,1.0965352009010776,-0.2528778588150576,0.0,0.361189867837256,1.238792570015472,ETHUSDT,SUBE,v4_63_moderado,63,0.445191486200364,0.45258361453741663,0.014784256674105323,0.0143569650681884,0.0461929164097558,0.0636719026831348,0.0278448252126907,0.08031468373720209,0.10493971704902279,1.52689749754456,1.9026029692221171,0.7514109433551142,122,299.0,354,0.4096638655462185,0.45073357211737153,0.0821394131423061,0.5567226890756303,0.6144269183083069,0.1154084584653533,0.0006285130351307,0.00218539778143565,0.0031137694926098997,1.0965352009010776,1.5259009168336968,0.8587314318652384,-0.2528778588150576,-0.1916614024503408,0.1224329127294336,0.2889036253121724,0.3250467465747142,0.07228624252508359,1.238792570015472,1.3348813712885463,0.1921776025461488
0.56,0.201893534087435,1358,1548,104305,416149,2906,0.0055525833078569,0.4673090158293186,0.0128521809905075,0.9962939642851156,0.5045730726378117,0.0250163490499129,2.314630916445986,0.0053501640685323,0.0039028635482709,107,0.2932851630979958,0.4672897196261682,0.6915887850467289,0.0037425538411403,0.0037425538411403,0.004413392460572,1.9107307998049317,-0.1219340757555575,0.0,0.2889036253121724,1.4309701725616208,0.2915660592255125,10927,13475,142670,359728,24402,0.0463211845102505,0.4477911646586345,0.0711407123837054,0.9638936450135716,0.5175171786986386,0.1227759706515205,1.5358137564025904,0.003009377994286,0.0029573732439071,446,1.219136710586011,0.4103139013452915,0.5426008968609866,0.0006643254708505,0.0006643254708505,0.0015537314225592,1.098635295468258,-0.2798450394392154,0.0,0.361189867837256,1.238792570015472,ETHUSDT,SUBE,v4_63_moderado,63,0.4477911646586345,0.4575500902439765,0.01951785117068411,0.0128521809905075,0.04199644668710645,0.058288531393197895,0.0250163490499129,0.07389615985071671,0.0977596216016076,1.5358137564025904,1.9252223364242882,0.7788171600433955,107,276.5,339,0.4103139013452915,0.43880181048572986,0.05697581828087672,0.5426008968609866,0.6170948409538577,0.14898788818574238,0.0006643254708505,0.0022034396559954,0.0030782283702898,1.098635295468258,1.5046830476365949,0.8120955043366735,-0.2798450394392154,-0.20088955759738644,0.15791096368365792,0.2889036253121724,0.3250467465747142,0.07228624252508359,1.238792570015472,1.3348813712885463,0.1921776025461488
0.57,0.201893534087435,1221,1367,104442,416330,2588,0.0049449709568939,0.4717928902627512,0.0115556060304931,0.9967272927504864,0.5041414493904899,0.0225586830606645,2.336840020138681,0.0053861938814269,0.0040254149486761,99,0.2713573004364634,0.5050505050505051,0.696969696969697,0.0045620772910946,0.0045620772910946,0.0054430853052722,2.1615802944202427,-0.1292501571463681,0.0,0.2889036253121724,1.4309701725616208,0.2915660592255125,9993,12214,143604,360989,22207,0.0421545178435839,0.4499932453730805,0.0650598644504775,0.9672725031685168,0.5161661838094972,0.1136834201724648,1.5433663526145616,0.0031803233843381,0.0030255503593017,409,1.1179975664342567,0.4107579462102689,0.5330073349633252,0.0007181234248927,0.0007181234248927,0.0014698495946359,1.1042460326305643,-0.2696616194418729,0.0,0.361189867837256,1.238792570015472,ETHUSDT,SUBE,v4_63_moderado,63,0.4499932453730805,0.46089306781791584,0.021799644889670677,0.0115556060304931,0.0383077352404853,0.05350425841998439,0.0225586830606645,0.06812105161656465,0.0911247371118003,1.5433663526145616,1.9401031863766214,0.7934736675241194,99,254.0,310,0.4107579462102689,0.457904225630387,0.09429255884023618,0.5330073349633252,0.6149885159665112,0.16396236200637182,0.0007181234248927,0.00264010035799365,0.0038439538662019,1.1042460326305643,1.6329131635254035,1.0573342617896784,-0.2696616194418729,-0.19945588829412048,0.1404114622955048,0.2889036253121724,0.3250467465747142,0.07228624252508359,1.238792570015472,1.3348813712885463,0.1921776025461488
0.58,0.201893534087435,1098,1216,104565,416481,2314,0.0044214307551207,0.4745030250648228,0.0103915277817211,0.9970887988182822,0.5037401633000016,0.0203376645026255,2.350263604080195,0.0054692078791048,0.004089553605972,89,0.2439474721095479,0.5280898876404494,0.6853932584269663,0.0050063366135246,0.0050063366135246,0.0061116849304183,2.2754111371643613,-0.0960540496839749,0.0,0.2889036253121724,1.4309701725616208,0.2915660592255125,9203,11072,144394,362131,20275,0.0384870918754745,0.4539087546239211,0.0599165348281542,0.9703325000066988,0.5151245174174265,0.1058594828379497,1.5567955880380582,0.0033992414720456,0.0031392608623128,386,1.0551272876372202,0.4067357512953368,0.5544041450777202,0.0008766980278652,0.0008766980278652,0.0018591423731222,1.1247616156628226,-0.2777177785074539,0.0,0.361189867837256,1.238792570015472,ETHUSDT,SUBE,v4_63_moderado,63,0.4539087546239211,0.46420588984437194,0.020594270440901674,0.0103915277817211,0.03515403130493765,0.049525007046433096,0.0203376645026255,0.0630985736702876,0.0855218183353242,1.5567955880380582,1.9535295960591266,0.793468016042137,89,237.5,297,0.4067357512953368,0.4674128194678931,0.1213541363451126,0.5544041450777202,0.6198987017523432,0.13098911334924612,0.0008766980278652,0.0029415173206949,0.0041296385856594,1.1247616156628226,1.700086376413592,1.1506495215015387,-0.2777177785074539,-0.1868859140957144,0.18166372882347898,0.2889036253121724,0.3250467465747142,0.07228624252508359,1.238792570015472,1.3348813712885463,0.1921776025461488
0.59,0.201893534087435,985,1100,104678,416597,2085,0.0039838734332008,0.4724220623501199,0.0093220900409793,0.9973665120889066,0.503344301064943,0.0182834020121023,2.339956375945778,0.0054952743028832,0.0039820201665701,84,0.2302425579460902,0.5357142857142857,0.7023809523809523,0.0053388368056468,0.0053388368056468,0.0062138075549355,2.386998184630173,-0.0983475910615279,0.0,0.2889036253121724,1.4309701725616208,0.2915660592255125,8498,10057,145099,363146,18555,0.0352220956719817,0.4579897601724602,0.0553266014310175,0.973052199473209,0.5141894004521133,0.098726706631349,1.5707924351312332,0.0036245717507626,0.0032756708551044,365,0.9977239896051436,0.3972602739726027,0.5534246575342465,0.0008864033758556,0.0008864033758556,0.0019704905467552,1.1282324347271293,-0.2611667000954969,0.0,0.361189867837256,1.238792570015472,ETHUSDT,SUBE,v4_63_moderado,63,0.4579897601724602,0.4652059112612901,0.014432302177659728,0.0093220900409793,0.0323243457359984,0.0460045113900382,0.0182834020121023,0.05850505432172565,0.0804433046192467,1.5707924351312332,1.9553744055385056,0.7691639408145448,84,224.5,281,0.3972602739726027,0.4664872798434442,0.13845401174168298,0.5534246575342465,0.6279028049575994,0.1489562948467058,0.0008864033758556,0.0031126200907512,0.0044524334297912,1.1282324347271293,1.757615309678651,1.2587657499030438,-0.2611667000954969,-0.1797571455785124,0.162819109033969,0.2889036253121724,0.3250467465747142,0.07228624252508359,1.238792570015472,1.3348813712885463,0.1921776025461488
0.6,0.201893534087435,882,990,104781,416707,1872,0.0035768878018954,0.4711538461538461,0.0083472928082677,0.997629860880016,0.5029885768441419,0.0164039615009066,2.33367476716615,0.0054745943445707,0.0039126202102223,80,0.219278626615324,0.575,0.7125,0.0062818001080969,0.0062818001080969,0.0077432711120427,2.6944817817401416,-0.0798723133222938,0.0,0.2889036253121724,1.4309701725616208,0.2915660592255125,7767,9083,145830,364120,16850,0.0319855732725892,0.4609495548961424,0.050567393894412,0.9756620391583132,0.5131147165263626,0.091136834323866,1.5809438043665425,0.0038356201155355,0.0034396547635249,330,0.902051826218349,0.406060606060606,0.5666666666666667,0.0010073926098148,0.0010073926098148,0.0021857341302357,1.1436500469726436,-0.2082905771645657,0.0,0.361189867837256,1.238792570015472,ETHUSDT,SUBE,v4_63_moderado,63,0.4609495548961424,0.46605170052499423,0.010204291257703668,0.0083472928082677,0.02945734335133985,0.042220101086144296,0.0164039615009066,0.0537703979123863,0.0747328728229594,1.5809438043665425,1.957309285766346,0.7527309627996075,80,205.0,250,0.406060606060606,0.490530303030303,0.16893939393939394,0.5666666666666667,0.6395833333333334,0.14583333333333337,0.0010073926098148,0.0036445963589558502,0.0052744074982821,1.1436500469726436,1.9190659143563926,1.550831734767498,-0.2082905771645657,-0.14408144524342975,0.1284182638422719,0.2889036253121724,0.3250467465747142,0.07228624252508359,1.238792570015472,1.3348813712885463,0.1921776025461488
0.61,0.201893534087435,789,894,104874,416803,1683,0.0032157597065117,0.4688057040998217,0.0074671360835864,0.9978596925522568,0.5026634143179216,0.0147001285562573,2.322044171542382,0.0054657302858371,0.0038838388571309,74,0.2028327296191747,0.581081081081081,0.7162162162162162,0.0057938891351992,0.0057938891351992,0.0077001272804316,2.459932488935451,-0.0741592391757645,0.0,0.2889036253121724,1.4309701725616208,0.2915660592255125,7149,8173,146448,365030,15322,0.0290850417615793,0.4665839968672497,0.0465438778101134,0.97810039040415,0.5123221341071317,0.0846441193708227,1.6002685570008994,0.0041370420525784,0.0036363186364223,315,0.8610494704811513,0.4063492063492063,0.5650793650793651,0.0011577611247251,0.0011577611247251,0.0019867577722896,1.167365370994676,-0.2273117808032189,0.0,0.361189867837256,1.238792570015472,ETHUSDT,SUBE,v4_63_moderado,63,0.4665839968672497,0.4676948504835357,0.002221707232571979,0.0074671360835864,0.0270055069468499,0.039076741726526996,0.0147001285562573,0.049672123963539996,0.0699439908145654,1.6002685570008994,1.9611563642716408,0.7217756145414826,74,194.5,241,0.4063492063492063,0.4937151437151437,0.17473187473187474,0.5650793650793651,0.6406477906477906,0.15113685113685116,0.0011577611247251,0.00347582512996215,0.0046361280104741,1.167365370994676,1.8136489299650635,1.292567117940775,-0.2273117808032189,-0.1507355099894917,0.1531525416274544,0.2889036253121724,0.3250467465747142,0.07228624252508359,1.238792570015472,1.3348813712885463,0.1921776025461488
0.62,0.201893534087435,705,808,104958,416889,1513,0.0028909354937328,0.4659616655651024,0.0066721558161324,0.998065583425306,0.5023688696207191,0.0131559304321863,2.307957348269044,0.0055230770042985,0.0038073908174691,69,0.1891278154557169,0.5797101449275363,0.7246376811594203,0.0060081954322762,0.0060081954322762,0.0063591848019848,2.644357197342559,-0.0781983462456145,0.0,0.2889036253121724,1.4309701725616208,0.2915660592255125,6558,7423,147039,365780,13981,0.0265394836750189,0.4690651598598097,0.0426961464091095,0.9801100205518176,0.5114030834804636,0.0782680304097196,1.608778336908584,0.0043159452886558,0.0037236701660519,296,0.8091131532140342,0.402027027027027,0.5743243243243243,0.0012943474010515,0.0012943474010515,0.0020532817196525,1.1835413264795585,-0.2162345684538749,0.0,0.361189867837256,1.238792570015472,ETHUSDT,SUBE,v4_63_moderado,63,0.4659616655651024,0.46751341271245606,0.0031034942947072985,0.0066721558161324,0.02468415111262095,0.036023990592977104,0.0131559304321863,0.045711980420952945,0.0651120999775333,1.608778336908584,1.9583678425888138,0.6991790113604599,69,182.5,227,0.402027027027027,0.4908685859772816,0.17768311790050928,0.5743243243243243,0.6494810027418723,0.15031335683509595,0.0012943474010515,0.00365127141666385,0.0047138480312247,1.1835413264795585,1.9139492619110587,1.4608158708630006,-0.2162345684538749,-0.1472164573497447,0.1380362222082604,0.2889036253121724,0.3250467465747142,0.07228624252508359,1.238792570015472,1.3348813712885463,0.1921776025461488
0.63,0.201893534087435,652,713,105011,416984,1365,0.0026081473555487,0.4776556776556777,0.0061705611235721,0.9982930210176276,0.5022317910705999,0.0121837276226781,2.365879025371941,0.0060004590306367,0.0042494046848067,66,0.1809048669576423,0.6060606060606061,0.7272727272727273,0.0060344615936315,0.0060344615936315,0.0077001272804316,2.6649479940836884,-0.05960249222281,0.0,0.2889036253121724,1.4309701725616208,0.2915660592255125,6040,6730,147557,366473,12770,0.0242406985573272,0.4729835552075176,0.0393236847073836,0.9819669188082624,0.5106453017578231,0.0726105537756886,1.6222174709357622,0.0045733548936538,0.003817508736178,283,0.7735777782417962,0.4169611307420495,0.568904593639576,0.0015097415127198,0.0015097415127198,0.0027896329634515,1.2138979915910657,-0.1643742736499707,0.0,0.361189867837256,1.238792570015472,ETHUSDT,SUBE,v4_63_moderado,63,0.4729835552075176,0.47531961643159765,0.004672122448160065,0.0061705611235721,0.02274712291547785,0.0331531235838115,0.0121837276226781,0.04239714069918335,0.0604268261530105,1.6222174709357622,1.9940482481538515,0.7436615544361789,66,174.5,217,0.4169611307420495,0.5115108684013278,0.1890994753185566,0.568904593639576,0.6480886604561517,0.15836813363315128,0.0015097415127198,0.00377210155317565,0.0045247200809117,1.2138979915910657,1.9394229928373772,1.4510500024926227,-0.1643742736499707,-0.11198838293639035,0.1047717814271607,0.2889036253121724,0.3250467465747142,0.07228624252508359,1.238792570015472,1.3348813712885463,0.1921776025461488
0.64,0.201893534087435,590,643,105073,417054,1233,0.0023559309079792,0.478507704785077,0.0055837899737845,0.99846060661197,0.5020221982928772,0.0110387666516988,2.370099205742009,0.0064293753266415,0.0044304331186229,65,0.1781638841249507,0.6153846153846154,0.7384615384615385,0.0063314369663219,0.0063314369663219,0.0073954051050739,2.841821203105503,-0.0489291517702989,0.0,0.2889036253121724,1.4309701725616208,0.2915660592255125,5564,6078,148033,367125,11642,0.0220994684889901,0.4779247551967016,0.0362246658463381,0.9837139572833016,0.5099693115648198,0.0673448762096115,1.6391645737717688,0.0048812601057895,0.004044987348214,261,0.7134409898272396,0.4367816091954023,0.578544061302682,0.0016362840290359,0.0016362840290359,0.0027642691011304,1.231294305290089,-0.2225057041405831,0.0,0.361189867837256,1.238792570015472,ETHUSDT,SUBE,v4_63_moderado,63,0.4779247551967016,0.4782162299908893,0.0005829495883754032,0.0055837899737845,0.0209042279100613,0.0306408758725536,0.0110387666516988,0.03919182143065515,0.05630610955791271,1.6391645737717688,2.004631889756889,0.7309346319702401,65,163.0,196,0.4367816091954023,0.5260831122900089,0.1786030061892131,0.578544061302682,0.6585027998821102,0.1599174771588565,0.0016362840290359,0.0039838604976789,0.004695152937286,1.231294305290089,2.036557754197796,1.610526897815414,-0.2225057041405831,-0.135717427955441,0.1735765523702842,0.2889036253121724,0.3250467465747142,0.07228624252508359,1.238792570015472,1.3348813712885463,0.1921776025461488
0.65,0.201893534087435,525,577,105138,417120,1102,0.002105625191073,0.4764065335753176,0.0049686266715879,0.9986186158866356,0.5017936212791118,0.0098346836510092,2.3596918827969886,0.0069641316548631,0.0043479329940706,56,0.1534950386307268,0.6071428571428571,0.75,0.0066287346566289,0.0066287346566289,0.0077001272804316,2.9273151129420563,-0.042100841247645,0.0,0.2889036253121724,1.4309701725616208,0.2915660592255125,5141,5523,148456,367680,10664,0.0202429764616552,0.4820892723180795,0.0334707058080561,0.9852010835925756,0.5093358947003159,0.0625955034974826,1.653447845056637,0.0051590638775543,0.0042381281437346,251,0.6861060860024412,0.4541832669322709,0.6055776892430279,0.0024845482383998,0.0024845482383998,0.0031701036072904,1.3619228284580347,-0.2027234398113901,0.0,0.361189867837256,1.238792570015472,ETHUSDT,SUBE,v4_63_moderado,63,0.4764065335753176,0.47924790294669856,0.005682738742761928,0.0049686266715879,0.019219666239822,0.028502079136468197,0.0098346836510092,0.0362150935742459,0.05276081984647339,1.653447845056637,2.0065698639268126,0.7062440377403516,56,153.5,195,0.4541832669322709,0.530663062037564,0.1529595902105862,0.6055776892430279,0.6777888446215139,0.1444223107569721,0.0024845482383998,0.00455664144751435,0.0041441864182291,1.3619228284580347,2.1446189707000456,1.5653922844840216,-0.2027234398113901,-0.12241214052951754,0.1606225985637451,0.2889036253121724,0.3250467465747142,0.07228624252508359,1.238792570015472,1.3348813712885463,0.1921776025461488
0.66,0.201893534087435,471,513,105192,417184,984,0.0018801589727911,0.4786585365853658,0.0044575679282246,0.9987718370014628,0.5016147024648437,0.0088328785619848,2.370846291580942,0.0073592106511464,0.004490222189919,49,0.1343081588018859,0.6122448979591837,0.7346938775510204,0.007102504968637,0.007102504968637,0.0080911371190115,2.9365993257653327,-0.041916043357928,0.0,0.2889036253121724,1.4309701725616208,0.2915660592255125,4723,4989,148874,368214,9712,0.0184358390280941,0.4863056013179572,0.0307492984889027,0.986631940257715,0.5086906193733088,0.0578412702300546,1.6679088183642898,0.0054997687225206,0.0044294978732128,236,0.6451037302652435,0.4533898305084746,0.6059322033898306,0.0029064793720383,0.0029064793720383,0.0032125466199873,1.4373225770953677,-0.2201595635474202,0.0,0.361189867837256,1.238792570015472,ETHUSDT,SUBE,v4_63_moderado,63,0.4786585365853658,0.48248206895166146,0.007647064732591413,0.0044575679282246,0.01760343320856365,0.0262917305606781,0.0088328785619848,0.0333370743960197,0.0490083916680698,1.6679088183642898,2.019377554972616,0.702937473216652,49,142.5,187,0.4533898305084746,0.5328173642338292,0.1588550674507091,0.6059322033898306,0.6703130404704255,0.1287616741611899,0.0029064793720383,0.00500449217033765,0.0041960255965987,1.4373225770953677,2.18696095143035,1.499276748669965,-0.2201595635474202,-0.1310378034526741,0.1782435201894922,0.2889036253121724,0.3250467465747142,0.07228624252508359,1.238792570015472,1.3348813712885463,0.1921776025461488
0.67,0.201893534087435,429,467,105234,417230,896,0.0017120146744114,0.4787946428571428,0.0040600777944976,0.9988819646777448,0.5014710212361213,0.008051877363714,2.371520440321724,0.0075408161517067,0.004490222189919,49,0.1343081588018859,0.6122448979591837,0.7346938775510204,0.0069535177031803,0.0069535177031803,0.0080911371190115,2.824701273427976,-0.0419160433579279,0.0,0.2889036253121724,1.4309701725616208,0.2915660592255125,4386,4535,149211,368668,8921,0.0169343204252088,0.4916489182827037,0.0285552452196331,0.9878484363737696,0.5082018407967015,0.0539755596303178,1.686235083701689,0.0058675104733452,0.0046639624023874,218,0.5959009033806063,0.4449541284403669,0.5871559633027523,0.0029511415604867,0.0029511415604867,0.0031971252474986,1.4315818443579802,-0.2277931589709192,0.0,0.361189867837256,1.238792570015472,ETHUSDT,SUBE,v4_63_moderado,63,0.4787946428571428,0.48522178056992327,0.01285427542556089,0.0040600777944976,0.01630766150706535,0.0244951674251355,0.008051877363714,0.0310137184970159,0.045923682266603795,1.686235083701689,2.0288777620117067,0.6852853566200348,49,133.5,169,0.4449541284403669,0.5285995131997753,0.16729076951881677,0.5871559633027523,0.6609249204268863,0.14753791424826812,0.0029511415604867,0.0049523296318335,0.0040023761426936,1.4315818443579802,2.128141558892978,1.3931194290699958,-0.2277931589709192,-0.13485460116442355,0.1858771156129913,0.2889036253121724,0.3250467465747142,0.07228624252508359,1.238792570015472,1.3348813712885463,0.1921776025461488
0.68,0.201893534087435,399,422,105264,417275,821,0.001568709874656,0.4859926918392204,0.0037761562704068,0.9989896982741078,0.5013829272722573,0.0074940836181961,2.4071731372474225,0.00803602685172,0.0047221345504868,48,0.1315671759691944,0.6041666666666666,0.7291666666666666,0.0071350081960931,0.0071350081960931,0.0080479932874004,2.9297979476369527,-0.0419160433579278,0.0,0.2889036253121724,1.4309701725616208,0.2915660592255125,4050,4113,149547,369090,8163,0.0154954441913439,0.4961411245865491,0.0263677024941893,0.9889791882701908,0.5076734453821901,0.0500741839762611,1.7016422484305946,0.0062922426608339,0.0048333536171916,206,0.5630990187908481,0.4757281553398058,0.6067961165048543,0.0035840278160964,0.0035840278160964,0.0039919037587831,1.5258023722827068,-0.1990716374291667,0.0,0.361189867837256,1.238792570015472,ETHUSDT,SUBE,v4_63_moderado,63,0.4859926918392204,0.49106690821288473,0.010148432747328684,0.0037761562704068,0.01507192938229805,0.0225915462237825,0.0074940836181961,0.0287841337972286,0.042580100358065004,1.7016422484305946,2.0544076928390087,0.7055308888168279,48,127.0,158,0.4757281553398058,0.5399474110032362,0.12843851132686085,0.6067961165048543,0.6679813915857604,0.12237055016181231,0.0035840278160964,0.00535951800609475,0.0035509803799967,1.5258023722827068,2.2278001599598296,1.403995575354246,-0.1990716374291667,-0.12049384039354724,0.1571555940712389,0.2889036253121724,0.3250467465747142,0.07228624252508359,1.238792570015472,1.3348813712885463,0.1921776025461488
0.69,0.201893534087435,358,377,105305,417320,735,0.0014043870376031,0.4870748299319727,0.0033881301874828,0.9990974318704708,0.5012427810289768,0.006729449801688,2.4125330815252006,0.0081470763230655,0.0047575072445307,42,0.1151212789730451,0.5714285714285714,0.7142857142857143,0.0065070863129151,0.0065070863129151,0.0080479932874004,2.4975761581359404,-0.0613817172280412,0.0,0.2889036253121724,1.4309701725616208,0.2915660592255125,3770,3733,149827,369470,7503,0.0142425968109339,0.5024656803945089,0.0245447502229861,0.9899974008783424,0.5072710755506642,0.0468032278088144,1.723333922093708,0.0066886883186462,0.0051324572196167,188,0.5138961919062109,0.4893617021276595,0.6063829787234043,0.0033744931738966,0.0033744931738966,0.0047048500325614,1.4799188390318274,-0.2392692424318996,0.0,0.361189867837256,1.238792570015472,ETHUSDT,SUBE,v4_63_moderado,63,0.4870748299319727,0.4947702551632408,0.015390850462536187,0.0033881301874828,0.01396644020523445,0.0211566200355033,0.006729449801688,0.0267663388052512,0.0400737780071264,1.723333922093708,2.0679335018094545,0.6891991594314926,42,115.0,146,0.4893617021276595,0.5303951367781155,0.0820668693009119,0.6063829787234043,0.6603343465045592,0.10790273556231,0.0033744931738966,0.00494078974340585,0.0031325931390184998,1.4799188390318274,1.988747498583884,1.017657319104113,-0.2392692424318996,-0.1503254798299704,0.1778875252038584,0.2889036253121724,0.3250467465747142,0.07228624252508359,1.238792570015472,1.3348813712885463,0.1921776025461488
0.7,0.201893534087435,324,331,105339,417366,655,0.0012515285845307,0.4946564885496183,0.00306635246018,0.9992075595467528,0.5011369560034664,0.0060949227788333,2.45008583749589,0.0087908615358869,0.0048889003854213,40,0.109639313307662,0.575,0.725,0.0070957612596303,0.0070957612596303,0.0080479932874004,2.834283995312819,-0.0641377783341471,0.0,0.2889036253121724,1.4309701725616208,0.2915660592255125,3489,3414,150108,369789,6903,0.0131036446469248,0.505432420686658,0.0227152874079571,0.990852163567817,0.5067837254878871,0.0434766355140186,1.733509112923634,0.0071689503758428,0.005297886757102,175,0.4783608169339729,0.4971428571428571,0.6,0.0038518047132969,0.0038518047132969,0.0047427722945234,1.5363609802649814,-0.2365589543483406,0.0,0.361189867837256,1.238792570015472,ETHUSDT,SUBE,v4_63_moderado,63,0.4946564885496183,0.5000444546181382,0.010775932137039645,0.00306635246018,0.01289081993406855,0.0196489349477771,0.0060949227788333,0.02478577914642595,0.0373817127351853,1.733509112923634,2.091797475209762,0.7165767245722561,40,107.5,135,0.4971428571428571,0.5360714285714285,0.07785714285714285,0.6,0.6625,0.125,0.0038518047132969,0.0054737829864636,0.0032439565463333996,1.5363609802649814,2.1853224877889,1.2979230150478376,-0.2365589543483406,-0.15034836634124385,0.1724211760141935,0.2889036253121724,0.3250467465747142,0.07228624252508359,1.238792570015472,1.3348813712885463,0.1921776025461488
0.71,0.201893534087435,293,284,105370,417413,577,0.001102491592785,0.5077989601386482,0.0027729668852862,0.999320081302954,0.5010465240941201,0.005515813253012,2.515181887492906,0.0096529057340502,0.0051564929769376,36,0.0986753819768958,0.5555555555555556,0.7222222222222222,0.0066095250723735,0.0066095250723735,0.0067239673805308,2.686827443771763,-0.0822005605037834,0.0,0.2889036253121724,1.4309701725616208,0.2915660592255125,3209,3089,150388,370114,6298,0.0119552012148823,0.5095268339155288,0.0208923351367539,0.991723003298473,0.5063076692176135,0.0401388411144813,1.747551945068592,0.0075866422867079,0.0055063929448422,167,0.4564928938741341,0.4850299401197604,0.5808383233532934,0.0036768249919906,0.0036768249919906,0.0045595516154146,1.489292150397572,-0.232256611155548,0.0,0.361189867837256,1.238792570015472,ETHUSDT,SUBE,v4_63_moderado,63,0.5077989601386482,0.5086628970270886,0.0017278737768805508,0.0027729668852862,0.01183265101102005,0.0181193682514677,0.005515813253012,0.02282732718374665,0.0346230278614693,1.747551945068592,2.131366916280749,0.767629942424314,36,101.5,131,0.4850299401197604,0.520292747837658,0.07052561543579516,0.5808383233532934,0.6515302727877579,0.14138389886892877,0.0036768249919906,0.00514317503218205,0.0029327000803829003,1.489292150397572,2.0880597970846675,1.197535293374191,-0.232256611155548,-0.1572285858296657,0.15005605065176458,0.2889036253121724,0.3250467465747142,0.07228624252508359,1.238792570015472,1.3348813712885463,0.1921776025461488
0.72,0.201893534087435,267,248,105396,417449,515,0.0009840262916539,0.5184466019417475,0.0025269015644075,0.9994062681800444,0.500966584872226,0.0050292904368136,2.567920782035651,0.0105110528927999,0.0054752715196124,35,0.0959343991442042,0.5714285714285714,0.7428571428571429,0.007057895524251,0.007057895524251,0.0080048494557893,2.82111967051181,-0.0822005605037831,0.0,0.2889036253121724,1.4309701725616208,0.2915660592255125,2980,2806,150617,370397,5786,0.0109832953682612,0.5150362945039751,0.0194014206006627,0.9924813037408596,0.5059413621707611,0.0373942013891067,1.7664480422449274,0.0080111928918788,0.0057875033142267,160,0.4373584611967752,0.48125,0.56875,0.0035916877592096,0.0035916877592096,0.0044167566779621,1.4738839901644278,-0.2306665101348772,0.0,0.361189867837256,1.238792570015472,ETHUSDT,SUBE,v4_63_moderado,63,0.5150362945039751,0.5167414482228614,0.003410307437772375,0.0025269015644075,0.0109641610825351,0.016874519036255198,0.0050292904368136,0.02121174591296015,0.0323649109522931,1.7664480422449274,2.1671844121402892,0.8014727397907235,35,97.5,125,0.48125,0.5263392857142857,0.09017857142857139,0.56875,0.6558035714285715,0.1741071428571429,0.0035916877592096,0.0053247916417303,0.0034662077650414003,1.4738839901644278,2.147501830338119,1.3472356803473822,-0.2306665101348772,-0.15643353531933016,0.1484659496310941,0.2889036253121724,0.3250467465747142,0.07228624252508359,1.238792570015472,1.3348813712885463,0.1921776025461488
0.73,0.201893534087435,250,206,105413,417491,456,0.0008712931825129,0.5482456140350878,0.0023660127007561,0.9995068195366498,0.500936416118703,0.0047116915915151,2.7155184365520904,0.011443917060671,0.0065292112666764,35,0.0959343991442042,0.5714285714285714,0.7428571428571429,0.007057895524251,0.007057895524251,0.0080048494557893,2.82111967051181,-0.0822005605037831,0.0,0.2889036253121724,1.4309701725616208,0.2915660592255125,2767,2501,150830,370702,5268,0.01,0.5252467729688687,0.0180146747657831,0.9932985533342444,0.5056566140500137,0.0348346080005035,1.8014674765783187,0.0086253356824825,0.006323608326945,149,0.4072900669894969,0.4765100671140939,0.5704697986577181,0.0032688928020397,0.0032688928020397,0.0036397573495101,1.427743979528665,-0.2363677113707208,0.0,0.361189867837256,1.238792570015472,ETHUSDT,SUBE,v4_63_moderado,63,0.5252467729688687,0.5367461935019782,0.022998841066219078,0.0023660127007561,0.0101903437332696,0.015648662065027002,0.0047116915915151,0.0197731497960093,0.030122916408988402,1.8014674765783187,2.2584929565652043,0.9140509599737716,35,92.0,114,0.4765100671140939,0.5239693192713326,0.09491850431447751,0.5704697986577181,0.6566634707574305,0.1723873441994248,0.0032688928020397,0.00516339416314535,0.0037890027222113,1.427743979528665,2.1244318250202374,1.393375690983145,-0.2363677113707208,-0.15928413593725194,0.1541671508669377,0.2889036253121724,0.3250467465747142,0.07228624252508359,1.238792570015472,1.3348813712885463,0.1921776025461488
0.74,0.201893534087435,230,167,105433,417530,397,0.000758560073372,0.5793450881612091,0.0021767316846956,0.9996001886534976,0.5008884601690967,0.0043371676409579,2.8695574168824507,0.01263279746845,0.0080048494557893,32,0.0877114506461296,0.53125,0.71875,0.0074698129729981,0.0074698129729981,0.0067135460938384,3.136374742993295,-0.0597762905387576,0.0,0.2889036253121724,1.4309701725616208,0.2915660592255125,2579,2264,151018,370939,4843,0.0091932422171602,0.5325211645674169,0.0167906925265467,0.9939335964609072,0.505362144493727,0.0325549103761676,1.8264168538064889,0.0092789558469572,0.0066292096337661,144,0.3936226150770977,0.4722222222222222,0.5694444444444444,0.0033567970117347,0.0033567970117347,0.0028028952146591,1.4588219561034537,-0.2340643254009103,0.0,0.361189867837256,1.238792570015472,ETHUSDT,SUBE,v4_63_moderado,63,0.5325211645674169,0.555933126364313,0.04682392359379217,0.0021767316846956,0.00948371210562115,0.014613960841851101,0.0043371676409579,0.018446039008562752,0.028217742735209703,1.8264168538064889,2.3479871353444697,1.0431405630759618,32,88.0,112,0.4722222222222222,0.5017361111111112,0.05902777777777779,0.5694444444444444,0.6440972222222222,0.14930555555555558,0.0033567970117347,0.0054133049923664,0.0041130159612634,1.4588219561034537,2.297598349548374,1.6775527868898412,-0.2340643254009103,-0.14692030796983394,0.1742880348621527,0.2889036253121724,0.3250467465747142,0.07228624252508359,1.238792570015472,1.3348813712885463,0.1921776025461488
0.75,0.201893534087435,211,141,105452,417556,352,0.0006725771935188,0.5994318181818182,0.0019969147194382,0.9996624347313962,0.5008296747254172,0.0039805687874357,2.96904911240109,0.0136606475034426,0.0088629991095823,28,0.0767475193153634,0.5357142857142857,0.6785714285714286,0.0070574873906866,0.0070574873906866,0.0052152732432435,2.764170380261831,-0.0597762905387576,0.0,0.2889036253121724,1.4309701725616208,0.2915660592255125,2402,2030,151195,371173,4432,0.0084130599848139,0.5419675090252708,0.0156383262693932,0.9945606010669796,0.5050994636681865,0.0303994836390789,1.8588154961002663,0.0101515304641225,0.0072290766886531,137,0.3744881823997388,0.4890510948905109,0.5693430656934306,0.0034907190006397,0.0034907190006397,0.0045595516154146,1.4834876119913678,-0.2265491146003437,0.0,0.361189867837256,1.238792570015472,ETHUSDT,SUBE,v4_63_moderado,63,0.5419675090252708,0.5706996636035445,0.05746430915654743,0.0019969147194382,0.0088176204944157,0.013641411549955,0.0039805687874357,0.017190026213257298,0.0264189148516432,1.8588154961002663,2.413932304250678,1.1102336163008235,28,82.5,109,0.4890510948905109,0.5123826903023982,0.04666319082377479,0.5693430656934306,0.6239572471324296,0.10922836287799798,0.0034907190006397,0.005274103195663149,0.0035667683900469,1.4834876119913678,2.1238289961265995,1.2806827682704631,-0.2265491146003437,-0.14316270256955063,0.16677282406158608,0.2889036253121724,0.3250467465747142,0.07228624252508359,1.238792570015472,1.3348813712885463,0.1921776025461488
0.76,0.201893534087435,197,116,105466,417581,313,0.0005980586976459,0.6293929712460063,0.0018644180081958,0.9997222867293756,0.5007933523687857,0.0037178229032988,3.1174498682728093,0.0149716361397555,0.0103207588442342,25,0.0685245708172887,0.52,0.72,0.0062356648628719,0.0062356648628719,0.0050083037545995,2.5736197517391077,-0.0597762905387576,0.0,0.2889036253121724,1.4309701725616208,0.2915660592255125,2221,1853,151376,371350,4074,0.0077334851936218,0.5451644575355915,0.0144599178369369,0.9950348737818292,0.5047473958093831,0.0281725872227613,1.869780244599501,0.0106349829232345,0.0075065442158398,128,0.3498867689574202,0.4921875,0.59375,0.0038683669750954,0.0038683669750954,0.004613239693007,1.535324997527191,-0.2313149205266504,0.0,0.361189867837256,1.238792570015472,ETHUSDT,SUBE,v4_63_moderado,63,0.5451644575355915,0.5872787143907989,0.08422851371041484,0.0018644180081958,0.00816216792256635,0.0125954998287411,0.0037178229032988,0.01594520506303005,0.024454764319462502,1.869780244599501,2.4936150564361554,1.2476696236733082,25,76.5,103,0.4921875,0.50609375,0.027812500000000018,0.59375,0.656875,0.12624999999999997,0.0038683669750954,0.00505201591898365,0.0023672978877765,1.535324997527191,2.0544723746331495,1.0382947542119167,-0.2313149205266504,-0.145545605532704,0.1715386299878928,0.2889036253121724,0.3250467465747142,0.07228624252508359,1.238792570015472,1.3348813712885463,0.1921776025461488
0.77,0.201893534087435,187,101,105476,417596,288,0.0005502904310608,0.6493055555555556,0.0017697775001656,0.9997581979281632,0.5007639877141644,0.0035299336485733,3.2160790016898586,0.016119387077106,0.0114457037728216,23,0.0630426051519056,0.5217391304347826,0.6956521739130435,0.0061639761222547,0.0061639761222547,0.0050083037545995,2.431086244282224,-0.0597762905387577,0.0,0.2889036253121724,1.4309701725616208,0.2915660592255125,2046,1677,151551,371526,3723,0.0070671981776765,0.5495568090249798,0.0133205726674349,0.9955064669898152,0.504413519828625,0.0260106788710907,1.8848449318304352,0.0112281172183814,0.0076688822165762,115,0.3143513939851822,0.4695652173913043,0.5826086956521739,0.0030556231571897,0.0030556231571897,0.0038515991888794,1.4039362815550744,-0.1907316162871034,0.0,0.361189867837256,1.238792570015472,ETHUSDT,SUBE,v4_63_moderado,63,0.5495568090249798,0.5994311822902677,0.09974874653057575,0.0017697775001656,0.00754517508380025,0.0115507951672693,0.0035299336485733,0.014770306259832,0.022480745222517397,1.8848449318304352,2.550461966760147,1.3312340698594234,23,69.0,92,0.4695652173913043,0.49565217391304345,0.05217391304347829,0.5826086956521739,0.6391304347826087,0.11304347826086958,0.0030556231571897,0.0046097996397222,0.003108352965065,1.4039362815550744,1.9175112629186493,1.0271499627271494,-0.1907316162871034,-0.12525395341293055,0.13095532574834567,0.2889036253121724,0.3250467465747142,0.07228624252508359,1.238792570015472,1.3348813712885463,0.1921776025461488
0.78,0.201893534087435,168,87,105495,417610,255,0.0004872363191684,0.6588235294117647,0.0015899605349081,0.9997917150470316,0.5006908377909699,0.0031722653373364,3.2632225315667847,0.0169813373941729,0.0118802455217337,21,0.0575606394865225,0.5714285714285714,0.7619047619047619,0.0083801401875329,0.0083801401875329,0.0054222427318875,3.697541752335976,-0.0374168723967122,0.0,0.2889036253121724,1.4309701725616208,0.2915660592255125,1877,1523,151720,371680,3400,0.0064540622627182,0.5520588235294117,0.0122202907608872,0.995919111046803,0.5040697009038451,0.0239112849290113,1.8934262273045317,0.0118732687515468,0.0077996263129079,106,0.2897499805428636,0.5094339622641509,0.6132075471698113,0.0034507263240705,0.0034507263240705,0.00572077694519,1.441971363187201,-0.1943098439605246,0.0,0.361189867837256,1.238792570015472,ETHUSDT,SUBE,v4_63_moderado,63,0.5520588235294117,0.6054411764705883,0.10676470588235298,0.0015899605349081,0.00690512564789765,0.0106303302259791,0.0031722653373364,0.01354177513317385,0.0207390195916749,1.8934262273045317,2.5783243794356583,1.369796304262253,21,63.5,85,0.5094339622641509,0.5404312668463611,0.061994609164420456,0.6132075471698113,0.6875561545372866,0.14869721473495057,0.0034507263240705,0.0059154332558017005,0.0049294138634624,1.441971363187201,2.5697565577615884,2.255570389148775,-0.1943098439605246,-0.1158633581786184,0.15689297156381238,0.2889036253121724,0.3250467465747142,0.07228624252508359,1.238792570015472,1.3348813712885463,0.1921776025461488
0.79,0.201893534087435,148,79,105515,417618,227,0.000433735860593,0.6519823788546255,0.0014006795188476,0.999810867686385,0.5006057736026164,0.0027953536689016,3.229337590238369,0.017497049642788,0.0120873633590603,20,0.054819656653831,0.65,0.8,0.0106010245459332,0.0106010245459332,0.0102412157933549,5.351036728758058,-0.0374168723967122,0.0,0.2889036253121724,1.4309701725616208,0.2915660592255125,1700,1391,151897,371812,3091,0.0058675018982536,0.5499838240051763,0.0110679245037337,0.9962728059527924,0.5036703652282631,0.0216991728785867,1.886309488374948,0.012192455297263,0.0077594223672752,104,0.2842829997779039,0.4903846153846153,0.5961538461538461,0.0034811077657063,0.0034811077657063,0.0043178839056541,1.4398144650040552,-0.2161403895472498,0.0,0.361189867837256,1.238792570015472,ETHUSDT,SUBE,v4_63_moderado,63,0.5499838240051763,0.600983101429901,0.1019985548494492,0.0014006795188476,0.00623430201129065,0.0096672449848861,0.0027953536689016,0.01224726327374415,0.018903819209685098,1.886309488374948,2.5578235393066584,1.343028101863421,20,62.0,84,0.4903846153846153,0.5701923076923077,0.15961538461538471,0.5961538461538461,0.698076923076923,0.2038461538461539,0.0034811077657063,0.00704106615581975,0.007119916780226901,1.4398144650040552,3.3954255968810565,3.911222263754003,-0.2161403895472498,-0.126778630971981,0.17872351715053758,0.2889036253121724,0.3250467465747142,0.07228624252508359,1.238792570015472,1.3348813712885463,0.1921776025461488
0.8,0.201893534087435,132,71,105531,417626,203,0.0003878783246713,0.6502463054187192,0.0012492547059992,0.9998300203257384,0.5005396375158689,0.0024937184742976,3.2207386351318896,0.0177257546995006,0.0120873633590603,19,0.0520786738211394,0.6842105263157895,0.8421052631578947,0.011700646511891,0.011700646511891,0.0124775821309204,6.783819003968596,-0.0374168723967123,0.0,0.2889036253121724,1.4309701725616208,0.2915660592255125,1569,1266,152028,371937,2835,0.005381548974943,0.5534391534391534,0.0102150432625637,0.9966077443107372,0.5034113937866503,0.0200598343050015,1.8981604200065496,0.0127162299794499,0.008003481953025,97,0.265148567100545,0.4948453608247423,0.5876288659793815,0.0043922680997862,0.0043922680997862,0.0046669277705995,1.5688371221380528,-0.213305944140462,0.0,0.361189867837256,1.238792570015472,ETHUSDT,SUBE,v4_63_moderado,63,0.5534391534391534,0.6018427294289364,0.0968071519795658,0.0012492547059992,0.00573214898428145,0.0089657885565645,0.0024937184742976,0.01127677638964955,0.017566115830703898,1.8981604200065496,2.5594495275692197,1.32257821512534,19,58.0,78,0.4948453608247423,0.5895279435702658,0.1893651654910472,0.5876288659793815,0.7148670645686381,0.2544763971785132,0.0043922680997862,0.008046457305838601,0.007308378412104801,1.5688371221380528,4.176328063053324,5.214981881830544,-0.213305944140462,-0.12536140826858716,0.1758890717437497,0.2889036253121724,0.3250467465747142,0.07228624252508359,1.238792570015472,1.3348813712885463,0.1921776025461488
0.81,0.201893534087435,117,60,105546,417637,177,0.0003381993274228,0.6610169491525424,0.0011072939439538,0.9998563552048496,0.5004818245744017,0.0022108843537414,3.2740867712299915,0.018473775107235,0.0125402575396329,16,0.0438557253230648,0.6875,0.8125,0.008897355956353,0.008897355956353,0.0102412157933549,4.703669134459118,-0.0374168723967123,0.0,0.2889036253121724,1.4309701725616208,0.2915660592255125,1433,1140,152164,372063,2573,0.0048842065299924,0.5569374271278663,0.009329609302265,0.9969453621755452,0.5031374857389052,0.0183517961196132,1.9101586398885395,0.0132129071979724,0.0083351416208212,92,0.2514811151881457,0.5108695652173914,0.5978260869565217,0.0053979650878277,0.0053979650878277,0.00572077694519,1.743800494822574,-0.1947094501338871,0.0,0.361189867837256,1.238792570015472,ETHUSDT,SUBE,v4_63_moderado,63,0.5569374271278663,0.6089771881402044,0.10407952202467607,0.0011072939439538,0.0052184516231094,0.008222315358311201,0.0022108843537414,0.010281340236677301,0.0161409117658718,1.9101586398885395,2.5921227055592655,1.363928131341452,16,54.0,76,0.5108695652173914,0.5991847826086957,0.17663043478260865,0.5978260869565217,0.7051630434782609,0.21467391304347827,0.0053979650878277,0.00714766052209035,0.003499390868525299,1.743800494822574,3.223734814640846,2.959868639636544,-0.1947094501338871,-0.1160631612652997,0.1572925777371748,0.2889036253121724,0.3250467465747142,0.07228624252508359,1.238792570015472,1.3348813712885463,0.1921776025461488
0.82,0.201893534087435,108,52,105555,417645,160,0.0003057169061449,0.675,0.0010221174867266,0.9998755078442028,0.5004488126654648,0.0020411441747068,3.343346299082933,0.0192354093141202,0.0132457493730691,15,0.0411147424903732,0.6666666666666666,0.8,0.0098417339975514,0.0098417339975514,0.0124775821309204,4.840732988727948,-0.0374168723967122,0.0,0.2889036253121724,1.4309701725616208,0.2915660592255125,1330,1041,152267,372162,2371,0.0045007593014426,0.5609447490510333,0.0086590232882152,0.9972106333550372,0.5029348283216263,0.0170547804677882,1.923902770236947,0.0137270380317785,0.0084870271959986,83,0.2268797017458271,0.4819277108433735,0.5903614457831325,0.0050152914910609,0.0050152914910609,0.0041440687513076,1.7211442925023666,-0.1587816773038493,0.0,0.361189867837256,1.238792570015472,ETHUSDT,SUBE,v4_63_moderado,63,0.5609447490510333,0.6179723745255167,0.11405525094896674,0.0010221174867266,0.0048405703874709,0.007636905801488601,0.0020411441747068,0.0095479623212475,0.0150136362930814,1.923902770236947,2.63362453465994,1.4194435288459861,15,49.0,68,0.4819277108433735,0.5742971887550201,0.18473895582329314,0.5903614457831325,0.6951807228915663,0.2096385542168675,0.0050152914910609,0.00742851274430615,0.004826442506490499,1.7211442925023666,3.2809386406151573,3.119588696225582,-0.1587816773038493,-0.09809927485028075,0.12136480490713708,0.2889036253121724,0.3250467465747142,0.07228624252508359,1.238792570015472,1.3348813712885463,0.1921776025461488
0.83,0.201893534087435,96,43,105567,417654,139,0.0002655915622133,0.6906474820143885,0.0009085488770903,0.9998970545634754,0.500402801720283,0.001814710496966,3.4208499303166704,0.0205774376995187,0.015554986905935,12,0.0328917939922986,0.6666666666666666,0.8333333333333334,0.0107307264926308,0.0107307264926308,0.0103501904346509,4.429515431287735,-0.0374168723967123,0.0,0.2889036253121724,1.4309701725616208,0.2915660592255125,1241,943,152356,372260,2184,0.0041457858769931,0.5682234432234432,0.0080795848877256,0.997473225027666,0.5027764049576958,0.0159326233622842,1.948866904237126,0.0141872442994657,0.0088598015745019,77,0.2104787594509481,0.4935064935064935,0.5844155844155844,0.0056519647893256,0.0056519647893256,0.0046669277705995,1.7840584784901703,-0.1527462335642997,0.0,0.361189867837256,1.238792570015472,ETHUSDT,SUBE,v4_63_moderado,63,0.5682234432234432,0.6294354626189158,0.12242403879094532,0.0009085488770903,0.00449406688240795,0.0071710360106353,0.001814710496966,0.0088736669296251,0.014117912865318199,1.948866904237126,2.684858417276898,1.4719830260795443,12,44.5,65,0.4935064935064935,0.5800865800865801,0.17316017316017313,0.5844155844155844,0.7088744588744589,0.24891774891774898,0.0056519647893256,0.0081913456409782,0.0050787617033052,1.7840584784901703,3.1067869548889524,2.6454569527975647,-0.1527462335642997,-0.095081552980506,0.11532936116758741,0.2889036253121724,0.3250467465747142,0.07228624252508359,1.238792570015472,1.3348813712885463,0.1921776025461488
0.84,0.201893534087435,82,36,105581,417661,118,0.0002254662182818,0.6949152542372882,0.000776052165848,0.9999138131229096,0.5003449326443788,0.00155037294032,3.4419886569340936,0.0221921750003239,0.0191153587403977,12,0.0328917939922986,0.6666666666666666,0.8333333333333334,0.0108998184318587,0.0108998184318587,0.0113647420700178,4.483556824970297,-0.0374168723967123,0.0,0.2889036253121724,1.4309701725616208,0.2915660592255125,1143,859,152454,372344,2002,0.003800303720577,0.570929070929071,0.0074415515928045,0.9976983036042046,0.5025699275985046,0.0146916111286062,1.958146543001716,0.0144598493910036,0.0090932903032903,73,0.1995447979210287,0.4657534246575342,0.5753424657534246,0.0055614421260428,0.0055614421260428,0.002662191571632,1.748534042333232,-0.1527462335642996,0.0,0.361189867837256,1.238792570015472,ETHUSDT,SUBE,v4_63_moderado,63,0.570929070929071,0.6329221625831796,0.1239861833082172,0.000776052165848,0.00410880187932625,0.0066654994269565,0.00155037294032,0.0081209920344631,0.0131412381882862,1.958146543001716,2.700067599967905,1.4838421139323776,12,42.5,61,0.4657534246575342,0.5662100456621004,0.2009132420091324,0.5753424657534246,0.704337899543379,0.25799086757990874,0.0055614421260428,0.00823063027895075,0.0053383763058159,1.748534042333232,3.1160454336517645,2.7350227826370643,-0.1527462335642996,-0.09508155298050594,0.1153293611675873,0.2889036253121724,0.3250467465747142,0.07228624252508359,1.238792570015472,1.3348813712885463,0.1921776025461488
0.85,0.201893534087435,76,33,105587,417664,109,0.0002082696423112,0.6972477064220184,0.0007192678610298,0.9999209953626672,0.5003201316118485,0.001437053284423,3.453541538977954,0.0237690581515803,0.022898260315147,10,0.0274098283269155,0.7,0.9,0.0151779443520634,0.0151779443520634,0.0136847630186401,40.2189781618997,-0.0038700509455925,0.0,0.2889036253121724,1.4309701725616208,0.2915660592255125,1042,788,152555,372415,1830,0.0034738041002277,0.5693989071038251,0.0067839866664062,0.9978885485915172,0.5023362676289618,0.0134082237963802,1.9528984567556336,0.0145782512819251,0.0090932903032903,67,0.1831438556261496,0.4776119402985074,0.5671641791044776,0.0055267650127988,0.0055267650127988,0.0041440687513076,1.6912787102825542,-0.1499830153677234,0.0,0.361189867837256,1.238792570015472,ETHUSDT,SUBE,v4_63_moderado,63,0.5693989071038251,0.6333233067629218,0.12784879931819326,0.0007192678610298,0.003751627263718,0.0060647188053763994,0.001437053284423,0.0074226385404016,0.0119711705119572,1.9528984567556336,2.7032199978667935,1.5006430822223202,10,38.5,57,0.4776119402985074,0.5888059701492536,0.22238805970149256,0.5671641791044776,0.7335820895522388,0.33283582089552244,0.0055267650127988,0.010352354682431099,0.0096511793392646,1.6912787102825542,20.955128436091126,38.527699451617146,-0.1499830153677234,-0.07692653315665796,0.1461129644221309,0.2889036253121724,0.3250467465747142,0.07228624252508359,1.238792570015472,1.3348813712885463,0.1921776025461488
0.86,0.201893534087435,66,32,105597,417665,98,0.0001872516050137,0.673469387755102,0.0006246273529996,0.9999233894425864,0.500274008397793,0.0012480971246489,3.3357650149580285,0.0244785591081124,0.0250833666550854,10,0.0274098283269155,0.7,0.9,0.0164812073329569,0.0164812073329569,0.0183218778862878,43.5865384323343,-0.0038700509455925,0.0,0.2889036253121724,1.4309701725616208,0.2915660592255125,955,712,152642,372491,1667,0.0031643887623386,0.5728854229154169,0.0062175693535681,0.9980921911131476,0.5021548802333579,0.0123016281945589,1.9648563500058047,0.0146891382187201,0.009341687170576,65,0.1776768748611899,0.5076923076923077,0.5846153846153846,0.0066760461469648,0.0066760461469648,0.0062722741812231,1.8609974500664188,-0.1499830153677234,0.0,0.361189867837256,1.238792570015472,ETHUSDT,SUBE,v4_63_moderado,63,0.5728854229154169,0.6231774053352594,0.10058396483968512,0.0006246273529996,0.00342109835328385,0.0055929420005685,0.0012480971246489,0.0067748626596039006,0.01105353106991,1.9648563500058047,2.6503106824819165,1.3709086649522237,10,37.5,55,0.5076923076923077,0.6038461538461538,0.1923076923076923,0.5846153846153846,0.7423076923076923,0.3153846153846154,0.0066760461469648,0.01157862673996085,0.0098051611859921,1.8609974500664188,22.72376794120036,41.72554098226788,-0.1499830153677234,-0.07692653315665796,0.1461129644221309,0.2889036253121724,0.3250467465747142,0.07228624252508359,1.238792570015472,1.3348813712885463,0.1921776025461488
0.87,0.201893534087435,58,31,105605,417666,89,0.0001700550290431,0.651685393258427,0.0005489149465754,0.9999257835225056,0.5002373492345404,0.0010969059686814,3.227866589210323,0.0251323403231358,0.0289132547148978,10,0.0274098283269155,0.7,0.9,0.0161272467351437,0.0161272467351437,0.0165520748972221,42.67192360480535,-0.0038700509455924,0.0,0.2889036253121724,1.4309701725616208,0.2915660592255125,888,653,152709,372550,1541,0.0029252088078967,0.5762491888384166,0.0057813629172444,0.9982502820180974,0.502015822467671,0.0114478722169939,1.9763932412747505,0.0151652170396147,0.0095062022900762,59,0.1612759325663108,0.5084745762711864,0.5932203389830508,0.0047441851037834,0.0047441851037834,0.0062722741812231,1.5720254681300567,-0.1499830153677233,0.0,0.361189867837256,1.238792570015472,ETHUSDT,SUBE,v4_63_moderado,63,0.5762491888384166,0.6139672910484217,0.07543620442001042,0.0005489149465754,0.0031651389319099,0.005232447970669,0.0010969059686814,0.00627238909283765,0.0103509662483125,1.9763932412747505,2.6021299152425366,1.2514733479355724,10,34.5,49,0.5084745762711864,0.6042372881355932,0.19152542372881354,0.5932203389830508,0.7466101694915255,0.3067796610169492,0.0047441851037834,0.01043571591946355,0.0113830616313603,1.5720254681300567,22.121974536467704,41.09989813667529,-0.1499830153677233,-0.07692653315665784,0.1461129644221309,0.2889036253121724,0.3250467465747142,0.07228624252508359,1.238792570015472,1.3348813712885463,0.1921776025461488
0.88,0.201893534087435,52,28,105611,417669,80,0.0001528584530724,0.65,0.0004921306417572,0.9999329657622632,0.5002125482020102,0.0009835166393992,3.219518658376158,0.0260031221805184,0.0304288517644992,8,0.0219278626615324,0.75,0.875,0.0178487669101984,0.0178487669101984,0.0211032213884827,37.89619007320956,-0.0038700509455924,0.0,0.2889036253121724,1.4309701725616208,0.2915660592255125,805,601,152792,372602,1406,0.0026689445709946,0.5725462304409673,0.0052409877797092,0.9983896163750025,0.5018153020773558,0.0103868957375018,1.963693003094472,0.0151284820639957,0.0093721154277557,55,0.1503419710363915,0.5272727272727272,0.6181818181818182,0.0051070650966863,0.0051070650966863,0.0067266271098869,1.5699242358194605,-0.1499830153677233,0.0,0.361189867837256,1.238792570015472,ETHUSDT,SUBE,v4_63_moderado,63,0.5725462304409673,0.6112731152204837,0.07745376955903271,0.0004921306417572,0.0028665592107332,0.004748857137952,0.0009835166393992,0.0056852061884505,0.009403379098102599,1.963693003094472,2.5916058307353147,1.255825655281686,8,31.5,47,0.5272727272727272,0.6386363636363637,0.22272727272727277,0.6181818181818182,0.7465909090909091,0.25681818181818183,0.0051070650966863,0.01147791600344235,0.012741701813512103,1.5699242358194605,19.733057154514512,36.326265837390096,-0.1499830153677233,-0.07692653315665784,0.1461129644221309,0.2889036253121724,0.3250467465747142,0.07228624252508359,1.238792570015472,1.3348813712885463,0.1921776025461488
0.89,0.201893534087435,50,26,105613,417671,76,0.0001452155304188,0.6578947368421053,0.0004732025401512,0.9999377539221014,0.5002054782311263,0.0009457248508119,3.258622123862508,0.0264717554511265,0.0306672699285773,8,0.0219278626615324,0.75,0.875,0.0178487669101984,0.0178487669101984,0.0211032213884827,37.89619007320956,-0.0038700509455924,0.0,0.2889036253121724,1.4309701725616208,0.2915660592255125,739,555,152858,372648,1294,0.0024563401670463,0.5710973724884081,0.0048112918872113,0.998512873690726,0.5016620827889686,0.009542194188171,1.9587237760300875,0.0146201955192149,0.0093721154277557,51,0.1394080095064721,0.5098039215686274,0.6078431372549019,0.0046236751954661,0.0046236751954661,0.0062722741812231,1.4809377361017964,-0.1432622686449625,0.0,0.361189867837256,1.238792570015472,ETHUSDT,SUBE,v4_63_moderado,63,0.5710973724884081,0.6144960546652567,0.08679736435369723,0.0004732025401512,0.0026422472136812497,0.0043380893470601,0.0009457248508119,0.00524395951949145,0.0085964693373591,1.9587237760300875,2.608672949946298,1.2998983478324206,8,29.5,43,0.5098039215686274,0.6299019607843137,0.24019607843137258,0.6078431372549019,0.741421568627451,0.2671568627450981,0.0046236751954661,0.01123622105283225,0.013225091714732302,1.4809377361017964,19.688563904655677,36.415252337107766,-0.1432622686449625,-0.07356615979527745,0.1393922176993701,0.2889036253121724,0.3250467465747142,0.07228624252508359,1.238792570015472,1.3348813712885463,0.1921776025461488
0.9,0.201893534087435,44,19,105619,417678,63,0.0001203760317945,0.6984126984126984,0.000416418235333,0.9999545124815356,0.5001854653584343,0.0008323402001399,3.4593118673638816,0.0294046672334732,0.0393505099964233,6,0.0164458969961493,0.8333333333333334,0.8333333333333334,0.0235280552095083,0.0235280552095083,0.023412875446575,37.477124782509776,0.0,0.0,0.2889036253121724,1.4309701725616208,0.2915660592255125,679,507,152918,372696,1186,0.0022513287775246,0.572512647554806,0.0044206592576677,0.9986414900201768,0.5015310746389222,0.0087735733252359,1.9635778220399605,0.014487004189987,0.0093721154277557,45,0.123007067211593,0.5111111111111111,0.6,0.0048341871473261,0.0048341871473261,0.0062722741812231,1.4838869084058086,-0.1074766281637791,0.0,0.361189867837256,1.238792570015472,ETHUSDT,SUBE,v4_63_moderado,63,0.572512647554806,0.6354626729837523,0.12590005085789235,0.000416418235333,0.00241853874650035,0.0040042410223347005,0.0008323402001399,0.0048029567626879,0.007941233125096,1.9635778220399605,2.711444844701921,1.4957340453239212,6,25.5,39,0.5111111111111111,0.6722222222222223,0.3222222222222223,0.6,0.7166666666666667,0.2333333333333334,0.0048341871473261,0.014181121178417199,0.0186938680621822,1.4838869084058086,19.48050584545779,35.99323787410397,-0.1074766281637791,-0.05373831408188955,0.1074766281637791,0.2889036253121724,0.3250467465747142,0.07228624252508359,1.238792570015472,1.3348813712885463,0.1921776025461488
0.91,0.201893534087435,39,16,105624,417681,55,0.0001050901864873,0.7090909090909091,0.0003690979813179,0.9999616947212931,0.5001653963513055,0.0007378119147165,3.5122021727739905,0.0307897135314805,0.0402612071572736,4,0.0109639313307662,1.0,1.0,0.033873981266543,0.033873981266543,0.0317999874541322,inf,0.0,0.0,0.2889036253121724,1.4309701725616208,0.2915660592255125,621,458,152976,372745,1079,0.0020482156416097,0.5755329008341057,0.0040430477157756,0.998772785856491,0.5014079167861334,0.0080296878636633,1.9739365492777,0.0141522275229667,0.0097237034702224,41,0.1120731056816736,0.5121951219512195,0.6341463414634146,0.0048929997101549,0.0048929997101549,0.0062722741812231,1.5012772267801682,-0.1074766281637791,0.0,0.361189867837256,1.238792570015472,ETHUSDT,SUBE,v4_63_moderado,63,0.5755329008341057,0.6423119049625075,0.13355800825680342,0.0003690979813179,0.00220607284854675,0.0036739497344577005,0.0007378119147165,0.0043837498891899,0.007291875948946799,1.9739365492777,2.743069361025845,1.5382656234962906,4,22.5,37,0.5121951219512195,0.7560975609756098,0.4878048780487805,0.6341463414634146,0.8170731707317074,0.36585365853658536,0.0048929997101549,0.01938349048834895,0.0289809815563881,1.5012772267801682,inf,inf,-0.1074766281637791,-0.05373831408188955,0.1074766281637791,0.2889036253121724,0.3250467465747142,0.07228624252508359,1.238792570015472,1.3348813712885463,0.1921776025461488
0.92,0.201893534087435,39,12,105624,417685,51,9.744726383369e-05,0.7647058823529411,0.0003690979813179,0.99997127104097,0.5001701845111439,0.0007378398319995,3.7876690098543033,0.0332198624026219,0.0421938063910933,4,0.0109639313307662,1.0,1.0,0.033873981266543,0.033873981266543,0.0317999874541322,inf,0.0,0.0,0.2889036253121724,1.4309701725616208,0.2915660592255125,567,416,153030,372787,983,0.0018659832953682,0.5768056968463886,0.0036914783491865,0.9988853251447604,0.5012884017469734,0.0073360072454392,1.9783019271123623,0.0136219360953249,0.0096797539352269,39,0.1066061249167139,0.5641025641025641,0.6923076923076923,0.0074480504760177,0.0074480504760177,0.0097702839590889,1.8827199958835936,-0.0978391450191122,0.0,0.361189867837256,1.238792570015472,ETHUSDT,SUBE,v4_63_moderado,63,0.5768056968463886,0.6707557895996649,0.18790018550655252,0.0003690979813179,0.0020302881652522,0.0033223803678686,0.0007378398319995,0.00403692353871935,0.006598167413439699,1.9783019271123623,2.8829854684833327,1.809367082741941,4,21.5,35,0.5641025641025641,0.782051282051282,0.4358974358974359,0.6923076923076923,0.8461538461538461,0.3076923076923077,0.0074480504760177,0.02066101587128035,0.026425930790525298,1.8827199958835936,inf,inf,-0.0978391450191122,-0.0489195725095561,0.0978391450191122,0.2889036253121724,0.3250467465747142,0.07228624252508359,1.238792570015472,1.3348813712885463,0.1921776025461488
0.93,0.201893534087435,36,11,105627,417686,47,8.980434118006725e-05,0.7659574468085106,0.0003407058289088,0.999973665120889,0.500157185474899,0.0006811086935956,3.793868140803328,0.0338472806832316,0.042643225144862,3,0.0082229484980746,1.0,1.0,0.037189478162723,0.037189478162723,0.0396724843302616,inf,0.0,0.0,0.2889036253121724,1.4309701725616208,0.2915660592255125,495,380,153102,372823,875,0.0016609719058466,0.5657142857142857,0.0032227191937342,0.9989817873918484,0.5011022532927913,0.0064089284789476,1.9402611100105192,0.0121983662322837,0.0090906610087393,31,0.0847382018568752,0.4838709677419355,0.6451612903225806,0.0082103120093738,0.0082103120093738,0.0046669277705995,1.850914838001391,-0.0986484915863149,0.0,0.361189867837256,1.238792570015472,ETHUSDT,SUBE,v4_63_moderado,63,0.5657142857142857,0.6658358662613981,0.2002431610942249,0.0003407058289088,0.0017817125113214999,0.0028820133648254,0.0006811086935956,0.0035450185862716,0.005727819785352,1.9402611100105192,2.8670646254069236,1.8536070307928088,3,17.0,28,0.4838709677419355,0.7419354838709677,0.5161290322580645,0.6451612903225806,0.8225806451612903,0.3548387096774194,0.0082103120093738,0.0226998950860484,0.028979166153349202,1.850914838001391,inf,inf,-0.0986484915863149,-0.04932424579315745,0.0986484915863149,0.2889036253121724,0.3250467465747142,0.07228624252508359,1.238792570015472,1.3348813712885463,0.1921776025461488
0.94,0.201893534087435,34,9,105629,417688,43,8.216141852644451e-05,0.7906976744186046,0.0003217777273028,0.9999784532807274,0.5001501155040151,0.0006432936635574,3.916409101423591,0.0348525180496128,0.042643225144862,3,0.0082229484980746,1.0,1.0,0.037189478162723,0.037189478162723,0.0396724843302616,inf,0.0,0.0,0.2889036253121724,1.4309701725616208,0.2915660592255125,437,336,153160,372867,773,0.001467350037965,0.5653298835705045,0.0028451076518421,0.9990996856938448,0.5009723966728435,0.0056617218371445,1.9389427050329224,0.0108600745612964,0.0089960002711679,26,0.0710707499444759,0.5,0.6153846153846154,0.0095503432435381,0.0095503432435381,0.0072186058648442,1.8828726657843688,-0.118439870054537,0.0,0.361189867837256,1.238792570015472,ETHUSDT,SUBE,v4_63_moderado,63,0.5653298835705045,0.6780137789945546,0.2253677908481001,0.0003217777273028,0.0015834426895724501,0.0025233299245393,0.0006432936635574,0.00315250775035095,0.0050184281735871005,1.9389427050329224,2.927675903228257,1.9774663963906687,3,14.5,23,0.5,0.75,0.5,0.6153846153846154,0.8076923076923077,0.3846153846153846,0.0095503432435381,0.02336991070313055,0.027639134919184898,1.8828726657843688,inf,inf,-0.118439870054537,-0.0592199350272685,0.118439870054537,0.2889036253121724,0.3250467465747142,0.07228624252508359,1.238792570015472,1.3348813712885463,0.1921776025461488
0.95,0.201893534087435,28,7,105635,417690,35,6.687557321919902e-05,0.8,0.0002649934224846,0.9999832414405656,0.5001241174315252,0.0005298113493159,3.9624845026168094,0.0348449655251664,0.0421938063910933,2,0.0054819656653831,1.0,1.0,0.0359479750789537,0.0359479750789537,0.0359479750789537,inf,0.0,0.0,0.2889036253121724,1.4309701725616208,0.2915660592255125,389,301,153208,372902,690,0.0013097949886104,0.563768115942029,0.0025326015482073,0.9991934684340694,0.5008630349911384,0.0050425505713378,1.9335862255008944,0.0098109606620325,0.008972906917371,25,0.0683372595619961,0.52,0.64,0.0121240506145899,0.0121240506145899,0.0109146727829292,2.2511996967851813,-0.1269696247258749,0.0,0.361189867837256,1.238792570015472,ETHUSDT,SUBE,v4_63_moderado,63,0.563768115942029,0.6818840579710146,0.23623188405797102,0.0002649934224846,0.00139879748534595,0.0022676081257227,0.0005298113493159,0.00278618096032685,0.0045127392220219,1.9335862255008944,2.948035364058852,2.028898277115915,2,13.5,23,0.52,0.76,0.48,0.64,0.8200000000000001,0.36,0.0121240506145899,0.0240360128467718,0.023823924464363797,2.2511996967851813,inf,inf,-0.1269696247258749,-0.06348481236293745,0.1269696247258749,0.2889036253121724,0.3250467465747142,0.07228624252508359,1.238792570015472,1.3348813712885463,0.1921776025461488
0.05,0.201893534087435,105563,417214,100,483,522777,0.9988860440232344,0.2019273992543666,0.9990535949196976,0.0011563406009619,0.5001049677603298,0.3359525173445357,1.000167737748931,0.0003590089294818,8.496795494261633e-05,2182,5.980824540932963,0.2121906507791017,0.5100824931255729,0.0003579072430359,0.0003579072430359,0.000111995026775,1.1196122299748374,-0.2811195786909471,0.0,0.2785080450284259,1.379479765349053,0.2915660592255125,153477,372911,120,292,526388,0.999217919514047,0.2915662971040373,0.9992187347409128,0.0007824160041585,0.5000005753725357,0.4514128988139444,1.0000008158649378,0.0002635940695014,0.0003015536692428,2195,6.0000113895432605,0.2911161731207289,0.5148063781321185,0.0002555431323319,0.0002555431323319,0.0003441146107532,1.0588945896571085,-0.4532930792643249,0.0,0.3586596892848761,1.2301146787715431,ETHUSDT,SUBE,v4_63_sin_pesos,63,0.2019273992543666,0.24674684817920195,0.08963889784967072,0.9990535949196976,0.9991361648303052,0.0001651398212152433,0.3359525173445357,0.39368270807924005,0.11546038146940873,1.0000008158649378,1.0000842768069345,0.00016692188399325403,2182,2188.5,13,0.2121906507791017,0.2516534119499153,0.0789255223416272,0.5100824931255729,0.5124444356288457,0.004723885006545636,0.0002555431323319,0.0003067251876839,0.00010236411070400003,1.0588945896571085,1.089253409815973,0.06071764031772897,-0.4532930792643249,-0.367206328977636,0.17217350057337777,0.2785080450284259,0.318583867156651,0.08015164425645022,1.2301146787715431,1.304797222060298,0.1493650865775098
0.06,0.201893534087435,105513,416930,150,767,522443,0.998247859981657,0.2019607880668321,0.9985803923795464,0.0018362592980078,0.5002083258387771,0.3359719537785023,1.0003331160638755,0.000359535716147,8.527278153724893e-05,2182,5.980824540932963,0.2098991750687442,0.5054995417048579,0.0003581991642675,0.0003581991642675,6.660925103996185e-05,1.1194440374626944,-0.2817867927730149,0.0,0.2785080450284259,1.379479765349053,0.2915660592255125,153354,372813,243,390,526167,0.9987984054669704,0.2914549943268962,0.9984179378503486,0.0010450076767871,0.4997314727635679,0.4511977686373505,0.9996190746655788,0.0002585564346211,0.0002996650802045,2194,5.997277899160781,0.292616226071103,0.5182315405651777,0.0002523352692403,0.0002523352692403,0.0004124008039915,1.0576682038415526,-0.4532930792643249,0.0,0.3586596892848761,1.2301146787715431,ETHUSDT,SUBE,v4_63_sin_pesos,63,0.2019607880668321,0.24670789119686415,0.0894942062600641,0.9984179378503486,0.9984991651149475,0.00016245452919783077,0.3359719537785023,0.3935848612079264,0.1152258148588482,0.9996190746655788,0.9999760953647272,0.000714041398296783,2182,2188.0,12,0.2098991750687442,0.2512577005699236,0.0827170510023588,0.5054995417048579,0.5118655411350178,0.012731998860319838,0.0002523352692403,0.0003052672167539,0.00010586389502720002,1.0576682038415526,1.0885561206521235,0.06177583362114181,-0.4532930792643249,-0.36753993601866985,0.17150628649131,0.2785080450284259,0.318583867156651,0.08015164425645022,1.2301146787715431,1.304797222060298,0.1493650865775098
0.07,0.201893534087435,105444,416488,219,1209,521932,0.9972714766126568,0.2020263176045921,0.9979273728741376,0.0028944426222836,0.5004109077482106,0.3360256216190377,1.0006576907861726,0.0003594116983461,8.569419455017879e-05,2182,5.980824540932963,0.2021081576535288,0.5064161319890009,0.0003584579155704,0.0003584579155704,9.581934137126158e-05,1.1208282428161744,-0.2777143396656484,0.0,0.2785080450284259,1.379479765349053,0.2915660592255125,153177,372550,420,653,525727,0.9979631738800304,0.2913622469456581,0.9972655715931952,0.0017497179819026,0.4995076447875489,0.4509689043814144,0.9993009739185836,0.0002555353705447,0.0002984133227985,2194,5.997277899160781,0.2930720145852324,0.5168641750227895,0.0002539525838635,0.0002539525838635,0.0003835692790767,1.058403319846157,-0.4532930792643249,0.0,0.3586596892848761,1.2301146787715431,ETHUSDT,SUBE,v4_63_sin_pesos,63,0.2020263176045921,0.2466942822751251,0.08933592934106599,0.9972655715931952,0.9975964722336663,0.0006618012809423979,0.3360256216190377,0.393497263000226,0.1149432827623767,0.9993009739185836,0.9999793323523781,0.0013567168675889807,2182,2188.0,12,0.2021081576535288,0.2475900861193806,0.09096385693170361,0.5064161319890009,0.5116401535058952,0.010448043033788545,0.0002539525838635,0.00030620524971695,0.00010450533170689997,1.058403319846157,1.0896157813311658,0.06242492297001734,-0.4532930792643249,-0.36550370946498667,0.17557873959867648,0.2785080450284259,0.318583867156651,0.08015164425645022,1.2301146787715431,1.304797222060298,0.1493650865775098
0.08,0.201893534087435,105371,415794,292,1903,521165,0.9958059461938246,0.2021835695029405,0.9972364971655168,0.0045559340861916,0.5008962156258542,0.336203870918338,1.001436576048938,0.000360338256834,8.72519137251615e-05,2181,5.978083558100271,0.2044933516735442,0.4970197157267308,0.0003587421833204,0.0003587421833204,-6.603238888669427e-05,1.120802544154686,-0.2782018584212505,0.0,0.2785080450284259,1.379479765349053,0.2915660592255125,153042,372070,555,1133,525112,0.996795747911921,0.2914463961973826,0.9963866481767222,0.0030358812764098,0.499711264726566,0.4509797276888917,0.9995895851922966,0.0002573707433395,0.0003004435352192,2194,5.997277899160781,0.2930720145852324,0.5177757520510483,0.0002503028990911,0.0002503028990911,0.0003436394621174,1.0569927328513582,-0.4542409226659468,0.0,0.3586596892848761,1.2301146787715431,ETHUSDT,SUBE,v4_63_sin_pesos,63,0.2021835695029405,0.24681498285016157,0.0892628266944421,0.9963866481767222,0.9968115726711195,0.0008498489887945881,0.336203870918338,0.3935917993036149,0.11477585677055374,0.9995895851922966,1.0005130806206173,0.0018469908566415283,2181,2187.5,13,0.2044933516735442,0.2487826831293883,0.0885786629116882,0.4970197157267308,0.5073977338888895,0.020756036324317495,0.0002503028990911,0.00030452254120575,0.00010843928422929998,1.0569927328513582,1.0888976385030222,0.06380981130332786,-0.4542409226659468,-0.36622139054359865,0.17603906424469629,0.2785080450284259,0.318583867156651,0.08015164425645022,1.2301146787715431,1.304797222060298,0.1493650865775098
0.09,0.201893534087435,105291,414859,372,2838,520150,0.9938665545704678,0.2024243006824954,0.9964793731012748,0.006794398810621,0.5016368859559479,0.3364934892691587,1.0026289430092918,0.0003615625043995,8.974513700688025e-05,2181,5.978083558100271,0.2067858780375974,0.4924346629986245,0.0003584678797582,0.0003584678797582,-7.490636704121645e-05,1.1209454138928308,-0.2769648303911176,0.0,0.2785080450284259,1.379479765349053,0.2915660592255125,152939,371370,658,1833,524309,0.9952714502657556,0.2916963088560372,0.9957160621626724,0.0049115360808996,0.5003137991217861,0.4512100497709122,1.0004467242547732,0.0002606229848181,0.0003060846568943,2191,5.989077428013341,0.2925604746691008,0.5075308078502967,0.0002501679630272,0.0002501679630272,0.0001698402343794,1.0583858738080685,-0.4596031620250199,0.0,0.3586596892848761,1.2301146787715431,ETHUSDT,SUBE,v4_63_sin_pesos,63,0.2024243006824954,0.2470603047692663,0.0892720081735418,0.9957160621626724,0.9960977176319736,0.0007633109386023795,0.3364934892691587,0.3938517695200354,0.11471656050175355,1.0004467242547732,1.0015378336320326,0.002182218754518628,2181,2186.0,10,0.2067858780375974,0.2496731763533491,0.08577459663150339,0.4924346629986245,0.4999827354244606,0.01509614485167221,0.0002501679630272,0.0003043179213927,0.00010829991673099999,1.0583858738080685,1.0896656438504495,0.06255954008476228,-0.4596031620250199,-0.36828399620806873,0.1826383316339023,0.2785080450284259,0.318583867156651,0.08015164425645022,1.2301146787715431,1.304797222060298,0.1493650865775098
0.1,0.201893534087435,105183,413666,480,4031,518849,0.9913806939773768,0.2027237211597208,0.995457255614548,0.0096505361541978,0.502553895884373,0.3368486113957778,1.0041120042602567,0.0003624282276314,9.096454523072062e-05,2180,5.975342575267579,0.210091743119266,0.501834862385321,0.0003652911216029,0.0003652911216029,3.2902978084781154e-05,1.1226690252275142,-0.2685348257995114,0.0,0.2785080450284259,1.379479765349053,0.2915660592255125,152763,370385,834,2818,523148,0.9930675778283978,0.2920072331347917,0.9945702064493448,0.0075508503415031,0.5010605283954239,0.4514639930845444,1.0015131181950707,0.000262372964282,0.0003106433094636,2191,5.989077428013341,0.2907348242811501,0.5230488361478777,0.0002531487371575,0.0002531487371575,0.0004121582144038,1.0587058884463376,-0.4535911297093763,0.0,0.3586596892848761,1.2301146787715431,ETHUSDT,SUBE,v4_63_sin_pesos,63,0.2027237211597208,0.24736547714725626,0.08928351197507092,0.9945702064493448,0.9950137310319465,0.0008870491652032131,0.3368486113957778,0.39415630224016107,0.11461538168876656,1.0015131181950707,1.0028125612276637,0.00259888606518599,2180,2185.5,11,0.210091743119266,0.25041328370020804,0.0806430811618841,0.501834862385321,0.5124418492665994,0.021213973762556626,0.0002531487371575,0.0003092199293802,0.00011214238444540002,1.0587058884463376,1.090687456836926,0.0639631367811766,-0.4535911297093763,-0.36106297775444385,0.18505630390986494,0.2785080450284259,0.318583867156651,0.08015164425645022,1.2301146787715431,1.304797222060298,0.1493650865775098
0.11,0.201893534087435,105071,412184,592,5513,517255,0.9883349892999084,0.2031319175261718,0.9943972819246094,0.0131985625944165,0.5037979222595129,0.3373509835965568,1.0061338439803649,0.0003636856331624,9.288500835968884e-05,2178,5.969860609602196,0.2033976124885216,0.4986225895316804,0.0003683640171518,0.0003683640171518,-2.3155335241109576e-05,1.1245029958046762,-0.2648355381181579,0.0,0.2785080450284259,1.379479765349053,0.2915660592255125,152462,369112,1135,4091,521574,0.9900797266514806,0.2923113498755689,0.9926105327578012,0.0109618625788109,0.5017861976683061,0.4516248476311927,1.0025561639514424,0.0002616916782473,0.000313065230155,2188,5.9808769568659015,0.2943327239488117,0.5196526508226691,0.0002443108857141,0.0002443108857141,0.0003130083689473,1.0561800743436518,-0.4506680436815291,0.0,0.3586596892848761,1.2301146787715431,ETHUSDT,SUBE,v4_63_sin_pesos,63,0.2031319175261718,0.24772163370087036,0.0891794323493971,0.9926105327578012,0.9935039073412053,0.0017867491668082103,0.3373509835965568,0.39448791561387475,0.11427386403463591,1.0025561639514424,1.0043450039659036,0.0035776800289224475,2178,2183.0,10,0.2033976124885216,0.24886516821866667,0.09093511146029012,0.4986225895316804,0.5091376201771748,0.021030061290988666,0.0002443108857141,0.00030633745143295,0.00012405313143769997,1.0561800743436518,1.090341535074164,0.06832292146102437,-0.4506680436815291,-0.3577517908998435,0.18583250556337116,0.2785080450284259,0.318583867156651,0.08015164425645022,1.2301146787715431,1.304797222060298,0.1493650865775098
0.12,0.201893534087435,104927,410605,736,7092,515532,0.9850428003668604,0.2035314975598023,0.9930344586089738,0.0169788147867952,0.5050066366978845,0.3378230668308663,1.0081130060938843,0.0003637957335364,9.452202845872117e-05,2175,5.961637661104121,0.2036781609195402,0.4979310344827586,0.0003620333491823,0.0003620333491823,-2.622318024236847e-05,1.1237135122354789,-0.2682981621167456,0.0,0.2785080450284259,1.379479765349053,0.2915660592255125,151963,366896,1634,6307,518859,0.9849259681093394,0.2928791829764926,0.989361771388764,0.0168996497884529,0.5031307105886086,0.4519641433788976,1.0045036920774253,0.0002614596538758,0.0003187811794902,2184,5.969942995335982,0.2980769230769231,0.5183150183150184,0.0002686835710862,0.0002686835710862,0.0003389237645381,1.0620580913487907,-0.4543971539173724,0.0,0.3586596892848761,1.2301146787715431,ETHUSDT,SUBE,v4_63_sin_pesos,63,0.2035314975598023,0.24820534026814745,0.08934768541669033,0.989361771388764,0.9911981149988689,0.003672687220209747,0.3378230668308663,0.394893605104882,0.1141410765480313,1.0045036920774253,1.0063083490856548,0.003609314016459031,2175,2179.5,9,0.2036781609195402,0.25087754199823165,0.09439876215738288,0.4979310344827586,0.5081230263988885,0.020383983832259756,0.0002686835710862,0.00031535846013425,9.334977809609998e-05,1.0620580913487907,1.0928858017921348,0.061655420886688184,-0.4543971539173724,-0.36134765801705904,0.18609899180062678,0.2785080450284259,0.318583867156651,0.08015164425645022,1.2301146787715431,1.304797222060298,0.1493650865775098
0.13,0.201893534087435,104673,408493,990,9204,513166,0.9805220116172424,0.2039749320882521,0.9906305897050056,0.0220351115760946,0.5063328506405501,0.3382937774409408,1.0103093841525193,0.0003640604255857,9.598562618673424e-05,2173,5.9561556954387385,0.2034054302807179,0.500230096640589,0.0003615930746994,0.0003615930746994,5.95766483368898e-06,1.1246754335647375,-0.2786049976649069,0.0,0.2785080450284259,1.379479765349053,0.2915660592255125,151218,363310,2379,9893,514528,0.9767046317388004,0.293896542073512,0.9845114162385984,0.0265083614011677,0.505509888819883,0.4526637979420019,1.0079929840057171,0.000260585854899,0.0003229989525046,2182,5.964476014571022,0.2946837763519707,0.5109990834097159,0.0002703991105096,0.0002703991105096,0.0002420825950394,1.062690399688666,-0.4509048576274017,0.0,0.3586596892848761,1.2301146787715431,ETHUSDT,SUBE,v4_63_sin_pesos,63,0.2039749320882521,0.24893573708088207,0.08992160998525991,0.9845114162385984,0.987571002971802,0.006119173466407224,0.3382937774409408,0.3954787876914714,0.1143700205010611,1.0079929840057171,1.0091511840791183,0.0023164001468021223,2173,2177.5,9,0.2034054302807179,0.2490446033163443,0.09127834607125279,0.500230096640589,0.5056145900251525,0.010768986769126854,0.0002703991105096,0.0003159960926045,9.119396418979999e-05,1.062690399688666,1.093682916626702,0.06198503387607146,-0.4509048576274017,-0.36475492764615425,0.1722998599624948,0.2785080450284259,0.318583867156651,0.08015164425645022,1.2301146787715431,1.304797222060298,0.1493650865775098
0.14,0.201893534087435,104262,405494,1401,12203,509756,0.974006420055029,0.2045331491929472,0.9867408648249624,0.029214957253703,0.5079779110393328,0.338832567730278,1.0130742924355816,0.0003646743365027,9.785244467408472e-05,2164,5.931486849944514,0.2102587800369685,0.5087800369685767,0.0003641535237279,0.0003641535237279,0.0001703076858891,1.1234880495395083,-0.2731574160032576,0.0,0.2785080450284259,1.379479765349053,0.2915660592255125,149947,357350,3650,15853,507297,0.9629783599088838,0.2955803010859516,0.976236515036101,0.0424782223079664,0.5093573686720337,0.4537701961282747,1.013767864034319,0.0002566629297452,0.0003275614742526,2177,5.950808562658623,0.296279283417547,0.5130914101975195,0.0002486637331956,0.0002486637331956,0.000181801654395,1.0572332955653578,-0.4531035425775918,0.0,0.3586596892848761,1.2301146787715431,ETHUSDT,SUBE,v4_63_sin_pesos,63,0.2045331491929472,0.25005672513944943,0.09104715189300441,0.976236515036101,0.9814886899305317,0.010504349788861389,0.338832567730278,0.39630138192927633,0.1149376283979967,1.0130742924355816,1.0134210782349502,0.000693571598737508,2164,2170.5,13,0.2102587800369685,0.25326903172725773,0.08602050338057851,0.5087800369685767,0.5109357235830481,0.004311373228942816,0.0002486637331956,0.00030640862846174996,0.00011548979053230003,1.0572332955653578,1.090360672552433,0.06625475397415048,-0.4531035425775918,-0.3631304792904247,0.17994612657433418,0.2785080450284259,0.318583867156651,0.08015164425645022,1.2301146787715431,1.304797222060298,0.1493650865775098
0.15,0.201893534087435,103670,401050,1993,16647,504720,0.964383980434118,0.2054010144238389,0.9811381467495718,0.0398542484145205,0.5104961975820462,0.3396883596037242,1.0173729205952922,0.0003656269482819,0.000100552180244,2159,5.917781935781057,0.2098193608151922,0.5104214914312182,0.0003653843626669,0.0003653843626669,0.0001057390951271,1.125245419802187,-0.2657015121687792,0.0,0.2785080450284259,1.379479765349053,0.2915660592255125,147860,348988,5737,24215,496848,0.9431435079726652,0.2975960454706469,0.9626490100718113,0.0648842587010286,0.51376663438642,0.4546425908416545,1.0206813723831638,0.000246196610901,0.0003349815806621,2163,5.912539697303905,0.2921867776236708,0.507628294036061,0.0002302235595918,0.0002302235595918,0.0001607364079725,1.0524484462868977,-0.4669397607492476,0.0,0.3586596892848761,1.2301146787715431,ETHUSDT,SUBE,v4_63_sin_pesos,63,0.2054010144238389,0.25149852994724287,0.09219503104680798,0.9626490100718113,0.9718935784106915,0.01848913667776053,0.3396883596037242,0.3971654752226893,0.1149542312379303,1.0173729205952922,1.019027146489228,0.003308451787871647,2159,2161.0,4,0.2098193608151922,0.2510030692194315,0.08236741680847859,0.507628294036061,0.5090248927336396,0.0027931973951571543,0.0002302235595918,0.00029780396112935,0.0001351608030751,1.0524484462868977,1.0888469330445423,0.07279697351528935,-0.4669397607492476,-0.36632063645901336,0.2012382485804684,0.2785080450284259,0.318583867156651,0.08015164425645022,1.2301146787715431,1.304797222060298,0.1493650865775098
0.16,0.201893534087435,102692,394589,2971,23108,497281,0.9501700550290432,0.2065069849843448,0.9718823050642136,0.0553223987723158,0.5136023519182646,0.3406352828786753,1.022850909603236,0.0003645780910799,9.98136811285466e-05,2153,5.901336038784907,0.2006502554575011,0.4988388295401765,0.0003704669533724,0.0003704669533724,-1.5844596200520478e-05,1.1285085111678947,-0.2641243010547642,0.0,0.2785080450284259,1.379479765349053,0.2915660592255125,144855,337140,8742,36063,481995,0.9149487471526196,0.3005321631967136,0.9430848258755054,0.09663105602045,0.5198579409479777,0.4558112751576482,1.0307515353296532,0.0002387227136212,0.0003556978346892,2137,5.841468947359429,0.2957416939635002,0.5203556387459055,0.000262557485073,0.000262557485073,0.000444205014791,1.0600876405699675,-0.4556295657339727,0.0,0.3586596892848761,1.2301146787715431,ETHUSDT,SUBE,v4_63_sin_pesos,63,0.2065069849843448,0.2535195740905292,0.0940251782123688,0.9430848258755054,0.9574835654698595,0.02879747918870823,0.3406352828786753,0.39822327901816174,0.1151759922789729,1.022850909603236,1.0268012224664447,0.007900625726417143,2137,2145.0,16,0.2006502554575011,0.24819597471050064,0.0950914385059991,0.4988388295401765,0.509597234143041,0.021516809205729015,0.000262557485073,0.0003165122192227,0.00010790946829939996,1.0600876405699675,1.0942980758689311,0.06842087059792723,-0.4556295657339727,-0.35987693339436844,0.19150526467920848,0.2785080450284259,0.318583867156651,0.08015164425645022,1.2301146787715431,1.304797222060298,0.1493650865775098
0.17,0.201893534087435,101377,384956,4286,32741,486333,0.9292513757260776,0.2084518221054298,0.959437078258236,0.0783845706337369,0.5189108244459865,0.3424921790012094,1.032483893293752,0.0003678807327183,0.0001024610160229,2141,5.868444244792609,0.2036431574030826,0.5030359645025689,0.0003703067392991,0.0003703067392991,6.004071852361293e-05,1.1278131329416123,-0.2485183819967844,0.0,0.2785080450284259,1.379479765349053,0.2915660592255125,140602,322277,12995,50926,462879,0.8786617312072893,0.3037554090809909,0.9153954829846938,0.1364565665334951,0.5259260247590944,0.4561475223690784,1.041806477365222,0.00021384616986,0.0003785938578713,2105,5.753997255120074,0.3002375296912114,0.5106888361045131,0.0002887141675036,0.0002887141675036,0.0003604370407683,1.0648693002404093,-0.4783718064322267,0.0,0.3586596892848761,1.2301146787715431,ETHUSDT,SUBE,v4_63_sin_pesos,63,0.2084518221054298,0.2561036155932104,0.0953035869755611,0.9153954829846938,0.9374162806214649,0.04404159527354223,0.3424921790012094,0.39931985068514386,0.11365534336786903,1.032483893293752,1.037145185329487,0.00932258407147013,2105,2123.0,36,0.2036431574030826,0.251940343547147,0.09659437228812884,0.5030359645025689,0.506862400303541,0.007652871601944167,0.0002887141675036,0.00032951045340135,8.159257179550001e-05,1.0648693002404093,1.0963412165910107,0.06294383270120307,-0.4783718064322267,-0.36344509421450555,0.22985342443544232,0.2785080450284259,0.318583867156651,0.08015164425645022,1.2301146787715431,1.304797222060298,0.1493650865775098
0.18,0.201893534087435,99558,371213,6105,46484,470771,0.8995165851421584,0.2114786169921257,0.942221969847534,0.1112864109629707,0.5267541904052524,0.3454272301772623,1.0474759280826675,0.000380856382403,0.0001109680855786,2125,5.824588519469544,0.2014117647058823,0.508235294117647,0.0003640709248296,0.0003640709248296,9.73567638611339e-05,1.1242520234302418,-0.2671928001174274,0.0,0.2785080450284259,1.379479765349053,0.2915660592255125,134834,303096,18763,70107,437930,0.8313022019741837,0.3078893887150914,0.8778426661979075,0.1878521876833787,0.5328474269406431,0.4558845158378231,1.055985012566067,0.0001741710636463,0.0003918058333742,2056,5.620056226378562,0.3054474708171206,0.5160505836575876,0.0002194115242563,0.0002194115242563,0.0002968326766946,1.0484497604141203,-0.5185879016715562,0.0,0.3586596892848761,1.2301146787715431,ETHUSDT,SUBE,v4_63_sin_pesos,63,0.2114786169921257,0.25968400285360854,0.09641077172296572,0.8778426661979075,0.9100323180227208,0.06437930364962652,0.3454272301772623,0.4006558730075427,0.11045728566056079,1.0474759280826675,1.0517304703243673,0.008509084483399487,2056,2090.5,69,0.2014117647058823,0.2534296177615014,0.1040357061112383,0.508235294117647,0.5121429388876173,0.007815289539940595,0.0002194115242563,0.00029174122454294997,0.00014465940057329998,1.0484497604141203,1.086350891922181,0.07580226301612147,-0.5185879016715562,-0.3928903508944918,0.2513951015541288,0.2785080450284259,0.318583867156651,0.08015164425645022,1.2301146787715431,1.304797222060298,0.1493650865775098
0.19,0.201893534087435,96619,353028,9044,64669,449647,0.8591543106083767,0.2148774483094516,0.9144071245374444,0.1548227542931838,0.5346149394153141,0.3479822081359961,1.0643106986100583,0.0003892367391023,0.0001242410492425,2096,5.745100017321489,0.2037213740458015,0.4976145038167939,0.0003331602910745,0.0003331602910745,-3.2764195349921366e-05,1.112277711402886,-0.2820524469016081,0.0,0.2785080450284259,1.379479765349053,0.2915660592255125,127719,280984,25878,92219,408703,0.7758219438116932,0.3124983178493918,0.8315201468778687,0.2471014434503474,0.5393107951641081,0.4542735194735906,1.071792507946507,0.0001248250887758,0.0003960891409033,1995,5.453313313047292,0.2982456140350877,0.5082706766917293,0.0001669683079586,0.0001669683079586,0.0001886915970625,1.0356669181479123,-0.5760104149598868,0.0,0.3586596892848761,1.2301146787715431,ETHUSDT,SUBE,v4_63_sin_pesos,63,0.2148774483094516,0.2636878830794217,0.0976208695399402,0.8315201468778687,0.8729636357076566,0.08288697765957576,0.3479822081359961,0.40112786380479337,0.10629131133759451,1.0643106986100583,1.0680516032782825,0.007481809336448597,1995,2045.5,101,0.2037213740458015,0.2509834940404446,0.09452423998928619,0.4976145038167939,0.5029425902542616,0.010656172874935421,0.0001669683079586,0.00025006429951655,0.0001661919831159,1.0356669181479123,1.073972314775399,0.07661079325497355,-0.5760104149598868,-0.42903143093074747,0.29395796805827873,0.2785080450284259,0.318583867156651,0.08015164425645022,1.2301146787715431,1.304797222060298,0.1493650865775098
0.2,0.201893534087435,92349,329344,13314,88353,421693,0.8057417456435341,0.2189958097478497,0.873995627608529,0.2115241430989449,0.542759885353737,0.350233997527287,1.0847093778298424,0.0004051831861419,0.0001517804387538,2053,5.627237755515752,0.2162688748173404,0.5138821237213833,0.0003559250906426,0.0003559250906426,0.0001847672592416,1.1184284088840075,-0.2769247949075921,0.0,0.2785080450284259,1.379479765349053,0.2915660592255125,119525,257048,34072,116155,376573,0.7148310554290053,0.3174019380040523,0.7781727507698718,0.3112381197364437,0.5447054352531577,0.4508931097572476,1.088610721176421,7.759331989841426e-05,0.0003898635477581,1925,5.261968986273702,0.3153246753246753,0.5101298701298701,0.0002557739151253,0.0002557739151253,0.0002939347209325,1.0540506539926338,-0.5317419734542349,0.0,0.3586596892848761,1.2301146787715431,ETHUSDT,SUBE,v4_63_sin_pesos,63,0.2189958097478497,0.268198873875951,0.0984061282562026,0.7781727507698718,0.8260841891892003,0.0958228768386572,0.350233997527287,0.4005635536422673,0.1006591122299606,1.0847093778298424,1.0866600495031318,0.0039013433465786562,1925,1989.0,128,0.2162688748173404,0.26579677507100785,0.0990558005073349,0.5101298701298701,0.5120059969256268,0.0037522535915132105,0.0002557739151253,0.00030584950288395005,0.0001001511755173,1.0540506539926338,1.0862395314383206,0.06437775489137376,-0.5317419734542349,-0.40433338418091347,0.2548171785466428,0.2785080450284259,0.318583867156651,0.08015164425645022,1.2301146787715431,1.304797222060298,0.1493650865775098
0.21,0.201893534087435,86936,300485,18727,117212,387421,0.7402571843472944,0.2243967157175269,0.8227667206117563,0.2806148954864411,0.5516908080490988,0.3526214600352069,1.111460635586013,0.000419011841817,0.0001772583632329,1985,5.440850922892727,0.2136020151133501,0.5118387909319899,0.0003838881571578,0.0003838881571578,0.0001073224579908,1.1268314447140986,-0.2690255429361604,0.0,0.2785080450284259,1.379479765349053,0.2915660592255125,111084,232098,42513,141105,343182,0.6514464692482915,0.3236883053306991,0.7232172503369206,0.3780918159821866,0.5506545331595536,0.4472169717318969,1.1101714177243849,6.200592917416795e-05,0.000407161277054,1837,5.021421832615476,0.3108328796951551,0.5046271094175285,0.0002471909514268,0.0002471909514268,0.0002232845961538,1.0520860206232232,-0.4868654027475123,0.0,0.3586596892848761,1.2301146787715431,ETHUSDT,SUBE,v4_63_sin_pesos,63,0.2243967157175269,0.274042510524113,0.0992915896131722,0.7232172503369206,0.7729919854743384,0.09954947027483563,0.3526214600352069,0.3999192158835519,0.09459551169669,1.1101714177243849,1.110816026655199,0.0012892178616281669,1837,1911.0,148,0.2136020151133501,0.2622174474042526,0.097230864581805,0.5046271094175285,0.5082329501747592,0.007211681514461388,0.0002471909514268,0.0003155395542923,0.00013669720573099997,1.0520860206232232,1.089458732668661,0.07474542409087537,-0.4868654027475123,-0.3779454728418363,0.2178398598113519,0.2785080450284259,0.318583867156651,0.08015164425645022,1.2301146787715431,1.304797222060298,0.1493650865775098
0.22,0.201893534087435,80367,267161,25296,150536,347528,0.6640324059920514,0.2312533090858866,0.7605973708866869,0.3603952147130576,0.5604962927998722,0.3546716505844114,1.145422066789601,0.000411059669848,0.0001940221595854,1896,5.196903450783179,0.2120253164556962,0.510548523206751,0.0003670522071024,0.0003670522071024,0.0001770694174263,1.120796143349455,-0.2767505568027636,0.0,0.2785080450284259,1.379479765349053,0.2915660592255125,102240,207274,51357,165929,309514,0.587536066818527,0.330324314893672,0.665638000742202,0.4446078943631214,0.5551229475526618,0.4415356145718845,1.132931301301369,5.196853379621672e-05,0.0004331001059183,1724,4.712537419395253,0.3167053364269142,0.5104408352668214,0.0001463900661729,0.0001463900661729,0.000250003627209,1.0298183713315898,-0.5238234340564523,0.0,0.3586596892848761,1.2301146787715431,ETHUSDT,SUBE,v4_63_sin_pesos,63,0.2312533090858866,0.2807888119897793,0.09907100580778538,0.665638000742202,0.7131176858144445,0.09495937014448486,0.3546716505844114,0.39810363257814796,0.08686396398747309,1.132931301301369,1.139176684045485,0.012490765488231803,1724,1810.0,172,0.2120253164556962,0.26436532644130517,0.10468001997121798,0.5104408352668214,0.5104946792367862,0.00010768793992965708,0.0001463900661729,0.00025672113663765,0.0002206621409295,1.0298183713315898,1.0753072573405225,0.09097777201786528,-0.5238234340564523,-0.40028699542960794,0.24707287725368865,0.2785080450284259,0.318583867156651,0.08015164425645022,1.2301146787715431,1.304797222060298,0.1493650865775098
0.23,0.201893534087435,72662,230700,33001,186997,303362,0.5796430755120758,0.2395224187604248,0.6876768594493815,0.4476857626461286,0.5676813110477551,0.3552936862049997,1.1863798404593466,0.000409455575891,0.0002170359442831,1781,4.881690425023651,0.2217855137563166,0.5154407636159462,0.0004432167295593,0.0004432167295593,0.0001768070722829,1.1425552267619408,-0.2086460068130994,0.0,0.2785080450284259,1.379479765349053,0.2915660592255125,93258,183039,60339,190164,276297,0.5244817767653759,0.337528094767587,0.6071602960995331,0.5095457432014212,0.5583530196504771,0.4338650923250848,1.157638497650116,7.47711917360369e-05,0.0004743202416919,1610,4.400919515792551,0.3279503105590062,0.508695652173913,0.0001529121621899,0.0001529121621899,0.0002131343873644,1.0307617475026754,-0.555959441740749,0.0,0.3586596892848761,1.2301146787715431,ETHUSDT,SUBE,v4_63_sin_pesos,63,0.2395224187604248,0.28852525676400587,0.0980056760071622,0.6071602960995331,0.6474185777744573,0.08051656334984836,0.3552936862049997,0.3945793892650422,0.07857140612008512,1.157638497650116,1.1720091690547312,0.028741342809230686,1610,1695.5,171,0.2217855137563166,0.2748679121576614,0.10616479680268959,0.508695652173913,0.5120682078949296,0.006745111442033158,0.0001529121621899,0.0002980644458746,0.00029030456736939996,1.0307617475026754,1.0866584871323082,0.11179347925926542,-0.555959441740749,-0.3823027242769242,0.34731343492764954,0.2785080450284259,0.318583867156651,0.08015164425645022,1.2301146787715431,1.304797222060298,0.1493650865775098
0.24,0.201893534087435,64025,192888,41638,224809,256913,0.4908915469275451,0.2492088761565199,0.6059358526636571,0.5382107125500063,0.5720732826068318,0.3531673359516349,1.2343578871059524,0.0004376520589327,0.0002642079154535,1641,4.4979528284468335,0.2315661182205972,0.5216331505179769,0.0004424312873519,0.0004424312873519,0.0002532272714761,1.1381136057877166,-0.297265522325193,0.0,0.2785080450284259,1.379479765349053,0.2915660592255125,84038,160417,69559,212786,244455,0.4640375854214123,0.3437769732670634,0.5471330820263417,0.5701615474688039,0.5586473147475728,0.4222463396742134,1.1790706167248646,0.0001176459075774,0.0005296805205032,1500,4.100235573719768,0.34,0.5166666666666667,0.0002918895171508,0.0002918895171508,0.0004468594461793,1.0577071302452512,-0.529347815771364,0.0,0.3586596892848761,1.2301146787715431,ETHUSDT,SUBE,v4_63_sin_pesos,63,0.2492088761565199,0.29649292471179167,0.09456809711054351,0.5471330820263417,0.5765344673449995,0.05880277063731543,0.3531673359516349,0.38770683781292414,0.06907900372257847,1.1790706167248646,1.2067142519154084,0.05528727038108783,1500,1570.5,141,0.2315661182205972,0.2857830591102986,0.10843388177940283,0.5166666666666667,0.5191499085923218,0.004966483851310155,0.0002918895171508,0.00036716040225135,0.00015054177020110002,1.0577071302452512,1.097910368016484,0.08040647554246538,-0.529347815771364,-0.4133066690482785,0.23208229344617104,0.2785080450284259,0.318583867156651,0.08015164425645022,1.2301146787715431,1.304797222060298,0.1493650865775098
0.25,0.201893534087435,55102,156181,50561,261516,211283,0.4037049067563436,0.2607971299158001,0.5214881273482677,0.6260902041431947,0.5737891657457312,0.3477059183583323,1.291755732022876,0.0004672969138374,0.0003395688688112,1482,4.062136558048877,0.2375168690958164,0.5168690958164642,0.0005468701389023,0.0005468701389023,0.0003634598774356,1.1667183250105375,-0.2787738706270175,0.0,0.2785080450284259,1.379479765349053,0.2915660592255125,74925,139685,78672,233518,214610,0.4073842065299924,0.3491216625506733,0.4878024961425027,0.6257130837640641,0.5567577899532834,0.4069721651136452,1.1974015887790432,0.0001277050307794,0.0005743102584973,1395,3.813219083559384,0.3333333333333333,0.524731182795699,0.000156612457988,0.000156612457988,0.0004848013139104,1.0303148630962742,-0.5802420749251342,0.0,0.3586596892848761,1.2301146787715431,ETHUSDT,SUBE,v4_63_sin_pesos,63,0.2607971299158001,0.3049593962332367,0.08832453263487317,0.4878024961425027,0.5046453117453852,0.033685631205764954,0.3477059183583323,0.37733904173598876,0.05926624675531289,1.1974015887790432,1.2445786604009597,0.09435414324383284,1395,1438.5,87,0.2375168690958164,0.2854251012145749,0.09581646423751691,0.5168690958164642,0.5208001393060816,0.00786208697923474,0.000156612457988,0.00035174129844515003,0.0003902576809143,1.0303148630962742,1.0985165940534058,0.13640346191426334,-0.5802420749251342,-0.4295079727760759,0.30146820429811677,0.2785080450284259,0.318583867156651,0.08015164425645022,1.2301146787715431,1.304797222060298,0.1493650865775098
0.26,0.201893534087435,46684,122728,58979,294969,169412,0.3237007031488841,0.2755648950487568,0.4418197476884056,0.7061793596793848,0.5739995536838952,0.3394274288830319,1.3649020326199084,0.0005323277373713,0.0004609361366667,1289,3.533126871339408,0.2544608223429014,0.5197827773467805,0.0004906483182176,0.0004906483182176,0.0003567275243823,1.1416251246803737,-0.3002905313500514,0.0,0.2785080450284259,1.379479765349053,0.2915660592255125,66141,120709,87456,252494,186850,0.3546886864085041,0.3539791276424939,0.4306138791773277,0.6765594060069184,0.5535866425921231,0.3885538718214582,1.2140615014750666,0.0001516016433494,0.0006312138037132,1275,3.485200237661803,0.352156862745098,0.5317647058823529,0.0002551807060415,0.0002551807060415,0.0008314963903528,1.0491022127365472,-0.484111974954253,0.0,0.3586596892848761,1.2301146787715431,ETHUSDT,SUBE,v4_63_sin_pesos,63,0.2755648950487568,0.3147720113456254,0.07841423259373709,0.4306138791773277,0.43621681343286667,0.01120586851107791,0.3394274288830319,0.36399065035224504,0.049126442938426274,1.2140615014750666,1.2894817670474876,0.15084053114484175,1275,1282.0,14,0.2544608223429014,0.3033088425439997,0.0976960404021966,0.5197827773467805,0.5257737416145667,0.01198192853557245,0.0002551807060415,0.00037291451212955005,0.00023546761217610007,1.0491022127365472,1.0953636687084605,0.09252291194382645,-0.484111974954253,-0.3922012531521522,0.1838214436042016,0.2785080450284259,0.318583867156651,0.08015164425645022,1.2301146787715431,1.304797222060298,0.1493650865775098
0.27,0.201893534087435,39029,93874,66634,323823,132903,0.2539418373586059,0.2936653047711489,0.3693724387912514,0.7752581416672851,0.5723152902292683,0.3271966667505009,1.4545552738898997,0.0006637620216166,0.0006472811111042,1124,3.080864703945302,0.2855871886120996,0.5258007117437722,0.0007566623444524,0.0007566623444524,0.0006122145582613,1.2127656144114054,-0.1794305722152708,0.0,0.2785080450284259,1.379479765349053,0.2915660592255125,58180,103971,95417,269232,162151,0.3078037205770691,0.3588013641605664,0.3787834397807249,0.7214089918891328,0.5500962158349288,0.368521732520871,1.2306005888121927,0.0002231351253311,0.0007138242894058,1168,3.1927167667364595,0.3621575342465753,0.5428082191780822,0.0003164940587338,0.0003164940587338,0.000922649216598,1.0582332406172066,-0.4587651466288029,0.0,0.3586596892848761,1.2301146787715431,ETHUSDT,SUBE,v4_63_sin_pesos,63,0.2936653047711489,0.32623333446585767,0.06513605938941752,0.3693724387912514,0.37407793928598815,0.00941100098947345,0.3271966667505009,0.34785919963568596,0.041325065770370095,1.2306005888121927,1.3425779313510462,0.223954685077707,1124,1146.0,44,0.2855871886120996,0.32387236142933745,0.07657034563447573,0.5258007117437722,0.5343044654609272,0.01700750743431001,0.0003164940587338,0.0005365782015931001,0.00044016828571860004,1.0582332406172066,1.135499427514306,0.15453237379419882,-0.4587651466288029,-0.31909785942203683,0.2793345744135321,0.2785080450284259,0.318583867156651,0.08015164425645022,1.2301146787715431,1.304797222060298,0.1493650865775098
0.28,0.201893534087435,31812,71206,73851,346491,103018,0.196839651482727,0.3088004038129259,0.3010703841458221,0.8295271452751636,0.5652987647104928,0.3048864055663908,1.5295210181381649,0.0008141163439898,0.0008426684203111,949,2.601192708224281,0.2876712328767123,0.5247629083245522,0.0007511306214464,0.0007511306214464,0.0004606570120633,1.195947138735607,-0.1975124584870611,0.0,0.2785080450284259,1.379479765349053,0.2915660592255125,51141,89457,102456,283746,140598,0.2668906605922551,0.3637391712542141,0.3329557217914412,0.7602993545067965,0.5466275381491189,0.3476673634834038,1.2475360548495087,0.000311615790694,0.0008395352372928,1063,2.905700276576076,0.3659454374412041,0.535277516462841,0.0002144671945486,0.0002144671945486,0.0006765162420272,1.0373050575491036,-0.4633500934675665,0.0,0.3586596892848761,1.2301146787715431,ETHUSDT,SUBE,v4_63_sin_pesos,63,0.3088004038129259,0.33626978753357,0.05493876744128823,0.3010703841458221,0.31701305296863164,0.03188533764561907,0.3048864055663908,0.32627688452489734,0.04278095791701303,1.2475360548495087,1.388528536493837,0.2819849632886562,949,1006.0,114,0.2876712328767123,0.32680833515895824,0.0782742045644918,0.5247629083245522,0.5300202123936966,0.010514608138288861,0.0002144671945486,0.0004827989079975,0.0005366634268978,1.0373050575491036,1.1166260981423553,0.15864208118650347,-0.4633500934675665,-0.3304312759773138,0.2658376349805054,0.2785080450284259,0.318583867156651,0.08015164425645022,1.2301146787715431,1.304797222060298,0.1493650865775098
0.29,0.201893534087435,24996,53217,80667,364480,78213,0.1494439773769489,0.3195888151586053,0.2365634138724056,0.8725942489412182,0.554578831406812,0.2718788748939502,1.582957159094552,0.0009578497891129,0.0010005512018598,788,2.159894472160941,0.2855329949238578,0.5177664974619289,0.0007420286750926,0.0007420286750926,0.0004656972997226,1.1827675956207124,-0.1873846649083693,0.0,0.2785080450284259,1.379479765349053,0.2915660592255125,44961,76587,108636,296616,121548,0.2307289293849658,0.3699032480995162,0.292720560948456,0.794784607840773,0.5437525843946145,0.3268167693398026,1.268677325070315,0.0004589834249746,0.0010324943527355,969,2.64875218062297,0.3611971104231166,0.543859649122807,0.0002643132788421,0.0002643132788421,0.0011526390870184,1.045707469044168,-0.4175953585287779,0.0,0.3586596892848761,1.2301146787715431,ETHUSDT,SUBE,v4_63_sin_pesos,63,0.3195888151586053,0.34474603162906076,0.05031443294091087,0.2365634138724056,0.26464198741043077,0.05615714707605041,0.2718788748939502,0.2993478221168764,0.0549378944458524,1.268677325070315,1.4258172420824335,0.314279834024237,788,878.5,181,0.2855329949238578,0.3233650526734872,0.07566411549925878,0.5177664974619289,0.5308130732923679,0.02609315166087811,0.0002643132788421,0.00050317097696735,0.00047771539625050005,1.045707469044168,1.11423753233244,0.13706012657654454,-0.4175953585287779,-0.3024900117185736,0.23021069362040858,0.2785080450284259,0.318583867156651,0.08015164425645022,1.2301146787715431,1.304797222060298,0.1493650865775098
0.3,0.201893534087435,19168,38783,86495,378914,57951,0.1107287526750229,0.3307621956480475,0.1814069257923776,0.9071503984946026,0.5442786621434901,0.2343075775911597,1.6383000928836218,0.0011156589128473,0.0012261320156008,666,1.8254945665725724,0.3198198198198198,0.5405405405405406,0.0010210434362818,0.0010210434362818,0.0009469198870194,1.258591983709168,-0.1465983647949873,0.0,0.2785080450284259,1.379479765349053,0.2915660592255125,39409,64936,114188,308267,104345,0.1980732725892179,0.3776798121615793,0.2565740216280266,0.8260035423080736,0.5412887819680501,0.3055648168968217,1.2953490305586697,0.000667186825639,0.0012143039265679,904,2.47107530576178,0.3506637168141593,0.5309734513274337,0.0001119452332504,0.0001119452332504,0.0008084066281339,1.019057988227171,-0.4301089890937112,0.0,0.3586596892848761,1.2301146787715431,ETHUSDT,SUBE,v4_63_sin_pesos,63,0.3307621956480475,0.35422100390481337,0.046917616513531823,0.1814069257923776,0.2189904737102021,0.07516709583564901,0.2343075775911597,0.2699361972439907,0.071257239305662,1.2953490305586697,1.4668245617211457,0.3429510623249521,666,785.0,238,0.3198198198198198,0.33524176831698954,0.030843896994339537,0.5309734513274337,0.5357569959339872,0.009567089213106894,0.0001119452332504,0.0005664943347661,0.0009090982030314001,1.019057988227171,1.1388249859681694,0.23953399548199683,-0.4301089890937112,-0.28835367694434927,0.28351062429872387,0.2785080450284259,0.318583867156651,0.08015164425645022,1.2301146787715431,1.304797222060298,0.1493650865775098
0.31,0.201893534087435,14232,27906,91431,389791,42138,0.0805143686945888,0.3377474013954151,0.1346923710286476,0.9331908057754784,0.5339415884020631,0.192583270749183,1.6728985547855393,0.0012042451305033,0.0013968226736921,551,1.510281540813044,0.3411978221415608,0.5553539019963702,0.0010333509325859,0.0010333509325859,0.0014468014899517,1.2517326694737705,-0.1393299927677488,0.0,0.2785080450284259,1.379479765349053,0.2915660592255125,34577,55128,119020,318075,89705,0.1702828397873955,0.3854523159244189,0.2251150738621197,0.852284145625839,0.5386996097439793,0.2842311201716385,1.3220068102175426,0.0008679336671719,0.0014028518013697,833,2.276997488605711,0.3577430972388956,0.5282112845138055,-0.0001324421099462,-0.0001324421099462,0.0006671749904689,0.9784299612374476,-0.4556278096204372,0.0,0.3586596892848761,1.2301146787715431,ETHUSDT,SUBE,v4_63_sin_pesos,63,0.3377474013954151,0.361599858659917,0.04770491452900383,0.1346923710286476,0.17990372244538366,0.09042270283347212,0.192583270749183,0.23840719546041073,0.09164784942245549,1.3220068102175426,1.497452682501541,0.35089174456799666,551,692.0,282,0.3411978221415608,0.34947045969022816,0.016545275097334777,0.5282112845138055,0.5417825932550879,0.027142617482564746,-0.0001324421099462,0.00045045441131984996,0.0011657930425320998,0.9784299612374476,1.1150813153556092,0.27330270823632286,-0.4556278096204372,-0.297478901194093,0.31629781685268843,0.2785080450284259,0.318583867156651,0.08015164425645022,1.2301146787715431,1.304797222060298,0.1493650865775098
0.32,0.201893534087435,10525,19996,95138,397701,30521,0.0583174105778049,0.3448445332721732,0.099609134701835,0.9521279779361594,0.5258685563189973,0.154570287258415,1.7080513986288917,0.0013464706801315,0.001585840550941,461,1.2635930858708049,0.3535791757049891,0.5835140997830802,0.0015914461799891,0.0015914461799891,0.0015968150014296,1.3902136334809303,-0.0991651490430294,0.0,0.2785080450284259,1.379479765349053,0.2915660592255125,30264,46689,123333,326514,76953,0.1460763097949886,0.3932790144633737,0.1970350983417645,0.8748965040473952,0.5359658011945798,0.262537410540013,1.34885046465299,0.0010458715718917,0.0015403110676985,764,2.0883866522146017,0.3507853403141361,0.524869109947644,0.0002741075880331,0.0002741075880331,0.0006410985886448,1.045246817897163,-0.3338828349843001,0.0,0.3586596892848761,1.2301146787715431,ETHUSDT,SUBE,v4_63_sin_pesos,63,0.3448445332721732,0.36906177386777345,0.04843448119120053,0.099609134701835,0.14832211652179975,0.0974259636399295,0.154570287258415,0.20855384889921402,0.107967123281598,1.34885046465299,1.5284509316409407,0.3592009339759017,461,612.5,303,0.3507853403141361,0.3521822580095626,0.0027938353908529834,0.524869109947644,0.5541916048653621,0.0586449898354362,0.0002741075880331,0.0009327768840111001,0.001317338591956,1.045246817897163,1.2177302256890465,0.3449668155837673,-0.3338828349843001,-0.21652399201366473,0.2347176859412707,0.2785080450284259,0.318583867156651,0.08015164425645022,1.2301146787715431,1.304797222060298,0.1493650865775098
0.33,0.201893534087435,8140,14303,97523,403394,22443,0.0428825282788138,0.36269660918772,0.0770373735366211,0.9657574749160276,0.5213974242263244,0.1270822600034346,1.7964746163225078,0.0016689203488227,0.0018392388280863,366,1.0031997167651072,0.3633879781420765,0.587431693989071,0.0013172925892868,0.0013172925892868,0.0017850387156427,1.302010220690141,-0.0965576341798627,0.0,0.2785080450284259,1.379479765349053,0.2915660592255125,26507,39602,127090,333601,66109,0.1254916476841306,0.4009590222208776,0.1725749851885128,0.8938861691894224,0.5332305771889676,0.2412951853841042,1.3751910057224968,0.0012149645201625,0.0017121516805516,701,1.9161767581183715,0.3609129814550642,0.5092724679029957,0.0001910889491442,0.0001910889491442,0.000262819922292,1.0305337858235504,-0.3592579291702785,0.0,0.3586596892848761,1.2301146787715431,ETHUSDT,SUBE,v4_63_sin_pesos,63,0.36269660918772,0.3818278157042988,0.03826241303315758,0.0770373735366211,0.12480617936256695,0.0955376116518917,0.1270822600034346,0.1841887226937694,0.1142129253806696,1.3751910057224968,1.5858328110225024,0.42128361060001107,366,533.5,335,0.3609129814550642,0.36215047979857035,0.002474996687012343,0.5092724679029957,0.5483520809460334,0.07815922608607528,0.0001910889491442,0.0007541907692155,0.0011262036401426,1.0305337858235504,1.1662720032568457,0.27147643486659057,-0.3592579291702785,-0.2279077816750706,0.2627002949904158,0.2785080450284259,0.318583867156651,0.08015164425645022,1.2301146787715431,1.304797222060298,0.1493650865775098
0.34,0.201893534087435,6378,10491,99285,407206,16869,0.0322321155609905,0.3780899875511292,0.0603617160216916,0.974883707567926,0.5176227117948089,0.1041034178826755,1.8727196453324155,0.0019549081065818,0.0020973860355519,302,0.8277768154728481,0.3841059602649007,0.5728476821192053,0.0012526466604541,0.0012526466604541,0.0015531776813272,1.294349306074255,-0.1427579988716194,0.0,0.2785080450284259,1.379479765349053,0.2915660592255125,23271,33701,130326,339502,56972,0.1081473044798785,0.408463806782279,0.1515068653684642,0.9096979391912712,0.5306024022798678,0.2210296862311166,1.4009305742488758,0.0014005921688542,0.0018828159483227,641,1.7521673351695808,0.360374414976599,0.5210608424336973,0.0002305968129398,0.0002305968129398,0.0006051889347553,1.0355166429712803,-0.3508481058174522,0.0,0.3586596892848761,1.2301146787715431,ETHUSDT,SUBE,v4_63_sin_pesos,63,0.3780899875511292,0.3932768971667041,0.03037381923114979,0.0603617160216916,0.1059342906950779,0.09114514934677259,0.1041034178826755,0.16256655205689605,0.1169262683484411,1.4009305742488758,1.6368251097906457,0.47178907108353973,302,471.5,339,0.360374414976599,0.37224018762074984,0.02373154528830168,0.5210608424336973,0.5469542622764514,0.05178683968550801,0.0002305968129398,0.00074162173669695,0.0010220498475143002,1.0355166429712803,1.1649329745227677,0.2588326631029747,-0.3508481058174522,-0.2468030523445358,0.20809010694583277,0.2785080450284259,0.318583867156651,0.08015164425645022,1.2301146787715431,1.304797222060298,0.1493650865775098
0.35,0.201893534087435,5050,7813,100613,409884,12863,0.0245777285233873,0.392598927155407,0.0477934565552747,0.981295053591479,0.5145442550733769,0.0852133709059615,1.944583955746608,0.0022784366078372,0.0023758280459513,256,0.7016916051690368,0.37109375,0.59375,0.001318597361007,0.001318597361007,0.0022626230072327,1.293684461667757,-0.1529144221612752,0.0,0.2785080450284259,1.379479765349053,0.2915660592255125,20402,28877,133195,344326,49279,0.093544039483675,0.4140100245540697,0.132828115132457,0.9226238803010692,0.5277259977167632,0.2011277824878251,1.41995273953973,0.0015932782240243,0.0020220650185815,580,1.5854244218383102,0.3534482758620689,0.5258620689655172,0.0002637485907583,0.0002637485907583,0.0010662413913226,1.040957530525613,-0.3150277398176946,0.0,0.3586596892848761,1.2301146787715431,ETHUSDT,SUBE,v4_63_sin_pesos,63,0.392598927155407,0.4033044758547384,0.021411097398662704,0.0477934565552747,0.09031078584386584,0.08503465857718229,0.0852133709059615,0.1431705766968933,0.1159144115818636,1.41995273953973,1.682268347643169,0.524631216206878,256,418.0,324,0.3534482758620689,0.3622710129310345,0.017645474137931105,0.5258620689655172,0.5598060344827587,0.06788793103448276,0.0002637485907583,0.00079117297588265,0.0010548487702487,1.040957530525613,1.1673209960966848,0.25272693114214406,-0.3150277398176946,-0.2339710809894849,0.1621133176564194,0.2785080450284259,0.318583867156651,0.08015164425645022,1.2301146787715431,1.304797222060298,0.1493650865775098
0.36,0.201893534087435,4089,5949,101574,411748,10038,0.0191799143992662,0.4073520621637776,0.038698503733568,0.9857576185608228,0.5122280611471954,0.0706821894365649,2.01765779179121,0.0026840813450474,0.0026464104877687,226,0.6194621201882903,0.3805309734513274,0.5796460176991151,0.001525933624611,0.001525933624611,0.0018724619202845,1.36043227890193,-0.1469153019784507,0.0,0.2785080450284259,1.379479765349053,0.2915660592255125,18086,24742,135511,348461,42828,0.0812984054669703,0.4222938264686653,0.1177496956320761,0.9337036411818768,0.5257266684069765,0.1841517118493063,1.4483641463289836,0.0018322450663185,0.0022779048261512,528,1.4432829219493584,0.3882575757575757,0.5435606060606061,0.000598600510817,0.000598600510817,0.0014529824526809,1.0913042537338824,-0.2852824351576772,0.0,0.3586596892848761,1.2301146787715431,ETHUSDT,SUBE,v4_63_sin_pesos,63,0.4073520621637776,0.41482294431622146,0.014941764304887695,0.038698503733568,0.07822409968282205,0.0790511918985081,0.0706821894365649,0.1274169506429356,0.11346952241274139,1.4483641463289836,1.7330109690600968,0.5692936454622266,226,377.0,302,0.3805309734513274,0.3843942746044515,0.007726602306248276,0.5435606060606061,0.5616033118798606,0.03608541163850898,0.000598600510817,0.001062267067714,0.000927333113794,1.0913042537338824,1.2258682663179061,0.2691280251680477,-0.2852824351576772,-0.21609886856806396,0.1383671331792265,0.2785080450284259,0.318583867156651,0.08015164425645022,1.2301146787715431,1.304797222060298,0.1493650865775098
0.37,0.201893534087435,3335,4657,102328,413040,7992,0.0152705594619382,0.4172922922922923,0.0315626094280874,0.988850769816398,0.5102066896222427,0.0586863754344287,2.0668928015870653,0.0030555952121613,0.0027473658690064,184,0.5043408412152453,0.3695652173913043,0.5869565217391305,0.0019492403171211,0.0019492403171211,0.0014169199246319,1.4742440643594652,-0.1347168360913623,0.0,0.2785080450284259,1.379479765349053,0.2915660592255125,16032,21187,137565,352016,37219,0.0706511009870918,0.4307477363712083,0.1043770386140354,0.9432292880818214,0.5238031633479284,0.1680362233774945,1.4773589817532409,0.0020953314543441,0.0025412159457873,482,1.3175423643552855,0.3983402489626556,0.5622406639004149,0.0007371504107047,0.0007371504107047,0.0019958189340132,1.1113577929152665,-0.2553031352812974,0.0,0.3586596892848761,1.2301146787715431,ETHUSDT,SUBE,v4_63_sin_pesos,63,0.4172922922922923,0.4240200143317503,0.013455444078915968,0.0315626094280874,0.0679698240210614,0.072814429185948,0.0586863754344287,0.1133612994059616,0.10934984794306579,1.4773589817532409,1.7721258916701532,0.5895338198338245,184,333.0,298,0.3695652173913043,0.38395273317698,0.02877503157135125,0.5622406639004149,0.5745985928197728,0.02471585783871555,0.0007371504107047,0.0013431953639129,0.0012120899064164002,1.1113577929152665,1.2928009286373658,0.3628862714441987,-0.2553031352812974,-0.19500998568632985,0.12058629918993508,0.2785080450284259,0.318583867156651,0.08015164425645022,1.2301146787715431,1.304797222060298,0.1493650865775098
0.38,0.201893534087435,2731,3735,102932,413962,6466,0.0123547844695811,0.4223631302196102,0.0258463227430604,0.9910581115018782,0.5084522171224694,0.0487117516431966,2.092009197464914,0.0034090842444341,0.0028102763214769,155,0.4248523390671903,0.4064516129032258,0.6258064516129033,0.0023847234887279,0.0023847234887279,0.0030494391871453,1.59304278407662,-0.1369690222344651,0.0,0.2785080450284259,1.379479765349053,0.2915660592255125,14194,18362,139403,354841,32556,0.0617995444191344,0.4359872220174469,0.0924106590623514,0.9507988949713696,0.5216047770168605,0.1524982138348562,1.4953291311600552,0.0023488656890978,0.0026696412538508,432,1.180867845231293,0.4236111111111111,0.5717592592592593,0.0010373265756227,0.0010373265756227,0.0028852998879056,1.1532467375577005,-0.252868603034603,0.0,0.3586596892848761,1.2301146787715431,ETHUSDT,SUBE,v4_63_sin_pesos,63,0.4223631302196102,0.4291751761185285,0.01362409179783669,0.0258463227430604,0.059128490902705895,0.066564336319291,0.0487117516431966,0.1006049827390264,0.1037864621916596,1.4953291311600552,1.7936691643124847,0.596680066304859,155,293.5,277,0.4064516129032258,0.41503136200716845,0.017159498207885315,0.5717592592592593,0.5987828554360812,0.05404719235364397,0.0010373265756227,0.0017110250321753,0.0013473969131052002,1.1532467375577005,1.3731447608171603,0.43979604651891946,-0.252868603034603,-0.19491881263453406,0.1158995808001379,0.2785080450284259,0.318583867156651,0.08015164425645022,1.2301146787715431,1.304797222060298,0.1493650865775098
0.39,0.201893534087435,2216,3076,103447,414621,5292,0.0101115866707428,0.418745275888133,0.0209723365795027,0.992635810168615,0.5068040733740589,0.0399441214906944,2.0740895828134094,0.0036460628688643,0.0027618910174275,134,0.3672916995806677,0.4552238805970149,0.6567164179104478,0.0035679006826902,0.0035679006826902,0.0047582032098494,1.8936042563898403,-0.1020296137012054,0.0,0.2785080450284259,1.379479765349053,0.2915660592255125,12574,16037,141023,357166,28611,0.0543109339407744,0.4394813183740519,0.0818635780646757,0.9570287484291392,0.5194461632469074,0.1380180892167193,1.5073130238185026,0.0025504458952435,0.0027266422272862,395,1.0797287010795389,0.4177215189873418,0.5417721518987342,0.0007329385184799,0.0007329385184799,0.0021469354656458,1.105899054612009,-0.2506934332216809,0.0,0.3586596892848761,1.2301146787715431,ETHUSDT,SUBE,v4_63_sin_pesos,63,0.418745275888133,0.4291132971310925,0.020736042485918926,0.0209723365795027,0.0514179573220892,0.060891241485173,0.0399441214906944,0.08898110535370685,0.09807396772602489,1.5073130238185026,1.790701303315956,0.5667765589949068,134,264.5,261,0.4177215189873418,0.43647269979217834,0.03750236160967313,0.5417721518987342,0.5992442849045909,0.11494426601171359,0.0007329385184799,0.00215041960058505,0.0028349621642103,1.105899054612009,1.4997516555009247,0.7877052017778312,-0.2506934332216809,-0.17636152346144315,0.14866381952047553,0.2785080450284259,0.318583867156651,0.08015164425645022,1.2301146787715431,1.304797222060298,0.1493650865775098
0.4,0.201893534087435,1845,2530,103818,415167,4375,0.0083594466523998,0.4217142857142857,0.0174611737315805,0.993942977804485,0.5057020757680328,0.0335338701175957,2.0887954020937185,0.003905158015971,0.0028754348130244,115,0.3152130257595282,0.4956521739130435,0.6521739130434783,0.0041499851127203,0.0041499851127203,0.004857943901084,2.094756792623244,-0.0668866725321468,0.0,0.2785080450284259,1.379479765349053,0.2915660592255125,11234,14067,142363,359136,25301,0.0480277145026575,0.4440140705900952,0.0731394493382032,0.962307376950346,0.5177234131442746,0.1255911189616429,1.5228592510717147,0.0028373473514838,0.0028133165384494,362,0.989523518457704,0.43646408839779,0.5662983425414365,0.0013549146131946,0.0013549146131946,0.0025935351719191,1.1960203888847691,-0.2579553758053208,0.0,0.3586596892848761,1.2301146787715431,ETHUSDT,SUBE,v4_63_sin_pesos,63,0.4217142857142857,0.43286417815219047,0.02229978487580947,0.0174611737315805,0.04530031153489185,0.055678275606622696,0.0335338701175957,0.0795624945396193,0.0920572488440472,1.5228592510717147,1.8058273265827167,0.5659361510220038,115,238.5,247,0.43646408839779,0.4660581311554167,0.05918808551525351,0.5662983425414365,0.6092361277924574,0.08587557050204175,0.0013549146131946,0.00275244986295745,0.0027950704995257005,1.1960203888847691,1.6453885907540067,0.8987364037384751,-0.2579553758053208,-0.1624210241687338,0.191068703273174,0.2785080450284259,0.318583867156651,0.08015164425645022,1.2301146787715431,1.304797222060298,0.1493650865775098
0.41,0.201893534087435,1518,2131,104145,415566,3649,0.0069722561907673,0.4160043847629487,0.0143664291189915,0.9948982156922362,0.5046323224056138,0.0277737119437939,2.0605136595547813,0.003881829842075,0.0027229894394802,103,0.2823212317672297,0.5339805825242718,0.7087378640776699,0.0056539055298899,0.0056539055298899,0.0064515765194195,2.792471878051116,-0.0472457917859465,0.0,0.2785080450284259,1.379479765349053,0.2915660592255125,10035,12302,143562,360901,22337,0.0424012908124525,0.4492545999910462,0.065333307291158,0.967036706564524,0.516185006927841,0.1140768697352416,1.5408329803009375,0.0031673676434493,0.0029625982232617,328,0.8965848454533892,0.4481707317073171,0.5701219512195121,0.0014662367325858,0.0014662367325858,0.0027441714583154,1.2002483787304232,-0.2594254614670647,0.0,0.3586596892848761,1.2301146787715431,ETHUSDT,SUBE,v4_63_sin_pesos,63,0.4160043847629487,0.43262949237699744,0.03325021522809751,0.0143664291189915,0.039849868205074745,0.050966878172166497,0.0277737119437939,0.07092529083951775,0.0863031577914477,1.5408329803009375,1.8006733199278595,0.5196806792538438,103,215.5,225,0.4481707317073171,0.4910756571157945,0.08580985081695475,0.5701219512195121,0.639429907648591,0.13861591285815777,0.0014662367325858,0.00356007113123785,0.0041876687973041,1.2002483787304232,1.9963601283907697,1.592223499320693,-0.2594254614670647,-0.1533356266265056,0.21217966968111818,0.2785080450284259,0.318583867156651,0.08015164425645022,1.2301146787715431,1.304797222060298,0.1493650865775098
0.42,0.201893534087435,1252,1755,104411,415942,3007,0.0057455671048608,0.4163618224143665,0.0118489916053869,0.9957983897418464,0.5038236906736167,0.0230422379681604,2.0622840859977742,0.0040167883383366,0.0026778069914443,91,0.249429437774931,0.5164835164835165,0.7142857142857143,0.0053934742807959,0.0053934742807959,0.0056600206829833,2.621273992185052,-0.0756433788034717,0.0,0.2785080450284259,1.379479765349053,0.2915660592255125,9007,10810,144590,362393,19817,0.0376176917236142,0.4545087551092496,0.0586404682383119,0.9710345308049506,0.5148374995216313,0.1038785795841166,1.5588534423950513,0.0035132981752952,0.0031351647920994,302,0.8255140955089133,0.423841059602649,0.5827814569536424,0.0009448408573415,0.0009448408573415,0.002471255426682,1.1308105095619785,-0.2832786790099894,0.0,0.3586596892848761,1.2301146787715431,ETHUSDT,SUBE,v4_63_sin_pesos,63,0.4163618224143665,0.43543528876180804,0.03814693269488312,0.0118489916053869,0.0352447299218494,0.046791476632925,0.0230422379681604,0.0634604087761385,0.08083634161595621,1.5588534423950513,1.8105687641964128,0.5034306436027229,91,196.5,211,0.423841059602649,0.4701622880430828,0.09264245688086753,0.5827814569536424,0.6485335856196783,0.13150425733207194,0.0009448408573415,0.0031691575690687,0.0044486334234544005,1.1308105095619785,1.8760422508735153,1.4904634826230734,-0.2832786790099894,-0.17946102890673055,0.20763530020651766,0.2785080450284259,0.318583867156651,0.08015164425645022,1.2301146787715431,1.304797222060298,0.1493650865775098
0.43,0.201893534087435,1071,1471,104592,416226,2542,0.0048570773463772,0.4213217938630999,0.0101359984100394,0.9964783084388924,0.5033071534244659,0.019795758051846,2.0868513484965594,0.0043195981982436,0.002714500930437,74,0.2028327296191747,0.4459459459459459,0.6756756756756757,0.0047881685597548,0.0047881685597548,0.0040510194869399,2.2605526696661973,-0.0850583248476481,0.0,0.2785080450284259,1.379479765349053,0.2915660592255125,8083,9517,145514,363686,17600,0.0334092634776006,0.4592613636363636,0.0526247257433413,0.9744991331795296,0.5135619294614355,0.0944292248111824,1.5751537228177397,0.0038231132562784,0.0033004599698144,273,0.7462428744169978,0.4249084249084249,0.5787545787545788,0.0009888534941814,0.0009888534941814,0.0027178272481054,1.134987202754735,-0.2517523835360403,0.0,0.3586596892848761,1.2301146787715431,ETHUSDT,SUBE,v4_63_sin_pesos,63,0.4213217938630999,0.4402915787497318,0.03793956977326368,0.0101359984100394,0.03138036207669035,0.042488727333301904,0.019795758051846,0.0571124914315142,0.07463346675933641,1.5751537228177397,1.8310025356571495,0.5116976256788197,74,173.5,199,0.4249084249084249,0.4354271854271854,0.02103752103752099,0.5787545787545788,0.6272151272151272,0.09692109692109685,0.0009888534941814,0.0028885110269681,0.0037993150655733993,1.134987202754735,1.6977699362104661,1.1255654669114623,-0.2517523835360403,-0.1684053541918442,0.1666940586883922,0.2785080450284259,0.318583867156651,0.08015164425645022,1.2301146787715431,1.304797222060298,0.1493650865775098
0.44,0.201893534087435,915,1237,104748,416460,2152,0.004111892387649,0.4251858736059479,0.0086596064847676,0.9970385231399794,0.5028490648123736,0.0169735194546213,2.105990543618948,0.0044309334033966,0.0028031236968611,71,0.1946097811211,0.4929577464788732,0.6901408450704225,0.0053756705243652,0.0053756705243652,0.0048170179749127,2.4741910582681435,-0.0817729186767054,0.0,0.2785080450284259,1.379479765349053,0.2915660592255125,7232,8366,146365,364837,15598,0.0296089597570235,0.4636491857930503,0.0470842529476487,0.9775832455794836,0.5123337492635661,0.0854871597860456,1.5902028755495154,0.0041344282932608,0.0034949786197838,252,0.688839576384921,0.4404761904761904,0.5912698412698413,0.001142025380119,0.001142025380119,0.0032745019519045,1.1517229953263053,-0.2527016430125159,0.0,0.3586596892848761,1.2301146787715431,ETHUSDT,SUBE,v4_63_sin_pesos,63,0.4251858736059479,0.4444175296994991,0.038463312187102416,0.0086596064847676,0.027871929716208152,0.0384246464628811,0.0169735194546213,0.05123033962033345,0.06851364033142429,1.5902028755495154,1.8480967095842318,0.5157876680694324,71,161.5,181,0.4404761904761904,0.4667169684775318,0.05248155600268278,0.5912698412698413,0.640705343170132,0.09887100380058123,0.001142025380119,0.0032588479522421,0.0042336451442461995,1.1517229953263053,1.8129570267972244,1.3224680629418382,-0.2527016430125159,-0.16723728084461065,0.17092872433581052,0.2785080450284259,0.318583867156651,0.08015164425645022,1.2301146787715431,1.304797222060298,0.1493650865775098
0.45,0.201893534087435,794,1048,104869,416649,1842,0.0035195658819932,0.4310532030401737,0.0075144563376016,0.9974910042447036,0.5025027302911527,0.0147714059811171,2.135052046062532,0.0045394734124176,0.0029038469808048,60,0.164458969961493,0.5166666666666667,0.6833333333333333,0.005181706408183,0.005181706408183,0.0053934649784969,2.272652737119481,-0.074731353479913,0.0,0.2785080450284259,1.379479765349053,0.2915660592255125,6496,7374,147101,365829,13870,0.0263287775246772,0.4683489545782264,0.0422924926919145,0.980241316388132,0.5112669045400232,0.0775794634166731,1.6063219286301793,0.0043981732163104,0.0036889877450098,234,0.6396367495002838,0.4273504273504273,0.5854700854700855,0.0011795222777778,0.0011795222777778,0.0027894587888414,1.1540237901940698,-0.2616901556231662,0.0,0.3586596892848761,1.2301146787715431,ETHUSDT,SUBE,v4_63_sin_pesos,63,0.4310532030401737,0.44970107880920007,0.0372957515380527,0.0075144563376016,0.02490347451475805,0.0347780363543129,0.0147714059811171,0.0461754346988951,0.062808057435556,1.6063219286301793,1.8706869873463556,0.5287301174323527,60,147.0,174,0.4273504273504273,0.472008547008547,0.08931623931623944,0.5854700854700855,0.6344017094017094,0.09786324786324785,0.0011795222777778,0.0031806143429804,0.0040021841304051994,1.1540237901940698,1.7133382636567753,1.1186289469254111,-0.2616901556231662,-0.1682107545515396,0.18695880214325322,0.2785080450284259,0.318583867156651,0.08015164425645022,1.2301146787715431,1.304797222060298,0.1493650865775098
0.46,0.201893534087435,698,898,104965,416799,1596,0.0030495261387954,0.43734335839599,0.0066059074605112,0.99785011623258,0.5022280118465456,0.013015224829618,2.1662078499581243,0.0047775217756772,0.0030966020406287,55,0.1507540557980352,0.4909090909090909,0.7090909090909091,0.0055360778071072,0.0055360778071072,0.0048170179749127,2.302150692288405,-0.0747790881038849,0.0,0.2785080450284259,1.379479765349053,0.2915660592255125,5883,6538,147714,366665,12421,0.0235782080485952,0.4736333628532324,0.0383015293267446,0.9824813841260654,0.5103914567264051,0.0708718331747159,1.6244461516245945,0.004743575684549,0.0038176104229503,222,0.6068348649105256,0.4324324324324324,0.5900900900900901,0.0019620331065969,0.0019620331065969,0.0026160382246214,1.2612943962837733,-0.2531002245467083,0.0,0.3586596892848761,1.2301146787715431,ETHUSDT,SUBE,v4_63_sin_pesos,63,0.43734335839599,0.4554883606246112,0.0362900044572424,0.0066059074605112,0.0224537183936279,0.0316956218662334,0.013015224829618,0.041943529002166954,0.057856608345097905,1.6244461516245945,1.8953270007913594,0.5417616983335298,55,138.5,167,0.4324324324324324,0.46167076167076165,0.058476658476658505,0.5900900900900901,0.6495904995904995,0.11900081900081905,0.0019620331065969,0.00374905545685205,0.0035740447005103,1.2612943962837733,1.7817225442860891,1.0408562960046317,-0.2531002245467083,-0.16393965632529658,0.17832113644282338,0.2785080450284259,0.318583867156651,0.08015164425645022,1.2301146787715431,1.304797222060298,0.1493650865775098
0.47,0.201893534087435,611,780,105052,416917,1391,0.0026578263527973,0.4392523364485981,0.005782535040648,0.9981326176630428,0.5019575763518455,0.0114148000074728,2.175663219894744,0.0048576095821309,0.0030929629513918,50,0.1370491416345775,0.54,0.74,0.006063748427362,0.006063748427362,0.0052811476934836,2.384719978310005,-0.0592750452018007,0.0,0.2785080450284259,1.379479765349053,0.2915660592255125,5342,5841,148255,367362,11183,0.0212281700835231,0.4776893499061075,0.034779325117027,0.9843490004099644,0.5095641627634958,0.0648379657725452,1.638357191419998,0.0050389012836097,0.004025927833787,198,0.5412310957310094,0.4444444444444444,0.5808080808080808,0.0022941307739772,0.0022941307739772,0.0026160382246214,1.3054506254261284,-0.2079025112855463,0.0,0.3586596892848761,1.2301146787715431,ETHUSDT,SUBE,v4_63_sin_pesos,63,0.4392523364485981,0.4584708431773528,0.038437013457509384,0.005782535040648,0.020280930078837498,0.028996790076379,0.0114148000074728,0.038126382890009004,0.0534231657650724,1.638357191419998,1.9070102056573708,0.537306028474746,50,124.0,148,0.4444444444444444,0.4922222222222222,0.09555555555555562,0.5808080808080808,0.6604040404040403,0.15919191919191922,0.0022941307739772,0.0041789396006696004,0.0037696176533847997,1.3054506254261284,1.8450853018680666,1.0792693528838766,-0.2079025112855463,-0.1335887782436735,0.1486274660837456,0.2785080450284259,0.318583867156651,0.08015164425645022,1.2301146787715431,1.304797222060298,0.1493650865775098
0.48,0.201893534087435,511,691,105152,417006,1202,0.0022966982574136,0.4251247920133111,0.0048361299603456,0.9983456907758494,0.5015909103680976,0.0095634679268235,2.105688000038675,0.0046828395805457,0.0028897290368675,47,0.1288261931365028,0.5106382978723404,0.723404255319149,0.0059490532053143,0.0059490532053143,0.0050083037545995,2.3626780429184007,-0.0779301789027739,0.0,0.2785080450284259,1.379479765349053,0.2915660592255125,4854,5217,148743,367986,10071,0.0191173120728929,0.4819779565087876,0.0316021797300728,0.986021012692824,0.5088115962114484,0.0593151990615147,1.6530660591602004,0.0054298514678369,0.004161353110947,189,0.5166296822886908,0.4603174603174603,0.5767195767195767,0.0028207017741103,0.0028207017741103,0.0029337443776216,1.3706712983738778,-0.1953583981170396,0.0,0.3586596892848761,1.2301146787715431,ETHUSDT,SUBE,v4_63_sin_pesos,63,0.4251247920133111,0.45355137426104936,0.056853164495476505,0.0048361299603456,0.018219154845209203,0.026766049769727202,0.0095634679268235,0.034439333494169104,0.0497517311346912,1.6530660591602004,1.8793770295994379,0.4526219408784746,47,118.0,142,0.4603174603174603,0.48547787909490037,0.05032083755488009,0.5767195767195767,0.6500619160193628,0.14668467859957224,0.0028207017741103,0.0043848774897123,0.0031283514312039997,1.3706712983738778,1.8666746706461392,0.9920067445445229,-0.1953583981170396,-0.13664428850990673,0.11742821921426569,0.2785080450284259,0.318583867156651,0.08015164425645022,1.2301146787715431,1.304797222060298,0.1493650865775098
0.49,0.201893534087435,429,613,105234,417084,1042,0.0019909813512687,0.4117082533589251,0.0040600777944976,0.9985324290095452,0.5012962534020214,0.008040860315824,2.03923446691772,0.0046186302841789,0.0027804526195234,43,0.1178622618057366,0.5116279069767442,0.6976744186046512,0.0065294033255998,0.0065294033255998,0.0053646872251063,2.4850965173931905,-0.064568767843462,0.0,0.2785080450284259,1.379479765349053,0.2915660592255125,4415,4647,149182,368556,9062,0.0172019741837509,0.4871992937541382,0.0287440509905792,0.9875483316050514,0.5081461912978154,0.05428534541587,1.6709739640076302,0.005812044637004,0.0044294978732128,176,0.4810943073164527,0.4715909090909091,0.5852272727272727,0.0029728852011903,0.0029728852011903,0.0032043672689143,1.408980007206206,-0.2068550895853028,0.0,0.3586596892848761,1.2301146787715431,ETHUSDT,SUBE,v4_63_sin_pesos,63,0.4117082533589251,0.4494537735565316,0.0754910403952131,0.0040600777944976,0.0164020643925384,0.0246839731960816,0.008040860315824,0.031163102865846996,0.046244485100046,1.6709739640076302,1.8551042154626751,0.3682605029100898,43,109.5,133,0.4715909090909091,0.4916094080338267,0.04003699788583509,0.5852272727272727,0.641450845665962,0.11244714587737847,0.0029728852011903,0.00475114426339505,0.0035565181244095003,1.408980007206206,1.9470382622996982,1.0761165101869845,-0.2068550895853028,-0.1357119287143824,0.1422863217418408,0.2785080450284259,0.318583867156651,0.08015164425645022,1.2301146787715431,1.304797222060298,0.1493650865775098
0.5,0.201893534087435,369,540,105294,417157,909,0.0017368541730357,0.4059405940594059,0.0034922347463161,0.9987071968436452,0.5010997157949806,0.0069248958450624,2.010666641179322,0.0047902065303654,0.002778226602754,40,0.109639313307662,0.5,0.7,0.0066543009787567,0.0066543009787567,0.0049726718062869,2.645037152797592,-0.0546815273785509,0.0,0.2785080450284259,1.379479765349053,0.2915660592255125,4048,4149,149549,369054,8197,0.0155599848139711,0.4938392094668781,0.0263546814065378,0.9888827260231028,0.5076187037148203,0.0500389384031546,1.693747244719307,0.0062617894644934,0.0047731945454603,166,0.4537594034916543,0.4819277108433735,0.5903614457831325,0.0035129355655176,0.0035129355655176,0.0040393577959583,1.4860314604968203,-0.209041511694802,0.0,0.3586596892848761,1.2301146787715431,ETHUSDT,SUBE,v4_63_sin_pesos,63,0.4059405940594059,0.44988990176314203,0.08789861540747218,0.0034922347463161,0.01492345807642695,0.022862446660221702,0.0069248958450624,0.0284819171241085,0.043114042558092196,1.693747244719307,1.8522069429493144,0.3169193964600152,40,103.0,126,0.4819277108433735,0.49096385542168675,0.01807228915662651,0.5903614457831325,0.6451807228915662,0.10963855421686741,0.0035129355655176,0.00508361827213715,0.0031413654132390998,1.4860314604968203,2.0655343066472063,1.1590056923007719,-0.209041511694802,-0.13186151953667646,0.15435998431625111,0.2785080450284259,0.318583867156651,0.08015164425645022,1.2301146787715431,1.304797222060298,0.1493650865775098
0.51,0.201893534087435,330,467,105333,417230,797,0.0015228523387343,0.4140526976160602,0.0031231367649981,0.9988819646777448,0.5010025507213716,0.0061995115536351,2.0508467469629035,0.0054032561037927,0.0028940776525319,36,0.0986753819768958,0.4444444444444444,0.6666666666666666,0.0068213744926547,0.0068213744926547,0.0034016146189483,2.6673700798578106,-0.0494644235961687,0.0,0.2785080450284259,1.379479765349053,0.2915660592255125,3697,3705,149900,369498,7402,0.014050873196659,0.4994596055120238,0.0240694805237081,0.990072427070522,0.507070953797115,0.0459257510916216,1.7130238232760673,0.0067560780642081,0.0049742877947889,155,0.423691009284376,0.4903225806451612,0.5806451612903226,0.0037605886803981,0.0037605886803981,0.0046669277705995,1.4968302477940465,-0.1944329441907434,0.0,0.3586596892848761,1.2301146787715431,ETHUSDT,SUBE,v4_63_sin_pesos,63,0.4140526976160602,0.456756151564042,0.08540690789596361,0.0031231367649981,0.0135963086443531,0.020946343758709997,0.0061995115536351,0.02606263132262835,0.0397262395379865,1.7130238232760673,1.8819352851194853,0.3378229236868362,36,95.5,119,0.4444444444444444,0.4673835125448028,0.04587813620071679,0.5806451612903226,0.6236559139784946,0.08602150537634401,0.0037605886803981,0.0052909815865264,0.0030607858122566,1.4968302477940465,2.0821001638259284,1.170539832063764,-0.1944329441907434,-0.12194868389345605,0.14496852059457468,0.2785080450284259,0.318583867156651,0.08015164425645022,1.2301146787715431,1.304797222060298,0.1493650865775098
0.52,0.201893534087435,290,401,105373,417296,691,0.0013203148884133,0.4196816208393632,0.0027445747328771,0.9990399739524104,0.5008922743426438,0.0054534855294582,2.078727398261351,0.0059545204717257,0.0031662166624579,30,0.0822294849807465,0.4333333333333333,0.6,0.0056403861512488,0.0056403861512488,0.0032276570219826,2.158312074855442,-0.0538311451759891,0.0,0.2785080450284259,1.379479765349053,0.2915660592255125,3403,3339,150194,369864,6742,0.012798025816249,0.5047463660634827,0.0221553806389447,0.9910531265825836,0.5066042536107642,0.0424475642233018,1.7311561140012022,0.0072461696727025,0.0052224550121762,138,0.3772216727822186,0.4710144927536231,0.5652173913043478,0.0038918146321528,0.0038918146321528,0.0029611148408826,1.5075479697031446,-0.1942391794756988,0.0,0.3586596892848761,1.2301146787715431,ETHUSDT,SUBE,v4_63_sin_pesos,63,0.4196816208393632,0.46221399345142294,0.08506474522411944,0.0027445747328771,0.0124499776859109,0.019410805906067603,0.0054534855294582,0.02395052487638,0.0369940786938436,1.7311561140012022,1.9049417561312765,0.3475712842601486,30,84.0,108,0.4333333333333333,0.4521739130434782,0.03768115942028982,0.5652173913043478,0.5826086956521739,0.034782608695652195,0.0038918146321528,0.0047661003917008,0.0017485715190959997,1.5075479697031446,1.8329300222792932,0.6507641051522972,-0.1942391794756988,-0.12403516232584395,0.1404080342997097,0.2785080450284259,0.318583867156651,0.08015164425645022,1.2301146787715431,1.304797222060298,0.1493650865775098
0.53,0.201893534087435,269,345,105394,417352,614,0.001173188627331,0.4381107491856677,0.0025458296660136,0.9991740424278844,0.500859936046949,0.005062243006483,2.1700088175975605,0.0068768036440899,0.0034700273372957,28,0.0767475193153634,0.4285714285714285,0.6071428571428571,0.0053175743128523,0.0053175743128523,0.0032276570219826,2.038867184796396,-0.072985889670165,0.0,0.2785080450284259,1.379479765349053,0.2915660592255125,3129,3000,150468,370203,6129,0.011634396355353,0.5105237395986295,0.0203714916306959,0.9919614794093295,0.5061664855200128,0.0391795950565343,1.7509710868087138,0.0078218100785849,0.0055327704538772,133,0.3635542208698194,0.4887218045112781,0.5714285714285714,0.003557828575512,0.003557828575512,0.0036660875421905,1.4581381956211117,-0.1840642521890637,0.0,0.3586596892848761,1.2301146787715431,ETHUSDT,SUBE,v4_63_sin_pesos,63,0.4381107491856677,0.4743172443921486,0.07241299041296179,0.0025458296660136,0.01145866064835475,0.0178256619646823,0.005062243006483,0.022120919031508653,0.0341173520500513,1.7509710868087138,1.9604899522031372,0.41903773078884665,28,80.5,105,0.4285714285714285,0.4586466165413533,0.06015037593984962,0.5714285714285714,0.5892857142857142,0.0357142857142857,0.003557828575512,0.00443770144418215,0.0017597457373403,1.4581381956211117,1.748502690208754,0.5807289891752845,-0.1840642521890637,-0.12852507092961435,0.11107836251889869,0.2785080450284259,0.318583867156651,0.08015164425645022,1.2301146787715431,1.304797222060298,0.1493650865775098
0.54,0.201893534087435,254,311,105409,417386,565,0.0010795628248242,0.4495575221238938,0.0024038689039682,0.9992554411451364,0.5008296550245523,0.0047821666603908,2.2267058930634285,0.0074434322407936,0.0036461369082314,25,0.0685245708172887,0.4,0.56,0.0048041190967222,0.0048041190967222,0.0021478518789666,1.8379964965174689,-0.0729858896701649,0.0,0.2785080450284259,1.379479765349053,0.2915660592255125,2893,2714,150704,370489,5607,0.0106435079726651,0.5159621901194935,0.0188350032878246,0.9927278183723068,0.5057814108300657,0.0363433079570865,1.7696236368871083,0.0083779748924868,0.0059071153889913,124,0.3389528074275008,0.4838709677419355,0.5725806451612904,0.0036821514451915,0.0036821514451915,0.0033848255563319,1.4825105822624502,-0.185655091608473,0.0,0.3586596892848761,1.2301146787715431,ETHUSDT,SUBE,v4_63_sin_pesos,63,0.4495575221238938,0.4827598561216937,0.06640466799559969,0.0024038689039682,0.0106194360958964,0.0164311343838564,0.0047821666603908,0.02056273730873865,0.0315611412966957,1.7696236368871083,1.9981647649752685,0.45708225617632015,25,74.5,99,0.4,0.44193548387096776,0.08387096774193548,0.56,0.5662903225806453,0.012580645161290316,0.0036821514451915,0.004243135270956849,0.0011219676515306998,1.4825105822624502,1.6602535393899596,0.35548591425501863,-0.185655091608473,-0.12932049063931894,0.1126692019383081,0.2785080450284259,0.318583867156651,0.08015164425645022,1.2301146787715431,1.304797222060298,0.1493650865775098
0.55,0.201893534087435,238,272,105425,417425,510,0.0009744726383369,0.4666666666666667,0.0022524440911198,0.9993488102619842,0.500800627176552,0.0044832490369491,2.311449293193139,0.0086190102375508,0.003856507683738,23,0.0630426051519056,0.391304347826087,0.5652173913043478,0.0051628661643212,0.0051628661643212,0.0021478518789666,1.855355339964664,-0.0688293870214005,0.0,0.2785080450284259,1.379479765349053,0.2915660592255125,2685,2434,150912,370769,5119,0.0097171602126044,0.5245165071302988,0.0174808101720736,0.9934780802941028,0.5054794452330882,0.0338340179944051,1.7989628440414944,0.0090715442208289,0.0062932975701255,113,0.3088844132202225,0.495575221238938,0.5752212389380531,0.0042651782249545,0.0042651782249545,0.0046669277705995,1.5490835928829425,-0.1790348122247099,0.0,0.3586596892848761,1.2301146787715431,ETHUSDT,SUBE,v4_63_sin_pesos,63,0.4666666666666667,0.49559158689848276,0.057849840463632174,0.0022524440911198,0.0098666271315967,0.015228366080953801,0.0044832490369491,0.0191586335156771,0.029350768957456003,1.7989628440414944,2.055206068617317,0.5124864491516448,23,68.0,90,0.391304347826087,0.4434397845325125,0.10427087341285102,0.5652173913043478,0.5702193151212005,0.01000384763370532,0.0042651782249545,0.00471402219463785,0.0008976879393667002,1.5490835928829425,1.7022194664238033,0.30627174708172156,-0.1790348122247099,-0.12393209962305521,0.1102054252033094,0.2785080450284259,0.318583867156651,0.08015164425645022,1.2301146787715431,1.304797222060298,0.1493650865775098
0.56,0.201893534087435,225,222,105438,417475,447,0.0008540966065423,0.5033557046979866,0.0021294114306805,0.9994685142579428,0.5007989628443117,0.0042408821034775,2.493173973961919,0.0102453226918759,0.0050255238497758,22,0.0603016223192141,0.4090909090909091,0.5909090909090909,0.0058253256469164,0.0058253256469164,0.0026190594182409,2.076531091764537,-0.0808161802389054,0.0,0.2785080450284259,1.379479765349053,0.2915660592255125,2512,2188,151085,371015,4700,0.0089217919514047,0.534468085106383,0.0163544860902231,0.9941372389825376,0.5052458625363804,0.0317378093078201,1.833094313261604,0.0098855818260313,0.0067087703830851,105,0.2870164901603838,0.4952380952380952,0.5904761904761905,0.0047966961929787,0.0047966961929787,0.0046669277705995,1.6263189983713238,-0.1706468790867001,0.0,0.3586596892848761,1.2301146787715431,ETHUSDT,SUBE,v4_63_sin_pesos,63,0.5033557046979866,0.5189118949021848,0.031112380408396367,0.0021294114306805,0.0092419487604518,0.014225074659542602,0.0042408821034775,0.0179893457056488,0.027496927204342603,1.833094313261604,2.1631341436117615,0.6600796607003152,22,63.5,83,0.4090909090909091,0.45216450216450216,0.08614718614718608,0.5904761904761905,0.5906926406926407,0.00043290043290045155,0.0047966961929787,0.00531101091994755,0.0010286294539376996,1.6263189983713238,1.8514250450679304,0.4502120933932132,-0.1706468790867001,-0.12573152966280274,0.0898306988477947,0.2785080450284259,0.318583867156651,0.08015164425645022,1.2301146787715431,1.304797222060298,0.1493650865775098
0.57,0.201893534087435,210,190,105453,417507,400,0.0007642922653622,0.525,0.0019874506686351,0.9995451248153566,0.5007662877419959,0.0039599106191603,2.600380454842281,0.0115490899462774,0.0055721253534632,20,0.054819656653831,0.45,0.65,0.0075234346053491,0.0075234346053491,0.0026190594182409,2.370367430225857,-0.0729401058288832,0.0,0.2785080450284259,1.379479765349053,0.2915660592255125,2331,1963,151266,371240,4294,0.0081511009870918,0.5428504890544946,0.0151760776577667,0.994740128026838,0.5049581028423024,0.0295266987985382,1.8618439008177747,0.0104967367810294,0.0071163050639246,98,0.2678820574830248,0.5102040816326531,0.5816326530612245,0.004936249034114,0.004936249034114,0.0053901018601177,1.6746834931379622,-0.168696563280829,0.0,0.3586596892848761,1.2301146787715431,ETHUSDT,SUBE,v4_63_sin_pesos,63,0.525,0.5339252445272473,0.0178504890544946,0.0019874506686351,0.0085817641632009,0.0131886269891316,0.0039599106191603,0.01674330470884925,0.0255667881793779,1.8618439008177747,2.231112177830028,0.7385365540245064,20,59.0,78,0.45,0.48010204081632657,0.06020408163265306,0.5816326530612245,0.6158163265306122,0.06836734693877555,0.004936249034114,0.00622984181973155,0.0025871855712350997,1.6746834931379622,2.0225254616819095,0.6956839370878949,-0.168696563280829,-0.1208183345548561,0.09575645745194579,0.2785080450284259,0.318583867156651,0.08015164425645022,1.2301146787715431,1.304797222060298,0.1493650865775098
0.58,0.201893534087435,200,150,105463,417547,350,0.0006687557321919,0.5714285714285714,0.0018928101606049,0.9996408880121236,0.5007668490863643,0.0037731221642628,2.8303460732977213,0.0133655270666642,0.0072745340157946,18,0.0493376909884479,0.4444444444444444,0.6111111111111112,0.0068049717663766,0.0068049717663766,0.0017287726235034,2.126341627203053,-0.0729401058288832,0.0,0.2785080450284259,1.379479765349053,0.2915660592255125,2170,1789,151427,371414,3959,0.0075151860288534,0.5481182116696135,0.0141278801018249,0.9952063622210968,0.5046671211614608,0.0275457615070197,1.8799108960953168,0.0110295460141396,0.0074149012139965,91,0.2487476248056659,0.4945054945054945,0.5494505494505495,0.0046704514903494,0.0046704514903494,0.0046669277705995,1.6117700657082576,-0.1686965632808289,0.0,0.3586596892848761,1.2301146787715431,ETHUSDT,SUBE,v4_63_sin_pesos,63,0.5481182116696135,0.5597733915490924,0.0233103597589579,0.0018928101606049,0.0080103451312149,0.012235069941219999,0.0037731221642628,0.01565944183564125,0.023772639342756897,1.8799108960953168,2.355128484696519,0.9504351772024044,18,54.5,73,0.4444444444444444,0.4694749694749695,0.050061050061050105,0.5494505494505495,0.5802808302808303,0.061660561660561664,0.0046704514903494,0.005737711628363,0.0021345202760272002,1.6117700657082576,1.8690558464556553,0.5145715614947954,-0.1686965632808289,-0.12081833455485605,0.0957564574519457,0.2785080450284259,0.318583867156651,0.08015164425645022,1.2301146787715431,1.304797222060298,0.1493650865775098
0.59,0.201893534087435,193,115,105470,417582,308,0.0005885050443289,0.6266233766233766,0.0018265618049837,0.9997246808092948,0.5007756213071393,0.003642505968614,3.103731773559433,0.0157611471561326,0.0099129539999541,14,0.0383737596576817,0.4285714285714285,0.6428571428571429,0.0055236883561007,0.0055236883561007,0.0017287726235034,2.0963561259654875,-0.0546852459256,0.0,0.2785080450284259,1.379479765349053,0.2915660592255125,2027,1652,151570,371551,3679,0.0069836750189825,0.5509649361239467,0.0131968723347461,0.995573454661404,0.5043851634980752,0.0257763422264045,1.889674462066936,0.0115672266796294,0.0076602623888577,86,0.2350801728932667,0.4883720930232558,0.5581395348837209,0.0048140464521995,0.0048140464521995,0.0044054982609536,1.6197043529416124,-0.1753433455951326,0.0,0.3586596892848761,1.2301146787715431,ETHUSDT,SUBE,v4_63_sin_pesos,63,0.5509649361239467,0.5887941563736616,0.07565844049942994,0.0018265618049837,0.0075117170698649005,0.0113703105297624,0.003642505968614,0.01470942409750925,0.0221338362577905,1.889674462066936,2.4967031178131847,1.2140573114924973,14,50.0,72,0.4285714285714285,0.45847176079734214,0.0598006644518273,0.5581395348837209,0.6004983388704319,0.08471760797342198,0.0048140464521995,0.005168867404150099,0.0007096419039012,1.6197043529416124,1.85803023945355,0.47665177302387507,-0.1753433455951326,-0.1150142957603663,0.12065809966953259,0.2785080450284259,0.318583867156651,0.08015164425645022,1.2301146787715431,1.304797222060298,0.1493650865775098
0.6,0.201893534087435,186,100,105477,417597,286,0.000546468969734,0.6503496503496503,0.0017603134493625,0.9997605920080824,0.5007604527287225,0.0035111232762933,3.2212505134909377,0.0163389460833862,0.0104138431039392,14,0.0383737596576817,0.5,0.7142857142857143,0.006379971166943,0.006379971166943,0.0046132831016352,2.3351068824948573,-0.0472463760329623,0.0,0.2785080450284259,1.379479765349053,0.2915660592255125,1882,1499,151715,371704,3381,0.0064179954441913,0.5566400473232771,0.0122528434800158,0.9959834192115284,0.5041181313457721,0.023977882251016,1.9091387001692892,0.0123660332884327,0.0082295718072267,81,0.2214127209808674,0.5061728395061729,0.5679012345679012,0.0045503187194988,0.0045503187194988,0.0051692797091569,1.560011131778645,-0.1723572683752797,0.0,0.3586596892848761,1.2301146787715431,ETHUSDT,SUBE,v4_63_sin_pesos,63,0.5566400473232771,0.6034948488364638,0.09370960302637321,0.0017603134493625,0.00700657846468915,0.010492530030653301,0.0035111232762933,0.013744502763654649,0.0204667589747227,1.9091387001692892,2.5651946068301132,1.3121118133216485,14,47.5,67,0.5,0.5030864197530864,0.006172839506172867,0.5679012345679012,0.6410934744268078,0.1463844797178131,0.0045503187194988,0.005465144943220901,0.0018296524474442,1.560011131778645,1.9475590071367512,0.7750957507162124,-0.1723572683752797,-0.109801822204121,0.1251108923423174,0.2785080450284259,0.318583867156651,0.08015164425645022,1.2301146787715431,1.304797222060298,0.1493650865775098
0.61,0.201893534087435,176,85,105487,417612,261,0.0004987007031488,0.6743295019157088,0.0016656729413323,0.99979650320687,0.5007310880741012,0.0033231373437559,3.340025251247886,0.0174932116959316,0.0114396330513857,12,0.0328917939922986,0.5,0.6666666666666666,0.0065463654904569,0.0065463654904569,0.0046132831016352,2.395238895286041,-0.0436190248995431,0.0,0.2785080450284259,1.379479765349053,0.2915660592255125,1747,1367,151850,371836,3114,0.0059111617312072,0.561014771997431,0.0113739200635429,0.9963371141175178,0.5038555170905303,0.0222958184173414,1.9241429317515748,0.0128974972966972,0.0083592615267562,77,0.2104787594509481,0.5064935064935064,0.5714285714285714,0.0047443127786721,0.0047443127786721,0.0051692797091569,1.601965736103727,-0.1478353104249198,0.0,0.3586596892848761,1.2301146787715431,ETHUSDT,SUBE,v4_63_sin_pesos,63,0.561014771997431,0.6176721369565699,0.11331472991827785,0.0016656729413323,0.0065197965024376,0.009708247122210599,0.0033231373437559,0.01280947788054865,0.0189726810735855,1.9241429317515748,2.6320840914997303,1.415882319496311,12,44.5,65,0.5,0.5032467532467533,0.00649350649350644,0.5714285714285714,0.6190476190476191,0.09523809523809523,0.0047443127786721,0.0056453391345645,0.0018020527117847997,1.601965736103727,1.998602315694884,0.7932731591823139,-0.1478353104249198,-0.09572716766223144,0.10421628552537669,0.2785080450284259,0.318583867156651,0.08015164425645022,1.2301146787715431,1.304797222060298,0.1493650865775098
0.62,0.201893534087435,166,75,105497,417622,241,0.0004604860898807,0.6887966804979253,0.0015710324333021,0.9998204440060618,0.5006957382196819,0.0031349146396736,3.411682714908664,0.0179214584632062,0.0114517744942574,11,0.030150811159607,0.6363636363636364,0.7272727272727273,0.0100692210730602,0.0100692210730602,0.0100339527265231,3.7037217432646696,-0.0363517261527264,0.0,0.2785080450284259,1.379479765349053,0.2915660592255125,1616,1253,151981,371950,2869,0.0054460895975702,0.5632624607877309,0.0105210388223728,0.9966425778999632,0.5035818083611681,0.0206562448071785,1.9318519524663675,0.0134648927796859,0.0085205530706304,76,0.2077452690684682,0.5263157894736842,0.5789473684210527,0.0060607930908363,0.0060607930908363,0.005883545463126,1.8224325284397556,-0.1181254175279639,0.0,0.3586596892848761,1.2301146787715431,ETHUSDT,SUBE,v4_63_sin_pesos,63,0.5632624607877309,0.626029570642828,0.1255342197101944,0.0015710324333021,0.00604603562783745,0.0089500063890707,0.0031349146396736,0.01189557972342605,0.017521330167504897,1.9318519524663675,2.671767333687516,1.4798307624422966,11,43.5,65,0.5263157894736842,0.5813397129186603,0.11004784688995217,0.5789473684210527,0.65311004784689,0.14832535885167464,0.0060607930908363,0.00806500708194825,0.0040084279822239,1.8224325284397556,2.7630771358522126,1.881289214824914,-0.1181254175279639,-0.07723857184034516,0.0817736913752375,0.2785080450284259,0.318583867156651,0.08015164425645022,1.2301146787715431,1.304797222060298,0.1493650865775098
0.63,0.201893534087435,158,69,105505,417628,227,0.000433735860593,0.6960352422907489,0.0014953200268779,0.9998348084855768,0.5006650642562274,0.0029842289168004,3.447536076065286,0.0186137478411861,0.0116489592367736,10,0.0274098283269155,0.7,0.7,0.010591213245749,0.010591213245749,0.0119149600295744,3.585348805425759,-0.0363517261527264,0.0,0.2785080450284259,1.379479765349053,0.2915660592255125,1505,1151,152092,372052,2656,0.005041761579347,0.5666415662650602,0.0097983684577172,0.996915887600046,0.5033571280288817,0.0192636301383013,1.9434414546406096,0.0140044883296556,0.008843449696131,69,0.1886108363911093,0.5362318840579711,0.5797101449275363,0.0067341035374909,0.0067341035374909,0.0067085652448646,1.904883494827286,-0.118125417527964,0.0,0.3586596892848761,1.2301146787715431,ETHUSDT,SUBE,v4_63_sin_pesos,63,0.5666415662650602,0.6313384042779046,0.12939367602568863,0.0014953200268779,0.00564684424229755,0.008303048430839299,0.0029842289168004,0.011123929527550851,0.0162794012215009,1.9434414546406096,2.695488765352948,1.5040946214246764,10,39.5,59,0.5362318840579711,0.6181159420289855,0.1637681159420289,0.5797101449275363,0.6398550724637682,0.1202898550724637,0.0067341035374909,0.00866265839161995,0.0038571097082581,1.904883494827286,2.7451161501265227,1.6804653105984733,-0.118125417527964,-0.0772385718403452,0.0817736913752376,0.2785080450284259,0.318583867156651,0.08015164425645022,1.2301146787715431,1.304797222060298,0.1493650865775098
0.64,0.201893534087435,143,63,105520,417634,206,0.0003936105166615,0.6941747572815534,0.0013533592648325,0.999849172965092,0.5006012661149623,0.0027014517941984,3.438320897294926,0.0186392538882319,0.0116870067927149,9,0.0246688454942239,0.7777777777777778,0.7777777777777778,0.0127769312680734,0.0127769312680734,0.0137959673326257,4.606355652833216,-0.0275213781628645,0.0,0.2785080450284259,1.379479765349053,0.2915660592255125,1381,1058,152216,372145,2439,0.004629840546697,0.5662156621566216,0.0089910610233272,0.9971650817383568,0.503078071380842,0.0177010433489707,1.9419807081134928,0.0143872135073994,0.0089498135635741,65,0.1776768748611899,0.5076923076923077,0.5846153846153846,0.0065414229662709,0.0065414229662709,0.0062722741812231,1.8527874461128204,-0.120959992784993,0.0,0.3586596892848761,1.2301146787715431,ETHUSDT,SUBE,v4_63_sin_pesos,63,0.5662156621566216,0.6301952097190875,0.12795909512493187,0.0013533592648325,0.00517221014407985,0.0076377017584946996,0.0027014517941984,0.010201247571584549,0.014999591554772299,1.9419807081134928,2.6901508027042094,1.4963401891814332,9,37.0,56,0.5076923076923077,0.6427350427350427,0.2700854700854701,0.5846153846153846,0.6811965811965812,0.19316239316239314,0.0065414229662709,0.00965917711717215,0.0062355083018025,1.8527874461128204,3.229571549473018,2.753568206720395,-0.120959992784993,-0.07424068547392876,0.0934386146221285,0.2785080450284259,0.318583867156651,0.08015164425645022,1.2301146787715431,1.304797222060298,0.1493650865775098
0.65,0.201893534087435,124,61,105539,417636,185,0.00035348517273,0.6702702702702703,0.001173542299575,0.9998539611249304,0.5005137517122527,0.002342982389842,3.319919448138408,0.0186346273058698,0.0117250543486562,9,0.0246688454942239,0.7777777777777778,0.7777777777777778,0.0127769312680734,0.0127769312680734,0.0137959673326257,4.606355652833216,-0.0275213781628645,0.0,0.2785080450284259,1.379479765349053,0.2915660592255125,1288,958,152309,372245,2246,0.0042634776006074,0.5734639358860196,0.0083855804475347,0.9974330324247126,0.5029093064361236,0.0165294559267981,1.966840507462744,0.0149842994660146,0.0091429482664859,61,0.1667429133312705,0.5245901639344263,0.6065573770491803,0.0062883063310696,0.0062883063310696,0.0062722741812231,1.746888043891576,-0.1209599927849931,0.0,0.3586596892848761,1.2301146787715431,ETHUSDT,SUBE,v4_63_sin_pesos,63,0.5734639358860196,0.621867103078145,0.09680633438425068,0.001173542299575,0.00477956137355485,0.0072120381479597005,0.002342982389842,0.009436219158320049,0.0141864735369561,1.966840507462744,2.643379977800576,1.3530789406756638,9,35.0,52,0.5245901639344263,0.651183970856102,0.25318761384335153,0.6065573770491803,0.692167577413479,0.17122040072859745,0.0062883063310696,0.0095326187995715,0.0064886249370038,1.746888043891576,3.176621848362396,2.8594676089416398,-0.1209599927849931,-0.0742406854739288,0.0934386146221286,0.2785080450284259,0.318583867156651,0.08015164425645022,1.2301146787715431,1.304797222060298,0.1493650865775098
0.66,0.201893534087435,107,53,105556,417644,160,0.0003057169061449,0.66875,0.0010126534359236,0.9998731137642836,0.5004428836001037,0.0020222446916076,3.3123893889062392,0.0191457245695652,0.011855576643569,9,0.0246688454942239,0.7777777777777778,0.7777777777777778,0.0127769312680734,0.0127769312680734,0.0137959673326257,4.606355652833216,-0.0275213781628645,0.0,0.2785080450284259,1.379479765349053,0.2915660592255125,1192,886,152405,372317,2078,0.0039445709946848,0.5736284889316651,0.0077605682402651,0.9976259569188888,0.5026932625795769,0.015313955355709,1.967404884009461,0.0153234191987887,0.0092883686562414,57,0.1558089518013511,0.5087719298245614,0.6140350877192983,0.0058758115847036,0.0058758115847036,0.0058415848239794,1.6737733540753488,-0.1204624420232062,0.0,0.3586596892848761,1.2301146787715431,ETHUSDT,SUBE,v4_63_sin_pesos,63,0.5736284889316651,0.6211892444658325,0.09512151106833489,0.0010126534359236,0.00438661083809435,0.0067479148043415,0.0020222446916076,0.008668100023658299,0.013291710664101399,1.967404884009461,2.63989713645785,1.3449845048967783,9,33.0,48,0.5087719298245614,0.6432748538011697,0.26900584795321636,0.6140350877192983,0.695906432748538,0.16374269005847952,0.0058758115847036,0.0093263714263885,0.006901119683369801,1.6737733540753488,3.1400645034542825,2.932582298757867,-0.1204624420232062,-0.07399191009303535,0.0929410638603417,0.2785080450284259,0.318583867156651,0.08015164425645022,1.2301146787715431,1.304797222060298,0.1493650865775098
0.67,0.201893534087435,93,51,105570,417646,144,0.0002751452155304,0.6458333333333334,0.0008801567246812,0.999877901924122,0.5003790293244017,0.0017579177181093,3.1988807182583625,0.0197080176854681,0.0117756998429143,8,0.0219278626615324,0.875,0.875,0.0178142199469406,0.0178142199469406,0.0165520748972221,33.65176974043001,-0.0043646565165826,0.0,0.2785080450284259,1.379479765349053,0.2915660592255125,1129,809,152468,372394,1938,0.0036788154897494,0.5825593395252838,0.0073504039792443,0.9978322789473826,0.5025913414633135,0.0145176326871765,1.9980355089091557,0.0159641433440181,0.0098506205820381,54,0.1476084806539116,0.5,0.6296296296296297,0.0059958968711649,0.0059958968711649,0.0052580735640805,1.6753274103448548,-0.1189165648739015,0.0,0.3586596892848761,1.2301146787715431,ETHUSDT,SUBE,v4_63_sin_pesos,63,0.5825593395252838,0.6141963364293086,0.06327399380804954,0.0008801567246812,0.00411528035196275,0.0064702472545631,0.0017579177181093,0.0081377752026429,0.0127597149690672,1.9980355089091557,2.598458113583759,1.2008452093492068,8,31.0,46,0.5,0.6875,0.375,0.6296296296296297,0.7523148148148149,0.24537037037037035,0.0059958968711649,0.011905058409052751,0.0118183230757757,1.6753274103448548,17.663548575387434,31.976442330085156,-0.1189165648739015,-0.06164061069524205,0.11455190835731889,0.2785080450284259,0.318583867156651,0.08015164425645022,1.2301146787715431,1.304797222060298,0.1493650865775098
0.68,0.201893534087435,81,47,105582,417650,128,0.0002445735249159,0.6328125,0.000766588115045,0.9998874782437988,0.5003270331794218,0.0015313211898932,3.13438715539025,0.0203341725216438,0.0118156353127029,8,0.0219278626615324,0.875,0.875,0.0165989080615532,0.0165989080615532,0.0140004814137645,31.42421871868045,-0.0043646565165826,0.0,0.2785080450284259,1.379479765349053,0.2915660592255125,1046,742,152551,372461,1788,0.0033940774487471,0.5850111856823266,0.0068100288417091,0.9980118059072408,0.502410917374475,0.0134633330115519,2.006444739268668,0.0163755632981997,0.0098734286931311,52,0.1421414998889519,0.5192307692307693,0.6346153846153846,0.006303490951828,0.006303490951828,0.0062841059669331,1.7395616258140958,-0.1238699511349313,0.0,0.3586596892848761,1.2301146787715431,ETHUSDT,SUBE,v4_63_sin_pesos,63,0.5850111856823266,0.6089118428411633,0.04780131431767343,0.000766588115045,0.00378830847837705,0.0060434407266641,0.0015313211898932,0.00749732710072255,0.011932011821658699,2.006444739268668,2.570415947329459,1.1279424161215816,8,30.0,44,0.5192307692307693,0.6971153846153846,0.3557692307692307,0.6346153846153846,0.7548076923076923,0.24038461538461542,0.006303490951828,0.0114511995066906,0.010295417109725199,1.7395616258140958,16.581890172247274,29.684657092866352,-0.1238699511349313,-0.06411730382575695,0.11950529461834869,0.2785080450284259,0.318583867156651,0.08015164425645022,1.2301146787715431,1.304797222060298,0.1493650865775098
0.69,0.201893534087435,71,40,105592,417657,111,0.000212091103638,0.6396396396396397,0.0006719476070147,0.9999042368032328,0.5002880922051238,0.0013424849206799,3.168202699164341,0.0220449554059659,0.0162869998147967,8,0.0219278626615324,0.875,0.875,0.0166181100242484,0.0166181100242484,0.0123419288728884,149.7186105737608,-0.0008939357332689,0.0,0.2785080450284259,1.379479765349053,0.2915660592255125,973,691,152624,372512,1664,0.0031586940015186,0.5847355769230769,0.0063347591424311,0.9981484607572824,0.5022416099498567,0.0125337335196862,2.005499468889867,0.0165858768116158,0.0100607109904515,51,0.1394080095064721,0.5098039215686274,0.6274509803921569,0.0063026661710191,0.0063026661710191,0.0058415848239794,1.725244379775546,-0.1238699511349316,0.0,0.3586596892848761,1.2301146787715431,ETHUSDT,SUBE,v4_63_sin_pesos,63,0.5847355769230769,0.6121876082813582,0.054904062716562785,0.0006719476070147,0.0035033533747228997,0.0056628115354164,0.0013424849206799,0.00693810922018305,0.0111912485990063,2.005499468889867,2.5868510840271037,1.1627032302744742,8,29.5,43,0.5098039215686274,0.6924019607843137,0.3651960784313726,0.6274509803921569,0.7512254901960784,0.24754901960784315,0.0063026661710191,0.01146038809763375,0.0103154438532293,1.725244379775546,75.72192747676817,147.99336619398525,-0.1238699511349316,-0.06238194343410025,0.1229760154016627,0.2785080450284259,0.318583867156651,0.08015164425645022,1.2301146787715431,1.304797222060298,0.1493650865775098
0.7,0.201893534087435,61,37,105602,417660,98,0.0001872516050137,0.6224489795918368,0.0005773070989845,0.9999114190429904,0.5002443630709875,0.0011535443121755,3.083055544127875,0.023007994841469,0.0190356093228653,8,0.0219278626615324,0.875,0.875,0.0168747863533155,0.0168747863533155,0.0131393704002445,152.01565560296928,-0.0008939357332687,0.0,0.2785080450284259,1.379479765349053,0.2915660592255125,908,652,152689,372551,1560,0.0029612756264236,0.5820512820512821,0.0059115737937589,0.9982529615249608,0.5020822676593599,0.0117042737356355,1.9962929965078444,0.0165230083947725,0.009902335371079,48,0.1312075383590325,0.5,0.6458333333333334,0.0064890220472844,0.0064890220472844,0.0053073896847198,1.7503281269900066,-0.1238699511349316,0.0,0.3586596892848761,1.2301146787715431,ETHUSDT,SUBE,v4_63_sin_pesos,63,0.5820512820512821,0.6022501308215594,0.04039769754055467,0.0005773070989845,0.0032444404463717,0.005334266694774399,0.0011535443121755,0.0064289090239055,0.01055072942346,1.9962929965078444,2.53967427031786,1.0867625476200307,8,28.0,40,0.5,0.6875,0.375,0.6458333333333334,0.7604166666666667,0.22916666666666663,0.0064890220472844,0.01168190420029995,0.010385764306031102,1.7503281269900066,76.88299186497964,150.26532747597926,-0.1238699511349316,-0.06238194343410015,0.1229760154016629,0.2785080450284259,0.318583867156651,0.08015164425645022,1.2301146787715431,1.304797222060298,0.1493650865775098
0.71,0.201893534087435,57,30,105606,417667,87,0.0001662335677162,0.6551724137931034,0.0005394508957724,0.9999281776024248,0.5002338142490985,0.0010780141843971,3.245138170246525,0.0253464671892313,0.0299067590049135,7,0.0191868798288408,0.8571428571428571,0.8571428571428571,0.0177865443603109,0.0177865443603109,0.0141913774414288,140.27825668953776,-0.0008939357332687,0.0,0.2785080450284259,1.379479765349053,0.2915660592255125,857,614,152740,372589,1471,0.002792331055429,0.5825968728755948,0.0055795360586469,0.998354782785776,0.5019671594222115,0.0110532153635824,1.9981642390858112,0.0166440019253946,0.0100959479139897,45,0.123007067211593,0.4888888888888889,0.6222222222222222,0.006043636501747,0.006043636501747,0.0046745623041817,1.652847323498085,-0.1332296591912912,0.0,0.3586596892848761,1.2301146787715431,ETHUSDT,SUBE,v4_63_sin_pesos,63,0.5825968728755948,0.6188846433343491,0.07257554091750862,0.0005394508957724,0.00305949347720965,0.0050400851628745,0.0010780141843971,0.00606561477398975,0.0099752011791853,1.9981642390858112,2.6216512046661684,1.246973931160714,7,26.0,38,0.4888888888888889,0.673015873015873,0.3682539682539682,0.6222222222222222,0.7396825396825397,0.23492063492063486,0.006043636501747,0.01191509043102895,0.011742907858563901,1.652847323498085,70.96555200651792,138.62540936603966,-0.1332296591912912,-0.06706179746227996,0.1323357234580225,0.2785080450284259,0.318583867156651,0.08015164425645022,1.2301146787715431,1.304797222060298,0.1493650865775098
0.72,0.201893534087435,54,28,105609,417669,82,0.0001566799143992,0.6585365853658537,0.0005110587433633,0.9999329657622632,0.5002220122528133,0.0010213248853373,3.261801267397984,0.02609651984719,0.0306472235293454,6,0.0164458969961493,0.8333333333333334,0.8333333333333334,0.0224013888887999,0.0224013888887999,0.0211032213884827,151.35570044985374,-0.0008939357332689,0.0,0.2785080450284259,1.379479765349053,0.2915660592255125,808,572,152789,372631,1380,0.0026195899772209,0.5855072463768116,0.0052605194111864,0.9984673220740456,0.501863920742616,0.0104273537363608,2.008146105661597,0.016834523704337,0.010230612694551,43,0.1175400864466333,0.4883720930232558,0.627906976744186,0.0056136626880784,0.0056136626880784,0.0046745623041817,1.5805521533680869,-0.1332296591912912,0.0,0.3586596892848761,1.2301146787715431,ETHUSDT,SUBE,v4_63_sin_pesos,63,0.5855072463768116,0.6220219158713327,0.07302933898904207,0.0005110587433633,0.00288578907727485,0.0047494606678231,0.0010213248853373,0.005724339310849051,0.0094060288510235,2.008146105661597,2.6349736865297904,1.2536551617363871,6,24.5,37,0.4883720930232558,0.6608527131782946,0.3449612403100776,0.627906976744186,0.7306201550387597,0.20542635658914732,0.0056136626880784,0.01400752578843915,0.016787726200721498,1.5805521533680869,76.46812630161091,149.77514829648567,-0.1332296591912912,-0.06706179746228005,0.1323357234580223,0.2785080450284259,0.318583867156651,0.08015164425645022,1.2301146787715431,1.304797222060298,0.1493650865775098
0.73,0.201893534087435,50,26,105613,417671,76,0.0001452155304188,0.6578947368421053,0.0004732025401512,0.9999377539221014,0.5002054782311263,0.0009457248508119,3.258622123862508,0.026589461638468,0.031189362688163,6,0.0164458969961493,0.8333333333333334,0.8333333333333334,0.0240290097763579,0.0240290097763579,0.0211032213884827,162.28011588812825,-0.0008939357332687,0.0,0.2785080450284259,1.379479765349053,0.2915660592255125,758,544,152839,372659,1302,0.0024715261958997,0.5821812596006144,0.0049349922199001,0.9985423482662252,0.5017386702430626,0.0097870225114429,1.9967387875909277,0.0167043711300338,0.0100607109904515,41,0.1120731056816736,0.4878048780487805,0.6341463414634146,0.0054416288695188,0.0054416288695188,0.0046745623041817,1.557514715591363,-0.1182435664402564,0.0,0.3586596892848761,1.2301146787715431,ETHUSDT,SUBE,v4_63_sin_pesos,63,0.5821812596006144,0.6200379982213599,0.07571347724149091,0.0004732025401512,0.0027040973800256498,0.0044617896797489,0.0009457248508119,0.0053663736811274,0.008841297660631,1.9967387875909277,2.627680455726718,1.2618833362715804,6,23.5,35,0.4878048780487805,0.660569105691057,0.3455284552845529,0.6341463414634146,0.733739837398374,0.19918699186991873,0.0054416288695188,0.01473531932293835,0.018587380906839097,1.557514715591363,81.91881530185981,160.72260117253688,-0.1182435664402564,-0.059568751086762545,0.1173496307069877,0.2785080450284259,0.318583867156651,0.08015164425645022,1.2301146787715431,1.304797222060298,0.1493650865775098
0.74,0.201893534087435,45,26,105618,417671,71,0.0001356618771018,0.6338028169014085,0.0004258822861361,0.9999377539221014,0.5001818181041188,0.0008511926154311,3.1392922996083885,0.026662926150739,0.0319710500979382,5,0.0137049141634577,0.8,0.8,0.0259965362433437,0.0259965362433437,0.022898260315147,146.4049506908109,-0.0008939357332687,0.0,0.2785080450284259,1.379479765349053,0.2915660592255125,715,518,152882,372685,1233,0.0023405466970387,0.5798864557988646,0.0046550388353939,0.9986120154446776,0.5016335271400357,0.0092359361880772,1.988868173954191,0.0164043332469039,0.0100254740669134,38,0.1038726345342341,0.5,0.631578947368421,0.006173806267516,0.006173806267516,0.0072224231316353,1.5971824081809585,-0.1182435664402563,0.0,0.3586596892848761,1.2301146787715431,ETHUSDT,SUBE,v4_63_sin_pesos,63,0.5798864557988646,0.6068446363501365,0.05391636110254394,0.0004258822861361,0.002540460560765,0.0042291565492578,0.0008511926154311,0.00504356440175415,0.008384743572646099,1.988868173954191,2.56408023678129,1.1504241256541976,5,21.5,33,0.5,0.65,0.30000000000000004,0.631578947368421,0.7157894736842105,0.16842105263157903,0.006173806267516,0.01608517125542985,0.0198227299758277,1.5971824081809585,74.00106654949593,144.80776828262992,-0.1182435664402563,-0.059568751086762496,0.1173496307069876,0.2785080450284259,0.318583867156651,0.08015164425645022,1.2301146787715431,1.304797222060298,0.1493650865775098
0.75,0.201893534087435,43,26,105620,417671,69,0.0001318404157749,0.6231884057971014,0.00040695418453,0.9999377539221014,0.5001723540533157,0.0008133772178715,3.086718000226863,0.0265940560801378,0.0332082634903365,5,0.0137049141634577,0.8,0.8,0.0259965362433437,0.0259965362433437,0.022898260315147,146.4049506908109,-0.0008939357332687,0.0,0.2785080450284259,1.379479765349053,0.2915660592255125,673,483,152924,372720,1156,0.0021943811693242,0.5821799307958477,0.0043815959947134,0.998705798184902,0.5015436970898077,0.0086977312233042,1.996734230116816,0.0162412545842944,0.0101036745326459,35,0.0956721633867945,0.4571428571428571,0.5714285714285714,0.0056881196041961,0.0056881196041961,0.002662191571632,1.5255587040433614,-0.1004248818842152,0.0,0.3586596892848761,1.2301146787715431,ETHUSDT,SUBE,v4_63_sin_pesos,63,0.5821799307958477,0.6026841682964745,0.04100847500125371,0.00040695418453,0.0023942750896216998,0.0039746418101834,0.0008133772178715,0.0047555542205878504,0.007884354005432699,1.996734230116816,2.5417261151718393,1.0899837701100468,5,20.0,30,0.4571428571428571,0.6285714285714286,0.34285714285714297,0.5714285714285714,0.6857142857142857,0.22857142857142865,0.0056881196041961,0.0158423279237699,0.0203084166391476,1.5255587040433614,73.96525469742713,144.87939198676753,-0.1004248818842152,-0.050659408808741944,0.0995309461509465,0.2785080450284259,0.318583867156651,0.08015164425645022,1.2301146787715431,1.304797222060298,0.1493650865775098
0.76,0.201893534087435,42,24,105621,417673,66,0.0001261082237847,0.6363636363636364,0.000397490133727,0.9999425420819398,0.5001700161078334,0.0007944840110092,3.151976308899735,0.0273061378376585,0.0362793867433799,5,0.0137049141634577,0.8,1.0,0.0263156216447356,0.0263156216447356,0.022898260315147,inf,0.0,0.0,0.2785080450284259,1.379479765349053,0.2915660592255125,635,456,152962,372747,1091,0.0020709946848899,0.5820348304307974,0.0041341953293358,0.998778144870218,0.5014561700997769,0.0082100744724865,1.9962365714886623,0.0159175792176547,0.0101114011513021,32,0.087471692239355,0.46875,0.59375,0.0065982748250856,0.0065982748250856,0.0036645596711157,1.6549472389503723,-0.1145799666180502,0.0,0.3586596892848761,1.2301146787715431,ETHUSDT,SUBE,v4_63_sin_pesos,63,0.5820348304307974,0.6091992333972169,0.05432880593283895,0.000397490133727,0.0022658427315314002,0.0037367051956088003,0.0007944840110092,0.0045022792417478506,0.0074155904614773005,1.9962365714886623,2.574106440194199,1.1557397374110727,5,18.5,27,0.46875,0.634375,0.33125000000000004,0.59375,0.796875,0.40625,0.0065982748250856,0.0164569482349106,0.019717346819649997,1.6549472389503723,inf,inf,-0.1145799666180502,-0.0572899833090251,0.1145799666180502,0.2785080450284259,0.318583867156651,0.08015164425645022,1.2301146787715431,1.304797222060298,0.1493650865775098
0.77,0.201893534087435,40,21,105623,417676,61,0.0001165545704677,0.6557377049180327,0.0003785620321209,0.9999497243216972,0.5001641431769092,0.0007566872233362,3.247938116899024,0.0280761412696548,0.0393505099964233,4,0.0109639313307662,1.0,1.0,0.0327191542374968,0.0327191542374968,0.0312853723227043,inf,0.0,0.0,0.2785080450284259,1.379479765349053,0.2915660592255125,596,428,153001,372775,1024,0.0019438116932422,0.58203125,0.0038802841201325,0.9988531710623976,0.5013667275912651,0.0077091727514373,1.996224291490068,0.0155513994699593,0.0101036745326459,31,0.0847382018568752,0.4516129032258064,0.5806451612903226,0.0067271274526293,0.0067271274526293,0.002662191571632,1.7096736148472045,-0.1145799666180502,0.0,0.3586596892848761,1.2301146787715431,ETHUSDT,SUBE,v4_63_sin_pesos,63,0.58203125,0.6188844774590163,0.07370645491803274,0.0003785620321209,0.0021294230761267,0.0035017220880116003,0.0007566872233362,0.00423292998738675,0.0069524855281011,1.996224291490068,2.622081204194546,1.2517138254089557,4,17.5,27,0.4516129032258064,0.7258064516129032,0.5483870967741936,0.5806451612903226,0.7903225806451613,0.4193548387096774,0.0067271274526293,0.01972314084506305,0.0259920267848675,1.7096736148472045,inf,inf,-0.1145799666180502,-0.0572899833090251,0.1145799666180502,0.2785080450284259,0.318583867156651,0.08015164425645022,1.2301146787715431,1.304797222060298,0.1493650865775098
0.78,0.201893534087435,40,18,105623,417679,58,0.0001108223784775,0.6896551724137931,0.0003785620321209,0.9999569065614548,0.500167734296788,0.0007567086955287,3.415934916048974,0.0295723424430377,0.0397910753812279,4,0.0109639313307662,1.0,1.0,0.0327191542374968,0.0327191542374968,0.0312853723227043,inf,0.0,0.0,0.2785080450284259,1.379479765349053,0.2915660592255125,567,407,153030,372796,974,0.0018488990129081,0.582135523613963,0.0036914783491865,0.9989094407065324,0.5013004595278594,0.0073364343893744,1.9965819243854743,0.0153486790131462,0.0101036745326459,31,0.0847382018568752,0.4516129032258064,0.5806451612903226,0.0078683059984609,0.0078683059984609,0.002662191571632,1.8300614489575664,-0.11457996661805,0.0,0.3586596892848761,1.2301146787715431,ETHUSDT,SUBE,v4_63_sin_pesos,63,0.582135523613963,0.635895348013878,0.10751964879983011,0.0003785620321209,0.0020350201906537,0.0033129163170656,0.0007567086955287,0.00404657154245155,0.0065797256938457,1.9965819243854743,2.706258420217224,1.4193529916634997,4,17.5,27,0.4516129032258064,0.7258064516129032,0.5483870967741936,0.5806451612903226,0.7903225806451613,0.4193548387096774,0.0078683059984609,0.020293730117978852,0.0248508482390359,1.8300614489575664,inf,inf,-0.11457996661805,-0.057289983309025,0.11457996661805,0.2785080450284259,0.318583867156651,0.08015164425645022,1.2301146787715431,1.304797222060298,0.1493650865775098
0.79,0.201893534087435,34,16,105629,417681,50,9.553653317028432e-05,0.68,0.0003217777273028,0.9999616947212931,0.500141736224298,0.000643251066567,3.3681118272242885,0.030448732676181,0.0406598090925294,3,0.0082229484980746,1.0,1.0,0.035034737882748,0.035034737882748,0.0332082634903365,inf,0.0,0.0,0.2785080450284259,1.379479765349053,0.2915660592255125,532,390,153065,372813,922,0.0017501898253606,0.5770065075921909,0.0034636093152861,0.9989549923232128,0.5012093008192494,0.0068858845837728,1.978990658668894,0.0144324868494884,0.0096213333457851,29,0.0792712210919155,0.4482758620689655,0.5862068965517241,0.009009956346398,0.009009956346398,0.002662191571632,2.015754065603502,-0.1093577733321824,0.0,0.3586596892848761,1.2301146787715431,ETHUSDT,SUBE,v4_63_sin_pesos,63,0.5770065075921909,0.6285032537960955,0.1029934924078092,0.0003217777273028,0.00189269352129445,0.0031418315879833,0.000643251066567,0.0037645678251699,0.0062426335172058,1.978990658668894,2.673551242946591,1.3891211685553946,3,16.0,26,0.4482758620689655,0.7241379310344828,0.5517241379310345,0.5862068965517241,0.7931034482758621,0.4137931034482759,0.009009956346398,0.022022347114573,0.026024781536350003,2.015754065603502,inf,inf,-0.1093577733321824,-0.0546788866660912,0.1093577733321824,0.2785080450284259,0.318583867156651,0.08015164425645022,1.2301146787715431,1.304797222060298,0.1493650865775098
0.8,0.201893534087435,31,11,105632,417686,42,8.025068786303883e-05,0.7380952380952381,0.0002933855748937,0.999973665120889,0.5001335253478914,0.0005865380067168,3.655863678009557,0.0333202984340963,0.0424185157679777,3,0.0082229484980746,1.0,1.0,0.035034737882748,0.035034737882748,0.0332082634903365,inf,0.0,0.0,0.2785080450284259,1.379479765349053,0.2915660592255125,501,372,153096,372831,873,0.0016571753986332,0.5738831615120275,0.0032617824566886,0.9990032234467568,0.5011325029517227,0.0064866964459118,1.9682783484347743,0.0136110582600335,0.0093739175614826,27,0.0738042403269558,0.4814814814814814,0.5925925925925926,0.0100124074019955,0.0100124074019955,0.0046669277705995,2.101036393592029,-0.1093577733321825,0.0,0.3586596892848761,1.2301146787715431,ETHUSDT,SUBE,v4_63_sin_pesos,63,0.5738831615120275,0.6559891998036328,0.1642120765832107,0.0002933855748937,0.00177758401579115,0.0029683968817949,0.0005865380067168,0.0035366172263143,0.005900158439195,1.9682783484347743,2.8120710132221656,1.6875853295747827,3,15.0,24,0.4814814814814814,0.7407407407407407,0.5185185185185186,0.5925925925925926,0.7962962962962963,0.40740740740740744,0.0100124074019955,0.02252357264237175,0.025022330480752503,2.101036393592029,inf,inf,-0.1093577733321825,-0.05467888666609125,0.1093577733321825,0.2785080450284259,0.318583867156651,0.08015164425645022,1.2301146787715431,1.304797222060298,0.1493650865775098
0.81,0.201893534087435,30,11,105633,417686,41,7.833995719963314e-05,0.7317073170731707,0.0002839215240907,0.999973665120889,0.5001287933224899,0.0005676227957314,3.624223630442204,0.0330801636900229,0.0421938063910933,3,0.0082229484980746,1.0,1.0,0.035034737882748,0.035034737882748,0.0332082634903365,inf,0.0,0.0,0.2785080450284259,1.379479765349053,0.2915660592255125,468,346,153129,372857,814,0.001545178435839,0.5749385749385749,0.0030469345104396,0.9990728906252092,0.5010599125678245,0.0060617443057813,1.9718981573705296,0.0133051160163388,0.0092883686562414,25,0.0683372595619961,0.44,0.56,0.0085572132640918,0.0085572132640918,0.0019796660846409,1.895589366979024,-0.1032886961076348,0.0,0.3586596892848761,1.2301146787715431,ETHUSDT,SUBE,v4_63_sin_pesos,63,0.5749385749385749,0.6533229460058728,0.1567687421345958,0.0002839215240907,0.00166542801726515,0.0027630129863489,0.0005676227957314,0.00331468355075635,0.005494121510049899,1.9718981573705296,2.7980608939063667,1.6523254730716743,3,14.0,22,0.44,0.72,0.56,0.56,0.78,0.43999999999999995,0.0085572132640918,0.0217959755734199,0.026477524618656205,1.895589366979024,inf,inf,-0.1032886961076348,-0.0516443480538174,0.1032886961076348,0.2785080450284259,0.318583867156651,0.08015164425645022,1.2301146787715431,1.304797222060298,0.1493650865775098
0.82,0.201893534087435,25,9,105638,417688,34,6.496484255579333e-05,0.7352941176470589,0.0002366012700756,0.9999784532807274,0.5001075272754015,0.0004730503230933,3.641989432552215,0.033357037350404,0.0416261087094392,2,0.0054819656653831,1.0,1.0,0.0359479750789537,0.0359479750789537,0.0359479750789537,inf,0.0,0.0,0.2785080450284259,1.379479765349053,0.2915660592255125,440,323,153157,372880,763,0.0014483675018982,0.5766710353866317,0.0028646392833193,0.9991345192830712,0.5009995792831953,0.0057009587976159,1.977840071366482,0.0125970149462301,0.0092177003946138,20,0.0546698076495969,0.35,0.5,0.0060283217048751,0.0060283217048751,-0.0003175897196108,1.540066109699355,-0.107523747009827,0.0,0.3586596892848761,1.2301146787715431,ETHUSDT,SUBE,v4_63_sin_pesos,63,0.5766710353866317,0.6559825765168452,0.1586230822604272,0.0002366012700756,0.0015506202766974498,0.0026280380132437,0.0004730503230933,0.0030870045603546004,0.0052279084745226,1.977840071366482,2.8099147519593486,1.664149361185733,2,11.0,18,0.35,0.675,0.65,0.5,0.75,0.5,0.0060283217048751,0.0209881483919144,0.0299196533740786,1.540066109699355,inf,inf,-0.107523747009827,-0.0537618735049135,0.107523747009827,0.2785080450284259,0.318583867156651,0.08015164425645022,1.2301146787715431,1.304797222060298,0.1493650865775098
0.83,0.201893534087435,23,8,105640,417689,31,5.923265056557628e-05,0.7419354838709677,0.0002176731684695,0.9999808473606466,0.5000992602645581,0.0004352186500652,3.6748848209752674,0.0337801959239363,0.042643225144862,2,0.0054819656653831,1.0,1.0,0.0359479750789537,0.0359479750789537,0.0359479750789537,inf,0.0,0.0,0.2785080450284259,1.379479765349053,0.2915660592255125,407,304,153190,372899,711,0.0013496583143507,0.5724331926863573,0.0026497913370703,0.9991854299134788,0.5009176106252745,0.0052751639577986,1.9633053113483527,0.0113999018361646,0.0090535121830945,20,0.0546698076495969,0.4,0.55,0.010296918207254,0.010296918207254,0.00128051771653,2.2490356418033084,-0.0888240743608402,0.0,0.3586596892848761,1.2301146787715431,ETHUSDT,SUBE,v4_63_sin_pesos,63,0.5724331926863573,0.6571843382786625,0.16950229118461047,0.0002176731684695,0.0014337322527699,0.0024321181686008,0.0004352186500652,0.0028551913039319,0.0048399453077334,1.9633053113483527,2.81909506616181,1.7115795096269146,2,11.0,18,0.4,0.7,0.6,0.55,0.775,0.44999999999999996,0.010296918207254,0.02312244664310385,0.025651056871699697,2.2490356418033084,inf,inf,-0.0888240743608402,-0.0444120371804201,0.0888240743608402,0.2785080450284259,0.318583867156651,0.08015164425645022,1.2301146787715431,1.304797222060298,0.1493650865775098
0.84,0.201893534087435,21,8,105642,417689,29,5.5411189238764905e-05,0.7241379310344828,0.0001987450668635,0.9999808473606466,0.500089796213755,0.0003973810695227,3.586731661851423,0.0330180447597741,0.0402612071572736,2,0.0054819656653831,1.0,1.0,0.0359479750789537,0.0359479750789537,0.0359479750789537,inf,0.0,0.0,0.2785080450284259,1.379479765349053,0.2915660592255125,375,284,153222,372919,659,0.0012509491268033,0.5690440060698028,0.0024414539346471,0.9992390200507498,0.5008402369926985,0.0048620475054454,1.9516812333416156,0.0106939603525193,0.0090535121830945,17,0.0464693365021573,0.3529411764705882,0.5294117647058824,0.0132406643493071,0.0132406643493071,0.0005813693484191,2.470574453371977,-0.0888240743608398,0.0,0.3586596892848761,1.2301146787715431,ETHUSDT,SUBE,v4_63_sin_pesos,63,0.5690440060698028,0.6465909685521427,0.15509392496468,0.0001987450668635,0.0013200995007553,0.0022427088677835997,0.0003973810695227,0.00262971428748405,0.004464666435922701,1.9516812333416156,2.7692064475965195,1.6350504285098073,2,9.5,15,0.3529411764705882,0.6764705882352942,0.6470588235294118,0.5294117647058824,0.7647058823529411,0.47058823529411764,0.0132406643493071,0.024594319714130397,0.022707310729646598,2.470574453371977,inf,inf,-0.0888240743608398,-0.0444120371804199,0.0888240743608398,0.2785080450284259,0.318583867156651,0.08015164425645022,1.2301146787715431,1.304797222060298,0.1493650865775098
0.85,0.201893534087435,19,8,105644,417689,27,5.158972791195353e-05,0.7037037037037037,0.0001798169652574,0.9999808473606466,0.500080332162952,0.000359542056959,3.485518775449972,0.0322024772333333,0.0399096664321942,2,0.0054819656653831,1.0,1.0,0.0359479750789537,0.0359479750789537,0.0359479750789537,inf,0.0,0.0,0.2785080450284259,1.379479765349053,0.2915660592255125,358,275,153239,372928,633,0.0012015945330296,0.5655608214849921,0.0023307746896098,0.999263135612522,0.5007969551510658,0.0046424171691629,1.9397347653814447,0.0101634873472612,0.0088831392841741,17,0.0464693365021573,0.4117647058823529,0.5294117647058824,0.0148376537980717,0.0148376537980717,0.0005813693484191,2.647944094630258,-0.0735041374920431,0.0,0.3586596892848761,1.2301146787715431,ETHUSDT,SUBE,v4_63_sin_pesos,63,0.5655608214849921,0.6346322625943479,0.13814288221871163,0.0001798169652574,0.0012552958274336,0.0021509577243524003,0.000359542056959,0.00250097961306095,0.0042828751122039,1.9397347653814447,2.7126267704157083,1.5457840100685274,2,9.5,15,0.4117647058823529,0.7058823529411764,0.5882352941176471,0.5294117647058824,0.7647058823529411,0.47058823529411764,0.0148376537980717,0.025392814438512698,0.021110321280882,2.647944094630258,inf,inf,-0.0735041374920431,-0.03675206874602155,0.0735041374920431,0.2785080450284259,0.318583867156651,0.08015164425645022,1.2301146787715431,1.304797222060298,0.1493650865775098
0.86,0.201893534087435,16,4,105647,417693,20,3.8214613268113725e-05,0.8,0.0001514248128483,0.9999904236803232,0.5000709242465858,0.0003027923128601,3.9624845026168094,0.0390082304583114,0.0453576465940658,2,0.0054819656653831,1.0,1.0,0.0325000560620668,0.0325000560620668,0.0325000560620668,inf,0.0,0.0,0.2785080450284259,1.379479765349053,0.2915660592255125,335,263,153262,372940,598,0.0011351556567957,0.560200668896321,0.0021810321816181,0.9992952896948846,0.5007381609382513,0.0043451473783196,1.9213507579873428,0.0092888142372874,0.0083921403054556,17,0.0464693365021573,0.4117647058823529,0.5294117647058824,0.0168075490688159,0.0168075490688159,0.0005813693484191,3.188239098552891,-0.0735041374920432,0.0,0.3586596892848761,1.2301146787715431,ETHUSDT,SUBE,v4_63_sin_pesos,63,0.560200668896321,0.6801003344481605,0.23979933110367901,0.0001514248128483,0.0011662284972332,0.0020296073687698004,0.0003027923128601,0.0023239698455898503,0.0040423550654595,1.9213507579873428,2.941917630302076,2.041133744629467,2,9.5,15,0.4117647058823529,0.7058823529411764,0.5882352941176471,0.5294117647058824,0.7647058823529411,0.47058823529411764,0.0168075490688159,0.02465380256544135,0.015692506993250904,3.188239098552891,inf,inf,-0.0735041374920432,-0.0367520687460216,0.0735041374920432,0.2785080450284259,0.318583867156651,0.08015164425645022,1.2301146787715431,1.304797222060298,0.1493650865775098
0.87,0.201893534087435,16,3,105647,417694,19,3.630388260470804e-05,0.8421052631578947,0.0001514248128483,0.9999928177602424,0.5000721212865454,0.0003027951779867,4.17103631854401,0.041092342551639,0.0472281555809448,2,0.0054819656653831,1.0,1.0,0.0325000560620668,0.0325000560620668,0.0325000560620668,inf,0.0,0.0,0.2785080450284259,1.379479765349053,0.2915660592255125,305,252,153292,372951,557,0.0010573272589217,0.547576301615799,0.0019857158668463,0.9993247642703836,0.500655240068615,0.0039570818791598,1.8780522776564836,0.0083276424612965,0.0078340283104985,17,0.0464693365021573,0.4117647058823529,0.5294117647058824,0.017903106813466,0.017903106813466,0.0005813693484191,3.3308739516031527,-0.0735041374920433,0.0,0.3586596892848761,1.2301146787715431,ETHUSDT,SUBE,v4_63_sin_pesos,63,0.547576301615799,0.6948407823868468,0.29452896154209574,0.0001514248128483,0.0010685703398473,0.001834291053998,0.0003027951779867,0.00212993852857325,0.0036542867011731,1.8780522776564836,3.024544298100247,2.292984040887526,2,9.5,15,0.4117647058823529,0.7058823529411764,0.5882352941176471,0.5294117647058824,0.7647058823529411,0.47058823529411764,0.017903106813466,0.0252015814377664,0.014596949248600801,3.3308739516031527,inf,inf,-0.0735041374920433,-0.03675206874602165,0.0735041374920433,0.2785080450284259,0.318583867156651,0.08015164425645022,1.2301146787715431,1.304797222060298,0.1493650865775098
0.88,0.201893534087435,12,2,105651,417695,14,2.675022928767961e-05,0.8571428571428571,0.0001135686096362,0.9999952118401616,0.500054390224899,0.0002271071283249,4.245519109946581,0.0433445779681714,0.0513646999524314,2,0.0054819656653831,1.0,1.0,0.0501670254866241,0.0501670254866241,0.0501670254866241,inf,0.0,0.0,0.2785080450284259,1.379479765349053,0.2915660592255125,284,242,153313,372961,526,0.0009984813971146,0.5399239543726235,0.0018489944465061,0.9993515593390192,0.5006002768927627,0.0036853681799601,1.851806605360118,0.0074753190987037,0.0076548431828401,17,0.0464693365021573,0.4117647058823529,0.5294117647058824,0.0184128089353038,0.0184128089353038,0.0005813693484191,3.397234020346918,-0.0735041374920433,0.0,0.3586596892848761,1.2301146787715431,ETHUSDT,SUBE,v4_63_sin_pesos,63,0.5399239543726235,0.6985334057577404,0.31721890277023357,0.0001135686096362,0.00098128152807115,0.0017354258368699,0.0002271071283249,0.0019562376541424997,0.0034582610516352,1.851806605360118,3.04866285765335,2.393712504586463,2,9.5,15,0.4117647058823529,0.7058823529411764,0.5882352941176471,0.5294117647058824,0.7647058823529411,0.47058823529411764,0.0184128089353038,0.03428991721096395,0.0317542165513203,3.397234020346918,inf,inf,-0.0735041374920433,-0.03675206874602165,0.0735041374920433,0.2785080450284259,0.318583867156651,0.08015164425645022,1.2301146787715431,1.304797222060298,0.1493650865775098
0.89,0.201893534087435,11,1,105652,417696,12,2.2928767960868235e-05,0.9166666666666666,0.0001041045588332,0.9999976059200808,0.500050855239457,0.0002081854743316,4.540346825915094,0.0495418457347054,0.0539747241115384,2,0.0054819656653831,1.0,1.0,0.0501670254866241,0.0501670254866241,0.0501670254866241,inf,0.0,0.0,0.2785080450284259,1.379479765349053,0.2915660592255125,260,234,153337,372969,494,0.0009377372817008,0.5263157894736842,0.0016927413946886,0.9993729953939277,0.5005328683943082,0.0033746292775048,1.805133940732806,0.006816560548604,0.0072686788360233,17,0.0464693365021573,0.4117647058823529,0.5294117647058824,0.0187124909159999,0.0187124909159999,0.0005813693484191,3.5351646312390184,-0.0687538180408878,0.0,0.3586596892848761,1.2301146787715431,ETHUSDT,SUBE,v4_63_sin_pesos,63,0.5263157894736842,0.7214912280701754,0.39035087719298245,0.0001041045588332,0.0008984229767609,0.0015886368358554,0.0002081854743316,0.0017914073759182,0.0031664438031732,1.805133940732806,3.17274038332395,2.735212885182288,2,9.5,15,0.4117647058823529,0.7058823529411764,0.5882352941176471,0.5294117647058824,0.7647058823529411,0.47058823529411764,0.0187124909159999,0.034439758201311996,0.0314545345706242,3.5351646312390184,inf,inf,-0.0687538180408878,-0.0343769090204439,0.0687538180408878,0.2785080450284259,0.318583867156651,0.08015164425645022,1.2301146787715431,1.304797222060298,0.1493650865775098
0.9,0.201893534087435,8,0,105655,417697,8,1.528584530724549e-05,1.0,7.571240642419769e-05,1.0,0.5000378562032121,0.0001514133489793,4.953105628271012,0.059691170350988,0.056008972475701,1,0.0027409828326915,1.0,1.0,0.0843316286918749,0.0843316286918749,0.0843316286918749,inf,0.0,0.0,0.2785080450284259,1.379479765349053,0.2915660592255125,238,219,153359,372984,457,0.0008675018982536,0.5207877461706784,0.0015495094305227,0.9994131879968812,0.5004813487137019,0.0030898256455528,1.7861741094078227,0.006021761527892,0.0070059254095504,17,0.0464693365021573,0.4117647058823529,0.5882352941176471,0.0189039128689933,0.0189039128689933,0.0019796660846409,3.5871340482922998,-0.0675763844684915,0.0,0.3586596892848761,1.2301146787715431,ETHUSDT,SUBE,v4_63_sin_pesos,63,0.5207877461706784,0.7603938730853392,0.47921225382932164,7.571240642419769e-05,0.0008126109184734488,0.0014737970240985025,0.0001514133489793,0.00162061949726605,0.0029384122965735,1.7861741094078227,3.3696398688394176,3.1669315188631892,1,9.0,16,0.4117647058823529,0.7058823529411764,0.5882352941176471,0.5882352941176471,0.7941176470588236,0.4117647058823529,0.0189039128689933,0.0516177707804341,0.0654277158228816,3.5871340482922998,inf,inf,-0.0675763844684915,-0.03378819223424575,0.0675763844684915,0.2785080450284259,0.318583867156651,0.08015164425645022,1.2301146787715431,1.304797222060298,0.1493650865775098
0.91,0.201893534087435,6,0,105657,417697,6,1.1464383980434118e-05,1.0,5.6784304818148265e-05,1.0,0.5000283921524091,0.0001135621610879,4.953105628271012,0.0629440030446542,0.0582549797682012,1,0.0027409828326915,1.0,1.0,0.0843316286918749,0.0843316286918749,0.0843316286918749,inf,0.0,0.0,0.2785080450284259,1.379479765349053,0.2915660592255125,218,194,153379,373009,412,0.0007820804859529,0.529126213592233,0.0014192985540082,0.99948017566847,0.5004497371112391,0.0028310033829191,1.8147730054648743,0.0067036961624554,0.0074688775023514,17,0.0464693365021573,0.4705882352941176,0.6470588235294118,0.0221944544509282,0.0221944544509282,0.0019914064146513,4.562712948419031,-0.0675763844684914,0.0,0.3586596892848761,1.2301146787715431,ETHUSDT,SUBE,v4_63_sin_pesos,63,0.529126213592233,0.7645631067961165,0.470873786407767,5.6784304818148265e-05,0.0007380414294131741,0.0013625142491900518,0.0001135621610879,0.0014722827720035,0.0027174412218312,1.8147730054648743,3.3839393168679432,3.1383326228061375,1,9.0,16,0.4705882352941176,0.7352941176470588,0.5294117647058825,0.6470588235294118,0.8235294117647058,0.3529411764705882,0.0221944544509282,0.05326304157140155,0.062137174240946697,4.562712948419031,inf,inf,-0.0675763844684914,-0.0337881922342457,0.0675763844684914,0.2785080450284259,0.318583867156651,0.08015164425645022,1.2301146787715431,1.304797222060298,0.1493650865775098
0.92,0.201893534087435,5,0,105658,417697,5,9.553653317028431e-06,1.0,4.732025401512355e-05,1.0,0.5000236601270076,9.46360298292766e-05,4.953105628271012,0.0617582072902708,0.0556397380186093,1,0.0027409828326915,1.0,1.0,0.0843316286918749,0.0843316286918749,0.0843316286918749,inf,0.0,0.0,0.2785080450284259,1.379479765349053,0.2915660592255125,191,162,153406,373041,353,0.0006700835231586,0.5410764872521246,0.0012435138707136,0.9995659198881038,0.5004047168794087,0.0024813251055537,1.8557595101754545,0.006944054633939,0.007640804149104,16,0.0437358461196775,0.625,0.75,0.0253155399388066,0.0253155399388066,0.0235835214886309,5.811222913740873,-0.0654574196424951,0.0,0.3586596892848761,1.2301146787715431,ETHUSDT,SUBE,v4_63_sin_pesos,63,0.5410764872521246,0.7705382436260624,0.45892351274787535,4.732025401512355e-05,0.0006454170623643618,0.0011961936166984765,9.46360298292766e-05,0.0012879805676914882,0.0023866890757244233,1.8557595101754545,3.4044325692232333,3.0973461180955573,1,8.5,15,0.625,0.8125,0.375,0.75,0.875,0.25,0.0253155399388066,0.05482358431534075,0.059016088753068296,5.811222913740873,inf,inf,-0.0654574196424951,-0.03272870982124755,0.0654574196424951,0.2785080450284259,0.318583867156651,0.08015164425645022,1.2301146787715431,1.304797222060298,0.1493650865775098
0.93,0.201893534087435,4,0,105659,417697,4,7.642922653622745e-06,1.0,3.7856203212098846e-05,1.0,0.5000189281016061,7.570954034845316e-05,4.953105628271012,0.0632878246081862,0.0574303718964737,1,0.0027409828326915,1.0,1.0,0.0843316286918749,0.0843316286918749,0.0843316286918749,inf,0.0,0.0,0.2785080450284259,1.379479765349053,0.2915660592255125,159,149,153438,373054,308,0.000584662110858,0.5162337662337663,0.0010351764682903,0.99960075347733,0.5003179649728102,0.0020662096747993,1.770555076283704,0.0050172401694704,0.0067047004636159,14,0.0382688653547178,0.5714285714285714,0.7142857142857143,0.0214578538277196,0.0214578538277196,0.0316507496400811,4.568310353325687,-0.065457419642495,0.0,0.3586596892848761,1.2301146787715431,ETHUSDT,SUBE,v4_63_sin_pesos,63,0.5162337662337663,0.7581168831168832,0.48376623376623373,3.7856203212098846e-05,0.0005365163357511994,0.0009973202650782013,7.570954034845316e-05,0.0010709596075738766,0.001990500134450847,1.770555076283704,3.361830352277358,3.1825505519873083,1,7.5,13,0.5714285714285714,0.7857142857142857,0.4285714285714286,0.7142857142857143,0.8571428571428572,0.2857142857142857,0.0214578538277196,0.05289474125979725,0.0628737748641553,4.568310353325687,inf,inf,-0.065457419642495,-0.0327287098212475,0.065457419642495,0.2785080450284259,0.318583867156651,0.08015164425645022,1.2301146787715431,1.304797222060298,0.1493650865775098
0.94,0.201893534087435,4,0,105659,417697,4,7.642922653622745e-06,1.0,3.7856203212098846e-05,1.0,0.5000189281016061,7.570954034845316e-05,4.953105628271012,0.0632878246081862,0.0574303718964737,1,0.0027409828326915,1.0,1.0,0.0843316286918749,0.0843316286918749,0.0843316286918749,inf,0.0,0.0,0.2785080450284259,1.379479765349053,0.2915660592255125,133,136,153464,373067,269,0.0005106302201974,0.4944237918215613,0.0008659023288215,0.9996355870665564,0.5002507446976889,0.0017287769877685,1.695752218673532,0.0041400471496229,0.0048931286983404,13,0.0355353749722379,0.6153846153846154,0.7692307692307693,0.0252932859156484,0.0252932859156484,0.0318157483995988,5.144534625211222,-0.0654574196424951,0.0,0.3586596892848761,1.2301146787715431,ETHUSDT,SUBE,v4_63_sin_pesos,63,0.4944237918215613,0.7472118959107806,0.5055762081784387,3.7856203212098846e-05,0.0004518792660167994,0.0008280461256094012,7.570954034845316e-05,0.0009022432640584766,0.0016530674474200468,1.695752218673532,3.324428923472272,3.2573534095974797,1,7.0,12,0.6153846153846154,0.8076923076923077,0.3846153846153846,0.7692307692307693,0.8846153846153846,0.23076923076923073,0.0252932859156484,0.05481245730376165,0.05903834277622649,5.144534625211222,inf,inf,-0.0654574196424951,-0.03272870982124755,0.0654574196424951,0.2785080450284259,0.318583867156651,0.08015164425645022,1.2301146787715431,1.304797222060298,0.1493650865775098
0.95,0.201893534087435,1,0,105662,417697,1,1.910730663405686e-06,1.0,9.464050803024711e-06,1.0,0.5000047320254015,1.892792247122956e-05,4.953105628271012,0.0539905222751542,0.0539905222751542,1,0.0027409828326915,1.0,1.0,0.0539905222751542,0.0539905222751542,0.0539905222751542,inf,0.0,0.0,0.2785080450284259,1.379479765349053,0.2915660592255125,100,126,153497,373077,226,0.00042900531511,0.4424778761061947,0.0006510543825725,0.999662382135192,0.5001567182588822,0.0013001956794497,1.5175904811470495,0.0025458992189668,0.0017069073397594,12,0.0328018845897581,0.6666666666666666,0.75,0.0214450220176635,0.0214450220176635,0.0316507496400811,4.32874423813506,-0.0654574196424951,0.0,0.3586596892848761,1.2301146787715431,ETHUSDT,SUBE,v4_63_sin_pesos,63,0.4424778761061947,0.7212389380530974,0.5575221238938053,9.464050803024711e-06,0.00033025921668776236,0.0006415903317694753,1.892792247122956e-05,0.0006595618009604648,0.0012812677569784704,1.5175904811470495,3.2353480547090308,3.4355151471239624,1,6.5,11,0.6666666666666666,0.8333333333333333,0.33333333333333337,0.75,0.875,0.25,0.0214450220176635,0.03771777214640885,0.0325455002574907,4.32874423813506,inf,inf,-0.0654574196424951,-0.03272870982124755,0.0654574196424951,0.2785080450284259,0.318583867156651,0.08015164425645022,1.2301146787715431,1.304797222060298,0.1493650865775098
