umbral,prevalencia_validacion_2023,verdaderos_positivos_validacion_2023,falsos_positivos_validacion_2023,falsos_negativos_validacion_2023,verdaderos_negativos_validacion_2023,senales_validacion_2023,cobertura_validacion_2023,precision_validacion_2023,recall_validacion_2023,especificidad_validacion_2023,balanced_accuracy_validacion_2023,f1_validacion_2023,precision_lift_validacion_2023,retorno_bruto_medio_todas_senales_validacion_2023,retorno_bruto_mediano_todas_senales_validacion_2023,operaciones_no_solapadas_validacion_2023,operaciones_no_solapadas_por_dia_validacion_2023,precision_objetivo_no_solapada_validacion_2023,tasa_retorno_positivo_no_solapada_validacion_2023,retorno_bruto_medio_no_solapado_validacion_2023,retorno_neto_medio_no_solapado_validacion_2023,retorno_neto_mediano_no_solapado_validacion_2023,factor_beneficio_no_solapado_validacion_2023,maximo_drawdown_no_solapado_validacion_2023,coste_operacion_validacion_2023,pr_auc_validacion_2023,pr_auc_lift_validacion_2023,prevalencia_validacion_2024,verdaderos_positivos_validacion_2024,falsos_positivos_validacion_2024,falsos_negativos_validacion_2024,verdaderos_negativos_validacion_2024,senales_validacion_2024,cobertura_validacion_2024,precision_validacion_2024,recall_validacion_2024,especificidad_validacion_2024,balanced_accuracy_validacion_2024,f1_validacion_2024,precision_lift_validacion_2024,retorno_bruto_medio_todas_senales_validacion_2024,retorno_bruto_mediano_todas_senales_validacion_2024,operaciones_no_solapadas_validacion_2024,operaciones_no_solapadas_por_dia_validacion_2024,precision_objetivo_no_solapada_validacion_2024,tasa_retorno_positivo_no_solapada_validacion_2024,retorno_bruto_medio_no_solapado_validacion_2024,retorno_neto_medio_no_solapado_validacion_2024,retorno_neto_mediano_no_solapado_validacion_2024,factor_beneficio_no_solapado_validacion_2024,maximo_drawdown_no_solapado_validacion_2024,coste_operacion_validacion_2024,pr_auc_validacion_2024,pr_auc_lift_validacion_2024,simbolo,detector,variante,variables,precision_minimo,precision_medio,precision_diferencia,recall_minimo,recall_medio,recall_diferencia,f1_minimo,f1_medio,f1_diferencia,precision_lift_minimo,precision_lift_medio,precision_lift_diferencia,operaciones_no_solapadas_minimo,operaciones_no_solapadas_medio,operaciones_no_solapadas_diferencia,precision_objetivo_no_solapada_minimo,precision_objetivo_no_solapada_medio,precision_objetivo_no_solapada_diferencia,tasa_retorno_positivo_no_solapada_minimo,tasa_retorno_positivo_no_solapada_medio,tasa_retorno_positivo_no_solapada_diferencia,retorno_neto_medio_no_solapado_minimo,retorno_neto_medio_no_solapado_medio,retorno_neto_medio_no_solapado_diferencia,factor_beneficio_no_solapado_minimo,factor_beneficio_no_solapado_medio,factor_beneficio_no_solapado_diferencia,maximo_drawdown_no_solapado_minimo,maximo_drawdown_no_solapado_medio,maximo_drawdown_no_solapado_diferencia,pr_auc_minimo,pr_auc_medio,pr_auc_diferencia,pr_auc_lift_minimo,pr_auc_lift_medio,pr_auc_lift_diferencia
0.05,0.1793201620299602,93849,429507,0,4,523356,0.9999923570773463,0.1793215325705638,1.0,9.31291631646221e-06,0.5000046564581583,0.3041096556249544,1.0000076429810685,0.0004843931886196,0.0001133659703489,2182,5.980824540932963,0.1842346471127406,0.5114573785517873,0.0004846609185768,0.0004846609185768,8.116316508999244e-05,1.1933946458149192,-0.2106142623389704,0.0,0.2653977641997224,1.4800218848529734,0.2552714502657555,134477,392323,0,0,526800,1.0,0.2552714502657555,1.0,0.0,0.5,0.4067191207315542,1.0,0.000421163903572,0.0003529744518918,2195,6.0000113895432605,0.2592255125284738,0.5216400911161732,0.0004259415340564,0.0004259415340564,0.0003394659167264,1.1213550458051944,-0.3017948759602422,0.0,0.3414633698975175,1.3376480979053091,BTCUSDT,SUBE,v4_52_balanceado,52,0.1793215325705638,0.21729649141815965,0.07594991769519169,1.0,1.0,0.0,0.3041096556249544,0.3554143881782543,0.1026094651065998,1.0,1.0000038214905342,7.642981068478605e-06,2182,2188.5,13,0.1842346471127406,0.22173007982060722,0.07499086541573322,0.5114573785517873,0.5165487348339802,0.010182712564385854,0.0004259415340564,0.0004553012263166,5.8719384520399996e-05,1.1213550458051944,1.1573748458100568,0.07203960000972476,-0.3017948759602422,-0.2562045691496063,0.09118061362127178,0.2653977641997224,0.3034305670486199,0.07606560569779514,1.3376480979053091,1.4088349913791411,0.14237378694766423
0.06,0.1793201620299602,93849,429497,0,14,523346,0.9999732497707124,0.1793249590137308,1.0,3.259520710761773e-05,0.5000162976035538,0.3041145829113975,1.0000267509448817,0.0004844672207835,0.0001134425397066,2182,5.980824540932963,0.1814848762603116,0.5100824931255729,0.0004840184873242,0.0004840184873242,9.26028257202116e-05,1.1950374053363468,-0.2106142623389704,0.0,0.2653977641997224,1.4800218848529734,0.2552714502657555,134477,392315,0,8,526792,0.9999848139711466,0.2552753268842351,1.0,2.039136119982769e-05,0.5000101956805999,0.4067240411995723,1.0000151862594726,0.000421339102374,0.0003531191043074,2195,6.0000113895432605,0.2592255125284738,0.5216400911161732,0.0004259415340564,0.0004259415340564,0.0003394659167264,1.1213550458051944,-0.3017948759602422,0.0,0.3414633698975175,1.3376480979053091,BTCUSDT,SUBE,v4_52_balanceado,52,0.1793249590137308,0.21730014294898295,0.0759503678705043,1.0,1.0,0.0,0.3041145829113975,0.3554193120554849,0.1026094582881748,1.0000151862594726,1.0000209686021773,1.1564685409082287e-05,2182,2188.5,13,0.1814848762603116,0.22035519439439272,0.07774063626816222,0.5100824931255729,0.515861292120873,0.011557597990600299,0.0004259415340564,0.0004549800106903,5.807695326779999e-05,1.1213550458051944,1.1581962255707707,0.07368235953115243,-0.3017948759602422,-0.2562045691496063,0.09118061362127178,0.2653977641997224,0.3034305670486199,0.07606560569779514,1.3376480979053091,1.4088349913791411,0.14237378694766423
0.07,0.1793201620299602,93849,429235,0,276,523084,0.9994726383369,0.1794147785059378,1.0,0.0006425912258358,0.5003212956129179,0.3042437347329451,1.000527639920166,0.0004857106850455,0.0001141142708799,2182,5.980824540932963,0.1814848762603116,0.5142071494042163,0.0004806988654747,0.0004806988654747,0.0001558322247524,1.193035417551991,-0.2106142623389704,0.0,0.2653977641997224,1.4800218848529734,0.2552714502657555,134477,392264,0,59,526741,0.9998880030372058,0.2553000430951834,1.0,0.0001503862888487,0.5000751931444244,0.4067554119821299,1.0001120095075189,0.0004223888045239,0.0003540857283641,2195,6.0000113895432605,0.2592255125284738,0.5216400911161732,0.0004259415340564,0.0004259415340564,0.0003394659167264,1.1213550458051944,-0.3017948759602422,0.0,0.3414633698975175,1.3376480979053091,BTCUSDT,SUBE,v4_52_balanceado,52,0.1794147785059378,0.2173574108005606,0.0758852645892456,1.0,1.0,0.0,0.3042437347329451,0.35549957335753746,0.10251167724918481,1.0001120095075189,1.0003198247138423,0.0004156304126470278,2182,2188.5,13,0.1814848762603116,0.22035519439439272,0.07774063626816222,0.5142071494042163,0.5179236202601947,0.007432941711956853,0.0004259415340564,0.00045332019976555,5.475733141829998e-05,1.1213550458051944,1.1571952316785927,0.07168037174679665,-0.3017948759602422,-0.2562045691496063,0.09118061362127178,0.2653977641997224,0.3034305670486199,0.07606560569779514,1.3376480979053091,1.4088349913791411,0.14237378694766423
0.08,0.1793201620299602,93849,428739,0,772,522588,0.9985249159278508,0.1795850650990837,1.0,0.0017973928490772,0.5008986964245387,0.304488536541447,1.001477263159506,0.0004866800915249,0.0001150147695138,2181,5.978083558100271,0.1779000458505273,0.5071068317285649,0.0004853111883448,0.0004853111883448,7.203619921924975e-05,1.1950453588413512,-0.2106142623389704,0.0,0.2653977641997224,1.4800218848529734,0.2552714502657555,134477,392191,0,132,526668,0.999749430523918,0.2553354295305581,1.0,0.0003364574597971,0.5001682287298985,0.406800323680887,1.0002506322768805,0.0004235139094903,0.0003546732560842,2195,6.0000113895432605,0.2574031890660592,0.5202733485193621,0.0004262250585601,0.0004262250585601,0.0003627141648518,1.120988138013752,-0.3017948759602422,0.0,0.3414633698975175,1.3376480979053091,BTCUSDT,SUBE,v4_52_balanceado,52,0.1795850650990837,0.2174602473148209,0.0757503644314744,1.0,1.0,0.0,0.304488536541447,0.355644430111167,0.10231178713944,1.0002506322768805,1.000863947718193,0.0012266308826254235,2181,2188.0,14,0.1779000458505273,0.21765161745829326,0.0795031432155319,0.5071068317285649,0.5136900901239635,0.013166516790797278,0.0004262250585601,0.00045576812345245,5.908612978469999e-05,1.120988138013752,1.1580167484275516,0.07405722082759914,-0.3017948759602422,-0.2562045691496063,0.09118061362127178,0.2653977641997224,0.3034305670486199,0.07606560569779514,1.3376480979053091,1.4088349913791411,0.14237378694766423
0.09,0.1793201620299602,93849,428366,0,1145,522215,0.9978122133904004,0.1797133364610361,1.0,0.0026658222955873,0.5013329111477937,0.3046728911281944,1.0021925835144527,0.0004875982636937,0.0001166708529456,2181,5.978083558100271,0.1824850985786336,0.5130674002751031,0.0004863219993756,0.0004863219993756,0.000139310594863,1.1955742347641394,-0.2106142623389704,0.0,0.2653977641997224,1.4800218848529734,0.2552714502657555,134477,392132,0,191,526609,0.9996374335611238,0.2553640366951571,1.0,0.0004868437486458,0.5002434218743229,0.406836629424916,1.0003626979409772,0.0004237272277436,0.0003546274558259,2195,6.0000113895432605,0.2574031890660592,0.5202733485193621,0.0004262250585601,0.0004262250585601,0.0003627141648518,1.120988138013752,-0.3017948759602422,0.0,0.3414633698975175,1.3376480979053091,BTCUSDT,SUBE,v4_52_balanceado,52,0.1797133364610361,0.2175386865780966,0.07565070023412102,1.0,1.0,0.0,0.3046728911281944,0.35575476027655517,0.1021637382967216,1.0003626979409772,1.0012776407277149,0.0018298855734755204,2181,2188.0,14,0.1824850985786336,0.2199441438223464,0.07491809048742559,0.5130674002751031,0.5166703743972326,0.0072059482442590195,0.0004262250585601,0.00045627352896785,6.009694081550004e-05,1.120988138013752,1.1582811863889457,0.0745860967503873,-0.3017948759602422,-0.2562045691496063,0.09118061362127178,0.2653977641997224,0.3034305670486199,0.07606560569779514,1.3376480979053091,1.4088349913791411,0.14237378694766423
0.1,0.1793201620299602,93849,427825,0,1686,521674,0.996778508101498,0.1798997074801504,1.0,0.0039253942273888,0.5019626971136945,0.3049406764653798,1.0032319034492805,0.0004887852887484,0.0001197752836248,2180,5.975342575267579,0.1830275229357798,0.5197247706422018,0.0004881595201036,0.0004881595201036,0.0002227584724128,1.195182075885934,-0.2106142623389704,0.0,0.2653977641997224,1.4800218848529734,0.2552714502657555,134477,391945,0,378,526422,0.9992824601366742,0.255454749231605,1.0,0.0009634918166918,0.5004817459083459,0.4069517430046043,1.0007180550964816,0.0004245732770885,0.0003564000238309,2195,6.0000113895432605,0.2578587699316628,0.5175398633257403,0.0004258449428247,0.0004258449428247,0.0003169637587061,1.1211535928242475,-0.3017948759602422,0.0,0.3414633698975175,1.3376480979053091,BTCUSDT,SUBE,v4_52_balanceado,52,0.1798997074801504,0.21767722835587772,0.07555504175145458,1.0,1.0,0.0,0.3049406764653798,0.355946209734992,0.10201106653922448,1.0007180550964816,1.0019749792728811,0.0025138483527988864,2180,2187.5,15,0.1830275229357798,0.22044314643372132,0.07483124699588298,0.5175398633257403,0.518632316983971,0.002184907316461482,0.0004258449428247,0.00045700223146415,6.231457727889998e-05,1.1211535928242475,1.1581678343550907,0.07402848306168641,-0.3017948759602422,-0.2562045691496063,0.09118061362127178,0.2653977641997224,0.3034305670486199,0.07606560569779514,1.3376480979053091,1.4088349913791411,0.14237378694766423
0.11,0.1793201620299602,93849,427001,0,2510,520850,0.9952040660348516,0.1801843141019487,1.0,0.00584385498858,0.50292192749429,0.3053494474531437,1.0048190457905346,0.0004911072505483,0.000123128857676,2180,5.975342575267579,0.1825688073394495,0.5188073394495413,0.0004872953113142,0.0004872953113142,0.0002227584724128,1.1942211594155845,-0.2106142623389704,0.0,0.2653977641997224,1.4800218848529734,0.2552714502657555,134477,391564,0,759,526041,0.9985592255125284,0.2556397695236683,1.0,0.0019346303938336,0.5009673151969168,0.4071864809134649,1.0014428533137152,0.0004263620041562,0.0003592780302206,2195,6.0000113895432605,0.2569476082004556,0.5170842824601367,0.0004243562868142,0.0004243562868142,0.0002719150010652,1.1209728210950738,-0.3017948759602422,0.0,0.3414633698975175,1.3376480979053091,BTCUSDT,SUBE,v4_52_balanceado,52,0.1801843141019487,0.2179120418128085,0.07545545542171958,1.0,1.0,0.0,0.3053494474531437,0.3562679641833043,0.10183703346032119,1.0014428533137152,1.003130949552125,0.0033761924768194174,2180,2187.5,15,0.1825688073394495,0.21975820776995253,0.0743788008610061,0.5170842824601367,0.5179458109548389,0.0017230569894045589,0.0004243562868142,0.0004558257990642,6.293902449999999e-05,1.1209728210950738,1.1575969902553291,0.0732483383205107,-0.3017948759602422,-0.2562045691496063,0.09118061362127178,0.2653977641997224,0.3034305670486199,0.07606560569779514,1.3376480979053091,1.4088349913791411,0.14237378694766423
0.12,0.1793201620299602,93849,426088,0,3423,519937,0.9934595689391624,0.1805007145096425,1.0,0.0079695281378125,0.5039847640689062,0.3058036514355166,1.0065834899228174,0.0004934847829072,0.0001243091437552,2177,5.967119626769504,0.1736334405144694,0.5130914101975195,0.0004889590204094,0.0004889590204094,0.0001030040392298,1.2012671963822636,-0.2106142623389704,0.0,0.2653977641997224,1.4800218848529734,0.2552714502657555,134476,390990,1,1333,525466,0.9974677296886864,0.2559176045643295,0.9999925637841416,0.0033977105599212,0.5016951371720314,0.4075382267862527,1.0025312438892064,0.0004280551148585,0.0003610251917371,2195,6.0000113895432605,0.2528473804100228,0.5261958997722096,0.0004224491276131,0.0004224491276131,0.0004377492246343,1.1208845245975492,-0.301773128061759,0.0,0.3414633698975175,1.3376480979053091,BTCUSDT,SUBE,v4_52_balanceado,52,0.1805007145096425,0.218209159536986,0.07541689005468699,0.9999925637841416,0.9999962818920708,7.43621585841403e-06,0.3058036514355166,0.35667093911088465,0.1017345753507361,1.0025312438892064,1.004557366906012,0.0040522460336109845,2177,2186.0,18,0.1736334405144694,0.21324041046224612,0.07921393989555339,0.5130914101975195,0.5196436549848645,0.013104489574690126,0.0004224491276131,0.00045570407401125006,6.650989279630002e-05,1.1208845245975492,1.1610758604899063,0.08038267178471448,-0.301773128061759,-0.2561936952003647,0.09115886572278858,0.2653977641997224,0.3034305670486199,0.07606560569779514,1.3376480979053091,1.4088349913791411,0.14237378694766423
0.13,0.1793201620299602,93849,425263,0,4248,519112,0.9918832161418526,0.180787575706206,1.0,0.0098903171280828,0.5049451585640414,0.3062152404475978,1.008183205165745,0.0004943333859624,0.0001241068340449,2175,5.961637661104121,0.1774712643678161,0.5158620689655172,0.000488271878877,0.000488271878877,0.0001599472639894,1.1997985943323817,-0.2106142623389704,0.0,0.2653977641997224,1.4800218848529734,0.2552714502657555,134457,390234,20,2089,524691,0.995996583143508,0.2562593983887659,0.9998512756828304,0.005324694193305,0.5025879849380678,0.4079597310549055,1.0038701865092314,0.0004299738891322,0.000364961762503,2194,5.997277899160781,0.2493163172288058,0.5255241567912489,0.0004263573741322,0.0004263573741322,0.0003721830632318,1.1229604405686744,-0.3162197453697375,0.0,0.3414633698975175,1.3376480979053091,BTCUSDT,SUBE,v4_52_balanceado,52,0.180787575706206,0.21852348704748592,0.07547182268255989,0.9998512756828304,0.9999256378414152,0.00014872431716961287,0.3062152404475978,0.35708748575125165,0.10174449060730772,1.0038701865092314,1.0060266958374882,0.0043130186565134565,2175,2184.5,19,0.1774712643678161,0.21339379079831094,0.07184505286098969,0.5158620689655172,0.520693112878383,0.009662087825731636,0.0004263573741322,0.0004573146265046,6.191450474480004e-05,1.1229604405686744,1.161379517450528,0.07683815376370728,-0.3162197453697375,-0.26341700385435396,0.10560548303076711,0.2653977641997224,0.3034305670486199,0.07606560569779514,1.3376480979053091,1.4088349913791411,0.14237378694766423
0.14,0.1793201620299602,93841,424359,8,5152,518200,0.9901406297768268,0.1810903126206098,0.9999147566836089,0.0119950362156033,0.505954896449606,0.3066453829677035,1.009871453218706,0.0004951596681229,0.0001247644947397,2172,5.953414712606047,0.1873848987108655,0.5165745856353591,0.0004893390084907,0.0004893390084907,0.0001593504134493,1.1958983578191245,-0.2106142623389704,0.0,0.2653977641997224,1.4800218848529734,0.2552714502657555,134443,389483,34,2840,523926,0.9945444191343964,0.2566068490588366,0.999747168660812,0.0072389332259388,0.5034930509433754,0.4083912132842652,1.0052312892479391,0.0004325257601756,0.0003706538786336,2193,5.9945444087783,0.2498860009119927,0.5239398084815321,0.0004246139452747,0.0004246139452747,0.0003069451422283,1.1226312197025397,-0.3171383531636604,0.0,0.3414633698975175,1.3376480979053091,BTCUSDT,SUBE,v4_52_balanceado,52,0.1810903126206098,0.2188485808397232,0.07551653643822678,0.999747168660812,0.9998309626722104,0.00016758802279681628,0.3066453829677035,0.35751829812598435,0.1017458303165617,1.0052312892479391,1.0075513712333226,0.004640163970766942,2172,2182.5,21,0.1873848987108655,0.2186354498114291,0.0625011022011272,0.5165745856353591,0.5202571970584455,0.007365222846173025,0.0004246139452747,0.0004569764768827,6.4725063216e-05,1.1226312197025397,1.159264788760832,0.0732671381165848,-0.3171383531636604,-0.26387630775131543,0.10652409082469,0.2653977641997224,0.3034305670486199,0.07606560569779514,1.3376480979053091,1.4088349913791411,0.14237378694766423
0.15,0.1793201620299602,93803,423216,46,6295,517019,0.9878840568633446,0.1814304696732615,0.9995098509307504,0.0146562020530324,0.5070830264918914,0.3071138118218666,1.0117683790791392,0.0004958568036453,0.0001266916573543,2168,5.94245078127528,0.1886531365313653,0.5142988929889298,0.0004902463319643,0.0004902463319643,0.0001490805239436,1.1947222586133284,-0.2077894829391501,0.0,0.2653977641997224,1.4800218848529734,0.2552714502657555,134410,388688,67,3635,523098,0.9929726651480638,0.2569499405465132,0.9995017735374824,0.0092653247451717,0.504383549141327,0.4088050792685245,1.0065753153320136,0.0004351812291266,0.0003749423868917,2193,5.9945444087783,0.2507979936160511,0.5202918376652986,0.0004217962816334,0.0004217962816334,0.0002927935368495,1.1241334216729968,-0.3011620858723751,0.0,0.3414633698975175,1.3376480979053091,BTCUSDT,SUBE,v4_52_balanceado,52,0.1814304696732615,0.21919020510988735,0.0755194708732517,0.9995017735374824,0.9995058122341164,8.07739326802448e-06,0.3071138118218666,0.35795944554519554,0.10169126744665791,1.0065753153320136,1.0091718472055764,0.005193063747125581,2168,2180.5,25,0.1886531365313653,0.21972556507370822,0.062144857084685784,0.5142988929889298,0.5172953653271142,0.005992944676368794,0.0004217962816334,0.00045602130679885,6.84500503309e-05,1.1241334216729968,1.1594278401431626,0.07058883694033158,-0.3011620858723751,-0.2544757844057626,0.093372602933225,0.2653977641997224,0.3034305670486199,0.07606560569779514,1.3376480979053091,1.4088349913791411,0.14237378694766423
0.16,0.1793201620299602,93754,421956,95,7555,515710,0.9853829104249464,0.1817959706036338,0.9989877356178544,0.017589770692718,0.5082887531552861,0.3076125526815288,1.013806638058134,0.0004961424508937,0.0001267697703306,2167,5.939709798442589,0.185048454083987,0.5039224734656207,0.0004885536179536,0.0004885536179536,6.818261622831834e-05,1.196383303811602,-0.2031015772779505,0.0,0.2653977641997224,1.4800218848529734,0.2552714502657555,134311,387654,166,4669,521965,0.9908219438116932,0.2573180194074315,0.9987655881674932,0.0119009081802494,0.5053332481738714,0.409209039031628,1.0080172269148997,0.0004362301460155,0.0003786279022712,2190,5.986343937630862,0.254337899543379,0.5159817351598174,0.0004189940347031,0.0004189940347031,0.0002493057340356,1.1228238292282735,-0.2854124719384653,0.0,0.3414633698975175,1.3376480979053091,BTCUSDT,SUBE,v4_52_balanceado,52,0.1817959706036338,0.21955699500553266,0.07552204880379768,0.9987655881674932,0.9988766618926738,0.00022214745036119865,0.3076125526815288,0.3584107958565784,0.10159648635009916,1.0080172269148997,1.010911932486517,0.005789411143234391,2167,2178.5,23,0.185048454083987,0.219693176813683,0.06928944545939197,0.5039224734656207,0.5099521043127191,0.012059261694196688,0.0004189940347031,0.00045377382632835,6.955958325050005e-05,1.1228238292282735,1.1596035665199378,0.07355947458332857,-0.2854124719384653,-0.24425702460820792,0.0823108946605148,0.2653977641997224,0.3034305670486199,0.07606560569779514,1.3376480979053091,1.4088349913791411,0.14237378694766423
0.17,0.1793201620299602,93676,420544,173,8967,514220,0.982535921736472,0.1821710551903854,0.9981566132830396,0.0208772301524291,0.5095169217177344,0.3081097704372365,1.0158983414254823,0.0004955785892836,0.00012463487813,2162,5.926004884279132,0.1790009250693802,0.5078630897317299,0.0004877440841147,0.0004877440841147,7.94443113448784e-05,1.195354361661353,-0.2135456259539698,0.0,0.2653977641997224,1.4800218848529734,0.2552714502657555,134184,386460,293,5863,520644,0.9883143507972664,0.2577269689077373,0.9978211887534671,0.0149443188393237,0.5063827537963954,0.4096464622565907,1.0096192450797985,0.0004352805686765,0.0003766362235126,2188,5.9808769568659015,0.2490859232175502,0.5105118829981719,0.0004284775095718,0.0004284775095718,9.216059168537516e-05,1.124389743129612,-0.28798580639838,0.0,0.3414633698975175,1.3376480979053091,BTCUSDT,SUBE,v4_52_balanceado,52,0.1821710551903854,0.21994901204906134,0.07555591371735187,0.9978211887534671,0.9979889010182534,0.00033542452957247004,0.3081097704372365,0.3588781163469136,0.10153669181935421,1.0096192450797985,1.0127587932526403,0.006279096345683799,2162,2175.0,26,0.1790009250693802,0.2140434241434652,0.07008499814816999,0.5078630897317299,0.5091874863649508,0.0026487932664419622,0.0004284775095718,0.00045811079684325,5.92665745429e-05,1.124389743129612,1.1598720523954824,0.07096461853174096,-0.28798580639838,-0.25076571617617494,0.0744401804444102,0.2653977641997224,0.3034305670486199,0.07606560569779514,1.3376480979053091,1.4088349913791411,0.14237378694766423
0.18,0.1793201620299602,93561,418720,288,10791,512281,0.9788310149801284,0.1826360923009051,0.996931240609916,0.0251239199927359,0.5110275803013259,0.3087159520234933,1.018491675634282,0.000495086147612,0.0001226331796331,2158,5.915040952948365,0.1872103799814643,0.5018535681186284,0.0004919019538182,0.0004919019538182,2.1080465903655643e-05,1.1965113919160093,-0.2148761948598447,0.0,0.2653977641997224,1.4800218848529734,0.2552714502657555,134006,384869,471,7454,518875,0.9849563401670464,0.2582625873283546,0.9964975423306588,0.0189996507979394,0.5077485965642992,0.4102107286730583,1.011717475884926,0.000433698891704,0.0003734362357628,2187,5.978143466483422,0.2501143118427069,0.522633744855967,0.0004297964590552,0.0004297964590552,0.0003822956061283,1.1241937854196495,-0.3160333407657341,0.0,0.3414633698975175,1.3376480979053091,BTCUSDT,SUBE,v4_52_balanceado,52,0.1826360923009051,0.22044933981462986,0.0756264950274495,0.9964975423306588,0.9967143914702874,0.00043369827925721083,0.3087159520234933,0.35946334034827576,0.10149477664956502,1.011717475884926,1.015104575759604,0.00677419974935578,2158,2172.5,29,0.1872103799814643,0.2186623459120856,0.06290393186124257,0.5018535681186284,0.5122436564872976,0.020780176737338674,0.0004297964590552,0.00046084920643670003,6.210549476299995e-05,1.1241937854196495,1.1603525886678294,0.07231760649635977,-0.3160333407657341,-0.26545476781278937,0.1011571459058894,0.2653977641997224,0.3034305670486199,0.07606560569779514,1.3376480979053091,1.4088349913791411,0.14237378694766423
0.19,0.1793201620299602,93357,416341,492,13170,509698,0.9738955976765516,0.1831614014573335,0.9947575360419396,0.0306627769719518,0.5127101565069457,0.3093611599428048,1.0214211240046254,0.0004952995155671,0.0001236432961346,2156,5.909558987282982,0.187847866419295,0.5102040816326531,0.0004920045021259,0.0004920045021259,0.0001488176787616,1.19671294081354,-0.2129532976533498,0.0,0.2653977641997224,1.4800218848529734,0.2552714502657555,133768,382998,709,9325,516766,0.9809529233105544,0.2588560392905106,0.994727722956342,0.0237686803985491,0.5092482016774456,0.4108082543689528,1.0140422637197513,0.000431965562224,0.0003681017374898,2184,5.969942995335982,0.2532051282051282,0.5178571428571429,0.000428351104173,0.000428351104173,0.0002767799359,1.12369091535876,-0.3196380418413665,0.0,0.3414633698975175,1.3376480979053091,BTCUSDT,SUBE,v4_52_balanceado,52,0.1831614014573335,0.22100872037392205,0.07569463783317709,0.994727722956342,0.9947426294991408,2.981308559757423e-05,0.3093611599428048,0.3600847071558788,0.10144709442614802,1.0140422637197513,1.0177316938621883,0.007378860284874111,2156,2170.0,28,0.187847866419295,0.22052649731221158,0.0653572617858332,0.5102040816326531,0.514030612244898,0.007653061224489832,0.000428351104173,0.00046017780314945003,6.365339795289996e-05,1.12369091535876,1.16020192808615,0.07302202545477998,-0.3196380418413665,-0.2662956697473582,0.10668474418801671,0.2653977641997224,0.3034305670486199,0.07606560569779514,1.3376480979053091,1.4088349913791411,0.14237378694766423
0.2,0.1793201620299602,93047,412965,802,16546,506012,0.9668526444512382,0.1838829909172114,0.9914543575317798,0.0385228783430459,0.5149886179374129,0.3102285362775709,1.0254451526007926,0.0005009454292193,0.000127342909682,2152,5.898595055952216,0.1849442379182156,0.5148698884758365,0.000490062173514,0.000490062173514,0.0002173690230916,1.1968546361491996,-0.2104185385294251,0.0,0.2653977641997224,1.4800218848529734,0.2552714502657555,133442,380683,1035,11640,514125,0.9759396355353076,0.259551665451009,0.9923035165864794,0.0296694305457492,0.5109864735661144,0.4114757586316416,1.016767308607357,0.0004309951707774,0.0003645534593386,2182,5.964476014571022,0.2525206232813932,0.5201649862511457,0.0004292146591762,0.0004292146591762,0.0002669573345415,1.1242305652913742,-0.3168364163524073,0.0,0.3414633698975175,1.3376480979053091,BTCUSDT,SUBE,v4_52_balanceado,52,0.1838829909172114,0.2217173281841102,0.07566867453379761,0.9914543575317798,0.9918789370591297,0.0008491590546996219,0.3102285362775709,0.36085214745460625,0.10124722235407069,1.016767308607357,1.0211062306040748,0.00867784399343563,2152,2167.0,30,0.1849442379182156,0.2187324305998044,0.06757638536317759,0.5148698884758365,0.5175174373634911,0.005295097775309232,0.0004292146591762,0.0004596384163451,6.084751433780005e-05,1.1242305652913742,1.1605426007202868,0.0726240708578254,-0.3168364163524073,-0.2636274774409162,0.10641787782298218,0.2653977641997224,0.3034305670486199,0.07606560569779514,1.3376480979053091,1.4088349913791411,0.14237378694766423
0.21,0.1793201620299602,92596,408198,1253,21313,500794,0.9568824518495872,0.1848983813703838,0.9866487655702244,0.0496215463631897,0.5181351559667071,0.3114339191750344,1.031107597033576,0.0005050942268801,0.0001307285933686,2146,5.882149158956066,0.1924510717614166,0.52143522833178,0.0004962541976856,0.0004962541976856,0.0002423583219184,1.1944763237971028,-0.2104185385294248,0.0,0.2653977641997224,1.4800218848529734,0.2552714502657555,133080,377786,1397,14537,510866,0.9697532270311312,0.2604988392259418,0.989611606445712,0.0370536522202369,0.5133326293329744,0.4124318385726661,1.02047776574601,0.0004324526824655,0.0003676015053353,2179,5.956275543423583,0.262964662689307,0.5263882514915099,0.0004329684206617,0.0004329684206617,0.0004203988831752,1.1220153607241543,-0.3194994503380878,0.0,0.3414633698975175,1.3376480979053091,BTCUSDT,SUBE,v4_52_balanceado,52,0.1848983813703838,0.2226986102981628,0.075600457855558,0.9866487655702244,0.9881301860079682,0.0029628408754875935,0.3114339191750344,0.36193287887385023,0.1009979193976317,1.02047776574601,1.025792681389793,0.010629831287565894,2146,2162.5,33,0.1924510717614166,0.2277078672253618,0.07051359092789042,0.52143522833178,0.523911739911645,0.004953023159729897,0.0004329684206617,0.00046461130917365,6.328577702389998e-05,1.1220153607241543,1.1582458422606285,0.07246096307294847,-0.3194994503380878,-0.2649589944337563,0.109080911808663,0.2653977641997224,0.3034305670486199,0.07606560569779514,1.3376480979053091,1.4088349913791411,0.14237378694766423
0.22,0.1793201620299602,91929,402805,1920,26706,494734,0.9453034240293487,0.1858150036181058,0.9795416040661062,0.0621776857868599,0.5208596449264831,0.3123739557547533,1.0362192489378883,0.0005044282040883,0.0001292418394337,2137,5.857480313461842,0.1881141787552644,0.5091249415067852,0.0004975720234129,0.0004975720234129,0.0001295015270388,1.1970655736921412,-0.2106142623389706,0.0,0.2653977641997224,1.4800218848529734,0.2552714502657555,132646,373992,1831,18331,506638,0.9617274107820803,0.2618161290704606,0.9863842887631342,0.0467242552692551,0.5165542720161947,0.4137978365815806,1.0256381150257563,0.0004368243703967,0.0003757027955915,2176,5.948075072276144,0.2591911764705882,0.5188419117647058,0.0004304040265386,0.0004304040265386,0.0003967507127348,1.1216889119632771,-0.3168980018196777,0.0,0.3414633698975175,1.3376480979053091,BTCUSDT,SUBE,v4_52_balanceado,52,0.1858150036181058,0.22381556634428318,0.0760011254523548,0.9795416040661062,0.9829629464146202,0.006842684697027979,0.3123739557547533,0.36308589616816694,0.1014238808268273,1.0256381150257563,1.0309286819818224,0.010581133912132001,2137,2156.5,39,0.1881141787552644,0.2236526776129263,0.0710769977153238,0.5091249415067852,0.5139834266357455,0.00971697025792062,0.0004304040265386,0.00046398802497575,6.716799687430004e-05,1.1216889119632771,1.1593772428277092,0.07537666172886404,-0.3168980018196777,-0.26375613207932413,0.1062837394807071,0.2653977641997224,0.3034305670486199,0.07606560569779514,1.3376480979053091,1.4088349913791411,0.14237378694766423
0.23,0.1793201620299602,91246,396604,2603,32907,487850,0.932149954142464,0.1870369990775853,0.9722639559292054,0.0766150343064554,0.5244394951178305,0.3137223890706362,1.0430338505178005,0.0005051546442656,0.0001296156276258,2127,5.830070485134927,0.1894687353079454,0.5082275505406676,0.0004873577691848,0.0004873577691848,0.000153064307149,1.1939899050861251,-0.2051065057460203,0.0,0.2653977641997224,1.4800218848529734,0.2552714502657555,132000,369257,2477,23066,501257,0.9515129081245256,0.2633379683475742,0.98158049331856,0.0587933921794031,0.5201869427489816,0.4152680209018237,1.0315997659488396,0.0004413799890632,0.000383130294232,2171,5.934407620363745,0.2556425610317825,0.5255642561031783,0.0004287545529503,0.0004287545529503,0.0003809656712252,1.1206486893128187,-0.3159034077726815,0.0,0.3414633698975175,1.3376480979053091,BTCUSDT,SUBE,v4_52_balanceado,52,0.1870369990775853,0.22518748371257977,0.07630096926998892,0.9722639559292054,0.9769222246238827,0.009316537389354562,0.3137223890706362,0.36449520498622995,0.10154563183118748,1.0315997659488396,1.03731680823332,0.01143408456896089,2127,2149.0,44,0.1894687353079454,0.22255564816986395,0.06617382572383712,0.5082275505406676,0.5168959033219229,0.017336705562510657,0.0004287545529503,0.00045805616106755,5.8603216234499986e-05,1.1206486893128187,1.157319297199472,0.07334121577330643,-0.3159034077726815,-0.2605049567593509,0.1107969020266612,0.2653977641997224,0.3034305670486199,0.07606560569779514,1.3376480979053091,1.4088349913791411,0.14237378694766423
0.24,0.1793201620299602,90521,389938,3328,39573,480459,0.9180277438092328,0.188405254142393,0.9645387803812508,0.0921350093478397,0.5283368948645453,0.3152350306804015,1.05066408601011,0.0005069807426575,0.0001280578870124,2112,5.7889557426445535,0.1922348484848484,0.509469696969697,0.0005045067303948,0.0005045067303948,0.0001098856216703,1.2027695495278836,-0.2028336068500895,0.0,0.2653977641997224,1.4800218848529734,0.2552714502657555,131302,363821,3175,28502,495123,0.939869020501139,0.2651906697931625,0.9763900146493452,0.0726493221146861,0.5245196683820157,0.4170965692503177,1.0388575358391252,0.0004483763665868,0.0003974036954237,2164,5.9152731876863855,0.2513863216266174,0.5217190388170055,0.0004301554084545,0.0004301554084545,0.0003039516901645,1.1245346943064218,-0.3227597776394967,0.0,0.3414633698975175,1.3376480979053091,BTCUSDT,SUBE,v4_52_balanceado,52,0.188405254142393,0.22679796196777777,0.07678541565076952,0.9645387803812508,0.970464397515298,0.011851234268094313,0.3152350306804015,0.3661657999653596,0.1018615385699162,1.0388575358391252,1.0447608109246176,0.011806550170984753,2112,2138.0,52,0.1922348484848484,0.2218105850557329,0.059151473141768995,0.509469696969697,0.5155943678933512,0.012249341847308526,0.0004301554084545,0.00046733106942465003,7.435132194030005e-05,1.1245346943064218,1.1636521219171527,0.07823485522146179,-0.3227597776394967,-0.2627966922447931,0.1199261707894072,0.2653977641997224,0.3034305670486199,0.07606560569779514,1.3376480979053091,1.4088349913791411,0.14237378694766423
0.25,0.1793201620299602,89620,382431,4229,47080,472051,0.9019623203913176,0.1898523676467161,0.9549382518726892,0.1096130250447602,0.5322756384587246,0.3167344053719738,1.0587340848766142,0.0005081865223845,0.0001269211435594,2104,5.767027879983021,0.1872623574144486,0.5137832699619772,0.0005005689524059,0.0005005689524059,0.0001515899901104,1.201995923805577,-0.215080927790368,0.0,0.2653977641997224,1.4800218848529734,0.2552714502657555,130607,357411,3870,34912,488018,0.9263819286256644,0.2676274235786385,0.971221844627706,0.088987900276048,0.530104872451877,0.4196242540100724,1.0484032714979272,0.0004583188229745,0.0004181969682323,2156,5.893405264626547,0.2671614100185528,0.5255102040816326,0.0004457647717311,0.0004457647717311,0.0003775183412961,1.123765708055416,-0.3008867938845568,0.0,0.3414633698975175,1.3376480979053091,BTCUSDT,SUBE,v4_52_balanceado,52,0.1898523676467161,0.2287398956126773,0.07777505593192241,0.9549382518726892,0.9630800482501976,0.016283592755016785,0.3167344053719738,0.36817932969102307,0.10288984863809864,1.0484032714979272,1.0535686781872706,0.01033081337868702,2104,2130.0,52,0.1872623574144486,0.2272118837165007,0.07989905260410421,0.5137832699619772,0.519646737021805,0.011726934119655419,0.0004457647717311,0.0004731668620685,5.4804180674799976e-05,1.123765708055416,1.1628808159304964,0.07823021575016109,-0.3008867938845568,-0.2579838608374624,0.0858058660941888,0.2653977641997224,0.3034305670486199,0.07606560569779514,1.3376480979053091,1.4088349913791411,0.14237378694766423
0.26,0.1793201620299602,88567,374637,5282,54874,463204,0.8850580862121675,0.1912051709398019,0.9437181003526942,0.1277592424873868,0.5357386714200405,0.3179841056416534,1.0662781517443418,0.0005042058821348,0.0001218343130311,2088,5.723172154659957,0.1934865900383141,0.5033524904214559,0.0005016126896542,0.0005016126896542,2.739535745488464e-05,1.1973688188045817,-0.2028336068500904,0.0,0.2653977641997224,1.4800218848529734,0.2552714502657555,129856,350513,4621,41810,480369,0.9118621867881548,0.2703255205893802,0.965637246517992,0.1065703514705994,0.5361037989942957,0.4224017070941341,1.0589727927190935,0.0004694261253526,0.0004420296907896,2149,5.874270831949188,0.2587249883666822,0.5332712889716147,0.0004544739086525,0.0004544739086525,0.0005151334081467,1.1284173136993698,-0.29724411107621,0.0,0.3414633698975175,1.3376480979053091,BTCUSDT,SUBE,v4_52_balanceado,52,0.1912051709398019,0.23076534576459107,0.07912034964957829,0.9437181003526942,0.954677673435343,0.021919146165297776,0.3179841056416534,0.37019290636789376,0.10441760145248069,1.0589727927190935,1.0626254722317177,0.007305359025248315,2088,2118.5,61,0.1934865900383141,0.22610578920249813,0.06523839832836809,0.5033524904214559,0.5183118896965353,0.029918798550158776,0.0004544739086525,0.00047804329915335,4.713878100170001e-05,1.1284173136993698,1.1628930662519759,0.06895150510521186,-0.29724411107621,-0.2500388589631502,0.09441050422611963,0.2653977641997224,0.3034305670486199,0.07606560569779514,1.3376480979053091,1.4088349913791411,0.14237378694766423
0.27,0.1793201620299602,87458,366297,6391,63214,453755,0.8670035921736472,0.1927427796938876,0.9319012456179608,0.1471766730072105,0.5395389593125857,0.3194206032096186,1.074852808027715,0.0005009359280615,0.0001160450733801,2076,5.690280360667658,0.1893063583815029,0.5086705202312138,0.0004964977069857,0.0004964977069857,7.70475535176729e-05,1.196148871034555,-0.2015653306057115,0.0,0.2653977641997224,1.4800218848529734,0.2552714502657555,128864,343421,5613,48902,472285,0.8965167046317388,0.2728521972961241,0.9582605203863858,0.1246472931742467,0.5414539067803162,0.4247596256851945,1.068870792296067,0.0004763917621992,0.000456791695728,2136,5.838735456976949,0.2551498127340824,0.5299625468164794,0.0004293980101001,0.0004293980101001,0.0004263389842652,1.125107534685603,-0.3054302080443223,0.0,0.3414633698975175,1.3376480979053091,BTCUSDT,SUBE,v4_52_balanceado,52,0.1927427796938876,0.23279748849500584,0.0801094176022365,0.9319012456179608,0.9450808830021733,0.026359274768424923,0.3194206032096186,0.3720901144474066,0.10533902247557586,1.068870792296067,1.0718618001618911,0.005982015731648138,2076,2106.0,60,0.1893063583815029,0.22222808555779264,0.06584345435257949,0.5086705202312138,0.5193165335238465,0.021292026585265522,0.0004293980101001,0.0004629478585429,6.709969688559994e-05,1.125107534685603,1.160628202860079,0.07104133634895193,-0.3054302080443223,-0.2534977693250169,0.10386487743861081,0.2653977641997224,0.3034305670486199,0.07606560569779514,1.3376480979053091,1.4088349913791411,0.14237378694766423
0.28,0.1793201620299602,86199,357092,7650,72419,443291,0.8470097065117701,0.194452402597842,0.9184860787008918,0.1686080216804691,0.5435470501906805,0.3209554306139926,1.0843867214739271,0.0004998881676651,0.0001090269317036,2062,5.651906601009976,0.1842870999030068,0.5053346265761397,0.0004804814871405,0.0004804814871405,6.044383899417305e-05,1.1870210631940707,-0.2015653306057114,0.0,0.2653977641997224,1.4800218848529734,0.2552714502657555,127620,336054,6857,56269,463674,0.8801708428246013,0.275236480803323,0.9490098678584442,0.143425187919138,0.5462175278887911,0.426714993371239,1.0782109809647047,0.0004782543243993,0.0004630385022592,2125,5.808667062769671,0.2621176470588235,0.5261176470588236,0.0004370666012731,0.0004370666012731,0.00043252468651,1.1226618476136172,-0.3141893783289087,0.0,0.3414633698975175,1.3376480979053091,BTCUSDT,SUBE,v4_52_balanceado,52,0.194452402597842,0.2348444417005825,0.08078407820548103,0.9184860787008918,0.9337479732796681,0.030523789157552383,0.3209554306139926,0.3738352119926158,0.1057595627572464,1.0782109809647047,1.0812988512193158,0.006175740509222427,2062,2093.5,63,0.1842870999030068,0.22320237348091515,0.07783054715581672,0.5053346265761397,0.5157261368174817,0.020783020482683878,0.0004370666012731,0.0004587740442068,4.3414885867400026e-05,1.1226618476136172,1.154841455403844,0.06435921558045354,-0.3141893783289087,-0.2578773544673101,0.11262404772319728,0.2653977641997224,0.3034305670486199,0.07606560569779514,1.3376480979053091,1.4088349913791411,0.14237378694766423
0.29,0.1793201620299602,84728,346897,9121,82614,431625,0.8247191225924794,0.1963000289603243,0.9028119638994556,0.1923443171420522,0.5475781405207538,0.322482177995486,1.094690227457675,0.0005021226451249,0.0001043878162021,2041,5.594345961523453,0.1881430671239588,0.4982851543361097,0.0004953632421732,0.0004953632421732,-8.947665106839864e-06,1.1867445763957531,-0.2062402808707668,0.0,0.2653977641997224,1.4800218848529734,0.2552714502657555,126101,328148,8376,64175,454249,0.862279802581625,0.2776032528415032,0.9377142559694224,0.1635769506248677,0.550645603297145,0.4283860403651273,1.087482570230626,0.0004774461208414,0.0004653897197224,2120,5.794999610857272,0.2627358490566038,0.5174528301886793,0.0004583112575844,0.0004583112575844,0.0003555663360711,1.1296212599731277,-0.3086925016539641,0.0,0.3414633698975175,1.3376480979053091,BTCUSDT,SUBE,v4_52_balanceado,52,0.1963000289603243,0.23695164090091375,0.08130322388117892,0.9028119638994556,0.9202631099344389,0.034902292069966756,0.322482177995486,0.3754341091803066,0.10590386236964128,1.087482570230626,1.0910863988441504,0.007207657227049191,2041,2080.5,79,0.1881430671239588,0.22543945809028132,0.07459278193264499,0.4982851543361097,0.5078689922623945,0.019167675852569566,0.0004583112575844,0.00047683724987879997,3.70519845888e-05,1.1296212599731277,1.1581829181844405,0.05712331642262547,-0.3086925016539641,-0.2574663912623655,0.10245222078319732,0.2653977641997224,0.3034305670486199,0.07606560569779514,1.3376480979053091,1.4088349913791411,0.14237378694766423
0.3,0.1793201620299602,83102,336344,10747,93167,419446,0.8014483338428615,0.1981232387482536,0.8854862598429392,0.2169141186139586,0.5512001892284489,0.3237982057101667,1.1048575715381734,0.0005085529399233,0.0001070831426027,2013,5.51759844220809,0.1882762046696472,0.5027322404371585,0.0004819388079656,0.0004819388079656,3.302145356665065e-05,1.1796520815189295,-0.2127423334158803,0.0,0.2653977641997224,1.4800218848529734,0.2552714502657555,124205,319677,10272,72646,443882,0.8426006074411542,0.2798153563334399,0.9236151907017556,0.1851688532153353,0.5543920219585455,0.4295083157692713,1.0961482611632931,0.0004701158902445,0.0004652832049104,2107,5.7594642358850345,0.2619838633127669,0.521594684385382,0.0004530841695521,0.0004530841695521,0.0004204043451694,1.1301762680033332,-0.2953002153923704,0.0,0.3414633698975175,1.3376480979053091,BTCUSDT,SUBE,v4_52_balanceado,52,0.1981232387482536,0.23896929754084675,0.0816921175851863,0.8854862598429392,0.9045507252723474,0.03812893085881641,0.3237982057101667,0.376653260739719,0.10571011005910458,1.0961482611632931,1.1005029163507332,0.008709310374880319,2013,2060.0,94,0.1882762046696472,0.22513003399120707,0.0737076586431197,0.5027322404371585,0.5121634624112703,0.018862443948223562,0.0004530841695521,0.00046751148875885,2.8854638413499994e-05,1.1301762680033332,1.1549141747611313,0.04947581351559638,-0.2953002153923704,-0.25402127440412536,0.08255788197649008,0.2653977641997224,0.3034305670486199,0.07606560569779514,1.3376480979053091,1.4088349913791411,0.14237378694766423
0.31,0.1793201620299602,81366,324718,12483,104793,406084,0.7759171507184347,0.2003674116685218,0.8669884601860436,0.243982109887756,0.5554852850368999,0.3255076180208148,1.1173724660980675,0.0005178016200678,0.0001098487173711,1989,5.451814854223493,0.1870286576168929,0.5067873303167421,0.0004862112167157,0.0004862112167157,7.612460510375563e-05,1.1830447621725282,-0.2065513095072927,0.0,0.2653977641997224,1.4800218848529734,0.2552714502657555,122091,310751,12386,81572,432842,0.8216438876233865,0.2820682835769172,0.9078950303769416,0.207920514474043,0.5579077724254924,0.4304139293765941,1.104973874999591,0.0004658587754172,0.0004635373905492,2090,5.712994899382877,0.2631578947368421,0.5200956937799043,0.0004620009373892,0.0004620009373892,0.0003760278623754,1.130553367538633,-0.3200901914678096,0.0,0.3414633698975175,1.3376480979053091,BTCUSDT,SUBE,v4_52_balanceado,52,0.2003674116685218,0.2412178476227195,0.08170087190839542,0.8669884601860436,0.8874417452814927,0.04090657019089805,0.3255076180208148,0.37796077369870446,0.10490631135577932,1.104973874999591,1.1111731705488292,0.012398591098476519,1989,2039.5,101,0.1870286576168929,0.2250932761768675,0.07612923711994918,0.5067873303167421,0.5134415120483231,0.01330836346316222,0.0004620009373892,0.00047410607705245,2.421027932649996e-05,1.130553367538633,1.1567990648555806,0.05249139463389518,-0.3200901914678096,-0.26332075048755116,0.1135388819605169,0.2653977641997224,0.3034305670486199,0.07606560569779514,1.3376480979053091,1.4088349913791411,0.14237378694766423
0.32,0.1793201620299602,79564,311791,14285,117720,391355,0.7477739987771324,0.2033039056611005,0.8477874031689203,0.2740791271934828,0.5609332651812016,0.3279610225801931,1.1337481706442645,0.0005326019535245,0.0001186510017401,1967,5.391513231904279,0.1891204880528724,0.5043213014743264,0.0004949830847991,0.0004949830847991,6.364364137456668e-05,1.187883666450374,-0.2094968872546777,0.0,0.2653977641997224,1.4800218848529734,0.2552714502657555,119745,301273,14732,91050,421018,0.7991989369779803,0.2844177683614477,0.8904496679729619,0.2320791796555389,0.5612644238142503,0.4311289930602435,1.1141777432037498,0.0004586511553493,0.0004689825993977,2074,5.6692590532632,0.2632594021215043,0.5192864030858245,0.0004720204128904,0.0004720204128904,0.0004626261466336,1.1335711776538957,-0.3186403828151174,0.0,0.3414633698975175,1.3376480979053091,BTCUSDT,SUBE,v4_52_balanceado,52,0.2033039056611005,0.2438608370112741,0.08111386270034723,0.8477874031689203,0.8691185355709411,0.04266226480404156,0.3279610225801931,0.37954500782021827,0.10316797048005039,1.1141777432037498,1.1239629569240073,0.019570427440514626,1967,2020.5,107,0.1891204880528724,0.22618994508718834,0.07413891406863188,0.5043213014743264,0.5118038522800754,0.01496510161149811,0.0004720204128904,0.00048350174884475,2.296267190869997e-05,1.1335711776538957,1.1607274220521349,0.05431248879647832,-0.3186403828151174,-0.2640686350348975,0.10914349556043973,0.2653977641997224,0.3034305670486199,0.07606560569779514,1.3376480979053091,1.4088349913791411,0.14237378694766423
0.33,0.1793201620299602,77489,298346,16360,131165,375835,0.7181194588810761,0.2061782431120039,0.8256774179799465,0.3053821671621914,0.565529792571069,0.3299622725066215,1.1497772519163592,0.0005460477108189,0.0001222563000862,1935,5.30380178125815,0.1979328165374677,0.5049095607235142,0.0005131728934188,0.0005131728934188,8.534674327798086e-05,1.1910013089958011,-0.2015838303231039,0.0,0.2653977641997224,1.4800218848529734,0.2552714502657555,117069,290978,17408,101345,408047,0.7745766894457099,0.2869007736853843,0.8705503543356856,0.2583203125995671,0.5644353334676264,0.4315716908376403,1.1239046645705992,0.0004484773706432,0.0004743697197198,2055,5.6173227359960825,0.267639902676399,0.5250608272506083,0.000483698090241,0.000483698090241,0.0003930351552816,1.137604171079846,-0.3142344741875154,0.0,0.3414633698975175,1.3376480979053091,BTCUSDT,SUBE,v4_52_balanceado,52,0.2061782431120039,0.2465395083986941,0.08072253057338041,0.8256774179799465,0.8481138861578161,0.04487293635573908,0.3299622725066215,0.3807669816721309,0.10160941833101877,1.1239046645705992,1.136840958243479,0.025872587345759923,1935,1995.0,120,0.1979328165374677,0.23278635960693334,0.06970708613893128,0.5049095607235142,0.5149851939870613,0.02015126652709409,0.000483698090241,0.0004984354918299,2.9474803177799967e-05,1.137604171079846,1.1643027400378236,0.05339713791595524,-0.3142344741875154,-0.25790915225530964,0.11265064386441148,0.2653977641997224,0.3034305670486199,0.07606560569779514,1.3376480979053091,1.4088349913791411,0.14237378694766423
0.34,0.1793201620299602,75331,284121,18518,145390,359452,0.6868159584225008,0.2095717926176513,0.8026830333834137,0.3385012258126101,0.570592129598012,0.3323663526001487,1.1687017803532695,0.0005707680390746,0.0001428660365958,1904,5.218831313444711,0.2027310924369748,0.5126050420168067,0.0005100677216667,0.0005100677216667,0.0001418457223212,1.184192620240228,-0.2086990277314693,0.0,0.2653977641997224,1.4800218848529734,0.2552714502657555,113998,280280,20479,112043,394278,0.7484396355353076,0.2891310192300864,0.8477137354343122,0.2855886603640368,0.5666511978991745,0.4311940312621157,1.1326414251538146,0.0004309608568858,0.0004674950398961,2034,5.559919437964005,0.275811209439528,0.5353982300884956,0.0004995100544174,0.0004995100544174,0.0004950876114176,1.1407870853030833,-0.3000305481518686,0.0,0.3414633698975175,1.3376480979053091,BTCUSDT,SUBE,v4_52_balanceado,52,0.2095717926176513,0.24935140592386884,0.07955922661243509,0.8026830333834137,0.825198384408863,0.04503070205089843,0.3323663526001487,0.3817801919311322,0.09882767866196701,1.1326414251538146,1.1506716027535422,0.03606035519945494,1904,1969.0,130,0.2027310924369748,0.2392711509382514,0.07308011700255324,0.5126050420168067,0.5240016360526512,0.022793188071688952,0.0004995100544174,0.00050478888804205,1.055766724929999e-05,1.1407870853030833,1.1624898527716556,0.04340553493714472,-0.3000305481518686,-0.25436478794166895,0.09133152042039927,0.2653977641997224,0.3034305670486199,0.07606560569779514,1.3376480979053091,1.4088349913791411,0.14237378694766423
0.35,0.1793201620299602,73107,269674,20742,159837,342781,0.6549621675328645,0.2132761150705552,0.7789853914266535,0.3721371513185925,0.575561271372623,0.3348693401736023,1.1893593707266543,0.0005961087076332,0.0001606737537607,1864,5.10919200013705,0.1968884120171674,0.5160944206008584,0.0005004760512234,0.0005004760512234,0.000189854645498,1.1825879715578291,-0.2149720587571477,0.0,0.2653977641997224,1.4800218848529734,0.2552714502657555,110932,269243,23545,123080,380175,0.7216685649202733,0.2917919379233248,0.8249142976122311,0.313721092059349,0.5693176948357901,0.4310951866503968,1.1430653040892311,0.0004220356161478,0.0004694394274122,2009,5.491582178402009,0.2722747635639622,0.5306122448979592,0.0004874803177857,0.0004874803177857,0.0005328767145624,1.1337676100530256,-0.3011777218636093,0.0,0.3414633698975175,1.3376480979053091,BTCUSDT,SUBE,v4_52_balanceado,52,0.2132761150705552,0.25253402649694,0.07851582285276962,0.7789853914266535,0.8019498445194423,0.045928906185577656,0.3348693401736023,0.3829822634119996,0.0962258464767945,1.1430653040892311,1.1662123374079427,0.04629406663742319,1864,1936.5,145,0.1968884120171674,0.2345815877905648,0.0753863515467948,0.5160944206008584,0.5233533327494089,0.014517824297100801,0.0004874803177857,0.00049397818450455,1.2995733437700025e-05,1.1337676100530256,1.1581777908054274,0.04882036150480351,-0.3011777218636093,-0.2580748903103785,0.0862056631064616,0.2653977641997224,0.3034305670486199,0.07606560569779514,1.3376480979053091,1.4088349913791411,0.14237378694766423
0.36,0.1793201620299602,70734,254867,23115,174644,325601,0.6221358147355549,0.2172413475388589,0.7537000927021066,0.4066112392930565,0.5801556659975815,0.3372702348313267,1.2114719565252394,0.000617361480837,0.000181494057527,1840,5.043408412152452,0.1978260869565217,0.5163043478260869,0.0005055313542358,0.0005055313542358,0.0001859917651289,1.185405233094364,-0.2148440659795263,0.0,0.2653977641997224,1.4800218848529734,0.2552714502657555,107775,257736,26702,134587,365511,0.6938325740318907,0.2948611669689831,0.8014381641470288,0.3430515162251512,0.57224484018609,0.4311103466483195,1.1550886973925676,0.0004196081177142,0.0004761309613112,1992,5.445112841899852,0.2735943775100402,0.5215863453815262,0.0004762653978921,0.0004762653978921,0.0004422021132777,1.1285857452026742,-0.3401244819572164,0.0,0.3414633698975175,1.3376480979053091,BTCUSDT,SUBE,v4_52_balanceado,52,0.2172413475388589,0.256051257253921,0.07761981943012422,0.7537000927021066,0.7775691284245677,0.04773807144492226,0.3372702348313267,0.3841902907398231,0.09384011181699281,1.1550886973925676,1.1832803269589034,0.05638325913267184,1840,1916.0,152,0.1978260869565217,0.23571023223328094,0.07576829055351847,0.5163043478260869,0.5189453466038065,0.005281997555439233,0.0004762653978921,0.00049089837606395,2.926595634370003e-05,1.1285857452026742,1.1569954891485192,0.05681948789168989,-0.3401244819572164,-0.27748427396837133,0.1252804159776901,0.2653977641997224,0.3034305670486199,0.07606560569779514,1.3376480979053091,1.4088349913791411,0.14237378694766423
0.37,0.1793201620299602,68201,239545,25648,189966,307746,0.5880197187404463,0.2216145782560943,0.7267099276497352,0.442284365243265,0.5844971464465001,0.3396506430607951,1.235859792604178,0.000638367854434,0.0002075071723781,1812,4.966660892837089,0.2025386313465783,0.5182119205298014,0.0005244097835726,0.0005244097835726,0.0002733274136162,1.1905641389169292,-0.2141009861771066,0.0,0.2653977641997224,1.4800218848529734,0.2552714502657555,104430,246298,30047,146025,350728,0.6657706909643129,0.2977521041947036,0.7765640221004335,0.3722060649006048,0.5743850435005192,0.4304572294184932,1.166413650585378,0.0004104346315156,0.0004748512911644,1972,5.390443034250255,0.2723123732251521,0.5177484787018256,0.0004315737800259,0.0004315737800259,0.0003231617597222,1.1168399903111297,-0.3366227402824365,0.0,0.3414633698975175,1.3376480979053091,BTCUSDT,SUBE,v4_52_balanceado,52,0.2216145782560943,0.25968334122539893,0.07613752593860931,0.7267099276497352,0.7516369748750844,0.04985409445069833,0.3396506430607951,0.3850539362396441,0.09080658635769806,1.166413650585378,1.2011367215947781,0.06944614201880017,1812,1892.0,160,0.2025386313465783,0.2374255022858652,0.06977374187857383,0.5177484787018256,0.5179801996158135,0.0004634418279757524,0.0004315737800259,0.00047799178179925,9.283600354670005e-05,1.1168399903111297,1.1537020646140295,0.07372414860579957,-0.3366227402824365,-0.2753618632297715,0.1225217541053299,0.2653977641997224,0.3034305670486199,0.07606560569779514,1.3376480979053091,1.4088349913791411,0.14237378694766423
0.38,0.1793201620299602,65453,223757,28396,205754,289210,0.5526024151635586,0.2263165174094948,0.6974288484693497,0.4790424459443413,0.5882356472068455,0.3417384789288334,1.262080709985543,0.0006694608341983,0.000234793062511,1768,4.84605764819866,0.1968325791855203,0.5130090497737556,0.000525367075049,0.000525367075049,0.0001875401452441,1.193220904412456,-0.2026789149124291,0.0,0.2653977641997224,1.4800218848529734,0.2552714502657555,100832,235128,33645,157195,335960,0.6377372817008352,0.3001309679723776,0.7498085174416443,0.4006775029758643,0.5752430102087543,0.4286737650312369,1.1757326080136272,0.0003938751323005,0.0004598700114205,1937,5.29477087086346,0.2731027361899845,0.5193598347960764,0.0004317400259633,0.0004317400259633,0.0003205484814261,1.1146819388320142,-0.3637777154665944,0.0,0.3414633698975175,1.3376480979053091,BTCUSDT,SUBE,v4_52_balanceado,52,0.2263165174094948,0.2632237426909362,0.0738144505628828,0.6974288484693497,0.723618682955497,0.052379668972294624,0.3417384789288334,0.3852061219800351,0.08693528610240348,1.1757326080136272,1.2189066589995852,0.08634810197191567,1768,1852.5,169,0.1968325791855203,0.2349676576877524,0.07627015700446418,0.5130090497737556,0.516184442284916,0.006350785022320782,0.0004317400259633,0.00047855355050615,9.362704908570001e-05,1.1146819388320142,1.153951421622235,0.07853896558044182,-0.3637777154665944,-0.28322831518951175,0.16109880055416528,0.2653977641997224,0.3034305670486199,0.07606560569779514,1.3376480979053091,1.4088349913791411,0.14237378694766423
0.39,0.1793201620299602,62521,207613,31328,221898,270134,0.5161533170284317,0.2314443942635877,0.6661871730119661,0.5166293761975829,0.5914082746047744,0.3435380223801662,1.290676919112524,0.0007214111415741,0.0002696775305637,1739,4.766569146050606,0.2035652673950546,0.5129384703852788,0.0005344551597263,0.0005344551597263,0.0001576227175814,1.1923110432861173,-0.2081293339096634,0.0,0.2653977641997224,1.4800218848529734,0.2552714502657555,97267,223692,37210,168631,320959,0.6092615793470008,0.3030511685293137,0.7232984079061847,0.429826953811018,0.5765626808586013,0.4271379513257625,1.1871721973366631,0.0003876056280667,0.0004580521968364,1918,5.242834553596343,0.2732012513034411,0.52711157455683,0.0004695887402416,0.0004695887402416,0.0005027524938416,1.1260353546258786,-0.3235988274660177,0.0,0.3414633698975175,1.3376480979053091,BTCUSDT,SUBE,v4_52_balanceado,52,0.2314443942635877,0.26724778139645067,0.07160677426572598,0.6661871730119661,0.6947427904590754,0.057111234894218654,0.3435380223801662,0.38533798685296433,0.08359992894559631,1.1871721973366631,1.2389245582245936,0.1035047217758609,1739,1828.5,179,0.2035652673950546,0.23838325934924784,0.06963598390838649,0.5129384703852788,0.5200250224710544,0.014173104171551154,0.0004695887402416,0.00050202194998395,6.486641948469997e-05,1.1260353546258786,1.159173198955998,0.0662756886602387,-0.3235988274660177,-0.26586408068784056,0.1154694935563543,0.2653977641997224,0.3034305670486199,0.07606560569779514,1.3376480979053091,1.4088349913791411,0.14237378694766423
0.4,0.1793201620299602,59407,191557,34442,237954,250964,0.4795246102109446,0.2367152260882039,0.6330062121066821,0.5540114222918622,0.5935088171992722,0.3445751755299249,1.3200703334667645,0.000782940485514,0.0003160053913997,1694,4.643224918579485,0.2131050767414403,0.51357733175915,0.0005610462261886,0.0005610462261886,0.0002100179105219,1.196419941485718,-0.2002771496809573,0.0,0.2653977641997224,1.4800218848529734,0.2552714502657555,93717,212141,40760,180182,305858,0.5805960516324981,0.3064068947027705,0.6968998416086022,0.4592695304634192,0.5780846860360107,0.4256622798551102,1.200317914062773,0.0003994741966343,0.0004821439732437,1886,5.155362861356989,0.2757158006362672,0.5222693531283139,0.0004466709577817,0.0004466709577817,0.0003928858201566,1.118962409677534,-0.3636086471143778,0.0,0.3414633698975175,1.3376480979053091,BTCUSDT,SUBE,v4_52_balanceado,52,0.2367152260882039,0.2715610603954872,0.0696916686145666,0.6330062121066821,0.6649530268576421,0.06389362950192012,0.3445751755299249,0.38511872769251754,0.08108710432518529,1.200317914062773,1.260194123764769,0.1197524194039914,1694,1790.0,192,0.2131050767414403,0.24441043868885376,0.06261072389482691,0.51357733175915,0.517923342443732,0.008692021369163916,0.0004466709577817,0.00050385859198515,0.0001143752684069,1.118962409677534,1.157691175581626,0.07745753180818404,-0.3636086471143778,-0.28194289839766756,0.16333149743342049,0.2653977641997224,0.3034305670486199,0.07606560569779514,1.3376480979053091,1.4088349913791411,0.14237378694766423
0.41,0.1793201620299602,56199,175703,37650,253808,231902,0.4431022623051054,0.2423394364861019,0.5988236422338011,0.5909231661121601,0.5948734041729806,0.3450426859779402,1.351434405048176,0.0008551695403512,0.0003742978501493,1655,4.536326588104515,0.2265861027190332,0.5105740181268882,0.000584186122127,0.000584186122127,0.0002038307905027,1.1982430977001304,-0.1919695697355393,0.0,0.2653977641997224,1.4800218848529734,0.2552714502657555,90114,200396,44363,191927,290510,0.5514616552771451,0.3101924202264982,0.6701071558705206,0.4892065976249162,0.5796568767477184,0.424078854176716,1.215147326125057,0.0004206328835949,0.0005186226489606,1861,5.087025601794992,0.276732939279957,0.5249865663621709,0.0004416883856342,0.0004416883856342,0.000408286338299,1.1169144725778577,-0.3833493423631096,0.0,0.3414633698975175,1.3376480979053091,BTCUSDT,SUBE,v4_52_balanceado,52,0.2423394364861019,0.27626592835630004,0.06785298374039628,0.5988236422338011,0.6344653990521609,0.07128351363671948,0.3450426859779402,0.3845607700773281,0.07903616819877579,1.215147326125057,1.2832908655866164,0.13628707892311898,1655,1758.0,206,0.2265861027190332,0.2516595209994951,0.05014683656092381,0.5105740181268882,0.5177802922445296,0.014412548235282707,0.0004416883856342,0.0005129372538806,0.00014249773649280002,1.1169144725778577,1.157578785138994,0.08132862512227268,-0.3833493423631096,-0.2876594560493244,0.19137977262757028,0.2653977641997224,0.3034305670486199,0.07606560569779514,1.3376480979053091,1.4088349913791411,0.14237378694766423
0.42,0.1793201620299602,52810,160648,41039,268863,213458,0.407860745949251,0.2474022992813574,0.5627124423275688,0.6259746548982448,0.5943435486129067,0.3436953925553274,1.379668055620105,0.0009130896992898,0.0004135277628457,1621,4.4431331717930025,0.2208513263417643,0.5181986428130784,0.000561369909744,0.000561369909744,0.0002282445802119,1.1904584539246996,-0.2073588206335929,0.0,0.2653977641997224,1.4800218848529734,0.2552714502657555,86543,188496,47934,203827,275039,0.5220937737281701,0.314657194070659,0.6435524290399102,0.5195387474096599,0.5815455882247851,0.422659920491507,1.2326376245486084,0.0004590011416782,0.0005777167729879,1825,4.988619948025717,0.2843835616438356,0.5276712328767124,0.0004579342993656,0.0004579342993656,0.0003780523761978,1.11930915787184,-0.408212952884729,0.0,0.3414633698975175,1.3376480979053091,BTCUSDT,SUBE,v4_52_balanceado,52,0.2474022992813574,0.2810297466760082,0.0672548947893016,0.5627124423275688,0.6031324356837395,0.08083998671234138,0.3436953925553274,0.3831776565234172,0.07896452793617964,1.2326376245486084,1.3061528400843567,0.14703043107149671,1621,1723.0,204,0.2208513263417643,0.25261744399279995,0.0635322353020713,0.5181986428130784,0.5229349378448953,0.00947259006363399,0.0004579342993656,0.0005096521045548,0.00010343561037840003,1.11930915787184,1.1548838058982698,0.07114929605285969,-0.408212952884729,-0.30778588675916096,0.20085413225113607,0.2653977641997224,0.3034305670486199,0.07606560569779514,1.3376480979053091,1.4088349913791411,0.14237378694766423
0.43,0.1793201620299602,49377,146003,44472,283508,195380,0.373318557016203,0.2527228989661173,0.5261324041811847,0.660071569761892,0.5931019869715384,0.3414387907160071,1.409339006307016,0.0009784765171051,0.0004615099533377,1574,4.3143069786565,0.229987293519695,0.5127064803049556,0.0005574752624361,0.0005574752624361,0.0001947054081893,1.1872365597480627,-0.2154567437430488,0.0,0.2653977641997224,1.4800218848529734,0.2552714502657555,82801,177046,51676,215277,259847,0.4932555049354594,0.3186528995909131,0.6157261092975007,0.5487238831269133,0.582224996212207,0.4199642933222426,1.2482903954170086,0.0004975196520832,0.0006374919980083,1790,4.892947784638923,0.2843575418994413,0.5262569832402234,0.0004821194753905,0.0004821194753905,0.0004195100364318,1.1262364424962934,-0.3785440188660708,0.0,0.3414633698975175,1.3376480979053091,BTCUSDT,SUBE,v4_52_balanceado,52,0.2527228989661173,0.28568789927851523,0.06593000062479576,0.5261324041811847,0.5709292567393427,0.08959370511631604,0.3414387907160071,0.38070154201912487,0.07852550260623553,1.2482903954170086,1.3288147008620124,0.16104861089000733,1574,1682.0,216,0.229987293519695,0.2571724177095681,0.0543702483797463,0.5127064803049556,0.5194817317725895,0.013550502935267827,0.0004821194753905,0.0005197973689133,7.535578704559996e-05,1.1262364424962934,1.156736501122178,0.06100011725176935,-0.3785440188660708,-0.2970003813045598,0.163087275123022,0.2653977641997224,0.3034305670486199,0.07606560569779514,1.3376480979053091,1.4088349913791411,0.14237378694766423
0.44,0.1793201620299602,45825,131911,48024,297600,177736,0.339605625191073,0.2578262141603277,0.4882843717034811,0.6928809739447884,0.5905826728241348,0.3374634092457241,1.4377982444453228,0.0010362614186098,0.0005016615823582,1527,4.185480785519997,0.2278978388998035,0.5121152586771447,0.0005376382484701,0.0005376382484701,0.0002020491583876,1.177876744529051,-0.2217829479914951,0.0,0.2653977641997224,1.4800218848529734,0.2552714502657555,79025,165626,55452,226697,244651,0.4644096431283219,0.3230111464903066,0.5876469582159031,0.5778325512396674,0.5827397547277853,0.4168776771960921,1.2653633853454014,0.0005401168475745,0.0007075443985697,1761,4.813676563547007,0.2867688813174333,0.5292447473026689,0.0004620495878764,0.0004620495878764,0.0004378722003728,1.1171592703103497,-0.3882821545125191,0.0,0.3414633698975175,1.3376480979053091,BTCUSDT,SUBE,v4_52_balanceado,52,0.2578262141603277,0.29041868032531715,0.0651849323299789,0.4882843717034811,0.5379656649596921,0.09936258651242197,0.3374634092457241,0.3771705432209081,0.07941426795036799,1.2653633853454014,1.351580814895362,0.1724348590999214,1527,1644.0,234,0.2278978388998035,0.2573333601086184,0.058871042417629776,0.5121152586771447,0.5206800029899068,0.017129488625524214,0.0004620495878764,0.0004998439181732499,7.558866059369999e-05,1.1171592703103497,1.1475180074197002,0.06071747421870133,-0.3882821545125191,-0.30503255125200707,0.16649920652102398,0.2653977641997224,0.3034305670486199,0.07606560569779514,1.3376480979053091,1.4088349913791411,0.14237378694766423
0.45,0.1793201620299602,42432,118530,51417,310981,160962,0.3075550290431061,0.2636150147239721,0.4521305501390532,0.7240350072524335,0.5880827786957433,0.3330468464862192,1.4700801724678798,0.0011094541808471,0.0005522135399983,1479,4.053913609550802,0.2346179851250845,0.5104800540906017,0.0005958084095565,0.0005958084095565,0.0002057968721003,1.1953234235013062,-0.2017981085340667,0.0,0.2653977641997224,1.4800218848529734,0.2552714502657555,75159,154812,59318,237511,229971,0.4365432801822324,0.3268194685416857,0.5588985477070428,0.6053965737415344,0.5821475607242886,0.4124539028887523,1.2802821004912368,0.0005791127569649,0.0007632046175132,1725,4.715270909777733,0.297391304347826,0.5304347826086957,0.0004843407119588,0.0004843407119588,0.0005037782616139,1.1219653802993177,-0.3199559531657708,0.0,0.3414633698975175,1.3376480979053091,BTCUSDT,SUBE,v4_52_balanceado,52,0.2636150147239721,0.2952172416328289,0.06320445381771361,0.4521305501390532,0.505514548923048,0.10676799756798966,0.3330468464862192,0.37275037468748573,0.0794070564025331,1.2802821004912368,1.3751811364795583,0.189798071976643,1479,1602.0,246,0.2346179851250845,0.26600464473645524,0.06277331922274151,0.5104800540906017,0.5204574183496486,0.01995472851809399,0.0004843407119588,0.00054007456075765,0.0001114676975977,1.1219653802993177,1.158644401900312,0.07335804320198847,-0.3199559531657708,-0.26087703084991876,0.11815784463170409,0.2653977641997224,0.3034305670486199,0.07606560569779514,1.3376480979053091,1.4088349913791411,0.14237378694766423
0.46,0.1793201620299602,38944,106063,54905,323448,145007,0.2770693213084683,0.2685663450729965,0.4149644641924794,0.7530610391817671,0.5840127516871233,0.32608768463007,1.4976918492195277,0.0011645830864893,0.0005844152037355,1425,3.905900536585458,0.2357894736842105,0.5185964912280702,0.0006475499587711,0.0006475499587711,0.0002361485935504,1.20922783751498,-0.1949598176098526,0.0,0.2653977641997224,1.4800218848529734,0.2552714502657555,71288,144361,63189,247962,215649,0.4093564920273349,0.3305742201447723,0.5301129561188902,0.6320353382289593,0.5810741471739247,0.407213403174857,1.2949909588425237,0.0006245084704363,0.000819143501666,1695,4.633266198303338,0.295575221238938,0.5227138643067847,0.0005005103734442,0.0005005103734442,0.0004749103108245,1.12607641865598,-0.3321173972235229,0.0,0.3414633698975175,1.3376480979053091,BTCUSDT,SUBE,v4_52_balanceado,52,0.2685663450729965,0.2995702826088844,0.0620078750717758,0.4149644641924794,0.4725387101556848,0.1151484919264108,0.32608768463007,0.3666505439024635,0.081125718544787,1.2949909588425237,1.3963414040310256,0.202700890377004,1425,1560.0,270,0.2357894736842105,0.26568234746157426,0.059785747554727486,0.5185964912280702,0.5206551777674274,0.004117373078714515,0.0005005103734442,0.00057403016610765,0.00014703958532690008,1.12607641865598,1.16765212808548,0.08315141885900013,-0.3321173972235229,-0.2635386074166878,0.1371575796136703,0.2653977641997224,0.3034305670486199,0.07606560569779514,1.3376480979053091,1.4088349913791411,0.14237378694766423
0.47,0.1793201620299602,35596,94569,58253,334942,130165,0.2487102568022011,0.2734682902469942,0.3792901362827521,0.7798217042171214,0.5795559202499367,0.3178015659735552,1.5250281237271242,0.0012222101582724,0.0006005175037162,1385,3.7962612232777966,0.2447653429602888,0.5205776173285198,0.0008012162864316,0.0008012162864316,0.0002840582304577,1.2620909170010346,-0.1725357757440451,0.0,0.2653977641997224,1.4800218848529734,0.2552714502657555,67586,134316,66891,258007,201902,0.3832611996962794,0.3347465602123802,0.5025840850108197,0.657639241135493,0.5801116630731564,0.4018443481905826,1.3113356776242922,0.000683014515532,0.0008839951927835,1662,4.543061015681503,0.286401925391095,0.5204572803850782,0.0004801626170644,0.0004801626170644,0.0003618698261558,1.1216476374512354,-0.3435412622745839,0.0,0.3414633698975175,1.3376480979053091,BTCUSDT,SUBE,v4_52_balanceado,52,0.2734682902469942,0.3041074252296872,0.06127826996538599,0.3792901362827521,0.4409371106467859,0.12329394872806765,0.3178015659735552,0.3598229570820689,0.08404278221702743,1.3113356776242922,1.4181819006757082,0.213692446102832,1385,1523.5,277,0.2447653429602888,0.26558363417569186,0.0416365824308062,0.5204572803850782,0.520517448856799,0.00012033694344160129,0.0004801626170644,0.000640689451748,0.0003210536693672,1.1216476374512354,1.191869277226135,0.14044327954979918,-0.3435412622745839,-0.2580385190093145,0.17100548653053882,0.2653977641997224,0.3034305670486199,0.07606560569779514,1.3376480979053091,1.4088349913791411,0.14237378694766423
0.48,0.1793201620299602,32363,84201,61486,345310,116564,0.2227224090492204,0.2776414673484094,0.3448411810461486,0.8039607833093914,0.57440098217777,0.3076140732749402,1.5483003372594653,0.001277960465725,0.000624472709767,1344,3.683880927137443,0.2522321428571428,0.5260416666666666,0.0008753968804995,0.0008753968804995,0.0002938572045367,1.289540840492121,-0.2004258308821944,0.0,0.2653977641997224,1.4800218848529734,0.2552714502657555,63844,125053,70633,267270,188897,0.3585744115413819,0.3379831336654367,0.4747577652684102,0.6812498884847434,0.5780038268765768,0.3948616771911162,1.3240146256605372,0.000738943122944,0.0009286145530862,1619,4.425520929234869,0.2791846819024089,0.5138974675725757,0.0004225856658389,0.0004225856658389,0.0003600549562734,1.1044627638901214,-0.3702149551040923,0.0,0.3414633698975175,1.3376480979053091,BTCUSDT,SUBE,v4_52_balanceado,52,0.2776414673484094,0.30781230050692304,0.06034166631702731,0.3448411810461486,0.4097994731572794,0.1299165842222616,0.3076140732749402,0.3512378752330282,0.08724760391617598,1.3240146256605372,1.4361574814600013,0.22428571159892807,1344,1481.5,275,0.2522321428571428,0.2657084123797758,0.026952539045266122,0.5138974675725757,0.5199695671196212,0.012144199094090924,0.0004225856658389,0.0006489912731692,0.0004528112146606,1.1044627638901214,1.1970018021911213,0.18507807660199949,-0.3702149551040923,-0.2853203929931434,0.1697891242218979,0.2653977641997224,0.3034305670486199,0.07606560569779514,1.3376480979053091,1.4088349913791411,0.14237378694766423
0.49,0.1793201620299602,29354,74898,64495,354613,104252,0.1991974931213696,0.2815677397076315,0.3127790386684994,0.8256202984324034,0.5691996685504513,0.2963538800914684,1.57019565742188,0.0013180695355599,0.0006498861898962,1300,3.563277682499015,0.2546153846153846,0.5253846153846153,0.0008638808492762,0.0008638808492762,0.0003980847346222,1.279218991169524,-0.1985701230819541,0.0,0.2653977641997224,1.4800218848529734,0.2552714502657555,60193,116179,74284,276144,176372,0.3347987851176917,0.341284330846166,0.4476081411691218,0.7038690058956523,0.575738573532387,0.3872812844821762,1.3369467305915532,0.000800698904028,0.0009690343072311,1580,4.318914804318156,0.2841772151898734,0.5139240506329114,0.0004256230152534,0.0004256230152534,0.0003340739171711,1.1044292770135098,-0.3517909283561257,0.0,0.3414633698975175,1.3376480979053091,BTCUSDT,SUBE,v4_52_balanceado,52,0.2815677397076315,0.3114260352768987,0.0597165911385345,0.3127790386684994,0.3801935899188106,0.1348291025006224,0.2963538800914684,0.3418175822868223,0.09092740439070779,1.3369467305915532,1.4535711940067166,0.23324892683032683,1300,1440.0,280,0.2546153846153846,0.269396299902629,0.0295618305744888,0.5139240506329114,0.5196543330087633,0.011460564751703983,0.0004256230152534,0.0006447519322648,0.00043825783402279993,1.1044292770135098,1.191824134091517,0.1747897141560142,-0.3517909283561257,-0.2751805257190399,0.1532208052741716,0.2653977641997224,0.3034305670486199,0.07606560569779514,1.3376480979053091,1.4088349913791411,0.14237378694766423
0.5,0.1793201620299602,26604,66266,67245,363245,92870,0.1774495567104861,0.2864649510067836,0.283476648659016,0.8457175718433289,0.5645971102511724,0.2849629657399621,1.5975055329189474,0.001383532758663,0.0006709578127782,1241,3.4015596953702136,0.2586623690572119,0.5197421434327155,0.0008826826457743,0.0008826826457743,0.0002490619229604,1.2830652128769022,-0.1770695875267461,0.0,0.2653977641997224,1.4800218848529734,0.2552714502657555,56589,107750,77888,284573,164339,0.311957099468489,0.3443430956741857,0.4208080192151818,0.7253538538398208,0.5730809365275013,0.3787548190190619,1.3489291313842593,0.0008538046578709,0.0010078179291175,1539,4.206841698636482,0.3001949317738791,0.5094217024041585,0.0003731379658501,0.0003731379658501,0.0002297078676665,1.0898462033625858,-0.3425641483711086,0.0,0.3414633698975175,1.3376480979053091,BTCUSDT,SUBE,v4_52_balanceado,52,0.2864649510067836,0.3154040233404847,0.0578781446674021,0.283476648659016,0.35214233393709893,0.1373313705561658,0.2849629657399621,0.331858892379512,0.09379185327909978,1.3489291313842593,1.4732173321516033,0.24857640153468807,1241,1390.0,298,0.2586623690572119,0.27942865041554554,0.04153256271666722,0.5094217024041585,0.514581922918437,0.010320441028557004,0.0003731379658501,0.0006279103058122,0.0005095446799242001,1.0898462033625858,1.186455708119744,0.19321900951431648,-0.3425641483711086,-0.25981686794892733,0.1654945608443625,0.2653977641997224,0.3034305670486199,0.07606560569779514,1.3376480979053091,1.4088349913791411,0.14237378694766423
0.51,0.1793201620299602,24052,58328,69797,371183,82380,0.1574059920513604,0.2919640689487739,0.2562840307302155,0.8641990542733481,0.5602415425017818,0.2729630197073125,1.628172011689313,0.0014406719995505,0.0006975726218498,1196,3.278215467899094,0.2692307692307692,0.5175585284280937,0.0008519590919624,0.0008519590919624,0.0002156944874387,1.258327480613748,-0.1843202229012913,0.0,0.2653977641997224,1.4800218848529734,0.2552714502657555,53032,99886,81445,292437,152918,0.2902771450265755,0.3468002458834146,0.39435739940659,0.7453985618992514,0.5698779806529206,0.3690530454600811,1.358554767963167,0.0008846210754087,0.0010136611645731,1509,4.124836987162087,0.3055003313452618,0.5049701789264414,0.0004052148056574,0.0004052148056574,0.0002045883552705,1.0974310858728644,-0.3302557560508432,0.0,0.3414633698975175,1.3376480979053091,BTCUSDT,SUBE,v4_52_balanceado,52,0.2919640689487739,0.31938215741609427,0.05483617693464071,0.2562840307302155,0.32532071506840277,0.13807336867637449,0.2729630197073125,0.3210080325836968,0.09609002575276859,1.358554767963167,1.4933633898262402,0.2696172437261459,1196,1352.5,313,0.2692307692307692,0.28736555028801547,0.03626956211449256,0.5049701789264414,0.5112643536772675,0.01258834950165233,0.0004052148056574,0.0006285869488099,0.00044674428630500006,1.0974310858728644,1.1778792832433063,0.16089639474088369,-0.3302557560508432,-0.25728798947606724,0.14593553314955188,0.2653977641997224,0.3034305670486199,0.07606560569779514,1.3376480979053091,1.4088349913791411,0.14237378694766423
0.52,0.1793201620299602,21653,51120,72196,378391,72773,0.139049602568022,0.2975416706745634,0.2307216912273972,0.880980929475613,0.5558513103515051,0.2599056547154637,1.6592761645221523,0.0015215367458467,0.0007524502914315,1143,3.1329433777664417,0.268591426071741,0.5223097112860893,0.0008162187652272,0.0008162187652272,0.0003463555931633,1.241903220285642,-0.2064185220297835,0.0,0.2653977641997224,1.4800218848529734,0.2552714502657555,49659,92307,84818,300016,141966,0.2694874715261959,0.3497950213431385,0.3692750433159574,0.7647168277159382,0.5669959355159477,0.3592711698252442,1.370286496899584,0.0009132890945902,0.0010396296964731,1477,4.037365294922732,0.2999322951929587,0.5104942450914015,0.0003615244966782,0.0003615244966782,0.0003334327874751,1.0859234262093715,-0.3695620792628455,0.0,0.3414633698975175,1.3376480979053091,BTCUSDT,SUBE,v4_52_balanceado,52,0.2975416706745634,0.32366834600885097,0.052253350668575116,0.2307216912273972,0.2999983672716773,0.1385533520885602,0.2599056547154637,0.30958841227035394,0.09936551510978053,1.370286496899584,1.5147813307108682,0.2889896676225683,1143,1310.0,334,0.268591426071741,0.28426186063234987,0.031340869121217696,0.5104942450914015,0.5164019781887454,0.011815466194687763,0.0003615244966782,0.0005888716309527,0.00045469426854900005,1.0859234262093715,1.1639133232475067,0.15597979407627038,-0.3695620792628455,-0.2879903006463145,0.163143557233062,0.2653977641997224,0.3034305670486199,0.07606560569779514,1.3376480979053091,1.4088349913791411,0.14237378694766423
0.53,0.1793201620299602,19396,44601,74453,384910,63997,0.1222810302659737,0.3030767067206275,0.206672420590523,0.8961586548423672,0.5514155377164451,0.2457585241311151,1.6901429448295413,0.001588902737128,0.0008020403258073,1099,3.012340133128013,0.2766151046405823,0.532302092811647,0.000829139477847,0.000829139477847,0.0005413257301845,1.2388286208989296,-0.2051673250107196,0.0,0.2653977641997224,1.4800218848529734,0.2552714502657555,46410,85257,88067,307066,131667,0.2499373576309795,0.3524801203034929,0.3451147779917755,0.7826867147732863,0.563900746382531,0.3487585667909101,1.3808050995774748,0.000944678330755,0.0010753408584152,1437,3.9280256796235378,0.3152400835073068,0.5149617258176757,0.0003850190126381,0.0003850190126381,0.0004219853673057,1.0896847122532825,-0.4107368604448737,0.0,0.3414633698975175,1.3376480979053091,BTCUSDT,SUBE,v4_52_balanceado,52,0.3030767067206275,0.32777841351206016,0.04940341358286543,0.206672420590523,0.2758935992911492,0.1384423574012525,0.2457585241311151,0.2972585454610126,0.10300004265979501,1.3808050995774748,1.5354740222035081,0.30933784525206653,1099,1268.0,338,0.2766151046405823,0.29592759407394453,0.0386249788667245,0.5149617258176757,0.5236319093146613,0.017340366993971235,0.0003850190126381,0.00060707924524255,0.00044412046520890004,1.0896847122532825,1.164256666576106,0.1491439086456472,-0.4107368604448737,-0.30795209272779667,0.20556953543415407,0.2653977641997224,0.3034305670486199,0.07606560569779514,1.3376480979053091,1.4088349913791411,0.14237378694766423
0.54,0.1793201620299602,17466,38786,76383,390725,56252,0.1074824212778966,0.3104956268221574,0.1861074705111402,0.9096973069374242,0.5479023887242822,0.2327232996449057,1.7315154264152448,0.0016957013112371,0.0008765499348309,1066,2.9218876996491923,0.275797373358349,0.5356472795497186,0.0008638773353862,0.0008638773353862,0.0005288289492256,1.2491610007495848,-0.2017587707951184,0.0,0.2653977641997224,1.4800218848529734,0.2552714502657555,43336,78637,91141,313686,121973,0.2315356871678056,0.3552917448943619,0.3222558504428267,0.7995605661661437,0.5609082083044852,0.3379684148956912,1.391819353572357,0.0009682715446677,0.0011139243353217,1403,3.835087006619223,0.3064861012116892,0.5110477548111191,0.0003098642891643,0.0003098642891643,0.0002434496819938,1.0713822010800491,-0.4344149010260705,0.0,0.3414633698975175,1.3376480979053091,BTCUSDT,SUBE,v4_52_balanceado,52,0.3104956268221574,0.3328936858582596,0.04479611807220446,0.1861074705111402,0.25418166047698343,0.13614837993168646,0.2327232996449057,0.28534585727029843,0.10524511525078548,1.391819353572357,1.561667389993801,0.3396960728428877,1066,1234.5,337,0.275797373358349,0.2911417372850191,0.030688727853340203,0.5110477548111191,0.5233475171804188,0.0245995247385995,0.0003098642891643,0.0005868708122752501,0.0005540130462219,1.0713822010800491,1.1602716009148168,0.1777787996695357,-0.4344149010260705,-0.31808683591059445,0.2326561302309521,0.2653977641997224,0.3034305670486199,0.07606560569779514,1.3376480979053091,1.4088349913791411,0.14237378694766423
0.55,0.1793201620299602,15718,33781,78131,395730,49499,0.094579257107918,0.3175417685205762,0.1674818058796577,0.9213500934783976,0.5444159496790276,0.2192984903870301,1.770809065338243,0.0017904594810304,0.0009750019525467,1044,2.8615860773299784,0.2796934865900383,0.5335249042145593,0.0009960599851939,0.0009960599851939,0.0005683444789292,1.292732566374316,-0.1764659028665067,0.0,0.2653977641997224,1.4800218848529734,0.2552714502657555,40471,72469,94006,319854,112940,0.2143887623386484,0.3583407118824154,0.3009510920082988,0.8152823056512108,0.5581166988297548,0.3271480941083272,1.4037633723213372,0.0010012968062678,0.0011514004257185,1362,3.723013900937549,0.3010279001468429,0.5117474302496329,0.000285250524598,0.000285250524598,0.0002580892447882,1.0658404550325191,-0.408359208310165,0.0,0.3414633698975175,1.3376480979053091,BTCUSDT,SUBE,v4_52_balanceado,52,0.3175417685205762,0.3379412402014958,0.0407989433618392,0.1674818058796577,0.23421644894397825,0.1334692861286411,0.2192984903870301,0.2732232922476786,0.1078496037212971,1.4037633723213372,1.58728621882979,0.3670456930169057,1044,1203.0,318,0.2796934865900383,0.2903606933684406,0.0213344135568046,0.5117474302496329,0.522636167232096,0.021777473964926464,0.000285250524598,0.00064065525489595,0.0007108094605959001,1.0658404550325191,1.1792865107034176,0.226892111341797,-0.408359208310165,-0.29241255558833584,0.23189330544365827,0.2653977641997224,0.3034305670486199,0.07606560569779514,1.3376480979053091,1.4088349913791411,0.14237378694766423
0.56,0.1793201620299602,14115,29459,79734,400052,43574,0.0832581779272393,0.3239317023913343,0.1504011763577662,0.9314126995583348,0.5409069379580506,0.2054241284210066,1.806443284036364,0.0019043791570715,0.0010765741172785,1006,2.757428729687699,0.2862823061630218,0.5298210735586482,0.000946946575436,0.000946946575436,0.0005491310218338,1.2709247114018272,-0.1762216004210122,0.0,0.2653977641997224,1.4800218848529734,0.2552714502657555,37743,66673,96734,325650,104416,0.1982080485952923,0.3614675911737665,0.2806650951463819,0.8300558468404861,0.555360470993434,0.3159824691389031,1.4160126046114965,0.0010269132737268,0.0011841021564781,1321,3.610940795255876,0.3088569265707797,0.5056775170325511,0.0002406807126188,0.0002406807126188,0.0001187807122222,1.054011946443065,-0.4365777904495056,0.0,0.3414633698975175,1.3376480979053091,BTCUSDT,SUBE,v4_52_balanceado,52,0.3239317023913343,0.3426996467825504,0.03753588878243219,0.1504011763577662,0.21553313575207406,0.13026391878861568,0.2054241284210066,0.26070329877995485,0.1105583407178965,1.4160126046114965,1.6112279443239301,0.39043067942486753,1006,1163.5,315,0.2862823061630218,0.2975696163669007,0.022574620407757873,0.5056775170325511,0.5177492952955997,0.02414355652609701,0.0002406807126188,0.0005938136440274,0.0007062658628172,1.054011946443065,1.1624683289224462,0.2169127649587621,-0.4365777904495056,-0.3063996954352589,0.2603561900284934,0.2653977641997224,0.3034305670486199,0.07606560569779514,1.3376480979053091,1.4088349913791411,0.14237378694766423
0.57,0.1793201620299602,12691,25543,81158,403968,38234,0.073054876184653,0.3319296960820212,0.1352278660401283,0.9405300446321514,0.5378789553361398,0.1921670464783507,1.851045037682731,0.0020635471716815,0.0011927645458673,970,2.658753347710804,0.2938144329896907,0.5288659793814433,0.0009031220594183,0.0009031220594183,0.0006417655962833,1.2461032520827002,-0.1743132720986858,0.0,0.2653977641997224,1.4800218848529734,0.2552714502657555,35285,61310,99192,331013,96595,0.1833618071374335,0.3652880583881153,0.262386876566253,0.8437257056048205,0.5530562910855368,0.3054026450630107,1.4309788972007047,0.0010803329870314,0.0012520848494095,1285,3.5125351414866013,0.3120622568093385,0.5136186770428015,0.0003252493599695,0.0003252493599695,0.0002922736598391,1.073177782785432,-0.4327725217041639,0.0,0.3414633698975175,1.3376480979053091,BTCUSDT,SUBE,v4_52_balanceado,52,0.3319296960820212,0.3486088772350683,0.03335836230609407,0.1352278660401283,0.19880737130319065,0.1271590105261247,0.1921670464783507,0.2487848457706807,0.11323559858465998,1.4309788972007047,1.6410119674417178,0.4200661404820263,970,1127.5,315,0.2938144329896907,0.3029383448995146,0.018247823819647846,0.5136186770428015,0.5212423282121224,0.0152473023386418,0.0003252493599695,0.0006141857096939001,0.0005778726994488,1.073177782785432,1.1596405174340663,0.17292546929726815,-0.4327725217041639,-0.3035428969014249,0.2584592496054781,0.2653977641997224,0.3034305670486199,0.07606560569779514,1.3376480979053091,1.4088349913791411,0.14237378694766423
0.58,0.1793201620299602,11315,22264,82534,407247,33579,0.0641604249464995,0.3369665564787516,0.1205660156208377,0.9481643077825712,0.5343651617017046,0.1775904824685312,1.8791336828172855,0.0021871820870329,0.0012541258558107,919,2.5189632232435346,0.3057671381936888,0.5353645266594124,0.0009772952096682,0.0009772952096682,0.0007352422154098,1.2645763570131252,-0.1816818324819422,0.0,0.2653977641997224,1.4800218848529734,0.2552714502657555,32824,56277,101653,336046,89101,0.1691362946089597,0.3683909271500881,0.2440863493385485,0.8565544207196621,0.5503203850291054,0.2936245963377434,1.4431340706787512,0.0011218657484268,0.0012986437912294,1253,3.4250634492472463,0.3200319233838787,0.5235434956105347,0.0004429737198244,0.0004429737198244,0.0004101740944701,1.0997649055263077,-0.3914231115829023,0.0,0.3414633698975175,1.3376480979053091,BTCUSDT,SUBE,v4_52_balanceado,52,0.3369665564787516,0.3526787418144198,0.031424370671336466,0.1205660156208377,0.1823261824796931,0.1235203337177108,0.1775904824685312,0.2356075394031373,0.1160341138692122,1.4431340706787512,1.6611338767480184,0.43599961213853433,919,1086.0,334,0.3057671381936888,0.31289953078878374,0.014264785190189921,0.5235434956105347,0.5294540111349735,0.011821031048877662,0.0004429737198244,0.0007101344647463001,0.0005343214898438001,1.0997649055263077,1.1821706312697164,0.16481145148681753,-0.3914231115829023,-0.2865524720324223,0.20974127910096013,0.2653977641997224,0.3034305670486199,0.07606560569779514,1.3376480979053091,1.4088349913791411,0.14237378694766423
0.59,0.1793201620299602,10145,19416,83704,410095,29561,0.0564831091409354,0.3431886607354284,0.1080991805986211,0.9547951041998924,0.5314471423992568,0.1644113118872052,1.9138319799091497,0.0023422291783063,0.0013571047296996,875,2.3983599786051064,0.3097142857142857,0.5325714285714286,0.0010150219677677,0.0010150219677677,0.0007063462971279,1.2696462890039315,-0.1645098788292136,0.0,0.2653977641997224,1.4800218848529734,0.2552714502657555,30521,51677,103956,340646,82198,0.1560326499620349,0.3713107374875301,0.2269607442164831,0.868279453409563,0.5476200988130231,0.2817214722510673,1.4545721313565212,0.001147654632656,0.0013404594099253,1207,3.299322891653173,0.3231151615575808,0.5236122618061309,0.000462332758564,0.000462332758564,0.0004101740944701,1.102681041313251,-0.3808719765149304,0.0,0.3414633698975175,1.3376480979053091,BTCUSDT,SUBE,v4_52_balanceado,52,0.3431886607354284,0.35724969911147925,0.028122076752101655,0.1080991805986211,0.1675299624075521,0.118861563617862,0.1644113118872052,0.22306639206913625,0.1173101603638621,1.4545721313565212,1.6842020556328354,0.45925984855262847,875,1041.0,332,0.3097142857142857,0.31641472363593326,0.01340087584329508,0.5236122618061309,0.5280918451887797,0.008959166765297732,0.000462332758564,0.00073867736316585,0.0005526892092037,1.102681041313251,1.1861636651585914,0.16696524769068044,-0.3808719765149304,-0.272690927672072,0.21636209768571676,0.2653977641997224,0.3034305670486199,0.07606560569779514,1.3376480979053091,1.4088349913791411,0.14237378694766423
0.6,0.1793201620299602,9073,16997,84776,412514,26070,0.0498127483949862,0.3480245492903721,0.0966765762021971,0.9604270903422728,0.528551833272235,0.151318806861298,1.940799881901876,0.0024540324117442,0.0014466203213955,839,2.2996845966282105,0.3122765196662693,0.5292014302741359,0.0010838102190301,0.0010838102190301,0.0006588808138348,1.2879159840651635,-0.1815524203385049,0.0,0.2653977641997224,1.4800218848529734,0.2552714502657555,28326,47272,106151,345051,75598,0.1435041761579347,0.3746924521812746,0.2106382504071328,0.8795074466702182,0.5450728485386755,0.2696751160299893,1.467819655473393,0.0011718052490207,0.0013998052158381,1166,3.1872497859714994,0.3293310463121784,0.5274442538593482,0.0005044574250607,0.0005044574250607,0.0005961543503696,1.109505865188794,-0.3715337272923663,0.0,0.3414633698975175,1.3376480979053091,BTCUSDT,SUBE,v4_52_balanceado,52,0.3480245492903721,0.3613585007358233,0.02666790289090254,0.0966765762021971,0.15365741330466495,0.11396167420493569,0.151318806861298,0.21049696144564364,0.11835630916869128,1.467819655473393,1.7043097686876345,0.4729802264284828,839,1002.5,327,0.3122765196662693,0.32080378298922385,0.01705452664590912,0.5274442538593482,0.5283228420667421,0.0017571764147876756,0.0005044574250607,0.0007941338220454,0.0005793527939694,1.109505865188794,1.1987109246269787,0.1784101188763696,-0.3715337272923663,-0.2765430738154356,0.18998130695386137,0.2653977641997224,0.3034305670486199,0.07606560569779514,1.3376480979053091,1.4088349913791411,0.14237378694766423
0.61,0.1793201620299602,8112,14780,85737,414731,22892,0.0437404463466829,0.3543596016075485,0.0864367228207013,0.965588774210672,0.5260127485156867,0.1389743106534979,1.976128047153689,0.0025338205557513,0.0015484286877637,803,2.2010092146513145,0.311332503113325,0.5280199252801993,0.0010040478875417,0.0010040478875417,0.0005111173812286,1.2665954774515928,-0.1927005172009342,0.0,0.2653977641997224,1.4800218848529734,0.2552714502657555,26276,43328,108201,348995,69604,0.1321260440394836,0.3775070398252974,0.1953940078972612,0.8895603877417332,0.5424771978194972,0.2575055982673546,1.4788455169282977,0.0012053210721316,0.0014297851148104,1121,3.0642427187599064,0.328278322925959,0.5289919714540589,0.0005008956162082,0.0005008956162082,0.0005328767145624,1.1079223752987173,-0.3830304967793093,0.0,0.3414633698975175,1.3376480979053091,BTCUSDT,SUBE,v4_52_balanceado,52,0.3543596016075485,0.3659333207164229,0.023147438217748895,0.0864367228207013,0.14091536535898125,0.10895728507655988,0.1389743106534979,0.19823995446042625,0.11853128761385667,1.4788455169282977,1.7274867820409934,0.4972825302253914,803,962.0,318,0.311332503113325,0.319805413019642,0.01694581981263399,0.5280199252801993,0.528505948367129,0.0009720461738595976,0.0005008956162082,0.00075247175187495,0.0005031522713334999,1.1079223752987173,1.1872589263751552,0.15867310215287556,-0.3830304967793093,-0.28786550699012176,0.19032997957837508,0.2653977641997224,0.3034305670486199,0.07606560569779514,1.3376480979053091,1.4088349913791411,0.14237378694766423
0.62,0.1793201620299602,7293,12869,86556,416642,20162,0.0385241516355854,0.3617200674536256,0.0777099383051497,0.970038019980862,0.5238739791430058,0.1279350238134916,2.0171745517003856,0.0026514266016892,0.0016757340482004,774,2.12152071250326,0.3126614987080103,0.5387596899224806,0.0010757836675892,0.0010757836675892,0.0006902958920248,1.2940481404954545,-0.173833339281051,0.0,0.2653977641997224,1.4800218848529734,0.2552714502657555,24392,39772,110085,352551,64164,0.1217995444191343,0.3801508634125055,0.1813841772198963,0.8986243477950566,0.5400042625074765,0.2455887757310927,1.48920242752075,0.0012399350433303,0.0014598059735065,1081,2.9549031034607127,0.3200740055504162,0.517113783533765,0.0003138017091652,0.0003138017091652,0.0003084609150698,1.0660569779841598,-0.4309665137244934,0.0,0.3414633698975175,1.3376480979053091,BTCUSDT,SUBE,v4_52_balanceado,52,0.3617200674536256,0.37093546543306555,0.018430795958879864,0.0777099383051497,0.129547057762523,0.1036742389147466,0.1279350238134916,0.18676189977229213,0.11765375191760111,1.48920242752075,1.7531884896105678,0.5279721241796356,774,927.5,307,0.3126614987080103,0.31636775212921325,0.007412506842405908,0.517113783533765,0.5279367367281228,0.021645906388715552,0.0003138017091652,0.0006947926883771999,0.000761981958424,1.0660569779841598,1.1800525592398072,0.2279911625112947,-0.4309665137244934,-0.3023999265027722,0.2571331744434424,0.2653977641997224,0.3034305670486199,0.07606560569779514,1.3376480979053091,1.4088349913791411,0.14237378694766423
0.63,0.1793201620299602,6555,11209,87294,418302,17764,0.0339422195047386,0.3690047286647152,0.0698462423680593,0.9739028802521936,0.5218745613101266,0.1174594357288129,2.057798322773448,0.0027981643201693,0.0018210429618441,744,2.039291227522513,0.3185483870967742,0.5456989247311828,0.0010888983228711,0.0010888983228711,0.0008012624004228,1.2949173738874304,-0.1922810613834062,0.0,0.2653977641997224,1.4800218848529734,0.2552714502657555,22579,36434,111898,355889,59013,0.1120216400911161,0.3826106112212563,0.1679023178684831,0.9071326432556848,0.5375174805620839,0.2333867383327303,1.4988382399321658,0.0012755703089804,0.0014841486482544,1039,2.8400965073965594,0.3272377285851781,0.5120307988450433,0.000263921603506,0.000263921603506,0.0001815040170132,1.0540619184936748,-0.4293431025882451,0.0,0.3414633698975175,1.3376480979053091,BTCUSDT,SUBE,v4_52_balanceado,52,0.3690047286647152,0.37580766994298576,0.013605882556541105,0.0698462423680593,0.1188742801182712,0.09805607550042379,0.1174594357288129,0.17542308703077159,0.1159273026039174,1.4988382399321658,1.778318281352807,0.5589600828412822,744,891.5,295,0.3185483870967742,0.3228930578409761,0.00868934148840389,0.5120307988450433,0.5288648617881131,0.03366812588613943,0.000263921603506,0.00067640996318855,0.0008249767193650999,1.0540619184936748,1.1744896461905525,0.24085545539375564,-0.4293431025882451,-0.31081208198582566,0.2370620412048389,0.2653977641997224,0.3034305670486199,0.07606560569779514,1.3376480979053091,1.4088349913791411,0.14237378694766423
0.64,0.1793201620299602,5917,9821,87932,419690,15738,0.0300710791806786,0.375968992248062,0.0630480878858592,0.977134462214006,0.5200912750499327,0.107987261262741,2.0966353587459188,0.0029283969286477,0.0019423723533593,712,1.951579776876384,0.3272471910112359,0.550561797752809,0.0013605220269522,0.0013605220269522,0.0011722723461609,1.3777997949096947,-0.1800832371814608,0.0,0.2653977641997224,1.4800218848529734,0.2552714502657555,20924,33225,113553,359098,54149,0.1027885345482156,0.3864152615930118,0.1555953806227087,0.9153121280169656,0.5354537543198372,0.221857008047671,1.5137425716456991,0.0013597349645904,0.0015819277104214,1003,2.741690853627285,0.3320039880358923,0.5234297108673978,0.0003191433541451,0.0003191433541451,0.0003774062886272,1.0652400009674234,-0.3990364055469325,0.0,0.3414633698975175,1.3376480979053091,BTCUSDT,SUBE,v4_52_balanceado,52,0.375968992248062,0.38119212692053694,0.010446269344949799,0.0630480878858592,0.10932173425428394,0.0925472927368495,0.107987261262741,0.164922134655206,0.11386974678493,1.5137425716456991,1.8051889651958088,0.5828927871002196,712,857.5,291,0.3272471910112359,0.32962558952356413,0.004756797024656423,0.5234297108673978,0.5369957543101034,0.027132086885411244,0.0003191433541451,0.00083983269054865,0.0010413786728071,1.0652400009674234,1.221519897938559,0.3125597939422713,-0.3990364055469325,-0.28955982136419667,0.21895316836547168,0.2653977641997224,0.3034305670486199,0.07606560569779514,1.3376480979053091,1.4088349913791411,0.14237378694766423
0.65,0.1793201620299602,5289,8680,88560,420831,13969,0.026690996637114,0.3786240962130431,0.0563564875491481,0.979790971593277,0.5180737295712126,0.0981097775881578,2.1114418586672024,0.0029714065345561,0.0020182761762352,687,1.8830552060590948,0.3391557496360989,0.5662299854439592,0.0015022441255826,0.0015022441255826,0.0015338245820744,1.4221723995445112,-0.1617484931048483,0.0,0.2653977641997224,1.4800218848529734,0.2552714502657555,19371,30333,115106,361990,49704,0.0943507972665148,0.3897271849348141,0.1440469373944987,0.9226836050907034,0.533365271242601,0.2103474299737757,1.5267166952241655,0.0014097557993976,0.00167401261836,967,2.6432851998580102,0.3422957600827301,0.5243019648397105,0.000328071669866,0.000328071669866,0.0004407847903356,1.0660695546618972,-0.367658588213541,0.0,0.3414633698975175,1.3376480979053091,BTCUSDT,SUBE,v4_52_balanceado,52,0.3786240962130431,0.3841756405739286,0.011103088721771015,0.0563564875491481,0.1002017124718234,0.0876904498453506,0.0981097775881578,0.15422860378096676,0.1122376523856179,1.5267166952241655,1.819079276945684,0.5847251634430368,687,827.0,280,0.3391557496360989,0.3407257548594145,0.003140010446631203,0.5243019648397105,0.5452659751418348,0.04192802060424872,0.000328071669866,0.0009151578977243,0.0011741724557166,1.0660695546618972,1.2441209771032042,0.356102844882614,-0.367658588213541,-0.26470354065919466,0.20591009510869274,0.2653977641997224,0.3034305670486199,0.07606560569779514,1.3376480979053091,1.4088349913791411,0.14237378694766423
0.66,0.1793201620299602,4776,7674,89073,421837,12450,0.0237885967594007,0.3836144578313253,0.0508902598855608,0.9821331700468672,0.5165117149662141,0.0898597352750261,2.1392711978881227,0.0029877948531479,0.002089324330349,661,1.8117896524091144,0.3343419062027231,0.5658093797276853,0.0014399144886372,0.0014399144886372,0.0015163469211143,1.395960035388101,-0.1668129429218098,0.0,0.2653977641997224,1.4800218848529734,0.2552714502657555,17953,27710,116524,364613,45663,0.0866799544419134,0.3931629546897926,0.1335023833071826,0.9293694226440968,0.5314359029756397,0.199322748973021,1.540175974557603,0.0014799878569118,0.0017642983831482,931,2.544879546088736,0.3361976369495166,0.527389903329753,0.0004351967281541,0.0004351967281541,0.0006593173972513,1.0873447480918417,-0.3480708461825648,0.0,0.3414633698975175,1.3376480979053091,BTCUSDT,SUBE,v4_52_balanceado,52,0.3836144578313253,0.388388706260559,0.009548496858467315,0.0508902598855608,0.0921963215963717,0.08261212342162179,0.0898597352750261,0.14459124212402355,0.1094630136979949,1.540175974557603,1.839723586222863,0.5990952233305198,661,796.0,270,0.3343419062027231,0.3352697715761198,0.0018557307467935158,0.527389903329753,0.5465996415287191,0.038419476397932306,0.0004351967281541,0.00093755560839565,0.0010047177604831,1.0873447480918417,1.2416523917399713,0.3086152872962593,-0.3480708461825648,-0.2574418945521873,0.181257903260755,0.2653977641997224,0.3034305670486199,0.07606560569779514,1.3376480979053091,1.4088349913791411,0.14237378694766423
0.67,0.1793201620299602,4288,6797,89561,422714,11085,0.021180449403852,0.386829048263419,0.0456904175856961,0.9841750269492516,0.5149327222674739,0.0817275620866449,2.157197739977442,0.0029292390496718,0.0021667565569187,637,1.7460060644245174,0.3296703296703296,0.5572998430141287,0.001403841396853,0.001403841396853,0.001464987672308,1.379590232441289,-0.1968051527254751,0.0,0.2653977641997224,1.4800218848529734,0.2552714502657555,16591,25295,117886,367028,41886,0.079510250569476,0.3960989352050804,0.1233742573079411,0.9355250648062948,0.529449661057118,0.1881460397022051,1.551677380266041,0.0015685395526726,0.001825281368197,898,2.4546743634669013,0.3307349665924276,0.5378619153674833,0.0004024117865977,0.0004024117865977,0.0008020491898433,1.0796621610264054,-0.3712315694525487,0.0,0.3414633698975175,1.3376480979053091,BTCUSDT,SUBE,v4_52_balanceado,52,0.386829048263419,0.3914639917342497,0.009269886941661365,0.0456904175856961,0.0845323374468186,0.077683839722245,0.0817275620866449,0.134936800894425,0.10641847761556018,1.551677380266041,1.8544375601217415,0.605520359711401,637,767.5,261,0.3296703296703296,0.3302026481313786,0.0010646369220980167,0.5378619153674833,0.547580879190806,0.019437927646645425,0.0004024117865977,0.00090312659172535,0.0010014296102553,1.0796621610264054,1.229626196733847,0.29992807141488353,-0.3712315694525487,-0.2840183610890119,0.1744264167270736,0.2653977641997224,0.3034305670486199,0.07606560569779514,1.3376480979053091,1.4088349913791411,0.14237378694766423
0.68,0.1793201620299602,3898,6058,89951,423453,9956,0.019023234484867,0.3915226998794697,0.0415348059116239,0.985895588238718,0.513715197075171,0.0751023553778719,2.183372440930849,0.0029263423373004,0.0022253247068545,617,1.6911864077706864,0.3290113452188006,0.5640194489465153,0.001473546737552,0.001473546737552,0.001441795127526,1.4002375500576658,-0.1804825614150506,0.0,0.2653977641997224,1.4800218848529734,0.2552714502657555,15353,22908,119124,369415,38261,0.0726290812452543,0.4012702229424217,0.1141682220751504,0.9416093372042934,0.5278887796397219,0.1777605390823096,1.5719353751650305,0.0017220597108812,0.0019372183126433,866,2.3672026712275462,0.3348729792147806,0.5415704387990762,0.0004241344504729,0.0004241344504729,0.0008286539515204,1.0837421211643548,-0.3065271308884497,0.0,0.3414633698975175,1.3376480979053091,BTCUSDT,SUBE,v4_52_balanceado,52,0.3915226998794697,0.3963964614109457,0.009747523062952013,0.0415348059116239,0.07785151399338715,0.0726334161635265,0.0751023553778719,0.12643144723009075,0.1026581837044377,1.5719353751650305,1.8776539080479397,0.6114370657658186,617,741.5,249,0.3290113452188006,0.3319421622167906,0.005861633995979998,0.5415704387990762,0.5527949438727957,0.022449010147439163,0.0004241344504729,0.00094884059401245,0.0010494122870791,1.0837421211643548,1.2419898356110104,0.31649542889331106,-0.3065271308884497,-0.24350484615175014,0.1260445694733991,0.2653977641997224,0.3034305670486199,0.07606560569779514,1.3376480979053091,1.4088349913791411,0.14237378694766423
0.69,0.1793201620299602,3528,5357,90321,424154,8885,0.0169768419443595,0.3970737197523917,0.0375923025285298,0.987527676823178,0.5125599896758539,0.068682227889501,2.214328356930939,0.0029718429724198,0.0023666136013698,595,1.6308847854514723,0.3478991596638655,0.5781512605042017,0.0016750916069621,0.0016750916069621,0.0016763863278408,1.4524503774454685,-0.1833509015682947,0.0,0.2653977641997224,1.4800218848529734,0.2552714502657555,14191,20703,120286,371620,34894,0.0662376613515565,0.4066888290250472,0.1055273392476036,0.947229706134996,0.5263785226912998,0.1675729611326614,1.5931622145823816,0.0018890684853831,0.0020793343357686,839,2.29339843090059,0.33373063170441,0.532777115613826,0.0003378726374354,0.0003378726374354,0.0006593173972513,1.0651699284546496,-0.3060830893698745,0.0,0.3414633698975175,1.3376480979053091,BTCUSDT,SUBE,v4_52_balanceado,52,0.3970737197523917,0.40188127438871946,0.00961510927265552,0.0375923025285298,0.0715598208880667,0.0679350367190738,0.068682227889501,0.11812759451108121,0.0988907332431604,1.5931622145823816,1.9037452857566604,0.6211661423485575,595,717.0,244,0.33373063170441,0.3408148956841377,0.014168527959455501,0.532777115613826,0.5554641880590139,0.04537414489037572,0.0003378726374354,0.00100648212219875,0.0013372189695267,1.0651699284546496,1.258810152950059,0.3872804489908188,-0.3060830893698745,-0.2447169954690846,0.1227321878015798,0.2653977641997224,0.3034305670486199,0.07606560569779514,1.3376480979053091,1.4088349913791411,0.14237378694766423
0.7,0.1793201620299602,3188,4769,90661,424742,7957,0.015203683888719,0.4006535126303883,0.0339694615819028,0.988896675521698,0.5114330685518004,0.0626289216745575,2.2342914934654607,0.0029506914033732,0.0023993141234981,572,1.5678421802995666,0.3496503496503496,0.5751748251748252,0.0016160433969114,0.0016160433969114,0.0015775134377811,1.424996402073058,-0.1615716215223588,0.0,0.2653977641997224,1.4800218848529734,0.2552714502657555,13114,18624,121363,373699,31738,0.0602467729688686,0.4131955384712332,0.0975185347680272,0.9525289111268012,0.5250237229474142,0.1577956261468579,1.6186515884994883,0.0020852041875178,0.0022250999424779,798,2.1813253252189164,0.3308270676691729,0.531328320802005,0.0001865309646614,0.0001865309646614,0.0006391402890936,1.0351877958551343,-0.3678891613294268,0.0,0.3414633698975175,1.3376480979053091,BTCUSDT,SUBE,v4_52_balanceado,52,0.4006535126303883,0.4069245255508107,0.012542025840844906,0.0339694615819028,0.065743998174965,0.0635490731861244,0.0626289216745575,0.1102122739107077,0.09516670447230041,1.6186515884994883,1.9264715409824746,0.6156399049659724,572,685.0,226,0.3308270676691729,0.34023870865976125,0.018823281981176665,0.531328320802005,0.5532515729884151,0.04384650437282023,0.0001865309646614,0.0009012871807863999,0.00142951243225,1.0351877958551343,1.2300920989640962,0.3898086062179238,-0.3678891613294268,-0.2647303914258928,0.206317539807068,0.2653977641997224,0.3034305670486199,0.07606560569779514,1.3376480979053091,1.4088349913791411,0.14237378694766423
0.71,0.1793201620299602,2860,4197,90989,425314,7057,0.0134840262916539,0.4052713617684568,0.0304744856098626,0.990228422554952,0.5103514540824073,0.0566864210255088,2.260043472974028,0.0029366790230658,0.0024392609970973,545,1.4938356438168947,0.3651376146788991,0.5779816513761468,0.0016565488604105,0.0016565488604105,0.0016763863278408,1.4257458192349193,-0.1467038096598091,0.0,0.2653977641997224,1.4800218848529734,0.2552714502657555,12105,16774,122372,375549,28879,0.0548196659073652,0.4191627133903528,0.090015392966827,0.9572444134042613,0.5236299031855441,0.1482039227209285,1.642027390661882,0.0022351529036734,0.0023760202664488,774,2.1157215560394005,0.3294573643410852,0.5180878552971576,6.686185935477901e-05,6.686185935477901e-05,0.0003697600267266,1.012430285084715,-0.3312264503473708,0.0,0.3414633698975175,1.3376480979053091,BTCUSDT,SUBE,v4_52_balanceado,52,0.4052713617684568,0.4122170375794048,0.013891351621896031,0.0304744856098626,0.0602449392883448,0.05954090735696439,0.0566864210255088,0.10244517187321865,0.0915175016954197,1.642027390661882,1.951035431817955,0.6180160823121459,545,659.5,229,0.3294573643410852,0.3472974895099922,0.03568025033781391,0.5180878552971576,0.5480347533366522,0.05989379607898915,6.686185935477901e-05,0.0008617053598826396,0.001589687001055721,1.012430285084715,1.219088052159817,0.41331553415020417,-0.3312264503473708,-0.23896513000358993,0.18452264068756172,0.2653977641997224,0.3034305670486199,0.07606560569779514,1.3376480979053091,1.4088349913791411,0.14237378694766423
0.72,0.1793201620299602,2567,3684,91282,425827,6251,0.0119439773769489,0.4106542953127499,0.027352449147034,0.9914228040725384,0.5093876266097862,0.0512887112887112,2.2900620357689565,0.0029873893869336,0.0025425322040595,521,1.4280520558322976,0.3742802303262956,0.5911708253358925,0.0017985030001074,0.0017985030001074,0.0018489679004829,1.4711187742014002,-0.1462687416770773,0.0,0.2653977641997224,1.4800218848529734,0.2552714502657555,11161,15118,123316,377205,26279,0.0498842065299924,0.4247117470223372,0.0829956051964276,0.9614654251726256,0.5222305151845266,0.1388564034934932,1.663765166767308,0.0023956535379694,0.0025301445204148,743,2.030983354182525,0.3257065948855989,0.5181695827725438,-5.2637454011589714e-05,-5.2637454011589714e-05,0.0003681729482387,0.9902552299776932,-0.3718396676925227,0.0,0.3414633698975175,1.3376480979053091,BTCUSDT,SUBE,v4_52_balanceado,52,0.4106542953127499,0.4176830211675435,0.014057451709587332,0.027352449147034,0.0551740271717308,0.0556431560493936,0.0512887112887112,0.09507255739110221,0.087567692204782,1.663765166767308,1.9769136012681323,0.6262968690016486,521,632.0,222,0.3257065948855989,0.34999341260594724,0.048573635440696705,0.5181695827725438,0.5546702040542182,0.07300124256334872,-5.2637454011589714e-05,0.0008729327730479052,0.0018511404541189898,0.9902552299776932,1.2306870020895468,0.48086354422370703,-0.3718396676925227,-0.2590542046848,0.2255709260154454,0.2653977641997224,0.3034305670486199,0.07606560569779514,1.3376480979053091,1.4088349913791411,0.14237378694766423
0.73,0.1793201620299602,2330,3262,91519,426249,5592,0.0106848058697645,0.4166666666666667,0.024827115898944,0.9924053167439252,0.5086162163214346,0.0468619583471606,2.3235907326307865,0.0030973055285439,0.0026977046348075,495,1.3567865021823171,0.3676767676767676,0.5838383838383838,0.0017228958497268,0.0017228958497268,0.0016569723539419,1.4416067766345602,-0.1446828495660158,0.0,0.2653977641997224,1.4800218848529734,0.2552714502657555,10313,13548,124164,378775,23861,0.0452942293090356,0.4322115586102845,0.0766896941484417,0.965467229808092,0.5210784619782668,0.1302656342760423,1.6931449175390432,0.0026009761715054,0.002770946493499,720,1.9681130753854883,0.3402777777777778,0.5333333333333333,0.0002032648514045,0.0002032648514045,0.0006569394136303,1.0382145338355422,-0.2997944209822809,0.0,0.3414633698975175,1.3376480979053091,BTCUSDT,SUBE,v4_52_balanceado,52,0.4166666666666667,0.42443911263847556,0.0155448919436178,0.024827115898944,0.05075840502369285,0.05186257824949771,0.0468619583471606,0.08856379631160144,0.08340367592888169,1.6931449175390432,2.008367825084915,0.6304458150917434,495,607.5,225,0.3402777777777778,0.3539772727272727,0.027398989898989812,0.5333333333333333,0.5585858585858585,0.0505050505050505,0.0002032648514045,0.00096308035056565,0.0015196309983223002,1.0382145338355422,1.2399106552350512,0.403392242799018,-0.2997944209822809,-0.22223863527414833,0.15511157141626508,0.2653977641997224,0.3034305670486199,0.07606560569779514,1.3376480979053091,1.4088349913791411,0.14237378694766423
0.74,0.1793201620299602,2120,2880,91729,426631,5000,0.0095536533170284,0.424,0.0225894788436744,0.9932947002521472,0.5079420895479108,0.0428937065625347,2.364485929525088,0.0032499910813878,0.0029376513558176,473,1.2964848798631032,0.3784355179704017,0.5835095137420718,0.0018590088246219,0.0018590088246219,0.001871895604786,1.4810140106876355,-0.1140350404463383,0.0,0.2653977641997224,1.4800218848529734,0.2552714502657555,9493,12113,124984,380210,21606,0.0410136674259681,0.4393686938813292,0.0705919971444931,0.9691249302233108,0.519858463683902,0.1216404092694271,1.7211822686160776,0.002809859901508,0.0030017562059828,687,1.8779078927636537,0.3449781659388646,0.5283842794759825,0.0002130583543995,0.0002130583543995,0.000575570193293,1.039578067483325,-0.3189886133761493,0.0,0.3414633698975175,1.3376480979053091,BTCUSDT,SUBE,v4_52_balanceado,52,0.424,0.4316843469406646,0.01536869388132922,0.0225894788436744,0.04659073799408375,0.0480025183008187,0.0428937065625347,0.0822670579159809,0.0787467027068924,1.7211822686160776,2.042834099070583,0.6433036609090106,473,580.0,214,0.3449781659388646,0.36170684195463315,0.0334573520315371,0.5283842794759825,0.5559468966090272,0.055125234266089285,0.0002130583543995,0.0010360335895107,0.0016459504702223998,1.039578067483325,1.2602960390854803,0.44143594320431045,-0.3189886133761493,-0.21651182691124382,0.204953572929811,0.2653977641997224,0.3034305670486199,0.07606560569779514,1.3376480979053091,1.4088349913791411,0.14237378694766423
0.75,0.1793201620299602,1914,2578,91935,426933,4492,0.0085830021400183,0.4260908281389136,0.0203944634466003,0.99399782543404,0.5071961444403202,0.0389257786681038,2.376145678854136,0.0032832302910234,0.0030224004872217,460,1.260852103038113,0.3826086956521739,0.591304347826087,0.0020964845999426,0.0020964845999426,0.001930321516513,1.5634598709790295,-0.0832564449308053,0.0,0.2653977641997224,1.4800218848529734,0.2552714502657555,8668,10878,125809,381445,19546,0.0371032649962034,0.4434666939527269,0.0644571190612521,0.9722728466085344,0.5183649828348932,0.1125546184660732,1.7372357680071429,0.0029216254314112,0.0031360502232701,652,1.7822357293768591,0.3496932515337423,0.5337423312883436,0.0003390150059721,0.0003390150059721,0.0007784546819176,1.0628464665725963,-0.3022600269626415,0.0,0.3414633698975175,1.3376480979053091,BTCUSDT,SUBE,v4_52_balanceado,52,0.4260908281389136,0.43477876104582025,0.01737586581381334,0.0203944634466003,0.0424257912539262,0.044062655614651794,0.0389257786681038,0.0757401985670885,0.0736288397979694,1.7372357680071429,2.0566907234306395,0.6389099108469933,460,556.0,192,0.3496932515337423,0.3661509735929581,0.032915444118431614,0.5337423312883436,0.5625233395572153,0.0575620165377434,0.0003390150059721,0.00121774980295735,0.0017574695939705,1.0628464665725963,1.313153168775813,0.5006134044064332,-0.3022600269626415,-0.1927582359467234,0.21900358203183617,0.2653977641997224,0.3034305670486199,0.07606560569779514,1.3376480979053091,1.4088349913791411,0.14237378694766423
0.76,0.1793201620299602,1735,2298,92114,427213,4033,0.0077059767655151,0.4302008430448797,0.0184871442423467,0.9946497295761924,0.5065684369092696,0.0354508489814266,2.399065660965682,0.0034437337784511,0.0030966861144308,437,1.1978094978862073,0.3867276887871853,0.5995423340961098,0.0021856862491688,0.0021856862491688,0.0019565557345631,1.5919876986627683,-0.0928691782745421,0.0,0.2653977641997224,1.4800218848529734,0.2552714502657555,7950,9720,126527,382603,17670,0.0335421412300683,0.4499151103565365,0.0591179160748678,0.9752244961422094,0.5171712061085386,0.1045041965993414,1.7624967848466535,0.003088547772919,0.0033376709575482,623,1.7029645082849436,0.3547351524879615,0.536115569823435,0.0003411853473583,0.0003411853473583,0.000840328282964,1.062875209709722,-0.273378558159319,0.0,0.3414633698975175,1.3376480979053091,BTCUSDT,SUBE,v4_52_balanceado,52,0.4302008430448797,0.4400579767007081,0.019714267311656763,0.0184871442423467,0.03880253015860725,0.040630771832521104,0.0354508489814266,0.069977522790384,0.0690533476179148,1.7624967848466535,2.0807812229061677,0.6365688761190285,437,530.0,186,0.3547351524879615,0.37073142063757336,0.03199253629922377,0.536115569823435,0.5678289519597723,0.0634267642726748,0.0003411853473583,0.00126343579826355,0.0018445009018104998,1.062875209709722,1.3274314541862453,0.5291124889530463,-0.273378558159319,-0.18312386821693055,0.1805093798847769,0.2653977641997224,0.3034305670486199,0.07606560569779514,1.3376480979053091,1.4088349913791411,0.14237378694766423
0.77,0.1793201620299602,1578,2050,92271,427461,3628,0.0069321308468358,0.4349503858875413,0.0168142441581689,0.9952271303878132,0.506020687272991,0.0323768683894662,2.425552045925941,0.0036092873407861,0.0032217518650694,417,1.1429898412323765,0.3741007194244604,0.5899280575539568,0.0020932024037568,0.0020932024037568,0.0019532355248457,1.562277063210067,-0.0846742499960448,0.0,0.2653977641997224,1.4800218848529734,0.2552714502657555,7219,8638,127258,383685,15857,0.0301006074411541,0.4552563536608437,0.0536820422823233,0.977982427744486,0.5158322350134047,0.0960394854124815,1.783420563431163,0.003239578760912,0.0035144044121864,592,1.6182263064280684,0.3564189189189189,0.5388513513513513,0.0003681657011629,0.0003681657011629,0.0008390480421421,1.0679468536938563,-0.3071391546327857,0.0,0.3414633698975175,1.3376480979053091,BTCUSDT,SUBE,v4_52_balanceado,52,0.4349503858875413,0.4451033697741925,0.020305967773302402,0.0168142441581689,0.0352481432202461,0.0368677981241544,0.0323768683894662,0.06420817690097386,0.0636626170230153,1.783420563431163,2.1044863046785522,0.6421314824947779,417,504.5,175,0.3564189189189189,0.36525981917168965,0.017681800505541467,0.5388513513513513,0.564389704452654,0.051076706202605515,0.0003681657011629,0.00123068405245985,0.0017250367025938998,1.0679468536938563,1.3151119584519617,0.49433020951621076,-0.3071391546327857,-0.19590670231441523,0.2224649046367409,0.2653977641997224,0.3034305670486199,0.07606560569779514,1.3376480979053091,1.4088349913791411,0.14237378694766423
0.78,0.1793201620299602,1437,1824,92412,427687,3261,0.0062308926933659,0.4406623735050598,0.0153118307067736,0.9957533101596932,0.5055325704332334,0.0295953042940994,2.4574056175090635,0.0038171092937914,0.0033157566873278,400,1.09639313307662,0.39,0.6025,0.0022932254492216,0.0022932254492216,0.002235750042825,1.6217048951172508,-0.0833248309491675,0.0,0.2653977641997224,1.4800218848529734,0.2552714502657555,6590,7723,127887,384600,14313,0.0271697038724373,0.4604205966603786,0.0490046625073432,0.9803146896817164,0.5146596760945298,0.0885812218563075,1.8036509612847365,0.0034434980742914,0.00372815069268,560,1.5307546141887134,0.3696428571428571,0.5339285714285714,0.0005340165140179,0.0005340165140179,0.0008298563377275,1.0964289760102397,-0.3018351271075766,0.0,0.3414633698975175,1.3376480979053091,BTCUSDT,SUBE,v4_52_balanceado,52,0.4406623735050598,0.4505414850827192,0.019758223155318777,0.0153118307067736,0.0321582466070584,0.0336928318005696,0.0295953042940994,0.05908826307520345,0.0589859175622081,1.8036509612847365,2.1305282893969,0.653754656224327,400,480.0,160,0.3696428571428571,0.37982142857142853,0.020357142857142907,0.5339285714285714,0.5682142857142858,0.06857142857142862,0.0005340165140179,0.0014136209816197499,0.0017592089352037,1.0964289760102397,1.3590669355637452,0.5252759191070111,-0.3018351271075766,-0.19257997902837204,0.2185102961584091,0.2653977641997224,0.3034305670486199,0.07606560569779514,1.3376480979053091,1.4088349913791411,0.14237378694766423
0.79,0.1793201620299602,1310,1617,92539,427894,2927,0.0055927086517884,0.4475572258284933,0.0139585930590629,0.9962352535790702,0.5050969233190665,0.0270728279738778,2.4958555734168746,0.0039833822952207,0.0034402923236884,379,1.0388324935900974,0.4036939313984168,0.6015831134564644,0.0024761263783262,0.0024761263783262,0.002242810063854,1.669764831384088,-0.0900766767735995,0.0,0.2653977641997224,1.4800218848529734,0.2552714502657555,5971,6925,128506,385398,12896,0.0244798785117691,0.4630117866004963,0.0444016448909478,0.9823487279613992,0.5133751864261735,0.0810324822050172,1.8138016849062772,0.0035799976856203,0.0038428389936105,524,1.432348960419439,0.3606870229007634,0.517175572519084,0.000178002523563,0.000178002523563,0.0003846869525915,1.0313970602821825,-0.3088150414830639,0.0,0.3414633698975175,1.3376480979053091,BTCUSDT,SUBE,v4_52_balanceado,52,0.4475572258284933,0.4552845062144948,0.015454560772003023,0.0139585930590629,0.02918011897500535,0.0304430518318849,0.0270728279738778,0.054052655089447496,0.0539596542311394,1.8138016849062772,2.154828629161576,0.6820538885105973,379,451.5,145,0.3606870229007634,0.3821904771495901,0.04300690849765343,0.517175572519084,0.5593793429877743,0.08440754093738045,0.000178002523563,0.0013270644509446,0.0022981238547632003,1.0313970602821825,1.3505809458331353,0.6383677711019056,-0.3088150414830639,-0.19944585912833168,0.2187383647094644,0.2653977641997224,0.3034305670486199,0.07606560569779514,1.3376480979053091,1.4088349913791411,0.14237378694766423
0.8,0.1793201620299602,1181,1439,92668,428072,2620,0.0050061143381228,0.4507633587786259,0.0125840445822544,0.9966496783551528,0.5046168614687035,0.0244845494407529,2.5137349513620992,0.0041856836770069,0.0035290357759169,362,0.9922357854343412,0.3977900552486187,0.6022099447513812,0.0024316205858627,0.0024316205858627,0.0023224497551371,1.6451091447167692,-0.0898114996134742,0.0,0.2653977641997224,1.4800218848529734,0.2552714502657555,5377,6178,129100,386145,11555,0.0219343204252088,0.4653396797922977,0.0399845326710143,0.984252771313433,0.5121186519922237,0.0736413936671414,1.8229209702371592,0.0036763213416057,0.0039149263219848,496,1.3558112297100031,0.3528225806451613,0.5060483870967742,0.0001513528504771,0.0001513528504771,0.0002653180738267,1.0265088379033016,-0.3273263867164233,0.0,0.3414633698975175,1.3376480979053091,BTCUSDT,SUBE,v4_52_balanceado,52,0.4507633587786259,0.4580515192854618,0.014576321013671789,0.0125840445822544,0.02628428862663435,0.027400488088759903,0.0244845494407529,0.04906297155394715,0.049156844226388496,1.8229209702371592,2.1683279607996293,0.6908139811249401,362,429.0,134,0.3528225806451613,0.37530631794689,0.0449674746034574,0.5060483870967742,0.5541291659240777,0.09616155765460699,0.0001513528504771,0.0012914867181699002,0.0022802677353856,1.0265088379033016,1.3358089913100355,0.6186003068134676,-0.3273263867164233,-0.20856894316494873,0.23751488710294907,0.2653977641997224,0.3034305670486199,0.07606560569779514,1.3376480979053091,1.4088349913791411,0.14237378694766423
0.81,0.1793201620299602,1080,1283,92769,428228,2363,0.0045150565576276,0.4570461278036394,0.0115078477128152,0.9970128820914947,0.504260364902155,0.0224504219847836,2.548771552678374,0.0043515263414489,0.0036280456071302,345,0.9456390772785848,0.408695652173913,0.6231884057971014,0.0026399649949428,0.0026399649949428,0.0025256059978981,1.711165908218218,-0.0909933264837815,0.0,0.2653977641997224,1.4800218848529734,0.2552714502657555,4872,5488,129605,386835,10360,0.0196659073652239,0.4702702702702703,0.036229243662485,0.9860115262169182,0.5111203849397017,0.0672756270842395,1.8422360580499149,0.0039038703943058,0.0040341933321561,472,1.290207460530487,0.3474576271186441,0.5148305084745762,-7.333103831198016e-06,-7.333103831198016e-06,0.0004370127002666,0.9987481927475956,-0.3451903069562179,0.0,0.3414633698975175,1.3376480979053091,BTCUSDT,SUBE,v4_52_balanceado,52,0.4570461278036394,0.4636581990369548,0.013224142466630895,0.0115078477128152,0.0238685456876501,0.024721395949669798,0.0224504219847836,0.04486302453451155,0.044825205099455895,1.8422360580499149,2.1955038053641447,0.7065354946284592,345,408.5,127,0.3474576271186441,0.3780766396462786,0.06123802505526893,0.5148305084745762,0.5690094571358388,0.10835789732252521,-7.333103831198016e-06,0.001316315945555801,0.002647298098773998,0.9987481927475956,1.354957050482907,0.7124177154706224,-0.3451903069562179,-0.2180918167199997,0.2541969804724364,0.2653977641997224,0.3034305670486199,0.07606560569779514,1.3376480979053091,1.4088349913791411,0.14237378694766423
0.82,0.1793201620299602,983,1152,92866,428359,2135,0.0040794099663711,0.4604215456674473,0.0104742725015716,0.9973178801008588,0.5038960763012152,0.0204825804300716,2.567594967879415,0.0044683181864442,0.0036617801073419,331,0.907265317620903,0.4108761329305136,0.6253776435045317,0.0027397643785278,0.0027397643785278,0.0029337369975594,1.733337952360927,-0.0827797481023263,0.0,0.2653977641997224,1.4800218848529734,0.2552714502657555,4396,4862,130081,387461,9258,0.0175740318906605,0.4748325772305033,0.0326896049138514,0.9876071502308048,0.5101483775723281,0.0611681218909799,1.8601084325574573,0.0040706911995464,0.0041581140851381,442,1.2082027490560916,0.3619909502262443,0.5090497737556561,7.779232806300045e-05,7.779232806300045e-05,0.000357135451262,1.0131664215831948,-0.283472025382994,0.0,0.3414633698975175,1.3376480979053091,BTCUSDT,SUBE,v4_52_balanceado,52,0.4604215456674473,0.4676270614489753,0.01441103156305601,0.0104742725015716,0.021581938707711502,0.0222153324122798,0.0204825804300716,0.04082535116052575,0.0406855414609083,1.8601084325574573,2.213851700218436,0.7074865353219577,331,386.5,111,0.3619909502262443,0.38643354157837895,0.04888518270426934,0.5090497737556561,0.5672137086300939,0.11632786974887566,7.779232806300045e-05,0.0014087783532954002,0.0026619720504647993,1.0131664215831948,1.3732521869720609,0.7201715307777321,-0.283472025382994,-0.18312588674266014,0.20069227728066769,0.2653977641997224,0.3034305670486199,0.07606560569779514,1.3376480979053091,1.4088349913791411,0.14237378694766423
0.83,0.1793201620299602,882,1014,92967,428497,1896,0.0036227453378171,0.4651898734177215,0.0093980756321324,0.9976391757137768,0.5035186256729547,0.0184239385868713,2.594186109089055,0.0046166595056511,0.0037837638333546,314,0.8606686094651467,0.4140127388535032,0.6210191082802548,0.0025515082128085,0.0025515082128085,0.0026477516932001,1.6577010038872642,-0.0924058520635077,0.0,0.2653977641997224,1.4800218848529734,0.2552714502657555,3979,4325,130498,387998,8304,0.0157630979498861,0.4791666666666667,0.0295887029008678,0.9889759203513432,0.5092823116261055,0.0557357071319012,1.8770867880752844,0.0042209896280579,0.0042808356435817,417,1.1398654894940956,0.3645083932853717,0.5083932853717026,0.0002953279839414,0.0002953279839414,0.0003420118510197,1.0496573608734252,-0.2707033035849688,0.0,0.3414633698975175,1.3376480979053091,BTCUSDT,SUBE,v4_52_balanceado,52,0.4651898734177215,0.4721782700421941,0.013976793248945185,0.0093980756321324,0.0194933892665001,0.020190627268735398,0.0184239385868713,0.03707982285938625,0.037311768545029905,1.8770867880752844,2.2356364485821696,0.7170993210137704,314,365.5,103,0.3645083932853717,0.3892605660694375,0.04950434556813149,0.5083932853717026,0.5647061968259787,0.11262582290855216,0.0002953279839414,0.00142341809837495,0.0022561802288671,1.0496573608734252,1.3536791823803447,0.608043643013839,-0.2707033035849688,-0.18155457782423826,0.1782974515214611,0.2653977641997224,0.3034305670486199,0.07606560569779514,1.3376480979053091,1.4088349913791411,0.14237378694766423
0.84,0.1793201620299602,815,892,93034,428619,1707,0.0032616172424335,0.4774458113649678,0.0086841628573559,0.9979232196614288,0.5033036912593924,0.0170580601950688,2.6625327902904616,0.0049401361529187,0.0042319510022981,289,0.792144038647858,0.4256055363321799,0.6193771626297578,0.0027337325112774,0.0027337325112774,0.0028412488608304,1.7060898312757045,-0.1116929128387059,0.0,0.2653977641997224,1.4800218848529734,0.2552714502657555,3610,3801,130867,388522,7411,0.0140679574791192,0.4871137498313318,0.0268447392490909,0.990311554509932,0.5085781468795114,0.0508852052322958,1.9082186798571177,0.0044765758108681,0.004596984195319,386,1.0551272876372202,0.3704663212435233,0.5051813471502591,0.0003009901166749,0.0003009901166749,0.0003286165918944,1.049275213346962,-0.2657113978806451,0.0,0.3414633698975175,1.3376480979053091,BTCUSDT,SUBE,v4_52_balanceado,52,0.4774458113649678,0.4822797805981498,0.009667938466364046,0.0086841628573559,0.0177644510532234,0.018160576391735,0.0170580601950688,0.0339716327136823,0.033827145037227,1.9082186798571177,2.2853757350737895,0.754314110433344,289,337.5,97,0.3704663212435233,0.3980359287878516,0.0551392150886566,0.5051813471502591,0.5622792548900084,0.11419581547949875,0.0003009901166749,0.00151736131397615,0.0024327423946025003,1.049275213346962,1.3776825223113334,0.6568146179287424,-0.2657113978806451,-0.1887021553596755,0.15401848504193916,0.2653977641997224,0.3034305670486199,0.07606560569779514,1.3376480979053091,1.4088349913791411,0.14237378694766423
0.85,0.1793201620299602,750,798,93099,428713,1548,0.002957811066952,0.4844961240310077,0.0079915609116772,0.9981420731948658,0.5030668170532715,0.0157237648982672,2.701849689105565,0.0052240811779776,0.0044453549018382,270,0.7400653648267185,0.4296296296296296,0.6185185185185185,0.0028813782114131,0.0028813782114131,0.0028874929291949,1.749863641858782,-0.0904911819642656,0.0,0.2653977641997224,1.4800218848529734,0.2552714502657555,3297,3353,131180,388970,6650,0.0126233864844343,0.4957894736842105,0.0245172036853885,0.9914534707371222,0.5079853372112554,0.0467238728237686,1.9422049475883765,0.0047328663539564,0.0048307573233976,366,1.0004574799876234,0.3797814207650273,0.5191256830601093,0.0006902852758735,0.0006902852758735,0.0012052201759694,1.1173667802111444,-0.2907242547697022,0.0,0.3414633698975175,1.3376480979053091,BTCUSDT,SUBE,v4_52_balanceado,52,0.4844961240310077,0.49014279885760914,0.011293349653202778,0.0079915609116772,0.01625438229853285,0.0165256427737113,0.0157237648982672,0.031223818861017903,0.0310001079255014,1.9422049475883765,2.322027318346971,0.7596447415171887,270,318.0,96,0.3797814207650273,0.40470552519732844,0.049848208864602284,0.5191256830601093,0.568822100789314,0.09939283545840916,0.0006902852758735,0.0017858317436433,0.0021910929355396,1.1173667802111444,1.4336152110349634,0.6324968616476376,-0.2907242547697022,-0.1906077183669839,0.20023307280543662,0.2653977641997224,0.3034305670486199,0.07606560569779514,1.3376480979053091,1.4088349913791411,0.14237378694766423
0.86,0.1793201620299602,689,704,93160,428807,1393,0.0026616478141241,0.4946159368269921,0.0073415806241941,0.9983609267283028,0.5028512536762484,0.0144684067953213,2.758284016854464,0.0055293162297945,0.0048428023023445,254,0.6962096395036537,0.4488188976377952,0.6181102362204725,0.003074847694478,0.003074847694478,0.0032692492838661,1.7874467849557831,-0.084406102882916,0.0,0.2653977641997224,1.4800218848529734,0.2552714502657555,2978,2954,131499,389369,5932,0.0112604403948367,0.5020229265003372,0.0221450508265353,0.9924704898769636,0.5073077703517495,0.042418933259264,1.9666238663888815,0.0049387094023675,0.005051624093151,345,0.9430541819555468,0.3768115942028985,0.5130434782608696,0.0006005659463075,0.0006005659463075,0.0007745934584961,1.1029401778980588,-0.2911139344449007,0.0,0.3414633698975175,1.3376480979053091,BTCUSDT,SUBE,v4_52_balanceado,52,0.4946159368269921,0.49831943166366466,0.007406989673345077,0.0073415806241941,0.0147433157253647,0.014803470202341202,0.0144684067953213,0.028443670027292648,0.0279505264639427,1.9666238663888815,2.3624539416216725,0.7916601504655822,254,299.5,91,0.3768115942028985,0.41281524592034685,0.0720073034348967,0.5130434782608696,0.565576857240671,0.10506675795960285,0.0006005659463075,0.00183770682039275,0.0024742817481705004,1.1029401778980588,1.445193481426921,0.6845066070577244,-0.2911139344449007,-0.18776001866390835,0.2067078315619847,0.2653977641997224,0.3034305670486199,0.07606560569779514,1.3376480979053091,1.4088349913791411,0.14237378694766423
0.87,0.1793201620299602,622,619,93227,428892,1241,0.0023712167532864,0.5012087026591459,0.0066276678494176,0.9985588262000274,0.5025932470247225,0.0130823430434325,2.7950493518704573,0.0059670394297002,0.0050720494732872,243,0.6660588283440466,0.4444444444444444,0.6090534979423868,0.003058373181367,0.003058373181367,0.0028412488608304,1.7899995756737994,-0.0844061028829159,0.0,0.2653977641997224,1.4800218848529734,0.2552714502657555,2684,2592,131793,389731,5276,0.0100151860288534,0.5087187263078089,0.019958803364144,0.9933931989712558,0.5066760011677,0.0384106244588667,1.9928539826063472,0.0051413319533372,0.005245129837286,320,0.8747169223935505,0.38125,0.5125,0.0005474278780566,0.0005474278780566,0.0007169554278737,1.0935794842759434,-0.2790415909337618,0.0,0.3414633698975175,1.3376480979053091,BTCUSDT,SUBE,v4_52_balanceado,52,0.5012087026591459,0.5049637144834773,0.0075100236486630445,0.0066276678494176,0.0132932356067808,0.013331135514726401,0.0130823430434325,0.0257464837511496,0.0253282814154342,1.9928539826063472,2.3939516672384022,0.8021953692641102,243,281.5,77,0.38125,0.4128472222222222,0.06319444444444444,0.5125,0.5607767489711935,0.09655349794238688,0.0005474278780566,0.0018029005297118,0.0025109453033104,1.0935794842759434,1.4417895299748715,0.696420091397856,-0.2790415909337618,-0.18172384690833884,0.1946354880508459,0.2653977641997224,0.3034305670486199,0.07606560569779514,1.3376480979053091,1.4088349913791411,0.14237378694766423
0.88,0.1793201620299602,550,540,93299,428971,1090,0.0020826964231121,0.5045871559633027,0.0058604780018966,0.9987427562972776,0.5023016171495871,0.0115863870485258,2.813889694562053,0.0062071571334628,0.0052997029834509,222,0.6084981888575242,0.4504504504504504,0.6171171171171171,0.0031089910414392,0.0031089910414392,0.0029190886290688,1.7998733259190127,-0.0844061028829162,0.0,0.2653977641997224,1.4800218848529734,0.2552714502657555,2375,2275,132102,390048,4650,0.0088268792710706,0.510752688172043,0.0176610126638756,0.994201206658799,0.5059311096613373,0.0341414678674879,2.000821821791327,0.0051197553687567,0.005346138398293,302,0.8255140955089133,0.3774834437086092,0.5231788079470199,0.0006943578927469,0.0006943578927469,0.0010716224071914,1.1198295653345225,-0.2312713838297725,0.0,0.3414633698975175,1.3376480979053091,BTCUSDT,SUBE,v4_52_balanceado,52,0.5045871559633027,0.5076699220676728,0.006165532208740276,0.0058604780018966,0.0117607453328861,0.011800534661979,0.0115863870485258,0.02286392745800685,0.022555080818962105,2.000821821791327,2.4073557581766902,0.8130678727707257,222,262.0,80,0.3774834437086092,0.4139669470795298,0.0729670067418412,0.5231788079470199,0.5701479625320685,0.09393830917009727,0.0006943578927469,0.00190167446709305,0.0024146331486923,1.1198295653345225,1.4598514456267675,0.6800437605844902,-0.2312713838297725,-0.15783874335634435,0.1468652809468563,0.2653977641997224,0.3034305670486199,0.07606560569779514,1.3376480979053091,1.4088349913791411,0.14237378694766423
0.89,0.1793201620299602,497,472,93352,429039,969,0.0018514980128401,0.5128998968008256,0.0052957410308048,0.9989010758746576,0.5020984084527311,0.0104832415786032,2.860246672736844,0.0062972250688889,0.005535693032777,203,0.5564195150363846,0.4532019704433497,0.6206896551724138,0.0028986162840606,0.0028986162840606,0.0029969283973072,1.738091285574609,-0.0735217369493419,0.0,0.2653977641997224,1.4800218848529734,0.2552714502657555,2077,1986,132400,390337,4063,0.0077126044039483,0.5111986217080975,0.0154450203380503,0.9949378445821428,0.5051914324600966,0.0299841201097156,2.0025687211629184,0.0050343990739628,0.0054498819424142,276,0.7544433455644373,0.4021739130434782,0.5507246376811594,0.0011151863653816,0.0011151863653816,0.0024671851244991,1.1924953846775117,-0.2387644170936295,0.0,0.3414633698975175,1.3376480979053091,BTCUSDT,SUBE,v4_52_balanceado,52,0.5111986217080975,0.5120492592544615,0.001701275092728105,0.0052957410308048,0.01037038068442755,0.0101492793072455,0.0104832415786032,0.0202336808441594,0.0195008785311124,2.0025687211629184,2.431407696949881,0.8576779515739257,203,239.5,73,0.4021739130434782,0.42768794174341396,0.051028057399871485,0.5507246376811594,0.5857071464267867,0.06996501749125439,0.0011151863653816,0.0020069013247211,0.0017834299186789998,1.1924953846775117,1.4652933351260602,0.5455959008970972,-0.2387644170936295,-0.1561430770214857,0.1652426801442876,0.2653977641997224,0.3034305670486199,0.07606560569779514,1.3376480979053091,1.4088349913791411,0.14237378694766423
0.9,0.1793201620299602,454,406,93395,429105,860,0.0016432283705288,0.5279069767441861,0.0048375582052019,0.9990547389938792,0.5019461485995406,0.0095872620342311,2.9439354212494244,0.0067936861368238,0.0059034813777183,183,0.5015998583825536,0.453551912568306,0.6229508196721312,0.0029381486981299,0.0029381486981299,0.0029969283973072,1.7292362590294372,-0.0738397759716537,0.0,0.2653977641997224,1.4800218848529734,0.2552714502657555,1821,1707,132656,390616,3528,0.0066970387243735,0.516156462585034,0.013541349078281,0.9956489933039868,0.504595171191134,0.0263903481757907,2.021990559648088,0.0051562955885367,0.0055796468783454,243,0.6642381629426024,0.411522633744856,0.551440329218107,0.0009552448843446,0.0009552448843446,0.0027500701938028,1.157007799849691,-0.2201196835020129,0.0,0.3414633698975175,1.3376480979053091,BTCUSDT,SUBE,v4_52_balanceado,52,0.516156462585034,0.52203171966461,0.01175051415915207,0.0048375582052019,0.00918945364174145,0.008703790873079098,0.0095872620342311,0.0179888051050109,0.0168030861415596,2.021990559648088,2.4829629904487565,0.9219448616013364,183,213.0,60,0.411522633744856,0.43253727315658097,0.042029278823450034,0.551440329218107,0.5871955744451192,0.07151049045402413,0.0009552448843446,0.0019466967912372501,0.0019829038137853,1.157007799849691,1.4431220294395641,0.5722284591797462,-0.2201196835020129,-0.1469797297368333,0.1462799075303592,0.2653977641997224,0.3034305670486199,0.07606560569779514,1.3376480979053091,1.4088349913791411,0.14237378694766423
0.91,0.1793201620299602,413,337,93436,429174,750,0.0014330479975542,0.5506666666666666,0.0044006862086969,0.999215386800338,0.5018080365045176,0.0087315933572236,3.070857512244847,0.0075776729783299,0.0068075704449026,166,0.4550031502267973,0.4518072289156626,0.6204819277108434,0.0029973469723559,0.0029973469723559,0.0029190886290688,1.74249044372522,-0.0763126857638849,0.0,0.2653977641997224,1.4800218848529734,0.2552714502657555,1556,1457,132921,390866,3013,0.0057194381169324,0.5164288084965151,0.0115707518757854,0.9962862233414814,0.5039284876086334,0.0226343734089751,2.0230574471170844,0.0051415844879703,0.0055835001681054,217,0.5931674129981265,0.4147465437788018,0.5391705069124424,0.0008249368617031,0.0008249368617031,0.0020373053641822,1.1295008212652895,-0.1698419840516651,0.0,0.3414633698975175,1.3376480979053091,BTCUSDT,SUBE,v4_52_balanceado,52,0.5164288084965151,0.5335477375815909,0.03423785817015157,0.0044006862086969,0.00798571904224115,0.0071700656670885,0.0087315933572236,0.01568298338309935,0.013902780051751499,2.0230574471170844,2.546957479680966,1.0478000651277628,166,191.5,51,0.4147465437788018,0.4332768863472322,0.03706068513686078,0.5391705069124424,0.5798262173116429,0.08131142079840104,0.0008249368617031,0.0019111419170295,0.0021724101106528,1.1295008212652895,1.4359956324952547,0.6129896224599305,-0.1698419840516651,-0.123077334907775,0.09352929828778019,0.2653977641997224,0.3034305670486199,0.07606560569779514,1.3376480979053091,1.4088349913791411,0.14237378694766423
0.92,0.1793201620299602,352,283,93497,429228,635,0.0012133139712626,0.5543307086614173,0.0037507059212138,0.9993411111706104,0.5015459085459121,0.0074509969942,3.0912904738999814,0.0073728132282665,0.0069978244815041,147,0.4029244764056578,0.4421768707482993,0.6258503401360545,0.002885624399678,0.002885624399678,0.0028059571596716,1.7031321406838806,-0.0822112280398125,0.0,0.2653977641997224,1.4800218848529734,0.2552714502657555,1330,1212,133147,391111,2542,0.0048253606681852,0.5232100708103855,0.0098901670917703,0.996910708778226,0.5034004379349982,0.0194133660295287,2.04962235403014,0.0054632940093201,0.0058721247825525,186,0.5084292111412513,0.3978494623655914,0.521505376344086,0.0003351874697109,0.0003351874697109,0.0008580997651993,1.0493626565328813,-0.1750301668040726,0.0,0.3414633698975175,1.3376480979053091,BTCUSDT,SUBE,v4_52_balanceado,52,0.5232100708103855,0.5387703897359014,0.031120637851031807,0.0037507059212138,0.00682043650649205,0.0061394611705565,0.0074509969942,0.013432181511864351,0.0119623690353287,2.04962235403014,2.5704564139650605,1.0416681198698412,147,166.5,39,0.3978494623655914,0.4200131665569453,0.044327408382707933,0.521505376344086,0.5736778582400702,0.10434496379196845,0.0003351874697109,0.00161040593469445,0.0025504369299671004,1.0493626565328813,1.376247398608381,0.6537694841509993,-0.1750301668040726,-0.12862069742194254,0.0928189387642601,0.2653977641997224,0.3034305670486199,0.07606560569779514,1.3376480979053091,1.4088349913791411,0.14237378694766423
0.93,0.1793201620299602,299,242,93550,429269,541,0.0010337052889024,0.5526802218114603,0.003185968950122,0.999436568562854,0.501311268756488,0.0063354168873821,3.082086339622647,0.0076050419392111,0.0071186422338735,128,0.3508458025845184,0.4375,0.6171875,0.0032204421050051,0.0032204421050051,0.002702408545441,1.810947704528369,-0.0527834777107556,0.0,0.2653977641997224,1.4800218848529734,0.2552714502657555,1131,1015,133346,391308,2146,0.0040736522399392,0.527027027027027,0.008410360135934,0.9974128460477718,0.5029116030918529,0.016556509518895,2.064574892642146,0.0052759523045778,0.0060823412238059,170,0.4646933650215737,0.3941176470588235,0.5235294117647059,0.000808263971495,0.000808263971495,0.0010716224071914,1.119175621184265,-0.1756252609894314,0.0,0.3414633698975175,1.3376480979053091,BTCUSDT,SUBE,v4_52_balanceado,52,0.527027027027027,0.5398536244192436,0.025653194784433286,0.003185968950122,0.005798164543028001,0.0052243911858120004,0.0063354168873821,0.011445963203138551,0.0102210926315129,2.064574892642146,2.5733306161323966,1.0175114469805013,128,149.0,42,0.3941176470588235,0.41580882352941173,0.04338235294117648,0.5235294117647059,0.5703584558823529,0.09365808823529409,0.000808263971495,0.0020143530382500502,0.0024121781335101,1.119175621184265,1.465061662856317,0.6917720833441041,-0.1756252609894314,-0.11420436935009351,0.1228417832786758,0.2653977641997224,0.3034305670486199,0.07606560569779514,1.3376480979053091,1.4088349913791411,0.14237378694766423
0.94,0.1793201620299602,248,193,93601,429318,441,0.0008426322225619,0.562358276643991,0.0026425428081279,0.9995506517877308,0.5010965972979293,0.0052603669530172,3.1360571520676737,0.007273102798511,0.0076625304251187,114,0.3124720429268367,0.4122807017543859,0.5964912280701754,0.0028911941081862,0.0028911941081862,0.0022830890601551,1.7025694412295849,-0.0688001590294923,0.0,0.2653977641997224,1.4800218848529734,0.2552714502657555,966,861,133511,391462,1827,0.0034681093394077,0.5287356321839081,0.0071833845192858,0.9978053797508686,0.5024943821350772,0.0141741988496302,2.0712681799451413,0.0049612691767684,0.0062362746441169,154,0.4209575189018962,0.4025974025974026,0.512987012987013,-0.0001310110822791,-0.0001310110822791,0.0003431570481386,0.9820627654249,-0.1731014133832479,0.0,0.3414633698975175,1.3376480979053091,BTCUSDT,SUBE,v4_52_balanceado,52,0.5287356321839081,0.5455469544139495,0.033622644460082896,0.0026425428081279,0.00491296366370685,0.0045408417111579,0.0052603669530172,0.0097172829013237,0.008913831896613,2.0712681799451413,2.6036626660064073,1.0647889721225323,114,134.0,40,0.4025974025974026,0.40743905217589427,0.009683299156983294,0.512987012987013,0.5547391205285942,0.08350421508316241,-0.0001310110822791,0.00138009151295355,0.0030222051904653002,0.9820627654249,1.3423161033272424,0.7205066758046849,-0.1731014133832479,-0.12095078620637009,0.10430125435375559,0.2653977641997224,0.3034305670486199,0.07606560569779514,1.3376480979053091,1.4088349913791411,0.14237378694766423
0.95,0.1793201620299602,200,154,93649,429357,354,0.0006763986548456,0.5649717514124294,0.0021310829097806,0.9996414527218164,0.5008862678157985,0.0042461492733777,3.150631501872253,0.0074658031009888,0.0078566907473993,100,0.274098283269155,0.43,0.62,0.0038398258644066,0.0038398258644066,0.002718446341149,2.1410360127161243,-0.0722912345591801,0.0,0.2653977641997224,1.4800218848529734,0.2552714502657555,796,726,133681,391597,1522,0.0028891419893697,0.5229960578186597,0.0059192278233452,0.9981494839711156,0.5020343558972304,0.0117059684262384,2.048783979854324,0.0040952894947133,0.0059982573347887,136,0.3717546920172589,0.4191176470588235,0.5147058823529411,0.0007048310268445,0.0007048310268445,0.0004799359085205,1.0987535449369252,-0.1583315686112624,0.0,0.3414633698975175,1.3376480979053091,BTCUSDT,SUBE,v4_52_balanceado,52,0.5229960578186597,0.5439839046155446,0.041975693593769736,0.0021310829097806,0.004025155366562901,0.0037881449135646,0.0042461492733777,0.00797605884980805,0.007459819152860699,2.048783979854324,2.5997077408632885,1.1018475220179287,100,118.0,36,0.4191176470588235,0.42455882352941177,0.01088235294117651,0.5147058823529411,0.5673529411764706,0.10529411764705887,0.0007048310268445,0.00227232844562555,0.0031349948375621,1.0987535449369252,1.6198947788265248,1.042282467779199,-0.1583315686112624,-0.11531140158522125,0.0860403340520823,0.2653977641997224,0.3034305670486199,0.07606560569779514,1.3376480979053091,1.4088349913791411,0.14237378694766423
0.05,0.1793201620299602,93849,429497,0,14,523346,0.9999732497707124,0.1793249590137308,1.0,3.259520710761773e-05,0.5000162976035538,0.3041145829113975,1.0000267509448817,0.0004844712622732,0.0001134627354074,2182,5.980824540932963,0.1810265811182401,0.5146654445462878,0.0004840815270778,0.0004840815270778,0.0001513416426563,1.1948853611266756,-0.2106142623389704,0.0,0.266456515711612,1.485926137335819,0.2552714502657555,134477,392323,0,0,526800,1.0,0.2552714502657555,1.0,0.0,0.5,0.4067191207315542,1.0,0.000421163903572,0.0003529744518918,2195,6.0000113895432605,0.2592255125284738,0.5216400911161732,0.0004259415340564,0.0004259415340564,0.0003394659167264,1.1213550458051944,-0.3017948759602422,0.0,0.3412833228904741,1.3369427820274231,BTCUSDT,SUBE,v4_63_balanceado,63,0.1793249590137308,0.21729820463974314,0.07594649125202468,1.0,1.0,0.0,0.3041145829113975,0.35541685182147587,0.10260453782015672,1.0,1.0000133754724407,2.6750944881692718e-05,2182,2188.5,13,0.1810265811182401,0.22012604682335696,0.07819893141023371,0.5146654445462878,0.5181527678312305,0.006974646569885334,0.0004259415340564,0.0004550115305671,5.813999302139999e-05,1.1213550458051944,1.158120203465935,0.07353031532148124,-0.3017948759602422,-0.2562045691496063,0.09118061362127178,0.266456515711612,0.303869919301043,0.07482680717886209,1.3369427820274231,1.411434459681621,0.1489833553083959
0.06,0.1793201620299602,93849,429256,0,255,523105,0.9995127636808316,0.1794075759168809,1.0,0.0005936984151744,0.5002968492075872,0.3042333788256499,1.0004874738341252,0.0004856123564002,0.0001140504102814,2182,5.980824540932963,0.1860678276810266,0.5105407882676444,0.0004846708287368,0.0004846708287368,0.0001135689697989,1.1947642705010812,-0.2106142623389704,0.0,0.266456515711612,1.485926137335819,0.2552714502657555,134477,392322,0,1,526799,0.9999981017463934,0.2552719348366264,1.0,2.548920149978461e-06,0.500001274460075,0.4067197357835457,1.00000189825721,0.0004211856933052,0.0003529888473099,2195,6.0000113895432605,0.2592255125284738,0.5216400911161732,0.0004259415340564,0.0004259415340564,0.0003394659167264,1.1213550458051944,-0.3017948759602422,0.0,0.3412833228904741,1.3369427820274231,BTCUSDT,SUBE,v4_63_balanceado,63,0.1794075759168809,0.21733975537675365,0.07586435891974552,1.0,1.0,0.0,0.3042333788256499,0.3554765573045978,0.10248635695789582,1.00000189825721,1.0002446860456677,0.0004855755769150871,2182,2188.5,13,0.1860678276810266,0.2226466701047502,0.07315768484744722,0.5105407882676444,0.5160904396919088,0.01109930284852878,0.0004259415340564,0.0004553061813966,5.872929468039997e-05,1.1213550458051944,1.158059658153138,0.07340922469588684,-0.3017948759602422,-0.2562045691496063,0.09118061362127178,0.266456515711612,0.303869919301043,0.07482680717886209,1.3369427820274231,1.411434459681621,0.1489833553083959
0.07,0.1793201620299602,93849,428726,0,785,522575,0.9985000764292266,0.1795895326029756,1.0,0.0018276598271057,0.5009138299135528,0.3044949580159111,1.0015021767210448,0.0004866790209428,0.0001147968537216,2182,5.980824540932963,0.1837763519706691,0.5114573785517873,0.0004801025248593,0.0004801025248593,0.0001194808692157,1.1931777099526908,-0.2106142623389704,0.0,0.266456515711612,1.485926137335819,0.2552714502657555,134477,392274,0,49,526751,0.9999069855732726,0.2552951964020951,1.0,0.0001248970873489,0.5000624485436744,0.4067492604668888,1.0000930230792158,0.0004217295110444,0.0003531772068843,2195,6.0000113895432605,0.2592255125284738,0.5216400911161732,0.0004259415340564,0.0004259415340564,0.0003394659167264,1.1213550458051944,-0.3017948759602422,0.0,0.3412833228904741,1.3369427820274231,BTCUSDT,SUBE,v4_63_balanceado,63,0.1795895326029756,0.21744236450253535,0.07570566379911947,1.0,1.0,0.0,0.3044949580159111,0.3556221092413999,0.10225430245097772,1.0000930230792158,1.0007975999001304,0.0014091536418290307,2182,2188.5,13,0.1837763519706691,0.22150093224957146,0.0754491605578047,0.5114573785517873,0.5165487348339802,0.010182712564385854,0.0004259415340564,0.00045302202945785,5.4160990802899994e-05,1.1213550458051944,1.1572663778789427,0.07182266414749638,-0.3017948759602422,-0.2562045691496063,0.09118061362127178,0.266456515711612,0.303869919301043,0.07482680717886209,1.3369427820274231,1.411434459681621,0.1489833553083959
0.08,0.1793201620299602,93849,428291,0,1220,522140,0.997668908590645,0.1797391504194277,1.0,0.0028404394765209,0.5014202197382605,0.304709986704308,1.0023365380932316,0.0004877687496247,0.0001171010822571,2181,5.978083558100271,0.1824850985786336,0.5130674002751031,0.0004863443599766,0.0004863443599766,0.000139310594863,1.19558322707261,-0.2106142623389704,0.0,0.266456515711612,1.485926137335819,0.2552714502657555,134477,392192,0,131,526669,0.9997513287775248,0.2553349447185993,1.0,0.0003339085396471,0.5001669542698236,0.4067997083851373,1.0002487330752332,0.000422671267836,0.0003540857283641,2195,6.0000113895432605,0.2578587699316628,0.5193621867881549,0.0004254619518019,0.0004254619518019,0.0003287326103786,1.12092634122271,-0.3017948759602422,0.0,0.3412833228904741,1.3369427820274231,BTCUSDT,SUBE,v4_63_balanceado,63,0.1797391504194277,0.2175370475690135,0.0755957942991716,1.0,1.0,0.0,0.304709986704308,0.35575484754472264,0.1020897216808293,1.0002487330752332,1.0012926355842324,0.002087805017998434,2181,2188.0,14,0.1824850985786336,0.2201719342551482,0.07537367135302919,0.5130674002751031,0.516214793531629,0.00629478651305182,0.0004254619518019,0.00045590315588925,6.088240817469999e-05,1.12092634122271,1.15825478414766,0.07465688584990016,-0.3017948759602422,-0.2562045691496063,0.09118061362127178,0.266456515711612,0.303869919301043,0.07482680717886209,1.3369427820274231,1.411434459681621,0.1489833553083959
0.09,0.1793201620299602,93849,427664,0,1847,521513,0.9964708804646896,0.1799552456026983,1.0,0.0043002391091264,0.5021501195545632,0.3050204595018866,1.0035416183297443,0.0004891818374882,0.0001207663359561,2180,5.975342575267579,0.1821100917431192,0.518348623853211,0.000487941444053,0.000487941444053,0.0002081491889851,1.1950809227072,-0.2106142623389704,0.0,0.266456515711612,1.485926137335819,0.2552714502657555,134477,391954,0,369,526431,0.9992995444191344,0.2554503819113995,1.0,0.000940551535342,0.500470275767671,0.4069462012867146,1.0007009465627974,0.0004240807403827,0.0003562833966419,2195,6.0000113895432605,0.2574031890660592,0.5202733485193621,0.0004261970099972,0.0004261970099972,0.0003627141648518,1.120980176155738,-0.3017948759602422,0.0,0.3412833228904741,1.3369427820274231,BTCUSDT,SUBE,v4_63_balanceado,63,0.1799552456026983,0.21770281375704892,0.07549513630870122,1.0,1.0,0.0,0.3050204595018866,0.35598333039430063,0.101925741784828,1.0007009465627974,1.0021212824462709,0.0028406717669469117,2180,2187.5,15,0.1821100917431192,0.2197566404045892,0.07529309732293998,0.518348623853211,0.5193109861862866,0.001924724666151123,0.0004261970099972,0.0004570692270251,6.174443405579995e-05,1.120980176155738,1.1580305494314689,0.07410074655146182,-0.3017948759602422,-0.2562045691496063,0.09118061362127178,0.266456515711612,0.303869919301043,0.07482680717886209,1.3369427820274231,1.411434459681621,0.1489833553083959
0.1,0.1793201620299602,93849,426676,0,2835,520525,0.9945830785692448,0.1802968157149032,1.0,0.0066005294392925,0.5033002647196463,0.3055109753993495,1.0054464242831755,0.0004919240894727,0.0001231418944571,2179,5.972601592434888,0.1798990362551629,0.5139972464433227,0.0004881879438625,0.0004881879438625,0.0001563251740175,1.1959221391108477,-0.2106142623389704,0.0,0.266456515711612,1.485926137335819,0.2552714502657555,134476,391631,1,692,526107,0.9986845102505696,0.255605798820392,0.9999925637841416,0.001763852743785,0.5008782082639632,0.4071427706393131,1.001309776531173,0.0004253941899565,0.0003580151220439,2195,6.0000113895432605,0.2583143507972665,0.5175398633257403,0.0004242932439919,0.0004242932439919,0.0003020281033716,1.120851192148267,-0.3017948759602422,0.0,0.3412833228904741,1.3369427820274231,BTCUSDT,SUBE,v4_63_balanceado,63,0.1802968157149032,0.2179513072676476,0.07530898310548884,0.9999925637841416,0.9999962818920708,7.43621585841403e-06,0.3055109753993495,0.3563268730193313,0.10163179523996357,1.001309776531173,1.0033781004071742,0.00413664775200262,2179,2187.0,16,0.1798990362551629,0.2191066935262147,0.0784153145421036,0.5139972464433227,0.5157685548845314,0.0035426168824176374,0.0004242932439919,0.00045624059392719997,6.38946998706e-05,1.120851192148267,1.1583866656295574,0.07507094696258076,-0.3017948759602422,-0.2562045691496063,0.09118061362127178,0.266456515711612,0.303869919301043,0.07482680717886209,1.3369427820274231,1.411434459681621,0.1489833553083959
0.11,0.1793201620299602,93849,425776,0,3735,519625,0.9928634209721796,0.1806090930959827,1.0,0.0086959356104965,0.5043479678052483,0.305959176754027,1.0071878758720232,0.0004938306454254,0.0001238800302698,2177,5.967119626769504,0.1736334405144694,0.5130914101975195,0.0004886310816869,0.0004886310816869,0.0001030040392298,1.2011494118357666,-0.2106142623389704,0.0,0.266456515711612,1.485926137335819,0.2552714502657555,134468,391094,9,1229,525562,0.9976499620349278,0.2558556364425129,0.9999330740572736,0.0031326228643235,0.5015328484607986,0.407454711009501,1.0022884900608715,0.0004272315859576,0.0003609545609615,2195,6.0000113895432605,0.2546697038724373,0.5225512528473805,0.0004250654317569,0.0004250654317569,0.0003822956061283,1.1209702056475594,-0.3017495542981403,0.0,0.3412833228904741,1.3369427820274231,BTCUSDT,SUBE,v4_63_balanceado,63,0.1806090930959827,0.2182323647692478,0.07524654334653022,0.9999330740572736,0.9999665370286368,6.69259427263924e-05,0.305959176754027,0.356706943881764,0.10149553425547397,1.0022884900608715,1.0047381829664475,0.00489938581115168,2177,2186.0,18,0.1736334405144694,0.21415157219345338,0.0810362633579679,0.5130914101975195,0.51782133152245,0.009459842649860994,0.0004250654317569,0.00045684825672189996,6.356564992999997e-05,1.1209702056475594,1.161059808741663,0.08017920618820717,-0.3017495542981403,-0.25618190831855536,0.09113529195916992,0.266456515711612,0.303869919301043,0.07482680717886209,1.3369427820274231,1.411434459681621,0.1489833553083959
0.12,0.1793201620299602,93848,424851,1,4660,518699,0.991094084377866,0.1809295950059668,0.9999893445854512,0.0108495475086784,0.5054194460470648,0.3064184357797266,1.0089751925148145,0.000494788888023,0.0001245477764679,2174,5.958896678271429,0.1826126954921803,0.5142594296228151,0.0004870342228346,0.0004870342228346,0.0001593504134493,1.196517961607181,-0.2106142623389704,0.0,0.266456515711612,1.485926137335819,0.2552714502657555,134455,390379,22,1944,524834,0.9962680334092636,0.2561857654039182,0.9998364032511136,0.0049551007715581,0.5023957520113358,0.4078651804687014,1.0035817367637894,0.0004291501424901,0.0003657971506003,2195,6.0000113895432605,0.2496583143507972,0.5266514806378132,0.0004253389279069,0.0004253389279069,0.0003852530541013,1.123497165483549,-0.3158252444871443,0.0,0.3412833228904741,1.3369427820274231,BTCUSDT,SUBE,v4_63_balanceado,63,0.1809295950059668,0.21855768020494248,0.07525617039795138,0.9998364032511136,0.9999128739182823,0.00015294133433763069,0.3064184357797266,0.35714180812421403,0.1014467446889748,1.0035817367637894,1.006278464639302,0.005393455751025122,2174,2184.5,21,0.1826126954921803,0.21613550492148875,0.0670456188586169,0.5142594296228151,0.5204554551303142,0.012392051014998073,0.0004253389279069,0.00045618657537075,6.16952949277e-05,1.123497165483549,1.160007563545365,0.07302079612363199,-0.3158252444871443,-0.26321975341305737,0.10521098214817387,0.266456515711612,0.303869919301043,0.07482680717886209,1.3369427820274231,1.411434459681621,0.1489833553083959
0.13,0.1793201620299602,93830,423803,19,5708,517633,0.9890572454906756,0.1812674230584217,0.9997975471235708,0.0132895315835915,0.5065435393535812,0.3068937433971891,1.0108591304313903,0.000495684585916,0.0001256970700611,2171,5.950673729773355,0.1929986181483187,0.5126669737448181,0.0004896882858259,0.0004896882858259,0.000116314666408,1.1947193117635482,-0.2120056191184072,0.0,0.266456515711612,1.485926137335819,0.2552714502657555,134438,389459,39,2864,523897,0.9944893697798026,0.2566115095142747,0.9997099875815196,0.0073001073095383,0.5035050474455289,0.4083940131293155,1.0052495461091484,0.0004319171365005,0.0003711756097068,2194,5.997277899160781,0.2515952597994531,0.5200546946216955,0.0004236055332668,0.0004236055332668,0.0003052207741357,1.1247996361842665,-0.3009166262214793,0.0,0.3412833228904741,1.3369427820274231,BTCUSDT,SUBE,v4_63_balanceado,63,0.1812674230584217,0.2189394662863482,0.075344086455853,0.9997099875815196,0.9997537673525452,8.755954205119654e-05,0.3068937433971891,0.3576438782632523,0.10150026973212639,1.0052495461091484,1.0080543382702694,0.005609584322241901,2171,2182.5,23,0.1929986181483187,0.2222969389738859,0.058596641651134374,0.5126669737448181,0.5163608341832568,0.007387720876877446,0.0004236055332668,0.00045664690954635,6.608275255910002e-05,1.1247996361842665,1.1597594739739074,0.06991967557928169,-0.3009166262214793,-0.25646112266994325,0.08891100710307209,0.266456515711612,0.303869919301043,0.07482680717886209,1.3369427820274231,1.411434459681621,0.1489833553083959
0.14,0.1793201620299602,93783,422499,66,7012,516282,0.9864758483644146,0.181650725766151,0.9992967426397724,0.0163255423027582,0.5078111424712654,0.307419226362863,1.012996663118124,0.0004964860022264,0.0001275257432306,2169,5.945191764107972,0.1848778238819732,0.5066851083448594,0.0004891481818156,0.0004891481818156,7.755982442092524e-05,1.1952765836960273,-0.2061272717155332,0.0,0.266456515711612,1.485926137335819,0.2552714502657555,134384,388379,93,3944,522763,0.9923367501898254,0.2570648649579254,0.999308431925162,0.010052941071515,0.5046806864983385,0.4089343314466557,1.0070255200505305,0.0004336977537235,0.0003754354052201,2193,5.9945444087783,0.2480620155038759,0.5225718194254446,0.000418455881843,0.000418455881843,0.0003852530541013,1.122425560048073,-0.3010661526248006,0.0,0.3412833228904741,1.3369427820274231,BTCUSDT,SUBE,v4_63_balanceado,63,0.181650725766151,0.2193577953620382,0.07541413919177442,0.9992967426397724,0.9993025872824672,1.168928538963776e-05,0.307419226362863,0.35817677890475935,0.10151510508379269,1.0070255200505305,1.0100110915843272,0.0059711430675934984,2169,2181.0,24,0.1848778238819732,0.21646991969292456,0.0631841916219027,0.5066851083448594,0.5146284638851519,0.01588671108058526,0.000418455881843,0.00045380203182930005,7.06922999726e-05,1.122425560048073,1.1588510718720502,0.07285102364795426,-0.3010661526248006,-0.2535967121701669,0.09493888090926739,0.266456515711612,0.303869919301043,0.07482680717886209,1.3369427820274231,1.411434459681621,0.1489833553083959
0.15,0.1793201620299602,93714,421118,135,8393,514832,0.9837052889024764,0.182028312148429,0.998561519035898,0.0195408266610168,0.5090511728484575,0.3079248407622383,1.0151023180428325,0.0004961286066836,0.0001257820757617,2164,5.931486849944514,0.1783733826247689,0.5055452865064695,0.000489673832352,0.000489673832352,5.705276701950535e-05,1.1975080452534197,-0.1998568532126895,0.0,0.266456515711612,1.485926137335819,0.2552714502657555,134268,387155,209,5168,521423,0.9897930903568716,0.2575030253747917,0.9984458308855788,0.0131728193350886,0.5058093251103338,0.4094160695227931,1.0087419690165624,0.000433592218275,0.0003759822985962,2192,5.991810918395821,0.25,0.5191605839416058,0.000422682885163,0.000422682885163,0.0003166419002583,1.1240179298035853,-0.2999819208802338,0.0,0.3412833228904741,1.3369427820274231,BTCUSDT,SUBE,v4_63_balanceado,63,0.182028312148429,0.21976566876161036,0.0754747132263627,0.9984458308855788,0.9985036749607383,0.0001156881503191487,0.3079248407622383,0.3586704551425157,0.10149122876055477,1.0087419690165624,1.0119221435296974,0.006360349026270029,2164,2178.0,28,0.1783733826247689,0.21418669131238444,0.0716266173752311,0.5055452865064695,0.5123529352240377,0.013615297435136342,0.000422682885163,0.00045617835875749995,6.699094718899998e-05,1.1240179298035853,1.1607629875285026,0.07349011544983441,-0.2999819208802338,-0.24991938704646166,0.10012506766754428,0.266456515711612,0.303869919301043,0.07482680717886209,1.3369427820274231,1.411434459681621,0.1489833553083959
0.16,0.1793201620299602,93627,419483,222,10028,513110,0.9804150107000916,0.1824696458848979,0.9976344979701436,0.0233474812053707,0.5104909895877571,0.3085117775665242,1.0175634675949683,0.0004956060984184,0.0001239084040028,2161,5.92326390144644,0.1864877371587228,0.5039333641832485,0.0004855128668717,0.0004855128668717,4.368382190911291e-05,1.1939032447479336,-0.2148761948598445,0.0,0.266456515711612,1.485926137335819,0.2552714502657555,134118,385758,359,6565,519876,0.9868564920273348,0.2579807492555917,0.9973303985068078,0.0167336607846086,0.5070320296457083,0.4099255294924911,1.0106134038374277,0.0004331324024864,0.0003742528913611,2191,5.989077428013341,0.2523961661341853,0.521223185759927,0.0004226597545198,0.0004226597545198,0.0003263386582883,1.1240588741655446,-0.2990523202884912,0.0,0.3412833228904741,1.3369427820274231,BTCUSDT,SUBE,v4_63_balanceado,63,0.1824696458848979,0.2202251975702448,0.07551110337069383,0.9973303985068078,0.9974824482384756,0.00030409946333576077,0.3085117775665242,0.35921865352950766,0.10141375192596691,1.0106134038374277,1.014088435716198,0.006950063757540592,2161,2176.0,30,0.1864877371587228,0.21944195164645405,0.06590842897546251,0.5039333641832485,0.5125782749715877,0.017289821576678466,0.0004226597545198,0.00045408631069575,6.285311235189995e-05,1.1240588741655446,1.1589810594567391,0.06984437058238901,-0.2990523202884912,-0.25696425757416785,0.08417612542864672,0.266456515711612,0.303869919301043,0.07482680717886209,1.3369427820274231,1.411434459681621,0.1489833553083959
0.17,0.1793201620299602,93437,417327,412,12184,510764,0.975932436563742,0.1829357589806642,0.995609969205852,0.0283671430999438,0.511988556152898,0.3090803538792583,1.0201628021622011,0.0004947694260621,0.0001226622895009,2157,5.912299970115673,0.1914696337505795,0.5030134445989801,0.0004919295365253,0.0004919295365253,4.368382190911291e-05,1.1971237117489932,-0.2136883732391212,0.0,0.266456515711612,1.485926137335819,0.2552714502657555,133925,383992,552,8331,517917,0.9831378132118452,0.2585839043707775,0.9958952088461224,0.0212350537694705,0.5085651313077965,0.4105647814051018,1.012976202789515,0.0004322175074615,0.0003705750560119,2191,5.989077428013341,0.2460063897763578,0.5107256960292104,0.0004204180644805,0.0004204180644805,0.0001909345123678,1.1239332662686976,-0.2956328068262925,0.0,0.3412833228904741,1.3369427820274231,BTCUSDT,SUBE,v4_63_balanceado,63,0.1829357589806642,0.22075983167572083,0.0756481453901133,0.995609969205852,0.9957525890259872,0.00028523964027038495,0.3090803538792583,0.35982256764218,0.10148442752584347,1.012976202789515,1.016569502475858,0.007186599372686064,2157,2174.0,34,0.1914696337505795,0.21873801176346863,0.054536756025778316,0.5030134445989801,0.5068695703140953,0.007712251430230244,0.0004204180644805,0.0004561738005029,7.151147204479996e-05,1.1239332662686976,1.1605284890088454,0.07319044548029563,-0.2956328068262925,-0.25466059003270686,0.0819444335871713,0.266456515711612,0.303869919301043,0.07482680717886209,1.3369427820274231,1.411434459681621,0.1489833553083959
0.18,0.1793201620299602,93161,414263,688,15248,507424,0.969550596147967,0.1835959670807845,0.9926690747903548,0.0355008369983539,0.5140849558943543,0.3098792062840008,1.0238445303775148,0.0004985586961593,0.0001257020862561,2154,5.904077021617598,0.1884865366759517,0.5162488393686165,0.0004930106441036,0.0004930106441036,0.000223525608734,1.1974920916796652,-0.2104185385294246,0.0,0.266456515711612,1.485926137335819,0.2552714502657555,133660,381812,817,10511,515472,0.978496583143508,0.2592963342334792,0.9939246116436268,0.0267916996964236,0.5103581556700252,0.4112938092065685,1.0157670744751657,0.0004315178226504,0.0003657971506003,2188,5.9808769568659015,0.2440585009140767,0.5068555758683729,0.0004203654484622,0.0004203654484622,6.040073443169813e-05,1.123458825863598,-0.3034308652005055,0.0,0.3412833228904741,1.3369427820274231,BTCUSDT,SUBE,v4_63_balanceado,63,0.1835959670807845,0.22144615065713186,0.07570036715269471,0.9926690747903548,0.9932968432169909,0.0012555368532719546,0.3098792062840008,0.36058650774528467,0.10141460292256771,1.0157670744751657,1.0198058024263403,0.008077455902349095,2154,2171.0,34,0.1884865366759517,0.2162725187950142,0.05557196423812499,0.5068555758683729,0.5115522076184947,0.00939326350024361,0.0004203654484622,0.0004566880462829,7.264519564139998e-05,1.123458825863598,1.1604754587716317,0.07403326581606717,-0.3034308652005055,-0.2569247018649651,0.09301232667108089,0.266456515711612,0.303869919301043,0.07482680717886209,1.3369427820274231,1.411434459681621,0.1489833553083959
0.19,0.1793201620299602,92747,409932,1102,19579,502679,0.960484179150107,0.1845054199598551,0.9882577331671089,0.0455843971400033,0.5169210651535561,0.3109560657672397,1.028916201453289,0.0005033439907512,0.0001290661007424,2149,5.890372107454141,0.1875290832945556,0.5155886458818055,0.0004945146437171,0.0004945146437171,0.0002235249666806,1.1975944775581948,-0.2104185385294246,0.0,0.266456515711612,1.485926137335819,0.2552714502657555,133354,379090,1123,13233,512444,0.9727486712224752,0.2602313618658819,0.9916491295909338,0.0337298603446649,0.5126894949677994,0.4122729050378639,1.0194299503331172,0.0004329040401289,0.0003653612741164,2182,5.964476014571022,0.2584784601283226,0.5206232813932172,0.0004312221405677,0.0004312221405677,0.0003705547599263,1.1224612308741488,-0.3219943054687255,0.0,0.3412833228904741,1.3369427820274231,BTCUSDT,SUBE,v4_63_balanceado,63,0.1845054199598551,0.2223683909128685,0.07572594190602683,0.9882577331671089,0.9899534313790213,0.0033913964238249106,0.3109560657672397,0.3616144854025518,0.10131683927062418,1.0194299503331172,1.024173075893203,0.009486251120171874,2149,2165.5,33,0.1875290832945556,0.2230037717114391,0.07094937683376701,0.5155886458818055,0.5181059636375114,0.0050346355114117,0.0004312221405677,0.0004628683921424,6.329250314939997e-05,1.1224612308741488,1.160027854216172,0.07513324668404597,-0.3219943054687255,-0.26620642199907507,0.11157576693930088,0.266456515711612,0.303869919301043,0.07482680717886209,1.3369427820274231,1.411434459681621,0.1489833553083959
0.2,0.1793201620299602,92169,404776,1680,24735,496945,0.9495280495261388,0.185471229210476,0.9820989035578428,0.0575887462719231,0.519843824914883,0.3120173867710234,1.0343021504714458,0.0005045443072722,0.000131351067349,2139,5.862962279127226,0.1916783543712015,0.5151940158952781,0.0004990780024505,0.0004990780024505,0.0001989487131157,1.1970090579090225,-0.2104279127642262,0.0,0.266456515711612,1.485926137335819,0.2552714502657555,132934,375575,1543,16748,508509,0.9652790432801822,0.2614191685889532,0.9885259189303748,0.0426893146718392,0.515607616801107,0.4134895627587537,1.0240830626252857,0.0004365646591608,0.0003716904741739,2182,5.964476014571022,0.2580201649862511,0.5261228230980751,0.0004301476664426,0.0004301476664426,0.0004163601670257,1.1220887036194758,-0.320268031220919,0.0,0.3412833228904741,1.3369427820274231,BTCUSDT,SUBE,v4_63_balanceado,63,0.185471229210476,0.2234451988997146,0.07594793937847719,0.9820989035578428,0.9853124112441087,0.006427015372531986,0.3120173867710234,0.36275347476488856,0.10147217598773028,1.0240830626252857,1.0291926065483659,0.010219087846160102,2139,2160.5,43,0.1916783543712015,0.2248492596787263,0.06634181061504957,0.5151940158952781,0.5206584194966766,0.010928807202796986,0.0004301476664426,0.00046461283444655004,6.893033600789998e-05,1.1220887036194758,1.1595488807642491,0.07492035428954669,-0.320268031220919,-0.2653479719925726,0.10984011845669281,0.266456515711612,0.303869919301043,0.07482680717886209,1.3369427820274231,1.411434459681621,0.1489833553083959
0.21,0.1793201620299602,91503,398745,2346,30766,490248,0.9367318862733108,0.1866463504185636,0.9750023974682736,0.071630295848069,0.5233163466581713,0.3133143981222298,1.0408553522686388,0.0005053731589153,0.0001310204026152,2132,5.8437753992983845,0.1946529080675422,0.5196998123827392,0.0005037064509272,0.0005037064509272,0.0002465180971793,1.197286193154731,-0.2170918108558793,0.0,0.266456515711612,1.485926137335819,0.2552714502657555,132386,371152,2091,21171,503538,0.9558428246013668,0.2629116372547851,0.984450872639931,0.053963188495194,0.5192070305675626,0.4149933778986387,1.0299296571593717,0.0004395273100482,0.0003774972953072,2179,5.956275543423583,0.2542450665442863,0.5277650298301974,0.0004296793780884,0.0004296793780884,0.0004334479456897,1.1229006536957329,-0.3108276105845287,0.0,0.3412833228904741,1.3369427820274231,BTCUSDT,SUBE,v4_63_balanceado,63,0.1866463504185636,0.22477899383667435,0.07626528683622152,0.9750023974682736,0.9797266350541023,0.009448475171657478,0.3133143981222298,0.36415388801043425,0.10167897977640894,1.0299296571593717,1.0353925047140051,0.010925695109267108,2132,2155.5,47,0.1946529080675422,0.22444898730591425,0.059592158476744095,0.5196998123827392,0.5237324211064682,0.00806521744745814,0.0004296793780884,0.0004666929145078,7.402707283880004e-05,1.1229006536957329,1.160093423425232,0.07438553945899806,-0.3108276105845287,-0.26395971072020397,0.09373579972864937,0.266456515711612,0.303869919301043,0.07482680717886209,1.3369427820274231,1.411434459681621,0.1489833553083959
0.22,0.1793201620299602,90812,392040,3037,37471,482852,0.9226001222867624,0.1880741925061923,0.9676395060149816,0.0872410718235388,0.5274402889192602,0.3149361627602519,1.048817881810577,0.0005082429869185,0.000131997566898,2124,5.821847536636852,0.1925612052730697,0.5084745762711864,0.000489674202466,0.000489674202466,7.889908360370068e-05,1.19545539667754,-0.2028336068500897,0.0,0.266456515711612,1.485926137335819,0.2552714502657555,131707,365633,2770,26690,497340,0.9440774487471526,0.264822857602445,0.9794016820720272,0.0680306788029251,0.5237161804374761,0.4169150244453695,1.0374166689096875,0.0004448589238131,0.0003902157285518,2175,5.945341581893664,0.2468965517241379,0.5282758620689655,0.0004272334921172,0.0004272334921172,0.0003972236661868,1.1241045958927425,-0.3166964089969246,0.0,0.3412833228904741,1.3369427820274231,BTCUSDT,SUBE,v4_63_balanceado,63,0.1880741925061923,0.22644852505431867,0.0767486650962527,0.9676395060149816,0.9735205940435043,0.011762176057045548,0.3149361627602519,0.3659255936028107,0.1019788616851176,1.0374166689096875,1.043117275360132,0.011401212900889357,2124,2149.5,51,0.1925612052730697,0.21972887849860379,0.05433534645106822,0.5084745762711864,0.5183752191700759,0.019801285797779067,0.0004272334921172,0.0004584538472916,6.244071034879994e-05,1.1241045958927425,1.1597799962851414,0.07135080078479761,-0.3166964089969246,-0.25976500792350715,0.11386280214683489,0.266456515711612,0.303869919301043,0.07482680717886209,1.3369427820274231,1.411434459681621,0.1489833553083959
0.23,0.1793201620299602,89972,384855,3877,44656,474827,0.9072665087129318,0.1894837488179905,0.958688957793903,0.1039693977569841,0.5313291777754435,0.316426225126434,1.056678438570294,0.0005100213507189,0.0001309691604478,2112,5.7889557426445535,0.1946022727272727,0.5089962121212122,0.0004965458996093,0.0004965458996093,7.337520804084896e-05,1.1969566455547702,-0.2028336068500901,0.0,0.266456515711612,1.485926137335819,0.2552714502657555,131002,359462,3475,32861,490464,0.9310250569476082,0.2670980948652704,0.9741591498918032,0.0837600650484422,0.5289596074701226,0.4192459768202117,1.0463296799826325,0.0004531174018968,0.0004071781110724,2164,5.9152731876863855,0.2486136783733826,0.5157116451016636,0.0004197910998805,0.0004197910998805,0.0002636813846447,1.1216771394866984,-0.2970443432583961,0.0,0.3412833228904741,1.3369427820274231,BTCUSDT,SUBE,v4_63_balanceado,63,0.1894837488179905,0.22829092184163047,0.07761434604727993,0.958688957793903,0.966424053842853,0.015470192097900237,0.316426225126434,0.36783610097332287,0.10281975169377772,1.0463296799826325,1.0515040592764633,0.0103487585876616,2112,2138.0,52,0.1946022727272727,0.22160797555032766,0.0540114056461099,0.5089962121212122,0.5123539286114378,0.006715432980451408,0.0004197910998805,0.0004581684997449,7.675479972879995e-05,1.1216771394866984,1.1593168925207342,0.07527950606807177,-0.2970443432583961,-0.24993897505424312,0.09421073640830602,0.266456515711612,0.303869919301043,0.07482680717886209,1.3369427820274231,1.411434459681621,0.1489833553083959
0.24,0.1793201620299602,88950,377263,4899,52248,466213,0.8908074747783552,0.1907926205403967,0.947799124124924,0.1216453129256293,0.5347222185252767,0.3176434037660116,1.0639775158608196,0.0005055200693773,0.0001259502530541,2102,5.761545914317638,0.1845861084681256,0.5066603235014272,0.0004977021065756,0.0004977021065756,8.590220628068579e-05,1.19892166862069,-0.2023688892727532,0.0,0.266456515711612,1.485926137335819,0.2552714502657555,130272,352974,4205,39349,483246,0.9173234624145786,0.2695769856346457,0.9687307123151172,0.1002974589815024,0.5345140856483098,0.4217812838440531,1.0560404829995569,0.000462483341015,0.0004273496811656,2158,5.898872245391506,0.2567191844300278,0.5347544022242817,0.0004352958416597,0.0004352958416597,0.0006150239778265,1.1221267690413192,-0.2941046916368117,0.0,0.3412833228904741,1.3369427820274231,BTCUSDT,SUBE,v4_63_balanceado,63,0.1907926205403967,0.2301848030875212,0.07878436509424902,0.947799124124924,0.9582649182200206,0.02093158819019325,0.3176434037660116,0.3697123438050324,0.10413788007804153,1.0560404829995569,1.0600089994301882,0.007937032861262683,2102,2130.0,56,0.1845861084681256,0.22065264644907667,0.07213307596190219,0.5066603235014272,0.5207073628628545,0.02809407872285452,0.0004352958416597,0.00046649897411764997,6.240626491589997e-05,1.1221267690413192,1.1605242188310045,0.0767948995793708,-0.2941046916368117,-0.24823679045478245,0.09173580236405848,0.266456515711612,0.303869919301043,0.07482680717886209,1.3369427820274231,1.411434459681621,0.1489833553083959
0.25,0.1793201620299602,87818,369095,6031,60416,456913,0.8730376796086824,0.1921985148157307,0.9357371948555658,0.1406622880438452,0.5381997414497055,0.3188963653992105,1.0718176508429589,0.00050050523783,0.000117824319145,2085,5.714949206161882,0.1928057553956834,0.5074340527577937,0.0005087229738184,0.0005087229738184,7.519747883355521e-05,1.1997614647449195,-0.20283360685009,0.0,0.266456515711612,1.485926137335819,0.2552714502657555,129355,346316,5122,46007,475671,0.9029441913439636,0.2719421617042031,0.9619117023728964,0.117268169340059,0.5395899358564777,0.4240118790850745,1.0653058202203662,0.0004708843607231,0.0004442092058065,2154,5.887938283861587,0.2525533890436397,0.531104921077066,0.0004299928287627,0.0004299928287627,0.000476637670312,1.1239955572702345,-0.2933992592675811,0.0,0.3412833228904741,1.3369427820274231,BTCUSDT,SUBE,v4_63_balanceado,63,0.1921985148157307,0.2320703382599669,0.07974364688847241,0.9357371948555658,0.9488244486142311,0.026174507517330525,0.3188963653992105,0.37145412224214247,0.10511551368586397,1.0653058202203662,1.0685617355316626,0.00651183062259264,2085,2119.5,69,0.1928057553956834,0.22267957221966156,0.05974763364795632,0.5074340527577937,0.5192694869174299,0.02367086831927223,0.0004299928287627,0.00046935790129055,7.873014505570004e-05,1.1239955572702345,1.1618785110075769,0.07576590747468503,-0.2933992592675811,-0.24811643305883554,0.0905656524174911,0.266456515711612,0.303869919301043,0.07482680717886209,1.3369427820274231,1.411434459681621,0.1489833553083959
0.26,0.1793201620299602,86604,360318,7245,69193,446922,0.8539475695505961,0.1937787801898317,0.9228015215931976,0.1610971546712424,0.54194933813222,0.3202982408450157,1.080630186791019,0.0004979965721273,0.0001124556200403,2077,5.69302134350035,0.1872893596533461,0.5016851227732306,0.000491914503876,0.000491914503876,1.0100692016346002e-05,1.1924689899879624,-0.2037672448469472,0.0,0.266456515711612,1.485926137335819,0.2552714502657555,128205,339138,6272,53185,467343,0.8871355353075171,0.2743274211874362,0.9533600541356516,0.1355643181766044,0.544462186156128,0.4260576252035492,1.0746498321760702,0.0004753992608978,0.0004538240901093,2140,5.849669418506869,0.2546728971962617,0.5322429906542057,0.000445811156701,0.000445811156701,0.0005065349845818,1.1289783718641273,-0.2945564294513814,0.0,0.3412833228904741,1.3369427820274231,BTCUSDT,SUBE,v4_63_balanceado,63,0.1937787801898317,0.23405310068863394,0.0805486409976045,0.9228015215931976,0.9380807878644246,0.030558532542453998,0.3202982408450157,0.3731779330242824,0.10575938435853349,1.0746498321760702,1.0776400094835448,0.005980354614948835,2077,2108.5,63,0.1872893596533461,0.22098112842480389,0.0673835375429156,0.5016851227732306,0.5169640567137181,0.03055786788097503,0.000445811156701,0.0004688628302885,4.610334717500004e-05,1.1289783718641273,1.1607236809260448,0.06349061812383505,-0.2945564294513814,-0.2491618371491643,0.09078918460443419,0.266456515711612,0.303869919301043,0.07482680717886209,1.3369427820274231,1.411434459681621,0.1489833553083959
0.27,0.1793201620299602,85197,350527,8652,78984,435724,0.8325512075817793,0.1955297390090975,0.907809353322891,0.1838928455848628,0.5458510994538769,0.3217573403477896,1.0903946148366128,0.0004992700444131,0.0001069443472515,2058,5.64094266967921,0.1831875607385811,0.5058309037900874,0.000500129046579,0.000500129046579,7.602588102362251e-05,1.1897789855168313,-0.2039829679624462,0.0,0.266456515711612,1.485926137335819,0.2552714502657555,126739,331585,7738,60738,458324,0.8700151860288534,0.2765270856424712,0.9424585616871286,0.1548163120693918,0.5486374368782602,0.4275937456245856,1.0832667944440602,0.0004742665266588,0.0004553454383032,2133,5.83053498582951,0.2658227848101265,0.5269573370839193,0.0004569806391075,0.0004569806391075,0.0005281763220064,1.1286438724596688,-0.2987237236976349,0.0,0.3412833228904741,1.3369427820274231,BTCUSDT,SUBE,v4_63_balanceado,63,0.1955297390090975,0.23602841232578436,0.08099734663337368,0.907809353322891,0.9251339575050098,0.03464920836423757,0.3217573403477896,0.37467554298618755,0.105836405276796,1.0832667944440602,1.0868307046403365,0.007127820392552664,2058,2095.5,75,0.1831875607385811,0.2245051727743538,0.08263522407154539,0.5058309037900874,0.5163941204370034,0.021126433293831903,0.0004569806391075,0.00047855484284325,4.314840747149997e-05,1.1286438724596688,1.15921142898825,0.06113511305716246,-0.2987237236976349,-0.25135334583004054,0.0947407557351887,0.266456515711612,0.303869919301043,0.07482680717886209,1.3369427820274231,1.411434459681621,0.1489833553083959
0.28,0.1793201620299602,83726,340261,10123,89250,423987,0.8101249617853867,0.197473035729869,0.8921352385214547,0.207794445311063,0.5499648419162588,0.3233687885739887,1.1012316378393403,0.0005050314590863,0.0001062305957824,2039,5.588863995858071,0.1888180480627758,0.4982834722903384,0.000499750430566,0.000499750430566,-6.7272374311144745e-06,1.1892606234951302,-0.2062402808707663,0.0,0.266456515711612,1.485926137335819,0.2552714502657555,125030,323442,9447,68881,448472,0.8513135914958239,0.2787910950962379,0.9297500687849968,0.1755721688506664,0.5526611188178315,0.4289569070364645,1.09213582171448,0.0004731032556636,0.0004580473749229,2127,5.814134043534631,0.2637517630465444,0.5256229431123648,0.0004556946414844,0.0004556946414844,0.0004532211805148,1.1290389153094529,-0.2989682865550824,0.0,0.3412833228904741,1.3369427820274231,BTCUSDT,SUBE,v4_63_balanceado,63,0.197473035729869,0.23813206541305343,0.0813180593663689,0.8921352385214547,0.9109426536532257,0.037614830263542065,0.3233687885739887,0.3761628478052266,0.10558811846247579,1.09213582171448,1.09668372977691,0.009095816124860212,2039,2083.0,88,0.1888180480627758,0.2262849055546601,0.0749337149837686,0.4982834722903384,0.5119532077013516,0.027339470822026368,0.0004556946414844,0.0004777225360252,4.405578908160007e-05,1.1290389153094529,1.1591497694022914,0.06022170818567729,-0.2989682865550824,-0.2526042837129243,0.0927280056843161,0.266456515711612,0.303869919301043,0.07482680717886209,1.3369427820274231,1.411434459681621,0.1489833553083959
0.29,0.1793201620299602,82106,329282,11743,100229,411388,0.7860516661571385,0.1995828755335595,0.8748734669522318,0.2333560723706726,0.5541147696614522,0.3250197432096224,1.1129974079557985,0.0005137760020583,0.0001111102972706,2011,5.512116476542707,0.1805072103431128,0.5067130780706116,0.0004845837023147,0.0004845837023147,7.460015936322506e-05,1.1852068025509523,-0.213310161732378,0.0,0.266456515711612,1.485926137335819,0.2552714502657555,123024,314909,11453,77414,437933,0.8313078967350038,0.2809196840612605,0.914833019772898,0.1973221044904326,0.5560775621316654,0.4298457399416502,1.100474352963496,0.000466831295874,0.0004589900082754,2118,5.789532630092312,0.2658168083097261,0.5283286118980169,0.0004693209652492,0.0004693209652492,0.0005304730815385,1.133372733964041,-0.2985103234489231,0.0,0.3412833228904741,1.3369427820274231,BTCUSDT,SUBE,v4_63_balanceado,63,0.1995828755335595,0.24025127979741,0.081336808527701,0.8748734669522318,0.8948532433625649,0.03995955282066621,0.3250197432096224,0.37743274157563633,0.1048259967320278,1.100474352963496,1.1067358804596472,0.012523054992302551,2011,2064.5,107,0.1805072103431128,0.22316200932641944,0.0853095979666133,0.5067130780706116,0.5175208449843143,0.02161553382740533,0.0004693209652492,0.00047695233378195,1.5262737065499987e-05,1.133372733964041,1.1592897682574965,0.05183406858691142,-0.2985103234489231,-0.25591024259065054,0.0852001617165451,0.266456515711612,0.303869919301043,0.07482680717886209,1.3369427820274231,1.411434459681621,0.1489833553083959
0.3,0.1793201620299602,80330,317145,13519,112366,397475,0.7594676704371752,0.2021007610541543,0.85594945071338,0.2616137887038982,0.558781619708639,0.3269939998860222,1.1270386930633487,0.0005240433593703,0.0001162978877027,1986,5.443591905725419,0.1873111782477341,0.5055387713997986,0.00048642433452,0.00048642433452,0.0001055551482833,1.1843078667945288,-0.2038584143829614,0.0,0.266456515711612,1.485926137335819,0.2552714502657555,120810,305608,13667,86715,426418,0.8094495064540622,0.2833135561819623,0.8983692378622367,0.2210296108053823,0.5596994243338095,0.4307758136549621,1.1098521040524234,0.0004629687060585,0.0004658819935837,2103,5.748530274355114,0.2610556348074179,0.5249643366619116,0.0004463882740362,0.0004463882740362,0.0004229601602361,1.1271732680210969,-0.3183231913200357,0.0,0.3412833228904741,1.3369427820274231,BTCUSDT,SUBE,v4_63_balanceado,63,0.2021007610541543,0.2427071586180583,0.08121279512780799,0.85594945071338,0.8771593442878083,0.042419787148856636,0.3269939998860222,0.37888490677049214,0.10378181376893991,1.1098521040524234,1.1184453985578862,0.01718658901092529,1986,2044.5,117,0.1873111782477341,0.224183406527576,0.07374445655968379,0.5055387713997986,0.5152515540308551,0.01942556526211292,0.0004463882740362,0.0004664063042781,4.0036060483799956e-05,1.1271732680210969,1.155740567407813,0.057134598773431966,-0.3183231913200357,-0.26109080285149855,0.11446477693707433,0.266456515711612,0.303869919301043,0.07482680717886209,1.3369427820274231,1.411434459681621,0.1489833553083959
0.31,0.1793201620299602,78510,304159,15339,125352,382669,0.7311773922347906,0.2051642542249306,0.8365565962343765,0.2918481715252927,0.5642023838798347,0.3295153593358488,1.1441226234819732,0.0005413806902912,0.0001245393929421,1963,5.380549300573513,0.1961283749363219,0.5033112582781457,0.0005017491091545,0.0005017491091545,1.8931168920266472e-05,1.1866959181017551,-0.2072049497133901,0.0,0.266456515711612,1.485926137335819,0.2552714502657555,118305,295814,16172,96509,414119,0.7861028853454821,0.2856787541745247,0.8797415171367594,0.2459937347542713,0.5628676259455154,0.4313009938096522,1.1191175271543805,0.0004538150383535,0.0004657491546904,2083,5.693860466705518,0.2664426308209313,0.5204032645223235,0.0004614736788167,0.0004614736788167,0.0003731922915266,1.1273082712391405,-0.3243674604735558,0.0,0.3412833228904741,1.3369427820274231,BTCUSDT,SUBE,v4_63_balanceado,63,0.2051642542249306,0.24542150419972764,0.08051449994959411,0.8365565962343765,0.858149056685568,0.043184920902382906,0.3295153593358488,0.3804081765727505,0.1017856344738034,1.1191175271543805,1.1316200753181769,0.025005096327592735,1963,2023.0,120,0.1961283749363219,0.2312855028786266,0.07031425588460938,0.5033112582781457,0.5118572614002346,0.017092006244177838,0.0004614736788167,0.0004816113939856,4.02754303378e-05,1.1273082712391405,1.1570020946704478,0.05938764686261466,-0.3243674604735558,-0.26578620509347295,0.1171625107601657,0.266456515711612,0.303869919301043,0.07482680717886209,1.3369427820274231,1.411434459681621,0.1489833553083959
0.32,0.1793201620299602,76391,290742,17458,138769,367133,0.7014922806481199,0.2080744580301961,0.813977772805251,0.323086021079786,0.5685318969425185,0.331427257463415,1.1603517177027294,0.0005575790281245,0.0001361735687488,1938,5.312024729756224,0.2053663570691434,0.5087719298245614,0.0004966404652053,0.0004966404652053,0.0001338304490452,1.1838698641401766,-0.2041653787794328,0.0,0.266456515711612,1.485926137335819,0.2552714502657555,115552,285585,18925,106738,401137,0.7614597570235383,0.2880611860785717,0.8592696148783807,0.272066638968401,0.5656681269233909,0.4314749054356308,1.1284504623555818,0.000441399285301,0.0004665002111718,2068,5.65285811096832,0.2659574468085106,0.5251450676982592,0.0004911470818692,0.0004911470818692,0.0003890524277242,1.1377353744012144,-0.318151999674969,0.0,0.3412833228904741,1.3369427820274231,BTCUSDT,SUBE,v4_63_balanceado,63,0.2080744580301961,0.24806782205438388,0.07998672804837556,0.813977772805251,0.8366236938418159,0.04529184207312975,0.331427257463415,0.3814510814495229,0.10004764797221577,1.1284504623555818,1.1444010900291555,0.031901255347147606,1938,2003.0,130,0.2053663570691434,0.235661901938827,0.060591089739367165,0.5087719298245614,0.5169584987614103,0.016373137873697763,0.0004911470818692,0.00049389377353725,5.49338333609992e-06,1.1377353744012144,1.1608026192706955,0.04613448973896217,-0.318151999674969,-0.26115868922720087,0.11398662089553618,0.266456515711612,0.303869919301043,0.07482680717886209,1.3369427820274231,1.411434459681621,0.1489833553083959
0.33,0.1793201620299602,74323,276820,19526,152691,351143,0.6709396973402629,0.2116602068103308,0.7919423755181195,0.3554996263192328,0.5737210009186762,0.3340419603049043,1.180348068026881,0.0005820182388719,0.0001554335689879,1916,5.25172310743701,0.2061586638830897,0.5135699373695198,0.0004973764284908,0.0004973764284908,0.0002264887874741,1.1823679542123355,-0.2023651737994037,0.0,0.266456515711612,1.485926137335819,0.2552714502657555,112607,275163,21870,117160,387770,0.736085801063022,0.2903963689816128,0.837369959175175,0.2986314847714765,0.5680007219733257,0.4312403900836194,1.1375983043904432,0.0004326977017478,0.0004669892299662,2050,5.603655284083683,0.2619512195121951,0.5336585365853659,0.0004768799548523,0.0004768799548523,0.0005150696525251,1.133872747370522,-0.3213274679644051,0.0,0.3412833228904741,1.3369427820274231,BTCUSDT,SUBE,v4_63_balanceado,63,0.2116602068103308,0.2510282878959718,0.07873616217128201,0.7919423755181195,0.8146561673466473,0.04542758365705546,0.3340419603049043,0.3826411751942619,0.09719842977871512,1.1375983043904432,1.158973186208662,0.04274976363643779,1916,1983.0,134,0.2061586638830897,0.2340549416976424,0.05579255562910537,0.5135699373695198,0.5236142369774428,0.020088599215846048,0.0004768799548523,0.00048712819167155,2.0496473638500004e-05,1.133872747370522,1.1581203507914286,0.04849520684181363,-0.3213274679644051,-0.2618463208819044,0.1189622941650014,0.266456515711612,0.303869919301043,0.07482680717886209,1.3369427820274231,1.411434459681621,0.1489833553083959
0.34,0.1793201620299602,72049,262864,21800,166647,334913,0.6399285386731887,0.2151275107266663,0.7677119628339141,0.3879923913473694,0.5778521770906417,0.3360792234386443,1.1996838966201886,0.000597292081305,0.0001700371605124,1875,5.139342811296657,0.1989333333333333,0.5168,0.0004995146300525,0.0004995146300525,0.0002308036802953,1.1798530213406186,-0.2080860060377808,0.0,0.266456515711612,1.485926137335819,0.2552714502657555,109479,264263,24998,128060,373742,0.709457099468489,0.2929266713401223,0.8141094759698685,0.3264147144062418,0.5702620951880552,0.4308339515051583,1.1475105070902567,0.0004246165113995,0.0004692459034248,2033,5.557185947581526,0.2685686178061977,0.5238563698967044,0.0004660648861737,0.0004660648861737,0.0004757588174784,1.129898736301009,-0.3200667935215351,0.0,0.3412833228904741,1.3369427820274231,BTCUSDT,SUBE,v4_63_balanceado,63,0.2151275107266663,0.25402709103339427,0.07779916061345599,0.7677119628339141,0.7909107194018913,0.046397513135954416,0.3360792234386443,0.3834565874719013,0.09475472806651397,1.1475105070902567,1.1735972018552228,0.05217338952993189,1875,1954.0,158,0.1989333333333333,0.23375097556976548,0.06963528447286438,0.5168,0.5203281849483522,0.007056369896704329,0.0004660648861737,0.00048278975811310004,3.344974387880004e-05,1.129898736301009,1.1548758788208138,0.04995428503960975,-0.3200667935215351,-0.26407639977965797,0.11198078748375431,0.266456515711612,0.303869919301043,0.07482680717886209,1.3369427820274231,1.411434459681621,0.1489833553083959
0.35,0.1793201620299602,69671,248422,24178,181089,318093,0.607790048914705,0.2190271398616128,0.7423733870366227,0.4216166757079562,0.5819950313722895,0.3382563564773682,1.2214306377049693,0.0006176113717794,0.0001911944703829,1849,5.068077257646676,0.2033531638723634,0.5100054083288263,0.0004913584514491,0.0004913584514491,0.0001531090382971,1.1769565086910383,-0.2150615535290375,0.0,0.266456515711612,1.485926137335819,0.2552714502657555,106279,253436,28198,138887,359715,0.6828302961275626,0.2954533450092434,0.7903135852227519,0.3540118728700586,0.5721627290464052,0.4301121831191116,1.1574084947676513,0.0004139977386024,0.0004673576967593,2013,5.502516139931928,0.2682563338301043,0.5166418281172379,0.0004548174546998,0.0004548174546998,0.0003788064250309,1.125926317431362,-0.3253641695398345,0.0,0.3412833228904741,1.3369427820274231,BTCUSDT,SUBE,v4_63_balanceado,63,0.2190271398616128,0.2572402424354281,0.07642620514763063,0.7423733870366227,0.7663434861296873,0.04794019818612916,0.3382563564773682,0.3841842697982399,0.09185582664174341,1.1574084947676513,1.1894195662363103,0.064022142937318,1849,1931.0,164,0.2033531638723634,0.23580474885123384,0.06490316995774087,0.5100054083288263,0.5133236182230321,0.006636419788411563,0.0004548174546998,0.00047308795307445,3.654099674930001e-05,1.125926317431362,1.1514414130612,0.05103019125967623,-0.3253641695398345,-0.270212861534436,0.110302616010797,0.266456515711612,0.303869919301043,0.07482680717886209,1.3369427820274231,1.411434459681621,0.1489833553083959
0.36,0.1793201620299602,67227,233594,26622,195917,300821,0.574787908896362,0.2234784140734855,0.7163315538791036,0.4561396564930817,0.5862356051860926,0.3406744875465579,1.2462536925220238,0.0006432903503303,0.0002210313090489,1821,4.991329738331313,0.1987918725974739,0.5118066996155958,0.0005115213622855,0.0005115213622855,0.0001777090211596,1.1885478639781983,-0.2049857065670627,0.0,0.266456515711612,1.485926137335819,0.2552714502657555,102975,242541,31502,149782,345516,0.655876993166287,0.298032507901226,0.765744328026354,0.3817823579040739,0.5737633429652139,0.42906875725271,1.1675121036486973,0.0004063980218518,0.0004609853018039,1990,5.439645861134892,0.2718592964824121,0.521105527638191,0.0004806258639666,0.0004806258639666,0.0003894090999503,1.1301446953581589,-0.3401835224470622,0.0,0.3412833228904741,1.3369427820274231,BTCUSDT,SUBE,v4_63_balanceado,63,0.2234784140734855,0.26075546098735575,0.07455409382774048,0.7163315538791036,0.7410379409527288,0.049412774147250316,0.3406744875465579,0.3848716223996339,0.0883942697061521,1.1675121036486973,1.2068828980853605,0.0787415888733265,1821,1905.5,169,0.1987918725974739,0.235325584539943,0.07306742388493817,0.5118066996155958,0.5164561136268934,0.009298828022595185,0.0004806258639666,0.00049607361312605,3.08954983189e-05,1.1301446953581589,1.1593462796681786,0.05840316862003947,-0.3401835224470622,-0.27258461450706245,0.1351978158799995,0.266456515711612,0.303869919301043,0.07482680717886209,1.3369427820274231,1.411434459681621,0.1489833553083959
0.37,0.1793201620299602,64634,218255,29215,211256,282889,0.5405246866401712,0.2284783077461477,0.6887020639537981,0.4918523623376351,0.5902772131457166,0.3431243994500156,1.274136188366673,0.0006821535274499,0.0002535784449306,1793,4.91458221901595,0.2052426101505856,0.5153374233128835,0.0005176742533499,0.0005176742533499,0.0001909912148265,1.1902063433228656,-0.2086895974539379,0.0,0.266456515711612,1.485926137335819,0.2552714502657555,99725,231624,34752,160699,331349,0.6289844343204252,0.300966654494204,0.7415766264863136,0.4096089191813888,0.5755927728338512,0.428164164301692,1.1790063251526035,0.0004077920087132,0.0004724032583394,1971,5.387709543867775,0.2714358193810248,0.5205479452054794,0.0004535487479117,0.0004535487479117,0.0003681729482387,1.1226637441743472,-0.3663342987052018,0.0,0.3412833228904741,1.3369427820274231,BTCUSDT,SUBE,v4_63_balanceado,63,0.2284783077461477,0.2647224811201758,0.07248834674805632,0.6887020639537981,0.7151393452200558,0.052874562532515545,0.3431243994500156,0.3856442818758538,0.08503976485167641,1.1790063251526035,1.2265712567596383,0.09512986321406958,1793,1882.0,178,0.2052426101505856,0.2383392147658052,0.0661932092304392,0.5153374233128835,0.5179426842591814,0.005210521892595965,0.0004535487479117,0.0004856115006308,6.412550543819997e-05,1.1226637441743472,1.1564350437486064,0.06754259914851835,-0.3663342987052018,-0.2875119480795698,0.1576447012512639,0.266456515711612,0.303869919301043,0.07482680717886209,1.3369427820274231,1.411434459681621,0.1489833553083959
0.38,0.1793201620299602,61902,202932,31947,226579,264834,0.5060264445123815,0.2337388703867328,0.659591471406195,0.5275278165169227,0.5935596439615589,0.3451627202850428,1.3034723354068822,0.0007367365907336,0.0002923664490366,1761,4.82687076836982,0.1998864281658148,0.5190232822260079,0.0005529920722195,0.0005529920722195,0.0001777090211596,1.2030158117911782,-0.2031595375438697,0.0,0.266456515711612,1.485926137335819,0.2552714502657555,96286,220690,38191,171633,316976,0.6017008352315869,0.3037643228509414,0.7160034801490218,0.4374788121012533,0.5767411461251375,0.4265604614433839,1.1899659070166344,0.0004151855533353,0.0004869528750247,1946,5.319372284305779,0.2738951695786228,0.5236382322713258,0.000460130560515,0.000460130560515,0.0003928634404986,1.1234235178776908,-0.3569036741315398,0.0,0.3412833228904741,1.3369427820274231,BTCUSDT,SUBE,v4_63_balanceado,63,0.2337388703867328,0.2687515966188371,0.0700254524642086,0.659591471406195,0.6877974757776084,0.056412008742826814,0.3451627202850428,0.38586159086421334,0.08139774115834109,1.1899659070166344,1.2467191212117583,0.11350642839024783,1761,1853.5,185,0.1998864281658148,0.2368907988722188,0.074008741412808,0.5190232822260079,0.5213307572486668,0.004614950045317867,0.000460130560515,0.00050656131636725,9.286151170450003e-05,1.1234235178776908,1.1632196648344344,0.07959229391348743,-0.3569036741315398,-0.28003160583770476,0.15374413658767008,0.266456515711612,0.303869919301043,0.07482680717886209,1.3369427820274231,1.411434459681621,0.1489833553083959
0.39,0.1793201620299602,58872,188035,34977,241476,246907,0.4717727759095078,0.238437954371484,0.6273055653230188,0.5622114451085071,0.5947585052157629,0.3455375694045006,1.329677330604054,0.0007951830040188,0.0003397971830214,1724,4.725454403560232,0.2088167053364269,0.5179814385150812,0.0005501333889225,0.0005501333889225,0.0002404857232761,1.196643191173181,-0.2034853109216259,0.0,0.266456515711612,1.485926137335819,0.2552714502657555,92882,209596,41595,182727,302478,0.5741799544419134,0.3070702662672988,0.6906906013667765,0.4657565322451144,0.5782235668059454,0.4251330228513233,1.2029166048440478,0.0004299716130948,0.0005126688672906,1930,5.275636438186101,0.2792746113989637,0.5259067357512953,0.0004526877803769,0.0004526877803769,0.0004783866898618,1.1212787433165987,-0.3585210523500548,0.0,0.3412833228904741,1.3369427820274231,BTCUSDT,SUBE,v4_63_balanceado,63,0.238437954371484,0.2727541103193914,0.06863231189581478,0.6273055653230188,0.6589980833448976,0.06338503604375767,0.3455375694045006,0.38533529612791195,0.07959545344682273,1.2029166048440478,1.2662969677240508,0.12676072576000608,1724,1827.0,206,0.2088167053364269,0.24404565836769532,0.0704579060625368,0.5179814385150812,0.5219440871331882,0.007925297236214157,0.0004526877803769,0.0005014105846497,9.744560854559997e-05,1.1212787433165987,1.15896096724489,0.07536444785658225,-0.3585210523500548,-0.28100318163584037,0.15503574142842894,0.266456515711612,0.303869919301043,0.07482680717886209,1.3369427820274231,1.411434459681621,0.1489833553083959
0.4,0.1793201620299602,55784,173398,38065,256113,229182,0.437905074900642,0.2434048049148711,0.5944016451960064,0.5962897341395215,0.5953456896677639,0.3453786169129278,1.3573755575471975,0.0008565895034212,0.0003880752940622,1687,4.624038038750645,0.2145820983995257,0.5133372851215174,0.0005720926483889,0.0005720926483889,0.000212114387027,1.197992747329081,-0.2036857468715321,0.0,0.266456515711612,1.485926137335819,0.2552714502657555,89420,198350,45057,193973,287770,0.5462604403948368,0.3107342669492998,0.6649464220647398,0.4944216882517721,0.5796840551582559,0.423543565732853,1.2172699556719078,0.0004536907081241,0.0005538457159197,1908,5.2154996497715445,0.2772536687631027,0.5246331236897275,0.0004603598604105,0.0004603598604105,0.0004598454521506,1.1237204815407078,-0.3596551831045359,0.0,0.3412833228904741,1.3369427820274231,BTCUSDT,SUBE,v4_63_balanceado,63,0.2434048049148711,0.27706953593208544,0.06732946203442869,0.5944016451960064,0.629674033630373,0.0705447768687334,0.3453786169129278,0.3844610913228904,0.0781649488199252,1.2172699556719078,1.2873227566095526,0.14010560187528975,1687,1797.5,221,0.2145820983995257,0.2459178835813142,0.06267157036357701,0.5133372851215174,0.5189852044056225,0.011295838568210037,0.0004603598604105,0.0005162262543997,0.00011173278797840005,1.1237204815407078,1.1608566144348944,0.0742722657883732,-0.3596551831045359,-0.281670464988034,0.15596943623300383,0.266456515711612,0.303869919301043,0.07482680717886209,1.3369427820274231,1.411434459681621,0.1489833553083959
0.41,0.1793201620299602,52495,159323,41354,270188,211818,0.4047271476612656,0.2478306848332058,0.5593559867446642,0.6290595584280728,0.5942077725863686,0.3434783604379929,1.3820569980959478,0.0009045360907094,0.0004203246538647,1649,4.519880691108366,0.2189205579138872,0.5166767738023045,0.0006106547007051,0.0006106547007051,0.0001945983872999,1.2117798475185992,-0.1974538455367794,0.0,0.266456515711612,1.485926137335819,0.2552714502657555,85952,187413,48525,204910,273365,0.5189160971905846,0.31442210963364,0.6391576254675521,0.5222992279320866,0.5807284266998194,0.4214965599423305,1.231716705124308,0.000482157243678,0.0006035722288009,1877,5.1307614479146695,0.2738412360149174,0.527437400106553,0.0004440819970796,0.0004440819970796,0.0004372981564737,1.1192045738728065,-0.3752085458520582,0.0,0.3412833228904741,1.3369427820274231,BTCUSDT,SUBE,v4_63_balanceado,63,0.2478306848332058,0.2811263972334229,0.06659142480043417,0.5593559867446642,0.5992568061061081,0.07980163872288781,0.3434783604379929,0.38248746019016167,0.07801819950433758,1.231716705124308,1.306886851610128,0.15034029297163976,1649,1763.0,228,0.2189205579138872,0.2463808969644023,0.054920678101030185,0.5166767738023045,0.5220570869544288,0.010760626304248566,0.0004440819970796,0.00052736834889235,0.00016657270362550002,1.1192045738728065,1.1654922106957029,0.09257527364579277,-0.3752085458520582,-0.2863311956944188,0.17775470031527882,0.266456515711612,0.303869919301043,0.07482680717886209,1.3369427820274231,1.411434459681621,0.1489833553083959
0.42,0.1793201620299602,49325,145558,44524,283953,194883,0.3723689238764903,0.2531005782956954,0.5255783226246417,0.6611076317020984,0.59334297716337,0.3416663203247302,1.4114451795632892,0.0009669288731827,0.0004718629314712,1605,4.399277446469938,0.222429906542056,0.5077881619937694,0.0005408441643317,0.0005408441643317,0.0001223774201719,1.1811714932142456,-0.208600675212672,0.0,0.266456515711612,1.485926137335819,0.2552714502657555,82434,176612,52043,215711,259046,0.4917350037965072,0.3182214741783312,0.6129970180774408,0.5498301144720039,0.5814135662747224,0.4189539112072229,1.246600330146753,0.0005178548575384,0.0006648600470985,1844,5.040556265292834,0.2792841648590021,0.527114967462039,0.0004699886835622,0.0004699886835622,0.0004939823088732,1.1247961620204872,-0.3512150200440437,0.0,0.3412833228904741,1.3369427820274231,BTCUSDT,SUBE,v4_63_balanceado,63,0.2531005782956954,0.2856610262370133,0.06512089588263581,0.5255783226246417,0.5692876703510412,0.08741869545279912,0.3416663203247302,0.38031011576597656,0.07728759088249271,1.246600330146753,1.329022754855021,0.1648448494165362,1605,1724.5,239,0.222429906542056,0.25085703570052903,0.0568542583169461,0.5077881619937694,0.5174515647279042,0.019326805468269592,0.0004699886835622,0.00050541642394695,7.085548076949999e-05,1.1247961620204872,1.1529838276173665,0.05637533119375848,-0.3512150200440437,-0.27990784762835785,0.1426143448313717,0.266456515711612,0.303869919301043,0.07482680717886209,1.3369427820274231,1.411434459681621,0.1489833553083959
0.43,0.1793201620299602,46125,132614,47724,296897,178739,0.341522088046469,0.2580578385243288,0.491480996068152,0.6912442289021702,0.5913626124851611,0.3384228212540537,1.4390899249868694,0.0010252247529501,0.0005186072390517,1565,4.289638133162276,0.2255591054313099,0.513738019169329,0.0005170813321695,0.0005170813321695,0.0001848431991791,1.1739530187456195,-0.2124547207344806,0.0,0.266456515711612,1.485926137335819,0.2552714502657555,78830,165990,55647,226333,244820,0.4647304479878512,0.3219916673474389,0.5861968961235007,0.5769047443050751,0.5815508202142878,0.4156637147143267,1.2613696792658289,0.0005537294159403,0.0007212465538777,1817,4.966752024965879,0.2779306549257017,0.5244909190974133,0.0004469270655693,0.0004469270655693,0.0003600549562734,1.1164960230157612,-0.3619007853850716,0.0,0.3412833228904741,1.3369427820274231,BTCUSDT,SUBE,v4_63_balanceado,63,0.2580578385243288,0.2900247529358838,0.0639338288231101,0.491480996068152,0.5388389460958263,0.09471590005534869,0.3384228212540537,0.3770432679841902,0.07724089346027302,1.2613696792658289,1.350229802126349,0.1777202457210405,1565,1691.0,252,0.2255591054313099,0.25174488017850577,0.052371549494391795,0.513738019169329,0.5191144691333711,0.010752899928084259,0.0004469270655693,0.00048200419886939997,7.015426660019998e-05,1.1164960230157612,1.1452245208806904,0.057456995729858296,-0.3619007853850716,-0.2871777530597761,0.149446064650591,0.266456515711612,0.303869919301043,0.07482680717886209,1.3369427820274231,1.411434459681621,0.1489833553083959
0.44,0.1793201620299602,42984,120324,50865,309187,163308,0.3120376031794558,0.2632081710632669,0.4580123389700476,0.7198581642845003,0.588935251627274,0.3343016134112623,1.467811360884734,0.0010769219986671,0.0005544336259298,1527,4.185480785519997,0.22920759659463,0.5147347740667977,0.0005690374246876,0.0005690374246876,0.0002134471718249,1.1906370631630665,-0.1880313880470954,0.0,0.266456515711612,1.485926137335819,0.2552714502657555,75353,155918,59124,236405,231271,0.4390110098709187,0.3258212227213961,0.5603411735835868,0.6025774680556583,0.5814593208196226,0.4120487330074259,1.276371573797984,0.0005990243947921,0.0007795502799319,1792,4.898414765403883,0.2806919642857143,0.52734375,0.0004223301880962,0.0004223301880962,0.0005160682878548,1.1089259783745338,-0.3685096726334349,0.0,0.3412833228904741,1.3369427820274231,BTCUSDT,SUBE,v4_63_balanceado,63,0.2632081710632669,0.29451469689233145,0.06261305165812919,0.4580123389700476,0.5091767562768172,0.1023288346135392,0.3343016134112623,0.3731751732093441,0.0777471195961636,1.276371573797984,1.3720914673413591,0.19143978708675014,1527,1659.5,265,0.22920759659463,0.25494978044017214,0.051484367691084304,0.5147347740667977,0.5210392620333988,0.012608975933202315,0.0004223301880962,0.0004956838063919,0.00014670723659139994,1.1089259783745338,1.1497815207688,0.08171108478853273,-0.3685096726334349,-0.27827053034026517,0.18047828458633952,0.266456515711612,0.303869919301043,0.07482680717886209,1.3369427820274231,1.411434459681621,0.1489833553083959
0.45,0.1793201620299602,39913,108785,53936,320726,148698,0.2841218281870987,0.2684165220783063,0.4252895608903664,0.7467235996284146,0.5860065802593906,0.3291155940910422,1.4968563436467348,0.0011290246729818,0.0005815000931277,1489,4.081323437877718,0.2337139019476158,0.5097380792478173,0.0005693580539422,0.0005693580539422,0.0001777697637987,1.1855003461242493,-0.1938916855816331,0.0,0.266456515711612,1.485926137335819,0.2552714502657555,71887,146317,62590,246006,218204,0.414206529992407,0.3294485893934116,0.5345672494181161,0.6270496504156015,0.5808084499168588,0.4076601801628099,1.290581414609556,0.0006423974235642,0.0008239180093376,1760,4.810943073164528,0.2897727272727273,0.5267045454545455,0.0004432062300038,0.0004432062300038,0.0004222463936263,1.1127901701404006,-0.3470041652540465,0.0,0.3412833228904741,1.3369427820274231,BTCUSDT,SUBE,v4_63_balanceado,63,0.2684165220783063,0.298932555735859,0.0610320673151053,0.4252895608903664,0.47992840515424123,0.10927768852774966,0.3291155940910422,0.36838788712692605,0.07854458607176773,1.290581414609556,1.3937188791281454,0.2062749290371788,1489,1624.5,271,0.2337139019476158,0.26174331461017153,0.0560588253251115,0.5097380792478173,0.5182213123511814,0.016966466206728148,0.0004432062300038,0.000506282141973,0.00012615182393840006,1.1127901701404006,1.149145258132325,0.07271017598384866,-0.3470041652540465,-0.2704479254178398,0.15311247967241337,0.266456515711612,0.303869919301043,0.07482680717886209,1.3369427820274231,1.411434459681621,0.1489833553083959
0.46,0.1793201620299602,36845,98195,57004,331316,135040,0.2580250687863039,0.2728450829383886,0.3925987490543319,0.7713795455762483,0.5819891473152902,0.3219464456570652,1.5215527347828433,0.001161028727141,0.0005974602757671,1446,3.9634611760719816,0.2392807745504841,0.5069156293222683,0.000671100571707,0.000671100571707,0.0001365530342007,1.2200996144918923,-0.1840857557121593,0.0,0.266456515711612,1.485926137335819,0.2552714502657555,68429,137185,66048,255138,205614,0.3903075170842824,0.3328032137889443,0.5088528149795132,0.6503263892252047,0.579589602102359,0.402415824000047,1.3037228152324627,0.0006815970066528,0.0008729077575118,1734,4.739872323220052,0.2854671280276816,0.5219146482122261,0.0004874480648899,0.0004874480648899,0.0004423015016334,1.1254955894846936,-0.3303958713455701,0.0,0.3412833228904741,1.3369427820274231,BTCUSDT,SUBE,v4_63_balanceado,63,0.2728450829383886,0.30282414836366645,0.05995813085055568,0.3925987490543319,0.45072578201692254,0.11625406592518128,0.3219464456570652,0.3621811348285561,0.08046937834298179,1.3037228152324627,1.4126377750076529,0.21782991955038056,1446,1590.0,288,0.2392807745504841,0.26237395128908286,0.04618635347719749,0.5069156293222683,0.5144151387672472,0.014999018889957805,0.0004874480648899,0.0005792743182984499,0.00018365250681709998,1.1254955894846936,1.172797601988293,0.09460402500719867,-0.3303958713455701,-0.2572408135288647,0.1463101156334108,0.266456515711612,0.303869919301043,0.07482680717886209,1.3369427820274231,1.411434459681621,0.1489833553083959
0.47,0.1793201620299602,33903,88441,59946,341070,122344,0.2337664322837052,0.2771120774210423,0.3612505194514592,0.7940890920139414,0.5776698057327003,0.3136364267113182,1.545348131989437,0.0012087101750855,0.0006197956733174,1405,3.851080879931628,0.2462633451957295,0.5145907473309609,0.0007431762513026,0.0007431762513026,0.0002616012632139,1.241991838841092,-0.1892118784603768,0.0,0.266456515711612,1.485926137335819,0.2552714502657555,64931,128444,69546,263879,193375,0.3670747911921033,0.3357776341305753,0.4828409319065714,0.6726065002561665,0.577723716081369,0.3960994595122189,1.315374805059505,0.0007268968781234,0.0009098430944747,1703,4.655134121363177,0.2806811509101585,0.5237815619495009,0.0004865229496759,0.0004865229496759,0.0004858484932304,1.1259546403421474,-0.3480932463982096,0.0,0.3412833228904741,1.3369427820274231,BTCUSDT,SUBE,v4_63_balanceado,63,0.2771120774210423,0.3064448557758088,0.058665556709532996,0.3612505194514592,0.4220457256790153,0.1215904124551122,0.3136364267113182,0.35486794311176856,0.08246303280090073,1.315374805059505,1.4303614685244712,0.229973326929932,1405,1554.0,298,0.2462633451957295,0.263472248052944,0.034417805714428984,0.5145907473309609,0.5191861546402309,0.009190814618539989,0.0004865229496759,0.00061484960048925,0.00025665330162669993,1.1259546403421474,1.1839732395916198,0.11603719849894456,-0.3480932463982096,-0.2686525624292932,0.1588813679378328,0.266456515711612,0.303869919301043,0.07482680717886209,1.3369427820274231,1.411434459681621,0.1489833553083959
0.48,0.1793201620299602,31074,79531,62775,349980,110605,0.2113363650259859,0.2809457076985669,0.3311063516926126,0.814833613108861,0.5729699824007368,0.3039705752883289,1.566726822673891,0.0012648459594284,0.0006474165559531,1375,3.7688513949508815,0.2530909090909091,0.525090909090909,0.0008453055954649,0.0008453055954649,0.000476198327018,1.277082820432758,-0.2024146131207511,0.0,0.266456515711612,1.485926137335819,0.2552714502657555,61640,120231,72837,272092,181871,0.3452372817008352,0.3389215432916738,0.4583683455163336,0.6935407814479396,0.5759545634821366,0.389697421826596,1.3276907501361108,0.0007765093391329,0.0009484810970383,1672,4.570395919506302,0.2906698564593301,0.5221291866028708,0.0004456502791041,0.0004456502791041,0.0004303589702567,1.1109505473184442,-0.3926293851292991,0.0,0.3412833228904741,1.3369427820274231,BTCUSDT,SUBE,v4_63_balanceado,63,0.2809457076985669,0.3099336254951204,0.05797583559310687,0.3311063516926126,0.39473734860447307,0.127261993823721,0.3039705752883289,0.34683399855746244,0.08572684653826712,1.3276907501361108,1.447208786405001,0.23903607253778025,1375,1523.5,297,0.2530909090909091,0.2718803827751196,0.03757894736842099,0.5221291866028708,0.5236100478468899,0.0029617224880382764,0.0004456502791041,0.0006454779372845,0.00039965531636080003,1.1109505473184442,1.194016683875601,0.16613227311431378,-0.3926293851292991,-0.2975219991250251,0.19021477200854803,0.266456515711612,0.303869919301043,0.07482680717886209,1.3369427820274231,1.411434459681621,0.1489833553083959
0.49,0.1793201620299602,28468,71372,65381,358139,99840,0.1907673494344237,0.2851362179487179,0.3033383413781713,0.8338296341653648,0.5685839877717681,0.2939557744631859,1.5900956965512796,0.0013245889513731,0.0006744817337172,1320,3.618097339152846,0.2583333333333333,0.5212121212121212,0.0008698777694525,0.0008698777694525,0.0004124099290803,1.27899498845466,-0.2032301853689765,0.0,0.266456515711612,1.485926137335819,0.2552714502657555,58342,112379,76135,279944,170721,0.3240717539863326,0.3417388604799644,0.4338437056150866,0.7135549024655704,0.5736993040403285,0.3823222956900111,1.3387273043036747,0.0008230717337937,0.0009793624388532,1635,4.469256775354547,0.2899082568807339,0.5174311926605505,0.0004408466111002,0.0004408466111002,0.0003252370901092,1.1090239710298695,-0.3767547186740921,0.0,0.3412833228904741,1.3369427820274231,BTCUSDT,SUBE,v4_63_balanceado,63,0.2851362179487179,0.31343753921434114,0.05660264253124647,0.3033383413781713,0.368591023496629,0.13050536423691533,0.2939557744631859,0.3381390350765985,0.0883665212268252,1.3387273043036747,1.4644115004274771,0.2513683922476049,1320,1477.5,315,0.2583333333333333,0.2741207951070336,0.0315749235474006,0.5174311926605505,0.5193216569363359,0.0037809285515707503,0.0004408466111002,0.0006553621902763501,0.0004290311583523,1.1090239710298695,1.194009479742265,0.1699710174247906,-0.3767547186740921,-0.2899924520215343,0.1735245333051156,0.266456515711612,0.303869919301043,0.07482680717886209,1.3369427820274231,1.411434459681621,0.1489833553083959
0.5,0.1793201620299602,26091,63882,67758,365629,89973,0.1719141699785998,0.2899869960988296,0.2780104209954288,0.8512680699679402,0.5646392454816845,0.2838724418187159,1.6171466321248331,0.0013846808698191,0.0007026994242811,1280,3.508458025845184,0.25234375,0.5234375,0.0009339580244961,0.0009339580244961,0.0003972978925689,1.3005587764302609,-0.1844016025612365,0.0,0.266456515711612,1.485926137335819,0.2552714502657555,55113,104882,79364,287441,159995,0.303711085801063,0.3444670145942061,0.4098321646080742,0.732664156829959,0.5712481607190166,0.3743174223695291,1.349414571177434,0.000855210959744,0.0010015316170117,1598,4.368117631202793,0.2959949937421777,0.5131414267834794,0.0003929281295403,0.0003929281295403,0.0003130892746148,1.096522572932851,-0.3529923551190038,0.0,0.3412833228904741,1.3369427820274231,BTCUSDT,SUBE,v4_63_balanceado,63,0.2899869960988296,0.3172270053465178,0.05448001849537648,0.2780104209954288,0.3439212928017515,0.13182174361264543,0.2838724418187159,0.3290949320941225,0.09044498055081318,1.349414571177434,1.4832806016511335,0.2677320609473992,1280,1439.0,318,0.25234375,0.2741693718710888,0.043651243742177714,0.5131414267834794,0.5182894633917396,0.010296073216520596,0.0003929281295403,0.0006634430770182,0.0005410298949558,1.096522572932851,1.198540674681556,0.20403620349740992,-0.3529923551190038,-0.2686969788401201,0.1685907525577673,0.266456515711612,0.303869919301043,0.07482680717886209,1.3369427820274231,1.411434459681621,0.1489833553083959
0.51,0.1793201620299602,23765,56935,70084,372576,80700,0.1541959645368389,0.2944857496902106,0.2532259267546803,0.867442277380556,0.5603341020676182,0.2723017605371557,1.6422344612928068,0.0014310171518264,0.0007258175285631,1245,3.41252362670098,0.2714859437751004,0.5261044176706827,0.0008999548599867,0.0008999548599867,0.0004220676694624,1.2756381381087842,-0.1972605065383191,0.0,0.266456515711612,1.485926137335819,0.2552714502657555,52060,97868,82417,294455,149928,0.2846013667425968,0.3472333386692279,0.3871293975921533,0.7505422827619079,0.5688358401770306,0.3660976424465111,1.360251364998842,0.000882993377823,0.0010363880715922,1567,4.283379429345918,0.2897255902999361,0.5118059987236758,0.0003783739856297,0.0003783739856297,0.0003252370901092,1.0919325126906154,-0.3623033615871743,0.0,0.3412833228904741,1.3369427820274231,BTCUSDT,SUBE,v4_63_balanceado,63,0.2944857496902106,0.32085954417971924,0.052747588979017324,0.2532259267546803,0.3201776621734168,0.133903470837473,0.2723017605371557,0.3191997014918334,0.0937958819093554,1.360251364998842,1.5012429131458243,0.2819830962939649,1245,1406.0,322,0.2714859437751004,0.28060576703751827,0.01823964652483573,0.5118059987236758,0.5189552081971793,0.014298418947006897,0.0003783739856297,0.0006391644228082,0.000521580874357,1.0919325126906154,1.1837853253997,0.18370562541816882,-0.3623033615871743,-0.2797819340627467,0.16504285504885519,0.266456515711612,0.303869919301043,0.07482680717886209,1.3369427820274231,1.411434459681621,0.1489833553083959
0.52,0.1793201620299602,21658,50619,72191,378892,72277,0.1381018801589728,0.2996527249332429,0.2307749683001417,0.8821473722442499,0.5564611702721958,0.2607418465502089,1.6710487071898692,0.0014901842856843,0.0007509390431787,1204,3.3001433305606263,0.2724252491694352,0.5249169435215947,0.0009039209373406,0.0009039209373406,0.000402689931106,1.272667925785978,-0.2075841385484025,0.0,0.266456515711612,1.485926137335819,0.2552714502657555,49008,91078,85469,301245,140086,0.265918754745634,0.3498422397670003,0.3644340667920908,0.7678494505802617,0.5661417586861762,0.3569891063253242,1.3704714702830654,0.0009073070760312,0.0010726533945029,1530,4.182240285194164,0.2901960784313726,0.515032679738562,0.000383535733706,0.000383535733706,0.0003079422479468,1.0932429978824945,-0.3825676974094082,0.0,0.3412833228904741,1.3369427820274231,BTCUSDT,SUBE,v4_63_balanceado,63,0.2996527249332429,0.32474748235012163,0.05018951483375739,0.2307749683001417,0.2976045175461162,0.1336590984919491,0.2607418465502089,0.3088654764377665,0.09624725977511533,1.3704714702830654,1.5207600887364672,0.3005772369068038,1204,1367.0,326,0.2724252491694352,0.2813106638004039,0.01777082926193735,0.515032679738562,0.5199748116300784,0.009884263783032643,0.000383535733706,0.0006437283355233,0.0005203852036346,1.0932429978824945,1.1829554618342364,0.17942492790348363,-0.3825676974094082,-0.29507591797890537,0.17498355886100572,0.266456515711612,0.303869919301043,0.07482680717886209,1.3369427820274231,1.411434459681621,0.1489833553083959
0.53,0.1793201620299602,19742,44881,74107,384630,64623,0.1234771476612656,0.3054949476192687,0.2103591940244435,0.8955067507002149,0.5529329723623292,0.2491544247564238,1.7036285499687849,0.0015749962538096,0.0008192588041155,1157,3.171317137424124,0.2662057044079516,0.5280898876404494,0.0008422330844757,0.0008422330844757,0.0005094692505593,1.2520975945433983,-0.1980369656551132,0.0,0.266456515711612,1.485926137335819,0.2552714502657555,46111,84902,88366,307421,131013,0.2486958997722095,0.3519574393380809,0.3428913494500918,0.7835915814265286,0.5632414654383102,0.347365249161927,1.3787575499401463,0.0009234395016409,0.001087125710707,1506,4.116636516014647,0.2895086321381142,0.5126162018592297,0.0004282031823979,0.0004282031823979,0.0003600087404256,1.1037502062214155,-0.3349657682326881,0.0,0.3412833228904741,1.3369427820274231,BTCUSDT,SUBE,v4_63_balanceado,63,0.3054949476192687,0.3287261934786748,0.04646249171881217,0.2103591940244435,0.27662527173726764,0.1325321554256483,0.2491544247564238,0.2982598369591754,0.09821082440550322,1.3787575499401463,1.5411930499544657,0.32487100002863856,1157,1331.5,349,0.2662057044079516,0.27785716827303286,0.02330292773016257,0.5126162018592297,0.5203530447498396,0.01547368578121966,0.0004282031823979,0.0006352181334368,0.00041402990207780005,1.1037502062214155,1.177923900382407,0.1483473883219828,-0.3349657682326881,-0.26650136694390064,0.1369288025775749,0.266456515711612,0.303869919301043,0.07482680717886209,1.3369427820274231,1.411434459681621,0.1489833553083959
0.54,0.1793201620299602,18039,39922,75810,389589,57961,0.1107478599816569,0.3112265143803592,0.1922130230476616,0.9070524387035488,0.5496327308756053,0.2376523285686055,1.7355913069516435,0.0016821175939078,0.0009122467328119,1123,3.0781237211126107,0.2733748886910062,0.5396260017809439,0.0009524729462525,0.0009524729462525,0.0006869657631745,1.2858881095017658,-0.1898090255635494,0.0,0.266456515711612,1.485926137335819,0.2552714502657555,43473,78772,91004,313551,122245,0.2320520121488231,0.355621906826455,0.3232746120154375,0.7992164619458966,0.561245536980667,0.3386776357304789,1.3931127294345989,0.0009743388876394,0.0011504366723225,1468,4.012763881480413,0.3024523160762943,0.5170299727520435,0.0003965787408507,0.0003965787408507,0.0003765786234812,1.0949478462808824,-0.3833184550837449,0.0,0.3412833228904741,1.3369427820274231,BTCUSDT,SUBE,v4_63_balanceado,63,0.3112265143803592,0.3334242106034071,0.044395392446095805,0.1922130230476616,0.25774381753154957,0.1310615889677759,0.2376523285686055,0.28816498214954217,0.10102530716187338,1.3931127294345989,1.5643520181931212,0.3424785775170447,1123,1295.5,345,0.2733748886910062,0.28791360238365027,0.029077427385288124,0.5170299727520435,0.5283279872664937,0.022596029028900344,0.0003965787408507,0.0006745258435515999,0.0005558942054018,1.0949478462808824,1.190417977891324,0.19094026322088342,-0.3833184550837449,-0.2865637403236472,0.1935094295201955,0.266456515711612,0.303869919301043,0.07482680717886209,1.3369427820274231,1.411434459681621,0.1489833553083959
0.55,0.1793201620299602,16433,35413,77416,394098,51846,0.0990637419749312,0.3169579138217027,0.1751004272821234,0.9175504236212808,0.5463254254517022,0.2255808366793644,1.7675531308562302,0.0017677062985183,0.0009830552040196,1093,2.995894236131864,0.2772186642268984,0.5480329368709973,0.000937372801989,0.000937372801989,0.0007526307753178,1.2763480459084244,-0.1872173054032334,0.0,0.266456515711612,1.485926137335819,0.2552714502657555,40901,73061,93576,319262,113962,0.2163287775246773,0.3589003351994524,0.3041486648274426,0.8137733449224236,0.5589610048749332,0.3292639239410881,1.4059556398720343,0.0010019347589392,0.0011891558509913,1432,3.9143582277111375,0.297486033519553,0.5202513966480447,0.0003682732814174,0.0003682732814174,0.0004333914124947,1.0868451629795597,-0.4034011216218317,0.0,0.3412833228904741,1.3369427820274231,BTCUSDT,SUBE,v4_63_balanceado,63,0.3169579138217027,0.33792912451057755,0.04194242137774973,0.1751004272821234,0.239624546054783,0.12904823754531922,0.2255808366793644,0.27742238031022626,0.1036830872617237,1.4059556398720343,1.5867543853641322,0.3615974909841959,1093,1262.5,339,0.2772186642268984,0.2873523488732257,0.020267369292654602,0.5202513966480447,0.534142166759521,0.02778154022295265,0.0003682732814174,0.0006528230417032,0.0005690995205715999,1.0868451629795597,1.181596604443992,0.18950288292886475,-0.4034011216218317,-0.2953092135125326,0.21618381621859833,0.266456515711612,0.303869919301043,0.07482680717886209,1.3369427820274231,1.411434459681621,0.1489833553083959
0.56,0.1793201620299602,14995,31456,78854,398055,46451,0.0887553500458575,0.3228132871197606,0.1597779411608008,0.9267632260873412,0.543270583624071,0.2137562366357804,1.8002063095717364,0.0018698920672085,0.0010764954511621,1068,2.9273696653145755,0.2808988764044944,0.547752808988764,0.0010048689190627,0.0010048689190627,0.0006751250552174,1.2979573250278602,-0.1785649113017837,0.0,0.266456515711612,1.485926137335819,0.2552714502657555,38554,67884,95923,324439,106438,0.202046317388003,0.3622202596816926,0.2866958662076043,0.8269691045388621,0.5568324853732332,0.3200630927920636,1.4189611071061643,0.0010465697734482,0.0012475521115057,1400,3.826886535471784,0.3014285714285714,0.5257142857142857,0.0004513828327401,0.0004513828327401,0.000507548387952,1.1065178449160673,-0.3755462679153786,0.0,0.3412833228904741,1.3369427820274231,BTCUSDT,SUBE,v4_63_balanceado,63,0.3228132871197606,0.3425167734007266,0.039406972561931985,0.1597779411608008,0.22323690368420254,0.1269179250468035,0.2137562366357804,0.26690966471392197,0.10630685615628319,1.4189611071061643,1.6095837083389504,0.38124520246557214,1068,1234.0,332,0.2808988764044944,0.2911637239165329,0.020529695024076977,0.5257142857142857,0.5367335473515249,0.022038523274478306,0.0004513828327401,0.0007281258759014,0.0005534860863226001,1.1065178449160673,1.2022375849719638,0.1914394801117929,-0.3755462679153786,-0.2770555896085811,0.1969813566135949,0.266456515711612,0.303869919301043,0.07482680717886209,1.3369427820274231,1.411434459681621,0.1489833553083959
0.57,0.1793201620299602,13710,27820,80139,401691,41530,0.0793526444512381,0.3301228027931616,0.1460857334654604,0.9352286670190052,0.5406572002422328,0.2025424918192629,1.840968684480698,0.002003632789902,0.0011572512053078,1032,2.82869428333768,0.2771317829457364,0.5339147286821705,0.0010537534744545,0.0010537534744545,0.0005424599521794,1.3123018968076858,-0.1834737022005558,0.0,0.266456515711612,1.485926137335819,0.2552714502657555,36298,63098,98179,329225,99396,0.1886788154897494,0.3651857217594269,0.269919763230887,0.839168236376659,0.5545439998037731,0.3104077854220026,1.430578003843528,0.0010781852365103,0.00128895361924,1369,3.742148333614909,0.3067932797662527,0.5149744338933528,0.0004107114621432,0.0004107114621432,0.0003344544827725,1.0969947243705935,-0.3769117693927217,0.0,0.3412833228904741,1.3369427820274231,BTCUSDT,SUBE,v4_63_balanceado,63,0.3301228027931616,0.34765426227629426,0.03506291896626529,0.1460857334654604,0.2080027483481737,0.12383402976542662,0.2025424918192629,0.25647513862063276,0.10786529360273969,1.430578003843528,1.635773344162113,0.41039068063717,1032,1200.5,337,0.2771317829457364,0.2919625313559946,0.029661496820516275,0.5149744338933528,0.5244445812877616,0.018940294788817646,0.0004107114621432,0.00073223246829885,0.0006430420123112999,1.0969947243705935,1.2046483105891397,0.2153071724370923,-0.3769117693927217,-0.2801927357966387,0.19343806719216589,0.266456515711612,0.303869919301043,0.07482680717886209,1.3369427820274231,1.411434459681621,0.1489833553083959
0.58,0.1793201620299602,12481,24680,81368,404831,37161,0.0710046621828187,0.3358628669842038,0.1329902289848586,0.9425393063274282,0.5377647676561434,0.1905350736584993,1.872978828382326,0.0021077382483622,0.001262308730928,1007,2.760169712520391,0.2840119165839126,0.5332671300893744,0.0010214353094042,0.0010214353094042,0.0006588808138348,1.2933666660856995,-0.1692229537927039,0.0,0.266456515711612,1.485926137335819,0.2552714502657555,34073,58686,100404,333637,92759,0.1760801063022019,0.3673282376912213,0.2533741829457825,0.850414072078364,0.5518941275120732,0.2998908623633579,1.4389710925714838,0.001105584158617,0.0013209167162009,1330,3.6355422086981934,0.312781954887218,0.5225563909774437,0.0004264324990626,0.0004264324990626,0.0004531134645784,1.0993204750802978,-0.3735713454604819,0.0,0.3412833228904741,1.3369427820274231,BTCUSDT,SUBE,v4_63_balanceado,63,0.3358628669842038,0.35159555233771256,0.03146537070701749,0.1329902289848586,0.19318220596532054,0.12038395396092391,0.1905350736584993,0.2452129680109286,0.10935578870485857,1.4389710925714838,1.655974960476905,0.4340077358108423,1007,1168.5,323,0.2840119165839126,0.2983969357355653,0.02877003830330538,0.5225563909774437,0.527911760533409,0.010710739111930767,0.0004264324990626,0.0007239339042333999,0.0005950028103416,1.0993204750802978,1.1963435705829988,0.19404619100540166,-0.3735713454604819,-0.2713971496265929,0.20434839166777796,0.266456515711612,0.303869919301043,0.07482680717886209,1.3369427820274231,1.411434459681621,0.1489833553083959
0.59,0.1793201620299602,11356,21921,82493,407590,33277,0.063583384286151,0.341256723863329,0.1210028876173427,0.948962890356708,0.5349828889870254,0.1786573950254078,1.9030583064402589,0.0022156215161833,0.0013332827915399,977,2.6779402275396444,0.2998976458546571,0.5383828045035824,0.0010600596098258,0.0010600596098258,0.0007804845833656,1.294876194611234,-0.1377082762851351,0.0,0.266456515711612,1.485926137335819,0.2552714502657555,31948,54321,102529,338002,86269,0.1637604403948367,0.3703300142577287,0.2375722242465254,0.86154010853302,0.5495561663897727,0.2894548485589772,1.4507302476332125,0.0011424044526082,0.0013733714733343,1301,3.5562709876062786,0.3197540353574173,0.528055342044581,0.0005305323525558,0.0005305323525558,0.0005441980608766,1.1238918591629503,-0.3515283716519986,0.0,0.3412833228904741,1.3369427820274231,BTCUSDT,SUBE,v4_63_balanceado,63,0.341256723863329,0.35579336906052883,0.02907329039439971,0.1210028876173427,0.17928755593193405,0.11656933662918272,0.1786573950254078,0.23405612179219248,0.11079745353356937,1.4507302476332125,1.6768942770367357,0.4523280588070464,977,1139.0,324,0.2998976458546571,0.30982584060603724,0.019856389502760197,0.528055342044581,0.5332190732740818,0.010327462459001402,0.0005305323525558,0.0007952959811908,0.00052952725727,1.1238918591629503,1.2093840268870921,0.17098433544828362,-0.3515283716519986,-0.24461832396856684,0.21382009536686347,0.266456515711612,0.303869919301043,0.07482680717886209,1.3369427820274231,1.411434459681621,0.1489833553083959
0.6,0.1793201620299602,10342,19448,83507,410063,29790,0.0569206664628553,0.3471634776770728,0.110198297264755,0.9547206008693608,0.5324594490670579,0.1672934915358422,1.935998014651971,0.0023635213664654,0.0014307889851709,933,2.557336982901216,0.3043944265809217,0.5294748124330118,0.0009730434855763,0.0009730434855763,0.0006195453851787,1.26085525819502,-0.1592976111379574,0.0,0.266456515711612,1.485926137335819,0.2552714502657555,29951,50411,104526,341912,80362,0.152547456340167,0.3727010278489833,0.2227221011771529,0.8715063863194358,0.5471142437482943,0.2788227463356281,1.4600184527528457,0.0011785743857199,0.0014027260855165,1270,3.471532785749404,0.3204724409448818,0.521259842519685,0.0003974479226748,0.0003974479226748,0.000507548387952,1.089278750656814,-0.4179632772663751,0.0,0.3412833228904741,1.3369427820274231,BTCUSDT,SUBE,v4_63_balanceado,63,0.3471634776770728,0.35993225276302804,0.025537550171910506,0.110198297264755,0.16646019922095395,0.11252380391239791,0.1672934915358422,0.22305811893573513,0.1115292547997859,1.4600184527528457,1.6980082337024083,0.4759795618991254,933,1101.5,337,0.3043944265809217,0.3124334337629018,0.016078014363960114,0.521259842519685,0.5253673274763484,0.008214969913326708,0.0003974479226748,0.00068524570412555,0.0005755955629015001,1.089278750656814,1.175067004425917,0.17157650753820608,-0.4179632772663751,-0.28863044420216627,0.2586656661284177,0.266456515711612,0.303869919301043,0.07482680717886209,1.3369427820274231,1.411434459681621,0.1489833553083959
0.61,0.1793201620299602,9407,17424,84442,412087,26831,0.0512668144298379,0.3506019156945324,0.1002354846615307,0.9594329365254908,0.5298342105935108,0.1558999005634736,1.9551728691609975,0.0024328231702872,0.0015153284959159,892,2.4449566867608628,0.3060538116591928,0.5291479820627802,0.0011161537942313,0.0011161537942313,0.0005983209528199,1.3071566949619997,-0.1537573859134594,0.0,0.266456515711612,1.485926137335819,0.2552714502657555,28053,46649,106424,345674,74702,0.1418033409263477,0.3755321142673556,0.2086081634777694,0.8810954239236547,0.544851793700712,0.2682200412087255,1.4711089464818738,0.0012102187311597,0.0014459870079431,1236,3.378594112745089,0.3220064724919094,0.5266990291262136,0.0004253313565206,0.0004253313565206,0.000625960067499,1.0944736158106445,-0.3829676522285257,0.0,0.3412833228904741,1.3369427820274231,BTCUSDT,SUBE,v4_63_balanceado,63,0.3506019156945324,0.363067014980944,0.024930198572823192,0.1002354846615307,0.15442182406965005,0.10837267881623869,0.1558999005634736,0.21205997088609957,0.11232014064525189,1.4711089464818738,1.7131409078214357,0.4840639226791237,892,1064.0,344,0.3060538116591928,0.31403014207555113,0.01595266083271657,0.5266990291262136,0.5279235055944969,0.002448952936566662,0.0004253313565206,0.00077074257537595,0.0006908224377106999,1.0944736158106445,1.200815155386322,0.2126830791513552,-0.3829676522285257,-0.2683625190709925,0.2292102663150663,0.266456515711612,0.303869919301043,0.07482680717886209,1.3369427820274231,1.411434459681621,0.1489833553083959
0.62,0.1793201620299602,8589,15510,85260,414001,24099,0.0460466982574136,0.3564048300759367,0.091519355560528,0.9638891669829178,0.527704261271723,0.1456404517244887,1.987533504550312,0.0025420564821844,0.0015955686656961,863,2.365468184612808,0.3070683661645423,0.526071842410197,0.0011754100051006,0.0011754100051006,0.0006246503787319,1.3241279132085886,-0.1501996372713484,0.0,0.266456515711612,1.485926137335819,0.2552714502657555,26278,43172,108199,349151,69450,0.1318337129840546,0.3783729301655867,0.1954088803289781,0.8899580192851299,0.5426834498070541,0.2577196741971392,1.4822375544608457,0.001234513883109,0.0014808084687716,1204,3.291122420505734,0.3230897009966777,0.521594684385382,0.0004077857590338,0.0004077857590338,0.0004384058777301,1.0892727568885108,-0.3760051210115609,0.0,0.3412833228904741,1.3369427820274231,BTCUSDT,SUBE,v4_63_balanceado,63,0.3564048300759367,0.3673888801207617,0.02196810008965,0.091519355560528,0.14346411794475306,0.1038895247684501,0.1456404517244887,0.20168006296081395,0.11207922247265051,1.4822375544608457,1.7348855295055787,0.5052959500894663,863,1033.5,341,0.3070683661645423,0.31507903358061,0.016021334832135414,0.521594684385382,0.5238332633977896,0.0044771580248149645,0.0004077857590338,0.0007915978820672,0.0007676242460668001,1.0892727568885108,1.2067003350485497,0.2348551563200778,-0.3760051210115609,-0.2631023791414547,0.2258054837402125,0.266456515711612,0.303869919301043,0.07482680717886209,1.3369427820274231,1.411434459681621,0.1489833553083959
0.63,0.1793201620299602,7791,13756,86058,415755,21547,0.0411705136044023,0.3615816586995869,0.0830163347505034,0.9679728807876864,0.525494607769095,0.1350306769732053,2.016402698984708,0.0026185689503048,0.0016969552802865,831,2.277756733966678,0.3212996389891697,0.5354993983152828,0.0012518410602495,0.0012518410602495,0.0006588808138348,1.3419846278566765,-0.1647705076195593,0.0,0.266456515711612,1.485926137335819,0.2552714502657555,24569,39929,109908,352394,64498,0.1224335611237661,0.3809265403578405,0.1827003874268462,0.89822416733151,0.5404622773791781,0.2469556476944339,1.4922410632339391,0.0012633381652397,0.0015048019308799,1165,3.18451629558902,0.3201716738197425,0.5244635193133047,0.0003311635698822,0.0003311635698822,0.0003891388636689,1.0713342118987157,-0.3816780561344196,0.0,0.3412833228904741,1.3369427820274231,BTCUSDT,SUBE,v4_63_balanceado,63,0.3615816586995869,0.3712540995287137,0.0193448816582536,0.0830163347505034,0.1328583610886748,0.09968405267634278,0.1350306769732053,0.1909931623338196,0.11192497072122859,1.4922410632339391,1.7543218811093237,0.524161635750769,831,998.0,334,0.3201716738197425,0.3207356564044561,0.001127965169427203,0.5244635193133047,0.5299814588142937,0.01103587900197811,0.0003311635698822,0.00079150231506585,0.0009206774903672999,1.0713342118987157,1.206659419877696,0.2706504159579608,-0.3816780561344196,-0.27322428187698944,0.21690754851486027,0.266456515711612,0.303869919301043,0.07482680717886209,1.3369427820274231,1.411434459681621,0.1489833553083959
0.64,0.1793201620299602,7137,12291,86712,417220,19428,0.0371216753286456,0.3673563928350833,0.0760476936355208,0.9713837363885908,0.5237157150120558,0.1260096930533117,2.0486061839142584,0.0027062501200734,0.0018295781663362,804,2.2037501974840064,0.3184079601990049,0.5497512437810945,0.001191002827605,0.001191002827605,0.001008907912566,1.331981668312965,-0.1672876388988686,0.0,0.266456515711612,1.485926137335819,0.2552714502657555,22988,36927,111489,355396,59915,0.1137338648443432,0.3836768755737294,0.1709437301545989,0.9058760256217452,0.5384098778881721,0.236511790608667,1.5030152223223352,0.0013172921821778,0.0015633364905489,1127,3.080643661054786,0.3141082519964507,0.515527950310559,0.000208892128598,0.000208892128598,0.0002610201785284,1.0440493542572564,-0.420899130989793,0.0,0.3412833228904741,1.3369427820274231,BTCUSDT,SUBE,v4_63_balanceado,63,0.3673563928350833,0.3755166342044064,0.016320482738646114,0.0760476936355208,0.12349571189505985,0.0948960365190781,0.1260096930533117,0.18126074183098934,0.11050209755535531,1.5030152223223352,1.7758107031182968,0.5455909615919232,804,965.5,323,0.3141082519964507,0.3162581060977278,0.004299708202554209,0.515527950310559,0.5326395970458268,0.03422329347053554,0.000208892128598,0.0006999474781015,0.0009821106990069999,1.0440493542572564,1.1880155112851107,0.2879323140557086,-0.420899130989793,-0.2940933849443308,0.2536114920909244,0.266456515711612,0.303869919301043,0.07482680717886209,1.3369427820274231,1.411434459681621,0.1489833553083959
0.65,0.1793201620299602,6516,10991,87333,418520,17507,0.0334511617242433,0.3721939795510367,0.0694306812006521,0.9744104341914408,0.5219205576960465,0.1170300657351198,2.075583555901827,0.0027913219613097,0.0018981483182056,775,2.124261695335951,0.3238709677419354,0.5483870967741935,0.0012066938732575,0.0012066938732575,0.000892918976743,1.335512738637222,-0.1687216015883269,0.0,0.266456515711612,1.485926137335819,0.2552714502657555,21464,34047,113013,358276,55511,0.1053739559605163,0.3866621030066113,0.1596109371862846,0.9132169156536832,0.536413926419984,0.2259511127018548,1.5147095478325874,0.0013650314475563,0.0016255967920224,1086,2.968570555373112,0.3186003683241252,0.5174953959484346,0.0002901859139952,0.0002901859139952,0.0003118411239194,1.0611958405065285,-0.3872022514555722,0.0,0.3412833228904741,1.3369427820274231,BTCUSDT,SUBE,v4_63_balanceado,63,0.3721939795510367,0.379428041278824,0.014468123455574577,0.0694306812006521,0.11452080919346835,0.09018025598563251,0.1170300657351198,0.1714905892184873,0.108921046966735,1.5147095478325874,1.7951465518672074,0.5608740080692398,775,930.5,311,0.3186003683241252,0.3212356680330303,0.005270599417810218,0.5174953959484346,0.5329412463613141,0.030891700825758872,0.0002901859139952,0.0007484398936263499,0.0009165079592623,1.0611958405065285,1.1983542895718753,0.2743168981306936,-0.3872022514555722,-0.27796192652194956,0.21848064986724527,0.266456515711612,0.303869919301043,0.07482680717886209,1.3369427820274231,1.411434459681621,0.1489833553083959
0.66,0.1793201620299602,5894,9844,87955,419667,15738,0.0300710791806786,0.3745075613165586,0.0628030133512344,0.9770809129451864,0.5199419631482105,0.1075675034447516,2.088485517060748,0.0027952579762655,0.0019542866588776,746,2.0447731931878965,0.3217158176943699,0.5536193029490617,0.0012026253697498,0.0012026253697498,0.0012910452719554,1.329333993484198,-0.1832749300255912,0.0,0.266456515711612,1.485926137335819,0.2552714502657555,20083,31436,114394,360887,51519,0.0977961275626423,0.3898173489392263,0.1493415230857321,0.9198721461652772,0.5346068346255046,0.2159508806641003,1.527069903561088,0.0014435764402002,0.0017115667203133,1046,2.8592309400739184,0.3307839388145315,0.5267686424474187,0.0003509496918761,0.0003509496918761,0.0005052525170825,1.07333588995264,-0.3493243062338028,0.0,0.3412833228904741,1.3369427820274231,BTCUSDT,SUBE,v4_63_balanceado,63,0.3745075613165586,0.3821624551278925,0.015309787622667714,0.0628030133512344,0.10607226821848324,0.0865385097344977,0.1075675034447516,0.16175919205442596,0.10838337721934868,1.527069903561088,1.8077777103109178,0.56141561349966,746,896.0,300,0.3217158176943699,0.32624987825445073,0.009068121120161587,0.5267686424474187,0.5401939726982402,0.026850660501642976,0.0003509496918761,0.0007767875308129499,0.0008516756778737,1.07333588995264,1.201334941718419,0.25599810353155794,-0.3493243062338028,-0.266299618129697,0.16604937620821159,0.266456515711612,0.303869919301043,0.07482680717886209,1.3369427820274231,1.411434459681621,0.1489833553083959
0.67,0.1793201620299602,5393,8816,88456,420695,14209,0.0271495719963313,0.37954817369273,0.057464650662234,0.9794743324385172,0.5184694915503757,0.0998167650706102,2.1165950855504816,0.0029100950728565,0.0020592911560117,722,1.9789896052032991,0.3199445983379501,0.5581717451523546,0.001193093899383,0.001193093899383,0.0014497809699099,1.3281162532149604,-0.1884165556757846,0.0,0.266456515711612,1.485926137335819,0.2552714502657555,18734,28976,115743,363347,47710,0.0905656795747912,0.3926640117375812,0.1393100678926508,0.926142489734224,0.5327262788134375,0.2056568251302233,1.5382214161779173,0.0015035122135526,0.0017884330077565,1014,2.771759247834563,0.3343195266272189,0.5355029585798816,0.0004645907239047,0.0004645907239047,0.0007995196402402,1.0970979925649698,-0.3238373059064128,0.0,0.3412833228904741,1.3369427820274231,BTCUSDT,SUBE,v4_63_balanceado,63,0.37954817369273,0.3861060927151556,0.013115838044851225,0.057464650662234,0.0983873592774424,0.0818454172304168,0.0998167650706102,0.15273679510041674,0.10584006005961309,1.5382214161779173,1.8274082508641993,0.5783736693725643,722,868.0,292,0.3199445983379501,0.32713206248258453,0.01437492828926884,0.5355029585798816,0.546837351866118,0.022668786572472954,0.0004645907239047,0.00082884231164385,0.0007285031754783,1.0970979925649698,1.212607122889965,0.23101826064999065,-0.3238373059064128,-0.2561269307910987,0.1354207502306282,0.266456515711612,0.303869919301043,0.07482680717886209,1.3369427820274231,1.411434459681621,0.1489833553083959
0.68,0.1793201620299602,4917,7942,88932,421569,12859,0.0245700856007337,0.3823781009409752,0.0523926733369561,0.9815092046536644,0.5169509389953102,0.0921580387599805,2.1323765080977823,0.002903598392381,0.002138100550538,694,1.902242085887936,0.3314121037463977,0.5619596541786743,0.0013307949437763,0.0013307949437763,0.0015117406424834,1.3660902008110942,-0.1863199547856586,0.0,0.266456515711612,1.485926137335819,0.2552714502657555,17450,26583,117027,365740,44033,0.083585801063022,0.3962936888242909,0.1297619667303702,0.9322420556531226,0.5310020111917464,0.1955072544955464,1.5524403078045796,0.0016107335433539,0.0018530828550473,986,2.695221517125128,0.3336713995943204,0.5324543610547667,0.0005799638945454,0.0005799638945454,0.0008104724276006,1.120836105847013,-0.312194805147973,0.0,0.3412833228904741,1.3369427820274231,BTCUSDT,SUBE,v4_63_balanceado,63,0.3823781009409752,0.38933589488263304,0.013915587883315705,0.0523926733369561,0.09107732003366314,0.07736929339341408,0.0921580387599805,0.14383264662776346,0.1033492157355659,1.5524403078045796,1.842408407951181,0.5799362002932027,694,840.0,292,0.3314121037463977,0.33254175167035904,0.0022592958479227265,0.5324543610547667,0.5472070076167206,0.029505293123907594,0.0005799638945454,0.0009553794191608499,0.0007508310492308999,1.120836105847013,1.2434631533290537,0.24525409496408113,-0.312194805147973,-0.2492573799668158,0.12587485036231438,0.266456515711612,0.303869919301043,0.07482680717886209,1.3369427820274231,1.411434459681621,0.1489833553083959
0.69,0.1793201620299602,4509,7152,89340,422359,11661,0.0222810302659737,0.3866735271417545,0.0480452642010037,0.9833485056261656,0.5156968849135847,0.0854705715098094,2.156330458128575,0.0029196112259716,0.0022021176677118,674,1.8474224292341048,0.3353115727002967,0.5623145400593472,0.0013576785868074,0.0013576785868074,0.0015775134377811,1.3693890788245024,-0.1616118419413128,0.0,0.266456515711612,1.485926137335819,0.2552714502657555,16309,24443,118168,367880,40752,0.0773576309794988,0.4002012171181782,0.1212772444358514,0.9376967447740764,0.529486994604964,0.1861449874164664,1.5677476533374206,0.0017200996270172,0.0019521120012169,963,2.632351238328091,0.3312564901349948,0.5389408099688473,0.0005816421934772,0.0005816421934772,0.0008136744561686,1.1200992280888542,-0.2806947441512473,0.0,0.3412833228904741,1.3369427820274231,BTCUSDT,SUBE,v4_63_balanceado,63,0.3866735271417545,0.3934373721299663,0.013527689976423674,0.0480452642010037,0.08466125431842755,0.0732319802348477,0.0854705715098094,0.1358077794631379,0.100674415906657,1.5677476533374206,1.862039055732998,0.5885828047911545,674,818.5,289,0.3312564901349948,0.33328403141764573,0.004055082565301904,0.5389408099688473,0.5506276750140973,0.023373730090499922,0.0005816421934772,0.0009696603901423,0.0007760363933301999,1.1200992280888542,1.2447441534566783,0.24928985073564824,-0.2806947441512473,-0.22115329304628006,0.11908290220993448,0.266456515711612,0.303869919301043,0.07482680717886209,1.3369427820274231,1.411434459681621,0.1489833553083959
0.7,0.1793201620299602,4114,6452,89735,423059,10566,0.0201887801895444,0.3893621048646602,0.043836375454187,0.9849782659815464,0.5144073207178668,0.078800938562467,2.171323628402738,0.0028780114736285,0.0022294564652562,653,1.789861789747582,0.341500765696784,0.5650842266462481,0.0014872281707761,0.0014872281707761,0.0015441876700219,1.4117616098170658,-0.159490929735899,0.0,0.266456515711612,1.485926137335819,0.2552714502657555,15157,22366,119320,369957,37523,0.0712281700835231,0.4039389174639554,0.1127107237668895,0.9429908519255816,0.5278507878462356,0.1762441860465116,1.5823897151186577,0.0018458727044206,0.0020519288116704,924,2.525745113411377,0.3246753246753247,0.5357142857142857,0.0005496370394311,0.0005496370394311,0.0007808352817414,1.1115985808754578,-0.27861222443639,0.0,0.3412833228904741,1.3369427820274231,BTCUSDT,SUBE,v4_63_balanceado,63,0.3893621048646602,0.39665051116430783,0.014576812599295164,0.043836375454187,0.07827354961053824,0.0688743483127025,0.078800938562467,0.1275225623044893,0.09744324748404459,1.5823897151186577,1.8768566717606978,0.5889339132840803,653,788.5,271,0.3246753246753247,0.33308804518605434,0.01682544102145933,0.5357142857142857,0.5503992561802669,0.029369940931962435,0.0005496370394311,0.0010184326051036001,0.000937591131345,1.1115985808754578,1.2616800953462617,0.30016302894160796,-0.27861222443639,-0.2190515770861445,0.11912129470049099,0.266456515711612,0.303869919301043,0.07482680717886209,1.3369427820274231,1.411434459681621,0.1489833553083959
0.71,0.1793201620299602,3776,5800,90073,423711,9576,0.0182971568327728,0.3943191311612364,0.0402348453366578,0.9864962713411298,0.5133655583388939,0.0730190959632584,2.198967069276654,0.0029149621876966,0.0023436876471258,634,1.7377831159264427,0.3470031545741325,0.5709779179810726,0.0016537264134316,0.0016537264134316,0.001672250412991,1.4593956346362549,-0.1635887428430251,0.0,0.266456515711612,1.485926137335819,0.2552714502657555,14111,20447,120366,371876,34558,0.0655998481397114,0.4083280282423751,0.1049324419789257,0.9478822296933904,0.5264073358361581,0.1669595054278699,1.5995836111608916,0.0019442940351081,0.0021454862314107,889,2.4300729500245826,0.3307086614173228,0.5298087739032621,0.0004422214585922,0.0004422214585922,0.0006545614300093,1.0884490899667607,-0.2929283032612862,0.0,0.3412833228904741,1.3369427820274231,BTCUSDT,SUBE,v4_63_balanceado,63,0.3943191311612364,0.40132357970180577,0.014008897081138671,0.0402348453366578,0.07258364365779175,0.0646975966422679,0.0730190959632584,0.11998930069556414,0.09394040946461149,1.5995836111608916,1.8992753402187728,0.5993834581157622,634,761.5,255,0.3307086614173228,0.3388559079957276,0.016294493156809697,0.5298087739032621,0.5503933459421673,0.04116914407781047,0.0004422214585922,0.0010479739360119,0.0012115049548394,1.0884490899667607,1.2739223623015077,0.37094654466949417,-0.2929283032612862,-0.22825852305215566,0.1293395604182611,0.266456515711612,0.303869919301043,0.07482680717886209,1.3369427820274231,1.411434459681621,0.1489833553083959
0.72,0.1793201620299602,3464,5240,90385,424271,8704,0.016630999694283,0.3979779411764705,0.0369103559974,0.9878000796254344,0.5123552178114172,0.0675553128626173,2.2193708541819053,0.0029242425041068,0.0023859277382649,614,1.6829634592726117,0.3485342019543974,0.5700325732899023,0.0017003966313643,0.0017003966313643,0.0016922418761633,1.472014536202065,-0.186119874116732,0.0,0.266456515711612,1.485926137335819,0.2552714502657555,13147,18638,121330,373685,31785,0.0603359908883826,0.4136227780399559,0.0977639298913568,0.9524932262447016,0.5251285780680292,0.1581479833034608,1.620325256151229,0.002086678805792,0.0022705095614974,850,2.3234668251078685,0.3258823529411764,0.52,0.0002429631183192,0.0002429631183192,0.000375371980163,1.0465561522432854,-0.3440784679219576,0.0,0.3412833228904741,1.3369427820274231,BTCUSDT,SUBE,v4_63_balanceado,63,0.3979779411764705,0.4058003596082132,0.01564483686348539,0.0369103559974,0.0673371429443784,0.06085357389395679,0.0675553128626173,0.11285164808303905,0.0905926704408435,1.620325256151229,1.919848055166567,0.5990455980306764,614,732.0,236,0.3258823529411764,0.3372082774477869,0.02265184901322098,0.52,0.5450162866449512,0.05003257328990229,0.0002429631183192,0.0009716798748417501,0.0014574335130451,1.0465561522432854,1.259285344222675,0.42545838395877955,-0.3440784679219576,-0.2650991710193448,0.15795859380522562,0.266456515711612,0.303869919301043,0.07482680717886209,1.3369427820274231,1.411434459681621,0.1489833553083959
0.73,0.1793201620299602,3184,4708,90665,424803,7892,0.0150794863955976,0.4034465281297516,0.0339268399237072,0.989038697495524,0.5114827687096156,0.0625903028277685,2.2498670732984563,0.0029630657836795,0.0024627119508006,596,1.6336257682841635,0.348993288590604,0.575503355704698,0.0016852224090754,0.0016852224090754,0.0016922418761633,1.4600200089922837,-0.1809326002434141,0.0,0.266456515711612,1.485926137335819,0.2552714502657555,12226,16890,122251,375433,29116,0.0552695520121488,0.4199065805742547,0.0909151750857023,0.9569487386668638,0.5239319568762831,0.1494684980408697,1.644941414862894,0.0022766905535544,0.0024596533547642,823,2.249662584780913,0.3195625759416768,0.5188335358444714,5.645760658599829e-05,5.645760658599829e-05,0.0003714651510928,1.0106273902635383,-0.4050525891794024,0.0,0.3412833228904741,1.3369427820274231,BTCUSDT,SUBE,v4_63_balanceado,63,0.4034465281297516,0.4116765543520031,0.01646005244450305,0.0339268399237072,0.06242100750470475,0.05698833516199509,0.0625903028277685,0.1060294004343191,0.08687819521310121,1.644941414862894,1.9474042440806751,0.6049256584355622,596,709.5,227,0.3195625759416768,0.33427793226614044,0.029430712648927215,0.5188335358444714,0.5471684457745847,0.05666981986022657,5.645760658599829e-05,0.0008708400078306991,0.0016287648024894017,1.0106273902635383,1.2353236996279109,0.44939261872874536,-0.4050525891794024,-0.29299259471140826,0.2241199889359883,0.266456515711612,0.303869919301043,0.07482680717886209,1.3369427820274231,1.411434459681621,0.1489833553083959
0.74,0.1793201620299602,2890,4210,90959,425301,7100,0.0135661877101803,0.4070422535211268,0.0307941480463297,0.9901981555769236,0.5104961518116267,0.0572566345382321,2.269919059370019,0.0029618790365761,0.0025625842923879,566,1.5513962833034174,0.3604240282685512,0.5954063604240283,0.0018926729592163,0.0018926729592163,0.001925415197163,1.5149398887167715,-0.1643170137663583,0.0,0.266456515711612,1.485926137335819,0.2552714502657555,11366,15354,123111,376969,26720,0.0507213363705391,0.425374251497006,0.0845200294474148,0.9608638800172308,0.5226919547323228,0.1410199941686259,1.6663604608120552,0.0024065305656425,0.0026071138250257,802,2.192259286748836,0.3241895261845386,0.5261845386533666,0.0002559525851066,0.0002559525851066,0.0005542468329863,1.0487644445890445,-0.3429998830853779,0.0,0.3412833228904741,1.3369427820274231,BTCUSDT,SUBE,v4_63_balanceado,63,0.4070422535211268,0.41620825250906635,0.0183319979758792,0.0307941480463297,0.05765708874687225,0.0537258814010851,0.0572566345382321,0.099138314353429,0.0837633596303938,1.6663604608120552,1.968139760091037,0.6035585985579637,566,684.0,236,0.3241895261845386,0.3423067772265449,0.036234502084012576,0.5261845386533666,0.5607954495386974,0.06922182177066172,0.0002559525851066,0.00107431277216145,0.0016367203741097,1.0487644445890445,1.2818521666529081,0.46617544412772705,-0.3429998830853779,-0.2536584484258681,0.17868286931901958,0.266456515711612,0.303869919301043,0.07482680717886209,1.3369427820274231,1.411434459681621,0.1489833553083959
0.75,0.1793201620299602,2627,3769,91222,425742,6396,0.0122210333231427,0.4107254534083802,0.0279917740199682,0.9912249046008136,0.5096083393103908,0.0524115916005785,2.290458857268696,0.0030559785026244,0.002686627318703,546,1.4965766266495864,0.3644688644688644,0.5989010989010989,0.0018354921247615,0.0018354921247615,0.0019467538606249,1.4891466273031029,-0.1608879754586459,0.0,0.266456515711612,1.485926137335819,0.2552714502657555,10493,13891,123984,378432,24384,0.0462870159453302,0.4303231627296588,0.078028213002967,0.9645929501966491,0.5213105815998081,0.1321029075732873,1.685747318321975,0.0025546264156117,0.0027722682383233,761,2.0801861810671625,0.3258869908015768,0.5203679369250985,8.238584554260153e-05,8.238584554260153e-05,0.0003939208989334,1.015551158093133,-0.3595988715362574,0.0,0.3412833228904741,1.3369427820274231,BTCUSDT,SUBE,v4_63_balanceado,63,0.4107254534083802,0.4205243080690195,0.019597709321278634,0.0279917740199682,0.0530099935114676,0.050036438982998796,0.0524115916005785,0.0922572495869329,0.0796913159727088,1.685747318321975,1.9881030877953356,0.604711538946721,546,653.5,215,0.3258869908015768,0.3451779276352206,0.0385818736672876,0.5203679369250985,0.5596345179130987,0.07853316197600035,8.238584554260153e-05,0.0009589389851520508,0.0017531062792188984,1.015551158093133,1.2523488926981179,0.47359546920997,-0.3595988715362574,-0.26024342349745166,0.19871089607761153,0.266456515711612,0.303869919301043,0.07482680717886209,1.3369427820274231,1.411434459681621,0.1489833553083959
0.76,0.1793201620299602,2402,3345,91447,426166,5747,0.0109809691225924,0.4179571950582912,0.025594305746465,0.9922120737303584,0.5089031897384118,0.0482348688702357,2.330787516177128,0.0031503721923777,0.0028597088980621,528,1.4472389356611384,0.3693181818181818,0.5928030303030303,0.0017430042098419,0.0017430042098419,0.0019121180690759,1.4585089181097308,-0.1457793921484886,0.0,0.266456515711612,1.485926137335819,0.2552714502657555,9705,12541,124772,379782,22246,0.0422285497342444,0.4362582037220174,0.0721684749064895,0.96803399239912,0.5201012336528048,0.1238490840527555,1.7089972390874189,0.002721263555521,0.0029395174298912,731,1.9981814695927669,0.3378932968536252,0.5198358413132695,0.000168727657747,0.000168727657747,0.0003714651510928,1.0316432936242097,-0.3154121448246219,0.0,0.3412833228904741,1.3369427820274231,BTCUSDT,SUBE,v4_63_balanceado,63,0.4179571950582912,0.4271076993901543,0.018301008663726193,0.025594305746465,0.04888139032647725,0.046574169160024506,0.0482348688702357,0.08604197646149561,0.0756142151825198,1.7089972390874189,2.0198923776322735,0.6217902770897092,528,629.5,203,0.3378932968536252,0.3536057393359035,0.03142488496455664,0.5198358413132695,0.5563194358081499,0.07296718898976073,0.000168727657747,0.0009558659337944499,0.0015742765520949,1.0316432936242097,1.2450761058669704,0.4268656244855211,-0.3154121448246219,-0.23059576848655522,0.16963275267613329,0.266456515711612,0.303869919301043,0.07482680717886209,1.3369427820274231,1.411434459681621,0.1489833553083959
0.77,0.1793201620299602,2180,3034,91669,426477,5214,0.0099625496789972,0.4181051016494054,0.0232288037166085,0.9929361529739634,0.508082478345286,0.0440123961519437,2.3316123346997077,0.0031243375796485,0.0028713898679206,504,1.3814553476765412,0.371031746031746,0.5773809523809523,0.0016458339908592,0.0016458339908592,0.0016996537164665,1.4165619997760317,-0.1619102083646201,0.0,0.266456515711612,1.485926137335819,0.2552714502657555,8962,11320,125515,381003,20282,0.0385003796507213,0.4418696381027512,0.0666433665236434,0.9711462239022438,0.5188947952129437,0.1158187892141975,1.7309794637932834,0.0028706487236564,0.0031156399578974,700,1.913443267735892,0.34,0.5271428571428571,0.0001566032109076,0.0001566032109076,0.0005542468329863,1.028983188294859,-0.296681827500507,0.0,0.3412833228904741,1.3369427820274231,BTCUSDT,SUBE,v4_63_balanceado,63,0.4181051016494054,0.42998736987607833,0.023764536453345808,0.0232288037166085,0.04493608512012595,0.0434145628070349,0.0440123961519437,0.07991559268307061,0.0718063930622538,1.7309794637932834,2.0312958992464956,0.6006328709064244,504,602.0,196,0.34,0.355515873015873,0.031031746031745966,0.5271428571428571,0.5522619047619047,0.05023809523809519,0.0001566032109076,0.0009012186008834,0.0014892307799516,1.028983188294859,1.2227725940354452,0.3875788114811727,-0.296681827500507,-0.22929601793256355,0.13477161913588687,0.266456515711612,0.303869919301043,0.07482680717886209,1.3369427820274231,1.411434459681621,0.1489833553083959
0.78,0.1793201620299602,1987,2745,91862,426766,4732,0.0090415774992357,0.4199070160608622,0.0211723087086703,0.9936090111778278,0.5073906599432491,0.0403120276726752,2.3416609226055987,0.0031124969961099,0.0028938261836569,484,1.3266356910227102,0.3760330578512397,0.5826446280991735,0.0017457585645741,0.0017457585645741,0.0016996537164665,1.448702302323858,-0.1234770241813145,0.0,0.266456515711612,1.485926137335819,0.2552714502657555,8285,10234,126192,382089,18519,0.0351537585421412,0.4473783681624277,0.0616090483874565,0.9739143511851204,0.5177616997862885,0.1083034850584329,1.7525593547444318,0.0030180665795121,0.0032700446315101,676,1.8478394985563755,0.3387573964497041,0.522189349112426,8.976743055653796e-05,8.976743055653796e-05,0.0003836292853161,1.0164367487799169,-0.2933751088767128,0.0,0.3412833228904741,1.3369427820274231,BTCUSDT,SUBE,v4_63_balanceado,63,0.4199070160608622,0.43364269211164497,0.027471352101565483,0.0211723087086703,0.0413906785480634,0.04043673967878619,0.0403120276726752,0.07430775636555405,0.06799145738575771,1.7525593547444318,2.0471101386750155,0.5891015678611669,484,580.0,192,0.3387573964497041,0.3573952271504719,0.0372756614015356,0.522189349112426,0.5524169886057997,0.06045527898674752,8.976743055653796e-05,0.000917762997565319,0.001655991134017562,1.0164367487799169,1.2325695255518876,0.43226555354394125,-0.2933751088767128,-0.20842606652901366,0.1698980846953983,0.266456515711612,0.303869919301043,0.07482680717886209,1.3369427820274231,1.411434459681621,0.1489833553083959
0.79,0.1793201620299602,1817,2436,92032,427075,4253,0.0081263375114643,0.4272278391723489,0.0193608882353567,0.9943284339632744,0.5068446610993157,0.0370430776130965,2.3824863547745903,0.0032391623454245,0.0030435356585039,469,1.285520948532337,0.3752665245202559,0.5842217484008528,0.0018623669106111,0.0018623669106111,0.0016763863278408,1.4785703383850368,-0.1133778203317141,0.0,0.266456515711612,1.485926137335819,0.2552714502657555,7617,9252,126860,383071,16869,0.0320216400911161,0.4515383247376845,0.056641656193996,0.9764173907723992,0.5165295234831977,0.1006567732216246,1.7688555624516624,0.0031707380574526,0.0033885316761856,644,1.7603678063170205,0.3369565217391304,0.5217391304347826,-4.7546978127528525e-05,-4.7546978127528525e-05,0.0003714061281536,0.991338368919444,-0.3108547666851411,0.0,0.3412833228904741,1.3369427820274231,BTCUSDT,SUBE,v4_63_balanceado,63,0.4272278391723489,0.43938308195501674,0.024310485565335604,0.0193608882353567,0.03800127221467635,0.0372807679586393,0.0370430776130965,0.06884992541736054,0.0636136956085281,1.7688555624516624,2.0756709586131263,0.6136307923229278,469,556.5,175,0.3369565217391304,0.35611152312969313,0.03831000278112551,0.5217391304347826,0.5529804394178177,0.06248261796607024,-4.7546978127528525e-05,0.0009074099662417858,0.0019099138887386285,0.991338368919444,1.2349543536522405,0.4872319694655928,-0.3108547666851411,-0.21211629350842762,0.197476946353427,0.266456515711612,0.303869919301043,0.07482680717886209,1.3369427820274231,1.411434459681621,0.1489833553083959
0.8,0.1793201620299602,1671,2197,92178,427314,3868,0.0073907062060531,0.4320062047569803,0.0178051977112169,0.9948848807131832,0.5063450392122001,0.0342008043636214,2.409133473149562,0.0034170669783547,0.0031037922694783,449,1.230701291878506,0.376391982182628,0.576837416481069,0.0018298210590017,0.0018298210590017,0.0017229211050922,1.4564831122393018,-0.1232467268322228,0.0,0.266456515711612,1.485926137335819,0.2552714502657555,6966,8383,127511,383940,15349,0.0291362946089597,0.4538406410841097,0.0518006796701294,0.9786324023827304,0.51521654102643,0.0929878659244723,1.7778746530864684,0.0032625962392045,0.003470744680851,619,1.6920305467550243,0.3473344103392569,0.529886914378029,1.337858412524242e-05,1.337858412524242e-05,0.0005329234726796,1.002443329446858,-0.300716111427977,0.0,0.3412833228904741,1.3369427820274231,BTCUSDT,SUBE,v4_63_balanceado,63,0.4320062047569803,0.442923422920545,0.021834436327129392,0.0178051977112169,0.03480293869067315,0.0339954819589125,0.0342008043636214,0.06359433514404685,0.058787061560850895,1.7778746530864684,2.093504063118015,0.6312588200630935,449,534.0,170,0.3473344103392569,0.36186319626094243,0.0290575718433711,0.529886914378029,0.5533621654295491,0.04695050210303997,1.337858412524242e-05,0.0009215998215634712,0.0018164424748764575,1.002443329446858,1.2294632208430798,0.45403978279244384,-0.300716111427977,-0.2119814191300999,0.17746938459575418,0.266456515711612,0.303869919301043,0.07482680717886209,1.3369427820274231,1.411434459681621,0.1489833553083959
0.81,0.1793201620299602,1516,1985,92333,427526,3501,0.0066894680525833,0.4330191373893173,0.0161536084561369,0.9953784652779556,0.5057660368670462,0.0311453518233179,2.414782211255028,0.0035368838545369,0.0030966861144308,427,1.1703996695592918,0.3676814988290398,0.5644028103044496,0.0016614535223834,0.0016614535223834,0.0013306368047565,1.405539358808379,-0.1241036803909337,0.0,0.266456515711612,1.485926137335819,0.2552714502657555,6348,7559,128129,384764,13907,0.0263990129081245,0.4564607751492054,0.0472050982695925,0.9807327125863128,0.5139689054279527,0.0855617856372654,1.7881387623801943,0.0033506437868435,0.003590146837598,596,1.6291602679579875,0.3557046979865771,0.5285234899328859,0.0003232447023141,0.0003232447023141,0.0005542468329863,1.0599619839146728,-0.298099892902393,0.0,0.3412833228904741,1.3369427820274231,BTCUSDT,SUBE,v4_63_balanceado,63,0.4330191373893173,0.4447399562692613,0.023441637759888112,0.0161536084561369,0.031679353362864704,0.031051489813455603,0.0311453518233179,0.05835356873029165,0.05441643381394749,1.7881387623801943,2.101460486817611,0.6266434488748336,427,511.5,169,0.3557046979865771,0.36169309840780844,0.011976800842462665,0.5285234899328859,0.5464631501186678,0.03587932037156372,0.0003232447023141,0.00099234911234875,0.0013382088200693,1.0599619839146728,1.232750671361526,0.3455773748937063,-0.298099892902393,-0.21110178664666335,0.17399621251145933,0.266456515711612,0.303869919301043,0.07482680717886209,1.3369427820274231,1.411434459681621,0.1489833553083959
0.82,0.1793201620299602,1385,1789,92464,427722,3174,0.0060646591256496,0.4363579080025205,0.0147577491502306,0.9958347981774622,0.5052962736638464,0.0285499314595508,2.433401258747553,0.0035706736636563,0.0031469792231164,412,1.1292849270689187,0.3762135922330097,0.5800970873786407,0.001917169504629,0.001917169504629,0.0016179293007994,1.4840854619277986,-0.1214311842672846,0.0,0.266456515711612,1.485926137335819,0.2552714502657555,5791,6749,128686,385574,12540,0.0238041002277904,0.4618022328548644,0.0430631260364225,0.9827973379077952,0.512930231972109,0.0787800050334315,1.8090633808602408,0.0035508041834463,0.0038145070892915,568,1.552622537248552,0.3556338028169014,0.528169014084507,0.000286610376696,0.000286610376696,0.000655007431799,1.052790594641282,-0.2724041947421869,0.0,0.3412833228904741,1.3369427820274231,BTCUSDT,SUBE,v4_63_balanceado,63,0.4363579080025205,0.44908007042869247,0.02544432485234388,0.0147577491502306,0.028910437593326548,0.028305376886191898,0.0285499314595508,0.05366496824649115,0.05023007357388069,1.8090633808602408,2.121232319803897,0.6243378778873123,412,490.0,156,0.3556338028169014,0.36592369752495557,0.02057978941610833,0.528169014084507,0.5541330507315738,0.051928073294133736,0.000286610376696,0.0011018899406625001,0.001630559127933,1.052790594641282,1.2684380282845402,0.43129486728651645,-0.2724041947421869,-0.19691768950473576,0.1509730104749023,0.266456515711612,0.303869919301043,0.07482680717886209,1.3369427820274231,1.411434459681621,0.1489833553083959
0.83,0.1793201620299602,1280,1603,92569,427908,2883,0.0055086365025985,0.4439819632327437,0.0136389306225958,0.9962678487861778,0.5049533897043869,0.0264648720175329,2.4759177005347817,0.0038613191526266,0.0033231228257986,391,1.071724287582396,0.391304347826087,0.6061381074168798,0.0022849516258143,0.0022849516258143,0.0022067217118473,1.6028892086575008,-0.1153913979056402,0.0,0.266456515711612,1.485926137335819,0.2552714502657555,5274,6052,129203,386271,11326,0.0214996203492786,0.4656542468656189,0.0392186024375915,0.9845739352523304,0.511896268844961,0.0723441904487562,1.8241532548228176,0.0036858231525125,0.0039322410089366,543,1.484285277686556,0.3499079189686924,0.5285451197053407,0.0002709547605437,0.0002709547605437,0.0006623774509804,1.0486642197966938,-0.3171947792765678,0.0,0.3412833228904741,1.3369427820274231,BTCUSDT,SUBE,v4_63_balanceado,63,0.4439819632327437,0.4548181050491813,0.02167228363287521,0.0136389306225958,0.026428766530093652,0.0255796718149957,0.0264648720175329,0.04940453123314455,0.0458793184312233,1.8241532548228176,2.1500354776787995,0.651764445711964,391,467.0,152,0.3499079189686924,0.3706061333973897,0.041396428857394585,0.5285451197053407,0.5673416135611102,0.07759298771153911,0.0002709547605437,0.001277953193179,0.0020139968652706,1.0486642197966938,1.3257767142270973,0.5542249888608071,-0.3171947792765678,-0.216293088591104,0.20180338137092763,0.266456515711612,0.303869919301043,0.07482680717886209,1.3369427820274231,1.411434459681621,0.1489833553083959
0.84,0.1793201620299602,1143,1433,92706,428078,2576,0.004922042188933,0.4437111801242236,0.0121791388293961,0.9966636477296276,0.5044213932795119,0.0237075447238786,2.474407646643157,0.0039205152397414,0.0032970894167529,373,1.0223865965939485,0.3941018766756032,0.613941018766756,0.0023011418702932,0.0023011418702932,0.0023354926846854,1.6070791011873309,-0.0913202417300493,0.0,0.266456515711612,1.485926137335819,0.2552714502657555,4766,5459,129711,386864,10225,0.0194096431283219,0.4661124694376528,0.0354410047814868,0.9860854449012676,0.5107632248413772,0.0658733120482094,1.8259482952456965,0.003713804723788,0.0039224654997531,514,1.4050140565946403,0.357976653696498,0.5291828793774319,0.0003540865761437,0.0003540865761437,0.0007169554278737,1.063698686855703,-0.304753179067127,0.0,0.3412833228904741,1.3369427820274231,BTCUSDT,SUBE,v4_63_balanceado,63,0.4437111801242236,0.45491182478093817,0.022401289313429162,0.0121791388293961,0.02381007180544145,0.023261865952090698,0.0237075447238786,0.044790428386043996,0.0421657673243308,1.8259482952456965,2.150177970944427,0.6484593513974606,373,443.5,141,0.357976653696498,0.3760392651860506,0.0361252229791052,0.5291828793774319,0.571561949072094,0.08475813938932408,0.0003540865761437,0.00132761422321845,0.0019470552941495,1.063698686855703,1.3353888940215168,0.5433804143316279,-0.304753179067127,-0.19803671039858817,0.21343293733707772,0.266456515711612,0.303869919301043,0.07482680717886209,1.3369427820274231,1.411434459681621,0.1489833553083959
0.85,0.1793201620299602,1057,1273,92792,428238,2330,0.0044520024457352,0.4536480686695279,0.0112627731781904,0.997036164382286,0.5041494687802383,0.0219798500712213,2.529821875767287,0.0042223733849115,0.0034736712850301,354,0.9703079227728088,0.403954802259887,0.615819209039548,0.0025232520112105,0.0025232520112105,0.0024111943664965,1.6730565795992274,-0.0860741731437082,0.0,0.266456515711612,1.485926137335819,0.2552714502657555,4325,4851,130152,387472,9176,0.0174183750949126,0.4713382737576286,0.0321616335878997,0.9876351883524545,0.5098984109701771,0.0602145447710803,1.8464198533245,0.0038957522775525,0.0040567781620659,469,1.2820069893830477,0.347547974413646,0.5031982942430704,5.616414496736527e-05,5.616414496736527e-05,0.0001650308543594,1.009646865192389,-0.3478679151493083,0.0,0.3412833228904741,1.3369427820274231,BTCUSDT,SUBE,v4_63_balanceado,63,0.4536480686695279,0.46249317121357825,0.017690205088100708,0.0112627731781904,0.021712203383045053,0.020898860409709303,0.0219798500712213,0.0410971974211508,0.038234694699859004,1.8464198533245,2.188120864545893,0.6834020224427868,354,411.5,115,0.347547974413646,0.37575138833676647,0.056406827846241014,0.5031982942430704,0.5595087516413092,0.11262091479647762,5.616414496736527e-05,0.0012897080780889328,0.0024670878662431347,1.009646865192389,1.3413517223958082,0.6634097144068383,-0.3478679151493083,-0.21697104414650825,0.2617937420056001,0.266456515711612,0.303869919301043,0.07482680717886209,1.3369427820274231,1.411434459681621,0.1489833553083959
0.86,0.1793201620299602,953,1151,92896,428360,2104,0.0040201773158055,0.4529467680608365,0.0101546100651045,0.997320208329938,0.5037374091975213,0.0198638916969766,2.525910990338942,0.0043124338055398,0.0034868313599764,342,0.93741612878051,0.4035087719298245,0.6140350877192983,0.002479985460633,0.002479985460633,0.0024111943664965,1.6491933274264847,-0.0767943906875271,0.0,0.266456515711612,1.485926137335819,0.2552714502657555,3909,4329,130568,387994,8238,0.0156378132118451,0.4745083758193736,0.0290681677907746,0.9889657246707432,0.509016946230759,0.054780506604071,1.8588384064311816,0.0040534775740495,0.0041597781595955,448,1.2246036913509708,0.3526785714285714,0.5044642857142857,0.0002873839753336,0.0002873839753336,0.0002401260935642,1.0500110443940274,-0.345378284750101,0.0,0.3412833228904741,1.3369427820274231,BTCUSDT,SUBE,v4_63_balanceado,63,0.4529467680608365,0.46372757194010505,0.021561607758537105,0.0101546100651045,0.019611388927939552,0.0189135577256701,0.0198638916969766,0.0373221991505238,0.0349166149070944,1.8588384064311816,2.192374698385062,0.6670725839077605,342,395.0,106,0.3526785714285714,0.37809367167919794,0.05083020050125309,0.5044642857142857,0.559249686716792,0.10957080200501257,0.0002873839753336,0.0013836847179833,0.0021926014852994002,1.0500110443940274,1.349602185910256,0.5991822830324574,-0.345378284750101,-0.21108633771881405,0.26858389406257394,0.266456515711612,0.303869919301043,0.07482680717886209,1.3369427820274231,1.411434459681621,0.1489833553083959
0.87,0.1793201620299602,877,1007,92972,428504,1884,0.0035998165698563,0.4654989384288747,0.0093447985593879,0.9976554733173306,0.5035001359383593,0.0183217908140348,2.595909646518725,0.0046438635847658,0.0037837638333546,323,0.8853374549593707,0.4179566563467492,0.6346749226006192,0.0027010681366579,0.0027010681366579,0.0029811581148015,1.7090996558271612,-0.0804887993966215,0.0,0.266456515711612,1.485926137335819,0.2552714502657555,3563,3793,130914,388530,7356,0.0139635535307517,0.4843665035345296,0.0264952371037426,0.9903319458711316,0.5084135914874371,0.0502421862331051,1.8974566212957624,0.004333259638721,0.0045329126590938,417,1.1398654894940956,0.3597122302158273,0.5083932853717026,0.0001589433116174,0.0001589433116174,0.0006237191481779,1.0267383233620273,-0.3047854084521333,0.0,0.3412833228904741,1.3369427820274231,BTCUSDT,SUBE,v4_63_balanceado,63,0.4654989384288747,0.47493272098170214,0.018867565105654904,0.0093447985593879,0.01792001783156525,0.017150438544354697,0.0183217908140348,0.03428198852356995,0.0319203954190703,1.8974566212957624,2.2466831339072435,0.6984530252229626,323,370.0,94,0.3597122302158273,0.38883444328128824,0.0582444261309219,0.5083932853717026,0.5715341039861609,0.1262816372289166,0.0001589433116174,0.0014300057241376498,0.0025421248250405,1.0267383233620273,1.3679189895945942,0.6823613324651339,-0.3047854084521333,-0.1926371039243774,0.2242966090555118,0.266456515711612,0.303869919301043,0.07482680717886209,1.3369427820274231,1.411434459681621,0.1489833553083959
0.88,0.1793201620299602,795,891,93054,428620,1686,0.0032214918985019,0.4715302491103202,0.0084710545663779,0.997925547890508,0.503198301228443,0.0166431150887109,2.629543960770783,0.0047772102552645,0.0041069719455131,309,0.8469636953016889,0.43042071197411,0.6343042071197411,0.0027493843300044,0.0027493843300044,0.0031130082844259,1.706704093228892,-0.1025452877770853,0.0,0.266456515711612,1.485926137335819,0.2552714502657555,3234,3338,131243,388985,6572,0.0124753227031131,0.4920876445526476,0.0240487220863047,0.991491704539372,0.5077702133128383,0.0458564045119072,1.9277034076484063,0.004562640829531,0.0047252819232579,393,1.0742617203145792,0.3791348600508906,0.5165394402035624,0.0005462228382497,0.0005462228382497,0.0007745934584961,1.0930640280559971,-0.2878745074450127,0.0,0.3412833228904741,1.3369427820274231,BTCUSDT,SUBE,v4_63_balanceado,63,0.4715302491103202,0.4818089468314839,0.020557395442327375,0.0084710545663779,0.0162598883263413,0.015577667519926801,0.0166431150887109,0.03124975980030905,0.0292132894231963,1.9277034076484063,2.2786236842095944,0.7018405531223766,309,351.0,84,0.3791348600508906,0.4047777860125003,0.05128585192321944,0.5165394402035624,0.5754218236616517,0.11776476691617876,0.0005462228382497,0.0016478035841270499,0.0022031614917547,1.0930640280559971,1.3998840606424445,0.6136400651728948,-0.2878745074450127,-0.195209897611049,0.1853292196679274,0.266456515711612,0.303869919301043,0.07482680717886209,1.3369427820274231,1.411434459681621,0.1489833553083959
0.89,0.1793201620299602,724,775,93125,428736,1499,0.0028641852644451,0.4829886591060707,0.0077145201334057,0.9981956224636854,0.5029550712985457,0.0151864748080714,2.6934431334351263,0.0051202927852081,0.0044191919191918,283,0.7756981416517087,0.431095406360424,0.6219081272084805,0.0027028777666791,0.0027028777666791,0.0029969283973072,1.6757734063994905,-0.1004182155150809,0.0,0.266456515711612,1.485926137335819,0.2552714502657555,2927,2955,131550,389368,5882,0.0111655277145026,0.4976198571914315,0.0217658038177532,0.9924679409568136,0.5071168723872834,0.0417073361879181,1.9493752892200609,0.0047846857540584,0.0049251121345361,374,1.0223254030474622,0.3770053475935829,0.5133689839572193,0.0006584182080358,0.0006584182080358,0.0006415182727146,1.1153062501406563,-0.2697041469877381,0.0,0.3412833228904741,1.3369427820274231,BTCUSDT,SUBE,v4_63_balanceado,63,0.4829886591060707,0.4903042581487511,0.014631198085360786,0.0077145201334057,0.014740161975579449,0.014051283684347498,0.0151864748080714,0.02844690549799475,0.026520861379846702,1.9493752892200609,2.3214092113275937,0.7440678442150654,283,328.5,91,0.3770053475935829,0.4040503769770034,0.05409005876684109,0.5133689839572193,0.5676385555828499,0.10853914325126124,0.0006584182080358,0.00168064798735745,0.0020444595586433002,1.1153062501406563,1.3955398282700733,0.5604671562588341,-0.2697041469877381,-0.1850611812514095,0.1692859314726572,0.266456515711612,0.303869919301043,0.07482680717886209,1.3369427820274231,1.411434459681621,0.1489833553083959
0.9,0.1793201620299602,665,689,93184,428822,1354,0.0025871293182512,0.4911373707533235,0.0070858506750205,0.9983958501644894,0.5027408504197549,0.0139701479995378,2.738885383514575,0.0053601581492675,0.00476979300096,259,0.7099145536671114,0.4324324324324324,0.6216216216216216,0.0029144481755274,0.0029144481755274,0.0029337369975594,1.748086038308934,-0.0942651584390704,0.0,0.266456515711612,1.485926137335819,0.2552714502657555,2621,2567,131856,389756,5188,0.0098481397114654,0.5052043176561295,0.0194903217650601,0.9934569219750052,0.5064736218700328,0.0375326674542655,1.979086643375812,0.0048751369229246,0.0051562871525896,341,0.9321202204256273,0.375366568914956,0.5131964809384164,0.0004991490249637,0.0004991490249637,0.0006237191481779,1.085469089833745,-0.2621364623108597,0.0,0.3412833228904741,1.3369427820274231,BTCUSDT,SUBE,v4_63_balanceado,63,0.4911373707533235,0.49817084420472646,0.014066946902806021,0.0070858506750205,0.0132880862200403,0.012404471090039601,0.0139701479995378,0.02575140772690165,0.023562519454727697,1.979086643375812,2.3589860134451937,0.7597987401387629,259,300.0,82,0.375366568914956,0.4038995006736942,0.05706586351747639,0.5131964809384164,0.567409051280019,0.10842514068320519,0.0004991490249637,0.00170679860024555,0.0024152991505637,1.085469089833745,1.4167775640713396,0.6626169484751891,-0.2621364623108597,-0.17820081037496505,0.16787130387178928,0.266456515711612,0.303869919301043,0.07482680717886209,1.3369427820274231,1.411434459681621,0.1489833553083959
0.91,0.1793201620299602,592,589,93257,428922,1181,0.0022565729134821,0.5012701100762066,0.0063080054129505,0.9986286730724008,0.5024683392426758,0.0124592234031358,2.7953917975629308,0.0058047377322735,0.0050720494732872,248,0.6797637425075044,0.4314516129032258,0.6169354838709677,0.0028219156024665,0.0028219156024665,0.0028874929291949,1.7102089855029663,-0.0978759708940206,0.0,0.266456515711612,1.485926137335819,0.2552714502657555,2293,2219,132184,390104,4512,0.0085649202733485,0.5082003546099291,0.0170512429634807,0.9943439461871978,0.5056975945753392,0.0329954169034959,1.9908233140872469,0.0049007779622178,0.0052612641526279,313,0.8555824897161916,0.3769968051118211,0.5271565495207667,0.0007465931471128,0.0007465931471128,0.0012509001211871,1.1285024801607682,-0.2503206590172259,0.0,0.3412833228904741,1.3369427820274231,BTCUSDT,SUBE,v4_63_balanceado,63,0.5012701100762066,0.5047352323430678,0.006930244533722485,0.0063080054129505,0.011679624188215599,0.010743237550530199,0.0124592234031358,0.022727320153315852,0.020536193500360102,1.9908233140872469,2.3931075558250887,0.8045684834756839,248,280.5,65,0.3769968051118211,0.4042242090075234,0.054454807791404714,0.5271565495207667,0.5720460166958672,0.08977893435020101,0.0007465931471128,0.00178425437478965,0.0020753224553536997,1.1285024801607682,1.4193557328318671,0.5817065053421981,-0.2503206590172259,-0.17409831495562325,0.15244468812320527,0.266456515711612,0.303869919301043,0.07482680717886209,1.3369427820274231,1.411434459681621,0.1489833553083959
0.92,0.1793201620299602,526,500,93323,429011,1026,0.0019604096606542,0.5126705653021443,0.0056047480527229,0.9988358854604422,0.5022203167565826,0.0110882740447957,2.858967778628757,0.006184310468495,0.0055154886111452,227,0.6222031030209818,0.4537444933920704,0.6343612334801763,0.002618132753683,0.002618132753683,0.0039078162125234,1.6693798045240975,-0.0776290919764187,0.0,0.266456515711612,1.485926137335819,0.2552714502657555,1995,1895,132482,390428,3890,0.0073842065299924,0.512853470437018,0.0148352506376555,0.9951697963157908,0.5050025234767231,0.0288363554893869,2.00905142311489,0.0049955052064138,0.005456276357642,289,0.7899787205366753,0.3944636678200692,0.5363321799307958,0.0011406397814802,0.0011406397814802,0.0018298900366544,1.1943869085156174,-0.2466281713279178,0.0,0.3412833228904741,1.3369427820274231,BTCUSDT,SUBE,v4_63_balanceado,63,0.5126705653021443,0.5127620178695811,0.00018290513487373428,0.0056047480527229,0.0102199993451892,0.0092305025849326,0.0110882740447957,0.019962314767091302,0.0177480814445912,2.00905142311489,2.4340096008718235,0.8499163555138667,227,258.0,62,0.3944636678200692,0.4241040806060698,0.059280825572001206,0.5363321799307958,0.585346706705486,0.09802905354938041,0.0011406397814802,0.0018793862675816,0.0014774929722028002,1.1943869085156174,1.4318833565198574,0.47499289600848016,-0.2466281713279178,-0.16212863165216826,0.1689990793514991,0.266456515711612,0.303869919301043,0.07482680717886209,1.3369427820274231,1.411434459681621,0.1489833553083959
0.93,0.1793201620299602,460,420,93389,429091,880,0.001681442983797,0.5227272727272727,0.0049014906924953,0.9990221437867716,0.5019618172396334,0.0097119150418562,2.9150501918458955,0.0066610854737036,0.0057770721316091,201,0.5509375493710016,0.4477611940298507,0.6318407960199005,0.0026750816804701,0.0026750816804701,0.0031786510088158,1.7081749509447903,-0.0863954112479632,0.0,0.266456515711612,1.485926137335819,0.2552714502657555,1714,1581,132763,390742,3295,0.0062547456340167,0.5201820940819424,0.0127456739814243,0.995970157242884,0.5043579156121542,0.0248816885869407,2.037760562492971,0.0052432757806151,0.0056637882924206,255,0.6970400475323606,0.392156862745098,0.5294117647058824,0.00051904169819,0.00051904169819,0.0011513803794291,1.0843309022600012,-0.2550538487665197,0.0,0.3412833228904741,1.3369427820274231,BTCUSDT,SUBE,v4_63_balanceado,63,0.5201820940819424,0.5214546834046075,0.002545178645330326,0.0049014906924953,0.0088235823369598,0.007844183288929,0.0097119150418562,0.017296801814398452,0.0151697735450845,2.037760562492971,2.476405377169433,0.8772896293529246,201,228.0,54,0.392156862745098,0.41995902838747434,0.05560433128475273,0.5294117647058824,0.5806262803628914,0.10242903131401815,0.00051904169819,0.00159706168933005,0.0021560399822801004,1.0843309022600012,1.3962529266023957,0.6238440486847892,-0.2550538487665197,-0.17072463000724145,0.16865843751855653,0.266456515711612,0.303869919301043,0.07482680717886209,1.3369427820274231,1.411434459681621,0.1489833553083959
0.94,0.1793201620299602,405,342,93444,429169,747,0.001427315805564,0.5421686746987951,0.0043154428923057,0.9992037456549424,0.5017595942736242,0.0085627299251553,3.023467459326806,0.00699121416514,0.0063456205608964,174,0.4769310128883297,0.4540229885057471,0.6206896551724138,0.0028864269222388,0.0028864269222388,0.0030877897030615,1.75111148753497,-0.0784596313243968,0.0,0.266456515711612,1.485926137335819,0.2552714502657555,1441,1305,133036,391018,2746,0.0052126044039483,0.5247632920611799,0.0107155870520609,0.996673659204278,0.5036946231281695,0.0210023101083637,2.055706940650294,0.0055244806252308,0.0058883870996137,224,0.6123018456754854,0.4017857142857143,0.53125,0.0005277150092499,0.0005277150092499,0.0014550785622176,1.0841474167591358,-0.1822989247738052,0.0,0.3412833228904741,1.3369427820274231,BTCUSDT,SUBE,v4_63_balanceado,63,0.5247632920611799,0.5334659833799875,0.017405382637615263,0.0043154428923057,0.0075155149721833,0.0064001441597551995,0.0085627299251553,0.0147825200167595,0.0124395801832084,2.055706940650294,2.53958719998855,0.9677605186765121,174,199.0,50,0.4017857142857143,0.4279043513957307,0.052237274220032826,0.53125,0.5759698275862069,0.08943965517241381,0.0005277150092499,0.0017070709657443501,0.0023587119129889,1.0841474167591358,1.417629452147053,0.6669640707758342,-0.1822989247738052,-0.130379278049101,0.10383929344940838,0.266456515711612,0.303869919301043,0.07482680717886209,1.3369427820274231,1.411434459681621,0.1489833553083959
0.95,0.1793201620299602,339,277,93510,429234,616,0.0011770100886579,0.5503246753246753,0.0036121855320781,0.999355080545085,0.5014836330385816,0.0071772614195733,3.0689503572539087,0.0071924700456077,0.0071118154704186,152,0.4166293905691156,0.4605263157894737,0.631578947368421,0.0033931385701636,0.0033931385701636,0.0030877897030615,1.8878127411202816,-0.0673157939217816,0.0,0.266456515711612,1.485926137335819,0.2552714502657555,1198,1061,133279,391262,2259,0.0042881548974943,0.5303231518370961,0.0089085865984517,0.9972955957208728,0.5031020911596623,0.0175228176924877,2.077487127075873,0.0054111101164734,0.0062768842925622,195,0.5330306245835699,0.3846153846153846,0.517948717948718,0.0003029228087684,0.0003029228087684,0.0006593173972513,1.0459632539919763,-0.2037965730924666,0.0,0.3412833228904741,1.3369427820274231,BTCUSDT,SUBE,v4_63_balanceado,63,0.5303231518370961,0.5403239135808857,0.02000152348757922,0.0036121855320781,0.006260386065264899,0.005296401066373599,0.0071772614195733,0.0123500395560305,0.010345556272914398,2.077487127075873,2.573218742164891,0.9914632301780357,152,173.5,43,0.3846153846153846,0.4225708502024291,0.07591093117408909,0.517948717948718,0.5747638326585696,0.11363022941970302,0.0003029228087684,0.001848030689466,0.0030902157613952,1.0459632539919763,1.466887997556129,0.8418494871283053,-0.2037965730924666,-0.1355561835071241,0.13648077917068502,0.266456515711612,0.303869919301043,0.07482680717886209,1.3369427820274231,1.411434459681621,0.1489833553083959
0.05,0.1793201620299602,93846,428078,3,1433,521924,0.9972561907673494,0.1798077881070807,0.9999680337563532,0.0033363522703725,0.501652193013363,0.3048071286009617,1.002719304241087,0.0004881805975091,0.0001180045047294,2180,5.975342575267579,0.1798165137614679,0.5160550458715596,0.0004866892292338,0.0004866892292338,0.0001566196437092,1.1956204374194672,-0.2106142623389704,0.0,0.2617913938243926,1.4599105357748523,0.2552714502657555,134476,391927,1,396,526403,0.9992463933181474,0.2554620699350117,0.9999925637841416,0.0010093723793914,0.5005009680817665,0.4069604164144776,1.0007467332091302,0.0004248621518733,0.0003566122213694,2195,6.0000113895432605,0.25375854214123,0.5161731207289294,0.0004248204024753,0.0004248204024753,0.0002704447175037,1.121290777761918,-0.3019732439624841,0.0,0.3420517424990273,1.3399529878602856,BTCUSDT,SUBE,v4_63_moderado,63,0.1798077881070807,0.2176349290210462,0.07565428182793099,0.9999680337563532,0.9999802987702474,2.4530027788349784e-05,0.3048071286009617,0.35588377250771963,0.1021532878135159,1.0007467332091302,1.0017330187251086,0.0019725710319566936,2180,2187.5,15,0.1798165137614679,0.21678752795134895,0.0739420283797621,0.5160550458715596,0.5161140833002444,0.00011807485736980983,0.0004248204024753,0.00045575481585455,6.186882675850001e-05,1.121290777761918,1.1584556075906927,0.07432965965754912,-0.3019732439624841,-0.2562937531507272,0.09135898162351369,0.2617913938243926,0.30192156816170995,0.08026034867463472,1.3399529878602856,1.399931761817569,0.1199575479145667
0.06,0.1793201620299602,93842,427025,7,2486,520867,0.9952365484561296,0.1801649941347791,0.9999254120981576,0.0057879774906812,0.5028566947944194,0.305318228254999,1.0047113057185266,0.0004904623413556,0.0001217365796422,2180,5.975342575267579,0.1830275229357798,0.5174311926605505,0.0004871837822234,0.0004871837822234,0.0001856750636558,1.195947333934584,-0.2106142623389704,0.0,0.2617913938243926,1.4599105357748523,0.2552714502657555,134471,391194,6,1129,525665,0.997845482156416,0.2558112105618597,0.9999553827048492,0.0028777308493256,0.5014165567770874,0.4074002260119792,1.0021144561820068,0.0004279059419531,0.0003612318609038,2195,6.0000113895432605,0.2514806378132118,0.5248291571753987,0.0004217099473948,0.0004217099473948,0.0003780612002106,1.1206567590718528,-0.297615888268496,0.0,0.3420517424990273,1.3399529878602856,BTCUSDT,SUBE,v4_63_moderado,63,0.1801649941347791,0.2179881023483194,0.07564621642708058,0.9999254120981576,0.9999403974015033,2.997060669163165e-05,0.305318228254999,0.3563592271334891,0.10208199775698024,1.0021144561820068,1.0034128809502667,0.0025968495365198407,2180,2187.5,15,0.1830275229357798,0.21725408037449578,0.06845311487743197,0.5174311926605505,0.5211301749179746,0.007397964514848199,0.0004217099473948,0.00045444686480910004,6.54738348286e-05,1.1206567590718528,1.1583020465032186,0.07529057486273127,-0.297615888268496,-0.25411507530373323,0.0870016259295256,0.2617913938243926,0.30192156816170995,0.08026034867463472,1.3399529878602856,1.399931761817569,0.1199575479145667
0.07,0.1793201620299602,93837,425577,12,3934,519414,0.9924602568022012,0.180659358430847,0.9998721350254132,0.0091592531972405,0.5045156941113269,0.306025310511151,1.0074681864310555,0.0004939686541428,0.0001237665347034,2175,5.961637661104121,0.1728735632183908,0.5066666666666667,0.0004910080311967,0.0004910080311967,7.28992323473232e-05,1.1991204886291764,-0.2121205963841159,0.0,0.2617913938243926,1.4599105357748523,0.2552714502657555,134430,389950,47,2373,524380,0.99540622627183,0.2563598916816049,0.9996504978546518,0.0060485875158988,0.5028495426852754,0.4080703399979055,1.0042638587852903,0.0004312632761605,0.000366761239217,2193,5.9945444087783,0.2503419972640219,0.5129958960328317,0.0004201999339849,0.0004201999339849,0.000193002798098,1.1216657940292831,-0.2910885179236903,0.0,0.3420517424990273,1.3399529878602856,BTCUSDT,SUBE,v4_63_moderado,63,0.180659358430847,0.21850962505622595,0.0757005332507579,0.9996504978546518,0.9997613164400325,0.00022163717076140177,0.306025310511151,0.3570478252545283,0.10204502948675448,1.0042638587852903,1.0058660226081728,0.0032043276457651704,2175,2184.0,18,0.1728735632183908,0.21160778024120636,0.07746843404563108,0.5066666666666667,0.5098312813497492,0.006329229366164979,0.0004201999339849,0.0004556039825908,7.080809721179997e-05,1.1216657940292831,1.1603931413292297,0.07745469459989329,-0.2910885179236903,-0.25160455715390306,0.07896792153957438,0.2617913938243926,0.30192156816170995,0.08026034867463472,1.3399529878602856,1.399931761817569,0.1199575479145667
0.08,0.1793201620299602,93828,424163,21,5348,517991,0.9897412870681748,0.1811382823253685,0.999776236294473,0.0124513691151099,0.5061138027047914,0.3067076359832636,1.010138961926125,0.0004951683263901,0.0001239713331049,2172,5.953414712606047,0.1841620626151013,0.5119705340699816,0.0004878341349084,0.0004878341349084,0.0001321784411532,1.1951866624059968,-0.2121205963841159,0.0,0.2617913938243926,1.4599105357748523,0.2552714502657555,134382,388666,95,3657,523048,0.9928777524677296,0.2569209709242746,0.999293559493445,0.0093214009884712,0.5043074802409582,0.4087509980609102,1.0064618297768977,0.0004359122577181,0.0003741515699224,2189,5.983610447248381,0.2562814070351759,0.5166742804933759,0.0004272550970172,0.0004272550970172,0.0002741081212711,1.1223772415022268,-0.2994652625530323,0.0,0.3420517424990273,1.3399529878602856,BTCUSDT,SUBE,v4_63_moderado,63,0.1811382823253685,0.21902962662482156,0.07578268859890613,0.999293559493445,0.999534897893959,0.0004826768010279814,0.3067076359832636,0.3577293170220869,0.10204336207764658,1.0064618297768977,1.0083003958515113,0.003677132149227269,2172,2180.5,17,0.1841620626151013,0.22022173482513857,0.07211934442007459,0.5119705340699816,0.5143224072816788,0.004703746423394328,0.0004272550970172,0.0004575446159628,6.05790378912e-05,1.1223772415022268,1.1587819519541118,0.07280942090376996,-0.2994652625530323,-0.2557929294685741,0.0873446661689164,0.2617913938243926,0.30192156816170995,0.08026034867463472,1.3399529878602856,1.399931761817569,0.1199575479145667
0.09,0.1793201620299602,93774,422496,75,7015,516270,0.9864529195964536,0.1816375152536463,0.9992008439088322,0.0163325269899956,0.507766685449414,0.3073957703333284,1.012922993139494,0.0004965983976392,0.0001268272772387,2164,5.931486849944514,0.1843807763401109,0.4949168207024029,0.0004922030413024,0.0004922030413024,-4.318872885461511e-05,1.197024712519377,-0.2042910989854384,0.0,0.2617913938243926,1.4599105357748523,0.2552714502657555,134193,387088,284,5235,521281,0.9895235383447228,0.2574292943729006,0.9978881146961934,0.0133435969851372,0.5056158558406654,0.409275982908329,1.0084531352993007,0.0004356361968221,0.0003765090014378,2187,5.978143466483422,0.254686785550983,0.5189757658893461,0.0004284594149188,0.0004284594149188,0.0003069451422283,1.1234377622371328,-0.2971329188709846,0.0,0.3420517424990273,1.3399529878602856,BTCUSDT,SUBE,v4_63_moderado,63,0.1816375152536463,0.21953340481327344,0.07579177911925428,0.9978881146961934,0.9985444793025129,0.001312729212638808,0.3073957703333284,0.35833587662082866,0.10188021257500063,1.0084531352993007,1.0106880642193974,0.004469857840193381,2164,2175.5,23,0.1843807763401109,0.21953378094554696,0.0703060092108721,0.4949168207024029,0.5069462932958745,0.024058945186943237,0.0004284594149188,0.0004603312281106,6.374362638359994e-05,1.1234377622371328,1.1602312373782548,0.07358695028224416,-0.2971329188709846,-0.2507120089282115,0.09284181988554618,0.2617913938243926,0.30192156816170995,0.08026034867463472,1.3399529878602856,1.399931761817569,0.1199575479145667
0.1,0.1793201620299602,93653,420376,196,9135,514029,0.9821709721797616,0.1821940007275854,0.997911538748415,0.0212683726377205,0.5095899556930678,0.3081309078466402,1.016026299915706,0.0004963781455221,0.0001257621568411,2160,5.920522918613748,0.1856481481481481,0.5050925925925925,0.000487473776754,0.000487473776754,6.698048490061392e-05,1.195876733749724,-0.2148958430900518,0.0,0.2617913938243926,1.4599105357748523,0.2552714502657555,133932,384871,545,7452,518803,0.9848196659073652,0.2581557932394377,0.9959472623571316,0.0189945529576394,0.5074709076573856,0.4100293901542983,1.011299120879673,0.0004339755053897,0.0003728714160455,2183,5.967209504953503,0.260650480989464,0.5148877691250573,0.0004302568918915,0.0004302568918915,0.0002297316636343,1.1252670848164343,-0.2972547142234243,0.0,0.3420517424990273,1.3399529878602856,BTCUSDT,SUBE,v4_63_moderado,63,0.1821940007275854,0.22017489698351156,0.07596179251185231,0.9959472623571316,0.9969294005527733,0.0019642763912833816,0.3081309078466402,0.35908014900046925,0.10189848230765808,1.011299120879673,1.0136627103976896,0.004727179036032814,2160,2171.5,23,0.1856481481481481,0.22314931456880605,0.07500233284131588,0.5050925925925925,0.509990180858825,0.009795176532464756,0.0004302568918915,0.00045886533432274996,5.7216884862499966e-05,1.1252670848164343,1.160571909283079,0.07060964893328969,-0.2972547142234243,-0.25607527865673807,0.08235887113337251,0.2617913938243926,0.30192156816170995,0.08026034867463472,1.3399529878602856,1.399931761817569,0.1199575479145667
0.11,0.1793201620299602,93425,417428,424,12083,510853,0.9761024915927852,0.1828803980792909,0.9954821042312652,0.0281319919629532,0.5118070480971092,0.3089951744826377,1.0198540755764864,0.0004964900037526,0.0001236742178891,2154,5.904077021617598,0.1880222841225626,0.5074280408542247,0.0004894060969491,0.0004894060969491,7.257800568272188e-05,1.1969875903445688,-0.2136883732391212,0.0,0.2617913938243926,1.4599105357748523,0.2552714502657555,133485,381912,992,10411,515397,0.9783542141230068,0.2589945226689328,0.992623273868394,0.0265368076814257,0.5095800407749098,0.410802709448293,1.0145847583006302,0.0004313588992175,0.0003662062389389,2176,5.948075072276144,0.2647058823529412,0.5367647058823529,0.0004383027431833,0.0004383027431833,0.0005962288829532,1.1241742362570608,-0.2921482446859681,0.0,0.3420517424990273,1.3399529878602856,BTCUSDT,SUBE,v4_63_moderado,63,0.1828803980792909,0.22093746037411185,0.0761141245896419,0.992623273868394,0.9940526890498296,0.0028588303628711564,0.3089951744826377,0.35989894196546535,0.10180753496565531,1.0145847583006302,1.0172194169385582,0.005269317275856222,2154,2165.0,22,0.1880222841225626,0.2263640832377519,0.07668359823037857,0.5074280408542247,0.5220963733682888,0.02933666502812826,0.0004383027431833,0.0004638544200662,5.1103353765799954e-05,1.1241742362570608,1.160580913300815,0.072813354087508,-0.2921482446859681,-0.25291830896254464,0.07845987144684691,0.2617913938243926,0.30192156816170995,0.08026034867463472,1.3399529878602856,1.399931761817569,0.1199575479145667
0.12,0.1793201620299602,92989,412929,860,16582,505918,0.966673035768878,0.1838025134507963,0.9908363434879434,0.038606694589894,0.5147215190389187,0.3100837491892684,1.024996360532438,0.0005000049630584,0.0001283690479766,2150,5.893113090286833,0.1869767441860465,0.52,0.0004941328731426,0.0004941328731426,0.0002183263335012,1.1967302100720054,-0.2104185385294247,0.0,0.2617913938243926,1.4599105357748523,0.2552714502657555,132889,377944,1588,14379,510833,0.9696905846621108,0.2601417684448733,0.9881912892167434,0.0366509228365403,0.5124211060266418,0.411860966047326,1.0190789771987725,0.0004305266133674,0.000364004684582,2166,5.920740168451345,0.2631578947368421,0.5203139427516159,0.0004322110998688,0.0004322110998688,0.0003871708544056,1.1211965109406306,-0.3249740383402136,0.0,0.3420517424990273,1.3399529878602856,BTCUSDT,SUBE,v4_63_moderado,63,0.1838025134507963,0.2219721409478348,0.07633925499407701,0.9881912892167434,0.9895138163523434,0.002645054271199987,0.3100837491892684,0.3609723576182972,0.10177721685805763,1.0190789771987725,1.0220376688656052,0.005917383333665427,2150,2158.0,16,0.1869767441860465,0.22506731946144432,0.07618115055079558,0.52,0.520156971375808,0.00031394275161589213,0.0004322110998688,0.0004631719865057,6.192177327379996e-05,1.1211965109406306,1.158963360506318,0.07553369913137487,-0.3249740383402136,-0.26769628843481913,0.11455549981078891,0.2617913938243926,0.30192156816170995,0.08026034867463472,1.3399529878602856,1.399931761817569,0.1199575479145667
0.13,0.1793201620299602,92363,406301,1486,23210,498664,0.9528125955365332,0.1852209102722474,0.98416605398033,0.0540381969262719,0.519102125453301,0.3117669992050806,1.032906217435278,0.0005069961795313,0.0001337520320225,2138,5.860221296294534,0.19644527595884,0.5154349859681946,0.0004970621415629,0.0004970621415629,0.0001921349072292,1.1984844189914428,-0.2117589105858662,0.0,0.2617913938243926,1.4599105357748523,0.2552714502657555,132212,372545,2265,19778,504757,0.958156795747912,0.2619319791503634,0.9831569710805566,0.050412542726274,0.5167847569034153,0.413657596435734,1.0260919459566429,0.0004367026153104,0.0003756804854628,2158,5.898872245391506,0.2562557924003707,0.5157553290083411,0.0004200566372562,0.0004200566372562,0.0002963247969232,1.1213024904047506,-0.3366400493274425,0.0,0.3420517424990273,1.3399529878602856,BTCUSDT,SUBE,v4_63_moderado,63,0.1852209102722474,0.22357644471130542,0.07671106887811602,0.9831569710805566,0.9836615125304433,0.001009082899773417,0.3117669992050806,0.3627122978204073,0.10189059723065341,1.0260919459566429,1.0294990816959606,0.006814271478635225,2138,2148.0,20,0.19644527595884,0.22635053417960538,0.05981051644153071,0.5154349859681946,0.5155951574882678,0.00032034304014649795,0.0004200566372562,0.00045855938940955,7.700550430670002e-05,1.1213024904047506,1.1598934546980968,0.07718192858669215,-0.3366400493274425,-0.2741994799566544,0.1248811387415763,0.2617913938243926,0.30192156816170995,0.08026034867463472,1.3399529878602856,1.399931761817569,0.1199575479145667
0.14,0.1793201620299602,91407,398154,2442,31357,489561,0.9354192143075512,0.186712176827811,0.9739794776715788,0.0730062792338263,0.5234928784527025,0.3133542448706742,1.0412224409914137,0.0005058492748745,0.000132944183423,2122,5.816365570971469,0.1866163996229971,0.5037700282752121,0.0004982676006076,0.0004982676006076,5.0837195246566935e-05,1.1936815273375727,-0.2028336068500894,0.0,0.2617913938243926,1.4599105357748523,0.2552714502657555,131267,365178,3210,27145,496445,0.9423785117691724,0.2644139834221313,0.9761297470942988,0.0691904374711653,0.522660092282732,0.4161116588104393,1.035814945803214,0.0004451302525452,0.0003936287729717,2148,5.871537341566707,0.2574487895716946,0.5274674115456238,0.0004274934394237,0.0004274934394237,0.0004499715004411,1.1203120523826124,-0.3320311807184793,0.0,0.3420517424990273,1.3399529878602856,BTCUSDT,SUBE,v4_63_moderado,63,0.186712176827811,0.22556308012497114,0.0777018065943203,0.9739794776715788,0.9750546123829388,0.002150269422720008,0.3133542448706742,0.36473295184055676,0.10275741393976512,1.035814945803214,1.0385186933973138,0.005407495188199718,2122,2135.0,26,0.1866163996229971,0.22203259459734584,0.0708323899486975,0.5037700282752121,0.515618719910418,0.02369738327041171,0.0004274934394237,0.00046288052001565005,7.077416118390006e-05,1.1203120523826124,1.1569967898600926,0.07336947495496027,-0.3320311807184793,-0.26743239378428435,0.12919757386838993,0.2617913938243926,0.30192156816170995,0.08026034867463472,1.3399529878602856,1.399931761817569,0.1199575479145667
0.15,0.1793201620299602,90318,388855,3531,40656,479173,0.915570544176093,0.1884872478207244,0.9623757312278234,0.0946564814405219,0.5285161063341727,0.3152339700744474,1.0511213334127625,0.0005064982630453,0.0001321325703826,2101,5.7588049314849465,0.188005711565921,0.5088053307948596,0.0004995138662511,0.0004995138662511,0.0001381702063016,1.196203481206231,-0.2015653306057112,0.0,0.2617913938243926,1.4599105357748523,0.2552714502657555,130234,356353,4243,35970,486587,0.9236655277145026,0.2676479231874258,0.968448136112495,0.0916846577947252,0.5300663969536101,0.4193899501500651,1.0484835766349336,0.000458568631766,0.0004190197821829,2131,5.825068005064551,0.2637259502580948,0.5251055842327546,0.0004405315643703,0.0004405315643703,0.0003841103522301,1.123155213436665,-0.3299804750978587,0.0,0.3420517424990273,1.3399529878602856,BTCUSDT,SUBE,v4_63_moderado,63,0.1884872478207244,0.2280675855040751,0.0791606753667014,0.9623757312278234,0.9654119336701592,0.006072404884671645,0.3152339700744474,0.36731196011225625,0.10415598007561766,1.0484835766349336,1.049802455023848,0.002637756777828848,2101,2116.0,30,0.188005711565921,0.2258658309120079,0.07572023869217381,0.5088053307948596,0.5169554575138071,0.016300253437894985,0.0004405315643703,0.00047002271531069995,5.898230188079999e-05,1.123155213436665,1.159679347321448,0.07304826776956608,-0.3299804750978587,-0.26577290285178495,0.12841514449214753,0.2617913938243926,0.30192156816170995,0.08026034867463472,1.3399529878602856,1.399931761817569,0.1199575479145667
0.16,0.1793201620299602,89005,378595,4844,50916,467600,0.893457658208499,0.1903443113772455,0.9483851719251136,0.1185441117922474,0.5334646418586806,0.3170546211677285,1.0614774670203753,0.0005075423672742,0.0001299818700344,2074,5.684798395002275,0.1812921890067502,0.5072324011571842,0.0005053347710667,0.0005053347710667,9.703046658826596e-05,1.1988520769163975,-0.2016204481289703,0.0,0.2617913938243926,1.4599105357748523,0.2552714502657555,129063,346629,5414,45694,475692,0.902984054669704,0.2713163139174087,0.959740327342222,0.1164703573331158,0.5381053423376689,0.4230401741156958,1.0628541250302352,0.000474456936363,0.0004519712352791,2111,5.770398197414954,0.2572240644244434,0.531501657981999,0.00043807635181,0.00043807635181,0.0004776510837869,1.123260709340533,-0.3345868729880469,0.0,0.3420517424990273,1.3399529878602856,BTCUSDT,SUBE,v4_63_moderado,63,0.1903443113772455,0.2308303126473271,0.08097200254016318,0.9483851719251136,0.9540627496336678,0.011355155417108409,0.3170546211677285,0.37004739764171213,0.1059855529479673,1.0614774670203753,1.0621657960253053,0.0013766580098599768,2074,2092.5,37,0.1812921890067502,0.2192581267155968,0.0759318754176932,0.5072324011571842,0.5193670295695916,0.024269256824814844,0.00043807635181,0.00047170556143835,6.725841925670005e-05,1.123260709340533,1.1610563931284652,0.0755913675758646,-0.3345868729880469,-0.2681036605585086,0.13296642485907662,0.2617913938243926,0.30192156816170995,0.08026034867463472,1.3399529878602856,1.399931761817569,0.1199575479145667
0.17,0.1793201620299602,87431,367303,6418,62208,454734,0.8688741974931213,0.1922684470481644,0.9316135494251404,0.1448344745536202,0.5382240119893803,0.3187521304889141,1.072207636172227,0.0005033930201615,0.0001250975670018,2051,5.621755789850369,0.182350073135056,0.5036567528035105,0.0005042068383849,0.0005042068383849,3.287635204007877e-05,1.1993067625064024,-0.2011418755458485,0.0,0.2617913938243926,1.4599105357748523,0.2552714502657555,127376,336075,7101,56248,463451,0.8797475322703113,0.2748424321017756,0.9471954311889764,0.1433716605959885,0.5452835458924825,0.4260579869148125,1.0766673351667229,0.0004841712868961,0.0004757588174784,2090,5.712994899382877,0.2650717703349282,0.5253588516746411,0.0004274880868662,0.0004274880868662,0.0005138654032068,1.118288029772265,-0.3228730235736131,0.0,0.3420517424990273,1.3399529878602856,BTCUSDT,SUBE,v4_63_moderado,63,0.1922684470481644,0.23355543957497,0.08257398505361122,0.9316135494251404,0.9394044903070584,0.015581881763836014,0.3187521304889141,0.3724050587018633,0.1073058564258984,1.072207636172227,1.074437485669475,0.004459698994495831,2051,2070.5,39,0.182350073135056,0.22371092173499207,0.08272169719987219,0.5036567528035105,0.5145078022390759,0.021702098871130615,0.0004274880868662,0.00046584746262555,7.67187515187e-05,1.118288029772265,1.1587973961393336,0.0810187327341374,-0.3228730235736131,-0.26200744955973077,0.12173114802776458,0.2617913938243926,0.30192156816170995,0.08026034867463472,1.3399529878602856,1.399931761817569,0.1199575479145667
0.18,0.1793201620299602,85616,355191,8233,74320,440807,0.8422634515438704,0.1942255907914348,0.9122739720188814,0.1730339851598678,0.5426539785893746,0.3202657409624132,1.0831218787265215,0.0004998711394612,0.0001168190312077,2015,5.523080407873473,0.1930521091811414,0.5086848635235732,0.0005337063855423,0.0005337063855423,0.0001561472405684,1.204613988969217,-0.2050208809115511,0.0,0.2617913938243926,1.4599105357748523,0.2552714502657555,125309,324856,9168,67467,450165,0.8545273348519362,0.2783623782390901,0.9318247730095108,0.1719679957585968,0.5518963843840539,0.4286691684825927,1.0904563669352578,0.0004860158493175,0.0004821811867639,2055,5.6173227359960825,0.2700729927007299,0.5231143552311436,0.0004532891163699,0.0004532891163699,0.0004843699860137,1.1249351581623546,-0.3192559000750211,0.0,0.3420517424990273,1.3399529878602856,BTCUSDT,SUBE,v4_63_moderado,63,0.1942255907914348,0.23629398451526246,0.08413678744765529,0.9122739720188814,0.922049372514196,0.019550800990629447,0.3202657409624132,0.374467454722503,0.10840342752017945,1.0831218787265215,1.0867891228308897,0.007334488208736278,2015,2035.0,40,0.1930521091811414,0.23156255094093564,0.07702088351958847,0.5086848635235732,0.5158996093773585,0.014429491707570352,0.0004532891163699,0.0004934977509561,8.041726917240003e-05,1.1249351581623546,1.1647745735657857,0.07967883080686233,-0.3192559000750211,-0.2621383904932861,0.11423501916346998,0.2617913938243926,0.30192156816170995,0.08026034867463472,1.3399529878602856,1.399931761817569,0.1199575479145667
0.19,0.1793201620299602,83530,341475,10319,88036,425005,0.8120700856007337,0.1965388642486559,0.8900467772698697,0.2049679752090167,0.5475073762394432,0.3219788225589473,1.0960221205678968,0.0005009128397998,0.0001117268220396,1975,5.413441094565811,0.2010126582278481,0.5058227848101265,0.0005003786500336,0.0005003786500336,9.80724039401082e-05,1.1859827289125089,-0.208938389104568,0.0,0.2617913938243926,1.4599105357748523,0.2552714502657555,122349,312725,12128,79598,435074,0.8258807896735004,0.2812142302229046,0.909813574068428,0.2028889460979855,0.5563512600832068,0.4296331671790586,1.1016282076594968,0.0004711166852212,0.0004797875251134,2019,5.518917082226808,0.2699356116889549,0.5289747399702823,0.0004540812181862,0.0004540812181862,0.0003720904787558,1.1250347906003004,-0.326912261377261,0.0,0.3420517424990273,1.3399529878602856,BTCUSDT,SUBE,v4_63_moderado,63,0.1965388642486559,0.23887654723578025,0.08467536597424868,0.8900467772698697,0.8999301756691489,0.019766796798558306,0.3219788225589473,0.3758059948690029,0.10765434462011131,1.0960221205678968,1.0988251641136968,0.005606087091599932,1975,1997.0,44,0.2010126582278481,0.23547413495840153,0.0689229534611068,0.5058227848101265,0.5173987623902044,0.02315195516015578,0.0004540812181862,0.0004772299341099,4.6297431847399956e-05,1.1250347906003004,1.1555087597564047,0.06094793831220846,-0.326912261377261,-0.2679253252409145,0.11797387227269299,0.2617913938243926,0.30192156816170995,0.08026034867463472,1.3399529878602856,1.399931761817569,0.1199575479145667
0.2,0.1793201620299602,81206,326358,12643,103153,407564,0.7787450321002751,0.1992472347901188,0.8652835938582191,0.2401638141980065,0.5527237040281128,0.3239086341997514,1.1111256678255133,0.0005093119763599,0.0001162574942888,1939,5.314765712588915,0.1980402269210933,0.5090252707581228,0.0004880450328253,0.0004880450328253,9.80724039401082e-05,1.1797103802702036,-0.2028832270916598,0.0,0.2617913938243926,1.4599105357748523,0.2552714502657555,119008,299531,15469,92792,418539,0.7944931662870159,0.2843414831114902,0.8849691768852667,0.2365193985568014,0.560744287721034,0.4303962272339318,1.1138789034789076,0.0004557660444431,0.0004783583781,1979,5.4095774669276135,0.2718544719555331,0.5250126326427489,0.0004704717201763,0.0004704717201763,0.0003681729482387,1.1290005403539194,-0.3358795002780459,0.0,0.3420517424990273,1.3399529878602856,BTCUSDT,SUBE,v4_63_moderado,63,0.1992472347901188,0.2417943589508045,0.08509424832137141,0.8652835938582191,0.8751263853717428,0.019685583027047593,0.3239086341997514,0.37715243071684157,0.10648759303418037,1.1111256678255133,1.1125022856522104,0.002753235653394359,1939,1959.0,40,0.1980402269210933,0.2349473494383132,0.07381424503443978,0.5090252707581228,0.5170189517004358,0.015987361884626128,0.0004704717201763,0.00047925837650080003,1.7573312648999954e-05,1.1290005403539194,1.1543554603120616,0.050709839916284194,-0.3358795002780459,-0.2693813636848529,0.13299627318638613,0.2617913938243926,0.30192156816170995,0.08026034867463472,1.3399529878602856,1.399931761817569,0.1199575479145667
0.21,0.1793201620299602,78852,310105,14997,119406,388957,0.7431920666462856,0.202726779566893,0.8402007480101014,0.2780045214208716,0.5591026347154865,0.3266405139952693,1.1305297590185204,0.000530726514028,0.0001298846678754,1891,5.183198536619721,0.2041248016922263,0.5097831835007932,0.0005155525652459,0.0005155525652459,0.000186479254036,1.1914369050154217,-0.2107781574868701,0.0,0.2617913938243926,1.4599105357748523,0.2552714502657555,115320,285468,19157,106855,400788,0.7607972665148064,0.2877331656636426,0.8575444127992148,0.2723648626259485,0.5649546377125816,0.4308893725537818,1.1271654756694969,0.0004459883663217,0.0004874071656786,1943,5.31117181315834,0.2784354091610911,0.5244467318579517,0.0004730567434086,0.0004730567434086,0.000371548425893,1.1266868450650258,-0.3355413422038605,0.0,0.3420517424990273,1.3399529878602856,BTCUSDT,SUBE,v4_63_moderado,63,0.202726779566893,0.2452299726152678,0.0850063860967496,0.8402007480101014,0.8488725804046581,0.017343664789113422,0.3266405139952693,0.37876494327452553,0.10424885855851251,1.1271654756694969,1.1288476173440087,0.0033642833490235002,1891,1917.0,52,0.2041248016922263,0.2412801054266587,0.07431060746886481,0.5097831835007932,0.5171149576793724,0.01466354835715844,0.0004730567434086,0.00049430465432725,4.249582183729996e-05,1.1266868450650258,1.1590618750402237,0.06475005995039584,-0.3355413422038605,-0.2731597498453653,0.12476318471699041,0.2617913938243926,0.30192156816170995,0.08026034867463472,1.3399529878602856,1.399931761817569,0.1199575479145667
0.22,0.1793201620299602,76264,292216,17585,137295,368480,0.7040660348517273,0.2069691706469822,0.8126245351575403,0.3196542114171697,0.566139373287355,0.3299122486367932,1.1541879524534582,0.0005572049522285,0.0001463687155091,1843,5.051631360650527,0.2056429734129137,0.5219750406945198,0.0004966867005109,0.0004966867005109,0.0003021440679544,1.180676905977759,-0.1994433000587022,0.0,0.2617913938243926,1.4599105357748523,0.2552714502657555,111428,270923,23049,121400,382351,0.7257991647684131,0.2914285564834406,0.8286026606780341,0.3094389062073852,0.5690207834427097,0.4311995480121046,1.141641794176525,0.0004357099668004,0.0004975397861892,1903,5.2018321978591455,0.279033105622701,0.5396741986337362,0.0004732181923571,0.0004732181923571,0.0006037187111953,1.1255049139894888,-0.3634368063929828,0.0,0.3420517424990273,1.3399529878602856,BTCUSDT,SUBE,v4_63_moderado,63,0.2069691706469822,0.24919886356521143,0.08445938583645843,0.8126245351575403,0.8206135979177872,0.015978125520493824,0.3299122486367932,0.3805558983244489,0.10128729937531139,1.141641794176525,1.1479148733149915,0.012546158276933284,1843,1873.0,60,0.2056429734129137,0.24233803951780736,0.0733901322097873,0.5219750406945198,0.530824619664128,0.017699157939216392,0.0004732181923571,0.000484952446434,2.346850815380003e-05,1.1255049139894888,1.153090909983624,0.055171991988270275,-0.3634368063929828,-0.28144005322584253,0.16399350633428061,0.2617913938243926,0.30192156816170995,0.08026034867463472,1.3399529878602856,1.399931761817569,0.1199575479145667
0.23,0.1793201620299602,73459,273395,20390,156116,346854,0.6627445735249159,0.211786515363813,0.7827360973478673,0.3634738109152036,0.5731049541315354,0.3333719080650688,1.1810524425492566,0.0005975511030942,0.0001799002078514,1800,4.93376909884479,0.1966666666666666,0.5211111111111111,0.0004902718789387,0.0004902718789387,0.0002924743761769,1.1772377347216612,-0.2078038328455379,0.0,0.2617913938243926,1.4599105357748523,0.2552714502657555,106989,255852,27488,136471,362841,0.6887642369020501,0.2948646927993253,0.7955932984822683,0.3478536817877106,0.5717234901349895,0.4302639357513703,1.1551025094751115,0.0004145984553771,0.0004975265027533,1859,5.081558621030032,0.2829478214093598,0.5266272189349113,0.0004654152731195,0.0004654152731195,0.0005199476382142,1.123744608385561,-0.332735941800841,0.0,0.3420517424990273,1.3399529878602856,BTCUSDT,SUBE,v4_63_moderado,63,0.211786515363813,0.2533256040815691,0.08307817743551232,0.7827360973478673,0.7891646979150678,0.01285720113440103,0.3333719080650688,0.3818179219082195,0.09689202768630151,1.1551025094751115,1.1680774760121841,0.02594993307414506,1800,1829.5,59,0.1966666666666666,0.2398072440380132,0.08628115474269321,0.5211111111111111,0.5238691650230112,0.005516107823800187,0.0004654152731195,0.0004778435760291,2.4856605819199948e-05,1.123744608385561,1.150491171553611,0.05349312633610026,-0.332735941800841,-0.27026988732318946,0.12493210895530307,0.2617913938243926,0.30192156816170995,0.08026034867463472,1.3399529878602856,1.399931761817569,0.1199575479145667
0.24,0.1793201620299602,70445,254609,23404,174902,325054,0.621090645062672,0.2167178376515902,0.7506206778974736,0.4072119223954683,0.578916300146471,0.3363308450882424,1.2085525419912435,0.0006364563659865,0.0002160983663886,1757,4.815906837039053,0.2031872509960159,0.5105293113261241,0.0004797103638051,0.0004797103638051,9.879086089181754e-05,1.1714061554492106,-0.2052730555578709,0.0,0.2617913938243926,1.4599105357748523,0.2552714502657555,102254,240064,32223,152259,342318,0.6498063781321185,0.2987105556821435,0.7603828163923942,0.3880960331155706,0.5742394247539824,0.4289222831615265,1.17016828701825,0.000392768495015,0.000490571217495,1812,4.95308457305348,0.2842163355408388,0.5259381898454746,0.0004582256023302,0.0004582256023302,0.0005120858031909,1.1185697997663928,-0.3623642662262656,0.0,0.3420517424990273,1.3399529878602856,BTCUSDT,SUBE,v4_63_moderado,63,0.2167178376515902,0.25771419666686685,0.0819927180305533,0.7506206778974736,0.7555017471449339,0.009762138494920691,0.3363308450882424,0.38262656412488444,0.09259143807328407,1.17016828701825,1.1893604145047467,0.03838425497299358,1757,1784.5,55,0.2031872509960159,0.24370179326842734,0.08102908454482291,0.5105293113261241,0.5182337505857993,0.015408878519350466,0.0004582256023302,0.00046896798306765,2.1484761474899953e-05,1.1185697997663928,1.1449879776078018,0.05283635568281775,-0.3623642662262656,-0.28381866089206825,0.1570912106683947,0.2617913938243926,0.30192156816170995,0.08026034867463472,1.3399529878602856,1.399931761817569,0.1199575479145667
0.25,0.1793201620299602,67333,236053,26516,193458,303386,0.5796889330479975,0.2219383887193212,0.7174610278212874,0.4504145411875365,0.583937784504412,0.3390083955341297,1.2376655597837374,0.0006709422595357,0.0002508962467381,1695,4.645965901412177,0.2106194690265486,0.5233038348082596,0.0005332553721742,0.0005332553721742,0.0003360699949139,1.1886537083796065,-0.1920213170393155,0.0,0.2617913938243926,1.4599105357748523,0.2552714502657555,97544,225017,36933,167306,322561,0.6123025816249051,0.302404816453322,0.7253582396989819,0.4264496346122965,0.5759039371556393,0.4268529093860904,1.184640178674495,0.0003734005531978,0.0004783583781,1761,4.813676563547007,0.2884724588302101,0.532084043157297,0.000468904771967,0.000468904771967,0.0005662158656527,1.1221857792532488,-0.3532369705190684,0.0,0.3420517424990273,1.3399529878602856,BTCUSDT,SUBE,v4_63_moderado,63,0.2219383887193212,0.2621716025863216,0.08046642773400081,0.7174610278212874,0.7214096337601347,0.007897211877694543,0.3390083955341297,0.38293065246011004,0.08784451385196068,1.184640178674495,1.211152869229116,0.053025381109242486,1695,1728.0,66,0.2106194690265486,0.24954596392837936,0.07785298980366151,0.5233038348082596,0.5276939389827783,0.008780208349037366,0.000468904771967,0.0005010800720706,6.435060020720004e-05,1.1221857792532488,1.1554197438164278,0.06646792912635768,-0.3532369705190684,-0.27262914377919195,0.1612156534797529,0.2617913938243926,0.30192156816170995,0.08026034867463472,1.3399529878602856,1.399931761817569,0.1199575479145667
0.26,0.1793201620299602,63939,216668,29910,212843,280607,0.5361643992662795,0.227859604357696,0.6812965508423106,0.4955472618861915,0.5884219063642511,0.3415034076099729,1.270685916063504,0.0007099609405443,0.0002889169013027,1630,4.467802017287227,0.2079754601226993,0.5202453987730061,0.0005299406641083,0.0005299406641083,0.0002616346271043,1.1845416071329349,-0.2034151119867803,0.0,0.2617913938243926,1.4599105357748523,0.2552714502657555,92816,209924,41661,182399,302740,0.5746772968868641,0.3065865098764616,0.6901998111201172,0.4649204864359214,0.5775601487780193,0.4245763545333323,1.2010215382773262,0.0003825534439409,0.000486497581641,1713,4.682469025187976,0.2948044366608289,0.5318155283129014,0.0004727592386722,0.0004727592386722,0.0005436850073463,1.1208157868074236,-0.3685585551658177,0.0,0.3420517424990273,1.3399529878602856,BTCUSDT,SUBE,v4_63_moderado,63,0.227859604357696,0.2672230571170788,0.07872690551876557,0.6812965508423106,0.6857481809812138,0.008903260277806635,0.3415034076099729,0.3830398810716526,0.08307294692335943,1.2010215382773262,1.235853727170415,0.06966437778617784,1630,1671.5,83,0.2079754601226993,0.2513899483917641,0.0868289765381296,0.5202453987730061,0.5260304635429538,0.011570129539895224,0.0004727592386722,0.00050134995139025,5.718142543610004e-05,1.1208157868074236,1.1526786969701792,0.06372582032551133,-0.3685585551658177,-0.285986833576299,0.1651434431790374,0.2617913938243926,0.30192156816170995,0.08026034867463472,1.3399529878602856,1.399931761817569,0.1199575479145667
0.27,0.1793201620299602,60087,197134,33762,232377,257221,0.491480051971874,0.2336006780161806,0.6402518939999361,0.5410268887176347,0.5906393913587854,0.3423078018628763,1.3027016893791974,0.0007630216537478,0.0003331546412985,1556,4.264969287668052,0.2191516709511568,0.5179948586118251,0.0005384489650536,0.0005384489650536,0.0002526764031423,1.180157172816668,-0.2103232152917828,0.0,0.2617913938243926,1.4599105357748523,0.2552714502657555,88162,194373,46315,197950,282535,0.5363230827638572,0.3120392163802715,0.6555916625147795,0.5045587436882365,0.580075203101508,0.4228271608490883,1.22238196263396,0.0004300216998594,0.000550076875381,1657,4.529393563769104,0.3017501508750754,0.5371152685576343,0.0005322072141027,0.0005322072141027,0.0007295916266829,1.1309718052698725,-0.3573481722247456,0.0,0.3420517424990273,1.3399529878602856,BTCUSDT,SUBE,v4_63_moderado,63,0.2336006780161806,0.27281994719822605,0.0784385383640909,0.6402518939999361,0.6479217782573579,0.015339768514843422,0.3423078018628763,0.3825674813559823,0.08051935898621199,1.22238196263396,1.2625418260065788,0.08031972674523735,1556,1606.5,101,0.2191516709511568,0.2604509109131161,0.08259847992391858,0.5179948586118251,0.5275550635847297,0.019120409945809103,0.0005322072141027,0.0005353280895781501,6.241750950900025e-06,1.1309718052698725,1.1555644890432704,0.04918536754679548,-0.3573481722247456,-0.2838356937582642,0.14702495693296277,0.2617913938243926,0.30192156816170995,0.08026034867463472,1.3399529878602856,1.399931761817569,0.1199575479145667
0.28,0.1793201620299602,55985,177631,37864,251880,233616,0.4463772546621828,0.2396454009999315,0.5965433835203359,0.5864343404476253,0.5914888619839807,0.34192967187333,1.336410798914471,0.0008265772217925,0.0003868729146682,1478,4.051172626718111,0.2232746955345061,0.510148849797023,0.0005746669263008,0.0005746669263008,0.0002835648009784,1.1900100387929602,-0.2017961720738962,0.0,0.2617913938243926,1.4599105357748523,0.2552714502657555,83448,178961,51029,213362,262409,0.4981188306757783,0.3180073854174209,0.6205373409579333,0.5438427010397046,0.5821900209988189,0.4205136991478662,1.2457616591528466,0.0004895562368697,0.0006412292534376,1605,4.387252063880152,0.3052959501557632,0.5327102803738317,0.0005078878339532,0.0005078878339532,0.0006268321490556,1.1249637972512807,-0.3438476406859417,0.0,0.3420517424990273,1.3399529878602856,BTCUSDT,SUBE,v4_63_moderado,63,0.2396454009999315,0.2788263932086762,0.0783619844174894,0.5965433835203359,0.6085403622391345,0.02399395743759747,0.34192967187333,0.3812216855105981,0.07858402727453617,1.2457616591528466,1.2910862290336587,0.09064913976162425,1478,1541.5,127,0.2232746955345061,0.2642853228451347,0.08202125462125712,0.510148849797023,0.5214295650854274,0.022561430576808705,0.0005078878339532,0.0005412773801269999,6.677909234760005e-05,1.1249637972512807,1.1574869180221206,0.06504624154167948,-0.3438476406859417,-0.27282190637991893,0.1420514686120455,0.2617913938243926,0.30192156816170995,0.08026034867463472,1.3399529878602856,1.399931761817569,0.1199575479145667
0.29,0.1793201620299602,51805,158574,42044,270937,210379,0.4019776062366249,0.2462460606809615,0.5520037507059212,0.6308034020083304,0.5914035763571258,0.3405669432136424,1.373220154908289,0.0008951719830733,0.0004481216910352,1415,3.878490708258543,0.2367491166077738,0.5024734982332155,0.0005980002108431,0.0005980002108431,2.653142808983766e-05,1.1955124908382055,-0.2245158350972554,0.0,0.2617913938243926,1.4599105357748523,0.2552714502657555,78476,163904,56001,228419,242380,0.4600987091875474,0.3237725884974007,0.5835644757096009,0.5822217917379302,0.5828931337237655,0.4164762761471858,1.268346257132675,0.0005461777740988,0.0007352775651163,1543,4.217775660166401,0.3013609850939728,0.5210628645495787,0.0004830247992698,0.0004830247992698,0.0004212299233312,1.117410451081214,-0.3424940324754508,0.0,0.3420517424990273,1.3399529878602856,BTCUSDT,SUBE,v4_63_moderado,63,0.2462460606809615,0.2850093245891811,0.0775265278164392,0.5520037507059212,0.567784113207761,0.03156072500367968,0.3405669432136424,0.3785216096804141,0.0759093329335434,1.268346257132675,1.320783206020482,0.10487389777561407,1415,1479.0,128,0.2367491166077738,0.26905505085087333,0.06461186848619899,0.5024734982332155,0.5117681813913971,0.01858936631636321,0.0004830247992698,0.00054051250505645,0.00011497541157330003,1.117410451081214,1.1564614709597096,0.07810203975699159,-0.3424940324754508,-0.2835049337863531,0.1179781973781954,0.2617913938243926,0.30192156816170995,0.08026034867463472,1.3399529878602856,1.399931761817569,0.1199575479145667
0.3,0.1793201620299602,47703,140583,46146,288928,188286,0.359763833690003,0.2533539402823364,0.508295240226321,0.6726905713706983,0.5904929057985097,0.3381572651390291,1.4128580825172734,0.0009683203864263,0.0005063464344737,1360,3.727736652460508,0.2338235294117647,0.5066176470588235,0.0005873758916192,0.0005873758916192,0.0001676330892098,1.1861995394096216,-0.2058832279110036,0.0,0.2617913938243926,1.4599105357748523,0.2552714502657555,73347,149660,61130,242663,223007,0.4233238420652999,0.3288999896864224,0.545424124571488,0.6185286103542235,0.5819763674628557,0.4103512325027134,1.2884323309324817,0.0005947024654682,0.0008102496285502,1481,4.048299256452651,0.3024983119513842,0.5158676569885212,0.0004968154962101,0.0004968154962101,0.0003625726957392,1.118907406260694,-0.3300476234162141,0.0,0.3420517424990273,1.3399529878602856,BTCUSDT,SUBE,v4_63_moderado,63,0.2533539402823364,0.2911269649843794,0.07554604940408605,0.508295240226321,0.5268596823989045,0.037128884345167035,0.3381572651390291,0.3742542488208712,0.07219396736368427,1.2884323309324817,1.3506452067248775,0.12442575158479174,1360,1420.5,121,0.2338235294117647,0.2681609206815745,0.0686747825396195,0.5066176470588235,0.5112426520236724,0.009250009929697711,0.0004968154962101,0.00054209569391465,9.056039540910005e-05,1.118907406260694,1.1525534728351579,0.06729213314892757,-0.3300476234162141,-0.2679654256636088,0.12416439550521047,0.2617913938243926,0.30192156816170995,0.08026034867463472,1.3399529878602856,1.399931761817569,0.1199575479145667
0.31,0.1793201620299602,43429,124041,50420,305470,167470,0.3199900642005503,0.259324058040246,0.4627539984443095,0.7112041367974278,0.5869790676208686,0.3323830261098504,1.446151147225257,0.0010318425916263,0.0005535823737667,1284,3.5194219571759504,0.2437694704049844,0.5194704049844237,0.0007310188288102,0.0007310188288102,0.0002952151255092,1.2316052838910945,-0.2087286990936943,0.0,0.2617913938243926,1.4599105357748523,0.2552714502657555,68238,136110,66239,256213,204348,0.3879043280182232,0.3339303541018263,0.5074324977505447,0.6530664783864316,0.5802494880684881,0.4027920017708256,1.3081382730194913,0.0006711482872262,0.0009019426771276,1428,3.903424266181219,0.3053221288515406,0.5189075630252101,0.0004239073335037,0.0004239073335037,0.0003586513523146,1.0987861745695264,-0.374769111470987,0.0,0.3420517424990273,1.3399529878602856,BTCUSDT,SUBE,v4_63_moderado,63,0.259324058040246,0.29662720607103615,0.07460629606158031,0.4627539984443095,0.48509324809742704,0.044678499306235187,0.3323830261098504,0.36758751394033795,0.0704089756609752,1.3081382730194913,1.3771447101223742,0.1380128742057658,1284,1356.0,144,0.2437694704049844,0.2745457996282625,0.06155265844655619,0.5189075630252101,0.519188984004817,0.0005628419592135225,0.0004239073335037,0.0005774630811569499,0.0003071114953065,1.0987861745695264,1.1651957292303106,0.13281910932156804,-0.374769111470987,-0.29174890528234065,0.16604041237729272,0.2617913938243926,0.30192156816170995,0.08026034867463472,1.3399529878602856,1.399931761817569,0.1199575479145667
0.32,0.1793201620299602,39172,108580,54677,320931,147752,0.2823142769795169,0.2651199306946775,0.4173938987096293,0.7472008865896334,0.5822973926496313,0.3242701810009064,1.4784725135948855,0.0010997196489243,0.0005907301972697,1231,3.374149867043298,0.2583265637692932,0.5304630381803412,0.0008736186599009,0.0008736186599009,0.0005278974927918,1.2770115498225756,-0.1836360536972009,0.0,0.2617913938243926,1.4599105357748523,0.2552714502657555,63457,123779,71020,268544,187236,0.3554214123006833,0.3389145249845115,0.4718799497311808,0.684497212755816,0.5781885812434984,0.3944944717807487,1.3276632566300608,0.0007465662722091,0.0009730873140222,1375,3.7585492759097874,0.3170909090909091,0.512,0.0003886975849231,0.0003886975849231,0.0003416667276163,1.088566358375883,-0.399160674189949,0.0,0.3420517424990273,1.3399529878602856,BTCUSDT,SUBE,v4_63_moderado,63,0.2651199306946775,0.3020172278395945,0.07379459428983404,0.4173938987096293,0.444636924220405,0.05448605102155152,0.3242701810009064,0.35938232639082757,0.07022429077984232,1.3276632566300608,1.4030678851124732,0.15080925696482472,1231,1303.0,144,0.2583265637692932,0.28770873643010114,0.058764345321615896,0.512,0.5212315190901706,0.01846303818034123,0.0003886975849231,0.000631158122412,0.00048492107497780004,1.088566358375883,1.1827889540992294,0.1884451914466927,-0.399160674189949,-0.29139836394357493,0.2155246204927481,0.2617913938243926,0.30192156816170995,0.08026034867463472,1.3399529878602856,1.399931761817569,0.1199575479145667
0.33,0.1793201620299602,35189,94565,58660,334946,129754,0.2479249464995414,0.2711978050773001,0.3749533825613485,0.7798310171334378,0.5773921998473932,0.3147453298927116,1.51236649580982,0.0011566593860231,0.0006484771577861,1173,3.2151728627471883,0.2625745950554135,0.5285592497868713,0.0009649760252609,0.0009649760252609,0.0005295403028819,1.3032599887921783,-0.1743946874919906,0.0,0.2617913938243926,1.4599105357748523,0.2552714502657555,58887,112314,75590,280009,171201,0.3249829157175398,0.3439641123591568,0.4378964432579549,0.7137205822753191,0.575808512766637,0.3852877864942848,1.3474445027090418,0.0008367250095785,0.0010438159763213,1317,3.6000068337259563,0.3181473044798785,0.5148063781321185,0.000408031646239,0.000408031646239,0.0004329389092339,1.092410381318365,-0.3689512673044199,0.0,0.3420517424990273,1.3399529878602856,BTCUSDT,SUBE,v4_63_moderado,63,0.2711978050773001,0.30758095871822844,0.07276630728185668,0.3749533825613485,0.4064249129096517,0.06294306069660638,0.3147453298927116,0.3500165581934982,0.07054245660157321,1.3474445027090418,1.429905499259431,0.16492199310077815,1173,1245.0,144,0.2625745950554135,0.290360949767646,0.05557270942446502,0.5148063781321185,0.5216828139594949,0.013752871654752807,0.000408031646239,0.00068650383574995,0.0005569443790219,1.092410381318365,1.1978351850552715,0.21084960747381332,-0.3689512673044199,-0.2716729773982053,0.1945565798124293,0.2617913938243926,0.30192156816170995,0.08026034867463472,1.3399529878602856,1.399931761817569,0.1199575479145667
0.34,0.1793201620299602,31261,82019,62588,347492,113280,0.2164475695505961,0.2759622175141243,0.3330989142132575,0.8090409791600215,0.5710699466866395,0.3018505375876869,1.5389358028129452,0.0012184377003441,0.0006831928099012,1093,2.995894236131864,0.2744739249771272,0.5215004574565416,0.0010829743663571,0.0010829743663571,0.0002857542131442,1.3320225213341437,-0.1829207631445618,0.0,0.2617913938243926,1.4599105357748523,0.2552714502657555,54368,101951,80109,290372,156319,0.2967331055429005,0.3478016108086669,0.4042921837935112,0.7401350417895458,0.5722136127915285,0.3739253634850548,1.3624775134335665,0.0009146773170285,0.0010808502130035,1253,3.4250634492472463,0.3224261771747805,0.518754988028731,0.0004556266084695,0.0004556266084695,0.0003939208989334,1.1026093550036131,-0.3886806951475977,0.0,0.3420517424990273,1.3399529878602856,BTCUSDT,SUBE,v4_63_moderado,63,0.2759622175141243,0.3118819141613956,0.07183939329454259,0.3330989142132575,0.3686955490033843,0.07119326958025368,0.3018505375876869,0.33788795053637083,0.07207482589736791,1.3624775134335665,1.4507066581232557,0.17645828937937869,1093,1173.0,160,0.2744739249771272,0.29845005107595385,0.04795225219765331,0.518754988028731,0.5201277227426363,0.0027454694278106206,0.0004556266084695,0.0007693004874133,0.0006273477578876,1.1026093550036131,1.2173159381688783,0.22941316633053055,-0.3886806951475977,-0.28580072914607973,0.20575993200303588,0.2617913938243926,0.30192156816170995,0.08026034867463472,1.3399529878602856,1.399931761817569,0.1199575479145667
0.35,0.1793201620299602,27595,71143,66254,358368,98738,0.1886617242433506,0.2794769997366768,0.294036164476979,0.8343627986244823,0.5641994815507306,0.2865717831421643,1.5585363997718376,0.0012668920815275,0.0006853997411067,1033,2.831435266170371,0.2758954501452081,0.5440464666021297,0.0010780455772041,0.0010780455772041,0.0006195453851787,1.3251208063299336,-0.1921673768746946,0.0,0.2617913938243926,1.4599105357748523,0.2552714502657555,50142,92665,84335,299658,142807,0.2710839028094153,0.3511172421519953,0.3728667355756003,0.7638043143022458,0.568335524938923,0.3616652962305794,1.3754661627317026,0.0009604269531998,0.0010936841846116,1205,3.293855910888213,0.3319502074688796,0.5302904564315353,0.0004714860942119,0.0004714860942119,0.0006205845582354,1.1046908001602207,-0.4028751962039057,0.0,0.3420517424990273,1.3399529878602856,BTCUSDT,SUBE,v4_63_moderado,63,0.2794769997366768,0.31529712094433604,0.07164024241531852,0.294036164476979,0.3334514500262896,0.0788305710986213,0.2865717831421643,0.32411853968637183,0.07509351308841511,1.3754661627317026,1.46700128125177,0.18307023704013492,1033,1119.0,172,0.2758954501452081,0.30392282880704385,0.05605475732367149,0.5302904564315353,0.5371684615168325,0.013756010170594468,0.0004714860942119,0.0007747658357079999,0.0006065594829922,1.1046908001602207,1.214905803245077,0.22043000616971287,-0.4028751962039057,-0.29752128653930016,0.21070781932921112,0.2617913938243926,0.30192156816170995,0.08026034867463472,1.3399529878602856,1.399931761817569,0.1199575479145667
0.36,0.1793201620299602,24393,61411,69456,368100,85804,0.1639483338428615,0.2842874458067222,0.2599175270913915,0.8570211240224348,0.5584693255569131,0.2715568345644102,1.585362418751464,0.0013276839407677,0.0006956622156589,963,2.639566467881963,0.2834890965732087,0.5555555555555556,0.0011220175210374,0.0011220175210374,0.000818033625644,1.3263107133885172,-0.2070908096810919,0.0,0.2617913938243926,1.4599105357748523,0.2552714502657555,46068,84040,88409,308283,130108,0.2469779802581624,0.3540750760906324,0.3425715921681774,0.7857887505958101,0.5641801713819938,0.3482283576166449,1.3870531770083,0.0010060681240731,0.0011073042242021,1156,3.159914882146701,0.3313148788927336,0.5415224913494809,0.0005156666057275,0.0005156666057275,0.000911734377451,1.112776417932653,-0.4050052023494314,0.0,0.3420517424990273,1.3399529878602856,BTCUSDT,SUBE,v4_63_moderado,63,0.2842874458067222,0.31918126094867727,0.06978763028391016,0.2599175270913915,0.30124455962978447,0.08265406507678591,0.2715568345644102,0.30989259609052755,0.07667152305223468,1.3870531770083,1.486207797879882,0.198309241743164,963,1059.5,193,0.2834890965732087,0.3074019877329711,0.04782578231952489,0.5415224913494809,0.5485390234525183,0.014033064206074641,0.0005156666057275,0.00081884206338245,0.0006063509153099,1.112776417932653,1.219543565660585,0.21353429545586433,-0.4050052023494314,-0.3060480060152616,0.1979143926683395,0.2617913938243926,0.30192156816170995,0.08026034867463472,1.3399529878602856,1.399931761817569,0.1199575479145667
0.37,0.1793201620299602,21508,52705,72341,376806,74213,0.1418010547233262,0.2898144529934108,0.2291766561178062,0.8772906863852148,0.5532336712515106,0.2559531601432804,1.6161844251790802,0.0013909287610777,0.0007388697011874,915,2.5079992919127685,0.2983606557377049,0.5606557377049181,0.0011685414622524,0.0011685414622524,0.0010525208549996,1.3329955144859702,-0.1779839809283532,0.0,0.2617913938243926,1.4599105357748523,0.2552714502657555,42165,76145,92312,316178,118310,0.2245823842065299,0.3563942185783112,0.3135480416725537,0.8059124751798901,0.5597302584262218,0.3336010158750252,1.3961381823438532,0.0010344036706125,0.0011200019709988,1106,3.0232403630227087,0.3417721518987341,0.5424954792043399,0.0005248361237498,0.0005248361237498,0.0012804092931665,1.112292390726762,-0.3908936564234563,0.0,0.3420517424990273,1.3399529878602856,BTCUSDT,SUBE,v4_63_moderado,63,0.2898144529934108,0.323104335785861,0.06657976558490042,0.2291766561178062,0.27136234889517996,0.08437138555474749,0.2559531601432804,0.2947770880091528,0.07764785573174482,1.3961381823438532,1.5061613037614667,0.220046242835227,915,1010.5,191,0.2983606557377049,0.3200664038182195,0.043411496161029184,0.5424954792043399,0.551575608454629,0.01816025850057812,0.0005248361237498,0.0008466887930011,0.0006437053385025999,1.112292390726762,1.222643952606366,0.2207031237592083,-0.3908936564234563,-0.28443881867590476,0.2129096754951031,0.2617913938243926,0.30192156816170995,0.08026034867463472,1.3399529878602856,1.399931761817569,0.1199575479145667
0.38,0.1793201620299602,18977,44898,74872,384613,63875,0.1220479211250382,0.2970958904109589,0.2022078018945327,0.8954671708058699,0.5488374863502014,0.2406355405645304,1.6567902183878298,0.0014672407145692,0.0007961205341231,866,2.3736911331108823,0.2921478060046189,0.558891454965358,0.0011658202017069,0.0011658202017069,0.0009606606050109,1.3273283411715442,-0.1709602162064095,0.0,0.2617913938243926,1.4599105357748523,0.2552714502657555,38741,68770,95736,323553,107511,0.2040831435079726,0.3603445228860302,0.2880864385731389,0.8247107612859812,0.5563985999295601,0.3201894308808701,1.4116130985697235,0.0010909403552382,0.0011732156615535,1066,2.913900747723515,0.3461538461538461,0.5422138836772983,0.0005157067730913,0.0005157067730913,0.0010894173035411,1.109853467370967,-0.383526508369633,0.0,0.3420517424990273,1.3399529878602856,BTCUSDT,SUBE,v4_63_moderado,63,0.2970958904109589,0.32872020664849455,0.06324863247507129,0.2022078018945327,0.2451471202338358,0.08587863667860623,0.2406355405645304,0.2804124857227003,0.07955389031633969,1.4116130985697235,1.5342016584787768,0.2451771198181063,866,966.0,200,0.2921478060046189,0.3191508260792325,0.054006040149227164,0.5422138836772983,0.5505526693213281,0.01667757128805969,0.0005157067730913,0.0008407634873991,0.0006501134286156001,1.109853467370967,1.2185909042712555,0.21747487380057717,-0.383526508369633,-0.27724336228802127,0.21256629216322348,0.2617913938243926,0.30192156816170995,0.08026034867463472,1.3399529878602856,1.399931761817569,0.1199575479145667
0.39,0.1793201620299602,16689,38216,77160,391295,54905,0.1049086670742892,0.3039613878517439,0.1778282134066426,0.91102439751252,0.5444263054595814,0.2243838821140944,1.6950764733357702,0.0015660672733197,0.0008569526419548,807,2.211973145982081,0.298636926889715,0.5700123915737298,0.0013109527498986,0.0013109527498986,0.0011176990583732,1.3689588922207672,-0.1621680949720925,0.0,0.2617913938243926,1.4599105357748523,0.2552714502657555,35589,61967,98888,330356,97556,0.1851860288534548,0.36480585509861,0.264647486187229,0.8420510650662847,0.5533492756267568,0.3067580904440317,1.4290899147508331,0.0011393256375526,0.0012523928337069,1007,2.7526248151572044,0.3455809334657398,0.5392254220456802,0.0004239980510019,0.0004239980510019,0.0006843662666446,1.087366932919461,-0.4018094101238298,0.0,0.3420517424990273,1.3399529878602856,BTCUSDT,SUBE,v4_63_moderado,63,0.3039613878517439,0.334383621475177,0.060844467246866096,0.1778282134066426,0.22123784979693578,0.0868192727805864,0.2243838821140944,0.26557098627906306,0.08237420832993728,1.4290899147508331,1.5620831940433018,0.265986558584937,807,907.0,200,0.298636926889715,0.3221089301777274,0.04694400657602482,0.5392254220456802,0.554618906809705,0.0307869695280496,0.0004239980510019,0.00086747540045025,0.0008869546988967,1.087366932919461,1.2281629125701141,0.2815919593013061,-0.4018094101238298,-0.2819887525479612,0.2396413151517373,0.2617913938243926,0.30192156816170995,0.08026034867463472,1.3399529878602856,1.399931761817569,0.1199575479145667
0.4,0.1793201620299602,14659,32459,79190,397052,47118,0.0900298073983491,0.3111125259985568,0.1561977218723694,0.9244280123209884,0.5403128670966788,0.2079777536586577,1.7349556373174428,0.0016766537529492,0.0009581838303784,755,2.06944203868212,0.3086092715231788,0.5642384105960265,0.0013225105532198,0.0013225105532198,0.0008678115318672,1.3660621511450866,-0.17559599079113,0.0,0.2617913938243926,1.4599105357748523,0.2552714502657555,32677,55853,101800,336470,88530,0.1680523917995444,0.3691065175646673,0.2429932256073529,0.857635162863253,0.5503141942353029,0.2930580654418919,1.4459373235056312,0.0011791898087017,0.0013238509825549,956,2.6132168056507323,0.3587866108786611,0.5439330543933054,0.0003603044725386,0.0003603044725386,0.0010429242035168,1.0710599854948484,-0.3666506903211258,0.0,0.3420517424990273,1.3399529878602856,BTCUSDT,SUBE,v4_63_moderado,63,0.3111125259985568,0.340109521781612,0.05799399156611046,0.1561977218723694,0.19959547373986114,0.08679550373498349,0.2079777536586577,0.2505179095502748,0.08508031178323419,1.4459373235056312,1.590446480411537,0.28901831381181164,755,855.5,201,0.3086092715231788,0.33369794120091995,0.0501773393554823,0.5439330543933054,0.554085732494666,0.020305356202721114,0.0003603044725386,0.0008414075128792,0.0009622060806812002,1.0710599854948484,1.2185610683199675,0.2950021656502382,-0.3666506903211258,-0.2711233405561279,0.1910546995299958,0.2617913938243926,0.30192156816170995,0.08026034867463472,1.3399529878602856,1.399931761817569,0.1199575479145667
0.41,0.1793201620299602,12898,27503,80951,402008,40401,0.0771954295322531,0.3192495235266454,0.1374335368517512,0.935966715637085,0.5367001262444181,0.1921489757914339,1.7803325622319377,0.0018166203801516,0.001084219175542,715,1.9598027253744583,0.3090909090909091,0.5594405594405595,0.0013248864030173,0.0013248864030173,0.0009053255993478,1.3622318169050505,-0.1868621272594752,0.0,0.2617913938243926,1.4599105357748523,0.2552714502657555,30015,50289,104462,342034,80304,0.1524373576309795,0.373767184698147,0.2231980189920953,0.8718173545777331,0.5475076867849142,0.2794939962100931,1.4641950140097106,0.0012418858222726,0.0014097186015141,913,2.495676719204099,0.3472070098576122,0.5301204819277109,0.0002206546258467,0.0002206546258467,0.0007902711904408,1.0431386927770392,-0.3941267166416173,0.0,0.3420517424990273,1.3399529878602856,BTCUSDT,SUBE,v4_63_moderado,63,0.3192495235266454,0.3465083541123962,0.05451766117150164,0.1374335368517512,0.18031577792192324,0.0857644821403441,0.1921489757914339,0.23582148600076347,0.08734502041865919,1.4641950140097106,1.6222637881208242,0.31613754822222706,715,814.0,198,0.3090909090909091,0.32814895947426065,0.03811610076670313,0.5301204819277109,0.5447805206841352,0.029320077512848597,0.0002206546258467,0.000772770514432,0.0011042317771706,1.0431386927770392,1.202685254841045,0.3190931241280113,-0.3941267166416173,-0.29049442195054626,0.2072645893821421,0.2617913938243926,0.30192156816170995,0.08026034867463472,1.3399529878602856,1.399931761817569,0.1199575479145667
0.42,0.1793201620299602,11399,23359,82450,406152,34758,0.0664131763986548,0.3279532769434374,0.1214610704429455,0.9456148969409398,0.5335379836919427,0.177268733428196,1.8288700681000056,0.0019818115761267,0.0012000717128655,664,1.8200126009071893,0.3087349397590361,0.5436746987951807,0.001220312521148,0.001220312521148,0.0009122222552071,1.318392492652021,-0.1937069521876737,0.0,0.2617913938243926,1.4599105357748523,0.2552714502657555,27479,45386,106998,346937,72865,0.1383162490508732,0.3771220750703355,0.2043397755750053,0.8843147100730775,0.5443272428240414,0.2650596598855996,1.477337456569174,0.0012667008609626,0.0014548129766036,875,2.3918040846698645,0.3428571428571428,0.5337142857142857,0.0003483601182693,0.0003483601182693,0.0008999749485263,1.0680879921979654,-0.3762278620726116,0.0,0.3420517424990273,1.3399529878602856,BTCUSDT,SUBE,v4_63_moderado,63,0.3279532769434374,0.35253767600688646,0.04916879812689812,0.1214610704429455,0.1629004230089754,0.08287870513205979,0.177268733428196,0.2211641966568978,0.0877909264574036,1.477337456569174,1.6531037623345899,0.3515326115308317,664,769.5,211,0.3087349397590361,0.3257960413080895,0.03412220309810671,0.5337142857142857,0.5386944922547332,0.009960413080895014,0.0003483601182693,0.00078433631970865,0.0008719524028787001,1.0680879921979654,1.1932402424249933,0.2503045004540556,-0.3762278620726116,-0.2849674071301427,0.1825209098849379,0.2617913938243926,0.30192156816170995,0.08026034867463472,1.3399529878602856,1.399931761817569,0.1199575479145667
0.43,0.1793201620299602,9983,19783,83866,409728,29766,0.0568748089269336,0.3353826513471746,0.1063730034416989,0.9539406441278572,0.530156823784778,0.1615176151761517,1.870300849333049,0.0021504562007983,0.0013408678509182,626,1.7158552532649105,0.3258785942492013,0.5638977635782748,0.0015444280226181,0.0015444280226181,0.0010747370502641,1.4182951904160084,-0.1764186571931769,0.0,0.2617913938243926,1.4599105357748523,0.2552714502657555,25220,40916,109257,351407,66136,0.125542900531511,0.3813354300229829,0.1875413639507127,0.8957083831434812,0.541624873547097,0.2514293689840639,1.4938428470006575,0.0013280667104608,0.001539201359391,835,2.282464469370671,0.3437125748502994,0.5449101796407185,0.0004597039079415,0.0004597039079415,0.0013524631630208,1.09027052334334,-0.3303526229611548,0.0,0.3420517424990273,1.3399529878602856,BTCUSDT,SUBE,v4_63_moderado,63,0.3353826513471746,0.35835904068507873,0.045952778675808326,0.1063730034416989,0.1469571836962058,0.0811683605090138,0.1615176151761517,0.2064734920801078,0.08991175380791216,1.4938428470006575,1.6820718481668533,0.3764580023323916,626,730.5,209,0.3258785942492013,0.33479558454975034,0.017833980601098087,0.5449101796407185,0.5544039716094966,0.018987583937556285,0.0004597039079415,0.0010020659652798,0.0010847241146765998,1.09027052334334,1.2542828568796742,0.3280246670726683,-0.3303526229611548,-0.25338564007716585,0.1539339657679779,0.2617913938243926,0.30192156816170995,0.08026034867463472,1.3399529878602856,1.399931761817569,0.1199575479145667
0.44,0.1793201620299602,8768,16873,85081,412638,25641,0.0489930449403852,0.341952341952342,0.0934266747647817,0.9607157907480832,0.5270712327564325,0.14675705079923,1.906937502628453,0.0022780398102911,0.0014698505741603,588,1.6116979056226317,0.3401360544217687,0.5731292517006803,0.0016095721518871,0.0016095721518871,0.0013252634279828,1.4229489629587602,-0.1721513106460623,0.0,0.2617913938243926,1.4599105357748523,0.2552714502657555,23184,36863,111293,355460,60047,0.1139844343204252,0.3860975569137509,0.1724012284628598,0.906039156511344,0.5392201924871018,0.2383664740597561,1.5124979958071938,0.0013711567065966,0.0015901938889453,793,2.167657873306517,0.3505674653215637,0.5472887767969735,0.0004117381870864,0.0004117381870864,0.0010568821331473,1.0787772869561694,-0.3228307206244192,0.0,0.3420517424990273,1.3399529878602856,BTCUSDT,SUBE,v4_63_moderado,63,0.341952341952342,0.3640249494330464,0.04414521496140894,0.0934266747647817,0.13291395161382075,0.0789745536980781,0.14675705079923,0.19256176242949305,0.09160942326052612,1.5124979958071938,1.7097177492178233,0.39443950682125917,588,690.5,205,0.3401360544217687,0.3453517598716662,0.01043141089979499,0.5472887767969735,0.560209014248827,0.025840474903706778,0.0004117381870864,0.00101065516948675,0.0011978339648007,1.0787772869561694,1.2508631249574647,0.3441716760025908,-0.3228307206244192,-0.24749101563524073,0.1506794099783569,0.2617913938243926,0.30192156816170995,0.08026034867463472,1.3399529878602856,1.399931761817569,0.1199575479145667
0.45,0.1793201620299602,7666,14437,86183,415074,22103,0.0422328798532558,0.3468307469574266,0.0816844079318905,0.9663873567848088,0.5240358823583497,0.1322271284669518,1.9341425026120556,0.002391300699254,0.0015532146997403,562,1.540432351972651,0.3398576512455516,0.5729537366548043,0.0016495306535357,0.0016495306535357,0.0013799836606003,1.4412962933785882,-0.1783223935340416,0.0,0.2617913938243926,1.4599105357748523,0.2552714502657555,21271,33380,113206,358943,54651,0.1037414578587699,0.3892152019176227,0.1581757475255991,0.914917045393719,0.5365463964596591,0.2249376083922,1.5247110537133015,0.0014333457053781,0.001643589157158,758,2.0719857099197228,0.3535620052770448,0.5395778364116095,0.0002190736324821,0.0002190736324821,0.0008562505548451,1.0408378795581852,-0.3532185729991347,0.0,0.3420517424990273,1.3399529878602856,BTCUSDT,SUBE,v4_63_moderado,63,0.3468307469574266,0.36802297443752463,0.042384454960196105,0.0816844079318905,0.1199300777287448,0.0764913395937086,0.1322271284669518,0.17858236842957592,0.0927104799252482,1.5247110537133015,1.7294267781626784,0.40943144889875405,562,660.0,196,0.3398576512455516,0.3467098282612982,0.013704354031493171,0.5395778364116095,0.5562657865332069,0.03337590024319481,0.0002190736324821,0.0009343021430089,0.0014304570210535998,1.0408378795581852,1.2410670864683868,0.40045841382040304,-0.3532185729991347,-0.26577048326658814,0.17489617946509306,0.2617913938243926,0.30192156816170995,0.08026034867463472,1.3399529878602856,1.399931761817569,0.1199575479145667
0.46,0.1793201620299602,6777,12416,87072,417095,19193,0.0366726536227453,0.3530974834575106,0.0722117443979158,0.9710927077537012,0.5216522260758085,0.1199023371844093,1.9690896966650973,0.0025038397919627,0.0016403625839456,523,1.4335340214976806,0.3460803059273422,0.5717017208413002,0.0017277532373404,0.0017277532373404,0.0016321488155444,1.44161393220897,-0.1918375015721872,0.0,0.2617913938243926,1.4599105357748523,0.2552714502657555,19554,30234,114923,362089,49788,0.094510250569476,0.3927452398168233,0.1454077648965994,0.9229359481855512,0.5341718565410752,0.2122378096762814,1.5385396189348557,0.0014845574044718,0.0017289478385349,720,1.9681130753854883,0.3527777777777778,0.5347222222222222,0.0002951840932575,0.0002951840932575,0.0008395399838119,1.0549532711698433,-0.3091689637758236,0.0,0.3420517424990273,1.3399529878602856,BTCUSDT,SUBE,v4_63_moderado,63,0.3530974834575106,0.37292136163716694,0.039647756359312725,0.0722117443979158,0.1088097546472576,0.0731960204986836,0.1199023371844093,0.16607007343034536,0.09233547249187209,1.5385396189348557,1.7538146577999765,0.43055007773024156,523,621.5,197,0.3460803059273422,0.34942904185255996,0.006697471850435621,0.5347222222222222,0.5532119715317612,0.03697949861907801,0.0002951840932575,0.00101146866529895,0.0014325691440829,1.0549532711698433,1.2482836016894066,0.3866606610391268,-0.3091689637758236,-0.2505032326740054,0.11733146220363638,0.2617913938243926,0.30192156816170995,0.08026034867463472,1.3399529878602856,1.399931761817569,0.1199575479145667
0.47,0.1793201620299602,5975,10631,87874,418880,16606,0.0317295933965148,0.3598097073346983,0.0636661019296955,0.9752485966599226,0.5194573492948091,0.1081888551898963,2.006521203536401,0.0026055775600271,0.0017450988337507,490,1.3430815880188596,0.3408163265306122,0.5673469387755102,0.001681984055777,0.001681984055777,0.0016047199285731,1.4342999287543636,-0.1936691802497206,0.0,0.2617913938243926,1.4599105357748523,0.2552714502657555,17986,27438,116491,364885,45424,0.0862262718299164,0.3959580838323353,0.1337477784305122,0.930062728924891,0.5319052536777016,0.1999544193751007,1.55112560930772,0.0015229478919784,0.001789246870636,689,1.883374873528613,0.3613933236574746,0.5312046444121916,0.0002529291573919,0.0002529291573919,0.000855488441479,1.046206379404449,-0.2985749120936656,0.0,0.3420517424990273,1.3399529878602856,BTCUSDT,SUBE,v4_63_moderado,63,0.3598097073346983,0.37788389558351676,0.03614837649763697,0.0636661019296955,0.09870694018010384,0.07008167650081669,0.1081888551898963,0.1540716372824985,0.0917655641852044,1.55112560930772,1.7788234064220605,0.4553955942286809,490,589.5,199,0.3408163265306122,0.3511048250940434,0.020576997126862395,0.5312046444121916,0.5492757915938509,0.03614229436331862,0.0002529291573919,0.00096745660658445,0.0014290548983851002,1.046206379404449,1.2402531540794062,0.3880935493499147,-0.2985749120936656,-0.2461220461716931,0.104905731843945,0.2617913938243926,0.30192156816170995,0.08026034867463472,1.3399529878602856,1.399931761817569,0.1199575479145667
0.48,0.1793201620299602,5277,9151,88572,420360,14428,0.0275680220116172,0.3657471583032991,0.0562286225745612,0.9786943756970136,0.5174614991357874,0.0974722240180278,2.039632098047018,0.0026222317635802,0.0018255485159534,465,1.2745570172015708,0.3440860215053763,0.5741935483870968,0.0017623909042106,0.0017623909042106,0.0016889976823666,1.460345728427864,-0.193365512614376,0.0,0.2617913938243926,1.4599105357748523,0.2552714502657555,16493,24940,117984,367383,41433,0.0786503416856492,0.3980643448458957,0.1226455081538106,0.9364299314595372,0.5295377198066739,0.1875163435847877,1.5593766730728518,0.0015812480291482,0.0018158400895211,653,1.784969219759339,0.3537519142419602,0.5283307810107197,0.0002841820449343,0.0002841820449343,0.000692680576029,1.0517080723759933,-0.2947337444339628,0.0,0.3420517424990273,1.3399529878602856,BTCUSDT,SUBE,v4_63_moderado,63,0.3657471583032991,0.3819057515745974,0.032317186542596577,0.0562286225745612,0.0894370653641859,0.06641688557924941,0.0974722240180278,0.14249428380140775,0.0900441195667599,1.5593766730728518,1.7995043855599349,0.4802554249741664,465,559.0,188,0.3440860215053763,0.3489189678736683,0.009665892736583859,0.5283307810107197,0.5512621646989082,0.04586276737637707,0.0002841820449343,0.00102328647457245,0.0014782088592763,1.0517080723759933,1.2560269004019287,0.40863765605187075,-0.2947337444339628,-0.2440496285241694,0.10136823181958676,0.2617913938243926,0.30192156816170995,0.08026034867463472,1.3399529878602856,1.399931761817569,0.1199575479145667
0.49,0.1793201620299602,4705,7939,89144,421572,12644,0.0241592785081014,0.372113255298956,0.0501337254525887,0.9815161893409016,0.5158249573967452,0.0883626153831707,2.075133387604147,0.0026771975881912,0.0019451201500618,439,1.2032914635515906,0.3439635535307517,0.5763097949886105,0.0018796685796799,0.0018796685796799,0.0016969552802865,1.4919830708994208,-0.2006696855023031,0.0,0.2617913938243926,1.4599105357748523,0.2552714502657555,15188,22617,119289,369706,37805,0.0717634776006074,0.4017458008199973,0.1129412464585022,0.9423510729679372,0.5276461597132197,0.1763155756260085,1.5737984032360524,0.0016859158148885,0.0018941658494013,626,1.711164979432383,0.3674121405750798,0.536741214057508,0.0005125774817612,0.0005125774817612,0.0008387518238481,1.09389439140971,-0.2326649380464105,0.0,0.3420517424990273,1.3399529878602856,BTCUSDT,SUBE,v4_63_moderado,63,0.372113255298956,0.38692952805947667,0.029632545521041276,0.0501337254525887,0.08153748595554546,0.0628075210059135,0.0883626153831707,0.1323390955045896,0.0879529602428378,1.5737984032360524,1.8244658954200998,0.5013349843680948,439,532.5,187,0.3439635535307517,0.3556878470529158,0.023448587044328117,0.536741214057508,0.5565255045230593,0.03956858093110249,0.0005125774817612,0.00119612303072055,0.0013670910979187,1.09389439140971,1.2929387311545653,0.39808867948971094,-0.2326649380464105,-0.2166673117743568,0.0319952525441074,0.2617913938243926,0.30192156816170995,0.08026034867463472,1.3399529878602856,1.399931761817569,0.1199575479145667
0.5,0.1793201620299602,4212,6935,89637,422576,11147,0.0212989147049831,0.3778595137705212,0.0448806060799795,0.9838537313363336,0.5143671687081566,0.0802316278715379,2.1071780746405397,0.0027782022365943,0.0020702927345699,423,1.1594357382285256,0.359338061465721,0.5957446808510638,0.0022223630067296,0.0022223630067296,0.0018420523812714,1.5980404323804598,-0.1787490311996042,0.0,0.2617913938243926,1.4599105357748523,0.2552714502657555,14020,20515,120457,371808,34535,0.0655561883067577,0.4059649630809324,0.1042557463358046,0.947708903123192,0.5259823247294982,0.1659053794996804,1.590326543208394,0.0018602043122136,0.0020225552234942,599,1.6373607391054277,0.3722871452420701,0.5375626043405676,0.000549257683251,0.000549257683251,0.0008606193319844,1.1000944680436824,-0.2242786208552049,0.0,0.3420517424990273,1.3399529878602856,BTCUSDT,SUBE,v4_63_moderado,63,0.3778595137705212,0.39191223842572676,0.0281054493104112,0.0448806060799795,0.07456817620789205,0.059375140255825104,0.0802316278715379,0.12306850368560915,0.0856737516281425,1.590326543208394,1.8487523089244668,0.5168515314321458,423,511.0,176,0.359338061465721,0.36581260335389554,0.012949083776349124,0.5375626043405676,0.5666536425958157,0.05818207651049623,0.000549257683251,0.0013858103449903001,0.0016731053234786,1.1000944680436824,1.349067450212071,0.4979459643367774,-0.2242786208552049,-0.20151382602740453,0.045529589655600694,0.2617913938243926,0.30192156816170995,0.08026034867463472,1.3399529878602856,1.399931761817569,0.1199575479145667
0.51,0.1793201620299602,3783,6028,90066,423483,9811,0.0187461785386731,0.3855876057486495,0.0403094332385001,0.9859654351110916,0.5131374341747958,0.0729886166312946,2.1502746896036524,0.002847291876428,0.0021884375866676,403,1.1046160815746946,0.369727047146402,0.6054590570719603,0.0022701711957137,0.0022701711957137,0.0023354926846854,1.610869760574243,-0.1703313572710684,0.0,0.2617913938243926,1.4599105357748523,0.2552714502657555,12913,18595,121564,373728,31508,0.0598101746393318,0.4098324235114891,0.0960238553804739,0.9526028298111504,0.5243133425958123,0.1555923728047715,1.6054769269529547,0.0020117473596236,0.0021321285183727,570,1.558089518013512,0.3701754385964912,0.5403508771929825,0.0005052509426422,0.0005052509426422,0.0008504738074742,1.0915377229883332,-0.2250991334336248,0.0,0.3420517424990273,1.3399529878602856,BTCUSDT,SUBE,v4_63_moderado,63,0.3855876057486495,0.3977100146300693,0.0242448177628396,0.0403094332385001,0.06816664430948699,0.05571442214197379,0.0729886166312946,0.11429049471803306,0.0826037561734769,1.6054769269529547,1.8778758082783036,0.5447977626506977,403,486.5,167,0.369727047146402,0.3699512428714466,0.0004483914500892361,0.5403508771929825,0.5729049671324714,0.06510817987897788,0.0005052509426422,0.00138771106917795,0.0017649202530715,1.0915377229883332,1.351203741781288,0.5193320375859098,-0.2250991334336248,-0.1977152453523466,0.0547677761625564,0.2617913938243926,0.30192156816170995,0.08026034867463472,1.3399529878602856,1.399931761817569,0.1199575479145667
0.52,0.1793201620299602,3380,5286,90469,424225,8666,0.0165583919290736,0.3900300023078698,0.0360153011752922,0.9876929810877952,0.5118541411315437,0.0659415695264107,2.175048237145273,0.0028456489643835,0.0022743685615883,380,1.041573476422789,0.3894736842105263,0.6105263157894737,0.0023161558214022,0.0023161558214022,0.0024199310603071,1.5936387853030307,-0.1613002176671938,0.0,0.2617913938243926,1.4599105357748523,0.2552714502657555,11935,16784,122542,375539,28719,0.0545159453302961,0.4155785368571329,0.0887512362708864,0.9572189242027614,0.522985080236824,0.1462658398490159,1.6279867428358576,0.0021939834716666,0.0022905652152347,547,1.4952192392164754,0.3619744058500914,0.546617915904936,0.0004122662565106,0.0004122662565106,0.0008748296931853,1.075565763373394,-0.2613504432269665,0.0,0.3420517424990273,1.3399529878602856,BTCUSDT,SUBE,v4_63_moderado,63,0.3900300023078698,0.4028042695825014,0.02554853454926309,0.0360153011752922,0.062383268723089295,0.0527359350955942,0.0659415695264107,0.1061037046877133,0.0803242703226052,1.6279867428358576,1.9015174899905654,0.5470614943094154,380,463.5,167,0.3619744058500914,0.3757240450303089,0.02749927836043492,0.546617915904936,0.5785721158472048,0.06390839988453767,0.0004122662565106,0.0013642110389564,0.0019038895648916,1.075565763373394,1.3346022743382124,0.5180730219296368,-0.2613504432269665,-0.21132533044708013,0.10005022555977269,0.2617913938243926,0.30192156816170995,0.08026034867463472,1.3399529878602856,1.399931761817569,0.1199575479145667
0.53,0.1793201620299602,3024,4667,90825,424844,7691,0.0146954295322531,0.3931868417630997,0.0322219735958827,0.9891341548877676,0.5106780642418252,0.0595627338979712,2.192652724111454,0.002793882857374,0.0022966782086066,363,0.9949767682670326,0.3801652892561983,0.6005509641873278,0.0023998822064916,0.0023998822064916,0.002228690021796,1.6152986541596304,-0.1314571316661391,0.0,0.2617913938243926,1.4599105357748523,0.2552714502657555,11003,15135,123474,377188,26138,0.0496165527714502,0.4209579921952712,0.0818206830907887,0.961422093530076,0.5216213883104324,0.137010864489618,1.6490602131849232,0.0023530383761361,0.0024539402419871,520,1.4214149988895195,0.3788461538461538,0.5480769230769231,0.0005611261512828,0.0005611261512828,0.0011041312562882,1.1003703479680995,-0.2385753856542015,0.0,0.3420517424990273,1.3399529878602856,BTCUSDT,SUBE,v4_63_moderado,63,0.3931868417630997,0.40707241697918545,0.027771150432171487,0.0322219735958827,0.0570213283433357,0.049598709494906,0.0595627338979712,0.0982867991937946,0.07744813059164679,1.6490602131849232,1.9208564686481888,0.5435925109265309,363,441.5,157,0.3788461538461538,0.379505721551176,0.0013191354100445252,0.5480769230769231,0.5743139436321254,0.05247404111040466,0.0005611261512828,0.0014805041788872,0.0018387560552088002,1.1003703479680995,1.357834501063865,0.5149283061915308,-0.2385753856542015,-0.1850162586601703,0.1071182539880624,0.2617913938243926,0.30192156816170995,0.08026034867463472,1.3399529878602856,1.399931761817569,0.1199575479145667
0.54,0.1793201620299602,2744,4071,91105,425440,6815,0.0130216294711097,0.4026412325752017,0.0292384575221899,0.9905217794189206,0.5098801184705553,0.0545180004768338,2.2453762478082617,0.0028459181248973,0.0024477373605591,341,0.9346751459478184,0.3958944281524926,0.5953079178885631,0.0023633964850648,0.0023633964850648,0.0024542545255699,1.597067491306468,-0.1082134669625738,0.0,0.2617913938243926,1.4599105357748523,0.2552714502657555,10212,13627,124265,378696,23839,0.0452524677296886,0.4283736733923403,0.0759386363467358,0.9652658651162436,0.5206022507314897,0.1290078071704692,1.678110391688429,0.0025466472009944,0.0026864000599617,490,1.339410287415124,0.3795918367346939,0.5306122448979592,0.0002824372824558,0.0002824372824558,0.0008384553100166,1.0487640917393568,-0.2748397575097614,0.0,0.3420517424990273,1.3399529878602856,BTCUSDT,SUBE,v4_63_moderado,63,0.4026412325752017,0.415507452983771,0.025732440817138602,0.0292384575221899,0.05258854693446285,0.0467001788245459,0.0545180004768338,0.0917629038236515,0.07448980669363539,1.678110391688429,1.9617433197483454,0.5672658561198327,341,415.5,149,0.3795918367346939,0.38774313244359326,0.016302591417798717,0.5306122448979592,0.5629600813932611,0.06469567299060386,0.0002824372824558,0.0013229168837603001,0.002080959202609,1.0487640917393568,1.3229157915229124,0.5483033995671112,-0.2748397575097614,-0.19152661223616763,0.1666262905471876,0.2617913938243926,0.30192156816170995,0.08026034867463472,1.3399529878602856,1.399931761817569,0.1199575479145667
0.55,0.1793201620299602,2465,3563,91384,425948,6028,0.0115178844390094,0.4089250165892502,0.0262655968630459,0.9917045197911112,0.5089850583270786,0.0493607136778237,2.280418509330413,0.0028971190303162,0.0025982659778533,331,0.907265317620903,0.404833836858006,0.595166163141994,0.0023814556634394,0.0023814556634394,0.0027363320366953,1.5845239717853636,-0.1192581160657865,0.0,0.2617913938243926,1.4599105357748523,0.2552714502657555,9408,12267,125069,380056,21675,0.0411446469248291,0.4340484429065744,0.0699599187965228,0.9687323965202144,0.5193461576583686,0.1204979763307546,1.7003407253521674,0.0027488983810767,0.0028521796880101,465,1.271073027853128,0.3806451612903225,0.5397849462365591,0.0004948828352675,0.0004948828352675,0.0011513803794291,1.085302492797632,-0.2366744247082267,0.0,0.3420517424990273,1.3399529878602856,BTCUSDT,SUBE,v4_63_moderado,63,0.4089250165892502,0.4214867297479123,0.025123426317324227,0.0262655968630459,0.04811275782978435,0.0436943219334769,0.0493607136778237,0.08492934500428914,0.0711372626529309,1.7003407253521674,1.9903796173412902,0.5800777839782456,331,398.0,134,0.3806451612903225,0.3927394990741643,0.024188675567683504,0.5397849462365591,0.5674755546892766,0.05538121690543485,0.0004948828352675,0.00143816924935345,0.0018865728281719,1.085302492797632,1.3349132322914978,0.4992214789877316,-0.2366744247082267,-0.1779662703870066,0.1174163086424402,0.2617913938243926,0.30192156816170995,0.08026034867463472,1.3399529878602856,1.399931761817569,0.1199575479145667
0.56,0.1793201620299602,2225,3143,91624,426368,5368,0.0102568022011617,0.4144932935916542,0.0237082973713092,0.9926823760043398,0.5081953366878246,0.0448511847768023,2.311470661745231,0.0029601235816236,0.0027407150379554,312,0.8551866437997636,0.3974358974358974,0.5865384615384616,0.0022877859981017,0.0022877859981017,0.0024454113631646,1.544574194545785,-0.1333540620161452,0.0,0.2617913938243926,1.4599105357748523,0.2552714502657555,8754,11032,125723,381291,19786,0.0375588458618071,0.4424340442737289,0.0650966336250808,0.9718803129054376,0.5184884732652593,0.1134944866883179,1.7331904676889014,0.0029676153799845,0.0031111232659791,441,1.2054692586736118,0.3877551020408163,0.5374149659863946,0.000507078783719,0.000507078783719,0.0012162462837139,1.0846446245555132,-0.2730704209437895,0.0,0.3420517424990273,1.3399529878602856,BTCUSDT,SUBE,v4_63_moderado,63,0.4144932935916542,0.42846366893269155,0.02794075068207469,0.0237082973713092,0.044402465498194994,0.0413883362537716,0.0448511847768023,0.07917283573256009,0.0686433019115156,1.7331904676889014,2.022330564717066,0.5782801940563296,312,376.5,129,0.3877551020408163,0.39259549973835683,0.009680795395081099,0.5374149659863946,0.5619767137624281,0.049123495552066965,0.000507078783719,0.00139743239091035,0.0017807072143826998,1.0846446245555132,1.314609409550649,0.4599295699902717,-0.2730704209437895,-0.20321224147996736,0.13971635892764434,0.2617913938243926,0.30192156816170995,0.08026034867463472,1.3399529878602856,1.399931761817569,0.1199575479145667
0.57,0.1793201620299602,1997,2794,91852,426717,4791,0.0091543106083766,0.4168232101857649,0.0212788628541593,0.9934949279529512,0.5073868954035552,0.0404906731549067,2.3244637159993387,0.0029365246834629,0.0027613354769522,295,0.8085899356440073,0.4033898305084746,0.5898305084745763,0.0023001848074118,0.0023001848074118,0.0025362980162291,1.5301072906329742,-0.1214587306233776,0.0,0.2617913938243926,1.4599105357748523,0.2552714502657555,8040,9924,126437,382399,17964,0.0341002277904328,0.447561790247161,0.0597871755021304,0.9747045164316136,0.5172458459668721,0.1054834329347091,1.7532778921466452,0.0031509799359067,0.0032845955948411,415,1.1343985087291355,0.3831325301204819,0.5349397590361445,0.0006455343077631,0.0006455343077631,0.001285298587301,1.108159968342432,-0.2659577194757904,0.0,0.3420517424990273,1.3399529878602856,BTCUSDT,SUBE,v4_63_moderado,63,0.4168232101857649,0.43219250021646294,0.03073858006139607,0.0212788628541593,0.04053301917814485,0.038508312647971096,0.0404906731549067,0.0729870530448079,0.0649927597798024,1.7532778921466452,2.038870804072992,0.5711858238526935,295,355.0,120,0.3831325301204819,0.3932611803144782,0.020257300387992727,0.5349397590361445,0.5623851337553605,0.05489074943843175,0.0006455343077631,0.00147285955758745,0.0016546504996487001,1.108159968342432,1.3191336294877032,0.4219473222905423,-0.2659577194757904,-0.193708225049584,0.1444989888524128,0.2617913938243926,0.30192156816170995,0.08026034867463472,1.3399529878602856,1.399931761817569,0.1199575479145667
0.58,0.1793201620299602,1809,2500,92040,427011,4309,0.0082333384286151,0.4198189835228591,0.0192756449189655,0.9941794273022112,0.5067275361105883,0.0368589417062287,2.3411699987908614,0.0029511272131201,0.0028492849284929,281,0.7702161759863255,0.4092526690391459,0.5836298932384342,0.0024173923340756,0.0024173923340756,0.0025362980162291,1.543071574196043,-0.096540722677969,0.0,0.2617913938243926,1.4599105357748523,0.2552714502657555,7413,8951,127064,383372,16364,0.0310630220197418,0.4530065998533366,0.0551246681588673,0.9771846157375428,0.516154641948205,0.0982889267506845,1.7746073812082197,0.003290119061955,0.003446612579057,399,1.0906626626094582,0.3809523809523809,0.5288220551378446,0.0008239714901759,0.0008239714901759,0.0012290444153342,1.1381687834193202,-0.2668238721547049,0.0,0.3420517424990273,1.3399529878602856,BTCUSDT,SUBE,v4_63_moderado,63,0.4198189835228591,0.4364127916880979,0.033187616330477454,0.0192756449189655,0.0372001565389164,0.0358490232399018,0.0368589417062287,0.0675739342284566,0.0614299850444558,1.7746073812082197,2.0578886899995403,0.5665626175826417,281,340.0,118,0.3809523809523809,0.39510252499576337,0.028300288086765046,0.5288220551378446,0.5562259741881395,0.054807838100589534,0.0008239714901759,0.00162068191212575,0.0015934208438997,1.1381687834193202,1.3406201788076815,0.40490279077672287,-0.2668238721547049,-0.18168229741633693,0.1702831494767359,0.2617913938243926,0.30192156816170995,0.08026034867463472,1.3399529878602856,1.399931761817569,0.1199575479145667
0.59,0.1793201620299602,1644,2208,92205,427303,3852,0.0073601345154387,0.4267912772585669,0.0175175015183965,0.9948592701933128,0.5061883858558547,0.0336536985291859,2.3800518158535904,0.0031088281128164,0.0030253733760672,274,0.7510292961574847,0.4051094890510949,0.5875912408759124,0.0027172252720124,0.0027172252720124,0.0024454113631646,1.6564574014078797,-0.0926999912048023,0.0,0.2617913938243926,1.4599105357748523,0.2552714502657555,6799,8043,127678,384280,14842,0.028173880030372,0.4580919013610026,0.0505588316217643,0.9794990352337232,0.5150289334277438,0.0910667764986371,1.7945285337788337,0.003449651343137,0.0036307289400711,375,1.025058893429942,0.3706666666666666,0.512,0.0001655452203393,0.0001655452203393,0.0006593173972513,1.026453269382963,-0.290694551768891,0.0,0.3420517424990273,1.3399529878602856,BTCUSDT,SUBE,v4_63_moderado,63,0.4267912772585669,0.4424415893097847,0.03130062410243567,0.0175175015183965,0.0340381665700804,0.033041330103367794,0.0336536985291859,0.0623602375139115,0.05741307796945121,1.7945285337788337,2.087290174816212,0.5855232820747567,274,324.5,101,0.3706666666666666,0.38788807785888074,0.03444282238442831,0.512,0.5497956204379562,0.0755912408759124,0.0001655452203393,0.00144138524617585,0.0025516800516731004,1.026453269382963,1.3414553353954215,0.6300041320249166,-0.290694551768891,-0.19169727148684662,0.19799456056408868,0.2617913938243926,0.30192156816170995,0.08026034867463472,1.3399529878602856,1.399931761817569,0.1199575479145667
0.6,0.1793201620299602,1504,1958,92345,427553,3462,0.0066149495567104,0.4344309647602541,0.0160257434815501,0.9954413274630918,0.5057335354723209,0.0309112022279084,2.422655432843468,0.0032567824218554,0.0031204180339365,260,0.712655536499803,0.4153846153846154,0.6038461538461538,0.0028165114353188,0.0028165114353188,0.0026887734385298,1.7149277809014418,-0.0837882473916377,0.0,0.2617913938243926,1.4599105357748523,0.2552714502657555,6306,7248,128171,385075,13554,0.0257289293849658,0.4652501106684373,0.0468927772035366,0.981525426752956,0.5142091019782463,0.085198370611561,1.8225700922844263,0.0037029690516452,0.0038795204328281,349,0.953988143485466,0.3610315186246418,0.501432664756447,-3.5540489079280197e-06,-3.5540489079280197e-06,0.000315221332769,0.9994468028307616,-0.3048650363782684,0.0,0.3420517424990273,1.3399529878602856,BTCUSDT,SUBE,v4_63_moderado,63,0.4344309647602541,0.44984053771434573,0.030819145908183188,0.0160257434815501,0.03145926034254335,0.0308670337219865,0.0309112022279084,0.0580547864197347,0.054287168383652606,1.8225700922844263,2.1226127625639473,0.6000853405590416,260,304.5,89,0.3610315186246418,0.3882080670046286,0.05435309675997363,0.501432664756447,0.5526394093013004,0.10241348908970682,-3.5540489079280197e-06,0.001406478693205436,0.002820065484226728,0.9994468028307616,1.3571872918661017,0.7154809780706802,-0.3048650363782684,-0.19432664188495305,0.2210767889866307,0.2617913938243926,0.30192156816170995,0.08026034867463472,1.3399529878602856,1.399931761817569,0.1199575479145667
0.61,0.1793201620299602,1375,1728,92474,427783,3103,0.0059289972485478,0.4431195617144698,0.0146511950047416,0.9959768201512884,0.505314007578015,0.0283645515306543,2.471108416913179,0.0034126676986932,0.0033939176560369,247,0.6770227596748128,0.4251012145748988,0.6032388663967612,0.0028509951308675,0.0028509951308675,0.0031786510088158,1.7233363376880808,-0.0866718936399839,0.0,0.2617913938243926,1.4599105357748523,0.2552714502657555,5802,6570,128675,385753,12372,0.0234851936218678,0.4689621726479146,0.0431449244108658,0.9832535946146416,0.5131992595127536,0.0790199456584655,1.837111718367613,0.0038297498819355,0.0039873272418519,330,0.902051826218349,0.3575757575757576,0.5060606060606061,0.0003204047671061,0.0003204047671061,0.0003790093639959,1.0510576301150385,-0.2759329444519122,0.0,0.3420517424990273,1.3399529878602856,BTCUSDT,SUBE,v4_63_moderado,63,0.4431195617144698,0.4560408671811922,0.02584261093344481,0.0146511950047416,0.0288980597078037,0.0284937294061242,0.0283645515306543,0.0536922485945599,0.0506553941278112,1.837111718367613,2.154110067640396,0.6339966985455663,247,288.5,83,0.3575757575757576,0.3913384860753282,0.0675254569991412,0.5060606060606061,0.5546497362286836,0.09717826033615506,0.0003204047671061,0.0015856999489867998,0.0025305903637614,1.0510576301150385,1.3871969839015597,0.6722787075730423,-0.2759329444519122,-0.18130241904594804,0.1892610508119283,0.2617913938243926,0.30192156816170995,0.08026034867463472,1.3399529878602856,1.399931761817569,0.1199575479145667
0.62,0.1793201620299602,1244,1564,92605,427947,2808,0.0053653317028431,0.443019943019943,0.0132553356988353,0.9963586497202632,0.5048069927095493,0.0257405050849912,2.4705528815322206,0.0034483913434989,0.0033499970710472,233,0.6386490000171312,0.4163090128755364,0.6008583690987125,0.0029827577374942,0.0029827577374942,0.0028412488608304,1.7426264582926654,-0.0835582645508045,0.0,0.2617913938243926,1.4599105357748523,0.2552714502657555,5367,5928,129110,386395,11295,0.0214407744874715,0.4751660026560425,0.0399101705124296,0.9848900013509276,0.5124000859316786,0.0736355404330049,1.8614145928240755,0.0039829626701401,0.004199764999915,312,0.8528489993337117,0.375,0.5,0.000182087298187,0.000182087298187,0.0001254802277675,1.0285622909182828,-0.254898880442327,0.0,0.3420517424990273,1.3399529878602856,BTCUSDT,SUBE,v4_63_moderado,63,0.443019943019943,0.4590929728379928,0.032146059636099455,0.0132553356988353,0.02658275310563245,0.0266548348135943,0.0257405050849912,0.04968802275899804,0.0478950353480137,1.8614145928240755,2.165983737178148,0.6091382887081451,233,272.5,79,0.375,0.3956545064377682,0.0413090128755364,0.5,0.5504291845493563,0.10085836909871249,0.000182087298187,0.0015824225178406,0.0028006704393072003,1.0285622909182828,1.385594374605474,0.7140641673743826,-0.254898880442327,-0.16922857249656575,0.1713406158915225,0.2617913938243926,0.30192156816170995,0.08026034867463472,1.3399529878602856,1.399931761817569,0.1199575479145667
0.63,0.1793201620299602,1126,1407,92723,428104,2533,0.0048398807704066,0.4445321752862218,0.0119979967820648,0.9967241816856844,0.5043610892338746,0.0233653586769313,2.4789860228430465,0.0035680377747819,0.0033441683519179,223,0.6112391716902157,0.4304932735426009,0.6143497757847534,0.0033310429874811,0.0033310429874811,0.0031786510088158,1.8699272356651653,-0.0778644783906273,0.0,0.2617913938243926,1.4599105357748523,0.2552714502657555,4955,5389,129522,386934,10344,0.019635535307517,0.4790216550657385,0.0368464495787383,0.986263869311766,0.5115551594452522,0.0684293023801796,1.8765187198452609,0.004133480163773,0.0043267638328887,293,0.8009126820665947,0.3754266211604095,0.5017064846416383,0.0003231467853665,0.0003231467853665,0.000296445960271,1.050009184497994,-0.2499875832043921,0.0,0.3420517424990273,1.3399529878602856,BTCUSDT,SUBE,v4_63_moderado,63,0.4445321752862218,0.4617769151759802,0.03448947977951672,0.0119979967820648,0.024422223180401548,0.024848452796673498,0.0233653586769313,0.04589733052855545,0.045063943703248295,1.8765187198452609,2.1777523713441536,0.6024673029977856,223,258.0,70,0.3754266211604095,0.4029599473515052,0.05506665238219144,0.5017064846416383,0.5580281302131957,0.11264329114311511,0.0003231467853665,0.0018270948864238,0.0030078962021146,1.050009184497994,1.4599682100815796,0.8199180511671713,-0.2499875832043921,-0.1639260307975097,0.1721231048137648,0.2617913938243926,0.30192156816170995,0.08026034867463472,1.3399529878602856,1.399931761817569,0.1199575479145667
0.64,0.1793201620299602,1036,1266,92813,428245,2302,0.0043985019871598,0.4500434404865334,0.0110390094726635,0.9970524619858396,0.5040457357292516,0.0215494378633607,2.509720242229881,0.0036871327774415,0.0035655494316561,215,0.5893113090286832,0.427906976744186,0.6232558139534884,0.0031703350688887,0.0031703350688887,0.0031248769733474,1.866452923671907,-0.077864478390627,0.0,0.2617913938243926,1.4599105357748523,0.2552714502657555,4587,4901,129890,387422,9488,0.0180106302201974,0.4834527824620573,0.0341099221428199,0.9875077423449556,0.5108088322438877,0.0637238217622338,1.893877211724026,0.0043095957181625,0.0045057308560682,286,0.7817782493892358,0.3846153846153846,0.5104895104895105,0.0006657717074446,0.0006657717074446,0.0003914372650831,1.105684604826513,-0.235151379918203,0.0,0.3420517424990273,1.3399529878602856,BTCUSDT,SUBE,v4_63_moderado,63,0.4500434404865334,0.46674811147429535,0.03340934197552392,0.0110390094726635,0.022574465807741702,0.0230709126701564,0.0215494378633607,0.042636629812797255,0.042174383898873104,1.893877211724026,2.2017987269769534,0.6158430305058553,215,250.5,71,0.3846153846153846,0.4062611806797853,0.043291592128801404,0.5104895104895105,0.5668726622214995,0.11276630346397787,0.0006657717074446,0.0019180533881666502,0.0025045633614441,1.105684604826513,1.48606876424921,0.760768318845394,-0.235151379918203,-0.156507929154415,0.15728690152757602,0.2617913938243926,0.30192156816170995,0.08026034867463472,1.3399529878602856,1.399931761817569,0.1199575479145667
0.65,0.1793201620299602,957,1147,92892,428364,2104,0.0040201773158055,0.4548479087452471,0.0101972317233001,0.9973295212462544,0.5037633764847773,0.0199472658489051,2.53651292524068,0.0038151145296349,0.0035907902729106,205,0.5619014807017677,0.424390243902439,0.6195121951219512,0.0029181557618467,0.0029181557618467,0.002707391291983,1.7778525338939415,-0.0831405464797144,0.0,0.2617913938243926,1.4599105357748523,0.2552714502657555,4214,4482,130263,387841,8696,0.0165072133637053,0.484590616375345,0.0313362136276091,0.9885757398877966,0.5099559767577029,0.0588658476109322,1.8983345606053956,0.0044353667387304,0.0045450252824761,274,0.7489763647994776,0.3795620437956204,0.5109489051094891,0.0007822609960107,0.0007822609960107,0.0003914372650831,1.1294690429655492,-0.2315609183948709,0.0,0.3420517424990273,1.3399529878602856,BTCUSDT,SUBE,v4_63_moderado,63,0.4548479087452471,0.46971926256029606,0.029742707630097898,0.0101972317233001,0.0207667226754546,0.021138981904308997,0.0199472658489051,0.03940655672991865,0.0389185817620271,1.8983345606053956,2.217423742923038,0.6381783646352845,205,239.5,69,0.3795620437956204,0.4019761438490297,0.044828200106818594,0.5109489051094891,0.5652305501157202,0.10856329001246212,0.0007822609960107,0.0018502083789287,0.002135894765836,1.1294690429655492,1.4536607884297452,0.6483834909283923,-0.2315609183948709,-0.15735073243729264,0.1484203719151565,0.2617913938243926,0.30192156816170995,0.08026034867463472,1.3399529878602856,1.399931761817569,0.1199575479145667
0.66,0.1793201620299602,884,1018,92965,428493,1902,0.0036342097217976,0.4647739221871714,0.0094193864612302,0.9976298627974604,0.5035246246293453,0.018464559116876,2.5918665080701766,0.0040774449916793,0.003813513125503,202,0.5536785322036931,0.4405940594059406,0.6386138613861386,0.0032207797318795,0.0032207797318795,0.0030293069854534,1.8929526274020056,-0.0830160827343082,0.0,0.2617913938243926,1.4599105357748523,0.2552714502657555,3886,4090,130591,388233,7976,0.0151404707668944,0.4872116349047141,0.0288971348260297,0.989574916586588,0.5092360257063089,0.054558345559588,1.9086021346981523,0.0046436601829916,0.0046122665933927,260,0.7107074994447597,0.4076923076923077,0.5307692307692308,0.0009807074946506,0.0009807074946506,0.0016416706058943,1.1579249871249568,-0.2220207629549085,0.0,0.3420517424990273,1.3399529878602856,BTCUSDT,SUBE,v4_63_moderado,63,0.4647739221871714,0.47599277854594274,0.02243771271754269,0.0094193864612302,0.01915826064362995,0.0194777483647995,0.018464559116876,0.036511452338232,0.036093786442712,1.9086021346981523,2.2502343213841645,0.6832643733720243,202,231.0,58,0.4076923076923077,0.42414318354912417,0.03290175171363291,0.5307692307692308,0.5846915460776847,0.10784463061690786,0.0009807074946506,0.0021007436132650503,0.0022400722372289002,1.1579249871249568,1.5254388072634812,0.7350276402770488,-0.2220207629549085,-0.15251842284460834,0.1390046802206003,0.2617913938243926,0.30192156816170995,0.08026034867463472,1.3399529878602856,1.399931761817569,0.1199575479145667
0.67,0.1793201620299602,801,909,93048,428602,1710,0.0032673494344237,0.4684210526315789,0.0085349870536713,0.997883639767084,0.5032093134103777,0.0167645119768938,2.612205160473347,0.00422920488629,0.0039341018082958,184,0.5043408412152453,0.4565217391304347,0.6413043478260869,0.0035273842021843,0.0035273842021843,0.003300964615972,2.0026877076072096,-0.0934344394141595,0.0,0.2617913938243926,1.4599105357748523,0.2552714502657555,3626,3747,130851,388576,7373,0.0139958238420653,0.4917943849179438,0.0269637187028265,0.9904491961980308,0.5087064574504286,0.0511244272118435,1.9265545927911305,0.0048056190163119,0.0047060366747537,248,0.6779056148550017,0.407258064516129,0.5282258064516129,0.0009682047680237,0.0009682047680237,0.0012896450034073,1.1541489098447717,-0.1955758311900777,0.0,0.3420517424990273,1.3399529878602856,BTCUSDT,SUBE,v4_63_moderado,63,0.4684210526315789,0.4801077187747613,0.0233733322863649,0.0085349870536713,0.0177493528782489,0.0184287316491552,0.0167645119768938,0.03394446959436865,0.0343599152349497,1.9265545927911305,2.2693798766322386,0.6856505676822164,184,216.0,64,0.407258064516129,0.43188990182328185,0.0492636746143057,0.5282258064516129,0.58476507713885,0.11307854137447404,0.0009682047680237,0.002247794485104,0.0025591794341606,1.1541489098447717,1.5784183087259906,0.8485387977624379,-0.1955758311900777,-0.14450513530211861,0.1021413917759182,0.2617913938243926,0.30192156816170995,0.08026034867463472,1.3399529878602856,1.399931761817569,0.1199575479145667
0.68,0.1793201620299602,751,814,93098,428697,1565,0.0029902934882298,0.4798722044728434,0.0080022163262261,0.9981048215296,0.5030535189279131,0.0157419246651434,2.6760638571844915,0.0046460143347719,0.0042599736984798,174,0.4769310128883297,0.4770114942528735,0.6436781609195402,0.0041236125703769,0.0041236125703769,0.0041751286734141,2.2379585517592435,-0.0722926506775037,0.0,0.2617913938243926,1.4599105357748523,0.2552714502657555,3379,3436,131098,388887,6815,0.0129365983295368,0.4958180484225972,0.0251269733857834,0.991241910364674,0.5081844418752287,0.0478300257622512,1.9423168862260776,0.0050326770496516,0.0048525033731259,233,0.636903259117804,0.4034334763948498,0.5278969957081545,0.0009979454877988,0.0009979454877988,0.0010863626812356,1.1583092448664831,-0.1925442919155885,0.0,0.3420517424990273,1.3399529878602856,BTCUSDT,SUBE,v4_63_moderado,63,0.4798722044728434,0.48784512644772027,0.01594584394975379,0.0080022163262261,0.016564594856004748,0.0171247570595573,0.0157419246651434,0.0317859752136973,0.0320881010971078,1.9423168862260776,2.3091903717052844,0.7337469709584139,174,203.5,59,0.4034334763948498,0.44022248532386166,0.0735780178580237,0.5278969957081545,0.5857875783138473,0.1157811652113857,0.0009979454877988,0.0025607790290878498,0.0031256670825781,1.1583092448664831,1.6981338983128633,1.0796493068927604,-0.1925442919155885,-0.1324184712965461,0.1202516412380848,0.2617913938243926,0.30192156816170995,0.08026034867463472,1.3399529878602856,1.399931761817569,0.1199575479145667
0.69,0.1793201620299602,710,743,93139,428768,1453,0.0027762916539284,0.4886441844459738,0.0075653443297211,0.9982701257942171,0.5029177350619691,0.0149000020985918,2.724981836478224,0.0049156953268912,0.0047260768924595,169,0.4632260987248719,0.4792899408284023,0.6390532544378699,0.0041541932996988,0.0041541932996988,0.0042599736984798,2.2173054899661824,-0.0722926506775039,0.0,0.2617913938243926,1.4599105357748523,0.2552714502657555,3129,3138,131348,389185,6267,0.0118963553530751,0.4992819530876017,0.0232679194211649,0.9920014885693677,0.5076347039952662,0.0444637071562553,1.9558863812142493,0.0051651563331946,0.0049858266194544,215,0.5877004322331667,0.3906976744186046,0.5162790697674419,0.0004857881872276,0.0004857881872276,0.0003950752565553,1.072953687905096,-0.1871221510677523,0.0,0.3420517424990273,1.3399529878602856,BTCUSDT,SUBE,v4_63_moderado,63,0.4886441844459738,0.49396306876678775,0.01063776864162791,0.0075653443297211,0.015416631875443,0.0157025750914438,0.0149000020985918,0.02968185462742355,0.029563705057663498,1.9558863812142493,2.3404341088462366,0.7690954552639748,169,192.0,46,0.3906976744186046,0.4349938076235035,0.08859226640979773,0.5162790697674419,0.5776661621026559,0.122774184670428,0.0004857881872276,0.0023199907434632,0.0036684051124712003,1.072953687905096,1.6451295889356392,1.1443518020610863,-0.1871221510677523,-0.1297074008726281,0.11482950039024839,0.2617913938243926,0.30192156816170995,0.08026034867463472,1.3399529878602856,1.399931761817569,0.1199575479145667
0.7,0.1793201620299602,656,668,93193,428843,1324,0.0025298073983491,0.4954682779456193,0.0069899519440803,0.9984447429751508,0.5027173474596156,0.0137854223361667,2.763037197472741,0.0051566125559003,0.00487652679038,160,0.438557253230648,0.48125,0.64375,0.0045181650788236,0.0045181650788236,0.0043110587793725,2.3549442676714887,-0.0722926506775039,0.0,0.2617913938243926,1.4599105357748523,0.2552714502657555,2935,2870,131542,389453,5805,0.0110193621867881,0.5055986218776917,0.021825293544621,0.992684599169562,0.5072549463570915,0.0418442850829044,1.98063129014752,0.0054128181373755,0.0051929178330565,205,0.5603655284083683,0.4,0.5317073170731708,0.0005722031249295,0.0005722031249295,0.0010568821331473,1.08507003891777,-0.1631601365944901,0.0,0.3420517424990273,1.3399529878602856,BTCUSDT,SUBE,v4_63_moderado,63,0.4954682779456193,0.5005334499116555,0.01013034393207235,0.0069899519440803,0.01440762274435065,0.014835341600540699,0.0137854223361667,0.02781485370953555,0.0280588627467377,1.98063129014752,2.3718342438101305,0.782405907325221,160,182.5,45,0.4,0.44062500000000004,0.08124999999999999,0.5317073170731708,0.5877286585365854,0.11204268292682928,0.0005722031249295,0.00254518410187655,0.0039459619538940996,1.08507003891777,1.7200071532946293,1.2698742287537186,-0.1631601365944901,-0.117726393635997,0.09086748591698621,0.2617913938243926,0.30192156816170995,0.08026034867463472,1.3399529878602856,1.399931761817569,0.1199575479145667
0.71,0.1793201620299602,616,597,93233,428914,1213,0.002317716294711,0.5078318219291014,0.0065637353621242,0.998610047239768,0.5025868913009461,0.0129599629715343,2.8319839564067224,0.0053999638122537,0.0054098716959349,147,0.4029244764056578,0.4897959183673469,0.6462585034013606,0.0045857755132037,0.0045857755132037,0.0044011191898185,2.3055540161594905,-0.1003680302275661,0.0,0.2617913938243926,1.4599105357748523,0.2552714502657555,2739,2616,131738,389707,5355,0.0101651480637813,0.511484593837535,0.0203677952363601,0.9933320248876564,0.5068499100620083,0.0391755821271239,2.003688987957892,0.0056122929312861,0.00545860454496,189,0.5166296822886908,0.4074074074074074,0.5396825396825397,0.0005099431262576,0.0005099431262576,0.0017351188256524,1.0748012449950937,-0.1702375686395962,0.0,0.3420517424990273,1.3399529878602856,BTCUSDT,SUBE,v4_63_moderado,63,0.5078318219291014,0.5096582078833182,0.0036527719084336052,0.0065637353621242,0.01346576529924215,0.0138040598742359,0.0129599629715343,0.0260677725493291,0.026215619155589603,2.003688987957892,2.417836472182307,0.8282949684488305,147,168.0,42,0.4074074074074074,0.44860166288737713,0.08238851095993954,0.5396825396825397,0.5929705215419501,0.10657596371882094,0.0005099431262576,0.0025478593197306504,0.0040758323869461,1.0748012449950937,1.690177630577292,1.2307527711643969,-0.1702375686395962,-0.13530279943358114,0.06986953841203009,0.2617913938243926,0.30192156816170995,0.08026034867463472,1.3399529878602856,1.399931761817569,0.1199575479145667
0.72,0.1793201620299602,579,540,93270,428971,1119,0.0021381076123509,0.517426273458445,0.0061694850238148,0.9987427562972776,0.5024561206605462,0.0121935809957038,2.885488545186542,0.0057222336789411,0.0056902251324657,143,0.3919605450748916,0.5034965034965035,0.6503496503496503,0.0045311113647789,0.0045311113647789,0.0055092564096324,2.2703103467096373,-0.0795087673043435,0.0,0.2617913938243926,1.4599105357748523,0.2552714502657555,2567,2375,131910,389948,4942,0.0093811693242217,0.5194253338729259,0.0190887661087026,0.9939463146438012,0.5065175403762519,0.0368242492056319,2.034796031174531,0.0058835145447708,0.0056847858686938,179,0.4892947784638923,0.441340782122905,0.547486033519553,0.0007881222367818,0.0007881222367818,0.0026602258137888,1.1122721518126006,-0.1467284343694858,0.0,0.3420517424990273,1.3399529878602856,BTCUSDT,SUBE,v4_63_moderado,63,0.517426273458445,0.5184258036656855,0.0019990604144808355,0.0061694850238148,0.0126291255662587,0.0129192810848878,0.0121935809957038,0.024508915100667848,0.024630668209928097,2.034796031174531,2.4601422881805366,0.8506925140120112,143,161.0,36,0.441340782122905,0.47241864280970425,0.06215572137359854,0.547486033519553,0.5989178419346017,0.10286361683009726,0.0007881222367818,0.00265961680078035,0.0037429891279971,1.1122721518126006,1.691291249261119,1.1580381948970366,-0.1467284343694858,-0.11311860083691465,0.06721966706514229,0.2617913938243926,0.30192156816170995,0.08026034867463472,1.3399529878602856,1.399931761817569,0.1199575479145667
0.73,0.1793201620299602,532,484,93317,429027,1016,0.0019413023540201,0.5236220472440944,0.0056686805400164,0.998873137125708,0.5022709088328622,0.0112159384388341,2.92004000730609,0.0060314877434549,0.0058385747751222,128,0.3508458025845184,0.5078125,0.6640625,0.0047395589233425,0.0047395589233425,0.0055154886111452,2.398230115493054,-0.0927422342895882,0.0,0.2617913938243926,1.4599105357748523,0.2552714502657555,2367,2180,132110,390143,4547,0.0086313591495823,0.5205630085770838,0.0176015229370078,0.994443354073047,0.5060224385050274,0.0340516745310162,2.039252756370292,0.005838507666848,0.0057669009441194,170,0.4646933650215737,0.4352941176470588,0.5411764705882353,0.0008741243438296,0.0008741243438296,0.0019589617180415,1.1235236240962825,-0.1406784821845043,0.0,0.3420517424990273,1.3399529878602856,BTCUSDT,SUBE,v4_63_moderado,63,0.5205630085770838,0.5220925279105891,0.0030590386670106273,0.0056686805400164,0.0116351017385121,0.011932842396991399,0.0112159384388341,0.022633806484925148,0.0228357360921821,2.039252756370292,2.479646381838191,0.8807872509357981,128,149.0,42,0.4352941176470588,0.4715533088235294,0.07251838235294122,0.5411764705882353,0.6026194852941176,0.12288602941176474,0.0008741243438296,0.00280684163358605,0.0038654345795129004,1.1235236240962825,1.7608768697946684,1.2747064913967716,-0.1406784821845043,-0.11671035823704624,0.0479362478949161,0.2617913938243926,0.30192156816170995,0.08026034867463472,1.3399529878602856,1.399931761817569,0.1199575479145667
0.74,0.1793201620299602,501,445,93348,429066,946,0.0018075512075817,0.5295983086680761,0.0053383626890004,0.9989639380597936,0.502151150374397,0.0105701777519911,2.9533673328913927,0.0062162215666245,0.0060159859372779,122,0.3343999055883691,0.5081967213114754,0.6557377049180327,0.0046486971481577,0.0046486971481577,0.0055154886111452,2.3257733183675278,-0.0927422342895882,0.0,0.2617913938243926,1.4599105357748523,0.2552714502657555,2182,1987,132295,390336,4169,0.0079138192862566,0.5233869033341328,0.0162258230031901,0.9949352956619928,0.5055805593325915,0.0314758449576619,2.0503150774959376,0.0058853827946117,0.0058729324792421,159,0.4346249708142954,0.4276729559748428,0.5408805031446541,0.0005950368749661,0.0005950368749661,0.0020941289928835,1.0808007012210672,-0.1515654804147657,0.0,0.3420517424990273,1.3399529878602856,BTCUSDT,SUBE,v4_63_moderado,63,0.5233869033341328,0.5264926060011045,0.006211405333943265,0.0053383626890004,0.010782092846095251,0.0108874603141897,0.0105701777519911,0.0210230113548265,0.020905667205670796,2.0503150774959376,2.5018412051936654,0.9030522553954552,122,140.5,37,0.4276729559748428,0.4679348386431591,0.08052376533663264,0.5408805031446541,0.5983091040313434,0.11485720177337866,0.0005950368749661,0.0026218670115619,0.0040536602731916,1.0808007012210672,1.7032870097942974,1.2449726171464606,-0.1515654804147657,-0.12215385735217694,0.0588232461251775,0.2617913938243926,0.30192156816170995,0.08026034867463472,1.3399529878602856,1.399931761817569,0.1199575479145667
0.75,0.1793201620299602,462,407,93387,429104,869,0.0016604249464995,0.5316455696202531,0.0049228015215931,0.9990524107648,0.5019876061431966,0.0097552735488502,2.9647841246732054,0.0061948108688642,0.0060808352535197,110,0.3015081115960705,0.509090909090909,0.6454545454545455,0.0040388613315388,0.0040388613315388,0.0055154886111452,2.0771475559226804,-0.1087967617599686,0.0,0.2617913938243926,1.4599105357748523,0.2552714502657555,2003,1800,132474,390523,3803,0.007219058466211,0.5266894556928741,0.0148947403645233,0.9954119437300388,0.505153342047281,0.0289702053803876,2.063252491199284,0.0059353498795055,0.0059702777831409,147,0.4018230862245373,0.4081632653061224,0.5306122448979592,0.0003853799019103,0.0003853799019103,0.0010863626812356,1.0511100017357509,-0.1488090068261506,0.0,0.3420517424990273,1.3399529878602856,BTCUSDT,SUBE,v4_63_moderado,63,0.5266894556928741,0.5291675126565636,0.004956113927379047,0.0049228015215931,0.0099087709430582,0.009971938842930201,0.0097552735488502,0.0193627394646189,0.0192149318315374,2.063252491199284,2.5140183079362446,0.9015316334739212,110,128.5,37,0.4081632653061224,0.45862708719851575,0.10092764378478664,0.5306122448979592,0.5880333951762524,0.11484230055658629,0.0003853799019103,0.00221212061672455,0.0036534814296285004,1.0511100017357509,1.5641287788292155,1.0260375541869295,-0.1488090068261506,-0.1288028842930596,0.04001224506618202,0.2617913938243926,0.30192156816170995,0.08026034867463472,1.3399529878602856,1.399931761817569,0.1199575479145667
0.76,0.1793201620299602,428,364,93421,429147,792,0.0015132986854173,0.5404040404040404,0.0045605174269304,0.999152524615202,0.5018565210210663,0.0090447057829059,3.013626768381747,0.0067043767248926,0.0063026639124758,102,0.2795802489345381,0.4901960784313725,0.6372549019607843,0.0039438142723925,0.0039438142723925,0.0045441103763623,2.0499956040766736,-0.1065586960566923,0.0,0.2617913938243926,1.4599105357748523,0.2552714502657555,1860,1641,132617,390682,3501,0.0066457858769931,0.5312767780634104,0.0138313614967615,0.9958172220338852,0.5048242917653234,0.0269608198408441,2.0812228610379817,0.0060967070623857,0.0061957690157803,136,0.3717546920172589,0.3897058823529412,0.5147058823529411,-0.000519295398635,-0.000519295398635,0.0003114470004165,0.9364860193985306,-0.1903469866188138,0.0,0.3420517424990273,1.3399529878602856,BTCUSDT,SUBE,v4_63_moderado,63,0.5312767780634104,0.5358404092337254,0.009127262340629994,0.0045605174269304,0.00919593946184595,0.0092708440698311,0.0090447057829059,0.018002762811875,0.0179161140579382,2.0812228610379817,2.5474248147098644,0.9324039073437653,102,119.0,34,0.3897058823529412,0.43995098039215685,0.1004901960784313,0.5147058823529411,0.5759803921568627,0.12254901960784315,-0.000519295398635,0.0017122594368787502,0.004463109671027501,0.9364860193985306,1.4932408117376021,1.1135095846781429,-0.1903469866188138,-0.14845284133775305,0.0837882905621215,0.2617913938243926,0.30192156816170995,0.08026034867463472,1.3399529878602856,1.399931761817569,0.1199575479145667
0.77,0.1793201620299602,399,327,93450,429184,726,0.0013871904616325,0.5495867768595041,0.0042515104050123,0.9992386690911292,0.5017450897480707,0.0084377478191911,3.0648353795692023,0.0069335093589103,0.0066126129605008,91,0.249429437774931,0.4945054945054945,0.6373626373626373,0.0041161887721172,0.0041161887721172,0.0047260768924595,2.064541023754575,-0.0789236418985291,0.0,0.2617913938243926,1.4599105357748523,0.2552714502657555,1713,1473,132764,390850,3186,0.0060478359908883,0.5376647834274952,0.0127382377655658,0.9962454406190816,0.5044918391923238,0.0248868613934027,2.1062472237602305,0.0063060188380157,0.0064078032683887,127,0.3471532785749404,0.3779527559055118,0.4960629921259842,-0.0007422867939773,-0.0007422867939773,-7.56464510945909e-05,0.912032832779068,-0.2004520766289891,0.0,0.3420517424990273,1.3399529878602856,BTCUSDT,SUBE,v4_63_moderado,63,0.5376647834274952,0.5436257801434996,0.011921993432008837,0.0042515104050123,0.00849487408528905,0.0084867273605535,0.0084377478191911,0.016662304606296897,0.0164491135742116,2.1062472237602305,2.5855413016647164,0.9585881558089717,91,109.0,36,0.3779527559055118,0.43622912520550317,0.11655273859998272,0.4960629921259842,0.5667128147443108,0.14129964523665312,-0.0007422867939773,0.0016869509890699499,0.0048584755660944995,0.912032832779068,1.4882869282668214,1.152508190975507,-0.2004520766289891,-0.1396878592637591,0.12152843473045999,0.2617913938243926,0.30192156816170995,0.08026034867463472,1.3399529878602856,1.399931761817569,0.1199575479145667
0.78,0.1793201620299602,379,290,93470,429221,669,0.0012782788138184,0.5665171898355755,0.0040384021140342,0.9993248135670564,0.5016816078405454,0.0080196364713599,3.15924982122715,0.0074792810214074,0.0070899223791074,85,0.2329835407787817,0.5058823529411764,0.6588235294117647,0.0043607848630862,0.0043607848630862,0.0055092564096324,2.097040906279093,-0.0702955889661443,0.0,0.2617913938243926,1.4599105357748523,0.2552714502657555,1588,1325,132889,390998,2913,0.0055296127562642,0.5451424648129076,0.0118087107832566,0.9966226808012786,0.5042156957922675,0.0231166751583084,2.135540281709436,0.0065994969440628,0.0066952487226168,119,0.3252853555151015,0.4033613445378151,0.5042016806722689,0.0001741829718158,0.0001741829718158,3.656372026972221e-05,1.0224696123268138,-0.1593486496937568,0.0,0.3420517424990273,1.3399529878602856,BTCUSDT,SUBE,v4_63_moderado,63,0.5451424648129076,0.5558298273242416,0.021374725022667906,0.0040384021140342,0.0079235564486454,0.007770308669222401,0.0080196364713599,0.01556815581483415,0.015097038686948502,2.135540281709436,2.647395051468293,1.0237095395177138,85,102.0,34,0.4033613445378151,0.45462184873949574,0.10252100840336137,0.5042016806722689,0.5815126050420167,0.1546218487394958,0.0001741829718158,0.002267483917451,0.0041866018912704,1.0224696123268138,1.5597552593029533,1.0745712939522791,-0.1593486496937568,-0.11482211932995055,0.08905306072761252,0.2617913938243926,0.30192156816170995,0.08026034867463472,1.3399529878602856,1.399931761817569,0.1199575479145667
0.79,0.1793201620299602,351,268,93498,429243,619,0.0011827422806481,0.567043618739903,0.0037400505066649,0.999376034606797,0.501558042556731,0.0074310877757547,3.1621855140035127,0.007707626225032,0.0071186422338735,79,0.2165376437826324,0.4936708860759494,0.6455696202531646,0.0036984548580558,0.0036984548580558,0.0043621438602652,1.869394248636008,-0.0702955889661441,0.0,0.2617913938243926,1.4599105357748523,0.2552714502657555,1457,1179,133020,391144,2636,0.0050037965072133,0.552731411229135,0.0108345665057965,0.9969948231431754,0.503914694824486,0.021252543522496,2.1652692091250425,0.0067716354152718,0.0070556823738884,115,0.3143513939851822,0.4260869565217391,0.5130434782608696,0.0004978322478609,0.0004978322478609,0.0003005544197898,1.0636777377291189,-0.1418136269111763,0.0,0.3420517424990273,1.3399529878602856,BTCUSDT,SUBE,v4_63_moderado,63,0.552731411229135,0.559887514984519,0.014312207510768005,0.0037400505066649,0.007287308506230701,0.0070945159991316,0.0074310877757547,0.01434181564912535,0.0138214557467413,2.1652692091250425,2.663727361564278,0.9969163048784702,79,97.0,36,0.4260869565217391,0.4598789212988442,0.06758392955421028,0.5130434782608696,0.5793065492570171,0.13252614199229495,0.0004978322478609,0.00209814355295835,0.0032006226101949,1.0636777377291189,1.4665359931825634,0.8057165109068891,-0.1418136269111763,-0.1060546079386602,0.0715180379450322,0.2617913938243926,0.30192156816170995,0.08026034867463472,1.3399529878602856,1.399931761817569,0.1199575479145667
0.8,0.1793201620299602,327,245,93522,429266,572,0.001092937939468,0.5716783216783217,0.0034843205574912,0.9994295838756166,0.501456952216554,0.0069264252655659,3.1880314807144075,0.0081417795602701,0.0073652520221377,74,0.2028327296191747,0.5,0.6621621621621622,0.0039087252532934,0.0039087252532934,0.0049357001349488,1.8851296930309385,-0.0674666283904095,0.0,0.2617913938243926,1.4599105357748523,0.2552714502657555,1334,1056,133143,391267,2390,0.0045368261199696,0.5581589958158996,0.0099199119552042,0.9973083403216229,0.5036141261384135,0.0194933767818393,2.186531220921168,0.0069738115810913,0.0072665932057744,112,0.3061509228377427,0.4464285714285714,0.5267857142857143,0.0016964384055615,0.0016964384055615,0.0013767231950674,1.230280820304819,-0.1136565872409953,0.0,0.3420517424990273,1.3399529878602856,BTCUSDT,SUBE,v4_63_moderado,63,0.5581589958158996,0.5649186587471107,0.013519325862422105,0.0034843205574912,0.0067021162563477,0.006435591397713001,0.0069264252655659,0.0132099010237026,0.012566951516273402,2.186531220921168,2.6872813508177877,1.0015002597932394,74,93.0,38,0.4464285714285714,0.4732142857142857,0.0535714285714286,0.5267857142857143,0.5944739382239382,0.13537644787644787,0.0016964384055615,0.00280258182942745,0.0022122868477319002,1.230280820304819,1.5577052566678788,0.6548488727261195,-0.1136565872409953,-0.0905616078157024,0.0461899588505858,0.2617913938243926,0.30192156816170995,0.08026034867463472,1.3399529878602856,1.399931761817569,0.1199575479145667
0.81,0.1793201620299602,310,215,93539,429296,525,0.0010031335982879,0.5904761904761905,0.0033031785101599,0.9994994307479902,0.5014013046290751,0.0065696060355606,3.292860009671057,0.0085496523300034,0.0077950056224191,68,0.1863868326230254,0.5,0.6323529411764706,0.0035377414047973,0.0035377414047973,0.0049357001349488,1.7200428447570926,-0.0740852519324505,0.0,0.2617913938243926,1.4599105357748523,0.2552714502657555,1213,941,133264,391382,2154,0.0040888382687927,0.5631383472609099,0.0090201298363288,0.9976014661388702,0.5033107979875996,0.0177558533568516,2.206037324873751,0.0073840419322581,0.0076479324853466,107,0.2924834709253434,0.4392523364485981,0.514018691588785,0.0018357115912453,0.0018357115912453,0.0006593173972513,1.2441945408878092,-0.1241238619860666,0.0,0.3420517424990273,1.3399529878602856,BTCUSDT,SUBE,v4_63_moderado,63,0.5631383472609099,0.5768072688685502,0.027337843215280544,0.0033031785101599,0.00616165417324435,0.0057169513261689,0.0065696060355606,0.0121627296962061,0.011186247321290999,2.206037324873751,2.7494486672724037,1.0868226847973061,68,87.5,39,0.4392523364485981,0.46962616822429903,0.060747663551401876,0.514018691588785,0.5731858163826278,0.11833424958768557,0.0018357115912453,0.0026867264980213,0.001702029813552,1.2441945408878092,1.4821186928224508,0.47584830386928334,-0.1241238619860666,-0.09910455695925854,0.05003861005361611,0.2617913938243926,0.30192156816170995,0.08026034867463472,1.3399529878602856,1.399931761817569,0.1199575479145667
0.82,0.1793201620299602,292,187,93557,429324,479,0.0009152399877713,0.6096033402922756,0.0031113810482796,0.9995646211622052,0.5013380011052425,0.0061911627512509,3.399524813001368,0.0092562264905781,0.0086316578029914,64,0.1754229012922592,0.515625,0.640625,0.0043938147503889,0.0043938147503889,0.0056718924605327,1.9996599763010183,-0.0682554100633471,0.0,0.2617913938243926,1.4599105357748523,0.2552714502657555,1128,869,133349,391454,1997,0.0037908124525436,0.5648472709063596,0.0083880514883586,0.9977849883896688,0.5030865199390137,0.0165306212172281,2.212731859823392,0.0074084179473856,0.0077002759142168,100,0.2733490382479845,0.47,0.55,0.0026433187561848,0.0026433187561848,0.0026812827236597,1.371888325698012,-0.1305793822860389,0.0,0.3420517424990273,1.3399529878602856,BTCUSDT,SUBE,v4_63_moderado,63,0.5648472709063596,0.5872253055993175,0.04475606938591603,0.0031113810482796,0.0057497162683191,0.005276670440079001,0.0061911627512509,0.0113608919842395,0.010339458465977199,2.212731859823392,2.80612833641238,1.1867929531779762,64,82.0,36,0.47,0.4928125,0.04562500000000003,0.55,0.5953125,0.09062499999999996,0.0026433187561848,0.00351856675328685,0.0017504959942040996,1.371888325698012,1.685774150999515,0.6277716506030064,-0.1305793822860389,-0.099417396174693,0.062323972222691815,0.2617913938243926,0.30192156816170995,0.08026034867463472,1.3399529878602856,1.399931761817569,0.1199575479145667
0.83,0.1793201620299602,270,171,93579,429340,441,0.0008426322225619,0.6122448979591837,0.0028769619282038,0.9996018728274711,0.5012394173778375,0.0057270124085268,3.4142557703962573,0.0092975665739096,0.0088899586671591,63,0.1726819184595676,0.5238095238095238,0.6349206349206349,0.0043943174629306,0.0043943174629306,0.0058345285114331,1.984152876848073,-0.0682554100633471,0.0,0.2617913938243926,1.4599105357748523,0.2552714502657555,1025,788,133452,391535,1813,0.0034415337889141,0.5653612796469939,0.0076221212549357,0.997991450921817,0.5028067860883764,0.0150414557194218,2.214745436900261,0.0071275244317898,0.0077049332268057,98,0.2678820574830248,0.4795918367346938,0.5510204081632653,0.002664981348048,0.002664981348048,0.0028799566868263,1.3690254737566054,-0.115032549344483,0.0,0.3420517424990273,1.3399529878602856,BTCUSDT,SUBE,v4_63_moderado,63,0.5653612796469939,0.5888030888030888,0.04688361831218979,0.0028769619282038,0.00524954159156975,0.0047451593267319,0.0057270124085268,0.0103842340639743,0.009314443310895,2.214745436900261,2.814500603648259,1.1995103334959962,63,80.5,35,0.4795918367346938,0.5017006802721088,0.04421768707483004,0.5510204081632653,0.5929705215419501,0.08390022675736963,0.002664981348048,0.0035296494054893003,0.0017293361148826001,1.3690254737566054,1.6765891753023392,0.6151274030914675,-0.115032549344483,-0.09164397970391505,0.0467771392811359,0.2617913938243926,0.30192156816170995,0.08026034867463472,1.3399529878602856,1.399931761817569,0.1199575479145667
0.84,0.1793201620299602,248,156,93601,429355,404,0.0007719351880158,0.6138613861386139,0.0026425428081279,0.999636796263658,0.501139669535893,0.0052624319650302,3.423270307083772,0.0091699550429041,0.0091439427720947,60,0.164458969961493,0.5166666666666667,0.6333333333333333,0.0045346147321107,0.0045346147321107,0.0056718924605327,1.9934638737705328,-0.0612780021154978,0.0,0.2617913938243926,1.4599105357748523,0.2552714502657555,938,719,133539,391604,1657,0.0031454062262718,0.5660832830416416,0.0069751704752485,0.9981673264121654,0.502571248443707,0.013780539762293,2.217573811925733,0.00682056029477,0.0078680765078749,91,0.2487476248056659,0.5054945054945055,0.5714285714285714,0.0030697395370147,0.0030697395370147,0.0051002182170856,1.4240098221888584,-0.1150325493444832,0.0,0.3420517424990273,1.3399529878602856,BTCUSDT,SUBE,v4_63_moderado,63,0.5660832830416416,0.5899723345901278,0.04777810309697228,0.0026425428081279,0.0048088566416882,0.0043326276671206004,0.0052624319650302,0.0095214858636616,0.008518107797262798,2.217573811925733,2.8204220595047524,1.2056964951580387,60,75.5,31,0.5054945054945055,0.511080586080586,0.011172161172161243,0.5714285714285714,0.6023809523809524,0.06190476190476191,0.0030697395370147,0.0038021771345627,0.0014648751950960006,1.4240098221888584,1.7087368479796956,0.5694540515816744,-0.1150325493444832,-0.0881552757299905,0.05375454722898541,0.2617913938243926,0.30192156816170995,0.08026034867463472,1.3399529878602856,1.399931761817569,0.1199575479145667
0.85,0.1793201620299602,222,140,93627,429371,362,0.0006916845001528,0.6132596685082873,0.0023655020298564,0.9996740479289238,0.5010197749793901,0.0047128254662406,3.4199147578610023,0.0090926662560277,0.0092128213477853,57,0.1562360214634183,0.5614035087719298,0.6842105263157895,0.005220458862998,0.005220458862998,0.0071186422338735,2.171164706122914,-0.0612780021154979,0.0,0.2617913938243926,1.4599105357748523,0.2552714502657555,857,663,133620,391660,1520,0.0028853454821564,0.5638157894736842,0.0063728369907121,0.9983100659405644,0.5023414514656382,0.0126032191886585,2.208691135991559,0.0063893994195855,0.0079400686517444,85,0.2323466825107868,0.5058823529411764,0.5764705882352941,0.0032314714595553,0.0032314714595553,0.0051002182170856,1.4363697664742192,-0.115032549344483,0.0,0.3420517424990273,1.3399529878602856,BTCUSDT,SUBE,v4_63_moderado,63,0.5638157894736842,0.5885377289909857,0.04944387903460312,0.0023655020298564,0.00436916951028425,0.0040073349608557,0.0047128254662406,0.008658022327449551,0.0078903937224179,2.208691135991559,2.8143029469262806,1.2112236218694434,57,71.0,28,0.5058823529411764,0.5336429308565531,0.055521155830753344,0.5764705882352941,0.6303405572755418,0.10773993808049542,0.0032314714595553,0.00422596516127665,0.0019889874034427,1.4363697664742192,1.8037672362985666,0.7347949396486948,-0.115032549344483,-0.08815527572999045,0.053754547228985095,0.2617913938243926,0.30192156816170995,0.08026034867463472,1.3399529878602856,1.399931761817569,0.1199575479145667
0.86,0.1793201620299602,197,125,93652,429386,322,0.0006152552736166,0.6118012422360248,0.0020991166661338,0.9997089713651106,0.5009040440156223,0.004183878264009,3.4117816720119123,0.0093207771328842,0.0098513497805746,50,0.1370491416345775,0.52,0.66,0.0043337373629695,0.0043337373629695,0.0066953397535466,1.8931338338925132,-0.06850079097938,0.0,0.2617913938243926,1.4599105357748523,0.2552714502657555,778,611,133699,391712,1389,0.002636674259681,0.5601151907847373,0.0057853759378927,0.9984426097883632,0.502113992863128,0.0114524605125638,2.194194416185665,0.0057656176337156,0.0076161523286988,80,0.2186792305983876,0.5125,0.6,0.0032850553959165,0.0032850553959165,0.0054335595806025,1.4527017134477138,-0.0960642528089037,0.0,0.3420517424990273,1.3399529878602856,BTCUSDT,SUBE,v4_63_moderado,63,0.5601151907847373,0.585958216510381,0.051686051451287573,0.0020991166661338,0.003942246302013249,0.0036862592717589,0.004183878264009,0.0078181693882864,0.0072685822485548,2.194194416185665,2.8029880440987887,1.2175872558262473,50,65.0,30,0.5125,0.51625,0.007500000000000062,0.6,0.63,0.06000000000000005,0.0032850553959165,0.003809396379443,0.0010486819670529998,1.4527017134477138,1.6729177736701135,0.4404321204447994,-0.0960642528089037,-0.08228252189414184,0.027563461829523697,0.2617913938243926,0.30192156816170995,0.08026034867463472,1.3399529878602856,1.399931761817569,0.1199575479145667
0.87,0.1793201620299602,177,105,93672,429406,282,0.0005388260470804,0.6276595744680851,0.0018860083751558,0.9997555359466928,0.5008207721609244,0.0037607164483538,3.500217529154461,0.0101982886822742,0.0107101293703087,48,0.1315671759691944,0.5,0.6458333333333334,0.0047126866866729,0.0047126866866729,0.0048476577481739,2.094988819384646,-0.061278002115498,0.0,0.2617913938243926,1.4599105357748523,0.2552714502657555,705,573,133772,391750,1278,0.0024259681093394,0.5516431924882629,0.0052425321802241,0.9985394687540624,0.5018910004671432,0.0103863577768774,2.1610062226463773,0.0051538998300544,0.0071531627251314,75,0.2050117786859884,0.48,0.56,0.0027760470435227,0.0027760470435227,0.0030575737401221,1.3717831196326993,-0.0853732694664134,0.0,0.3420517424990273,1.3399529878602856,BTCUSDT,SUBE,v4_63_moderado,63,0.5516431924882629,0.589651383478174,0.07601638197982219,0.0018860083751558,0.00356427027768995,0.0033565238050682995,0.0037607164483538,0.0070735371126156,0.0066256413285236,2.1610062226463773,2.830611875900419,1.3392113065080835,48,61.5,27,0.48,0.49,0.020000000000000018,0.56,0.6029166666666668,0.08583333333333332,0.0027760470435227,0.0037443668650977997,0.0019366396431501997,1.3717831196326993,1.7333859695086726,0.7232056997519469,-0.0853732694664134,-0.07332563579095569,0.024095267350915398,0.2617913938243926,0.30192156816170995,0.08026034867463472,1.3399529878602856,1.399931761817569,0.1199575479145667
0.88,0.1793201620299602,156,96,93693,429415,252,0.0004815041271782,0.6190476190476191,0.0016622446696288,0.999776490008405,0.5007193673390169,0.0033155864443523,3.4521919456228827,0.0101470395381054,0.0108796567606499,42,0.1151212789730451,0.4285714285714285,0.5952380952380952,0.0030390831934189,0.0030390831934189,0.002780398374635,1.6496343720189064,-0.0735345679018951,0.0,0.2617913938243926,1.4599105357748523,0.2552714502657555,657,519,133820,391804,1176,0.0022323462414578,0.5586734693877551,0.0048855938190173,0.9986771104421612,0.5017813521305893,0.0096864794733621,2.1885466189271727,0.0050206256048542,0.0076479846018943,69,0.1886108363911093,0.5362318840579711,0.5942028985507246,0.0029035775145534,0.0029035775145534,0.0063643049445407,1.378338575840146,-0.0820910702120962,0.0,0.3420517424990273,1.3399529878602856,BTCUSDT,SUBE,v4_63_moderado,63,0.5586734693877551,0.5888605442176871,0.060374149659863985,0.0016622446696288,0.0032739192443230498,0.0032233491493885,0.0033155864443523,0.006501032958857201,0.0063708930290098005,2.1885466189271727,2.8203692822750277,1.26364532669571,42,55.5,27,0.4285714285714285,0.4824016563146998,0.10766045548654257,0.5942028985507246,0.59472049689441,0.0010351966873706209,0.0029035775145534,0.0029713303539861497,0.0001355056788655,1.378338575840146,1.5139864739295263,0.2712957961787603,-0.0820910702120962,-0.07781281905699565,0.008556502310201108,0.2617913938243926,0.30192156816170995,0.08026034867463472,1.3399529878602856,1.399931761817569,0.1199575479145667
0.89,0.1793201620299602,138,83,93711,429428,221,0.0004222714766126,0.6244343891402715,0.0014704472077486,0.9998067569864334,0.500638602097091,0.0029339853300733,3.482231903381522,0.0097425581587429,0.0112409197525067,39,0.1068983304749704,0.4358974358974359,0.5897435897435898,0.0031658929293031,0.0031658929293031,0.0028059571596716,1.6615456329077336,-0.0735345679018953,0.0,0.2617913938243926,1.4599105357748523,0.2552714502657555,598,480,133879,391843,1078,0.002046317388003,0.5547309833024119,0.0044468570833674,0.9987765183280104,0.5016116877056889,0.0088229869794548,2.173102329794021,0.0044837028960849,0.0076775392265387,59,0.1612759325663108,0.5254237288135594,0.5932203389830508,0.0012387463320373,0.0012387463320373,0.0058721755940573,1.1506226361344432,-0.1024609393535824,0.0,0.3420517424990273,1.3399529878602856,BTCUSDT,SUBE,v4_63_moderado,63,0.5547309833024119,0.5895826862213417,0.06970340583785961,0.0014704472077486,0.002958652145558,0.0029764098756188,0.0029339853300733,0.00587848615476405,0.0058890016493815,2.173102329794021,2.8276671165877714,1.309129573587501,39,49.0,20,0.4358974358974359,0.48066058235549763,0.08952629291612346,0.5897435897435898,0.5914819643633202,0.0034767492394610633,0.0012387463320373,0.0022023196306702,0.0019271465972658002,1.1506226361344432,1.4060841345210884,0.5109229967732904,-0.1024609393535824,-0.08799775362773885,0.028926371451687097,0.2617913938243926,0.30192156816170995,0.08026034867463472,1.3399529878602856,1.399931761817569,0.1199575479145667
0.9,0.1793201620299602,123,72,93726,429439,195,0.0003725924793641,0.6307692307692307,0.001310615989515,0.9998323675063036,0.5005714917479094,0.0026157968610437,3.5175588937056825,0.0098127206663904,0.0114047510278667,36,0.0986753819768958,0.5,0.6388888888888888,0.004109341332439,0.004109341332439,0.0053593407067513,1.8523984795662145,-0.0723932005440927,0.0,0.2617913938243926,1.4599105357748523,0.2552714502657555,522,445,133955,391878,967,0.0018356112376613,0.5398138572905895,0.0038817046781233,0.9988657305332596,0.5013737176056915,0.0077079826348896,2.1146660025185167,0.0032080916567462,0.0070703513903715,54,0.1476084806539116,0.5370370370370371,0.5925925925925926,0.0018463609456835,0.0018463609456835,0.0060014729264702,1.2192287472131664,-0.0946567547262564,0.0,0.3420517424990273,1.3399529878602856,BTCUSDT,SUBE,v4_63_moderado,63,0.5398138572905895,0.5852915440299101,0.09095537347864124,0.001310615989515,0.00259616033381915,0.0025710886886082997,0.0026157968610437,0.00516188974796665,0.0050921857738459,2.1146660025185167,2.8161124481121,1.4028928911871659,36,45.0,18,0.5,0.5185185185185186,0.03703703703703709,0.5925925925925926,0.6157407407407407,0.04629629629629628,0.0018463609456835,0.00297785113906125,0.0022629803867554995,1.2192287472131664,1.5358136133896905,0.6331697323530481,-0.0946567547262564,-0.08352497763517455,0.022263554182163692,0.2617913938243926,0.30192156816170995,0.08026034867463472,1.3399529878602856,1.399931761817569,0.1199575479145667
0.91,0.1793201620299602,103,63,93746,429448,166,0.0003171812901253,0.6204819277108434,0.001097507698537,0.9998533215680158,0.5004754146332764,0.0021911397117481,3.460190536785123,0.0100318613767765,0.0114678386142462,31,0.084970467813438,0.5161290322580645,0.6774193548387096,0.004459553384734,0.004459553384734,0.0072954031903744,1.886397255596838,-0.0723932005440927,0.0,0.2617913938243926,1.4599105357748523,0.2552714502657555,475,413,134002,391910,888,0.0016856492027334,0.5349099099099099,0.0035322025327751,0.9989472959780588,0.501239749255417,0.0070180622760684,2.095455286335512,0.0023966798550533,0.0070771296821466,50,0.1366745191239922,0.54,0.6,0.002489355036269,0.002489355036269,0.0060014729264702,1.298970125462416,-0.0882012754566814,0.0,0.3420517424990273,1.3399529878602856,BTCUSDT,SUBE,v4_63_moderado,63,0.5349099099099099,0.5776959188103767,0.08557201780093349,0.001097507698537,0.00231485511565605,0.0024346948342381,0.0021911397117481,0.00460460099390825,0.0048269225643203,2.095455286335512,2.7778229115603175,1.3647352504496109,31,40.5,19,0.5161290322580645,0.5280645161290323,0.023870967741935534,0.6,0.6387096774193548,0.07741935483870965,0.002489355036269,0.0034744542105015,0.0019701983484649997,1.298970125462416,1.5926836905296269,0.587427130134422,-0.0882012754566814,-0.08029723800038704,0.01580807491258869,0.2617913938243926,0.30192156816170995,0.08026034867463472,1.3399529878602856,1.399931761817569,0.1199575479145667
0.92,0.1793201620299602,90,55,93759,429456,145,0.0002770559461938,0.6206896551724138,0.0009589873094012,0.9998719474006488,0.500415467355025,0.0019150158520756,3.461348953436206,0.0105621956418849,0.0117189280444969,27,0.0740065364826718,0.5185185185185185,0.6666666666666666,0.004499193979917,0.004499193979917,0.0072954031903744,1.8684435464413736,-0.0604126156846328,0.0,0.2617913938243926,1.4599105357748523,0.2552714502657555,421,390,134056,391933,811,0.0015394836750189,0.5191122071516646,0.0031306468764175,0.9990059211415084,0.501068284008963,0.0062237596830465,2.033569389021892,0.0012029275067278,0.0064745219213786,43,0.1175400864466333,0.5581395348837209,0.627906976744186,0.004628845524804,0.004628845524804,0.006130770258883,1.6376223625633315,-0.0524969633266211,0.0,0.3420517424990273,1.3399529878602856,BTCUSDT,SUBE,v4_63_moderado,63,0.5191122071516646,0.5699009311620392,0.1015774480207492,0.0009589873094012,0.00204481709290935,0.0021716595670163,0.0019150158520756,0.00406938776756105,0.0043087438309709,2.033569389021892,2.747459171229049,1.427779564414314,27,35.0,16,0.5185185185185185,0.5383290267011197,0.03962101636520243,0.627906976744186,0.6472868217054264,0.03875968992248058,0.004499193979917,0.0045640197523605,0.00012965154488699983,1.6376223625633315,1.7530329545023524,0.23082118387804207,-0.0604126156846328,-0.05645478950562695,0.007915652358011699,0.2617913938243926,0.30192156816170995,0.08026034867463472,1.3399529878602856,1.399931761817569,0.1199575479145667
0.93,0.1793201620299602,78,42,93771,429469,120,0.0002292876796086,0.65,0.0008311223348144,0.9999022143786772,0.5003666683567458,0.0016601219551128,3.624801542904027,0.011648635985506,0.012565787138572,24,0.0657835879845972,0.5416666666666666,0.7083333333333334,0.0054217599959425,0.0054217599959425,0.0075688204298058,2.0646633230660263,-0.0491131212359452,0.0,0.2617913938243926,1.4599105357748523,0.2552714502657555,380,368,134097,391955,748,0.001419893697798,0.5080213903743316,0.00282576202622,0.999061997384808,0.500943879705514,0.0056202625254205,1.990122239856614,0.0002034995345398,0.0058195382690884,42,0.1148065960641535,0.5952380952380952,0.6904761904761905,0.0061547180233805,0.0061547180233805,0.0079027820133568,1.9392502122045296,-0.0566562271246411,0.0,0.3420517424990273,1.3399529878602856,BTCUSDT,SUBE,v4_63_moderado,63,0.5080213903743316,0.5790106951871659,0.14197860962566844,0.0008311223348144,0.0018284421805172,0.0019946396914056,0.0016601219551128,0.00364019224026665,0.0039601405703076995,1.990122239856614,2.8074618913803207,1.6346793030474127,24,33.0,18,0.5416666666666666,0.5684523809523809,0.0535714285714286,0.6904761904761905,0.6994047619047619,0.017857142857142905,0.0054217599959425,0.0057882390096615,0.0007329580274379995,1.9392502122045296,2.001956767635278,0.12541311086149665,-0.0566562271246411,-0.05288467418029315,0.007543105888695903,0.2617913938243926,0.30192156816170995,0.08026034867463472,1.3399529878602856,1.399931761817569,0.1199575479145667
0.94,0.1793201620299602,62,33,93787,429478,95,0.0001815194130235,0.6526315789473685,0.0006606357020319,0.9999231684403892,0.5002919020712105,0.0013199352805926,3.6394768527943264,0.0118613910757308,0.0127175880200276,23,0.0630426051519056,0.6086956521739131,0.7391304347826086,0.0066690967917662,0.0066690967917662,0.0081223621356127,2.257704960532078,-0.0506028291648817,0.0,0.2617913938243926,1.4599105357748523,0.2552714502657555,329,346,134148,391977,675,0.0012813211845102,0.4874074074074074,0.0024465150174379,0.9991180736281076,0.5007822943227727,0.0048685923996685,1.9093690536093328,-0.0012682083865467,0.0042265198243065,35,0.0956721633867945,0.5714285714285714,0.6857142857142857,0.0053195033710615,0.0053195033710615,0.006130770258883,1.754439923825963,-0.0610579963609119,0.0,0.3420517424990273,1.3399529878602856,BTCUSDT,SUBE,v4_63_moderado,63,0.4874074074074074,0.5700194931773879,0.16522417153996105,0.0006606357020319,0.0015535753597349,0.001785879315406,0.0013199352805926,0.00309426384013055,0.0035486571190759004,1.9093690536093328,2.77442295320183,1.7301077991849936,23,29.0,12,0.5714285714285714,0.5900621118012422,0.037267080745341685,0.6857142857142857,0.7124223602484472,0.05341614906832293,0.0053195033710615,0.00599430008141385,0.0013495934207046999,1.754439923825963,2.00607244217902,0.5032650367061149,-0.0610579963609119,-0.0558304127628968,0.0104551671960302,0.2617913938243926,0.30192156816170995,0.08026034867463472,1.3399529878602856,1.399931761817569,0.1199575479145667
0.95,0.1793201620299602,59,30,93790,429481,89,0.0001700550290431,0.6629213483146067,0.0006286694583852,0.9999301531276266,0.5002794112930059,0.0012561476718686,3.696858963376621,0.0119081673423837,0.0127175880200276,23,0.0630426051519056,0.6086956521739131,0.7391304347826086,0.0066690967917662,0.0066690967917662,0.0081223621356127,2.257704960532078,-0.0506028291648817,0.0,0.2617913938243926,1.4599105357748523,0.2552714502657555,286,330,134191,391993,616,0.001169324221716,0.4642857142857143,0.0021267577355235,0.9991588563505072,0.5006428070430153,0.0042341201986779,1.8187921673276048,-0.0028918666142847,0.0005930527637314,31,0.0847382018568752,0.6129032258064516,0.7096774193548387,0.0062077929675125,0.0062077929675125,0.0065074914249703,1.9756097300159745,-0.0722864681041042,0.0,0.3420517424990273,1.3399529878602856,BTCUSDT,SUBE,v4_63_moderado,63,0.4642857142857143,0.5636035313001605,0.1986356340288924,0.0006286694583852,0.0013777135969543501,0.0014980882771383,0.0012561476718686,0.0027451339352732498,0.0029779725268093,1.8187921673276048,2.757825565352113,1.878066796049016,23,27.0,8,0.6086956521739131,0.6107994389901823,0.0042075736325385416,0.7096774193548387,0.7244039270687237,0.029453015427769902,0.0062077929675125,0.00643844487963935,0.00046130382425369973,1.9756097300159745,2.1166573452740263,0.2820952305161033,-0.0722864681041042,-0.06144464863449295,0.021683638939222503,0.2617913938243926,0.30192156816170995,0.08026034867463472,1.3399529878602856,1.399931761817569,0.1199575479145667
0.05,0.1793201620299602,93637,423622,212,5889,517259,0.988342632222562,0.1810253664025179,0.9977410521156326,0.0137109410469114,0.505725996581272,0.3064499237450663,1.0095092729855597,0.000495466944492,0.0001247680815521,2174,5.958896678271429,0.1757129714811407,0.5133394664213431,0.0004867245685289,0.0004867245685289,0.0001393300709974,1.1991560552578426,-0.2121205963841159,0.0,0.2464594157609555,1.37440995463621,0.2552714502657555,134176,387769,301,4554,521945,0.9907839787395596,0.2570692314324306,0.9977616990265994,0.0116077823630019,0.5046847406948006,0.4088101861302637,1.007042625271269,0.000435143605947,0.0003737190371715,2189,5.983610447248381,0.2503426222019186,0.5139333028780265,0.0004274526240683,0.0004274526240683,0.0002210964043278,1.123679273009332,-0.3042057165894366,0.0,0.3392605656695925,1.329018835895665,BTCUSDT,SUBE,v4_63_sin_pesos,63,0.1810253664025179,0.21904729891747426,0.0760438650299127,0.9977410521156326,0.997751375571116,2.0646910966815035e-05,0.3064499237450663,0.357630054937665,0.10236026238519741,1.007042625271269,1.0082759491284143,0.002466647714290726,2174,2181.5,15,0.1757129714811407,0.21302779684152967,0.0746296507207779,0.5133394664213431,0.5136363846496848,0.0005938364566834275,0.0004274526240683,0.00045708859629860004,5.9271944460600014e-05,1.123679273009332,1.1614176641335874,0.07547678224851073,-0.3042057165894366,-0.25816315648677624,0.09208512020532073,0.2464594157609555,0.292859990715274,0.092801149908637,1.329018835895665,1.3517143952659376,0.04539111874054513
0.06,0.1793201620299602,93481,420930,368,8581,514411,0.9829008712931824,0.1817243410424738,0.9960788074460036,0.0199785337278905,0.5080286705869471,0.3073718475651859,1.0134071873753483,0.0004965236655925,0.0001266421525289,2166,5.936968815609897,0.1823638042474607,0.5170821791320406,0.0004880125678335,0.0004880125678335,0.0001697261735361,1.1946008433876478,-0.2138546539716357,0.0,0.2464594157609555,1.37440995463621,0.2552714502657555,133588,384511,889,7812,518099,0.9834832953682612,0.2578426130913204,0.9933892041018166,0.0199121642116317,0.5066506841567242,0.4094174471632423,1.0100722694327475,0.000430974276404,0.0003717791060142,2183,5.967209504953503,0.2633989922125515,0.5180943655519926,0.0004301262643781,0.0004301262643781,0.0003069451422283,1.1252611861042257,-0.3038825857842204,0.0,0.3392605656695925,1.329018835895665,BTCUSDT,SUBE,v4_63_sin_pesos,63,0.1817243410424738,0.2197834770668971,0.07611827204884658,0.9933892041018166,0.9947340057739101,0.002689603344186997,0.3073718475651859,0.3583946473642141,0.10204559959805642,1.0100722694327475,1.011739728404048,0.003334917942600768,2166,2174.5,17,0.1823638042474607,0.22288139823000608,0.08103518796509077,0.5170821791320406,0.5175882723420167,0.0010121864199520436,0.0004301262643781,0.0004590694161058,5.788630345540002e-05,1.1252611861042257,1.1599310147459367,0.06933965728342217,-0.3038825857842204,-0.25886861987792803,0.0900279318125847,0.2464594157609555,0.292859990715274,0.092801149908637,1.329018835895665,1.3517143952659376,0.04539111874054513
0.07,0.1793201620299602,93094,417046,755,12465,510140,0.9747401406297768,0.1824871603873446,0.9919551620155782,0.0290213754711753,0.5104882687433768,0.3082638922232027,1.0176611392803403,0.0004961980587999,0.000126854027553,2158,5.915040952948365,0.1867469879518072,0.5083410565338277,0.0004920400441216,0.0004920400441216,9.710176564337036e-05,1.1990391319386051,-0.2154294433193927,0.0,0.2464594157609555,1.37440995463621,0.2552714502657555,132896,379244,1581,13079,512140,0.972171602126044,0.2594915452805873,0.9882433427277528,0.0333373266415683,0.5107903346846605,0.4110501270458401,1.016531793941071,0.0004317264756017,0.0003711639099114,2170,5.931674129981264,0.2608294930875576,0.5207373271889401,0.0004391602985429,0.0004391602985429,0.0002896329944656,1.1248377701003869,-0.3029495851369346,0.0,0.3392605656695925,1.329018835895665,BTCUSDT,SUBE,v4_63_sin_pesos,63,0.1824871603873446,0.22098935283396598,0.07700438489324271,0.9882433427277528,0.9900992523716655,0.0037118192878253797,0.3082638922232027,0.3596570096345214,0.10278623482263738,1.016531793941071,1.0170964666107056,0.0011293453392693387,2158,2164.0,12,0.1867469879518072,0.22378824051968238,0.0740825051357504,0.5083410565338277,0.5145391918613839,0.012396270655112396,0.0004391602985429,0.00046560017133225,5.287974557870005e-05,1.1248377701003869,1.161938451019496,0.07420136183821824,-0.3029495851369346,-0.25918951422816366,0.08752014181754189,0.2464594157609555,0.292859990715274,0.092801149908637,1.329018835895665,1.3517143952659376,0.04539111874054513
0.08,0.1793201620299602,92423,410851,1426,18660,503274,0.9616210638948334,0.1836435023466342,0.9848053788532642,0.0434447546162962,0.5141250667347802,0.3095610117178538,1.0241096163851984,0.000498279740872,0.000129754810683,2153,5.901336038784907,0.1857872735717603,0.5215977705527172,0.0004967042665971,0.0004967042665971,0.000228660486863,1.1995112487111554,-0.2104129031277583,0.0,0.2464594157609555,1.37440995463621,0.2552714502657555,131782,371860,2695,20463,503642,0.9560402429764616,0.2616580825268742,0.9799593982614128,0.0521585530290092,0.516058975645211,0.4130326788577052,1.0250189837307295,0.0004362168516564,0.0003819411712088,2156,5.893405264626547,0.2546382189239332,0.5217996289424861,0.0004374695493604,0.0004374695493604,0.0004217970277017,1.127302137048591,-0.3145922624715249,0.0,0.3392605656695925,1.329018835895665,BTCUSDT,SUBE,v4_63_sin_pesos,63,0.1836435023466342,0.22265079243675423,0.07801458018024002,0.9799593982614128,0.9823823885573385,0.004845980591851484,0.3095610117178538,0.3612968452877795,0.10347166713985145,1.0241096163851984,1.024564300057964,0.0009093673455311535,2153,2154.5,3,0.1857872735717603,0.22021274624784676,0.06885094535217287,0.5215977705527172,0.5216986997476016,0.00020185838976893855,0.0004374695493604,0.00046708690797875004,5.9234717236700013e-05,1.127302137048591,1.1634066928798732,0.0722091116625645,-0.3145922624715249,-0.26250258279964156,0.1041793593437666,0.2464594157609555,0.292859990715274,0.092801149908637,1.329018835895665,1.3517143952659376,0.04539111874054513
0.09,0.1793201620299602,91356,401173,2493,28338,492529,0.9410902629165392,0.1854834943729201,0.9734360515295848,0.0659773556439765,0.5197067035867806,0.3115942276142692,1.0343705485941406,0.0005045775255777,0.0001357271070785,2137,5.857480313461842,0.1904539073467477,0.518015910154422,0.0004890839464802,0.0004890839464802,0.0002235249666806,1.1918691364777572,-0.2104185385294253,0.0,0.2464594157609555,1.37440995463621,0.2552714502657555,130259,360659,4218,31664,490918,0.9318868640850416,0.2653375920214781,0.9686340415089568,0.080709007628918,0.5246715245689375,0.4165655305846704,1.039433088758038,0.0004482703341644,0.0004094541597966,2140,5.849669418506869,0.2588785046728972,0.5186915887850467,0.0004478535635631,0.0004478535635631,0.0003623777940751,1.1264121708900885,-0.3264437435466885,0.0,0.3392605656695925,1.329018835895665,BTCUSDT,SUBE,v4_63_sin_pesos,63,0.1854834943729201,0.2254105431971991,0.079854097648558,0.9686340415089568,0.9710350465192708,0.004802010020627967,0.3115942276142692,0.3640798790994698,0.10497130297040119,1.0343705485941406,1.0369018186760894,0.005062540163897511,2137,2138.5,3,0.1904539073467477,0.22466620600982246,0.0684245973261495,0.518015910154422,0.5183537494697343,0.0006756786306246765,0.0004478535635631,0.00046846875502165,4.123038291709995e-05,1.1264121708900885,1.1591406536839228,0.06545696558766867,-0.3264437435466885,-0.2684311410380569,0.11602520501726318,0.2464594157609555,0.292859990715274,0.092801149908637,1.329018835895665,1.3517143952659376,0.04539111874054513
0.1,0.1793201620299602,89834,388894,4015,40617,478728,0.9147202690308774,0.1876514429905917,0.9572185105861544,0.0945656805064363,0.5258920955462953,0.313788363835781,1.0464603693545598,0.0005059918153536,0.0001361299242911,2116,5.79991967397532,0.1866729678638941,0.5132325141776938,0.0005033483594901,0.0005033483594901,0.0001099971888209,1.1977478692482193,-0.2015653306057113,0.0,0.2464594157609555,1.37440995463621,0.2552714502657555,128359,346564,6118,45759,474923,0.9015242976461656,0.270273286406428,0.9545052313778564,0.1166360371428644,0.5355706342603604,0.4212635379061372,1.0587681706084036,0.0004709625068997,0.0004486655531468,2107,5.7594642358850345,0.2496440436639772,0.5320360702420504,0.0004555372094815,0.0004555372094815,0.0004846877834867,1.130394437881929,-0.3050364334153309,0.0,0.3392605656695925,1.329018835895665,BTCUSDT,SUBE,v4_63_sin_pesos,63,0.1876514429905917,0.22896236469850983,0.08262184341583631,0.9545052313778564,0.9558618709820054,0.002713279208298003,0.313788363835781,0.3675259508709591,0.10747517407035617,1.0464603693545598,1.0526142699814818,0.012307801253843786,2107,2111.5,9,0.1866729678638941,0.21815850576393564,0.0629710758000831,0.5132325141776938,0.5226342922098721,0.018803556064356575,0.0004555372094815,0.00047944278448580006,4.781115000860003e-05,1.130394437881929,1.1640711535650743,0.06735343136629024,-0.3050364334153309,-0.2533008820105211,0.10347110280961958,0.2464594157609555,0.292859990715274,0.092801149908637,1.329018835895665,1.3517143952659376,0.04539111874054513
0.11,0.1793201620299602,87854,374483,5995,55028,462337,0.8834014827269948,0.1900215643567354,0.9361207897793264,0.1281177897655706,0.5321192897724485,0.3159158986382253,1.059677630254356,0.0005066601699497,0.000135324731024,2080,5.701244291998424,0.1817307692307692,0.5120192307692307,0.0005143314193201,0.0005143314193201,0.0001733109302496,1.2063553337005946,-0.201377145077751,0.0,0.2464594157609555,1.37440995463621,0.2552714502657555,125616,330413,8861,61910,456029,0.8656586940015186,0.2754561661648711,0.9341076912780624,0.1578036464851665,0.5459556688816145,0.425452069919696,1.0790715760736342,0.0004858533609766,0.000482272354263,2065,5.64465763982088,0.2687651331719128,0.5113801452784503,0.0004370815452717,0.0004370815452717,0.0002262108005139,1.1214155563517925,-0.3303952786233521,0.0,0.3392605656695925,1.329018835895665,BTCUSDT,SUBE,v4_63_sin_pesos,63,0.1900215643567354,0.23273886526080326,0.08543460180813572,0.9341076912780624,0.9351142405286944,0.0020130985012640767,0.3159158986382253,0.37068398427896065,0.1095361712814707,1.059677630254356,1.069374603163995,0.019393945819278224,2065,2072.5,15,0.1817307692307692,0.225247951201341,0.08703436394114361,0.5113801452784503,0.5116996880238405,0.0006390854907804,0.0004370815452717,0.00047570648229590005,7.724987404840005e-05,1.1214155563517925,1.1638854450261935,0.08493977734880209,-0.3303952786233521,-0.26588621185055156,0.1290181335456011,0.2464594157609555,0.292859990715274,0.092801149908637,1.329018835895665,1.3517143952659376,0.04539111874054513
0.12,0.1793201620299602,85447,358483,8402,71028,443930,0.8482306634056863,0.1924785439145811,0.9104732069601168,0.1653694550314194,0.5379213309957681,0.3177773769522425,1.0733792660884525,0.000507415445138,0.0001313517263317,2035,5.577900064527304,0.1832923832923833,0.5027027027027027,0.0005181789601178,0.0005181789601178,4.558146006683472e-05,1.2046487388426843,-0.2038241502998258,0.0,0.2464594157609555,1.37440995463621,0.2552714502657555,121548,312292,12929,80031,433840,0.8235383447228549,0.2801678037986354,0.9038571651657904,0.2039926285229262,0.5539248968443583,0.4277471903884627,1.097528938339799,0.0004755799783867,0.000492416081754,2013,5.502516139931928,0.2687531048186786,0.5300546448087432,0.0004862054284836,0.0004862054284836,0.0004214546186069,1.1338487640632562,-0.32427512788288,0.0,0.3392605656695925,1.329018835895665,BTCUSDT,SUBE,v4_63_sin_pesos,63,0.1924785439145811,0.23632317385660823,0.08768925988405427,0.9038571651657904,0.9071651860629536,0.006616041794326399,0.3177773769522425,0.3727622836703526,0.1099698134362202,1.0733792660884525,1.0854541022141257,0.024149672251346566,2013,2024.0,22,0.1832923832923833,0.22602274405553094,0.0854607215262953,0.5027027027027027,0.516378673755723,0.027351942106040528,0.0004862054284836,0.0005021921943007,3.1973531634200015e-05,1.1338487640632562,1.1692487514529701,0.07079997477942812,-0.32427512788288,-0.26404963909135293,0.12045097758305418,0.2464594157609555,0.292859990715274,0.092801149908637,1.329018835895665,1.3517143952659376,0.04539111874054513
0.13,0.1793201620299602,82645,340275,11204,89236,422920,0.8080862121675328,0.1954152085500804,0.8806167353940905,0.2077618501039554,0.544189292749023,0.3198527775466407,1.0897559222449902,0.0005098986792739,0.0001305048579215,1980,5.427146008729269,0.1772727272727272,0.5060606060606061,0.0004743967841524,0.0004743967841524,0.0001263055048721,1.179624853341929,-0.2004655491692162,0.0,0.2464594157609555,1.37440995463621,0.2552714502657555,116351,292294,18126,100029,408645,0.7757118451025057,0.2847239046115822,0.8652111513493014,0.2549659336821955,0.5600885425157485,0.4284525392085019,1.1153770008951829,0.0004495594191312,0.0004912916101931,1940,5.3029713420109,0.2711340206185567,0.527319587628866,0.0005190997588695,0.0005190997588695,0.0005069848803087,1.1424282576103475,-0.3365000443401441,0.0,0.3392605656695925,1.329018835895665,BTCUSDT,SUBE,v4_63_sin_pesos,63,0.1954152085500804,0.2400695565808313,0.0893086960615018,0.8652111513493014,0.8729139433716959,0.015405584044789089,0.3198527775466407,0.3741526583775713,0.1085997616618612,1.0897559222449902,1.1025664615700865,0.025621078650192697,1940,1960.0,40,0.1772727272727272,0.22420337394564194,0.09386129334582949,0.5060606060606061,0.5166900968447361,0.021258981568259894,0.0004743967841524,0.00049674827151095,4.470297471709998e-05,1.1424282576103475,1.161026555476138,0.037196595731581406,-0.3365000443401441,-0.2684827967546801,0.1360344951709279,0.2464594157609555,0.292859990715274,0.092801149908637,1.329018835895665,1.3517143952659376,0.04539111874054513
0.14,0.1793201620299602,79473,319116,14376,110395,398589,0.7615962243962091,0.1993858335277692,0.8468177604449701,0.2570248491889614,0.5519213048169658,0.3227736283552447,1.111898580007174,0.0005302197266728,0.0001357486829098,1917,5.2544640902697015,0.1940532081377151,0.5200834637454356,0.0005012645980277,0.0005012645980277,0.0002691628686728,1.188805415681042,-0.2087663113707696,0.0,0.2464594157609555,1.37440995463621,0.2552714502657555,110360,270548,24117,121775,380908,0.7230599848139712,0.289728753399771,0.820660782141184,0.3103947512636271,0.5655277667024056,0.4282623669683829,1.13498298810205,0.0004256982240696,0.0004918913416211,1868,5.106160034472351,0.278372591006424,0.5374732334047109,0.0005302030961226,0.0005302030961226,0.0005992904463135,1.1410445660719284,-0.3500695455374903,0.0,0.3392605656695925,1.329018835895665,BTCUSDT,SUBE,v4_63_sin_pesos,63,0.1993858335277692,0.2445572934637701,0.0903429198720018,0.820660782141184,0.8337392712930771,0.02615697830378616,0.3227736283552447,0.3755179976618138,0.10548873861313818,1.111898580007174,1.123440784054612,0.023084408094875997,1868,1892.5,49,0.1940532081377151,0.23621289957206953,0.08431938286870888,0.5200834637454356,0.5287783485750732,0.0173897696592753,0.0005012645980277,0.00051573384707515,2.8938498094900015e-05,1.1410445660719284,1.1649249908764852,0.04776084960911353,-0.3500695455374903,-0.27941792845412994,0.14130323416672072,0.2464594157609555,0.292859990715274,0.092801149908637,1.329018835895665,1.3517143952659376,0.04539111874054513
0.15,0.1793201620299602,75899,296075,17950,133436,371974,0.7107421277896667,0.2040438310204476,0.8087353088471907,0.3106695754008628,0.5597024421240268,0.3258705559837105,1.1378744515430264,0.0005668493797163,0.0001595081618439,1848,5.065336274813984,0.1985930735930736,0.5037878787878788,0.0004891083684493,0.0004891083684493,5.9090285147389565e-05,1.1786643309406883,-0.2077252420503114,0.0,0.2464594157609555,1.37440995463621,0.2552714502657555,104182,247919,30295,144404,352101,0.6683769931662871,0.2958866916026935,0.774719840567532,0.3680742653374897,0.5713970529525109,0.4282232242312641,1.1591060860689857,0.0004080408481198,0.0005101152599351,1791,4.895681275021403,0.2802903405918481,0.5287548855388051,0.0004722952740519,0.0004722952740519,0.0006575216220048,1.1208752612693853,-0.378727110600901,0.0,0.3392605656695925,1.329018835895665,BTCUSDT,SUBE,v4_63_sin_pesos,63,0.2040438310204476,0.24996526131157054,0.09184286058224589,0.774719840567532,0.7917275747073613,0.034015468279658734,0.3258705559837105,0.37704689010748726,0.10235266824755357,1.1378744515430264,1.1484902688060061,0.02123163452595933,1791,1819.5,57,0.1985930735930736,0.23944170709246085,0.0816972669987745,0.5037878787878788,0.516271382163342,0.024967006750926335,0.0004722952740519,0.0004807018212506,1.681309439739996e-05,1.1208752612693853,1.1497697961050368,0.05778906967130304,-0.378727110600901,-0.2932261763256062,0.17100186855058958,0.2464594157609555,0.292859990715274,0.092801149908637,1.329018835895665,1.3517143952659376,0.04539111874054513
0.16,0.1793201620299602,71867,271255,21982,158256,343122,0.6556137266890859,0.2094502829897237,0.7657726773860137,0.3684562211445109,0.5671144492652623,0.328932583626831,1.1680241676043626,0.0006086714626197,0.0001980428088069,1777,4.870726493692884,0.1963984243106359,0.518289251547552,0.0005256651743085,0.0005256651743085,0.0002704189892548,1.1879280689655956,-0.2032796697331539,0.0,0.2464594157609555,1.37440995463621,0.2552714502657555,96860,224398,37617,167925,321258,0.6098291571753987,0.3015022193999838,0.7202718680517858,0.4280274161851332,0.5741496421184595,0.4250715876551066,1.181104346318787,0.0003777355062265,0.0005086206479965,1714,4.685202515570455,0.2882147024504084,0.5309218203033839,0.0004921941700913,0.0004921941700913,0.0005153124919083,1.1274363029779038,-0.3708283804811538,0.0,0.3392605656695925,1.329018835895665,BTCUSDT,SUBE,v4_63_sin_pesos,63,0.2094502829897237,0.25547625119485373,0.09205193641026008,0.7202718680517858,0.7430222727188998,0.045500809334227954,0.328932583626831,0.3770020856409688,0.09613900402827563,1.1680241676043626,1.1745642569615748,0.013080178714424351,1714,1745.5,63,0.1963984243106359,0.24230656338052214,0.09181627813977253,0.518289251547552,0.524605535925468,0.012632568755831852,0.0004921941700913,0.0005089296721999,3.347100421719992e-05,1.1274363029779038,1.1576821859717497,0.06049176598769179,-0.3708283804811538,-0.28705402510715383,0.1675487107479999,0.2464594157609555,0.292859990715274,0.092801149908637,1.329018835895665,1.3517143952659376,0.04539111874054513
0.17,0.1793201620299602,67423,245482,26426,184029,312905,0.5978771782329563,0.2154743452485578,0.7184200151306886,0.428461669200556,0.5734408421656223,0.3315173298848936,1.2016180601741655,0.0006508038145795,0.0002399889235882,1692,4.637742952914103,0.2062647754137115,0.5200945626477541,0.0005199143524815,0.0005199143524815,0.0003067207111924,1.184410565799493,-0.2170473700036813,0.0,0.2464594157609555,1.37440995463621,0.2552714502657555,89444,200908,45033,191415,290352,0.5511617312072893,0.3080536727833802,0.665124891245343,0.4879015505081272,0.5765132208767352,0.4210823649044675,1.206769000069043,0.0003910080319234,0.0005301340476655,1621,4.430987909999829,0.2991980259099321,0.5342381246144355,0.0005603819084113,0.0005603819084113,0.0006720416323979,1.137640383807623,-0.3048033723924662,0.0,0.3392605656695925,1.329018835895665,BTCUSDT,SUBE,v4_63_sin_pesos,63,0.2154743452485578,0.26176400901596897,0.0925793275348224,0.665124891245343,0.6917724531880158,0.05329512388534563,0.3315173298848936,0.37629984739468053,0.08956503501957391,1.2016180601741655,1.2041935301216042,0.005150939894877471,1621,1656.5,71,0.2062647754137115,0.2527314006618218,0.09293325049622062,0.5200945626477541,0.5271663436310948,0.014143561966681428,0.0005199143524815,0.0005401481304464,4.04675559298e-05,1.137640383807623,1.161025474803558,0.04677018199187,-0.3048033723924662,-0.26092537119807374,0.08775600238878489,0.2464594157609555,0.292859990715274,0.092801149908637,1.329018835895665,1.3517143952659376,0.04539111874054513
0.18,0.1793201620299602,62670,219989,31179,209522,282659,0.5400852185875878,0.2217159191817702,0.6677748297797526,0.4878152131144487,0.5777950214471006,0.3329012929340146,1.2364249322099463,0.0006881056511573,0.0002781019905635,1592,4.363644669644947,0.1991206030150753,0.5194723618090452,0.0005061630840168,0.0005061630840168,0.000254511623117,1.1763904490476191,-0.2228937950906142,0.0,0.2464594157609555,1.37440995463621,0.2552714502657555,82140,177582,52337,214741,259722,0.4930182232346241,0.3162612331646914,0.6108107706150494,0.5473576619265248,0.5790842162707871,0.4167438273562337,1.2389212849123603,0.000480931286957,0.0006139561315812,1521,4.157638871751844,0.3011176857330703,0.5180802103879028,0.0003991208762367,0.0003991208762367,0.0002694127206808,1.0952913584414343,-0.3590094821989499,0.0,0.3392605656695925,1.329018835895665,BTCUSDT,SUBE,v4_63_sin_pesos,63,0.2217159191817702,0.2689885761732308,0.09454531398292121,0.6108107706150494,0.639292800197401,0.05696405916470315,0.3329012929340146,0.37482256014512416,0.08384253442221912,1.2364249322099463,1.2376731085611534,0.0024963527024139953,1521,1556.5,71,0.1991206030150753,0.2501191443740728,0.10199708271799499,0.5180802103879028,0.5187762860984739,0.0013921514211424624,0.0003991208762367,0.00045264198012675,0.00010704220778010005,1.0952913584414343,1.1358409037445267,0.08109909060618481,-0.3590094821989499,-0.290951638644782,0.13611568710833571,0.2464594157609555,0.292859990715274,0.092801149908637,1.329018835895665,1.3517143952659376,0.04539111874054513
0.19,0.1793201620299602,57483,193754,36366,235757,251237,0.4800462396820544,0.2287998981041805,0.6125051945145926,0.5488963030050453,0.580700748759819,0.3331517360889749,1.275929574868181,0.0007385362704663,0.0003275346060782,1497,4.103251300539251,0.2044088176352705,0.501002004008016,0.0005603658940884,0.0005603658940884,3.302145356665065e-05,1.194980882039696,-0.202391363129461,0.0,0.2464594157609555,1.37440995463621,0.2552714502657555,74799,154935,59678,237388,229734,0.4360933940774487,0.3255895949228238,0.5562215099979922,0.605083056563087,0.5806522832805396,0.4107454195507549,1.2754641954039991,0.0006004329291412,0.0007433621156361,1428,3.903424266181219,0.3004201680672269,0.5217086834733894,0.0004143305857067,0.0004143305857067,0.0004189895626167,1.0978451749381823,-0.3254895488255167,0.0,0.3392605656695925,1.329018835895665,BTCUSDT,SUBE,v4_63_sin_pesos,63,0.2287998981041805,0.2771947465135022,0.0967896968186433,0.5562215099979922,0.5843633522562924,0.056283684516600374,0.3331517360889749,0.3719485778198649,0.07759368346177997,1.2754641954039991,1.2756968851360901,0.0004653794641817921,1428,1462.5,69,0.2044088176352705,0.2524144928512487,0.09601135043195638,0.501002004008016,0.5113553437407027,0.020706679465373412,0.0004143305857067,0.00048734823989755,0.00014603530838169993,1.0978451749381823,1.1464130284889391,0.09713570710151376,-0.3254895488255167,-0.26394045597748883,0.12309818569605568,0.2464594157609555,0.292859990715274,0.092801149908637,1.329018835895665,1.3517143952659376,0.04539111874054513
0.2,0.1793201620299602,51445,167631,42404,261880,219076,0.4185952308162641,0.2348271832606036,0.5481678014683161,0.6097166312387808,0.5789422163535485,0.3288008308700167,1.3095414403059116,0.0007859661888553,0.0003746941182619,1386,3.799002206110488,0.215007215007215,0.523088023088023,0.0006998696122383,0.0006998696122383,0.0003043254103514,1.2398177782017232,-0.2057509617483602,0.0,0.2464594157609555,1.37440995463621,0.2552714502657555,67198,133662,67279,258661,200860,0.3812832194381169,0.3345514288559195,0.4996988332577318,0.6593062349135789,0.5795025340856553,0.4007789179243566,1.3105712703384105,0.0007311798119264,0.0008918574490859,1326,3.624608247168275,0.3122171945701357,0.521870286576169,0.0004395138561273,0.0004395138561273,0.0003640205586,1.10060031432571,-0.3908886877150713,0.0,0.3392605656695925,1.329018835895665,BTCUSDT,SUBE,v4_63_sin_pesos,63,0.2348271832606036,0.28468930605826154,0.0997242455953159,0.4996988332577318,0.523933317363024,0.04846896821058433,0.3288008308700167,0.3647898743971867,0.07197808705433989,1.3095414403059116,1.310056355322161,0.0010298300324989018,1326,1356.0,60,0.215007215007215,0.26361220478867536,0.09720997956292068,0.521870286576169,0.522479154832096,0.001217736511854084,0.0004395138561273,0.0005696917341828,0.00026035575611099997,1.10060031432571,1.1702090462637167,0.1392174638760133,-0.3908886877150713,-0.29831982473171575,0.1851377259667111,0.2464594157609555,0.292859990715274,0.092801149908637,1.329018835895665,1.3517143952659376,0.04539111874054513
0.21,0.1793201620299602,45344,141858,48505,287653,187202,0.3576926016508713,0.2422196344056153,0.4831591173054588,0.669722079294826,0.5764405983001424,0.3226745323802441,1.350766314638652,0.0008327214890872,0.0004148564341139,1288,3.5303858885067165,0.2305900621118012,0.5085403726708074,0.0007412471280174,0.0007412471280174,0.000103401607739,1.2477161876444058,-0.1863056091872051,0.0,0.2464594157609555,1.37440995463621,0.2552714502657555,59578,115117,74899,277206,174695,0.3316154138192863,0.3410400984573113,0.4430348684161604,0.7065759590949294,0.574805413755545,0.3854035941158966,1.3359899749943234,0.0008389721028637,0.000993555727252,1222,3.340325247390371,0.3224222585924713,0.5335515548281505,0.0004658882789638,0.0004658882789638,0.0008089755271829,1.1033453298218523,-0.3628621799233787,0.0,0.3392605656695925,1.329018835895665,BTCUSDT,SUBE,v4_63_sin_pesos,63,0.2422196344056153,0.2916298664314633,0.098820464051696,0.4430348684161604,0.46309699286080963,0.040124248889298386,0.3226745323802441,0.35403906324807033,0.06272906173565251,1.3359899749943234,1.3433781448164877,0.014776339644328562,1222,1255.0,66,0.2305900621118012,0.27650616035213627,0.09183219648067012,0.5085403726708074,0.521045963749479,0.025011182157343104,0.0004658882789638,0.0006035677034905999,0.00027535884905359996,1.1033453298218523,1.175530758733129,0.14437085782255354,-0.3628621799233787,-0.2745838945552919,0.17655657073617362,0.2464594157609555,0.292859990715274,0.092801149908637,1.329018835895665,1.3517143952659376,0.04539111874054513
0.22,0.1793201620299602,39570,117812,54279,311699,157382,0.3007146132681137,0.2514264655424381,0.4216347537000927,0.7257066757312386,0.5736707147156657,0.3150088961951351,1.402109292654055,0.0009349639704386,0.0004903182122077,1165,3.193245000085656,0.2377682403433476,0.527038626609442,0.0008348224127796,0.0008348224127796,0.0003740574851542,1.268245194417822,-0.1805852798656347,0.0,0.2464594157609555,1.37440995463621,0.2552714502657555,52538,98695,81939,293628,151233,0.2870785876993166,0.3473977240417105,0.3906839087725038,0.7484343257978757,0.5695591172851898,0.3677715165727486,1.3608953280127687,0.0009564290814802,0.0010704086656818,1123,3.0697096995248665,0.3348174532502226,0.5262689225289403,0.0005112606518739,0.0005112606518739,0.0005441980608766,1.110583882654832,-0.3546714302331171,0.0,0.3392605656695925,1.329018835895665,BTCUSDT,SUBE,v4_63_sin_pesos,63,0.2514264655424381,0.2994120947920743,0.0959712584992724,0.3906839087725038,0.4061593312362982,0.030950844927588872,0.3150088961951351,0.34139020638394185,0.05276262037761348,1.3608953280127687,1.3815023103334119,0.04121396464128635,1123,1144.0,42,0.2377682403433476,0.2862928467967851,0.09704921290687502,0.5262689225289403,0.5266537745691912,0.0007697040805016986,0.0005112606518739,0.00067304153232675,0.0003235617609057001,1.110583882654832,1.1894145385363268,0.15766131176298992,-0.3546714302331171,-0.2676283550493759,0.1740861503674824,0.2464594157609555,0.292859990715274,0.092801149908637,1.329018835895665,1.3517143952659376,0.04539111874054513
0.23,0.1793201620299602,33707,96913,60142,332598,130620,0.2495796392540507,0.2580538967998775,0.3591620581998743,0.7743643352556745,0.5667631967277744,0.3003265484320775,1.439067943496296,0.00101678331903,0.0005610007426987,1042,2.856104111664595,0.2389635316698656,0.517274472168906,0.0008055849742331,0.0008055849742331,0.0002974989985029,1.250204814110682,-0.2381356561021467,0.0,0.2464594157609555,1.37440995463621,0.2552714502657555,45989,84495,88488,307828,130484,0.2476917236142748,0.3524493424481162,0.341984131115358,0.7846289919275699,0.563306561521464,0.3471378806692305,1.3806845304525508,0.0010532512718975,0.0010989848463529,1037,2.8346295266316,0.3355834136933462,0.5361620057859209,0.0005411563063978,0.0005411563063978,0.0008190350856065,1.1167711818218091,-0.3661265002113764,0.0,0.3392605656695925,1.329018835895665,BTCUSDT,SUBE,v4_63_sin_pesos,63,0.2580538967998775,0.30525161962399683,0.09439544564823871,0.341984131115358,0.35057309465761616,0.017177927084516265,0.3003265484320775,0.32373221455065404,0.046811332237153,1.3806845304525508,1.4098762369744233,0.05838341304374528,1037,1039.5,5,0.2389635316698656,0.2872734726816059,0.09661988202348062,0.517274472168906,0.5267182389774134,0.018887533617014896,0.0005411563063978,0.00067337064031545,0.0002644286678353,1.1167711818218091,1.1834879979662456,0.13343363228887295,-0.3661265002113764,-0.30213107815676155,0.12799084410922967,0.2464594157609555,0.292859990715274,0.092801149908637,1.329018835895665,1.3517143952659376,0.04539111874054513
0.24,0.1793201620299602,28194,78352,65655,351159,106546,0.2035807092632222,0.264618099224748,0.3004187577917719,0.8175785951931382,0.558998676492455,0.2813842660745029,1.475673991307996,0.001122407470224,0.0006158949124357,946,2.5929697597262065,0.2505285412262156,0.5274841437632135,0.0009178171474517,0.0009178171474517,0.0004101222701212,1.284771833908026,-0.2150321462869042,0.0,0.2464594157609555,1.37440995463621,0.2552714502657555,39941,72126,94536,320197,112067,0.2127315869400151,0.3564028661425754,0.2970098976033076,0.8161565852626534,0.5565832414329805,0.3240070737880459,1.3961720582992538,0.0010899644593774,0.0010880797440717,951,2.599549353738333,0.3354363827549947,0.5394321766561514,0.0005232517051444,0.0005232517051444,0.0007902711904408,1.1084810311335078,-0.3693733239626876,0.0,0.3392605656695925,1.329018835895665,BTCUSDT,SUBE,v4_63_sin_pesos,63,0.264618099224748,0.31051048268366166,0.09178476691782739,0.2970098976033076,0.29871432769753975,0.0034088601884643133,0.2813842660745029,0.3026956699312744,0.04262280771354299,1.3961720582992538,1.4359230248036248,0.07950193300874209,946,948.5,5,0.2505285412262156,0.2929824619906052,0.08490784152877912,0.5274841437632135,0.5334581602096824,0.011948032892937888,0.0005232517051444,0.0007205344262980499,0.0003945654423073,1.1084810311335078,1.196626432520767,0.17629080277451825,-0.3693733239626876,-0.2922027351247959,0.15434117767578343,0.2464594157609555,0.292859990715274,0.092801149908637,1.329018835895665,1.3517143952659376,0.04539111874054513
0.25,0.1793201620299602,23106,62500,70743,367011,85606,0.1635700091715071,0.2699109875476018,0.2462040085669533,0.854485682555278,0.5503448455611156,0.2575130255495806,1.5051904063219943,0.0012261023910378,0.0006681056043825,838,2.296943613795519,0.2720763723150358,0.548926014319809,0.0010126761846066,0.0010126761846066,0.001004368129197,1.3001519216752704,-0.1974415767071556,0.0,0.2464594157609555,1.37440995463621,0.2552714502657555,34510,61083,99967,331240,95593,0.1814597570235383,0.3610096973627776,0.2566238092759356,0.8443043104788657,0.5504640598774007,0.2999956534967617,1.414218852076647,0.0011369602878862,0.0011216884829117,866,2.3672026712275462,0.348729792147806,0.5381062355658198,0.0005054126571853,0.0005054126571853,0.0008792345174166,1.1019623212223664,-0.3516588185669904,0.0,0.3392605656695925,1.329018835895665,BTCUSDT,SUBE,v4_63_sin_pesos,63,0.2699109875476018,0.3154603424551897,0.09109870981517582,0.2462040085669533,0.25141390892144444,0.010419800708982296,0.2575130255495806,0.2787543395231712,0.042482627947181106,1.414218852076647,1.4597046291993205,0.09097155424534731,838,852.0,28,0.2720763723150358,0.3104030822314209,0.07665341983277019,0.5381062355658198,0.5435161249428144,0.010819778753989207,0.0005054126571853,0.00075904442089595,0.0005072635274213001,1.1019623212223664,1.2010571214488184,0.198189600452904,-0.3516588185669904,-0.274550197637073,0.1542172418598348,0.2464594157609555,0.292859990715274,0.092801149908637,1.329018835895665,1.3517143952659376,0.04539111874054513
0.26,0.1793201620299602,18601,49324,75248,380187,67925,0.1297863803118312,0.2738461538461538,0.1982013660241451,0.8851624289017045,0.5416818974629248,0.2299627875925674,1.5271353245844184,0.0012668994504966,0.0006761174984286,740,2.028327296191747,0.3067567567567567,0.5554054054054054,0.0013127622007911,0.0013127622007911,0.0009404568810497,1.3739248847569396,-0.1950139295552285,0.0,0.2464594157609555,1.37440995463621,0.2552714502657555,29812,51669,104665,340654,81481,0.154671602126044,0.3658767074532713,0.2216884671728251,0.8682998447707628,0.5449941559717939,0.276090721343965,1.433284870173958,0.0011795934312126,0.0011961294243247,782,2.137589479099239,0.3427109974424552,0.5460358056265985,0.0003657133086163,0.0003657133086163,0.0008438459875634,1.071356807167418,-0.3642752896630632,0.0,0.3392605656695925,1.329018835895665,BTCUSDT,SUBE,v4_63_sin_pesos,63,0.2738461538461538,0.3198614306497125,0.09203055360711748,0.1982013660241451,0.20994491659848508,0.023487101148679995,0.2299627875925674,0.2530267544682662,0.04612793375139759,1.433284870173958,1.4802100973791883,0.09385045441046036,740,761.0,42,0.3067567567567567,0.32473387709960594,0.035954240685698524,0.5460358056265985,0.5507206055160019,0.009369599778806914,0.0003657133086163,0.0008392377547037,0.0009470488921748,1.071356807167418,1.2226408459621787,0.30256807758952164,-0.3642752896630632,-0.27964460960914583,0.1692613601078347,0.2464594157609555,0.292859990715274,0.092801149908637,1.329018835895665,1.3517143952659376,0.04539111874054513
0.27,0.1793201620299602,15004,38638,78845,390873,53642,0.1024954142464078,0.2797062003653853,0.1598738398917409,0.9100418848411332,0.534957862366437,0.2034564820904326,1.5598145640681105,0.0013155147442458,0.0006681925124805,644,1.7651929442533585,0.3027950310559006,0.5403726708074534,0.0011506218754253,0.0011506218754253,0.0010968748050873,1.31308757073558,-0.1996878473287342,0.0,0.2464594157609555,1.37440995463621,0.2552714502657555,25881,43426,108596,348897,69307,0.1315622627182991,0.3734254837173734,0.192456702633164,0.8893105935670353,0.5408836481000997,0.2540042397833,1.4628564350953126,0.0012229667343675,0.0013163096984609,722,1.9735800561504484,0.3559556786703601,0.53601108033241,0.0006451758762717,0.0006451758762717,0.0009941951888887,1.1238000981837746,-0.288606016517025,0.0,0.3392605656695925,1.329018835895665,BTCUSDT,SUBE,v4_63_sin_pesos,63,0.2797062003653853,0.32656584204137934,0.09371928335198809,0.1598738398917409,0.17616527126245246,0.03258286274142311,0.2034564820904326,0.2287303609368663,0.0505477576928674,1.4628564350953126,1.5113354995817114,0.09695812897279787,644,683.0,78,0.3027950310559006,0.32937535486313035,0.05316064761445949,0.53601108033241,0.5381918755699318,0.004361590475043475,0.0006451758762717,0.0008978988758485,0.0005054459991536001,1.1238000981837746,1.2184438344596773,0.18928747255180545,-0.288606016517025,-0.24414693192287962,0.08891816918829079,0.2464594157609555,0.292859990715274,0.092801149908637,1.329018835895665,1.3517143952659376,0.04539111874054513
0.28,0.1793201620299602,12176,29933,81673,399578,42109,0.08045895750535,0.2891543375525422,0.1297403275474432,0.930309118974834,0.5300247232611387,0.179114138189735,1.612503213688995,0.001430596552852,0.000715176069379,563,1.5431733348053427,0.3108348134991119,0.5293072824156305,0.0011921334356708,0.0011921334356708,0.000678664295735,1.3138731167887578,-0.1837079567809078,0.0,0.2464594157609555,1.37440995463621,0.2552714502657555,22472,36557,112005,355766,59029,0.112052012148823,0.3806942350370157,0.1671066427716263,0.9068191260772374,0.5369628844244319,0.232261531942162,1.4913310307152887,0.0012999887784988,0.001422141727305,664,1.8150376139666171,0.3704819277108434,0.5436746987951807,0.0007315794419125,0.0007315794419125,0.0013080095489588,1.1409878833460487,-0.2200228295254533,0.0,0.3392605656695925,1.329018835895665,BTCUSDT,SUBE,v4_63_sin_pesos,63,0.2891543375525422,0.334924286294779,0.0915398974844735,0.1297403275474432,0.14842348515953474,0.0373663152241831,0.179114138189735,0.2056878350659485,0.053147393752427,1.4913310307152887,1.5519171222021417,0.12117218297370624,563,613.5,101,0.3108348134991119,0.3406583706049776,0.05964711421173147,0.5293072824156305,0.5364909906054056,0.01436741637955019,0.0007315794419125,0.00096185643879165,0.0004605539937583,1.1409878833460487,1.2274305000674033,0.17288523344270912,-0.2200228295254533,-0.20186539315318053,0.03631487274454551,0.2464594157609555,0.292859990715274,0.092801149908637,1.329018835895665,1.3517143952659376,0.04539111874054513
0.29,0.1793201620299602,9809,23141,84040,406370,32950,0.0629585753592173,0.2976934749620637,0.1045189613101897,0.946122450880187,0.5253207060951883,0.1547173084961237,1.660122719007615,0.0015207948808193,0.0007847219421327,490,1.3430815880188596,0.3081632653061224,0.5530612244897959,0.0011912019684167,0.0011912019684167,0.0012401190146409,1.308355957973847,-0.1414314478558195,0.0,0.2464594157609555,1.37440995463621,0.2552714502657555,19478,30752,114999,361571,50230,0.0953492786636294,0.3877762293450129,0.1448426124913554,0.9216156075478624,0.5332291100196088,0.210907004065899,1.519074024695322,0.0014242515137028,0.0015679263672068,601,1.6428277198703871,0.3777038269550749,0.5557404326123128,0.000704858459461,0.000704858459461,0.0015621310460582,1.131778116787023,-0.2485280610092843,0.0,0.3392605656695925,1.329018835895665,BTCUSDT,SUBE,v4_63_sin_pesos,63,0.2976934749620637,0.34273485215353827,0.09008275438294916,0.1045189613101897,0.12468078690077256,0.04032365118116571,0.1547173084961237,0.18281215628101133,0.056189695569775294,1.519074024695322,1.5895983718514686,0.14104869431229305,490,545.5,111,0.3081632653061224,0.3429335461305987,0.06954056164895245,0.5530612244897959,0.5544008285510543,0.002679208122516874,0.000704858459461,0.00094803021393885,0.00048634350895569993,1.131778116787023,1.220067037380435,0.17657784118682418,-0.2485280610092843,-0.1949797544325519,0.1070966131534648,0.2464594157609555,0.292859990715274,0.092801149908637,1.329018835895665,1.3517143952659376,0.04539111874054513
0.3,0.1793201620299602,7793,17681,86056,411830,25474,0.0486739529195964,0.3059197613252728,0.0830376455796012,0.958834581652158,0.5209361136158797,0.1306202492394592,1.7059975736256623,0.0016074002446498,0.0008819553982853,431,1.181363600890058,0.334106728538283,0.5522041763341067,0.0013058928656569,0.0013058928656569,0.0014072382224148,1.3189500436717718,-0.1388829114952804,0.0,0.2464594157609555,1.37440995463621,0.2552714502657555,16865,26094,117612,366229,42959,0.0815470766894457,0.3925836262482832,0.125411780453163,0.933488477606462,0.5294501290298125,0.1900967109267567,1.5379065141815749,0.0015416840331666,0.0016200923135731,543,1.484285277686556,0.3720073664825046,0.5432780847145487,0.0004708360506642,0.0004708360506642,0.0008802336246482,1.085088654649714,-0.2512770939560927,0.0,0.3392605656695925,1.329018835895665,BTCUSDT,SUBE,v4_63_sin_pesos,63,0.3059197613252728,0.349251693786778,0.08666386492301037,0.0830376455796012,0.1042247130163821,0.042374134873561814,0.1306202492394592,0.16035848008310793,0.059476461687297505,1.5379065141815749,1.6219520439036186,0.16809105944408742,431,487.0,112,0.334106728538283,0.3530570475103938,0.037900637944221605,0.5432780847145487,0.5477411305243277,0.00892609161955793,0.0004708360506642,0.0008883644581605501,0.0008350568149927,1.085088654649714,1.202019349160743,0.23386138902205778,-0.2512770939560927,-0.19508000272568654,0.11239418246081231,0.2464594157609555,0.292859990715274,0.092801149908637,1.329018835895665,1.3517143952659376,0.04539111874054513
0.31,0.1793201620299602,6101,13400,87748,416111,19501,0.0372611586670742,0.3128557509871288,0.0650086841628573,0.9688017303398516,0.5169052072513545,0.1076488751654168,1.7446769367454502,0.0017428371253345,0.0009793436788352,385,1.0552783905862468,0.348051948051948,0.5662337662337662,0.0014037883553752,0.0014037883553752,0.0015613563217888,1.3545961814999583,-0.1147330257549589,0.0,0.2464594157609555,1.37440995463621,0.2552714502657555,14736,22265,119741,370058,37001,0.0702372817008352,0.3982595064998243,0.1095800768904719,0.9432482928607296,0.5264141848756008,0.1718704440219736,1.560141199045989,0.0016976775317929,0.0017602680813451,492,1.3448772681800838,0.3678861788617886,0.5365853658536586,0.000718730742644,0.000718730742644,0.0008606074059032,1.1271719911700642,-0.2486799166325151,0.0,0.3392605656695925,1.329018835895665,BTCUSDT,SUBE,v4_63_sin_pesos,63,0.3128557509871288,0.3555576287434765,0.08540375551269547,0.0650086841628573,0.0872943805266646,0.04457139272761461,0.1076488751654168,0.13975965959369518,0.0642215688565568,1.560141199045989,1.6524090678957197,0.1845357376994612,385,438.5,107,0.348051948051948,0.3579690634568683,0.01983423080984059,0.5365853658536586,0.5514095660437124,0.02964840038010763,0.000718730742644,0.0010612595490096,0.0006850576127312,1.1271719911700642,1.2408840863350112,0.22742419032989414,-0.2486799166325151,-0.181706471193737,0.13394689087755618,0.2464594157609555,0.292859990715274,0.092801149908637,1.329018835895665,1.3517143952659376,0.04539111874054513
0.32,0.1793201620299602,4781,10232,89068,419279,15013,0.0286857994497095,0.318457336974622,0.0509435369583053,0.9761775600624896,0.5135605485103976,0.0878359758226011,1.7759148406380263,0.0017713563937114,0.001075697914898,349,0.956603008609351,0.3610315186246418,0.5873925501432665,0.0014734307606359,0.0014734307606359,0.0022486320109438,1.3662137184465235,-0.1155632882402726,0.0,0.2464594157609555,1.37440995463621,0.2552714502657555,12948,19107,121529,373216,32055,0.0608485193621867,0.4039307440336921,0.0962841229355205,0.9512977826943616,0.523790952814941,0.1555016453294261,1.5823576965350878,0.0018998369090929,0.0019068858441899,443,1.2109362394385714,0.3679458239277652,0.5372460496613995,0.0005511170408617,0.0005511170408617,0.0011787167398984,1.0940556089506046,-0.2894052772176522,0.0,0.3392605656695925,1.329018835895665,BTCUSDT,SUBE,v4_63_sin_pesos,63,0.318457336974622,0.36119404050415704,0.08547340705907014,0.0509435369583053,0.0736138299469129,0.04534058597721519,0.0878359758226011,0.12166881057601359,0.067665669506825,1.5823576965350878,1.6791362685865572,0.19355714410293845,349,396.0,94,0.3610315186246418,0.3644886712762035,0.006914305303123425,0.5372460496613995,0.562319299902333,0.050146500481866974,0.0005511170408617,0.0010122739007488,0.0009223137197741999,1.0940556089506046,1.2301346636985642,0.2721581094959189,-0.2894052772176522,-0.2024842827289624,0.1738419889773796,0.2464594157609555,0.292859990715274,0.092801149908637,1.329018835895665,1.3517143952659376,0.04539111874054513
0.33,0.1793201620299602,3779,7825,90070,421686,11604,0.0221721186181595,0.3256635642881765,0.0402668115803045,0.9817816074559208,0.5110242095181127,0.0716717400168795,1.8161012158452408,0.0018637080005248,0.0011771743342836,309,0.8469636953016889,0.372168284789644,0.6084142394822006,0.0019637931040295,0.0019637931040295,0.0023816524422375,1.5006925453067257,-0.1030775542271738,0.0,0.2464594157609555,1.37440995463621,0.2552714502657555,11344,16396,123133,375927,27740,0.0526575550493545,0.4089401586157173,0.0843564326985283,0.9582079052209532,0.5212821689597408,0.1398620366546046,1.6019815697759463,0.0021009771927647,0.0020940243213209,413,1.128931527964176,0.3559322033898305,0.5326876513317191,0.0005287817572715,0.0005287817572715,0.0012197071987898,1.087772256525314,-0.3013379542492942,0.0,0.3392605656695925,1.329018835895665,BTCUSDT,SUBE,v4_63_sin_pesos,63,0.3256635642881765,0.3673018614519469,0.08327659432754081,0.0402668115803045,0.0623116221394164,0.0440896211182238,0.0716717400168795,0.10576688833574205,0.06819029663772509,1.6019815697759463,1.7090413928105934,0.21411964606929446,309,361.0,104,0.3559322033898305,0.36405024408973724,0.016236081399813473,0.5326876513317191,0.5705509454069599,0.0757265881504815,0.0005287817572715,0.0012462874306505,0.0014350113467579998,1.087772256525314,1.29423240091602,0.4129202887814116,-0.3013379542492942,-0.202207754238234,0.19826040002212042,0.2464594157609555,0.292859990715274,0.092801149908637,1.329018835895665,1.3517143952659376,0.04539111874054513
0.34,0.1793201620299602,3021,6038,90828,423473,9059,0.0173093090797921,0.3334805166133127,0.032190007352236,0.9859421528203004,0.5090660800862682,0.0587126365297158,1.859693370997489,0.0019394729891224,0.0013376196645968,276,0.7565112618228678,0.3840579710144927,0.605072463768116,0.0022891189646109,0.0022891189646109,0.0023396130941215,1.5689962177232464,-0.1019271052405478,0.0,0.2464594157609555,1.37440995463621,0.2552714502657555,10054,14089,124423,378234,24143,0.0458295368261199,0.4164354057076585,0.0747637142410969,0.9640882640069536,0.5194259891240253,0.1267683772538141,1.6313434395978088,0.002376083620922,0.0023524855586456,377,1.0305258741949015,0.3713527851458886,0.5411140583554377,0.0006816729533275,0.0006816729533275,0.001492927325579,1.1119033720897096,-0.2551905577099801,0.0,0.3392605656695925,1.329018835895665,BTCUSDT,SUBE,v4_63_sin_pesos,63,0.3334805166133127,0.37495796116048563,0.08295488909434584,0.032190007352236,0.05347686079666645,0.042573706888860904,0.0587126365297158,0.09274050689176494,0.0680557407240983,1.6313434395978088,1.745518405297649,0.22834993139968018,276,326.5,101,0.3713527851458886,0.37770537808019067,0.012705185868604085,0.5411140583554377,0.5730932610617768,0.06395840541267828,0.0006816729533275,0.0014853959589692,0.0016074460112834,1.1119033720897096,1.340449794906478,0.4570928456335368,-0.2551905577099801,-0.17855883147526397,0.15326345246943232,0.2464594157609555,0.292859990715274,0.092801149908637,1.329018835895665,1.3517143952659376,0.04539111874054513
0.35,0.1793201620299602,2488,4690,91361,424821,7178,0.013715224701926,0.3466146558930064,0.0265106713976707,0.989080605618948,0.5077956385083094,0.0492541597790689,1.9329374453447965,0.0021706075207377,0.001551636842997,251,0.6879866910055791,0.3824701195219123,0.5856573705179283,0.0022327849920648,0.0022327849920648,0.0020685266340467,1.5473542543821304,-0.1144567135651374,0.0,0.2464594157609555,1.37440995463621,0.2552714502657555,8891,12051,125586,380272,20942,0.0397532270311313,0.4245535287938115,0.0661153951976918,0.9692829632726097,0.5176991792351506,0.1144132956717003,1.6631453629139548,0.0026637071321254,0.0026061912256082,347,0.9485211627205064,0.3688760806916426,0.5360230547550432,0.0002721777445014,0.0002721777445014,0.001492927325579,1.0439891071014709,-0.2443617830889081,0.0,0.3392605656695925,1.329018835895665,BTCUSDT,SUBE,v4_63_sin_pesos,63,0.3466146558930064,0.38558409234340896,0.07793887290080509,0.0265106713976707,0.04631303329768125,0.0396047238000211,0.0492541597790689,0.08183372772538461,0.0651591358926314,1.6631453629139548,1.7980414041293757,0.26979208243084174,251,299.0,96,0.3688760806916426,0.37567310010677746,0.013594038830269661,0.5360230547550432,0.5608402126364858,0.04963431576288513,0.0002721777445014,0.0012524813682831,0.0019606072475634,1.0439891071014709,1.2956716807418007,0.5033651472806595,-0.2443617830889081,-0.17940924832702276,0.1299050695237707,0.2464594157609555,0.292859990715274,0.092801149908637,1.329018835895665,1.3517143952659376,0.04539111874054513
0.36,0.1793201620299602,2070,3619,91779,425892,5689,0.0108701467441149,0.3638600808577957,0.0220567081162292,0.9915741389626808,0.506815423539455,0.0415921557596093,2.0291085884531106,0.0022748438702535,0.0017499395430704,225,0.6167211373555987,0.3911111111111111,0.5777777777777777,0.0025223788319011,0.0025223788319011,0.0020444827620575,1.6404933475727124,-0.0878063800080615,0.0,0.2464594157609555,1.37440995463621,0.2552714502657555,7947,10242,126530,382081,18189,0.0345273348519362,0.4369124195942602,0.0590956074272924,0.9738939598239206,0.5164947836256065,0.1041096249328599,1.7115600633733377,0.0030568674424195,0.0029857822184775,317,0.866516451246111,0.3753943217665615,0.5394321766561514,0.0005565418522592,0.0005565418522592,0.0016795195809267,1.0896754136918034,-0.2168827586617631,0.0,0.3392605656695925,1.329018835895665,BTCUSDT,SUBE,v4_63_sin_pesos,63,0.3638600808577957,0.4003862502260279,0.0730523387364645,0.0220567081162292,0.040576157771760796,0.037038899311063196,0.0415921557596093,0.0728508903462346,0.0625174691732506,1.7115600633733377,1.8703343259132241,0.31754852507977294,225,271.0,92,0.3753943217665615,0.3832527164388363,0.015716789344549564,0.5394321766561514,0.5586049772169646,0.03834560112162633,0.0005565418522592,0.00153946034208015,0.0019658369796419,1.0896754136918034,1.365084380632258,0.5508179338809089,-0.2168827586617631,-0.1523445693349123,0.12907637865370158,0.2464594157609555,0.292859990715274,0.092801149908637,1.329018835895665,1.3517143952659376,0.04539111874054513
0.37,0.1793201620299602,1759,2850,92090,426661,4609,0.0088065576276368,0.3816446083749186,0.0187428741915204,0.9933645471245208,0.5060537106580205,0.0357309715817912,2.12828610042832,0.0023916346194023,0.0019198418090731,193,0.5290096867094691,0.3937823834196891,0.6010362694300518,0.0030626126050618,0.0030626126050618,0.0020444827620575,1.789223851776503,-0.0763640470936162,0.0,0.2464594157609555,1.37440995463621,0.2552714502657555,7062,8683,127415,383640,15745,0.0298880030372057,0.448523340743093,0.0525145563925429,0.977867726337737,0.51519114136514,0.0940208491432679,1.75704466863078,0.0034010823302265,0.0033376844559107,290,0.7927122109191551,0.3931034482758621,0.5448275862068965,0.0007736879582632,0.0007736879582632,0.0016919112012201,1.1238295899900643,-0.221472720416456,0.0,0.3392605656695925,1.329018835895665,BTCUSDT,SUBE,v4_63_sin_pesos,63,0.3816446083749186,0.4150839745590058,0.06687873236817443,0.0187428741915204,0.03562871529203165,0.0337716822010225,0.0357309715817912,0.06487591036252954,0.0582898775614767,1.75704466863078,1.9426653845295498,0.3712414317975401,193,241.5,97,0.3931034482758621,0.3934429158477756,0.0006789351438269975,0.5448275862068965,0.5729319278184741,0.05620868322315531,0.0007736879582632,0.0019181502816625,0.0022889246467986,1.1238295899900643,1.4565267208832835,0.6653942617864386,-0.221472720416456,-0.1489183837550361,0.14510867332283978,0.2464594157609555,0.292859990715274,0.092801149908637,1.329018835895665,1.3517143952659376,0.04539111874054513
0.38,0.1793201620299602,1466,2253,92383,427258,3719,0.0071060073372057,0.3941919870933046,0.0156208377286918,0.9947544998847526,0.5051876688067223,0.0300508363397835,2.1982580354095616,0.0025070029712313,0.0021517239736672,172,0.4714490472229466,0.4011627906976744,0.6337209302325582,0.0034782589352882,0.0034782589352882,0.0027980442252144,1.922474040659511,-0.0730100834507133,0.0,0.2464594157609555,1.37440995463621,0.2552714502657555,6290,7452,128187,384871,13742,0.026085801063022,0.4577208557706302,0.046773797749801,0.9810054470423604,0.5138896223960808,0.0848744088139847,1.7930750003343918,0.0036999719421282,0.003641310636254,266,0.7271084417396388,0.3984962406015037,0.5375939849624061,0.0011109551584987,0.0011109551584987,0.0015862234532528,1.173999996459255,-0.213850253228203,0.0,0.3392605656695925,1.329018835895665,BTCUSDT,SUBE,v4_63_sin_pesos,63,0.3941919870933046,0.42595642143196744,0.0635288686773256,0.0156208377286918,0.0311973177392464,0.031152960021109198,0.0300508363397835,0.0574626225768841,0.05482357247420119,1.7930750003343918,1.9956665178719768,0.40518303507516973,172,219.0,94,0.3984962406015037,0.399829515649589,0.002666550096170728,0.5375939849624061,0.5856574575974821,0.09612694527015209,0.0011109551584987,0.00229460704689345,0.0023673037767895,1.173999996459255,1.548237018559383,0.7484740442002562,-0.213850253228203,-0.14343016833945815,0.1408401697774897,0.2464594157609555,0.292859990715274,0.092801149908637,1.329018835895665,1.3517143952659376,0.04539111874054513
0.39,0.1793201620299602,1192,1756,92657,427755,2948,0.0056328339957199,0.4043419267299864,0.0127012541422924,0.9959116297370731,0.5043064419396828,0.0246288624647458,2.254860369033295,0.0025806048073762,0.0022882915642146,152,0.4166293905691156,0.4078947368421052,0.6381578947368421,0.0033118548111382,0.0033118548111382,0.0029786039776781,1.846289808568954,-0.0780482463478393,0.0,0.2464594157609555,1.37440995463621,0.2552714502657555,5631,6367,128846,385956,11998,0.0227752467729688,0.4693282213702284,0.0418733314990667,0.9837710254050872,0.5128221784520769,0.0768868407578085,1.838545677088545,0.0040791131451484,0.0040104476156811,247,0.6751721244725218,0.4048582995951417,0.5506072874493927,0.0011707042536882,0.0011707042536882,0.0026642128059011,1.1777637075182965,-0.1955665791628051,0.0,0.3392605656695925,1.329018835895665,BTCUSDT,SUBE,v4_63_sin_pesos,63,0.4043419267299864,0.4368350740501074,0.06498629464024197,0.0127012541422924,0.02728729282067955,0.029172077356774295,0.0246288624647458,0.05075785161127715,0.052257978293062696,1.838545677088545,2.0467030230609202,0.4163146919447498,152,199.5,95,0.4048582995951417,0.4063765182186234,0.003036437246963508,0.5506072874493927,0.5943825910931174,0.08755060728744946,0.0011707042536882,0.0022412795324132,0.00214115055745,1.1777637075182965,1.5120267580436253,0.6685261010506576,-0.1955665791628051,-0.1368074127553222,0.11751833281496579,0.2464594157609555,0.292859990715274,0.092801149908637,1.329018835895665,1.3517143952659376,0.04539111874054513
0.4,0.1793201620299602,998,1425,92851,428086,2423,0.0046297003974319,0.4118860916219563,0.0106341037198052,0.9966822735622604,0.5036581886410327,0.020732923383746,2.296931292941502,0.0027305236705493,0.0024392609970973,134,0.3672916995806677,0.4328358208955223,0.6268656716417911,0.003617610935408,0.003617610935408,0.0031546175943766,1.891631670365451,-0.0717203164082791,0.0,0.2464594157609555,1.37440995463621,0.2552714502657555,5022,5477,129455,386846,10499,0.0199297646165527,0.478331269644728,0.0373446760412561,0.986039564338568,0.5116921201899121,0.0692804326233307,1.8738142050227384,0.0043601720132984,0.0042786327145583,222,0.6068348649105256,0.4009009009009009,0.5315315315315315,0.0012889539991292,0.0012889539991292,0.001974175625226,1.1948608748049503,-0.1692365630111032,0.0,0.3392605656695925,1.329018835895665,BTCUSDT,SUBE,v4_63_sin_pesos,63,0.4118860916219563,0.44510868063334214,0.06644517802277172,0.0106341037198052,0.02398938988053065,0.026710572321450902,0.020732923383746,0.045006678003538345,0.048547509239584695,1.8738142050227384,2.0853727489821203,0.42311708791876357,134,178.0,88,0.4009009009009009,0.4168683608982116,0.03193491999462139,0.5315315315315315,0.5791986015866613,0.09533414011025954,0.0012889539991292,0.0024532824672686,0.0023286569362788003,1.1948608748049503,1.5432462725852005,0.6967707955605007,-0.1692365630111032,-0.12047843970969116,0.09751624660282411,0.2464594157609555,0.292859990715274,0.092801149908637,1.329018835895665,1.3517143952659376,0.04539111874054513
0.41,0.1793201620299602,841,1165,93008,428346,2006,0.0038329257107918,0.4192422731804586,0.0089612036356274,0.9972876131228304,0.5031244083792289,0.0175473371237807,2.3379539056540275,0.0029655031612923,0.0026220178543101,120,0.328917939922986,0.4333333333333333,0.6416666666666667,0.0033768109042578,0.0033768109042578,0.0031546175943766,1.8254048950040915,-0.0845051194834108,0.0,0.2464594157609555,1.37440995463621,0.2552714502657555,4517,4788,129960,387535,9305,0.0176632498101746,0.4854379365932294,0.0335893870327267,0.9877957703219032,0.510692578677315,0.0628312306130113,1.9016538515680248,0.004692527390083,0.0045422183312104,198,0.5412310957310094,0.398989898989899,0.5202020202020202,0.0008300244085013,0.0008300244085013,0.0014693549638989,1.1210904384016245,-0.1965274075024622,0.0,0.3392605656695925,1.329018835895665,BTCUSDT,SUBE,v4_63_sin_pesos,63,0.4192422731804586,0.452340104886844,0.06619566341277083,0.0089612036356274,0.02127529533417705,0.024628183397099303,0.0175473371237807,0.040189283868396,0.04528389348923059,1.9016538515680248,2.1198038786110263,0.4363000540860027,120,159.0,78,0.398989898989899,0.4161616161616162,0.03434343434343429,0.5202020202020202,0.5809343434343435,0.1214646464646465,0.0008300244085013,0.0021034176563795503,0.0025467864957565,1.1210904384016245,1.473247666702858,0.704314456602467,-0.1965274075024622,-0.1405162634929365,0.1120222880190514,0.2464594157609555,0.292859990715274,0.092801149908637,1.329018835895665,1.3517143952659376,0.04539111874054513
0.42,0.1793201620299602,726,984,93123,428527,1710,0.0032673494344237,0.4245614035087719,0.0077358309625035,0.9977090225861504,0.502722426774327,0.0151948011176341,2.367616662301685,0.0031678212453519,0.0028560954957078,109,0.2987671287633789,0.4403669724770642,0.6697247706422018,0.0041225374616351,0.0041225374616351,0.0032053626602071,2.072268574702333,-0.0713244991014538,0.0,0.2464594157609555,1.37440995463621,0.2552714502657555,4059,4169,130418,388154,8228,0.0156188306757782,0.4933155080213903,0.0301836001695457,0.9893735518947396,0.5097785760321427,0.0568865842121859,1.932513438176554,0.0049937207196267,0.0047623886292894,187,0.5111627015237311,0.4224598930481283,0.5347593582887701,0.0012083836473911,0.0012083836473911,0.0019573358439504,1.1831348653911218,-0.1984983438025268,0.0,0.3392605656695925,1.329018835895665,BTCUSDT,SUBE,v4_63_sin_pesos,63,0.4245614035087719,0.4589384557650811,0.06875410451261837,0.0077358309625035,0.018959715566024597,0.0224477692070422,0.0151948011176341,0.03604069266491,0.0416917830945518,1.932513438176554,2.1500650502391196,0.4351032241251309,109,148.0,78,0.4224598930481283,0.43141343276259625,0.01790707942893588,0.5347593582887701,0.602242064465486,0.13496541235343174,0.0012083836473911,0.0026654605545131,0.0029141538142439995,1.1831348653911218,1.6277017200467274,0.8891337093112113,-0.1984983438025268,-0.1349114214519903,0.12717384470107299,0.2464594157609555,0.292859990715274,0.092801149908637,1.329018835895665,1.3517143952659376,0.04539111874054513
0.43,0.1793201620299602,627,832,93222,428679,1459,0.0027877560379088,0.4297464016449623,0.0066809449221621,0.9980629134061758,0.502371929164169,0.0131573425105972,2.396531414984789,0.003279708000612,0.0028685320607828,96,0.2631343519383888,0.4375,0.65625,0.0039413945537451,0.0039413945537451,0.0031606608773664,1.9519933123975493,-0.0854945134233201,0.0,0.2464594157609555,1.37440995463621,0.2552714502657555,3603,3685,130874,388638,7288,0.0138344722854973,0.4943743139407244,0.0267926857380816,0.9906072292473294,0.5086999574927055,0.0508305999365146,1.9366612029118264,0.0051901970262796,0.0048001658494959,175,0.4783608169339729,0.44,0.5485714285714286,0.0015157737083164,0.0015157737083164,0.0025509330355282,1.239596955747608,-0.1345159165928795,0.0,0.3392605656695925,1.329018835895665,BTCUSDT,SUBE,v4_63_sin_pesos,63,0.4297464016449623,0.4620603577928434,0.06462791229576209,0.0066809449221621,0.01673681533012185,0.0201117408159195,0.0131573425105972,0.0319939712235559,0.0376732574259174,1.9366612029118264,2.166596308948308,0.45987021207296275,96,135.5,79,0.4375,0.43875,0.0025000000000000022,0.5485714285714286,0.6024107142857142,0.1076785714285714,0.0015157737083164,0.00272858413103075,0.0024256208454287,1.239596955747608,1.5957951340725787,0.7123963566499412,-0.1345159165928795,-0.1100052150080998,0.04902140316955941,0.2464594157609555,0.292859990715274,0.092801149908637,1.329018835895665,1.3517143952659376,0.04539111874054513
0.44,0.1793201620299602,566,690,93283,428821,1256,0.0023998777132375,0.4506369426751592,0.0060309646346791,0.9983935219354104,0.5022122432850447,0.0119026339309184,2.51302997707457,0.0039690857842252,0.0034538146052907,79,0.2165376437826324,0.5063291139240507,0.6708860759493671,0.0048430853339153,0.0048430853339153,0.0054098716959349,2.121192731043724,-0.0663701680854295,0.0,0.2464594157609555,1.37440995463621,0.2552714502657555,3262,3256,131215,389067,6518,0.0123728170083523,0.5004602638846272,0.0242569361303419,0.99170071599167,0.5079788260610061,0.0462711443668215,1.9605022941798345,0.0054397302310591,0.0050197105053905,160,0.4373584611967752,0.45625,0.55625,0.0018657214924109,0.0018657214924109,0.0026055794246585,1.2911055487009004,-0.1267623737593195,0.0,0.3392605656695925,1.329018835895665,BTCUSDT,SUBE,v4_63_sin_pesos,63,0.4506369426751592,0.4755486032798932,0.049823321209467974,0.0060309646346791,0.0151439503825105,0.0182259714956628,0.0119026339309184,0.02908688914886995,0.034368510435903096,1.9605022941798345,2.236766135627202,0.5525276828947356,79,119.5,81,0.45625,0.48128955696202536,0.05007911392405068,0.55625,0.6135680379746835,0.11463607594936709,0.0018657214924109,0.0033544034131631002,0.0029773638415044002,1.2911055487009004,1.7061491398723123,0.8300871823428235,-0.1267623737593195,-0.0965662709223745,0.060392205673890004,0.2464594157609555,0.292859990715274,0.092801149908637,1.329018835895665,1.3517143952659376,0.04539111874054513
0.45,0.1793201620299602,505,589,93344,428922,1094,0.0020903393457658,0.4616087751371115,0.005380984347196,0.9986286730724008,0.5020048287097985,0.010637961724403,2.574215692823138,0.0043530641501198,0.0036325903179194,70,0.1918687982884085,0.5,0.6428571428571429,0.004464836297643,0.004464836297643,0.0050911752070205,1.9906053272090665,-0.0663701680854292,0.0,0.2464594157609555,1.37440995463621,0.2552714502657555,2958,2890,131519,389433,5848,0.0111009870918754,0.5058139534883721,0.0219963265093659,0.9926336207665624,0.5073149736379641,0.0421592731159807,1.9814748298792688,0.0057102385805647,0.005193400116469,145,0.3963561054595775,0.4620689655172413,0.5655172413793104,0.0022966461805387,0.0022966461805387,0.0029962192861074,1.3703018882456606,-0.1328433581102112,0.0,0.3392605656695925,1.329018835895665,BTCUSDT,SUBE,v4_63_sin_pesos,63,0.4616087751371115,0.4837113643127418,0.04420517835126059,0.005380984347196,0.01368865542828095,0.0166153421621699,0.010637961724403,0.026398617420191853,0.0315213113915777,1.9814748298792688,2.2778452613512035,0.5927408629438693,70,107.5,75,0.4620689655172413,0.48103448275862065,0.037931034482758696,0.5655172413793104,0.6041871921182267,0.07733990147783254,0.0022966461805387,0.00338074123909085,0.0021681901171043,1.3703018882456606,1.6804536077273635,0.6203034389634059,-0.1328433581102112,-0.0996067630978202,0.066473190024782,0.2464594157609555,0.292859990715274,0.092801149908637,1.329018835895665,1.3517143952659376,0.04539111874054513
0.46,0.1793201620299602,459,502,93390,429009,961,0.0018362121675328,0.477627471383975,0.0048908352779464,0.998831229002284,0.5018610321401152,0.009682522940618,2.663545838778433,0.0049103662139726,0.004199346998946,64,0.1754229012922592,0.515625,0.640625,0.0041239701751774,0.0041239701751774,0.0057057476492585,1.8683607870304049,-0.0773449993067562,0.0,0.2464594157609555,1.37440995463621,0.2552714502657555,2696,2584,131781,389739,5280,0.0100227790432801,0.5106060606060606,0.0200480379544457,0.9934135903324556,0.5067308141434507,0.0385812517440986,2.0002474231822003,0.0058707947915017,0.0053945114702779,132,0.3608207304873396,0.4621212121212121,0.5833333333333334,0.0023413479561159,0.0023413479561159,0.0028829803541404,1.36597332676709,-0.1336100241214766,0.0,0.3392605656695925,1.329018835895665,BTCUSDT,SUBE,v4_63_sin_pesos,63,0.477627471383975,0.4941167659950178,0.03297858922208563,0.0048908352779464,0.01246943661619605,0.0151572026764993,0.009682522940618,0.0241318873423583,0.0288987288034806,2.0002474231822003,2.3318966309803164,0.6632984155962327,64,98.0,68,0.4621212121212121,0.4888731060606061,0.0535037878787879,0.5833333333333334,0.6119791666666667,0.05729166666666663,0.0023413479561159,0.00323265906564665,0.0017826222190614996,1.36597332676709,1.6171670568987473,0.5023874602633149,-0.1336100241214766,-0.1054775117141164,0.0562650248147204,0.2464594157609555,0.292859990715274,0.092801149908637,1.329018835895665,1.3517143952659376,0.04539111874054513
0.47,0.1793201620299602,428,429,93421,429082,857,0.0016374961785386,0.499416569428238,0.0045605174269304,0.9990011897250596,0.501780853575995,0.0090384980888222,2.7850553098697124,0.0056249374749863,0.0049809350084419,57,0.1562360214634183,0.5789473684210527,0.6842105263157895,0.0055750724183871,0.0055750724183871,0.0079583946670285,2.2497306579332395,-0.0526806225158853,0.0,0.2464594157609555,1.37440995463621,0.2552714502657555,2474,2299,132003,390024,4773,0.0090603644646924,0.5183322857741463,0.0183971980338645,0.9941400325751996,0.506268615304532,0.0355332136445242,2.030514126176374,0.0061519856061107,0.0056452462740455,125,0.3416862978099806,0.512,0.624,0.0032290925889473,0.0032290925889473,0.005179421509682,1.548449437830363,-0.1361739030006689,0.0,0.3392605656695925,1.329018835895665,BTCUSDT,SUBE,v4_63_sin_pesos,63,0.499416569428238,0.5088744276011921,0.018915716345908273,0.0045605174269304,0.011478857730397451,0.0138366806069341,0.0090384980888222,0.0222858558666732,0.026494715555702,2.030514126176374,2.407784718023043,0.7545411836933384,57,91.0,68,0.512,0.5454736842105263,0.06694736842105264,0.624,0.6541052631578947,0.06021052631578949,0.0032290925889473,0.0044020825036672,0.0023459798294397996,1.548449437830363,1.8990900478818014,0.7012812201028764,-0.1361739030006689,-0.09442726275827709,0.08349328048478359,0.2464594157609555,0.292859990715274,0.092801149908637,1.329018835895665,1.3517143952659376,0.04539111874054513
0.48,0.1793201620299602,393,377,93456,429134,770,0.0014712626108223,0.5103896103896104,0.0041875779177188,0.9991222576371734,0.5016549177774462,0.0083069996512328,2.8462477649576075,0.0060152076850053,0.0053886244564049,52,0.1425311072999606,0.5769230769230769,0.6538461538461539,0.0045254174054865,0.0045254174054865,0.0080196708168603,1.995128264403672,-0.0649662580600853,0.0,0.2464594157609555,1.37440995463621,0.2552714502657555,2263,2072,132214,390251,4335,0.0082289293849658,0.5220299884659746,0.0168281564877265,0.9947186374492446,0.5057733969684856,0.0326052502665475,2.044999501207459,0.0062559073672625,0.0058017985111344,119,0.3252853555151015,0.5462184873949579,0.6134453781512605,0.0031984963088579,0.0031984963088579,0.0058721755940573,1.4869330417605933,-0.1597235358509984,0.0,0.3392605656695925,1.329018835895665,BTCUSDT,SUBE,v4_63_sin_pesos,63,0.5103896103896104,0.5162097994277925,0.0116403780763642,0.0041875779177188,0.010507867202722648,0.012640578570007699,0.0083069996512328,0.02045612495889015,0.024298250615314702,2.044999501207459,2.4456236330825334,0.8012482637501486,52,85.5,67,0.5462184873949579,0.5615707821590175,0.030704589528118942,0.6134453781512605,0.6336457659987071,0.04040077569489331,0.0031984963088579,0.0038619568571722,0.0013269210966285997,1.4869330417605933,1.7410306530821327,0.5081952226430788,-0.1597235358509984,-0.11234489695554185,0.09475727779091311,0.2464594157609555,0.292859990715274,0.092801149908637,1.329018835895665,1.3517143952659376,0.04539111874054513
0.49,0.1793201620299602,372,329,93477,429182,701,0.0013394221950473,0.5306704707560628,0.0039638142121919,0.999234012632971,0.5015989134225814,0.0078688524590163,2.95934637103105,0.0065758033225122,0.0059857612640112,49,0.1343081588018859,0.5510204081632653,0.6326530612244898,0.0046873219395489,0.0046873219395489,0.0072954031903744,2.1624495634403496,-0.0649662580600851,0.0,0.2464594157609555,1.37440995463621,0.2552714502657555,2070,1863,132407,390460,3933,0.0074658314350797,0.5263157894736842,0.015392966827041,0.99525136176059,0.5053221642938156,0.0299111335886135,2.061788691707406,0.0064635450791733,0.0061303395746628,102,0.2788160190129442,0.5490196078431373,0.6274509803921569,0.0039277602933058,0.0039277602933058,0.0069374318166058,1.5850341995109114,-0.1252681900891964,0.0,0.3392605656695925,1.329018835895665,BTCUSDT,SUBE,v4_63_sin_pesos,63,0.5263157894736842,0.5284931301148734,0.004354681282378592,0.0039638142121919,0.009678390519616449,0.0114291526148491,0.0078688524590163,0.018889993023814902,0.0220422811295972,2.061788691707406,2.5105675313692277,0.8975576793236439,49,75.5,53,0.5490196078431373,0.5500200080032013,0.002000800320127949,0.6274509803921569,0.6300520208083233,0.005202080832332978,0.0039277602933058,0.00430754111642735,0.0007595616462430996,1.5850341995109114,1.8737418814756306,0.5774153639294382,-0.1252681900891964,-0.09511722407464075,0.0603019320291113,0.2464594157609555,0.292859990715274,0.092801149908637,1.329018835895665,1.3517143952659376,0.04539111874054513
0.5,0.1793201620299602,350,308,93499,429203,658,0.0012572607765209,0.5319148936170213,0.003729395092116,0.9992829054436324,0.5015061502678743,0.0074068587512036,2.966286041656323,0.0068988534476355,0.0060464103616589,46,0.1260852103038113,0.5217391304347826,0.6086956521739131,0.0043907312391331,0.0043907312391331,0.0061368304379009,1.9881662248242884,-0.0703826427553175,0.0,0.2464594157609555,1.37440995463621,0.2552714502657555,1906,1672,132571,390651,3578,0.0067919514047076,0.5326998323085522,0.0141734274262513,0.995738205509236,0.5049558164677437,0.0276121835500344,2.0867975316235885,0.0066520217997674,0.0063891166645566,99,0.2706155478655047,0.5353535353535354,0.6464646464646465,0.0043214976488583,0.0043214976488583,0.0065074914249703,1.7227388533723502,-0.1061842031916049,0.0,0.3392605656695925,1.329018835895665,BTCUSDT,SUBE,v4_63_sin_pesos,63,0.5319148936170213,0.5323073629627868,0.0007849386915309564,0.003729395092116,0.00895141125918365,0.0104440323341353,0.0074068587512036,0.017509521150619,0.020205324798830797,2.0867975316235885,2.5265417866399558,0.8794885100327345,46,72.5,53,0.5217391304347826,0.528546332894159,0.013614404918752765,0.6086956521739131,0.6275801493192799,0.03776899429073344,0.0043214976488583,0.0043561144439957,6.923359027479967e-05,1.7227388533723502,1.8554525390983194,0.2654273714519382,-0.1061842031916049,-0.0882834229734612,0.035801560436287405,0.2464594157609555,0.292859990715274,0.092801149908637,1.329018835895665,1.3517143952659376,0.04539111874054513
0.51,0.1793201620299602,328,274,93521,429237,602,0.0011502598593702,0.5448504983388704,0.0034949759720401,0.9993620652323224,0.5014285206021812,0.0069454002604525,3.038422964662716,0.0075170470832969,0.0065282374495901,43,0.1178622618057366,0.5116279069767442,0.6046511627906976,0.0037753545304055,0.0037753545304055,0.0060016236025821,1.7942180601180604,-0.0680481082348543,0.0,0.2464594157609555,1.37440995463621,0.2552714502657555,1769,1480,132708,390843,3249,0.0061674259681093,0.5444752231455833,0.0131546658536403,0.996227598178032,0.5046911320158362,0.0256886862320839,2.1329264301932174,0.006997203872726,0.0067445193247543,92,0.2514811151881457,0.532608695652174,0.6195652173913043,0.0038147495765025,0.0038147495765025,0.0061898335095138,1.594080774895689,-0.1061842031916049,0.0,0.3392605656695925,1.329018835895665,BTCUSDT,SUBE,v4_63_sin_pesos,63,0.5444752231455833,0.5446628607422268,0.0003752751932871723,0.0034949759720401,0.0083248209128402,0.0096596898816002,0.0069454002604525,0.0163170432462682,0.0187432859716314,2.1329264301932174,2.585674697427967,0.9054965344694987,43,67.5,49,0.5116279069767442,0.522118301314459,0.02098078867542974,0.6046511627906976,0.612108190091001,0.014914054600606685,0.0037753545304055,0.003795052053454,3.939504609699971e-05,1.594080774895689,1.6941494175068748,0.2001372852223715,-0.1061842031916049,-0.0871161557132296,0.038136094956750605,0.2464594157609555,0.292859990715274,0.092801149908637,1.329018835895665,1.3517143952659376,0.04539111874054513
0.52,0.1793201620299602,309,243,93540,429268,552,0.0010547233261999,0.5597826086956522,0.003292523095611,0.9994342403337748,0.501363381714693,0.0065465408205421,3.121693636447448,0.0080183087491115,0.0069800157735361,40,0.109639313307662,0.5,0.6,0.0037831499476025,0.0037831499476025,0.0044037903811269,1.7499104744266891,-0.0706949349451699,0.0,0.2464594157609555,1.37440995463621,0.2552714502657555,1626,1343,132851,390980,2969,0.0056359149582384,0.5476591444930953,0.0120912869858786,0.996576800238579,0.5043340436122288,0.0236602010971581,2.145399118949431,0.0070177357721234,0.006849590215014,89,0.2432806440407062,0.550561797752809,0.6404494382022472,0.0040523336025765,0.0040523336025765,0.0065074914249703,1.6278683023095153,-0.1115558983374104,0.0,0.3392605656695925,1.329018835895665,BTCUSDT,SUBE,v4_63_sin_pesos,63,0.5476591444930953,0.5537208765943737,0.012123464202556944,0.003292523095611,0.0076919050407448005,0.0087987638902676,0.0065465408205421,0.0151033709588501,0.017113660276616,2.145399118949431,2.6335463776984396,0.9762945174980171,40,64.5,49,0.5,0.5252808988764045,0.050561797752809,0.6,0.6202247191011236,0.04044943820224722,0.0037831499476025,0.0039177417750895,0.00026918365497400005,1.6278683023095153,1.6888893883681022,0.12204217211717383,-0.1115558983374104,-0.09112541664129015,0.040860963392240504,0.2464594157609555,0.292859990715274,0.092801149908637,1.329018835895665,1.3517143952659376,0.04539111874054513
0.53,0.1793201620299602,292,222,93557,429289,514,0.0009821155609905,0.5680933852140078,0.0031113810482796,0.9994831331444364,0.5012972570963581,0.0061888663989063,3.1680396603650878,0.0083495397048159,0.0071398154559283,38,0.1041573476422789,0.5263157894736842,0.6578947368421053,0.0050955506723478,0.0050955506723478,0.0066485133964783,2.154906299642408,-0.0554655914055678,0.0,0.2464594157609555,1.37440995463621,0.2552714502657555,1498,1180,132979,391143,2678,0.005083523158694,0.5593726661687827,0.0111394513559939,0.9969922742230254,0.5040658627895097,0.0218438992380882,2.1912856513583345,0.0075103599258713,0.0073479895838961,83,0.2268797017458271,0.5542168674698795,0.6385542168674698,0.0045749408970246,0.0045749408970246,0.006820101102906,1.7143240307657484,-0.1105900803551501,0.0,0.3392605656695925,1.329018835895665,BTCUSDT,SUBE,v4_63_sin_pesos,63,0.5593726661687827,0.5637330256913953,0.00872071904522509,0.0031113810482796,0.007125416202136749,0.0080280703077143,0.0061888663989063,0.01401638281849725,0.015655032839181897,2.1912856513583345,2.679662655861711,0.9767540090067532,38,60.5,45,0.5263157894736842,0.5402663284717819,0.027901077996195345,0.6385542168674698,0.6482244768547876,0.019340519974635484,0.0045749408970246,0.0048352457846862,0.0005206097753231997,1.7143240307657484,1.9346151652040784,0.44058226887665985,-0.1105900803551501,-0.08302783588035895,0.055124488949582294,0.2464594157609555,0.292859990715274,0.092801149908637,1.329018835895665,1.3517143952659376,0.04539111874054513
0.54,0.1793201620299602,272,197,93577,429314,469,0.0008961326811372,0.579957356076759,0.0028982727573016,0.9995413388714144,0.501219805814358,0.0057677219618736,3.234200490962425,0.0085611737499673,0.0073192677294682,36,0.0986753819768958,0.5,0.6388888888888888,0.0041451751241352,0.0041451751241352,0.0047275223404278,1.8900561654323296,-0.0504625031153741,0.0,0.2464594157609555,1.37440995463621,0.2552714502657555,1388,1032,133089,391291,2420,0.00459377372817,0.5735537190082645,0.0103214676115618,0.9973695144052224,0.503845491008392,0.020278019240743,2.246838486682137,0.0078030837561251,0.007999030430988,78,0.2132122498334279,0.5512820512820513,0.6153846153846154,0.0044821710446105,0.0044821710446105,0.0066637962639382,1.639001930725223,-0.1105900803551503,0.0,0.3392605656695925,1.329018835895665,BTCUSDT,SUBE,v4_63_sin_pesos,63,0.5735537190082645,0.5767555375425117,0.006403637068494561,0.0028982727573016,0.0066098701844317,0.0074231948542602,0.0057677219618736,0.0130228706013083,0.0145102972788694,2.246838486682137,2.7405194888222812,0.9873620042802878,36,57.0,42,0.5,0.5256410256410257,0.05128205128205132,0.6153846153846154,0.6271367521367521,0.02350427350427342,0.0041451751241352,0.0043136730843728495,0.00033699592047530067,1.639001930725223,1.7645290480787763,0.2510542347071065,-0.1105900803551503,-0.0805262917352622,0.06012757723977621,0.2464594157609555,0.292859990715274,0.092801149908637,1.329018835895665,1.3517143952659376,0.04539111874054513
0.55,0.1793201620299602,259,182,93590,429329,441,0.0008426322225619,0.5873015873015873,0.0027597523681658,0.999576262307601,0.5011680073378835,0.005493689680772,3.275156461231965,0.0088606555247777,0.0076625304251187,36,0.0986753819768958,0.5,0.6388888888888888,0.0043711995387796,0.0043711995387796,0.0053744121343239,1.9669817994119836,-0.0485975074530703,0.0,0.2464594157609555,1.37440995463621,0.2552714502657555,1295,922,133182,391401,2217,0.0042084282460136,0.5841226883175462,0.0096298995367237,0.99764989562172,0.5036398975792218,0.0189474300261898,2.2882413513514086,0.0080423398519926,0.0083948910531528,75,0.2050117786859884,0.5466666666666666,0.6133333333333333,0.0039295554069197,0.0039295554069197,0.0065074914249703,1.532196519942309,-0.1105900803551502,0.0,0.3392605656695925,1.329018835895665,BTCUSDT,SUBE,v4_63_sin_pesos,63,0.5841226883175462,0.5857121378095668,0.003178898984041112,0.0027597523681658,0.006194825952444749,0.0068701471685578995,0.005493689680772,0.012220559853480901,0.0134537403454178,2.2882413513514086,2.7816989062916866,0.9869151098805564,36,55.5,39,0.5,0.5233333333333333,0.046666666666666634,0.6133333333333333,0.6261111111111111,0.025555555555555554,0.0039295554069197,0.00415037747284965,0.0004416441318599003,1.532196519942309,1.7495891596771465,0.4347852794696745,-0.1105900803551502,-0.07959379390411025,0.06199257290207989,0.2464594157609555,0.292859990715274,0.092801149908637,1.329018835895665,1.3517143952659376,0.04539111874054513
0.56,0.1793201620299602,244,167,93605,429344,411,0.0007853103026597,0.5936739659367397,0.0025999211499323,0.9996111857437876,0.50110555344686,0.0051771695310842,3.3106927810914564,0.0092991894050378,0.0079865799120371,36,0.0986753819768958,0.5,0.6388888888888888,0.0047594780127324,0.0047594780127324,0.0053744121343239,2.15180844876186,-0.0462881613618619,0.0,0.2464594157609555,1.37440995463621,0.2552714502657555,1198,835,133279,391488,2033,0.0038591495823842,0.5892769306443679,0.0089085865984517,0.997871651674768,0.5033901191366099,0.01755182770493,2.308432572584554,0.0082428735501006,0.0088565413182715,73,0.1995447979210287,0.547945205479452,0.6164383561643836,0.0047405211246904,0.0047405211246904,0.006820101102906,1.664987249142312,-0.1105900803551503,0.0,0.3392605656695925,1.329018835895665,BTCUSDT,SUBE,v4_63_sin_pesos,63,0.5892769306443679,0.5914754482905538,0.004397035292371787,0.0025999211499323,0.005754253874191999,0.006308665448519399,0.0051771695310842,0.0113644986180071,0.012374658173845799,2.308432572584554,2.809562676838005,1.0022602085069026,36,54.5,37,0.5,0.523972602739726,0.047945205479452024,0.6164383561643836,0.6276636225266362,0.022450532724505257,0.0047405211246904,0.0047499995687114,1.8956888042000707e-05,1.664987249142312,1.908397848952086,0.48682119961954795,-0.1105900803551503,-0.0784391208585061,0.06430191899328841,0.2464594157609555,0.292859990715274,0.092801149908637,1.329018835895665,1.3517143952659376,0.04539111874054513
0.57,0.1793201620299602,226,147,93623,429364,373,0.0007127025374503,0.6058981233243967,0.002408123688052,0.99965775032537,0.501032937006711,0.0047971811254271,3.3788622342598886,0.0100323395090229,0.0081750411152947,35,0.0959343991442042,0.5142857142857142,0.6285714285714286,0.0052613153451179,0.0052613153451179,0.0072954031903744,2.3762724340243837,-0.046288161361862,0.0,0.2464594157609555,1.37440995463621,0.2552714502657555,1108,759,133369,391564,1867,0.003544039483675,0.5934654525977504,0.0082393271711891,0.9980653696061664,0.5031523483886777,0.016253007099689,2.324840682261613,0.0082361974800598,0.0092761683896072,67,0.1831438556261496,0.5373134328358209,0.5970149253731343,0.0044265474797004,0.0044265474797004,0.0065074914249703,1.609091670496858,-0.1105900803551502,0.0,0.3392605656695925,1.329018835895665,BTCUSDT,SUBE,v4_63_sin_pesos,63,0.5934654525977504,0.5996817879610736,0.012432670726646333,0.002408123688052,0.005323725429620551,0.005831203483137101,0.0047971811254271,0.01052509411255805,0.0114558259742619,2.324840682261613,2.851851458260751,1.0540215519982756,35,51.0,32,0.5142857142857142,0.5257995735607676,0.023027718550106657,0.5970149253731343,0.6127931769722814,0.03155650319829428,0.0044265474797004,0.00484393141240915,0.0008347678654175,1.609091670496858,1.992682052260621,0.7671807635275256,-0.1105900803551502,-0.0784391208585061,0.06430191899328819,0.2464594157609555,0.292859990715274,0.092801149908637,1.329018835895665,1.3517143952659376,0.04539111874054513
0.58,0.1793201620299602,211,127,93638,429384,338,0.0006458269642311,0.6242603550295858,0.0022482924698185,0.9997043149069524,0.5009763036883854,0.004480448469534,3.48126138166932,0.0105762536887107,0.0090859047060601,32,0.0877114506461296,0.53125,0.65625,0.005340761467693,0.005340761467693,0.0077088826629936,2.3309295443580043,-0.0462881613618619,0.0,0.2464594157609555,1.37440995463621,0.2552714502657555,1027,689,133450,391634,1716,0.003257403189066,0.5984848484848485,0.0076369936866527,0.9982437940166649,0.5029403938516588,0.0150815386987583,2.344503656252134,0.0083158639256216,0.0097757302575911,64,0.1749433844787101,0.5625,0.625,0.0050895862877557,0.0050895862877557,0.0066637962639382,1.7107816940486704,-0.113208266138809,0.0,0.3392605656695925,1.329018835895665,BTCUSDT,SUBE,v4_63_sin_pesos,63,0.5984848484848485,0.6113726017572172,0.02577550654473726,0.0022482924698185,0.0049426430782356,0.0053887012168342,0.004480448469534,0.00978099358414615,0.0106010902292243,2.344503656252134,2.912882518960727,1.1367577254171861,32,48.0,32,0.53125,0.546875,0.03125,0.625,0.640625,0.03125,0.0050895862877557,0.00521517387772435,0.0002511751799373005,1.7107816940486704,2.0208556192033376,0.6201478503093338,-0.113208266138809,-0.07974821375033544,0.0669201047769471,0.2464594157609555,0.292859990715274,0.092801149908637,1.329018835895665,1.3517143952659376,0.04539111874054513
0.59,0.1793201620299602,194,118,93655,429393,312,0.0005961479669825,0.6217948717948718,0.0020671504224871,0.9997252689686644,0.5008962096955758,0.0041206019477278,3.467512324079789,0.0105799175009008,0.0090886094700913,31,0.084970467813438,0.5483870967741935,0.6774193548387096,0.005706092423416,0.005706092423416,0.0081223621356127,2.4448720537607787,-0.0462881613618618,0.0,0.2464594157609555,1.37440995463621,0.2552714502657555,959,629,133518,391694,1588,0.0030144267274107,0.603904282115869,0.0071313310082765,0.9983967292256636,0.50276403011697,0.0140962040201374,2.365733737506338,0.0083393092310089,0.0103555194959592,57,0.1558089518013511,0.5614035087719298,0.631578947368421,0.0054262681290539,0.0054262681290539,0.006820101102906,1.8251602454032816,-0.0785608301323391,0.0,0.3392605656695925,1.329018835895665,BTCUSDT,SUBE,v4_63_sin_pesos,63,0.603904282115869,0.6128495769553703,0.01789058967900281,0.0020671504224871,0.0045992407153818,0.005064180585789399,0.0041206019477278,0.0091084029839326,0.0099756020724096,2.365733737506338,2.9166230307930636,1.101778586573451,31,44.0,26,0.5483870967741935,0.5548953027730616,0.013016411997736288,0.631578947368421,0.6544991511035654,0.04584040747028861,0.0054262681290539,0.00556618027623495,0.0002798242943620995,1.8251602454032816,2.13501614958203,0.6197118083574971,-0.0785608301323391,-0.06242449574710045,0.0322726687704773,0.2464594157609555,0.292859990715274,0.092801149908637,1.329018835895665,1.3517143952659376,0.04539111874054513
0.6,0.1793201620299602,175,102,93674,429409,277,0.0005292723937633,0.631768953068592,0.001864697546058,0.9997625206339302,0.5008136090899942,0.0037184199902258,3.523133962833683,0.0110686315333513,0.0101259423823578,27,0.0740065364826718,0.5555555555555556,0.6666666666666666,0.0058330637709606,0.0058330637709606,0.0081223621356127,2.508531574166422,-0.04620736210829,0.0,0.2464594157609555,1.37440995463621,0.2552714502657555,893,581,133584,391742,1474,0.002798025816249,0.6058344640434192,0.0066405407616172,0.9985190773928624,0.5025798090772399,0.0131370861560415,2.373295029321544,0.0081793597561743,0.0106857441318961,53,0.1448749902714318,0.6037735849056604,0.660377358490566,0.00623481522406,0.00623481522406,0.0091729969901104,2.004139561016419,-0.0751896904439767,0.0,0.3392605656695925,1.329018835895665,BTCUSDT,SUBE,v4_63_sin_pesos,63,0.6058344640434192,0.6188017085560056,0.025934489025172813,0.001864697546058,0.0042526191538376,0.0047758432155592,0.0037184199902258,0.00842775307313365,0.0094186661658157,2.373295029321544,2.9482144960776138,1.149838933512139,27,40.0,26,0.5555555555555556,0.579664570230608,0.048218029350104774,0.660377358490566,0.6635220125786163,0.0062893081761006275,0.0058330637709606,0.006033939497510301,0.0004017514530993997,2.004139561016419,2.2563355675914205,0.504392013150003,-0.0751896904439767,-0.060698526276133355,0.02898232833568671,0.2464594157609555,0.292859990715274,0.092801149908637,1.329018835895665,1.3517143952659376,0.04539111874054513
0.61,0.1793201620299602,166,93,93683,429418,259,0.000494879241822,0.640926640926641,0.0017687988151179,0.9997834746956422,0.50077613675538,0.0035278616058145,3.5742028875679743,0.0109036598344612,0.0105779556218703,27,0.0740065364826718,0.5555555555555556,0.6666666666666666,0.0058330637709606,0.0058330637709606,0.0081223621356127,2.508531574166422,-0.04620736210829,0.0,0.2464594157609555,1.37440995463621,0.2552714502657555,836,541,133641,391782,1377,0.0026138952164009,0.6071169208424111,0.0062166764576842,0.9986210341988616,0.5024188553282729,0.0123073299277165,2.378318923680497,0.0080518946601675,0.0107622864347047,49,0.1339410287415124,0.6530612244897959,0.7142857142857143,0.0073795377692479,0.0073795377692479,0.0091729969901104,2.2531710525966617,-0.0751896904439766,0.0,0.3392605656695925,1.329018835895665,BTCUSDT,SUBE,v4_63_sin_pesos,63,0.6071169208424111,0.6240217808845261,0.03380972008422989,0.0017687988151179,0.0039927376364010505,0.0044478776425663,0.0035278616058145,0.0079175957667655,0.008779468321902,2.378318923680497,2.976260905624236,1.1958839638874772,27,38.0,22,0.5555555555555556,0.6043083900226758,0.09750566893424029,0.6666666666666666,0.6904761904761905,0.04761904761904767,0.0058330637709606,0.00660630077010425,0.0015464739982872996,2.2531710525966617,2.380851313381542,0.2553605215697603,-0.0751896904439766,-0.0606985262761333,0.028982328335686598,0.2464594157609555,0.292859990715274,0.092801149908637,1.329018835895665,1.3517143952659376,0.04539111874054513
0.62,0.1793201620299602,146,84,93703,429427,230,0.0004394680525833,0.6347826086956522,0.0015556905241398,0.9998044287573544,0.5006800596407471,0.0031037744873988,3.539939968320989,0.0109188244819783,0.0108463135359305,27,0.0740065364826718,0.5555555555555556,0.7037037037037037,0.0061607270304254,0.0061607270304254,0.0081223621356127,2.6619314550916413,-0.0462073621082901,0.0,0.2464594157609555,1.37440995463621,0.2552714502657555,788,517,133689,391806,1305,0.0024772209567198,0.6038314176245211,0.0058597380964774,0.9986822082824612,0.5022709731894693,0.0116068403764858,2.36544829825619,0.0077794356176959,0.0106545565760904,46,0.1257405575940728,0.6956521739130435,0.717391304347826,0.0077840821689338,0.0077840821689338,0.0094139159174225,2.3180593610312576,-0.0751896904439765,0.0,0.3392605656695925,1.329018835895665,BTCUSDT,SUBE,v4_63_sin_pesos,63,0.6038314176245211,0.6193070131600866,0.03095119107113109,0.0015556905241398,0.0037077143103086,0.004304047572337599,0.0031037744873988,0.0073553074319423,0.008503065889086999,2.36544829825619,2.9526941332885897,1.174491670064799,27,36.5,19,0.5555555555555556,0.6256038647342995,0.14009661835748788,0.7037037037037037,0.7105475040257649,0.013687600644122333,0.0061607270304254,0.006972404599679599,0.0016233551385084,2.3180593610312576,2.4899954080614495,0.34387209406038366,-0.0751896904439765,-0.0606985262761333,0.028982328335686397,0.2464594157609555,0.292859990715274,0.092801149908637,1.329018835895665,1.3517143952659376,0.04539111874054513
0.63,0.1793201620299602,129,78,93720,429433,207,0.0003955212473249,0.6231884057971014,0.0013745484768084,0.9998183981318288,0.5005964733043187,0.0027430466955856,3.475283530543437,0.0111762374557249,0.0108970045590697,26,0.0712655536499803,0.5769230769230769,0.7307692307692307,0.0063868368033915,0.0063868368033915,0.0086689441237146,2.7215389575778195,-0.0601251389335987,0.0,0.2464594157609555,1.37440995463621,0.2552714502657555,735,487,133742,391836,1222,0.0023196659073652,0.6014729950900164,0.0054656186559783,0.9987586758869604,0.5021121472714694,0.0108327990626312,2.356209417323562,0.0074013683768498,0.0107644844797736,46,0.1257405575940728,0.6739130434782609,0.717391304347826,0.0080764143533754,0.0080764143533754,0.0098155307314878,2.386761244632988,-0.0703455811832038,0.0,0.3392605656695925,1.329018835895665,BTCUSDT,SUBE,v4_63_sin_pesos,63,0.6014729950900164,0.612330700443559,0.021715410707085048,0.0013745484768084,0.0034200835663933497,0.0040910701791699,0.0027430466955856,0.0067879228791084,0.0080897523670456,2.356209417323562,2.9157464739334995,1.1190741132198747,26,36.0,20,0.5769230769230769,0.6254180602006689,0.09698996655518399,0.717391304347826,0.7240802675585284,0.013377926421404673,0.0063868368033915,0.007231625578383451,0.0016895775499839007,2.386761244632988,2.554150101105404,0.3347777129448315,-0.0703455811832038,-0.06523536005840125,0.010220442249605104,0.2464594157609555,0.292859990715274,0.092801149908637,1.329018835895665,1.3517143952659376,0.04539111874054513
0.64,0.1793201620299602,117,65,93732,429446,182,0.0003477529807398,0.6428571428571429,0.0012466835022216,0.9998486651098576,0.5005476743060395,0.0024885410130701,3.5849685589160707,0.0119573380089227,0.0117238679490619,25,0.0685245708172887,0.6,0.76,0.0074505765423076,0.0074505765423076,0.0092155261118165,3.1504803657143463,-0.0601251389335983,0.0,0.2464594157609555,1.37440995463621,0.2552714502657555,686,460,133791,391863,1146,0.0021753986332574,0.5986038394415357,0.0051012440789131,0.99882749673101,0.5019643704049616,0.0101162782123976,2.344969791249069,0.0068831162663681,0.0104301695279207,46,0.1257405575940728,0.6521739130434783,0.6956521739130435,0.0081357871016173,0.0081357871016173,0.0094139159174225,2.3712231730014874,-0.072022992845305,0.0,0.3392605656695925,1.329018835895665,BTCUSDT,SUBE,v4_63_sin_pesos,63,0.5986038394415357,0.6207304911493393,0.04425330341560718,0.0012466835022216,0.0031739637905673496,0.0038545605766914996,0.0024885410130701,0.00630240961273385,0.007627737199327501,2.344969791249069,2.9649691750825697,1.239998767667002,25,35.5,21,0.6,0.6260869565217391,0.05217391304347829,0.6956521739130435,0.7278260869565217,0.06434782608695655,0.0074505765423076,0.00779318182196245,0.0006852105593096996,2.3712231730014874,2.7608517693579167,0.7792571927128589,-0.072022992845305,-0.06607406588945165,0.011897853911706703,0.2464594157609555,0.292859990715274,0.092801149908637,1.329018835895665,1.3517143952659376,0.04539111874054513
0.65,0.1793201620299602,111,61,93738,429450,172,0.0003286456741057,0.6453488372093024,0.0011827510149282,0.999857978026174,0.500520364520551,0.0023611746311994,3.598863785888613,0.0120410217479178,0.0118487531151136,24,0.0657835879845972,0.5833333333333334,0.75,0.0073770369769114,0.0073770369769114,0.0095096833473412,3.044084261463058,-0.0601251389335986,0.0,0.2464594157609555,1.37440995463621,0.2552714502657555,640,436,133837,391887,1076,0.0020425208807896,0.5947955390334573,0.0047591781494233,0.9988886708146094,0.5018239244820164,0.0094428009708379,2.330051160888668,0.006363620746821,0.0104062442289226,44,0.1202735768291131,0.6363636363636364,0.7045454545454546,0.0081393031330355,0.0081393031330355,0.0094139159174225,2.304610728454574,-0.0681812658896101,0.0,0.3392605656695925,1.329018835895665,BTCUSDT,SUBE,v4_63_sin_pesos,63,0.5947955390334573,0.6200721881213798,0.050553298175845085,0.0011827510149282,0.0029709645821757503,0.0035764271344951,0.0023611746311994,0.005901987801018651,0.0070816263396385,2.330051160888668,2.9644574733886406,1.2688126249999452,24,34.0,20,0.5833333333333334,0.6098484848484849,0.05303030303030298,0.7045454545454546,0.7272727272727273,0.045454545454545414,0.0073770369769114,0.007758170054973449,0.0007622661561240999,2.304610728454574,2.674347494958816,0.7394735330084843,-0.0681812658896101,-0.06415320241160435,0.008056126956011496,0.2464594157609555,0.292859990715274,0.092801149908637,1.329018835895665,1.3517143952659376,0.04539111874054513
0.66,0.1793201620299602,100,51,93749,429460,151,0.0002885203301742,0.6622516556291391,0.0010655414548903,0.9998812603169652,0.5004734008859277,0.002127659574468,3.69312434325423,0.0128479761318684,0.0123538590348606,22,0.0603016223192141,0.5909090909090909,0.7727272727272727,0.00782201064884,0.00782201064884,0.0095096833473412,3.439818868455925,-0.0479861048764056,0.0,0.2464594157609555,1.37440995463621,0.2552714502657555,596,425,133881,391898,1021,0.0019381169324221,0.5837414299706171,0.0044319846516504,0.9989167089362592,0.5016743467939548,0.0087971778181227,2.2867478104696053,0.0057949691784547,0.0098370691520228,41,0.1120731056816736,0.6585365853658537,0.6829268292682927,0.0088286291659856,0.0088286291659856,0.0094237144776354,2.303155306765975,-0.0801889165904998,0.0,0.3392605656695925,1.329018835895665,BTCUSDT,SUBE,v4_63_sin_pesos,63,0.5837414299706171,0.622996542799878,0.07851022565852206,0.0010655414548903,0.0027487630532703504,0.0033664431967601,0.002127659574468,0.00546241869629535,0.0066695182436547,2.2867478104696053,2.989936076861918,1.4063765327846247,22,31.5,19,0.5909090909090909,0.6247228381374723,0.06762749445676275,0.6829268292682927,0.7278270509977827,0.08980044345897997,0.00782201064884,0.008325319907412799,0.0010066185171455997,2.303155306765975,2.87148708761095,1.13666356168995,-0.0801889165904998,-0.0640875107334527,0.0322028117140942,0.2464594157609555,0.292859990715274,0.092801149908637,1.329018835895665,1.3517143952659376,0.04539111874054513
0.67,0.1793201620299602,94,46,93755,429465,140,0.0002675022928767,0.6714285714285714,0.0010016089675968,0.9998929014623608,0.5004472552149788,0.0020002340699443,3.744300494867896,0.0129713696035262,0.0131310032087965,22,0.0603016223192141,0.5909090909090909,0.7727272727272727,0.00782201064884,0.00782201064884,0.0095096833473412,3.439818868455925,-0.0479861048764056,0.0,0.2464594157609555,1.37440995463621,0.2552714502657555,550,409,133927,391914,959,0.0018204252088078,0.5735140771637122,0.0040899187221606,0.9989574916586588,0.5015237051904097,0.0081219173631826,2.246683193779186,0.005010161509765,0.0094237144776354,39,0.1066061249167139,0.6410256410256411,0.6666666666666666,0.0081740027996349,0.0081740027996349,0.0094041173572096,2.2014759978888105,-0.073643681496021,0.0,0.3392605656695925,1.329018835895665,BTCUSDT,SUBE,v4_63_sin_pesos,63,0.5735140771637122,0.6224713242961417,0.09791449426485921,0.0010016089675968,0.0025457638448787,0.0030883097545638004,0.0020002340699443,0.00506107571656345,0.006121683293238299,2.246683193779186,2.995491844323541,1.49761730108871,22,30.5,17,0.5909090909090909,0.615967365967366,0.05011655011655014,0.6666666666666666,0.7196969696969697,0.10606060606060608,0.00782201064884,0.00799800672423745,0.00035199215079489976,2.2014759978888105,2.820647433172368,1.2383428705671147,-0.073643681496021,-0.060814893186213304,0.025657576619615402,0.2464594157609555,0.292859990715274,0.092801149908637,1.329018835895665,1.3517143952659376,0.04539111874054513
0.68,0.1793201620299602,89,45,93760,429466,134,0.0002560379088963,0.664179104477612,0.0009483318948523,0.9998952296914398,0.5004217807931461,0.0018939595458753,3.703872988730865,0.012259534146615,0.012565787138572,22,0.0603016223192141,0.5909090909090909,0.7727272727272727,0.00782201064884,0.00782201064884,0.0095096833473412,3.439818868455925,-0.0479861048764056,0.0,0.2464594157609555,1.37440995463621,0.2552714502657555,504,390,133973,391933,894,0.0016970387243735,0.5637583892617449,0.0037478527926708,0.9990059211415084,0.5013768869670896,0.0074462033965915,2.2084662764865906,0.0043497772476142,0.0094740086212147,37,0.1011391441517542,0.7027027027027027,0.7297297297297297,0.0097290329785047,0.0097290329785047,0.0099590696849696,2.5185707536054207,-0.073643681496021,0.0,0.3392605656695925,1.329018835895665,BTCUSDT,SUBE,v4_63_sin_pesos,63,0.5637583892617449,0.6139687468696784,0.10042071521586704,0.0009483318948523,0.00234809234376155,0.0027995208978185,0.0018939595458753,0.0046700814712334,0.005552243850716201,2.2084662764865906,2.9561696326087277,1.4954067122442742,22,29.5,15,0.5909090909090909,0.6468058968058968,0.1117936117936118,0.7297297297297297,0.7512285012285012,0.04299754299754299,0.00782201064884,0.00877552181367235,0.0019070223296646996,2.5185707536054207,2.979194811030673,0.9212481148505045,-0.073643681496021,-0.060814893186213304,0.025657576619615402,0.2464594157609555,0.292859990715274,0.092801149908637,1.329018835895665,1.3517143952659376,0.04539111874054513
0.69,0.1793201620299602,87,40,93762,429471,127,0.0002426627942525,0.6850393700787402,0.0009270210657545,0.9999068708368354,0.5004169459512949,0.0018515365625266,3.820202716325261,0.0127271136572243,0.0138784291850388,20,0.054819656653831,0.6,0.7,0.0075391139947619,0.0075391139947619,0.0095096833473412,2.971736165353667,-0.0479861048764055,0.0,0.2464594157609555,1.37440995463621,0.2552714502657555,466,377,134011,391946,843,0.0016002277904328,0.5527876631079478,0.0034652765900488,0.999039057103458,0.5012521668467534,0.0068873780668046,2.1654895701515278,0.0031728740664018,0.0088163259472391,36,0.0984056537692744,0.6944444444444444,0.7222222222222222,0.0096887143733132,0.0096887143733132,0.0096913920813025,2.6091842628695785,-0.0736436814960211,0.0,0.3392605656695925,1.329018835895665,BTCUSDT,SUBE,v4_63_sin_pesos,63,0.5527876631079478,0.6189135165933439,0.13225170697079236,0.0009270210657545,0.00219614882790165,0.0025382555242943,0.0018515365625266,0.004369457314665599,0.005035841504278,2.1654895701515278,2.9928461432383946,1.6547131461737332,20,28.0,16,0.6,0.6472222222222221,0.09444444444444444,0.7,0.711111111111111,0.022222222222222254,0.0075391139947619,0.00861391418403755,0.002149600378551301,2.6091842628695785,2.790460214111623,0.36255190248408864,-0.0736436814960211,-0.060814893186213304,0.025657576619615603,0.2464594157609555,0.292859990715274,0.092801149908637,1.329018835895665,1.3517143952659376,0.04539111874054513
0.7,0.1793201620299602,78,36,93771,429475,114,0.0002178232956282,0.6842105263157895,0.0008311223348144,0.9999161837531518,0.5003736530439832,0.0016602279620701,3.815580571477923,0.0132736583794186,0.0143429207845195,20,0.054819656653831,0.6,0.7,0.0075391139947619,0.0075391139947619,0.0095096833473412,2.971736165353667,-0.0479861048764055,0.0,0.2464594157609555,1.37440995463621,0.2552714502657555,438,368,134039,391955,806,0.0015299924069855,0.543424317617866,0.0032570625460115,0.999061997384808,0.5011595299654098,0.0064753147106436,2.128809614440327,0.0024021698093792,0.0085155730663515,35,0.0956721633867945,0.6857142857142857,0.7142857142857143,0.0096872381178512,0.0096872381178512,0.0094237144776354,2.62811116570075,-0.073643681496021,0.0,0.3392605656695925,1.329018835895665,BTCUSDT,SUBE,v4_63_sin_pesos,63,0.543424317617866,0.6138174219668278,0.14078620869792347,0.0008311223348144,0.00204409244041295,0.0024259402111971003,0.0016602279620701,0.00406777133635685,0.0048150867485735,2.128809614440327,2.972195092959125,1.686770957037596,20,27.5,15,0.6,0.6428571428571428,0.08571428571428574,0.7,0.7071428571428571,0.014285714285714346,0.0075391139947619,0.00861317605630655,0.0021481241230893004,2.62811116570075,2.7999236655272086,0.34362499965291704,-0.073643681496021,-0.06081489318621325,0.025657576619615506,0.2464594157609555,0.292859990715274,0.092801149908637,1.329018835895665,1.3517143952659376,0.04539111874054513
0.71,0.1793201620299602,70,35,93779,429476,105,0.0002006267196575,0.6666666666666666,0.0007458790184232,0.9999185119822308,0.500332195500327,0.0014900908955446,3.717745172209258,0.0130358849390605,0.0138784291850388,18,0.0493376909884479,0.5555555555555556,0.6666666666666666,0.0071537251966902,0.0071537251966902,0.0095096833473412,2.6838494320956574,-0.0479861048764054,0.0,0.2464594157609555,1.37440995463621,0.2552714502657555,409,356,134068,391967,765,0.0014521640091116,0.534640522875817,0.0030414122861158,0.9990925844266076,0.5010669983563617,0.006048416911906,2.094399989968399,0.0018815119490798,0.0079985198351473,34,0.0929386730043147,0.6764705882352942,0.7352941176470589,0.0089538037686382,0.0089538037686382,0.0094139159174225,2.6676507253564106,-0.0506334001409528,0.0,0.3392605656695925,1.329018835895665,BTCUSDT,SUBE,v4_63_sin_pesos,63,0.534640522875817,0.6006535947712418,0.13202614379084965,0.0007458790184232,0.0018936456522695001,0.0022955332676926,0.0014900908955446,0.0037692539037253,0.004558326016361401,2.094399989968399,2.9060725810888286,1.6233451822408589,18,26.0,16,0.5555555555555556,0.6160130718954249,0.12091503267973858,0.6666666666666666,0.7009803921568627,0.06862745098039225,0.0071537251966902,0.0080537644826642,0.0018000785719479995,2.6676507253564106,2.675750078726034,0.016198706739246838,-0.0506334001409528,-0.0493097525086791,0.0026472952645473988,0.2464594157609555,0.292859990715274,0.092801149908637,1.329018835895665,1.3517143952659376,0.04539111874054513
0.72,0.1793201620299602,64,33,93785,429478,97,0.0001853408743503,0.6597938144329897,0.0006819465311297,0.9999231684403892,0.5003025574857595,0.0013624848317118,3.679417902392668,0.0132518590216449,0.0136958595135507,18,0.0493376909884479,0.5555555555555556,0.6666666666666666,0.0071537251966902,0.0071537251966902,0.0095096833473412,2.6838494320956574,-0.0479861048764054,0.0,0.2464594157609555,1.37440995463621,0.2552714502657555,379,349,134098,391974,728,0.0013819286256643,0.5206043956043956,0.0028183258103616,0.9991104268676576,0.5009643763390096,0.0056063015421027,2.0394148858495926,0.0010381934411749,0.0067157129723103,32,0.087471692239355,0.6875,0.75,0.0098272556930427,0.0098272556930427,0.0096913920813025,2.789997384531651,-0.0506334001409529,0.0,0.3392605656695925,1.329018835895665,BTCUSDT,SUBE,v4_63_sin_pesos,63,0.5206043956043956,0.5901991050186927,0.13918941882859404,0.0006819465311297,0.00175013617074565,0.0021363792792318996,0.0013624848317118,0.00348439318690725,0.0042438167103909,2.0394148858495926,2.8594163941211304,1.6400030165430755,18,25.0,14,0.5555555555555556,0.6215277777777778,0.13194444444444442,0.6666666666666666,0.7083333333333333,0.08333333333333337,0.0071537251966902,0.008490490444866449,0.0026735304963524994,2.6838494320956574,2.736923408313654,0.10614795243599362,-0.0506334001409529,-0.04930975250867915,0.002647295264547496,0.2464594157609555,0.292859990715274,0.092801149908637,1.329018835895665,1.3517143952659376,0.04539111874054513
0.73,0.1793201620299602,58,31,93791,429480,89,0.0001700550290431,0.651685393258427,0.0006180140438363,0.9999278248985474,0.5002729194711919,0.0012348570333624,3.634200336878713,0.0130821806763031,0.0138784291850388,17,0.0465967081557563,0.5882352941176471,0.7058823529411765,0.0082624018211877,0.0082624018211877,0.0108970045590697,3.168339701621244,-0.036721743349836,0.0,0.2464594157609555,1.37440995463621,0.2552714502657555,346,342,134131,391981,688,0.0013059984813971,0.502906976744186,0.0025729306870319,0.9991282693087074,0.5008505999978696,0.0051196685532497,1.9700870435006523,-0.000173847940504,0.0051722816682547,30,0.0820047114743953,0.6666666666666666,0.7333333333333333,0.0098750579624306,0.0098750579624306,0.0121949167584737,2.686285362583791,-0.0506334001409529,0.0,0.3392605656695925,1.329018835895665,BTCUSDT,SUBE,v4_63_sin_pesos,63,0.502906976744186,0.5772961850013065,0.14877841651424095,0.0006180140438363,0.0015954723654341,0.0019549166431955998,0.0012348570333624,0.0031772627933060503,0.0038848115198873,1.9700870435006523,2.8021436901896823,1.6641132933780605,17,23.5,13,0.5882352941176471,0.6274509803921569,0.07843137254901955,0.7058823529411765,0.7196078431372549,0.027450980392156765,0.0082624018211877,0.00906872989180915,0.0016126561412428998,2.686285362583791,2.9273125321025173,0.482054339037453,-0.0506334001409529,-0.04367757174539445,0.013911656791116896,0.2464594157609555,0.292859990715274,0.092801149908637,1.329018835895665,1.3517143952659376,0.04539111874054513
0.74,0.1793201620299602,49,25,93800,429486,74,0.000141394069092,0.6621621621621622,0.0005221153128962,0.999941794273022,0.5002319547929591,0.0010434078979589,3.6926252723970334,0.0144750492060597,0.0147862008375032,15,0.0411147424903732,0.6,0.7333333333333333,0.0088207339178307,0.0088207339178307,0.0120863380185958,3.0809213425587854,-0.0355690955614631,0.0,0.2464594157609555,1.37440995463621,0.2552714502657555,319,338,134158,391985,657,0.0012471526195899,0.4855403348554033,0.0023721528588531,0.9991384649893073,0.5007553089240803,0.0047212396584131,1.902054986368126,-0.0011775651788423,0.0040279996816707,28,0.0765377307094356,0.6428571428571429,0.7142857142857143,0.0094705832571509,0.0094705832571509,0.0096913920813025,2.470496427050336,-0.054451531337987,0.0,0.3392605656695925,1.329018835895665,BTCUSDT,SUBE,v4_63_sin_pesos,63,0.4855403348554033,0.5738512485087828,0.17662182730675885,0.0005221153128962,0.00144713408587465,0.0018500375459569,0.0010434078979589,0.002882323778186,0.0036778317604542004,1.902054986368126,2.7973401293825795,1.7905702860289074,15,21.5,13,0.6,0.6214285714285714,0.04285714285714293,0.7142857142857143,0.7238095238095238,0.01904761904761898,0.0088207339178307,0.0091456585874908,0.0006498493393202014,2.470496427050336,2.7757088848045606,0.6104249155084496,-0.054451531337987,-0.045010313449725045,0.018882435776523897,0.2464594157609555,0.292859990715274,0.092801149908637,1.329018835895665,1.3517143952659376,0.04539111874054513
0.75,0.1793201620299602,44,23,93805,429488,67,0.0001280189544481,0.6567164179104478,0.0004688382401517,0.9999464507311804,0.500207644485666,0.0009370075386515,3.662256438295687,0.0143352764120249,0.0138784291850388,15,0.0411147424903732,0.6,0.7333333333333333,0.0088207339178307,0.0088207339178307,0.0120863380185958,3.0809213425587854,-0.0355690955614631,0.0,0.2464594157609555,1.37440995463621,0.2552714502657555,297,331,134180,391992,628,0.0011921032649962,0.4729299363057325,0.0022085561099667,0.9991563074303572,0.5006824317701619,0.0043965804374375,1.85265502982562,-0.0017974961865715,0.0017924509489037,24,0.0656037691795162,0.625,0.7083333333333334,0.0098957187865486,0.0098957187865486,0.0087888893497251,2.5035395444223294,-0.0506334001409529,0.0,0.3392605656695925,1.329018835895665,BTCUSDT,SUBE,v4_63_sin_pesos,63,0.4729299363057325,0.5648231771080902,0.18378648160471528,0.0004688382401517,0.0013386971750592,0.0017397178698150002,0.0009370075386515,0.0026667939880445,0.003459572898786,1.85265502982562,2.7574557340606534,1.8096014084700671,15,19.5,9,0.6,0.6125,0.025000000000000022,0.7083333333333334,0.7208333333333333,0.02499999999999991,0.0088207339178307,0.00935822635218965,0.0010749848687179007,2.5035395444223294,2.792230443490557,0.577381798136456,-0.0506334001409529,-0.043101247851208,0.015064304579489797,0.2464594157609555,0.292859990715274,0.092801149908637,1.329018835895665,1.3517143952659376,0.04539111874054513
0.76,0.1793201620299602,39,22,93810,429489,61,0.0001165545704677,0.639344262295082,0.0004155611674072,0.9999487789602596,0.5001821700638334,0.0008305824725801,3.565378566790846,0.0132668021470737,0.0124139862571164,15,0.0411147424903732,0.6,0.7333333333333333,0.0088207339178307,0.0088207339178307,0.0120863380185958,3.0809213425587854,-0.0355690955614631,0.0,0.2464594157609555,1.37440995463621,0.2552714502657555,266,327,134211,391996,593,0.0011256643887623,0.448566610455312,0.001978033418354,0.999166503110957,0.5005722682646555,0.0039386984526541,1.7572141733371385,-0.0031118504518598,-0.0015987677675787,23,0.0628702787970364,0.6521739130434783,0.6956521739130435,0.0070862669214417,0.0070862669214417,0.0076187090144805,2.0318144630536765,-0.065068860320102,0.0,0.3392605656695925,1.329018835895665,BTCUSDT,SUBE,v4_63_sin_pesos,63,0.448566610455312,0.543955436375197,0.19077765183977002,0.0004155611674072,0.0011967972928806,0.0015624722509468,0.0008305824725801,0.0023846404626171,0.003108115980074,1.7572141733371385,2.6612963700639924,1.8081643934537077,15,19.0,8,0.6,0.6260869565217391,0.05217391304347829,0.6956521739130435,0.7144927536231884,0.03768115942028982,0.0070862669214417,0.0079535004196362,0.0017344669963889996,2.0318144630536765,2.556367902806231,1.0491068795051088,-0.065068860320102,-0.05031897794078255,0.029499764758638906,0.2464594157609555,0.292859990715274,0.092801149908637,1.329018835895665,1.3517143952659376,0.04539111874054513
0.77,0.1793201620299602,36,22,93813,429489,58,0.0001108223784775,0.6206896551724138,0.0003835949237605,0.9999487789602596,0.50016618694201,0.0007667160062615,3.461348953436206,0.0128709039755183,0.0122200985267282,15,0.0411147424903732,0.6,0.7333333333333333,0.0088207339178307,0.0088207339178307,0.0120863380185958,3.0809213425587854,-0.0355690955614631,0.0,0.2464594157609555,1.37440995463621,0.2552714502657555,243,318,134234,392005,561,0.0010649202733485,0.4331550802139037,0.0018070004536091,0.9991894433923068,0.500498221922958,0.0035989869518209,1.6968410676672183,-0.0042037436095805,-0.003320548871784,19,0.051936317267117,0.6842105263157895,0.7368421052631579,0.0096917629496056,0.0096917629496056,0.0099590696849696,2.4680411760526257,-0.0529005521068587,0.0,0.3392605656695925,1.329018835895665,BTCUSDT,SUBE,v4_63_sin_pesos,63,0.4331550802139037,0.5269223676931587,0.18753457495851011,0.0003835949237605,0.0010952976886848,0.0014234055298485999,0.0007667160062615,0.0021828514790412,0.0028322709455594003,1.6968410676672183,2.579095010551712,1.7645078857689878,15,17.0,4,0.6,0.6421052631578947,0.08421052631578951,0.7333333333333333,0.7350877192982456,0.0035087719298245723,0.0088207339178307,0.00925624843371815,0.000871029031774901,2.4680411760526257,2.7744812593057055,0.6128801665061596,-0.0529005521068587,-0.0442348238341609,0.0173314565453956,0.2464594157609555,0.292859990715274,0.092801149908637,1.329018835895665,1.3517143952659376,0.04539111874054513
0.78,0.1793201620299602,32,20,93817,429491,52,9.93579944970957e-05,0.6153846153846154,0.0003409732655648,0.9999534354184176,0.5001472043419912,0.0006815688863803,3.431764774347008,0.0127210920739484,0.0122200985267282,12,0.0328917939922986,0.5833333333333334,0.75,0.006178768480102,0.006178768480102,0.0108803620127255,2.22076055089834,-0.0355690955614632,0.0,0.2464594157609555,1.37440995463621,0.2552714502657555,227,312,134250,392011,539,0.0010231586940015,0.4211502782931354,0.0016880209998735,0.9992047369132068,0.5004463789565402,0.0033625644368074,1.6498134744590065,-0.0051709671289454,-0.006032083437832,19,0.051936317267117,0.6842105263157895,0.7368421052631579,0.0095336493603996,0.0095336493603996,0.0099590696849696,2.444091223845297,-0.0529005521068587,0.0,0.3392605656695925,1.329018835895665,BTCUSDT,SUBE,v4_63_sin_pesos,63,0.4211502782931354,0.5182674468388754,0.19423433709148002,0.0003409732655648,0.00101449713271915,0.0013470477343086999,0.0006815688863803,0.00202206666159385,0.0026809955504271,1.6498134744590065,2.540789124403007,1.7819512998880016,12,15.5,7,0.5833333333333334,0.6337719298245614,0.10087719298245612,0.7368421052631579,0.743421052631579,0.013157894736842146,0.006178768480102,0.0078562089202508,0.0033548808802976006,2.22076055089834,2.3324258873718184,0.22333067294695708,-0.0529005521068587,-0.04423482383416095,0.0173314565453955,0.2464594157609555,0.292859990715274,0.092801149908637,1.329018835895665,1.3517143952659376,0.04539111874054513
0.79,0.1793201620299602,32,17,93817,429494,49,9.362580250687864e-05,0.6530612244897959,0.0003409732655648,0.999960420105655,0.50015069668561,0.0006815906622079,3.641872821756008,0.0137097926751013,0.0136958595135507,12,0.0328917939922986,0.5833333333333334,0.75,0.006178768480102,0.006178768480102,0.0108803620127255,2.22076055089834,-0.0355690955614632,0.0,0.2464594157609555,1.37440995463621,0.2552714502657555,211,307,134266,392016,518,0.0009832953682611,0.4073359073359073,0.001569041546138,0.9992174815139566,0.5003932615300473,0.0031260417052483,1.5956970781959443,-0.006195633699249,-0.0078492901031211,19,0.051936317267117,0.6842105263157895,0.7368421052631579,0.0101963568266292,0.0101963568266292,0.0099590696849696,2.5444735643091745,-0.0529005521068587,0.0,0.3392605656695925,1.329018835895665,BTCUSDT,SUBE,v4_63_sin_pesos,63,0.4073359073359073,0.5301985659128516,0.24572531715388857,0.0003409732655648,0.0009550074058514,0.0012280682805732,0.0006815906622079,0.0019038161837281,0.0024444510430403996,1.5956970781959443,2.618784949975976,2.0461757435600636,12,15.5,7,0.5833333333333334,0.6337719298245614,0.10087719298245612,0.7368421052631579,0.743421052631579,0.013157894736842146,0.006178768480102,0.0081875626533656,0.004017588346527199,2.22076055089834,2.382617057603757,0.32371301341083436,-0.0529005521068587,-0.04423482383416095,0.0173314565453955,0.2464594157609555,0.292859990715274,0.092801149908637,1.329018835895665,1.3517143952659376,0.04539111874054513
0.8,0.1793201620299602,31,11,93818,429500,42,8.025068786303883e-05,0.7380952380952381,0.0003303178510159,0.9999743894801296,0.5001523536655729,0.0006603401817,4.116075012088822,0.0153450421170233,0.0149388564412481,10,0.0274098283269155,0.8,0.8,0.0113566880016016,0.0113566880016016,0.0186607282400287,3.0725155389577736,-0.0355690955614632,0.0,0.2464594157609555,1.37440995463621,0.2552714502657555,196,299,134281,392024,495,0.0009396355353075,0.3959595959595959,0.0014574983082608,0.9992378728751564,0.5003476855917086,0.0029043060782977,1.551131532912804,-0.0071924229644701,-0.0100878770984287,19,0.051936317267117,0.6842105263157895,0.7368421052631579,0.0102205130347707,0.0102205130347707,0.0104180376396578,2.548132579536166,-0.0529005521068587,0.0,0.3392605656695925,1.329018835895665,BTCUSDT,SUBE,v4_63_sin_pesos,63,0.3959595959595959,0.567027417027417,0.34213564213564224,0.0003303178510159,0.00089390807963835,0.0011271804572449,0.0006603401817,0.00178232312999885,0.0022439658965977003,1.551131532912804,2.833603272500813,2.564943479176018,10,14.5,9,0.6842105263157895,0.7421052631578948,0.11578947368421055,0.7368421052631579,0.7684210526315789,0.06315789473684219,0.0102205130347707,0.010788600518186149,0.0011361749668308985,2.548132579536166,2.8103240592469696,0.5243829594216076,-0.0529005521068587,-0.04423482383416095,0.0173314565453955,0.2464594157609555,0.292859990715274,0.092801149908637,1.329018835895665,1.3517143952659376,0.04539111874054513
0.81,0.1793201620299602,28,9,93821,429502,37,7.06970345460104e-05,0.7567567567567568,0.0002983516073692,0.999979045938288,0.5001386987728287,0.0005964680570053,4.2201431684537525,0.0160986806021012,0.0150064917995009,8,0.0219278626615324,0.875,0.875,0.0171312046948605,0.0171312046948605,0.0222168475882043,8.12777781125016,-0.0192275406428313,0.0,0.2464594157609555,1.37440995463621,0.2552714502657555,178,296,134299,392027,474,0.0008997722095671,0.3755274261603376,0.0013236464228083,0.9992455196356064,0.5002845830292074,0.0026379945313484,1.4710905812984068,-0.0083433140193398,-0.0125963590143357,18,0.0492028268846372,0.6666666666666666,0.7222222222222222,0.0097228519389788,0.0097228519389788,0.0090183733270692,2.682382276693533,-0.0339633997136918,0.0,0.3392605656695925,1.329018835895665,BTCUSDT,SUBE,v4_63_sin_pesos,63,0.3755274261603376,0.5661420914585472,0.3812293305964192,0.0002983516073692,0.00081099901508875,0.0010252948154391,0.0005964680570053,0.00161723129417685,0.0020415264743431,1.4710905812984068,2.8456168748760797,2.7490525871553455,8,13.0,10,0.6666666666666666,0.7708333333333333,0.20833333333333337,0.7222222222222222,0.7986111111111112,0.1527777777777778,0.0097228519389788,0.01342702831691965,0.007408352755881699,2.682382276693533,5.4050800439718465,5.445395534556628,-0.0339633997136918,-0.026595470178261547,0.014735859070860498,0.2464594157609555,0.292859990715274,0.092801149908637,1.329018835895665,1.3517143952659376,0.04539111874054513
0.82,0.1793201620299602,26,7,93823,429504,33,6.305411189238764e-05,0.7878787878787878,0.0002770407782714,0.9999837023964462,0.5001303715873588,0.0005538867940606,4.393698839883668,0.0173992487184907,0.0157316965117735,8,0.0219278626615324,0.875,0.875,0.0171312046948605,0.0171312046948605,0.0222168475882043,8.12777781125016,-0.0192275406428313,0.0,0.2464594157609555,1.37440995463621,0.2552714502657555,162,291,134315,392032,453,0.0008599088838268,0.3576158940397351,0.0012046669690727,0.9992582642363562,0.5002314656027145,0.0024012450900466,1.4009239719813236,-0.0094492331360824,-0.015473987686093,15,0.0410023557371976,0.6,0.6666666666666666,0.0092543615588779,0.0092543615588779,0.0070910456730768,2.307989998665256,-0.0551721079808692,0.0,0.3392605656695925,1.329018835895665,BTCUSDT,SUBE,v4_63_sin_pesos,63,0.3576158940397351,0.5727473409592615,0.43026289383905275,0.0002770407782714,0.0007408538736720499,0.0009276261908013,0.0005538867940606,0.0014775659420536002,0.0018473582959860001,1.4009239719813236,2.897311405932496,2.9927748679023445,8,11.5,7,0.6,0.7375,0.275,0.6666666666666666,0.7708333333333333,0.20833333333333337,0.0092543615588779,0.013192783126869199,0.0078768431359826,2.307989998665256,5.217883904957708,5.819787812584904,-0.0551721079808692,-0.03719982431185025,0.0359445673380379,0.2464594157609555,0.292859990715274,0.092801149908637,1.329018835895665,1.3517143952659376,0.04539111874054513
0.83,0.1793201620299602,24,4,93825,429507,28,5.350045857535922e-05,0.8571428571428571,0.0002557299491736,0.9999906870836835,0.5001232085164287,0.0005113073489779,4.77995807855476,0.0190624619832898,0.017062143299072,7,0.0191868798288408,0.8571428571428571,0.8571428571428571,0.0182714296290174,0.0182714296290174,0.0227094777372811,20.224545926079543,-0.006652953359466,0.0,0.2464594157609555,1.37440995463621,0.2552714502657555,151,282,134326,392041,433,0.0008219438116932,0.348729792147806,0.0011228685946295,0.999281204517706,0.5002020365561678,0.0022385293899636,1.3661135696324591,-0.0104728334059807,-0.0174144792084991,14,0.0382688653547178,0.5714285714285714,0.6428571428571429,0.0087823344582313,0.0087823344582313,0.0066109079659799,2.1585231308504347,-0.0551721079808692,0.0,0.3392605656695925,1.329018835895665,BTCUSDT,SUBE,v4_63_sin_pesos,63,0.348729792147806,0.6029363246453315,0.5084130649950511,0.0002557299491736,0.00068929927190155,0.0008671386454558998,0.0005113073489779,0.00137491836947075,0.0017272220409857001,1.3661135696324591,3.0730358240936093,3.413844508922301,7,10.5,7,0.5714285714285714,0.7142857142857142,0.2857142857142857,0.6428571428571429,0.75,0.2142857142857142,0.0087823344582313,0.01352688204362435,0.0094890951707861,2.1585231308504347,11.191534528464988,18.06602279522911,-0.0551721079808692,-0.030912530670167603,0.0485191546214032,0.2464594157609555,0.292859990715274,0.092801149908637,1.329018835895665,1.3517143952659376,0.04539111874054513
0.84,0.1793201620299602,23,4,93826,429507,27,5.158972791195353e-05,0.8518518518518519,0.0002450745346247,0.9999906870836835,0.5001178808091542,0.0004900080957859,4.750452164489608,0.0194739582379747,0.0183925900863706,7,0.0191868798288408,0.8571428571428571,0.8571428571428571,0.0182714296290174,0.0182714296290174,0.0227094777372811,20.224545926079543,-0.006652953359466,0.0,0.2464594157609555,1.37440995463621,0.2552714502657555,140,279,134337,392044,419,0.0007953682611996,0.3341288782816229,0.0010410702201863,0.999288851278156,0.5001649607491712,0.0020756731111374,1.308915971346468,-0.0113719089663777,-0.0190918651336337,13,0.0355353749722379,0.5384615384615384,0.6153846153846154,0.0083123968262576,0.0083123968262576,0.006130770258883,2.018207569685663,-0.0690355865828199,0.0,0.3392605656695925,1.329018835895665,BTCUSDT,SUBE,v4_63_sin_pesos,63,0.3341288782816229,0.5929903650667374,0.5177229735702289,0.0002450745346247,0.0006430723774055,0.0007959956855616,0.0004900080957859,0.0012828406034616502,0.0015856650153515,1.308915971346468,3.029684067918038,3.44153619314314,7,10.0,6,0.5384615384615384,0.6978021978021978,0.31868131868131866,0.6153846153846154,0.7362637362637363,0.24175824175824168,0.0083123968262576,0.0132919132276375,0.0099590328027598,2.018207569685663,11.121376747882604,18.20633835639388,-0.0690355865828199,-0.03784426997114295,0.0623826332233539,0.2464594157609555,0.292859990715274,0.092801149908637,1.329018835895665,1.3517143952659376,0.04539111874054513
0.85,0.1793201620299602,23,4,93826,429507,27,5.158972791195353e-05,0.8518518518518519,0.0002450745346247,0.9999906870836835,0.5001178808091542,0.0004900080957859,4.750452164489608,0.0194739582379747,0.0183925900863706,7,0.0191868798288408,0.8571428571428571,0.8571428571428571,0.0182714296290174,0.0182714296290174,0.0227094777372811,20.224545926079543,-0.006652953359466,0.0,0.2464594157609555,1.37440995463621,0.2552714502657555,128,273,134349,392050,401,0.0007611996962794,0.3192019950124688,0.0009518356298846,0.9993041447990558,0.5001279902144703,0.0018980115363513,1.250441421005589,-0.0122968143774707,-0.0215744791280492,13,0.0355353749722379,0.6153846153846154,0.6923076923076923,0.014692484049739,0.014692484049739,0.0070910456730768,3.529818818557295,-0.0358148999639316,0.0,0.3392605656695925,1.329018835895665,BTCUSDT,SUBE,v4_63_sin_pesos,63,0.3192019950124688,0.5855269234321603,0.532649856839383,0.0002450745346247,0.00059845508225465,0.0007067610952599,0.0004900080957859,0.0011940098160686,0.0014080034405653998,1.250441421005589,3.0004467927475984,3.500010743484019,7,10.0,6,0.6153846153846154,0.7362637362637363,0.24175824175824168,0.6923076923076923,0.7747252747252746,0.1648351648351648,0.014692484049739,0.016481956839378198,0.0035789455792783996,3.529818818557295,11.87718237231842,16.694727107522247,-0.0358148999639316,-0.0212339266616988,0.029161946604465597,0.2464594157609555,0.292859990715274,0.092801149908637,1.329018835895665,1.3517143952659376,0.04539111874054513
0.86,0.1793201620299602,22,4,93827,429507,26,4.967899724854785e-05,0.8461538461538461,0.0002344191200758,0.9999906870836835,0.5001125531018797,0.0004687083888149,4.718676564727136,0.0198508648622485,0.0186403258866578,6,0.0164458969961493,0.8333333333333334,0.8333333333333334,0.0197042702327111,0.0197042702327111,0.0228534017914239,18.770396846093867,-0.0066529533594661,0.0,0.2464594157609555,1.37440995463621,0.2552714502657555,113,269,134364,392054,382,0.0007251328777524,0.2958115183246073,0.0008402923920075,0.9993143404796558,0.5000773164358316,0.0016758243795371,1.1588116023810997,-0.0138938725040724,-0.0229376080259416,12,0.0328018845897581,0.6666666666666666,0.75,0.0145167637646814,0.0145167637646814,0.0066109079659799,3.367385065889965,-0.0392356977808087,0.0,0.3392605656695925,1.329018835895665,BTCUSDT,SUBE,v4_63_sin_pesos,63,0.2958115183246073,0.5709826822392268,0.5503423278292389,0.0002344191200758,0.00053735575604165,0.0006058732719317,0.0004687083888149,0.001072266384176,0.0012071159907222,1.1588116023810997,2.9387440835541176,3.559864962346036,6,9.0,6,0.6666666666666666,0.75,0.16666666666666674,0.75,0.7916666666666667,0.08333333333333337,0.0145167637646814,0.01711051699869625,0.0051875064680297,3.367385065889965,11.068890955991916,15.4030117802039,-0.0392356977808087,-0.0229443255701374,0.0325827444213426,0.2464594157609555,0.292859990715274,0.092801149908637,1.329018835895665,1.3517143952659376,0.04539111874054513
0.87,0.1793201620299602,20,3,93829,429508,23,4.394680525833078e-05,0.8695652173913043,0.000213108290978,0.9999930153127626,0.5001030618018704,0.0004261121527185,4.849232833316424,0.0215498815015814,0.0226469579183967,6,0.0164458969961493,0.8333333333333334,0.8333333333333334,0.0204790034324158,0.0204790034324158,0.0228534017914239,431.0138910744784,-0.0002857443053466,0.0,0.2464594157609555,1.37440995463621,0.2552714502657555,100,264,134377,392059,364,0.0006909643128321,0.2747252747252747,0.0007436215858473,0.9993270850804056,0.5000353533331265,0.0014832283949243,1.0762083830340858,-0.0152286583847219,-0.0239119933053946,12,0.0328018845897581,0.6666666666666666,0.75,0.0154519135120902,0.0154519135120902,0.0066109079659799,3.519888721819984,-0.0392356977808087,0.0,0.3392605656695925,1.329018835895665,BTCUSDT,SUBE,v4_63_sin_pesos,63,0.2747252747252747,0.5721452460582895,0.5948399426660296,0.000213108290978,0.00047836493841265,0.0005305132948693,0.0004261121527185,0.0009546702738213999,0.0010571162422058,1.0762083830340858,2.9627206081752546,3.773024450282338,6,9.0,6,0.6666666666666666,0.75,0.16666666666666674,0.75,0.7916666666666667,0.08333333333333337,0.0154519135120902,0.017965458472253,0.005027089920325601,3.519888721819984,217.2668898981492,427.4940023526584,-0.0392356977808087,-0.01976072104307765,0.0389499534754621,0.2464594157609555,0.292859990715274,0.092801149908637,1.329018835895665,1.3517143952659376,0.04539111874054513
0.88,0.1793201620299602,18,3,93831,429508,21,4.012534393151941e-05,0.8571428571428571,0.0001917974618802,0.9999930153127626,0.5000924063873214,0.0003835091083413,4.77995807855476,0.0210645089306328,0.0226469579183967,6,0.0164458969961493,0.8333333333333334,0.8333333333333334,0.0204790034324158,0.0204790034324158,0.0228534017914239,431.0138910744784,-0.0002857443053466,0.0,0.2464594157609555,1.37440995463621,0.2552714502657555,88,260,134389,392063,348,0.0006605922551252,0.2528735632183908,0.0006543869955457,0.9993372807610056,0.4999958338782756,0.0013053958835527,0.9906065208433286,-0.0168458742720663,-0.0243890235579008,12,0.0328018845897581,0.75,0.75,0.0196984362108871,0.0196984362108871,0.0107609047525273,5.585151543376646,-0.0392356977808087,0.0,0.3392605656695925,1.329018835895665,BTCUSDT,SUBE,v4_63_sin_pesos,63,0.2528735632183908,0.555008210180624,0.6042692939244663,0.0001917974618802,0.00042309222871294997,0.0004625895336655,0.0003835091083413,0.0008444524959469999,0.0009218867752114,0.9906065208433286,2.8852822996990444,3.789351557711431,6,9.0,6,0.75,0.7916666666666667,0.08333333333333337,0.75,0.7916666666666667,0.08333333333333337,0.0196984362108871,0.02008871982165145,0.000780567221528701,5.585151543376646,218.29952130892752,425.42873953110177,-0.0392356977808087,-0.01976072104307765,0.0389499534754621,0.2464594157609555,0.292859990715274,0.092801149908637,1.329018835895665,1.3517143952659376,0.04539111874054513
0.89,0.1793201620299602,16,3,93833,429508,19,3.630388260470804e-05,0.8421052631578947,0.0001704866327824,0.9999930153127626,0.5000817509727725,0.0003409042485191,4.696099164895904,0.0199357976532281,0.0188880616869451,4,0.0109639313307662,0.75,0.75,0.014824872115635,0.014824872115635,0.01829395346116,208.5264050865234,-0.0002857443053467,0.0,0.2464594157609555,1.37440995463621,0.2552714502657555,83,260,134394,392063,343,0.0006511009870918,0.2419825072886297,0.0006172059162533,0.9993372807610056,0.4999772433386295,0.0012312713247292,0.9479419145255334,-0.017374456934955,-0.0247373029772329,12,0.0328018845897581,0.75,0.75,0.0196984362108871,0.0196984362108871,0.0107609047525273,5.585151543376646,-0.0392356977808087,0.0,0.3392605656695925,1.329018835895665,BTCUSDT,SUBE,v4_63_sin_pesos,63,0.2419825072886297,0.5420438852232622,0.600122755869265,0.0001704866327824,0.00039384627451785,0.0004467192834709,0.0003409042485191,0.00078608778662415,0.0008903670762101001,0.9479419145255334,2.822020539710719,3.7481572503703706,4,8.0,8,0.75,0.75,0.0,0.75,0.75,0.0,0.014824872115635,0.01726165416326105,0.0048735640952521,5.585151543376646,107.05577831495002,202.94125354314676,-0.0392356977808087,-0.0197607210430777,0.038949953475462006,0.2464594157609555,0.292859990715274,0.092801149908637,1.329018835895665,1.3517143952659376,0.04539111874054513
0.9,0.1793201620299602,16,2,93833,429509,18,3.4393151941302355e-05,0.8888888888888888,0.0001704866327824,0.9999953435418416,0.5000829150873121,0.0003409078802987,4.956993562945677,0.0211260980646167,0.0207675098026709,4,0.0109639313307662,0.75,0.75,0.014824872115635,0.014824872115635,0.01829395346116,208.5264050865234,-0.0002857443053467,0.0,0.2464594157609555,1.37440995463621,0.2552714502657555,70,257,134407,392066,327,0.0006207289293849,0.2140672782874617,0.0005205351100931,0.9993449275214557,0.4999327313157743,0.0010385448503011,0.8385868379115751,-0.0191585219987794,-0.0255821551183136,12,0.0328018845897581,0.75,0.75,0.0196984362108871,0.0196984362108871,0.0107609047525273,5.585151543376646,-0.0392356977808087,0.0,0.3392605656695925,1.329018835895665,BTCUSDT,SUBE,v4_63_sin_pesos,63,0.2140672782874617,0.5514780835881753,0.6748216106014271,0.0001704866327824,0.00034551087143775,0.0003500484773107,0.0003409078802987,0.0006897263652998999,0.0006976369700024,0.8385868379115751,2.8977902004286262,4.118406725034102,4,8.0,8,0.75,0.75,0.0,0.75,0.75,0.0,0.014824872115635,0.01726165416326105,0.0048735640952521,5.585151543376646,107.05577831495002,202.94125354314676,-0.0392356977808087,-0.0197607210430777,0.038949953475462006,0.2464594157609555,0.292859990715274,0.092801149908637,1.329018835895665,1.3517143952659376,0.04539111874054513
0.91,0.1793201620299602,14,2,93835,429509,16,3.057169061449098e-05,0.875,0.0001491758036846,0.9999953435418416,0.5000722596727631,0.0002983007510786,4.879540538524651,0.0216794177048268,0.0226782178278389,4,0.0109639313307662,0.75,0.75,0.014824872115635,0.014824872115635,0.01829395346116,208.5264050865234,-0.0002857443053467,0.0,0.2464594157609555,1.37440995463621,0.2552714502657555,55,255,134422,392068,310,0.0005884586180713,0.1774193548387097,0.000408991872216,0.9993500253617555,0.4998795086169858,0.0008161024431139,0.6950223170433031,-0.0212705331807238,-0.0261984919653752,12,0.0328018845897581,0.75,0.75,0.0196984362108871,0.0196984362108871,0.0107609047525273,5.585151543376646,-0.0392356977808087,0.0,0.3392605656695925,1.329018835895665,BTCUSDT,SUBE,v4_63_sin_pesos,63,0.1774193548387097,0.5262096774193549,0.6975806451612903,0.0001491758036846,0.0002790838379503,0.0002598160685314,0.0002983007510786,0.0005572015970962501,0.0005178016920353,0.6950223170433031,2.7872814277839773,4.184518221481348,4,8.0,8,0.75,0.75,0.0,0.75,0.75,0.0,0.014824872115635,0.01726165416326105,0.0048735640952521,5.585151543376646,107.05577831495002,202.94125354314676,-0.0392356977808087,-0.0197607210430777,0.038949953475462006,0.2464594157609555,0.292859990715274,0.092801149908637,1.329018835895665,1.3517143952659376,0.04539111874054513
0.92,0.1793201620299602,11,2,93838,429509,13,2.4839498624273924e-05,0.8461538461538461,0.0001172095600379,0.9999953435418416,0.5000562765509399,0.0002343866527455,4.718676564727136,0.0216509901164223,0.0226469579183967,3,0.0082229484980746,0.6666666666666666,0.6666666666666666,0.0121007208723244,0.0121007208723244,0.0138784291850388,128.04422078659132,-0.0002857443053465,0.0,0.2464594157609555,1.37440995463621,0.2552714502657555,43,254,134434,392069,297,0.0005637813211845,0.1447811447811448,0.0003197572819143,0.9993525742819056,0.4998361657819099,0.0006381052725303,0.5671654414562124,-0.0232170050438328,-0.0266638842602888,11,0.0300683942072782,0.7272727272727273,0.7272727272727273,0.0214042996922437,0.0214042996922437,0.0144307638319778,5.56703569384525,-0.0392356977808086,0.0,0.3392605656695925,1.329018835895665,BTCUSDT,SUBE,v4_63_sin_pesos,63,0.1447811447811448,0.49546749546749547,0.7013727013727014,0.0001172095600379,0.0002184834209761,0.0002025477218764,0.0002343866527455,0.0004362459626379,0.00040371861978480005,0.5671654414562124,2.642921003091674,4.151511123270923,3,7.0,8,0.6666666666666666,0.696969696969697,0.06060606060606066,0.6666666666666666,0.696969696969697,0.06060606060606066,0.0121007208723244,0.016752510282284052,0.0093035788199193,5.56703569384525,66.80562824021828,122.47718509274607,-0.0392356977808086,-0.01976072104307755,0.038949953475462096,0.2464594157609555,0.292859990715274,0.092801149908637,1.329018835895665,1.3517143952659376,0.04539111874054513
0.93,0.1793201620299602,10,1,93839,429510,11,2.101803729746255e-05,0.9090909090909092,0.000106554145489,0.9999976717709208,0.500052112958205,0.0002130833155763,5.069652507558079,0.0243795077699369,0.0227094777372811,3,0.0082229484980746,0.6666666666666666,0.6666666666666666,0.0121007208723244,0.0121007208723244,0.0138784291850388,128.04422078659132,-0.0002857443053465,0.0,0.2464594157609555,1.37440995463621,0.2552714502657555,36,252,134441,392071,288,0.0005466970387243,0.125,0.000267703770905,0.9993576721222054,0.4998126879465552,0.0005342633473082,0.4896748142805089,-0.0245532915423711,-0.027121324858275,11,0.0300683942072782,0.7272727272727273,0.7272727272727273,0.0214042996922437,0.0214042996922437,0.0144307638319778,5.56703569384525,-0.0392356977808086,0.0,0.3392605656695925,1.329018835895665,BTCUSDT,SUBE,v4_63_sin_pesos,63,0.125,0.5170454545454546,0.7840909090909092,0.000106554145489,0.000187128958197,0.000161149625416,0.0002130833155763,0.00037367333144225,0.0003211800317319,0.4896748142805089,2.7796636609192937,4.57997769327757,3,7.0,8,0.6666666666666666,0.696969696969697,0.06060606060606066,0.6666666666666666,0.696969696969697,0.06060606060606066,0.0121007208723244,0.016752510282284052,0.0093035788199193,5.56703569384525,66.80562824021828,122.47718509274607,-0.0392356977808086,-0.01976072104307755,0.038949953475462096,0.2464594157609555,0.292859990715274,0.092801149908637,1.329018835895665,1.3517143952659376,0.04539111874054513
0.94,0.1793201620299602,10,0,93839,429511,10,1.9107306634056862e-05,1.0,0.000106554145489,1.0,0.5000532770727445,0.0002130855858255,5.576617758313887,0.0268460329774653,0.0231564949274437,2,0.0054819656653831,1.0,1.0,0.01829395346116,0.01829395346116,0.01829395346116,inf,0.0,0.0,0.2464594157609555,1.37440995463621,0.2552714502657555,31,242,134446,392081,273,0.0005182232346241,0.1135531135531135,0.0002305226916126,0.9993831613237052,0.4998068420076589,0.0004601113172541,0.4448327983207554,-0.0257912572317449,-0.0276645541228768,11,0.0300683942072782,0.7272727272727273,0.7272727272727273,0.0214042996922437,0.0214042996922437,0.0144307638319778,5.56703569384525,-0.0392356977808086,0.0,0.3392605656695925,1.329018835895665,BTCUSDT,SUBE,v4_63_sin_pesos,63,0.1135531135531135,0.5567765567765568,0.8864468864468865,0.000106554145489,0.0001685384185508,0.0001239685461236,0.0002130855858255,0.00033659845153980004,0.00024702573142860003,0.4448327983207554,3.010725278317321,5.131784959993132,2,6.5,9,0.7272727272727273,0.8636363636363636,0.2727272727272727,0.7272727272727273,0.8636363636363636,0.2727272727272727,0.01829395346116,0.01984912657670185,0.0031103462310837007,5.56703569384525,inf,inf,-0.0392356977808086,-0.0196178488904043,0.0392356977808086,0.2464594157609555,0.292859990715274,0.092801149908637,1.329018835895665,1.3517143952659376,0.04539111874054513
0.95,0.1793201620299602,10,0,93839,429511,10,1.9107306634056862e-05,1.0,0.000106554145489,1.0,0.5000532770727445,0.0002130855858255,5.576617758313887,0.0268460329774653,0.0231564949274437,2,0.0054819656653831,1.0,1.0,0.01829395346116,0.01829395346116,0.01829395346116,inf,0.0,0.0,0.2464594157609555,1.37440995463621,0.2552714502657555,27,215,134450,392108,242,0.000459377372817,0.1115702479338843,0.0002007778281787,0.9994519821677548,0.4998263799979667,0.0004008343292334,0.437065123490041,-0.0268991721499425,-0.0285137105871203,10,0.0273349038247984,0.7,0.7,0.0229316526355798,0.0229316526355798,0.0224036948417115,5.448115464113728,-0.0392356977808086,0.0,0.3392605656695925,1.329018835895665,BTCUSDT,SUBE,v4_63_sin_pesos,63,0.1115702479338843,0.5557851239669421,0.8884297520661157,0.000106554145489,0.00015366598683385,9.422368268970001e-05,0.0002130855858255,0.00030695995752945003,0.00018774874340790002,0.437065123490041,3.006841440901964,5.139552634823846,2,6.0,8,0.7,0.85,0.30000000000000004,0.7,0.85,0.30000000000000004,0.01829395346116,0.0206128030483699,0.0046376991744198,5.448115464113728,inf,inf,-0.0392356977808086,-0.0196178488904043,0.0392356977808086,0.2464594157609555,0.292859990715274,0.092801149908637,1.329018835895665,1.3517143952659376,0.04539111874054513
