umbral,prevalencia_validacion_2023,verdaderos_positivos_validacion_2023,falsos_positivos_validacion_2023,falsos_negativos_validacion_2023,verdaderos_negativos_validacion_2023,senales_validacion_2023,cobertura_validacion_2023,precision_validacion_2023,recall_validacion_2023,especificidad_validacion_2023,balanced_accuracy_validacion_2023,f1_validacion_2023,precision_lift_validacion_2023,retorno_bruto_medio_todas_senales_validacion_2023,retorno_bruto_mediano_todas_senales_validacion_2023,operaciones_no_solapadas_validacion_2023,operaciones_no_solapadas_por_dia_validacion_2023,precision_objetivo_no_solapada_validacion_2023,tasa_retorno_positivo_no_solapada_validacion_2023,retorno_bruto_medio_no_solapado_validacion_2023,retorno_neto_medio_no_solapado_validacion_2023,retorno_neto_mediano_no_solapado_validacion_2023,factor_beneficio_no_solapado_validacion_2023,maximo_drawdown_no_solapado_validacion_2023,coste_operacion_validacion_2023,pr_auc_validacion_2023,pr_auc_lift_validacion_2023,prevalencia_validacion_2024,verdaderos_positivos_validacion_2024,falsos_positivos_validacion_2024,falsos_negativos_validacion_2024,verdaderos_negativos_validacion_2024,senales_validacion_2024,cobertura_validacion_2024,precision_validacion_2024,recall_validacion_2024,especificidad_validacion_2024,balanced_accuracy_validacion_2024,f1_validacion_2024,precision_lift_validacion_2024,retorno_bruto_medio_todas_senales_validacion_2024,retorno_bruto_mediano_todas_senales_validacion_2024,operaciones_no_solapadas_validacion_2024,operaciones_no_solapadas_por_dia_validacion_2024,precision_objetivo_no_solapada_validacion_2024,tasa_retorno_positivo_no_solapada_validacion_2024,retorno_bruto_medio_no_solapado_validacion_2024,retorno_neto_medio_no_solapado_validacion_2024,retorno_neto_mediano_no_solapado_validacion_2024,factor_beneficio_no_solapado_validacion_2024,maximo_drawdown_no_solapado_validacion_2024,coste_operacion_validacion_2024,pr_auc_validacion_2024,pr_auc_lift_validacion_2024,simbolo,detector,variante,variables,precision_minimo,precision_medio,precision_diferencia,recall_minimo,recall_medio,recall_diferencia,f1_minimo,f1_medio,f1_diferencia,precision_lift_minimo,precision_lift_medio,precision_lift_diferencia,operaciones_no_solapadas_minimo,operaciones_no_solapadas_medio,operaciones_no_solapadas_diferencia,precision_objetivo_no_solapada_minimo,precision_objetivo_no_solapada_medio,precision_objetivo_no_solapada_diferencia,tasa_retorno_positivo_no_solapada_minimo,tasa_retorno_positivo_no_solapada_medio,tasa_retorno_positivo_no_solapada_diferencia,retorno_neto_medio_no_solapado_minimo,retorno_neto_medio_no_solapado_medio,retorno_neto_medio_no_solapado_diferencia,factor_beneficio_no_solapado_minimo,factor_beneficio_no_solapado_medio,factor_beneficio_no_solapado_diferencia,maximo_drawdown_no_solapado_minimo,maximo_drawdown_no_solapado_medio,maximo_drawdown_no_solapado_diferencia,pr_auc_minimo,pr_auc_medio,pr_auc_diferencia,pr_auc_lift_minimo,pr_auc_lift_medio,pr_auc_lift_diferencia
0.05,0.1900317181290125,99455,423905,0,0,523360,1.0,0.1900317181290125,1.0,0.0,0.5,0.319372526352127,1.0,-0.0003595599620896,-8.517729305945743e-05,2182,5.980824540932963,0.1929422548120989,0.495417048579285,-0.0003577515174623,-0.0003577515174623,-4.326593969550263e-05,0.8935188370128918,-0.6121241711987524,0.0,0.2360257794373965,1.24203360239662,0.2692350037965072,141833,384967,0,0,526800,1.0,0.2692350037965072,1.0,0.0,0.5,0.4242476814635234,1.0,-0.0002640153654936,-0.0003007208948118,2195,6.0000113895432605,0.267881548974943,0.483371298405467,-0.000267798472289,-0.000267798472289,-0.0003823637993778,0.942495093623751,-0.6260611608444413,0.0,0.3093983047620205,1.1491756287227404,ETHUSDT,BAJA,v4_52_balanceado,52,0.1900317181290125,0.22963336096275988,0.07920328566749471,1.0,1.0,0.0,0.319372526352127,0.3718101039078252,0.10487515511139639,1.0,1.0,0.0,2182,2188.5,13,0.1929422548120989,0.23041190189352095,0.07493929416284409,0.483371298405467,0.489394173492376,0.012045750173817982,-0.0003577515174623,-0.00031277499487565,8.995304517330003e-05,0.8935188370128918,0.9180069653183214,0.04897625661085914,-0.6260611608444413,-0.6190926660215968,0.013936989645688902,0.2360257794373965,0.2727120420997085,0.07337252532462402,1.1491756287227404,1.1956046155596802,0.09285797367387971
0.06,0.1900317181290125,99455,423905,0,0,523360,1.0,0.1900317181290125,1.0,0.0,0.5,0.319372526352127,1.0,-0.0003595599620896,-8.517729305945743e-05,2182,5.980824540932963,0.1929422548120989,0.495417048579285,-0.0003577515174623,-0.0003577515174623,-4.326593969550263e-05,0.8935188370128918,-0.6121241711987524,0.0,0.2360257794373965,1.24203360239662,0.2692350037965072,141833,384967,0,0,526800,1.0,0.2692350037965072,1.0,0.0,0.5,0.4242476814635234,1.0,-0.0002640153654936,-0.0003007208948118,2195,6.0000113895432605,0.267881548974943,0.483371298405467,-0.000267798472289,-0.000267798472289,-0.0003823637993778,0.942495093623751,-0.6260611608444413,0.0,0.3093983047620205,1.1491756287227404,ETHUSDT,BAJA,v4_52_balanceado,52,0.1900317181290125,0.22963336096275988,0.07920328566749471,1.0,1.0,0.0,0.319372526352127,0.3718101039078252,0.10487515511139639,1.0,1.0,0.0,2182,2188.5,13,0.1929422548120989,0.23041190189352095,0.07493929416284409,0.483371298405467,0.489394173492376,0.012045750173817982,-0.0003577515174623,-0.00031277499487565,8.995304517330003e-05,0.8935188370128918,0.9180069653183214,0.04897625661085914,-0.6260611608444413,-0.6190926660215968,0.013936989645688902,0.2360257794373965,0.2727120420997085,0.07337252532462402,1.1491756287227404,1.1956046155596802,0.09285797367387971
0.07,0.1900317181290125,99455,423905,0,0,523360,1.0,0.1900317181290125,1.0,0.0,0.5,0.319372526352127,1.0,-0.0003595599620896,-8.517729305945743e-05,2182,5.980824540932963,0.1929422548120989,0.495417048579285,-0.0003577515174623,-0.0003577515174623,-4.326593969550263e-05,0.8935188370128918,-0.6121241711987524,0.0,0.2360257794373965,1.24203360239662,0.2692350037965072,141833,384967,0,0,526800,1.0,0.2692350037965072,1.0,0.0,0.5,0.4242476814635234,1.0,-0.0002640153654936,-0.0003007208948118,2195,6.0000113895432605,0.267881548974943,0.483371298405467,-0.000267798472289,-0.000267798472289,-0.0003823637993778,0.942495093623751,-0.6260611608444413,0.0,0.3093983047620205,1.1491756287227404,ETHUSDT,BAJA,v4_52_balanceado,52,0.1900317181290125,0.22963336096275988,0.07920328566749471,1.0,1.0,0.0,0.319372526352127,0.3718101039078252,0.10487515511139639,1.0,1.0,0.0,2182,2188.5,13,0.1929422548120989,0.23041190189352095,0.07493929416284409,0.483371298405467,0.489394173492376,0.012045750173817982,-0.0003577515174623,-0.00031277499487565,8.995304517330003e-05,0.8935188370128918,0.9180069653183214,0.04897625661085914,-0.6260611608444413,-0.6190926660215968,0.013936989645688902,0.2360257794373965,0.2727120420997085,0.07337252532462402,1.1491756287227404,1.1956046155596802,0.09285797367387971
0.08,0.1900317181290125,99455,423905,0,0,523360,1.0,0.1900317181290125,1.0,0.0,0.5,0.319372526352127,1.0,-0.0003595599620896,-8.517729305945743e-05,2182,5.980824540932963,0.1929422548120989,0.495417048579285,-0.0003577515174623,-0.0003577515174623,-4.326593969550263e-05,0.8935188370128918,-0.6121241711987524,0.0,0.2360257794373965,1.24203360239662,0.2692350037965072,141833,384967,0,0,526800,1.0,0.2692350037965072,1.0,0.0,0.5,0.4242476814635234,1.0,-0.0002640153654936,-0.0003007208948118,2195,6.0000113895432605,0.267881548974943,0.483371298405467,-0.000267798472289,-0.000267798472289,-0.0003823637993778,0.942495093623751,-0.6260611608444413,0.0,0.3093983047620205,1.1491756287227404,ETHUSDT,BAJA,v4_52_balanceado,52,0.1900317181290125,0.22963336096275988,0.07920328566749471,1.0,1.0,0.0,0.319372526352127,0.3718101039078252,0.10487515511139639,1.0,1.0,0.0,2182,2188.5,13,0.1929422548120989,0.23041190189352095,0.07493929416284409,0.483371298405467,0.489394173492376,0.012045750173817982,-0.0003577515174623,-0.00031277499487565,8.995304517330003e-05,0.8935188370128918,0.9180069653183214,0.04897625661085914,-0.6260611608444413,-0.6190926660215968,0.013936989645688902,0.2360257794373965,0.2727120420997085,0.07337252532462402,1.1491756287227404,1.1956046155596802,0.09285797367387971
0.09,0.1900317181290125,99455,423905,0,0,523360,1.0,0.1900317181290125,1.0,0.0,0.5,0.319372526352127,1.0,-0.0003595599620896,-8.517729305945743e-05,2182,5.980824540932963,0.1929422548120989,0.495417048579285,-0.0003577515174623,-0.0003577515174623,-4.326593969550263e-05,0.8935188370128918,-0.6121241711987524,0.0,0.2360257794373965,1.24203360239662,0.2692350037965072,141833,384967,0,0,526800,1.0,0.2692350037965072,1.0,0.0,0.5,0.4242476814635234,1.0,-0.0002640153654936,-0.0003007208948118,2195,6.0000113895432605,0.267881548974943,0.483371298405467,-0.000267798472289,-0.000267798472289,-0.0003823637993778,0.942495093623751,-0.6260611608444413,0.0,0.3093983047620205,1.1491756287227404,ETHUSDT,BAJA,v4_52_balanceado,52,0.1900317181290125,0.22963336096275988,0.07920328566749471,1.0,1.0,0.0,0.319372526352127,0.3718101039078252,0.10487515511139639,1.0,1.0,0.0,2182,2188.5,13,0.1929422548120989,0.23041190189352095,0.07493929416284409,0.483371298405467,0.489394173492376,0.012045750173817982,-0.0003577515174623,-0.00031277499487565,8.995304517330003e-05,0.8935188370128918,0.9180069653183214,0.04897625661085914,-0.6260611608444413,-0.6190926660215968,0.013936989645688902,0.2360257794373965,0.2727120420997085,0.07337252532462402,1.1491756287227404,1.1956046155596802,0.09285797367387971
0.1,0.1900317181290125,99455,423905,0,0,523360,1.0,0.1900317181290125,1.0,0.0,0.5,0.319372526352127,1.0,-0.0003595599620896,-8.517729305945743e-05,2182,5.980824540932963,0.1929422548120989,0.495417048579285,-0.0003577515174623,-0.0003577515174623,-4.326593969550263e-05,0.8935188370128918,-0.6121241711987524,0.0,0.2360257794373965,1.24203360239662,0.2692350037965072,141833,384967,0,0,526800,1.0,0.2692350037965072,1.0,0.0,0.5,0.4242476814635234,1.0,-0.0002640153654936,-0.0003007208948118,2195,6.0000113895432605,0.267881548974943,0.483371298405467,-0.000267798472289,-0.000267798472289,-0.0003823637993778,0.942495093623751,-0.6260611608444413,0.0,0.3093983047620205,1.1491756287227404,ETHUSDT,BAJA,v4_52_balanceado,52,0.1900317181290125,0.22963336096275988,0.07920328566749471,1.0,1.0,0.0,0.319372526352127,0.3718101039078252,0.10487515511139639,1.0,1.0,0.0,2182,2188.5,13,0.1929422548120989,0.23041190189352095,0.07493929416284409,0.483371298405467,0.489394173492376,0.012045750173817982,-0.0003577515174623,-0.00031277499487565,8.995304517330003e-05,0.8935188370128918,0.9180069653183214,0.04897625661085914,-0.6260611608444413,-0.6190926660215968,0.013936989645688902,0.2360257794373965,0.2727120420997085,0.07337252532462402,1.1491756287227404,1.1956046155596802,0.09285797367387971
0.11,0.1900317181290125,99455,423905,0,0,523360,1.0,0.1900317181290125,1.0,0.0,0.5,0.319372526352127,1.0,-0.0003595599620896,-8.517729305945743e-05,2182,5.980824540932963,0.1929422548120989,0.495417048579285,-0.0003577515174623,-0.0003577515174623,-4.326593969550263e-05,0.8935188370128918,-0.6121241711987524,0.0,0.2360257794373965,1.24203360239662,0.2692350037965072,141833,384967,0,0,526800,1.0,0.2692350037965072,1.0,0.0,0.5,0.4242476814635234,1.0,-0.0002640153654936,-0.0003007208948118,2195,6.0000113895432605,0.267881548974943,0.483371298405467,-0.000267798472289,-0.000267798472289,-0.0003823637993778,0.942495093623751,-0.6260611608444413,0.0,0.3093983047620205,1.1491756287227404,ETHUSDT,BAJA,v4_52_balanceado,52,0.1900317181290125,0.22963336096275988,0.07920328566749471,1.0,1.0,0.0,0.319372526352127,0.3718101039078252,0.10487515511139639,1.0,1.0,0.0,2182,2188.5,13,0.1929422548120989,0.23041190189352095,0.07493929416284409,0.483371298405467,0.489394173492376,0.012045750173817982,-0.0003577515174623,-0.00031277499487565,8.995304517330003e-05,0.8935188370128918,0.9180069653183214,0.04897625661085914,-0.6260611608444413,-0.6190926660215968,0.013936989645688902,0.2360257794373965,0.2727120420997085,0.07337252532462402,1.1491756287227404,1.1956046155596802,0.09285797367387971
0.12,0.1900317181290125,99455,423905,0,0,523360,1.0,0.1900317181290125,1.0,0.0,0.5,0.319372526352127,1.0,-0.0003595599620896,-8.517729305945743e-05,2182,5.980824540932963,0.1929422548120989,0.495417048579285,-0.0003577515174623,-0.0003577515174623,-4.326593969550263e-05,0.8935188370128918,-0.6121241711987524,0.0,0.2360257794373965,1.24203360239662,0.2692350037965072,141833,384967,0,0,526800,1.0,0.2692350037965072,1.0,0.0,0.5,0.4242476814635234,1.0,-0.0002640153654936,-0.0003007208948118,2195,6.0000113895432605,0.267881548974943,0.483371298405467,-0.000267798472289,-0.000267798472289,-0.0003823637993778,0.942495093623751,-0.6260611608444413,0.0,0.3093983047620205,1.1491756287227404,ETHUSDT,BAJA,v4_52_balanceado,52,0.1900317181290125,0.22963336096275988,0.07920328566749471,1.0,1.0,0.0,0.319372526352127,0.3718101039078252,0.10487515511139639,1.0,1.0,0.0,2182,2188.5,13,0.1929422548120989,0.23041190189352095,0.07493929416284409,0.483371298405467,0.489394173492376,0.012045750173817982,-0.0003577515174623,-0.00031277499487565,8.995304517330003e-05,0.8935188370128918,0.9180069653183214,0.04897625661085914,-0.6260611608444413,-0.6190926660215968,0.013936989645688902,0.2360257794373965,0.2727120420997085,0.07337252532462402,1.1491756287227404,1.1956046155596802,0.09285797367387971
0.13,0.1900317181290125,99455,423905,0,0,523360,1.0,0.1900317181290125,1.0,0.0,0.5,0.319372526352127,1.0,-0.0003595599620896,-8.517729305945743e-05,2182,5.980824540932963,0.1929422548120989,0.495417048579285,-0.0003577515174623,-0.0003577515174623,-4.326593969550263e-05,0.8935188370128918,-0.6121241711987524,0.0,0.2360257794373965,1.24203360239662,0.2692350037965072,141833,384967,0,0,526800,1.0,0.2692350037965072,1.0,0.0,0.5,0.4242476814635234,1.0,-0.0002640153654936,-0.0003007208948118,2195,6.0000113895432605,0.267881548974943,0.483371298405467,-0.000267798472289,-0.000267798472289,-0.0003823637993778,0.942495093623751,-0.6260611608444413,0.0,0.3093983047620205,1.1491756287227404,ETHUSDT,BAJA,v4_52_balanceado,52,0.1900317181290125,0.22963336096275988,0.07920328566749471,1.0,1.0,0.0,0.319372526352127,0.3718101039078252,0.10487515511139639,1.0,1.0,0.0,2182,2188.5,13,0.1929422548120989,0.23041190189352095,0.07493929416284409,0.483371298405467,0.489394173492376,0.012045750173817982,-0.0003577515174623,-0.00031277499487565,8.995304517330003e-05,0.8935188370128918,0.9180069653183214,0.04897625661085914,-0.6260611608444413,-0.6190926660215968,0.013936989645688902,0.2360257794373965,0.2727120420997085,0.07337252532462402,1.1491756287227404,1.1956046155596802,0.09285797367387971
0.14,0.1900317181290125,99455,423905,0,0,523360,1.0,0.1900317181290125,1.0,0.0,0.5,0.319372526352127,1.0,-0.0003595599620896,-8.517729305945743e-05,2182,5.980824540932963,0.1929422548120989,0.495417048579285,-0.0003577515174623,-0.0003577515174623,-4.326593969550263e-05,0.8935188370128918,-0.6121241711987524,0.0,0.2360257794373965,1.24203360239662,0.2692350037965072,141833,384967,0,0,526800,1.0,0.2692350037965072,1.0,0.0,0.5,0.4242476814635234,1.0,-0.0002640153654936,-0.0003007208948118,2195,6.0000113895432605,0.267881548974943,0.483371298405467,-0.000267798472289,-0.000267798472289,-0.0003823637993778,0.942495093623751,-0.6260611608444413,0.0,0.3093983047620205,1.1491756287227404,ETHUSDT,BAJA,v4_52_balanceado,52,0.1900317181290125,0.22963336096275988,0.07920328566749471,1.0,1.0,0.0,0.319372526352127,0.3718101039078252,0.10487515511139639,1.0,1.0,0.0,2182,2188.5,13,0.1929422548120989,0.23041190189352095,0.07493929416284409,0.483371298405467,0.489394173492376,0.012045750173817982,-0.0003577515174623,-0.00031277499487565,8.995304517330003e-05,0.8935188370128918,0.9180069653183214,0.04897625661085914,-0.6260611608444413,-0.6190926660215968,0.013936989645688902,0.2360257794373965,0.2727120420997085,0.07337252532462402,1.1491756287227404,1.1956046155596802,0.09285797367387971
0.15,0.1900317181290125,99455,423905,0,0,523360,1.0,0.1900317181290125,1.0,0.0,0.5,0.319372526352127,1.0,-0.0003595599620896,-8.517729305945743e-05,2182,5.980824540932963,0.1929422548120989,0.495417048579285,-0.0003577515174623,-0.0003577515174623,-4.326593969550263e-05,0.8935188370128918,-0.6121241711987524,0.0,0.2360257794373965,1.24203360239662,0.2692350037965072,141833,384967,0,0,526800,1.0,0.2692350037965072,1.0,0.0,0.5,0.4242476814635234,1.0,-0.0002640153654936,-0.0003007208948118,2195,6.0000113895432605,0.267881548974943,0.483371298405467,-0.000267798472289,-0.000267798472289,-0.0003823637993778,0.942495093623751,-0.6260611608444413,0.0,0.3093983047620205,1.1491756287227404,ETHUSDT,BAJA,v4_52_balanceado,52,0.1900317181290125,0.22963336096275988,0.07920328566749471,1.0,1.0,0.0,0.319372526352127,0.3718101039078252,0.10487515511139639,1.0,1.0,0.0,2182,2188.5,13,0.1929422548120989,0.23041190189352095,0.07493929416284409,0.483371298405467,0.489394173492376,0.012045750173817982,-0.0003577515174623,-0.00031277499487565,8.995304517330003e-05,0.8935188370128918,0.9180069653183214,0.04897625661085914,-0.6260611608444413,-0.6190926660215968,0.013936989645688902,0.2360257794373965,0.2727120420997085,0.07337252532462402,1.1491756287227404,1.1956046155596802,0.09285797367387971
0.16,0.1900317181290125,99455,423905,0,0,523360,1.0,0.1900317181290125,1.0,0.0,0.5,0.319372526352127,1.0,-0.0003595599620896,-8.517729305945743e-05,2182,5.980824540932963,0.1929422548120989,0.495417048579285,-0.0003577515174623,-0.0003577515174623,-4.326593969550263e-05,0.8935188370128918,-0.6121241711987524,0.0,0.2360257794373965,1.24203360239662,0.2692350037965072,141833,384967,0,0,526800,1.0,0.2692350037965072,1.0,0.0,0.5,0.4242476814635234,1.0,-0.0002640153654936,-0.0003007208948118,2195,6.0000113895432605,0.267881548974943,0.483371298405467,-0.000267798472289,-0.000267798472289,-0.0003823637993778,0.942495093623751,-0.6260611608444413,0.0,0.3093983047620205,1.1491756287227404,ETHUSDT,BAJA,v4_52_balanceado,52,0.1900317181290125,0.22963336096275988,0.07920328566749471,1.0,1.0,0.0,0.319372526352127,0.3718101039078252,0.10487515511139639,1.0,1.0,0.0,2182,2188.5,13,0.1929422548120989,0.23041190189352095,0.07493929416284409,0.483371298405467,0.489394173492376,0.012045750173817982,-0.0003577515174623,-0.00031277499487565,8.995304517330003e-05,0.8935188370128918,0.9180069653183214,0.04897625661085914,-0.6260611608444413,-0.6190926660215968,0.013936989645688902,0.2360257794373965,0.2727120420997085,0.07337252532462402,1.1491756287227404,1.1956046155596802,0.09285797367387971
0.17,0.1900317181290125,99455,423905,0,0,523360,1.0,0.1900317181290125,1.0,0.0,0.5,0.319372526352127,1.0,-0.0003595599620896,-8.517729305945743e-05,2182,5.980824540932963,0.1929422548120989,0.495417048579285,-0.0003577515174623,-0.0003577515174623,-4.326593969550263e-05,0.8935188370128918,-0.6121241711987524,0.0,0.2360257794373965,1.24203360239662,0.2692350037965072,141833,384967,0,0,526800,1.0,0.2692350037965072,1.0,0.0,0.5,0.4242476814635234,1.0,-0.0002640153654936,-0.0003007208948118,2195,6.0000113895432605,0.267881548974943,0.483371298405467,-0.000267798472289,-0.000267798472289,-0.0003823637993778,0.942495093623751,-0.6260611608444413,0.0,0.3093983047620205,1.1491756287227404,ETHUSDT,BAJA,v4_52_balanceado,52,0.1900317181290125,0.22963336096275988,0.07920328566749471,1.0,1.0,0.0,0.319372526352127,0.3718101039078252,0.10487515511139639,1.0,1.0,0.0,2182,2188.5,13,0.1929422548120989,0.23041190189352095,0.07493929416284409,0.483371298405467,0.489394173492376,0.012045750173817982,-0.0003577515174623,-0.00031277499487565,8.995304517330003e-05,0.8935188370128918,0.9180069653183214,0.04897625661085914,-0.6260611608444413,-0.6190926660215968,0.013936989645688902,0.2360257794373965,0.2727120420997085,0.07337252532462402,1.1491756287227404,1.1956046155596802,0.09285797367387971
0.18,0.1900317181290125,99455,423905,0,0,523360,1.0,0.1900317181290125,1.0,0.0,0.5,0.319372526352127,1.0,-0.0003595599620896,-8.517729305945743e-05,2182,5.980824540932963,0.1929422548120989,0.495417048579285,-0.0003577515174623,-0.0003577515174623,-4.326593969550263e-05,0.8935188370128918,-0.6121241711987524,0.0,0.2360257794373965,1.24203360239662,0.2692350037965072,141833,384967,0,0,526800,1.0,0.2692350037965072,1.0,0.0,0.5,0.4242476814635234,1.0,-0.0002640153654936,-0.0003007208948118,2195,6.0000113895432605,0.267881548974943,0.483371298405467,-0.000267798472289,-0.000267798472289,-0.0003823637993778,0.942495093623751,-0.6260611608444413,0.0,0.3093983047620205,1.1491756287227404,ETHUSDT,BAJA,v4_52_balanceado,52,0.1900317181290125,0.22963336096275988,0.07920328566749471,1.0,1.0,0.0,0.319372526352127,0.3718101039078252,0.10487515511139639,1.0,1.0,0.0,2182,2188.5,13,0.1929422548120989,0.23041190189352095,0.07493929416284409,0.483371298405467,0.489394173492376,0.012045750173817982,-0.0003577515174623,-0.00031277499487565,8.995304517330003e-05,0.8935188370128918,0.9180069653183214,0.04897625661085914,-0.6260611608444413,-0.6190926660215968,0.013936989645688902,0.2360257794373965,0.2727120420997085,0.07337252532462402,1.1491756287227404,1.1956046155596802,0.09285797367387971
0.19,0.1900317181290125,99455,423905,0,0,523360,1.0,0.1900317181290125,1.0,0.0,0.5,0.319372526352127,1.0,-0.0003595599620896,-8.517729305945743e-05,2182,5.980824540932963,0.1929422548120989,0.495417048579285,-0.0003577515174623,-0.0003577515174623,-4.326593969550263e-05,0.8935188370128918,-0.6121241711987524,0.0,0.2360257794373965,1.24203360239662,0.2692350037965072,141833,384967,0,0,526800,1.0,0.2692350037965072,1.0,0.0,0.5,0.4242476814635234,1.0,-0.0002640153654936,-0.0003007208948118,2195,6.0000113895432605,0.267881548974943,0.483371298405467,-0.000267798472289,-0.000267798472289,-0.0003823637993778,0.942495093623751,-0.6260611608444413,0.0,0.3093983047620205,1.1491756287227404,ETHUSDT,BAJA,v4_52_balanceado,52,0.1900317181290125,0.22963336096275988,0.07920328566749471,1.0,1.0,0.0,0.319372526352127,0.3718101039078252,0.10487515511139639,1.0,1.0,0.0,2182,2188.5,13,0.1929422548120989,0.23041190189352095,0.07493929416284409,0.483371298405467,0.489394173492376,0.012045750173817982,-0.0003577515174623,-0.00031277499487565,8.995304517330003e-05,0.8935188370128918,0.9180069653183214,0.04897625661085914,-0.6260611608444413,-0.6190926660215968,0.013936989645688902,0.2360257794373965,0.2727120420997085,0.07337252532462402,1.1491756287227404,1.1956046155596802,0.09285797367387971
0.2,0.1900317181290125,99455,423905,0,0,523360,1.0,0.1900317181290125,1.0,0.0,0.5,0.319372526352127,1.0,-0.0003595599620896,-8.517729305945743e-05,2182,5.980824540932963,0.1929422548120989,0.495417048579285,-0.0003577515174623,-0.0003577515174623,-4.326593969550263e-05,0.8935188370128918,-0.6121241711987524,0.0,0.2360257794373965,1.24203360239662,0.2692350037965072,141833,384967,0,0,526800,1.0,0.2692350037965072,1.0,0.0,0.5,0.4242476814635234,1.0,-0.0002640153654936,-0.0003007208948118,2195,6.0000113895432605,0.267881548974943,0.483371298405467,-0.000267798472289,-0.000267798472289,-0.0003823637993778,0.942495093623751,-0.6260611608444413,0.0,0.3093983047620205,1.1491756287227404,ETHUSDT,BAJA,v4_52_balanceado,52,0.1900317181290125,0.22963336096275988,0.07920328566749471,1.0,1.0,0.0,0.319372526352127,0.3718101039078252,0.10487515511139639,1.0,1.0,0.0,2182,2188.5,13,0.1929422548120989,0.23041190189352095,0.07493929416284409,0.483371298405467,0.489394173492376,0.012045750173817982,-0.0003577515174623,-0.00031277499487565,8.995304517330003e-05,0.8935188370128918,0.9180069653183214,0.04897625661085914,-0.6260611608444413,-0.6190926660215968,0.013936989645688902,0.2360257794373965,0.2727120420997085,0.07337252532462402,1.1491756287227404,1.1956046155596802,0.09285797367387971
0.21,0.1900317181290125,99455,423905,0,0,523360,1.0,0.1900317181290125,1.0,0.0,0.5,0.319372526352127,1.0,-0.0003595599620896,-8.517729305945743e-05,2182,5.980824540932963,0.1929422548120989,0.495417048579285,-0.0003577515174623,-0.0003577515174623,-4.326593969550263e-05,0.8935188370128918,-0.6121241711987524,0.0,0.2360257794373965,1.24203360239662,0.2692350037965072,141833,384967,0,0,526800,1.0,0.2692350037965072,1.0,0.0,0.5,0.4242476814635234,1.0,-0.0002640153654936,-0.0003007208948118,2195,6.0000113895432605,0.267881548974943,0.483371298405467,-0.000267798472289,-0.000267798472289,-0.0003823637993778,0.942495093623751,-0.6260611608444413,0.0,0.3093983047620205,1.1491756287227404,ETHUSDT,BAJA,v4_52_balanceado,52,0.1900317181290125,0.22963336096275988,0.07920328566749471,1.0,1.0,0.0,0.319372526352127,0.3718101039078252,0.10487515511139639,1.0,1.0,0.0,2182,2188.5,13,0.1929422548120989,0.23041190189352095,0.07493929416284409,0.483371298405467,0.489394173492376,0.012045750173817982,-0.0003577515174623,-0.00031277499487565,8.995304517330003e-05,0.8935188370128918,0.9180069653183214,0.04897625661085914,-0.6260611608444413,-0.6190926660215968,0.013936989645688902,0.2360257794373965,0.2727120420997085,0.07337252532462402,1.1491756287227404,1.1956046155596802,0.09285797367387971
0.22,0.1900317181290125,99455,423884,0,21,523339,0.9999598746560684,0.1900393435230319,1.0,4.953940151684929e-05,0.5000247697007584,0.3193832952790168,1.000040126954039,-0.0003595712056448,-8.529421172154272e-05,2182,5.980824540932963,0.1929422548120989,0.495417048579285,-0.0003577515174623,-0.0003577515174623,-4.326593969550263e-05,0.8935188370128918,-0.6121241711987524,0.0,0.2360257794373965,1.24203360239662,0.2692350037965072,141833,384967,0,0,526800,1.0,0.2692350037965072,1.0,0.0,0.5,0.4242476814635234,1.0,-0.0002640153654936,-0.0003007208948118,2195,6.0000113895432605,0.267881548974943,0.483371298405467,-0.000267798472289,-0.000267798472289,-0.0003823637993778,0.942495093623751,-0.6260611608444413,0.0,0.3093983047620205,1.1491756287227404,ETHUSDT,BAJA,v4_52_balanceado,52,0.1900393435230319,0.22963717365976954,0.07919566027347533,1.0,1.0,0.0,0.3193832952790168,0.3718154883712701,0.10486438618450655,1.0,1.0000200634770195,4.012695403909916e-05,2182,2188.5,13,0.1929422548120989,0.23041190189352095,0.07493929416284409,0.483371298405467,0.489394173492376,0.012045750173817982,-0.0003577515174623,-0.00031277499487565,8.995304517330003e-05,0.8935188370128918,0.9180069653183214,0.04897625661085914,-0.6260611608444413,-0.6190926660215968,0.013936989645688902,0.2360257794373965,0.2727120420997085,0.07337252532462402,1.1491756287227404,1.1956046155596802,0.09285797367387971
0.23,0.1900317181290125,99455,423838,0,67,523293,0.999871981045552,0.1900560489056799,1.0,0.0001580542810299,0.500079027140515,0.3194068868948596,1.0001280353453992,-0.0003596041839512,-8.53866145809068e-05,2182,5.980824540932963,0.1929422548120989,0.495417048579285,-0.0003577515174623,-0.0003577515174623,-4.326593969550263e-05,0.8935188370128918,-0.6121241711987524,0.0,0.2360257794373965,1.24203360239662,0.2692350037965072,141833,384967,0,0,526800,1.0,0.2692350037965072,1.0,0.0,0.5,0.4242476814635234,1.0,-0.0002640153654936,-0.0003007208948118,2195,6.0000113895432605,0.267881548974943,0.483371298405467,-0.000267798472289,-0.000267798472289,-0.0003823637993778,0.942495093623751,-0.6260611608444413,0.0,0.3093983047620205,1.1491756287227404,ETHUSDT,BAJA,v4_52_balanceado,52,0.1900560489056799,0.22964552635109356,0.07917895489082732,1.0,1.0,0.0,0.3194068868948596,0.3718272841791915,0.1048407945686638,1.0,1.0000640176726996,0.00012803534539918004,2182,2188.5,13,0.1929422548120989,0.23041190189352095,0.07493929416284409,0.483371298405467,0.489394173492376,0.012045750173817982,-0.0003577515174623,-0.00031277499487565,8.995304517330003e-05,0.8935188370128918,0.9180069653183214,0.04897625661085914,-0.6260611608444413,-0.6190926660215968,0.013936989645688902,0.2360257794373965,0.2727120420997085,0.07337252532462402,1.1491756287227404,1.1956046155596802,0.09285797367387971
0.24,0.1900317181290125,99455,423801,0,104,523256,0.9998012840110058,0.1900694879752931,1.0,0.0002453379884643,0.5001226689942322,0.3194258652890345,1.0001987554848868,-0.0003596920171626,-8.566096613660257e-05,2182,5.980824540932963,0.1929422548120989,0.495417048579285,-0.0003577515174623,-0.0003577515174623,-4.326593969550263e-05,0.8935188370128918,-0.6121241711987524,0.0,0.2360257794373965,1.24203360239662,0.2692350037965072,141833,384967,0,0,526800,1.0,0.2692350037965072,1.0,0.0,0.5,0.4242476814635234,1.0,-0.0002640153654936,-0.0003007208948118,2195,6.0000113895432605,0.267881548974943,0.483371298405467,-0.000267798472289,-0.000267798472289,-0.0003823637993778,0.942495093623751,-0.6260611608444413,0.0,0.3093983047620205,1.1491756287227404,ETHUSDT,BAJA,v4_52_balanceado,52,0.1900694879752931,0.22965224588590016,0.07916551582121412,1.0,1.0,0.0,0.3194258652890345,0.37183677337627896,0.10482181617448888,1.0,1.0000993777424434,0.0001987554848867923,2182,2188.5,13,0.1929422548120989,0.23041190189352095,0.07493929416284409,0.483371298405467,0.489394173492376,0.012045750173817982,-0.0003577515174623,-0.00031277499487565,8.995304517330003e-05,0.8935188370128918,0.9180069653183214,0.04897625661085914,-0.6260611608444413,-0.6190926660215968,0.013936989645688902,0.2360257794373965,0.2727120420997085,0.07337252532462402,1.1491756287227404,1.1956046155596802,0.09285797367387971
0.25,0.1900317181290125,99455,423711,0,194,523166,0.9996293182512992,0.1901021855395801,1.0,0.0004576497092508,0.5002288248546255,0.3194720383668395,1.000370819204612,-0.0003598413321816,-8.614041467114308e-05,2182,5.980824540932963,0.1929422548120989,0.495417048579285,-0.0003577515174623,-0.0003577515174623,-4.326593969550263e-05,0.8935188370128918,-0.6121241711987524,0.0,0.2360257794373965,1.24203360239662,0.2692350037965072,141833,384967,0,0,526800,1.0,0.2692350037965072,1.0,0.0,0.5,0.4242476814635234,1.0,-0.0002640153654936,-0.0003007208948118,2195,6.0000113895432605,0.267881548974943,0.483371298405467,-0.000267798472289,-0.000267798472289,-0.0003823637993778,0.942495093623751,-0.6260611608444413,0.0,0.3093983047620205,1.1491756287227404,ETHUSDT,BAJA,v4_52_balanceado,52,0.1901021855395801,0.22966859466804368,0.07913281825692711,1.0,1.0,0.0,0.3194720383668395,0.37185985991518145,0.10477564309668386,1.0,1.000185409602306,0.0003708192046119052,2182,2188.5,13,0.1929422548120989,0.23041190189352095,0.07493929416284409,0.483371298405467,0.489394173492376,0.012045750173817982,-0.0003577515174623,-0.00031277499487565,8.995304517330003e-05,0.8935188370128918,0.9180069653183214,0.04897625661085914,-0.6260611608444413,-0.6190926660215968,0.013936989645688902,0.2360257794373965,0.2727120420997085,0.07337252532462402,1.1491756287227404,1.1956046155596802,0.09285797367387971
0.26,0.1900317181290125,99455,423562,0,343,523017,0.999344619382452,0.1901563429104598,1.0,0.0008091435581085,0.5004045717790543,0.3195485098124895,1.000655810422988,-0.0003599884980208,-8.646084867480752e-05,2182,5.980824540932963,0.1929422548120989,0.495417048579285,-0.0003577515174623,-0.0003577515174623,-4.326593969550263e-05,0.8935188370128918,-0.6121241711987524,0.0,0.2360257794373965,1.24203360239662,0.2692350037965072,141832,384967,1,0,526799,0.9999981017463934,0.2692336166165843,0.9999929494546403,0.0,0.4999964747273202,0.424245324782541,0.9999948476984664,-0.0002640254712658,-0.0003007208948118,2195,6.0000113895432605,0.267881548974943,0.483371298405467,-0.000267798472289,-0.000267798472289,-0.0003823637993778,0.942495093623751,-0.6260611608444413,0.0,0.3093983047620205,1.1491756287227404,ETHUSDT,BAJA,v4_52_balanceado,52,0.1901563429104598,0.22969497976352204,0.0790772737061245,0.9999929494546403,0.9999964747273202,7.05054535965477e-06,0.3195485098124895,0.3718969172975153,0.10469681497005151,0.9999948476984664,1.0003253290607272,0.000660962724521541,2182,2188.5,13,0.1929422548120989,0.23041190189352095,0.07493929416284409,0.483371298405467,0.489394173492376,0.012045750173817982,-0.0003577515174623,-0.00031277499487565,8.995304517330003e-05,0.8935188370128918,0.9180069653183214,0.04897625661085914,-0.6260611608444413,-0.6190926660215968,0.013936989645688902,0.2360257794373965,0.2727120420997085,0.07337252532462402,1.1491756287227404,1.1956046155596802,0.09285797367387971
0.27,0.1900317181290125,99455,423282,0,623,522737,0.9988096147966984,0.1902581986735203,1.0,0.0014696689116665,0.5007348344558332,0.3196923136266619,1.0011918039090404,-0.0003603038178363,-8.690598402028016e-05,2181,5.978083558100271,0.1976157725813846,0.5029802842732691,-0.0003595042888591,-0.0003595042888591,4.284490145667341e-05,0.8919958094972339,-0.610389747863431,0.0,0.2360257794373965,1.24203360239662,0.2692350037965072,141829,384965,4,2,526794,0.99998861047836,0.2692304771884266,0.9999717978185612,5.19525050199108e-06,0.4999884965345316,0.4242395236806172,0.9999831871487108,-0.0002640519173233,-0.0003007401288918,2195,6.0000113895432605,0.267881548974943,0.483371298405467,-0.000267798472289,-0.000267798472289,-0.0003823637993778,0.942495093623751,-0.6260611608444413,0.0,0.3093983047620205,1.1491756287227404,ETHUSDT,BAJA,v4_52_balanceado,52,0.1902581986735203,0.22974433793097343,0.07897227851490626,0.9999717978185612,0.9999858989092806,2.8202181438841123e-05,0.3196923136266619,0.37196591865363954,0.10454721005395529,0.9999831871487108,1.0005874955288756,0.0012086167603295728,2181,2188.0,14,0.1976157725813846,0.2327486607781638,0.07026577639355838,0.483371298405467,0.49317579133936806,0.01960898586780213,-0.0003595042888591,-0.00031365138057405,9.170581657010003e-05,0.8919958094972339,0.9172454515604924,0.05049928412651705,-0.6260611608444413,-0.6182254543539362,0.01567141298101027,0.2360257794373965,0.2727120420997085,0.07337252532462402,1.1491756287227404,1.1956046155596802,0.09285797367387971
0.28,0.1900317181290125,99455,423055,0,850,522510,0.9983758789361052,0.1903408547204838,1.0,0.0020051662518724,0.5010025831259363,0.3198089924674218,1.0016267631241509,-0.0003605806311145,-8.740256376948974e-05,2181,5.978083558100271,0.1884456671251719,0.504355800091701,-0.0003580433375783,-0.0003580433375783,6.398396135376405e-05,0.89163402963125,-0.610720727426177,0.0,0.2360257794373965,1.24203360239662,0.2692350037965072,141823,384938,10,29,526761,0.9999259681093394,0.2692359533070975,0.9999294945464032,7.533113227887065e-05,0.500002412839341,0.4242425148894546,1.000003526698152,-0.0002641176561494,-0.0003007471191591,2195,6.0000113895432605,0.267881548974943,0.483371298405467,-0.000267798472289,-0.000267798472289,-0.0003823637993778,0.942495093623751,-0.6260611608444413,0.0,0.3093983047620205,1.1491756287227404,ETHUSDT,BAJA,v4_52_balanceado,52,0.1903408547204838,0.22978840401379064,0.0788950985866137,0.9999294945464032,0.9999647472732016,7.050545359676974e-05,0.3198089924674218,0.37202575367843815,0.1044335224220328,1.000003526698152,1.0008151449111513,0.0016232364259989307,2181,2188.0,14,0.1884456671251719,0.22816360805005745,0.07943588184977107,0.483371298405467,0.493863549248584,0.020984501686234003,-0.0003580433375783,-0.00031292090493365,9.024486528930002e-05,0.89163402963125,0.9170645616275005,0.0508610639925009,-0.6260611608444413,-0.6183909441353092,0.015340433418264299,0.2360257794373965,0.2727120420997085,0.07337252532462402,1.1491756287227404,1.1956046155596802,0.09285797367387971
0.29,0.1900317181290125,99455,422825,0,1080,522280,0.9979364108835218,0.1904246764187792,1.0,0.0025477406494379,0.5012738703247189,0.3199273002163301,1.0020678563222791,-0.0003609521125905,-8.836850082150072e-05,2181,5.978083558100271,0.1884456671251719,0.504355800091701,-0.0003579499175442,-0.0003579499175442,6.398396135376405e-05,0.8916652522410241,-0.6106420711536846,0.0,0.2360257794373965,1.24203360239662,0.2692350037965072,141799,384868,34,99,526667,0.9997475322703112,0.2692384371908625,0.9997602814577708,0.0002571648998485,0.5000087231788096,0.4242303664921465,1.0000127524070308,-0.0002645183767972,-0.0003016527169987,2195,6.0000113895432605,0.2637813211845102,0.488382687927107,-0.0002635152705298,-0.0002635152705298,-0.0002021450257065,0.942396888875707,-0.6252327258262731,0.0,0.3093983047620205,1.1491756287227404,ETHUSDT,BAJA,v4_52_balanceado,52,0.1904246764187792,0.22983155680482084,0.0788137607720833,0.9997602814577708,0.9998801407288854,0.00023971854222915034,0.3199273002163301,0.3720788333542383,0.10430306627581643,1.0000127524070308,1.001040304364655,0.002055103915248324,2181,2188.0,14,0.1884456671251719,0.22611349415484105,0.07533565405933829,0.488382687927107,0.49636924400940396,0.015973112164594017,-0.0003579499175442,-0.000310732594037,9.443464701440002e-05,0.8916652522410241,0.9170310705583655,0.05073163663468294,-0.6252327258262731,-0.6179373984899789,0.014590654672588466,0.2360257794373965,0.2727120420997085,0.07337252532462402,1.1491756287227404,1.1956046155596802,0.09285797367387971
0.3,0.1900317181290125,99447,422476,8,1429,521923,0.997254280036686,0.1905396006690642,0.9999195616107788,0.0033710383222656,0.5016452999665222,0.3200853586705677,1.002672619839741,-0.0003613156042437,-8.87530825846028e-05,2181,5.978083558100271,0.1889041723979825,0.5025217790004585,-0.0003590276959398,-0.0003590276959398,5.4657054312623465e-05,0.8922653276558764,-0.6132966410132258,0.0,0.2360257794373965,1.24203360239662,0.2692350037965072,141773,384752,60,215,526525,0.9994779802581624,0.2692616684867765,0.9995769672784188,0.000558489428964,0.5000677283536915,0.4242426962795387,1.0000990387204238,-0.0002647748171863,-0.0003025429531375,2195,6.0000113895432605,0.261503416856492,0.4943052391799544,-0.0002641156490587,-0.0002641156490587,-0.0001228092415936,0.942243502122638,-0.6262516676720756,0.0,0.3093983047620205,1.1491756287227404,ETHUSDT,BAJA,v4_52_balanceado,52,0.1905396006690642,0.22990063457792037,0.07872206781771232,0.9995769672784188,0.9997482644445987,0.00034259433235994674,0.3200853586705677,0.37216402747505317,0.104157337608971,1.0000990387204238,1.0013858292800824,0.0025735811193172697,2181,2188.0,14,0.1889041723979825,0.22520379462723722,0.07259924445850949,0.4943052391799544,0.49841350909020643,0.008216539820504076,-0.0003590276959398,-0.00031157167249925,9.491204688109997e-05,0.8922653276558764,0.9172544148892572,0.04997817446676156,-0.6262516676720756,-0.6197741543426507,0.012955026658849844,0.2360257794373965,0.2727120420997085,0.07337252532462402,1.1491756287227404,1.1956046155596802,0.09285797367387971
0.31,0.1900317181290125,99446,422050,9,1855,521496,0.9964383980434118,0.190693696595947,0.999909506812126,0.0043759804673216,0.5021427436397239,0.320302246070946,1.0034835156649222,-0.0003613276591404,-8.815392999261817e-05,2181,5.978083558100271,0.1934892251260889,0.4938101788170564,-0.000357814054187,-0.000357814054187,-5.118427619033028e-05,0.893043059542446,-0.6114104695191089,0.0,0.2360257794373965,1.24203360239662,0.2692350037965072,141704,384484,129,483,526188,0.9988382687927108,0.2693029867651866,0.9990904796486008,0.0012546529962308,0.5001725663224159,0.4242501358490227,1.000252504197897,-0.0002652215617811,-0.0003041239288726,2195,6.0000113895432605,0.2646924829157175,0.4920273348519362,-0.0002674504683945,-0.0002674504683945,-0.0002409384552832,0.942016350165653,-0.6300804168034198,0.0,0.3093983047620205,1.1491756287227404,ETHUSDT,BAJA,v4_52_balanceado,52,0.190693696595947,0.22999834168056682,0.07860929016923959,0.9990904796486008,0.9994999932303634,0.0008190271635252211,0.320302246070946,0.3722761909599843,0.10394788977807673,1.000252504197897,1.0018680099314095,0.003231011467025313,2181,2188.0,14,0.1934892251260889,0.2290908540209032,0.0712032577896286,0.4920273348519362,0.4929187568344963,0.0017828439651201844,-0.000357814054187,-0.00031263226129075,9.03635857925e-05,0.893043059542446,0.9175297048540495,0.04897329062320699,-0.6300804168034198,-0.6207454431612643,0.018669947284310817,0.2360257794373965,0.2727120420997085,0.07337252532462402,1.1491756287227404,1.1956046155596802,0.09285797367387971
0.32,0.1900317181290125,99443,421506,12,2399,520949,0.9953932283705288,0.1908881675557492,0.9998793424161682,0.00565928686852,0.5027693146423441,0.3205749801742091,1.004506876195032,-0.0003615218216184,-8.83280060504088e-05,2181,5.978083558100271,0.1957817514901421,0.4965612104539202,-0.0003537039288618,-0.0003537039288618,-4.35523471993271e-05,0.8931265839061003,-0.6085074075173041,0.0,0.2360257794373965,1.24203360239662,0.2692350037965072,141542,383940,291,1027,525482,0.9974981017463932,0.2693565145904141,0.997948291300332,0.0026677611327724,0.5003080262165522,0.4242134524175239,1.0004513187074249,-0.0002661328680049,-0.0003073909991915,2195,6.0000113895432605,0.2669703872437358,0.483371298405467,-0.0002668495967869,-0.0002668495967869,-0.0003462561058555,0.9421305133048424,-0.6309489392669441,0.0,0.3093983047620205,1.1491756287227404,ETHUSDT,BAJA,v4_52_balanceado,52,0.1908881675557492,0.23012234107308166,0.0784683470346649,0.997948291300332,0.9989138168582501,0.0019310511158361354,0.3205749801742091,0.3723942162958665,0.1036384722433148,1.0004513187074249,1.0024790974512285,0.004055557487607109,2181,2188.0,14,0.1957817514901421,0.23137606936693894,0.07118863575359369,0.483371298405467,0.4899662544296936,0.013189912048453212,-0.0003537039288618,-0.00031027676282435,8.68543320749e-05,0.8931265839061003,0.9176285486054714,0.049003929398742097,-0.6309489392669441,-0.619728173392124,0.02244153174963992,0.2360257794373965,0.2727120420997085,0.07337252532462402,1.1491756287227404,1.1956046155596802,0.09285797367387971
0.33,0.1900317181290125,99436,420734,19,3171,520170,0.9939047691837358,0.1911605821173847,0.9998089588255996,0.0074804496290442,0.5036447042273219,0.3209554165826104,1.0059403977372123,-0.0003620632739224,-8.815392999261817e-05,2180,5.975342575267579,0.1931192660550458,0.4977064220183486,-0.0003547554469872,-0.0003547554469872,-2.599076428533298e-05,0.8931769937826036,-0.6077797775999431,0.0,0.2360257794373965,1.24203360239662,0.2692350037965072,141281,382878,552,2089,524159,0.9949867122247532,0.2695384415797496,0.9961080989614548,0.0054264391493296,0.5007672690553922,0.4242723636319955,1.0011270368969991,-0.0002665331499916,-0.0003102204337768,2195,6.0000113895432605,0.2765375854214123,0.4847380410022779,-0.0002673702084939,-0.0002673702084939,-0.0003293536434747,0.941761509136226,-0.6304092261577465,0.0,0.3093983047620205,1.1491756287227404,ETHUSDT,BAJA,v4_52_balanceado,52,0.1911605821173847,0.23034951184856717,0.07837785946236489,0.9961080989614548,0.9979585288935272,0.003700859864144812,0.3209554165826104,0.37261389010730295,0.1033169470493851,1.0011270368969991,1.0035337173171057,0.004813360840213221,2180,2187.5,15,0.1931192660550458,0.23482842573822907,0.08341831936636651,0.4847380410022779,0.49122223151031325,0.012968381016070674,-0.0003547554469872,-0.00031106282774055,8.738523849330002e-05,0.8931769937826036,0.9174692514594148,0.048584515353622404,-0.6304092261577465,-0.6190945018788447,0.022629448557803467,0.2360257794373965,0.2727120420997085,0.07337252532462402,1.1491756287227404,1.1956046155596802,0.09285797367387971
0.34,0.1900317181290125,99414,419637,41,4268,519051,0.9917666615713848,0.1915303120502609,0.9995877532552412,0.0100682936035196,0.5048280234293804,0.3214649494103533,1.0078860199550006,-0.0003627556637299,-8.79137440579214e-05,2180,5.975342575267579,0.196788990825688,0.5004587155963303,-0.0003561237303798,-0.0003561237303798,9.108861013185088e-06,0.8926031171030414,-0.6090014887260367,0.0,0.2360257794373965,1.24203360239662,0.2692350037965072,140922,381186,911,3781,522108,0.9910933940774488,0.2699096738605805,0.9935769531773284,0.0098216210740141,0.5016992871256712,0.4245015746881124,1.0025058779674254,-0.0002630497146142,-0.0003135840673083,2195,6.0000113895432605,0.2783599088838269,0.4892938496583143,-0.0002662009331499,-0.0002662009331499,-0.0002515818547264,0.9427674612314793,-0.6273962722267117,0.0,0.3093983047620205,1.1491756287227404,ETHUSDT,BAJA,v4_52_balanceado,52,0.1915303120502609,0.2307199929554207,0.07837936181031963,0.9935769531773284,0.9965823532162847,0.00601080007791277,0.3214649494103533,0.3729832620492328,0.10303662527775909,1.0025058779674254,1.005195948961213,0.005380141987575193,2180,2187.5,15,0.196788990825688,0.23757444985475745,0.0815709180581389,0.4892938496583143,0.4948762826273223,0.011164865938015966,-0.0003561237303798,-0.00031116233176485,8.992279722990003e-05,0.8926031171030414,0.9176852891672603,0.05016434412843784,-0.6273962722267117,-0.6181988804763742,0.018394783500675027,0.2360257794373965,0.2727120420997085,0.07337252532462402,1.1491756287227404,1.1956046155596802,0.09285797367387971
0.35,0.1900317181290125,99345,417760,110,6145,517105,0.9880483797003974,0.1921176550217073,0.9988939721482076,0.014496172491478,0.5066950723198429,0.3222557415336706,1.0109767827878011,-0.0003635922158116,-8.787382991815029e-05,2178,5.969860609602196,0.1887052341597796,0.5091827364554637,-0.000357133818438,-0.000357133818438,0.0001105911083008,0.8918590650237592,-0.6097681811167979,0.0,0.2360257794373965,1.24203360239662,0.2692350037965072,140410,378652,1423,6315,519062,0.9853113135914958,0.2705071841128805,0.9899670739531704,0.0164040034600368,0.5031855387066035,0.4249086466080088,1.004725166855848,-0.0002591138238024,-0.0003192380430556,2193,5.9945444087783,0.2676698586411308,0.4879160966712266,-0.0002662580173737,-0.0002662580173737,-0.0002768345442389,0.9422596441538572,-0.6271758190940085,0.0,0.3093983047620205,1.1491756287227404,ETHUSDT,BAJA,v4_52_balanceado,52,0.1921176550217073,0.2313124195672939,0.0783895290911732,0.9899670739531704,0.994430523050689,0.008926898195037225,0.3222557415336706,0.3735821940708397,0.10265290507433822,1.004725166855848,1.0078509748218245,0.006251615931953225,2178,2185.5,15,0.1887052341597796,0.2281875464004552,0.07896462448135119,0.4879160966712266,0.49854941656334517,0.02126663978423715,-0.000357133818438,-0.00031169591790585,9.087580106429999e-05,0.8918590650237592,0.9170593545888082,0.05040057913009799,-0.6271758190940085,-0.6184720001054032,0.017407637977210677,0.2360257794373965,0.2727120420997085,0.07337252532462402,1.1491756287227404,1.1956046155596802,0.09285797367387971
0.36,0.1900317181290125,99228,414929,227,8976,514157,0.9824155457046776,0.1929916348508335,0.9977175607058468,0.0211745556197733,0.5094460581628101,0.3234226188536078,1.0155759088586016,-0.0003652150945027,-8.79137440579214e-05,2175,5.961637661104121,0.1917241379310345,0.4919540229885057,-0.0003579848396948,-0.0003579848396948,-0.0001123836026972,0.8924188031628543,-0.6118004804046556,0.0,0.2360257794373965,1.24203360239662,0.2692350037965072,139699,374677,2134,10290,514376,0.9764160971905846,0.2715892654400672,0.9849541362024352,0.0267295638327441,0.5058418500175896,0.4257759341916981,1.008744262857215,-0.0002556288345232,-0.000324927534261,2190,5.986343937630862,0.2570776255707762,0.4904109589041096,-0.0002686078718544,-0.0002686078718544,-0.0002227970571537,0.9402895191339344,-0.6292188660672531,0.0,0.3093983047620205,1.1491756287227404,ETHUSDT,BAJA,v4_52_balanceado,52,0.1929916348508335,0.23229045014545036,0.07859763058923366,0.9849541362024352,0.991335848454141,0.012763424503411613,0.3234226188536078,0.37459927652265296,0.10235331533809033,1.008744262857215,1.0121600858579083,0.006831646001386638,2175,2182.5,15,0.1917241379310345,0.22440088175090533,0.06535348763974169,0.4904109589041096,0.4911824909463076,0.0015430640843961396,-0.0003579848396948,-0.0003132963557746,8.93769678404e-05,0.8924188031628543,0.9163541611483943,0.04787071597108017,-0.6292188660672531,-0.6205096732359543,0.017418385662597458,0.2360257794373965,0.2727120420997085,0.07337252532462402,1.1491756287227404,1.1956046155596802,0.09285797367387971
0.37,0.1900317181290125,98896,411040,559,12865,509936,0.974350351574442,0.1939380628157259,0.9943793675531648,0.0303487809768698,0.5123640742650173,0.3245732214620827,1.0205562772634689,-0.0003699921077114,-9.146456343178676e-05,2173,5.9561556954387385,0.1969627243442245,0.490105844454671,-0.0003540001893304,-0.0003540001893304,-0.0001517883705821,0.8937375718645244,-0.6089742978136894,0.0,0.2360257794373965,1.24203360239662,0.2692350037965072,138740,368833,3093,16134,507573,0.963502277904328,0.273339992473989,0.9781926632024988,0.041910085799562,0.5100513745010304,0.4272827784159678,1.0152468609935446,-0.0002517017919092,-0.0003333341625229,2188,5.9808769568659015,0.2737659963436928,0.4821755027422303,-0.000274722830332,-0.000274722830332,-0.000273489219661,0.9400827299383712,-0.632853833579516,0.0,0.3093983047620205,1.1491756287227404,ETHUSDT,BAJA,v4_52_balanceado,52,0.1939380628157259,0.23363902764485744,0.07940192965826309,0.9781926632024988,0.9862860153778318,0.016186704350666048,0.3245732214620827,0.37592799993902526,0.10270955695388512,1.0152468609935446,1.0179015691285067,0.005309416269924316,2173,2180.5,15,0.1969627243442245,0.23536436034395863,0.07680327199946832,0.4821755027422303,0.48614067359845065,0.00793034171244067,-0.0003540001893304,-0.0003143615098312,7.927735899839996e-05,0.8937375718645244,0.9169101509014478,0.04634515807384676,-0.632853833579516,-0.6209140656966027,0.023879535765826576,0.2360257794373965,0.2727120420997085,0.07337252532462402,1.1491756287227404,1.1956046155596802,0.09285797367387971
0.38,0.1900317181290125,98170,404490,1285,19415,502660,0.9604478752675024,0.1953009986869852,0.9870795837313358,0.0458003562118871,0.5164399699716115,0.3260838876294396,1.0277284266534674,-0.0003765942196124,-9.422623544397268e-05,2171,5.950673729773355,0.1879318286503915,0.5011515430677107,-0.0003618913708374,-0.0003618913708374,1.2768130745688389e-05,0.8913425510487896,-0.6165513548221085,0.0,0.2360257794373965,1.24203360239662,0.2692350037965072,137369,361344,4464,23623,498713,0.9466837509491268,0.2754470005794916,0.9685263655143724,0.0613637013042676,0.5149450334093201,0.4289122092714653,1.0230727680108027,-0.0002483245235615,-0.0003402935977541,2185,5.972676485718462,0.2732265446224256,0.4851258581235698,-0.0002702015447,-0.0002702015447,-0.00027090916241,0.9425498513119126,-0.634433531190326,0.0,0.3093983047620205,1.1491756287227404,ETHUSDT,BAJA,v4_52_balanceado,52,0.1953009986869852,0.2353739996332384,0.08014600189250642,0.9685263655143724,0.977802974622854,0.01855321821696332,0.3260838876294396,0.37749804845045243,0.10282832164202571,1.0230727680108027,1.0254005973321352,0.004655658642664706,2171,2178.0,14,0.1879318286503915,0.23057918663640858,0.08529471597203411,0.4851258581235698,0.49313870059564024,0.016025684944140917,-0.0003618913708374,-0.0003160464577687,9.168982613739997e-05,0.8913425510487896,0.9169462011803511,0.051207300263123035,-0.634433531190326,-0.6254924430062172,0.01788217636821743,0.2360257794373965,0.2727120420997085,0.07337252532462402,1.1491756287227404,1.1956046155596802,0.09285797367387971
0.39,0.1900317181290125,96940,393143,2515,30762,490083,0.9364166157138488,0.1978032292489231,0.9747121813885676,0.0725681461648246,0.5236401637766962,0.3288676896145795,1.040895863050791,-0.0003842744984677,-0.0001009950671884,2162,5.926004884279132,0.198427382053654,0.4921369102682701,-0.0003621700713572,-0.0003621700713572,-0.0001230457449482,0.8919124829708079,-0.6093582776805111,0.0,0.2360257794373965,1.24203360239662,0.2692350037965072,135399,351989,6434,32978,487388,0.9251860288534548,0.2778053624627606,0.954636791155796,0.0856644855273309,0.5201506383415634,0.4303702514696744,1.0318322600902632,-0.0002457288223573,-0.0003410691461335,2178,5.953542053041103,0.2727272727272727,0.485307621671258,-0.0002630252812242,-0.0002630252812242,-0.0003239576023075,0.9429888322629392,-0.6229517488851297,0.0,0.3093983047620205,1.1491756287227404,ETHUSDT,BAJA,v4_52_balanceado,52,0.1978032292489231,0.23780429585584184,0.0800021332138375,0.954636791155796,0.9646744862721819,0.020075390232771606,0.3288676896145795,0.37961897054212695,0.10150256185509487,1.0318322600902632,1.0363640615705272,0.009063602960527772,2162,2170.0,16,0.198427382053654,0.23557732739046336,0.0742998906736187,0.485307621671258,0.4887222659697641,0.006829288597012095,-0.0003621700713572,-0.00031259767629070005,9.9144790133e-05,0.8919124829708079,0.9174506576168735,0.05107634929213123,-0.6229517488851297,-0.6161550132828204,0.013593471204618623,0.2360257794373965,0.2727120420997085,0.07337252532462402,1.1491756287227404,1.1956046155596802,0.09285797367387971
0.4,0.1900317181290125,94684,375174,4771,48731,469858,0.897772088046469,0.2015162027676447,0.9520285556281736,0.1149573607294087,0.5334929581787912,0.3326254626189811,1.0604345671959632,-0.0004121693063377,-0.0001217275093466,2157,5.912299970115673,0.1914696337505795,0.4955957348168753,-0.0003522904008509,-0.0003522904008509,-4.880995234923802e-05,0.8932704613499698,-0.6018834073143655,0.0,0.2360257794373965,1.24203360239662,0.2692350037965072,132805,340395,9028,44572,473200,0.8982536066818527,0.2806530008453085,0.9363476764927768,0.1157813526873732,0.526064514590075,0.431863005724896,1.0424090362983829,-0.0002388487084202,-0.0003397709789344,2167,5.923473658833824,0.2731887401938163,0.4753114905399169,-0.0002791033222863,-0.0002791033222863,-0.000394627047316,0.9395811717970284,-0.634727168392911,0.0,0.3093983047620205,1.1491756287227404,ETHUSDT,BAJA,v4_52_balanceado,52,0.2015162027676447,0.2410846018064766,0.07913679807766377,0.9363476764927768,0.9441881160604753,0.01568087913539673,0.3326254626189811,0.38224423417193854,0.09923754310591487,1.0424090362983829,1.051421801747173,0.0180255308975803,2157,2162.0,10,0.1914696337505795,0.2323291869721979,0.0817191064432368,0.4753114905399169,0.4854536126783961,0.020284244276958407,-0.0003522904008509,-0.0003156968615686,7.318707856459998e-05,0.8932704613499698,0.9164258165734991,0.04631071044705859,-0.634727168392911,-0.6183052878536383,0.032843761078545475,0.2360257794373965,0.2727120420997085,0.07337252532462402,1.1491756287227404,1.1956046155596802,0.09285797367387971
0.41,0.1900317181290125,91110,349717,8345,74188,440827,0.8423016661571385,0.2066797178938676,0.9160927052435774,0.1750109104634293,0.5455518078535033,0.3372683154352726,1.0876064265942846,-0.0004461843726243,-0.0001421473292455,2137,5.857480313461842,0.1918577445016378,0.4908750584932148,-0.0003548910202017,-0.0003548910202017,-9.15964427270488e-05,0.8922702757035799,-0.6044656880020993,0.0,0.2360257794373965,1.24203360239662,0.2692350037965072,129663,326527,12170,58440,456190,0.8659643128321943,0.2842302549376356,0.914194862972651,0.1518052196681793,0.5330000413204151,0.4336388399777266,1.0556957710909765,-0.0002205011317221,-0.0003271965464072,2155,5.890671774244066,0.2658932714617169,0.4844547563805104,-0.0002841547378955,-0.0002841547378955,-0.0002536139994928,0.9386795676909891,-0.639060718254318,0.0,0.3093983047620205,1.1491756287227404,ETHUSDT,BAJA,v4_52_balanceado,52,0.2066797178938676,0.24545498641575159,0.07755053704376799,0.914194862972651,0.9151437841081143,0.0018978422709264864,0.3372683154352726,0.3854535777064996,0.09637052454245404,1.0556957710909765,1.0716510988426307,0.03191065550330818,2137,2146.0,18,0.1918577445016378,0.22887550798167733,0.07403552696007906,0.4844547563805104,0.4876649074368626,0.00642030211270439,-0.0003548910202017,-0.0003195228790486,7.073628230619996e-05,0.8922702757035799,0.9154749216972845,0.046409291987409285,-0.639060718254318,-0.6217632031282087,0.03459503025221866,0.2360257794373965,0.2727120420997085,0.07337252532462402,1.1491756287227404,1.1956046155596802,0.09285797367387971
0.42,0.1900317181290125,85524,316935,13931,106970,402459,0.7689907520635891,0.2125036339105349,0.8599265999698356,0.2523442752503509,0.5561354376100932,0.3407914503281438,1.1182535000092262,-0.0005014550656533,-0.0001842822994218,2105,5.769768862815713,0.1966745843230403,0.4859857482185273,-0.0003698552159008,-0.0003698552159008,-0.00016077170418,0.889254087151686,-0.6143035971430371,0.0,0.2360257794373965,1.24203360239662,0.2692350037965072,125722,310297,16111,74670,436019,0.8276746393318147,0.2883406457058064,0.8864086637101379,0.1939646774918369,0.5401866706009875,0.4351356402677503,1.0709626966772106,-0.0001989364603337,-0.0003204225694004,2136,5.838735456976949,0.2659176029962546,0.4854868913857678,-0.0002630934215883,-0.0002630934215883,-0.0003009425316461,0.9433451043988976,-0.6218001626341076,0.0,0.3093983047620205,1.1491756287227404,ETHUSDT,BAJA,v4_52_balanceado,52,0.2125036339105349,0.25042213980817063,0.07583701179527153,0.8599265999698356,0.8731676318399868,0.026482063740302375,0.3407914503281438,0.3879635452979471,0.09434418993960653,1.0709626966772106,1.0946080983432185,0.04729080333201563,2105,2120.5,31,0.1966745843230403,0.23129609365964746,0.06924301867321431,0.4854868913857678,0.48573631980214754,0.00049885683275952,-0.0003698552159008,-0.00031647431874455003,0.00010676179431249997,0.889254087151686,0.9162995957752917,0.05409101724721166,-0.6218001626341076,-0.6180518798885724,0.007496565491070584,0.2360257794373965,0.2727120420997085,0.07337252532462402,1.1491756287227404,1.1956046155596802,0.09285797367387971
0.43,0.1900317181290125,77893,278011,21562,145894,355904,0.6800366860287373,0.2188595801114907,0.7831984314514102,0.344166735471391,0.5636825834614005,0.3421168792095906,1.151700264915286,-0.0005390400464609,-0.0001959067732243,2071,5.6765754465042,0.1892805408015451,0.4789956542732979,-0.0003755427514437,-0.0003755427514437,-0.0002053299327813,0.8857524290386187,-0.6048816159479931,0.0,0.2360257794373965,1.24203360239662,0.2692350037965072,120750,291500,21083,93467,412250,0.7825550493545937,0.2929047907822923,0.8513533521817913,0.2427922393348001,0.5470727957582957,0.4358552779998664,1.0879149689008312,-0.0001778765589677,-0.0003147632149198,2113,5.775865178179913,0.2763842877425461,0.4827259820160908,-0.0002564936701074,-0.0002564936701074,-0.0003503493188796,0.9453007301392012,-0.6156148095851539,0.0,0.3093983047620205,1.1491756287227404,ETHUSDT,BAJA,v4_52_balanceado,52,0.2188595801114907,0.2558821854468915,0.07404521067080161,0.7831984314514102,0.8172758918166008,0.0681549207303811,0.3421168792095906,0.3889860786047285,0.09373839879027579,1.0879149689008312,1.1198076169080586,0.06378529601445493,2071,2092.0,42,0.1892805408015451,0.2328324142720456,0.08710374694100098,0.4789956542732979,0.48086081814469434,0.003730327742792916,-0.0003755427514437,-0.00031601821077555,0.00011904908133629998,0.8857524290386187,0.91552657958891,0.05954830110058251,-0.6156148095851539,-0.6102482127665735,0.010733193637160854,0.2360257794373965,0.2727120420997085,0.07337252532462402,1.1491756287227404,1.1956046155596802,0.09285797367387971
0.44,0.1900317181290125,68713,236144,30742,187761,304857,0.5824996178538673,0.2253942012156519,0.6908953798200191,0.4429317889621495,0.5669135843910843,0.3399008686361028,1.1860872670878648,-0.000599579321968,-0.0002140931694547,2024,5.547749253367697,0.2060276679841897,0.4950592885375494,-0.0003833735059355,-0.0003833735059355,-5.413660553110766e-05,0.8876532689263605,-0.6093397008936052,0.0,0.2360257794373965,1.24203360239662,0.2692350037965072,114588,270951,27245,114016,385539,0.7318507972665148,0.2972150677363379,0.8079078916754211,0.2961708406175075,0.5520393661464643,0.4345623203355505,1.1039243172146314,-0.0001707768521575,-0.0003276894674169,2087,5.704794428235437,0.2697652132247244,0.4825107810253953,-0.0002589314714629,-0.0002589314714629,-0.0003125494540274,0.9442574912518792,-0.6138893551410067,0.0,0.3093983047620205,1.1491756287227404,ETHUSDT,BAJA,v4_52_balanceado,52,0.2253942012156519,0.2613046344759949,0.07182086652068598,0.6908953798200191,0.7494016357477201,0.11701251185540196,0.3399008686361028,0.38723159448582667,0.09466145169944767,1.1039243172146314,1.145005792151248,0.08216294987323347,2024,2055.5,63,0.2060276679841897,0.23789644060445705,0.06373754524053471,0.4825107810253953,0.48878503478147234,0.012548507512154083,-0.0003833735059355,-0.0003211524886992,0.0001244420344726,0.8876532689263605,0.9159553800891198,0.05660422232551865,-0.6138893551410067,-0.611614528017306,0.004549654247401502,0.2360257794373965,0.2727120420997085,0.07337252532462402,1.1491756287227404,1.1956046155596802,0.09285797367387971
0.45,0.1900317181290125,58357,193858,41098,230047,252215,0.4819149342708652,0.2313779909997423,0.5867678849731034,0.5426852714641253,0.5647265782186144,0.3318850058293286,1.2175756409393708,-0.0007007961080906,-0.0002369653848257,1946,5.333952592417757,0.2014388489208633,0.4835560123329907,-0.0004228833881668,-0.0004228833881668,-0.0002139582316353,0.8806636339144985,-0.627301765430886,0.0,0.2360257794373965,1.24203360239662,0.2692350037965072,107507,249971,34326,134996,357478,0.6785839028094154,0.3007373880350679,0.7579829799835017,0.3506690183833939,0.5543259991834478,0.4306213962840795,1.117007015411602,-0.0001798695881752,-0.0003530004144522,2056,5.620056226378562,0.2679961089494163,0.4873540856031128,-0.0002739778405411,-0.0002739778405411,-0.0001904893786052,0.941321605830924,-0.6175054402718343,0.0,0.3093983047620205,1.1491756287227404,ETHUSDT,BAJA,v4_52_balanceado,52,0.2313779909997423,0.2660576895174051,0.06935939703532559,0.5867678849731034,0.6723754324783026,0.17121509501039833,0.3318850058293286,0.38125320105670407,0.09873639045475091,1.117007015411602,1.1672913281754864,0.10056862552776868,1946,2001.0,110,0.2014388489208633,0.23471747893513978,0.06655726002855297,0.4835560123329907,0.48545504896805175,0.0037980732701220488,-0.0004228833881668,-0.00034843061435395003,0.0001489055476257,0.8806636339144985,0.9109926198727112,0.06065797191642541,-0.627301765430886,-0.6224036028513602,0.00979632515905171,0.2360257794373965,0.2727120420997085,0.07337252532462402,1.1491756287227404,1.1956046155596802,0.09285797367387971
0.46,0.1900317181290125,47897,153509,51558,270396,201406,0.3848326199938857,0.2378131733910608,0.4815946910663114,0.6378693339309515,0.5597320124986315,0.318399526691728,1.2514393688195224,-0.0008206296425435,-0.0002262733964764,1864,5.10919200013705,0.2145922746781116,0.4881974248927038,-0.0003698276372417,-0.0003698276372417,-0.0002078021551413,0.8953071479366222,-0.5854585907098411,0.0,0.2360257794373965,1.24203360239662,0.2692350037965072,99580,228620,42253,156347,328200,0.623006833712984,0.3034125533211456,0.7020933069172901,0.4061309151173997,0.5541121110173449,0.4237149306538051,1.126943187337076,-0.0002008500194289,-0.0003832880878757,2028,5.543518495669126,0.2766272189349112,0.4832347140039448,-0.0002607100266918,-0.0002607100266918,-0.0002339879187644,0.9441256280929766,-0.6015314563042419,0.0,0.3093983047620205,1.1491756287227404,ETHUSDT,BAJA,v4_52_balanceado,52,0.2378131733910608,0.2706128633561032,0.06559937993008477,0.4815946910663114,0.5918439989918007,0.22049861585097869,0.318399526691728,0.3710572286727666,0.10531540396207711,1.126943187337076,1.1891912780782992,0.12449618148244634,1864,1946.0,164,0.2145922746781116,0.2456097468065114,0.06203494425679962,0.4832347140039448,0.4857160694483243,0.004962710888758992,-0.0003698276372417,-0.00031526883196675,0.00010911761054989996,0.8953071479366222,0.9197163880147994,0.04881848015635437,-0.6015314563042419,-0.5934950235070415,0.016072865594400798,0.2360257794373965,0.2727120420997085,0.07337252532462402,1.1491756287227404,1.1956046155596802,0.09285797367387971
0.47,0.1900317181290125,38342,118820,61113,305085,157162,0.3002942525221644,0.243964826103002,0.3855210899401739,0.719701348179427,0.5526112190598005,0.298826656067213,1.2838110843021178,-0.0009507415109171,-0.0001883522972208,1794,4.917323201848641,0.205685618729097,0.5016722408026756,-0.0004109321467537,-0.0004109321467537,4.188076041694577e-05,0.8849513520785681,-0.6001639813588729,0.0,0.2360257794373965,1.24203360239662,0.2692350037965072,91506,206995,50327,177972,298501,0.5666305998481397,0.3065517368451027,0.6451672036832049,0.4623045611701782,0.5537358824266916,0.4156208696126122,1.1386028284672824,-0.0002374885670444,-0.0004051712648274,1979,5.4095774669276135,0.2829711975745326,0.4866093986862052,-0.0002459673847521,-0.0002459673847521,-0.0002520147631874,0.9488464724698902,-0.6042734897702511,0.0,0.3093983047620205,1.1491756287227404,ETHUSDT,BAJA,v4_52_balanceado,52,0.243964826103002,0.27525828147405235,0.06258691074210068,0.3855210899401739,0.5153441468116894,0.259646113743031,0.298826656067213,0.3572237628399126,0.1167942135453992,1.1386028284672824,1.2112069563847,0.14520825583483532,1794,1886.5,185,0.205685618729097,0.24432840815181478,0.0772855788454356,0.4866093986862052,0.49414081974444035,0.01506284211647041,-0.0004109321467537,-0.00032844976575289997,0.00016496476200159998,0.8849513520785681,0.9168989122742291,0.06389512039132206,-0.6042734897702511,-0.6022187355645621,0.004109508411378138,0.2360257794373965,0.2727120420997085,0.07337252532462402,1.1491756287227404,1.1956046155596802,0.09285797367387971
0.48,0.1900317181290125,30172,89607,69283,334298,119779,0.2288654081320697,0.2518972440912013,0.3033733849479664,0.788615373727604,0.5459943793377853,0.2752492770281981,1.3255536842549005,-0.0010756535086037,-0.0001787720911226,1710,4.687080643902551,0.2134502923976608,0.5017543859649123,-0.0004512264087788,-0.0004512264087788,1.9405965784702328e-05,0.8770760242580155,-0.6036917832244841,0.0,0.2360257794373965,1.24203360239662,0.2692350037965072,83465,185658,58368,199309,269123,0.5108637053910402,0.3101370005536502,0.5884737684459893,0.51773009115067,0.5531019297983297,0.4061992038077069,1.1519193127950682,-0.0002645663896345,-0.0004384042086804,1931,5.278369928568582,0.2889694458829622,0.479026411185914,-0.0001924707135416,-0.0001924707135416,-0.0003666354970435,0.9596404582646308,-0.5453865660769669,0.0,0.3093983047620205,1.1491756287227404,ETHUSDT,BAJA,v4_52_balanceado,52,0.2518972440912013,0.2810171223224257,0.05823975646244889,0.3033733849479664,0.44592357669697785,0.2851003834980229,0.2752492770281981,0.3407242404179525,0.13094992677950879,1.1519193127950682,1.2387364985249842,0.1736343714598323,1710,1820.5,221,0.2134502923976608,0.2512098691403115,0.07551915348530139,0.479026411185914,0.4903903985754131,0.022727974778998294,-0.0004512264087788,-0.00032184856116019997,0.0002587556952372,0.8770760242580155,0.9183582412613231,0.0825644340066154,-0.6036917832244841,-0.5745391746507256,0.05830521714751724,0.2360257794373965,0.2727120420997085,0.07337252532462402,1.1491756287227404,1.1956046155596802,0.09285797367387971
0.49,0.1900317181290125,23277,67104,76178,356801,90381,0.1726937480892693,0.257543067680154,0.2340455482378965,0.8417003809815878,0.5378729646097422,0.2452327271961061,1.355263585552113,-0.001215802547338,-0.0002477207002957,1613,4.42120530913147,0.2138871667699938,0.4841909485430874,-0.0005079617477647,-0.0005079617477647,-0.0002381987411197,0.8647045581531737,-0.6191601617397714,0.0,0.2360257794373965,1.24203360239662,0.2692350037965072,75477,165098,66356,219869,240575,0.4566723614274867,0.3137358412137587,0.532154012112837,0.5711372663111384,0.5516456392119877,0.3947459258174515,1.1652862250069311,-0.0002893569959312,-0.0004496402877698,1886,5.155362861356989,0.2953340402969247,0.4825026511134676,-0.0002491320656516,-0.0002491320656516,-0.0003105884847547,0.9481334086472764,-0.5799510174702637,0.0,0.3093983047620205,1.1491756287227404,ETHUSDT,BAJA,v4_52_balanceado,52,0.257543067680154,0.2856394544469564,0.05619277353360469,0.2340455482378965,0.3830997801753667,0.2981084638749405,0.2452327271961061,0.3199893265067788,0.1495131986213454,1.1652862250069311,1.260274905279522,0.18997736054518177,1613,1749.5,273,0.2138871667699938,0.25461060353345927,0.08144687352693092,0.4825026511134676,0.4833467998282775,0.001688297429619845,-0.0005079617477647,-0.00037854690670814997,0.0002588296821131,0.8647045581531737,0.906418983400225,0.08342885049410265,-0.6191601617397714,-0.5995555896050175,0.03920914426950772,0.2360257794373965,0.2727120420997085,0.07337252532462402,1.1491756287227404,1.1956046155596802,0.09285797367387971
0.5,0.1900317181290125,18002,50795,81453,373110,68797,0.131452537450321,0.2616683867029085,0.1810064853451309,0.880173623807221,0.5305900545761759,0.2139885409980267,1.3769721669582646,-0.001376452500173,-0.0003715818395917,1532,4.199185699683454,0.2206266318537859,0.489556135770235,-0.0004368832365228,-0.0004368832365228,-0.0001479284071757,0.8836194268753257,-0.5506635551973673,0.0,0.2360257794373965,1.24203360239662,0.2692350037965072,68033,146028,73800,238939,214061,0.406342065299924,0.317820621224791,0.4796697524553524,0.6206739798476233,0.5501718661514878,0.3823217025294048,1.180458026419944,-0.0003190944587181,-0.0004726992693508,1826,4.991353438408198,0.2990142387732749,0.4901423877327491,-0.0002404529297818,-0.0002404529297818,-0.000143719449971,0.95079759122048,-0.5642407061104145,0.0,0.3093983047620205,1.1491756287227404,ETHUSDT,BAJA,v4_52_balanceado,52,0.2616683867029085,0.28974450396384976,0.056152234521882505,0.1810064853451309,0.3303381189002417,0.2986632671102215,0.2139885409980267,0.2981551217637157,0.1683331615313781,1.180458026419944,1.2787150966891043,0.19651414053832061,1532,1679.0,294,0.2206266318537859,0.2598204353135304,0.07838760691948898,0.489556135770235,0.489849261751492,0.000586251962514106,-0.0004368832365228,-0.0003386680831523,0.000196430306741,0.8836194268753257,0.9172085090479029,0.06717816434515433,-0.5642407061104145,-0.5574521306538909,0.013577150913047231,0.2360257794373965,0.2727120420997085,0.07337252532462402,1.1491756287227404,1.1956046155596802,0.09285797367387971
0.51,0.1900317181290125,14059,38894,85396,385011,52953,0.1011789208193213,0.2654995939795668,0.1413604142577045,0.9082483103525554,0.52480436230513,0.1844916277360768,1.397133050174914,-0.0014851411568823,-0.0004626706438197,1445,3.9607201932392897,0.2325259515570934,0.4948096885813148,-0.0003984845585549,-0.0003984845585549,-7.853649852873623e-05,0.8954212175820622,-0.517656128864652,0.0,0.2360257794373965,1.24203360239662,0.2692350037965072,60852,128108,80981,256859,188960,0.3586940015186028,0.3220364098221845,0.4290397862274647,0.6672234243454633,0.548131605286464,0.3679158869746337,1.1961164235003618,-0.0003712429329136,-0.0004954358145959,1779,4.862879390431645,0.3035413153456998,0.4901630129286116,-0.0002018513782685,-0.0002018513782685,-0.00020803589639,0.9592958713467594,-0.5362835609093629,0.0,0.3093983047620205,1.1491756287227404,ETHUSDT,BAJA,v4_52_balanceado,52,0.2654995939795668,0.29376800190087565,0.056536815842617716,0.1413604142577045,0.2852001002425846,0.28767937196976023,0.1844916277360768,0.27620375735535524,0.18342425923855687,1.1961164235003618,1.296624736837638,0.2010166266745521,1445,1612.0,334,0.2325259515570934,0.2680336334513966,0.07101536378860637,0.4901630129286116,0.49248635075496316,0.004646675652703214,-0.0003984845585549,-0.0003001679684117,0.00019663318028639997,0.8954212175820622,0.9273585444644108,0.06387465376469725,-0.5362835609093629,-0.5269698448870075,0.018627432044710956,0.2360257794373965,0.2727120420997085,0.07337252532462402,1.1491756287227404,1.1956046155596802,0.09285797367387971
0.52,0.1900317181290125,10947,29900,88508,394005,40847,0.078047615408132,0.2680000979264083,0.1100698808506359,0.929465328316486,0.519767604583561,0.1560490940970192,1.4102914006411449,-0.0015551604064125,-0.0005394658681763,1372,3.760628446452807,0.227405247813411,0.4956268221574344,-0.000562372952501,-0.000562372952501,-5.533643042310299e-05,0.8575497604710162,-0.592984356673701,0.0,0.2360257794373965,1.24203360239662,0.2692350037965072,53872,112303,87961,272664,166175,0.3154422930903569,0.324188355649165,0.3798269796168733,0.7082788914374479,0.5440529355271606,0.3498090958676398,1.2041092394293298,-0.000493283467858,-0.0005695936389005,1702,4.652400630980697,0.3037602820211516,0.4894242068155112,-0.0002184286097381,-0.0002184286097381,-0.0002200585354144,0.957270360888819,-0.5450068256186192,0.0,0.3093983047620205,1.1491756287227404,ETHUSDT,BAJA,v4_52_balanceado,52,0.2680000979264083,0.29609422678778663,0.05618825772275671,0.1100698808506359,0.2449484302337546,0.2697570987662374,0.1560490940970192,0.2529290949823295,0.1937600017706206,1.2041092394293298,1.3072003200352373,0.2061821612118151,1372,1537.0,330,0.227405247813411,0.2655827649172813,0.07635503420774056,0.4894242068155112,0.4925255144864728,0.006202615341923234,-0.000562372952501,-0.00039040078111954996,0.0003439443427629,0.8575497604710162,0.9074100606799176,0.09972060041780284,-0.592984356673701,-0.5689955911461602,0.047977531055081735,0.2360257794373965,0.2727120420997085,0.07337252532462402,1.1491756287227404,1.1956046155596802,0.09285797367387971
0.53,0.1900317181290125,8547,23287,90908,400618,31834,0.0608261999388566,0.2684865238424326,0.0859383640842592,0.945065521756054,0.5155019429201565,0.1302013116102643,1.4128511097297825,-0.0017271227172174,-0.0006705956673256,1286,3.524903922841333,0.223950233281493,0.4984447900466563,-0.0006893126713667,-0.0006893126713667,-1.4194910093023871e-05,0.8312008135938221,-0.6388732473705934,0.0,0.2360257794373965,1.24203360239662,0.2692350037965072,47208,98157,94625,286810,145365,0.2759396355353075,0.3247549272520895,0.332842145339942,0.7450248982380308,0.5389335217889863,0.3287488074429487,1.2062136151417566,-0.0006337890342119,-0.0006539135362826,1654,4.521193092621664,0.3059250302297461,0.498186215235792,-0.0001861033968562,-0.0001861033968562,-3.406845195375041e-05,0.9635044360095508,-0.5352781014249987,0.0,0.3093983047620205,1.1491756287227404,ETHUSDT,BAJA,v4_52_balanceado,52,0.2684865238424326,0.29662072554726104,0.056268403409656886,0.0859383640842592,0.2093902547121006,0.2469037812556828,0.1302013116102643,0.22947505952660652,0.1985474958326844,1.2062136151417566,1.3095323624357695,0.20663749458802583,1286,1470.0,368,0.223950233281493,0.2649376317556196,0.0819747969482531,0.498186215235792,0.49831550264122415,0.00025857481086433154,-0.0006893126713667,-0.00043770803411144997,0.0005032092745105,0.8312008135938221,0.8973526248016865,0.13230362241572868,-0.6388732473705934,-0.5870756743977961,0.10359514594559471,0.2360257794373965,0.2727120420997085,0.07337252532462402,1.1491756287227404,1.1956046155596802,0.09285797367387971
0.54,0.1900317181290125,6674,18702,92781,405203,25376,0.0484867013145826,0.2630044136191677,0.0671057262078326,0.955881624420566,0.5114936753141993,0.1069285674231561,1.384002713908075,-0.0019266967210914,-0.0007986755748453,1221,3.3467400387163826,0.2276822276822276,0.5028665028665029,-0.0006009686213441,-0.0006009686213441,4.0913809945086754e-05,0.8525928439429223,-0.5901553810448159,0.0,0.2360257794373965,1.24203360239662,0.2692350037965072,41030,85290,100803,299677,126320,0.2397873955960516,0.3248100063331222,0.2892838761078169,0.7784485423425904,0.5338662092252037,0.3060193247884603,1.2064181913679384,-0.0007886037355301,-0.0007253411027245,1596,4.362650650437833,0.3076441102756892,0.5,-0.0001370739713908,-0.0001370739713908,-1.2215963216544168e-06,0.9727956394472168,-0.4892343024358287,0.0,0.3093983047620205,1.1491756287227404,ETHUSDT,BAJA,v4_52_balanceado,52,0.2630044136191677,0.29390720997614495,0.06180559271395447,0.0671057262078326,0.17819480115782477,0.2221781498999843,0.1069285674231561,0.2064739461058082,0.19909075736530418,1.2064181913679384,1.2952104526380066,0.17758452254013668,1221,1408.5,375,0.2276822276822276,0.2676631689789584,0.07996188259346163,0.5,0.5014332514332515,0.002866502866502918,-0.0006009686213441,-0.00036902129636745,0.0004638946499533,0.8525928439429223,0.9126942416950696,0.12020279550429447,-0.5901553810448159,-0.5396948417403223,0.10092107860898719,0.2360257794373965,0.2727120420997085,0.07337252532462402,1.1491756287227404,1.1956046155596802,0.09285797367387971
0.55,0.1900317181290125,5385,15565,94070,408340,20950,0.0400298073983491,0.2570405727923627,0.0541450907445578,0.9632818673995353,0.5087134790720466,0.0894481126199078,1.3526193170439995,-0.0021365154243063,-0.0010026741026613,1171,3.209690897081805,0.2254483347566182,0.5046968403074296,-0.0005347710647452,-0.0005347710647452,5.5549944450117295e-05,0.8698332627180189,-0.5708238488088617,0.0,0.2360257794373965,1.24203360239662,0.2692350037965072,35369,73922,106464,311045,109291,0.2074620349278663,0.3236222561784593,0.2493707388266482,0.8079783461959077,0.528674542511278,0.281685541804049,1.2020066173232773,-0.0009737427924807,-0.0008220755703385,1527,4.174039814046724,0.3097576948264571,0.495743287491814,-0.0001576578313018,-0.0001576578313018,-5.008120309346609e-05,0.969319199162344,-0.4831328963135772,0.0,0.3093983047620205,1.1491756287227404,ETHUSDT,BAJA,v4_52_balanceado,52,0.2570405727923627,0.290331414485411,0.0665816833860966,0.0541450907445578,0.151757914785603,0.19522564808209042,0.0894481126199078,0.1855668272119784,0.19223742918414116,1.2020066173232773,1.2773129671836383,0.15061269972072222,1171,1349.0,356,0.2254483347566182,0.26760301479153764,0.08430936006983888,0.495743287491814,0.5002200638996218,0.00895355281561555,-0.0005347710647452,-0.00034621444802350004,0.0003771132334434,0.8698332627180189,0.9195762309401814,0.09948593644432513,-0.5708238488088617,-0.5269783725612195,0.08769095249528452,0.2360257794373965,0.2727120420997085,0.07337252532462402,1.1491756287227404,1.1956046155596802,0.09285797367387971
0.56,0.1900317181290125,4350,13174,95105,410731,17524,0.0334836441455212,0.2482309974891577,0.0437383741390578,0.9689222821150966,0.5063303281270772,0.0743723232375041,1.306260870201856,-0.0023954669068039,-0.0012559660821165,1120,3.069900772614536,0.2339285714285714,0.50625,-0.0004097064912625,-0.0004097064912625,9.933442848958364e-05,0.8994919038698985,-0.4867897766384969,0.0,0.2360257794373965,1.24203360239662,0.2692350037965072,30361,63805,111472,321162,94166,0.1787509491268033,0.3224199817343839,0.2140616076653529,0.8342585208602296,0.5241600642627913,0.2572977004139848,1.1975410967664328,-0.0011836613122761,-0.000966382239256,1451,3.966294544978256,0.3142660234321158,0.4913852515506547,-0.0001280859794323,-0.0001280859794323,-0.000331962922295,0.9755493771775584,-0.4501608552430283,0.0,0.3093983047620205,1.1491756287227404,ETHUSDT,BAJA,v4_52_balanceado,52,0.2482309974891577,0.2853254896117708,0.07418898424522621,0.0437383741390578,0.12889999090220536,0.17032323352629508,0.0743723232375041,0.16583501182574445,0.18292537717648072,1.1975410967664328,1.2519009834841444,0.10871977343542327,1120,1285.5,331,0.2339285714285714,0.2740972974303436,0.08033745200354439,0.4913852515506547,0.49881762577532734,0.014864748449345266,-0.0004097064912625,-0.0002688962353474,0.00028162051183019997,0.8994919038698985,0.9375206405237284,0.07605747330765988,-0.4867897766384969,-0.4684753159407626,0.03662892139546858,0.2360257794373965,0.2727120420997085,0.07337252532462402,1.1491756287227404,1.1956046155596802,0.09285797367387971
0.57,0.1900317181290125,3611,11255,95844,412650,14866,0.0284049220421889,0.242903269204897,0.0363078779347443,0.9734492398060888,0.5048785588704165,0.0631729953376894,1.278224875281031,-0.0025944338788446,-0.0013131586324708,1068,2.9273696653145755,0.2340823970037453,0.50187265917603,-0.0003692387715454,-0.0003692387715454,3.7427801338529854e-05,0.9094823585674482,-0.4489139562583726,0.0,0.2360257794373965,1.24203360239662,0.2692350037965072,25988,54841,115845,330126,80829,0.1534339407744874,0.3215182669586411,0.1832295728074566,0.8575436336101536,0.5203866032088051,0.2334300419469869,1.19419192313363,-0.001394956148385,-0.0010938359707299,1388,3.7940846508820254,0.3126801152737752,0.4963976945244956,-8.357977865510314e-05,-8.357977865510314e-05,-0.0001213470782367,0.984279104428666,-0.4029383298466581,0.0,0.3093983047620205,1.1491756287227404,ETHUSDT,BAJA,v4_52_balanceado,52,0.242903269204897,0.28221076808176904,0.07861499775374411,0.0363078779347443,0.10976872537110045,0.1469216948727123,0.0631729953376894,0.14830151864233815,0.17025704660929752,1.19419192313363,1.2362083992073305,0.08403295214740103,1068,1228.0,320,0.2340823970037453,0.27338125613876024,0.0785977182700299,0.4963976945244956,0.49913517685026276,0.005474964651534353,-0.0003692387715454,-0.00022640927510025156,0.00028565899289029683,0.9094823585674482,0.9468807314980571,0.07479674586121776,-0.4489139562583726,-0.42592614305251536,0.04597562641171449,0.2360257794373965,0.2727120420997085,0.07337252532462402,1.1491756287227404,1.1956046155596802,0.09285797367387971
0.58,0.1900317181290125,3041,9645,96414,414260,12686,0.0242395291959645,0.2397130695254611,0.0305766427027298,0.9772472605890472,0.5039119516458885,0.0542352930685476,1.261437153153138,-0.0027075392278942,-0.0013711805573352,1016,2.7848385580146147,0.2411417322834645,0.4980314960629921,-0.0003174547367752,-0.0003174547367752,-1.9071564181016853e-05,0.9224893812409776,-0.4157750983782986,0.0,0.2360257794373965,1.24203360239662,0.2692350037965072,22185,47066,119648,337901,69251,0.131455960516325,0.3203563847453466,0.15641634880458,0.8777401699366439,0.517078259370612,0.2102006784029106,1.1898764285028771,-0.0016156551357396,-0.0012274295299343,1322,3.613674285638356,0.3154311649016641,0.5007564296520424,-2.7761938208222484e-05,-2.7761938208222484e-05,1.99545199451312e-05,0.9948065697992088,-0.4171700643624524,0.0,0.3093983047620205,1.1491756287227404,ETHUSDT,BAJA,v4_52_balanceado,52,0.2397130695254611,0.28003472713540384,0.08064331521988552,0.0305766427027298,0.0934964957536549,0.1258397061018502,0.0542352930685476,0.1322179857357291,0.155965385334363,1.1898764285028771,1.2256567908280076,0.07156072465026098,1016,1169.0,306,0.2411417322834645,0.2782864485925643,0.07428943261819962,0.4980314960629921,0.49939396285751725,0.0027249335890502935,-0.0003174547367752,-0.00017260833749171124,0.0002896927985669775,0.9224893812409776,0.9586479755200932,0.07231718855823122,-0.4171700643624524,-0.4164725813703755,0.0013949659841537843,0.2360257794373965,0.2727120420997085,0.07337252532462402,1.1491756287227404,1.1956046155596802,0.09285797367387971
0.59,0.1900317181290125,2607,8253,96848,415652,10860,0.0207505350045857,0.2400552486187845,0.0262128600874767,0.9805310152038782,0.5033719376456774,0.0472646512260345,1.2632377951548646,-0.0027510417118828,-0.0013458184440432,977,2.6779402275396444,0.2374616171954964,0.4933469805527123,-0.000432484875333,-0.000432484875333,-5.496653148973074e-05,0.897396952651379,-0.4655809090236943,0.0,0.2360257794373965,1.24203360239662,0.2692350037965072,18913,40433,122920,344534,59346,0.1126537585421412,0.3186903919387995,0.1333469643876954,0.8949702182264974,0.5141585913070964,0.1880216125937598,1.183688552546725,-0.0018715793693679,-0.0013885251804862,1272,3.4769997665143637,0.320754716981132,0.4929245283018867,-5.885933240897957e-05,-5.885933240897957e-05,-0.0002138547789115,0.989038880409208,-0.4168633906597925,0.0,0.3093983047620205,1.1491756287227404,ETHUSDT,BAJA,v4_52_balanceado,52,0.2400552486187845,0.279372820278792,0.078635143320015,0.0262128600874767,0.07977991223758604,0.10713410430021869,0.0472646512260345,0.11764313190989714,0.1407569613677253,1.183688552546725,1.2234631738507948,0.07954924260813967,977,1124.5,295,0.2374616171954964,0.2791081670883142,0.0832930997856356,0.4929245283018867,0.4931357544272995,0.0004224522508256001,-0.000432484875333,-0.0002456721038709898,0.00037362554292402045,0.897396952651379,0.9432179165302934,0.09164192775782898,-0.4655809090236943,-0.4412221498417434,0.04871751836390181,0.2360257794373965,0.2727120420997085,0.07337252532462402,1.1491756287227404,1.1956046155596802,0.09285797367387971
0.6,0.1900317181290125,2234,7007,97221,416898,9241,0.0176570620605319,0.2417487284925873,0.0224624201900356,0.9834703530272112,0.5029663866086235,0.0411054684625009,1.2721493594477955,-0.0026207810794812,-0.0012401570062852,930,2.549114034403141,0.2376344086021505,0.4903225806451612,-0.0005390032628173,-0.0005390032628173,-0.0001360538041841,0.8751054672382951,-0.4937723749402074,0.0,0.2360257794373965,1.24203360239662,0.2692350037965072,16138,34579,125695,350388,50717,0.0962737281700835,0.3181970542421673,0.1137817010145734,0.9101767164458252,0.5119792087301993,0.1676239937678525,1.181856184208003,-0.0021116007376816,-0.0014743284056588,1228,3.3567261896852503,0.3167752442996742,0.4918566775244299,-8.020998175525419e-05,-8.020998175525419e-05,-0.0003082126435981,0.9851872705598004,-0.4299048357608888,0.0,0.3093983047620205,1.1491756287227404,ETHUSDT,BAJA,v4_52_balanceado,52,0.2417487284925873,0.2799728913673773,0.07644832574958002,0.0224624201900356,0.0681220606023045,0.0913192808245378,0.0411054684625009,0.1043647311151767,0.1265185253053516,1.181856184208003,1.2270027718278993,0.09029317523979241,930,1079.0,298,0.2376344086021505,0.2772048264509123,0.0791408356975237,0.4903225806451612,0.4910896290847956,0.0015340968792686982,-0.0005390032628173,-0.00030960662228627706,0.0004587932810620458,0.8751054672382951,0.9301463688990477,0.1100818033215053,-0.4937723749402074,-0.4618386053505481,0.06386753917931864,0.2360257794373965,0.2727120420997085,0.07337252532462402,1.1491756287227404,1.1956046155596802,0.09285797367387971
0.61,0.1900317181290125,1902,5930,97553,417975,7832,0.0149648425557933,0.242849846782431,0.0191242270373535,0.9860110166192896,0.5025676218283216,0.0354562994584618,1.2779437515665688,-0.0025531285182399,-0.0011206304192387,896,2.455920618091629,0.2421875,0.4921875,-0.0005370380439356,-0.0005370380439356,-0.0001394490451575,0.8760959702300922,-0.5000553408330783,0.0,0.2360257794373965,1.24203360239662,0.2692350037965072,13634,29662,128199,355305,43296,0.0821867881548975,0.3149020694752402,0.0961271354339258,0.9229492398049703,0.509538187619448,0.1472918883589281,1.1696178618484876,-0.0024661321031321,-0.0016668882173035,1159,3.168115353294141,0.3175150992234685,0.4935289042277825,-0.0001117218297763,-0.0001117218297763,-0.0001725817675712,0.9798056025826328,-0.4440372489948849,0.0,0.3093983047620205,1.1491756287227404,ETHUSDT,BAJA,v4_52_balanceado,52,0.242849846782431,0.2788759581288356,0.0720522226928092,0.0191242270373535,0.05762568123563965,0.0770029083965723,0.0354562994584618,0.09137409390869494,0.1118355889004663,1.1696178618484876,1.2237808067075282,0.10832588971808121,896,1027.5,263,0.2421875,0.27985129961173427,0.07532759922346849,0.4921875,0.49285820211389125,0.0013414042277825056,-0.0005370380439356,-0.00032437993685595004,0.00042531621415930007,0.8760959702300922,0.9279507864063625,0.1037096323525406,-0.5000553408330783,-0.47204629491398165,0.05601809183819345,0.2360257794373965,0.2727120420997085,0.07337252532462402,1.1491756287227404,1.1956046155596802,0.09285797367387971
0.62,0.1900317181290125,1648,5089,97807,418816,6737,0.0128725924793641,0.2446192667359358,0.0165703081795787,0.9879949516990836,0.502282629939331,0.031038119632364,1.2872549337782857,-0.0025525513031491,-0.0010360093691283,864,2.368209167445499,0.2384259259259259,0.4965277777777778,-0.0005540996930598,-0.0005540996930598,-4.9676038509915976e-05,0.8741288223270437,-0.4973728870157637,0.0,0.2360257794373965,1.24203360239662,0.2692350037965072,11628,25420,130205,359547,37048,0.0703264996203492,0.3138630965234291,0.0819837414424005,0.9339683661196934,0.5079760537810469,0.1300082177537022,1.165758880151604,-0.0027870102050222,-0.0018657198659591,1102,3.0123064014927894,0.3284936479128856,0.4863883847549909,-0.00026615581204,-0.00026615581204,-0.0003228055054764,0.952486000098189,-0.4643453723935618,0.0,0.3093983047620205,1.1491756287227404,ETHUSDT,BAJA,v4_52_balanceado,52,0.2446192667359358,0.2792411816296824,0.0692438297874933,0.0165703081795787,0.049277024810989604,0.0654134332628218,0.031038119632364,0.0805231686930331,0.0989700981213382,1.165758880151604,1.2265069069649448,0.12149605362668181,864,983.0,238,0.2384259259259259,0.28345978691940577,0.0900677219869597,0.4863883847549909,0.49145808126638435,0.01013939302278688,-0.0005540996930598,-0.00041012775254990004,0.00028794388101980006,0.8741288223270437,0.9133074112126163,0.07835717777114526,-0.4973728870157637,-0.4808591297046627,0.03302751462220194,0.2360257794373965,0.2727120420997085,0.07337252532462402,1.1491756287227404,1.1956046155596802,0.09285797367387971
0.63,0.1900317181290125,1445,4372,98010,419533,5817,0.0111147202690308,0.2484098332473783,0.0145291840530893,0.989686368408016,0.5021077762305526,0.0274526939737062,1.3072019539324111,-0.0023561495056114,-0.0008611007113439,817,2.239382974308997,0.237454100367197,0.4969400244798042,-0.0005831455886579,-0.0005831455886579,-4.438554553010121e-05,0.8675702965824261,-0.4840990306614523,0.0,0.2360257794373965,1.24203360239662,0.2692350037965072,9796,21816,132037,363151,31612,0.0600075930144267,0.3098823231684171,0.0690671423434602,0.9433302075242812,0.5061986749338708,0.1129579982126899,1.1509733830992936,-0.0032020289913723,-0.002160437540261,1049,2.8674314112213577,0.321258341277407,0.4918970448045758,-0.0002986331992862,-0.0002986331992862,-0.0001991701244812,0.946828524517952,-0.4609685753391339,0.0,0.3093983047620205,1.1491756287227404,ETHUSDT,BAJA,v4_52_balanceado,52,0.2484098332473783,0.2791460782078977,0.061472489921038764,0.0145291840530893,0.04179816319827475,0.054537958290370905,0.0274526939737062,0.07020534609319805,0.0855053042389837,1.1509733830992936,1.2290876685158523,0.15622857083311747,817,933.0,232,0.237454100367197,0.279356220822302,0.08380424091020999,0.4918970448045758,0.49441853464219,0.005042979675228376,-0.0005831455886579,-0.00044088939397204994,0.0002845123893717,0.8675702965824261,0.907199410550189,0.07925822793552584,-0.4840990306614523,-0.47253380300029313,0.023130455322318444,0.2360257794373965,0.2727120420997085,0.07337252532462402,1.1491756287227404,1.1956046155596802,0.09285797367387971
0.64,0.1900317181290125,1244,3840,98211,420065,5084,0.0097141546927545,0.2446892210857592,0.0125081695239052,0.9909413665797762,0.5017247680518407,0.023799730244215,1.2876230531139004,-0.0021893026195122,-0.0008223263435995,779,2.1352256266667173,0.2220795892169448,0.4762516046213094,-0.0007968600671505,-0.0007968600671505,-0.0004228039299625,0.8231436042090315,-0.5455078599320622,0.0,0.2360257794373965,1.24203360239662,0.2692350037965072,8345,18726,133488,366241,27071,0.0513876233864844,0.3082634553581323,0.0588368010265594,0.9513568695498577,0.5050968352882085,0.0988135272107232,1.144960540090558,-0.0035346988316842,-0.0023478152901472,990,2.706155478655047,0.3161616161616161,0.4828282828282828,-0.0003665324013439,-0.0003665324013439,-0.0003402570676853,0.9363878646715192,-0.4673100659094783,0.0,0.3093983047620205,1.1491756287227404,ETHUSDT,BAJA,v4_52_balanceado,52,0.2446892210857592,0.2764763382219457,0.06357423427237313,0.0125081695239052,0.0356724852752323,0.046328631502654205,0.023799730244215,0.0613066287274691,0.0750137969665082,1.144960540090558,1.216291796602229,0.14266251302334232,779,884.5,211,0.2220795892169448,0.26912060268928045,0.0940820269446713,0.4762516046213094,0.4795399437247961,0.006576678206973385,-0.0007968600671505,-0.0005816962342472,0.00043032766580660005,0.8231436042090315,0.8797657344402754,0.1132442604624877,-0.5455078599320622,-0.5064089629207702,0.07819779402258387,0.2360257794373965,0.2727120420997085,0.07337252532462402,1.1491756287227404,1.1956046155596802,0.09285797367387971
0.65,0.1900317181290125,1103,3386,98352,420519,4489,0.0085772699480281,0.2457117398084206,0.0110904429138806,0.992012361260188,0.5015514020870343,0.0212229662125759,1.2930038323476447,-0.0019876273486288,-0.000701550949413,741,2.0310682790244385,0.2186234817813765,0.4777327935222672,-0.0008572789169044,-0.0008572789169044,-0.0004228039299625,0.8129938345701769,-0.5502950259460125,0.0,0.2360257794373965,1.24203360239662,0.2692350037965072,7117,16098,134716,368869,23215,0.0440679574791192,0.3065690286452724,0.0501787313248679,0.9581834287094738,0.5041810800171709,0.0862415782075517,1.1386670541434611,-0.0038094661344377,-0.0024214725096995,932,2.547613036471216,0.3090128755364807,0.4817596566523605,-0.0004015446300016,-0.0004015446300016,-0.0003699376597414,0.9308295558265994,-0.4613278989270036,0.0,0.3093983047620205,1.1491756287227404,ETHUSDT,BAJA,v4_52_balanceado,52,0.2457117398084206,0.2761403842268465,0.06085728883685182,0.0110904429138806,0.03063458711937425,0.0390882884109873,0.0212229662125759,0.0537322722100638,0.0650186119949758,1.1386670541434611,1.215835443245553,0.15433677820418357,741,836.5,191,0.2186234817813765,0.2638181786589286,0.09038939375510421,0.4777327935222672,0.47974622508731385,0.004026863130093261,-0.0008572789169044,-0.000629411773453,0.00045573428690280003,0.8129938345701769,0.8719116951983882,0.1178357212564225,-0.5502950259460125,-0.5058114624365081,0.08896712701900894,0.2360257794373965,0.2727120420997085,0.07337252532462402,1.1491756287227404,1.1956046155596802,0.09285797367387971
0.66,0.1900317181290125,986,2984,98469,420921,3970,0.0075856007337205,0.2483627204030226,0.0099140314715197,0.9929606869463676,0.5014373592089437,0.0190669567319313,1.306954032981006,-0.0017259618632635,-0.0003468470619322,705,1.9323928970475428,0.2141843971631205,0.4822695035460992,-0.0010000496532493,-0.0010000496532493,-0.0003194750778721,0.7843910284481326,-0.5696284338860191,0.0,0.2360257794373965,1.24203360239662,0.2692350037965072,6157,13824,135676,371143,19981,0.0379290053151101,0.3081427355988189,0.0434102077795717,0.9640904285302376,0.5037503181549047,0.0760997194309515,1.144512159465412,-0.0040658805021387,-0.0024496176501398,890,2.432806440407062,0.3247191011235955,0.4966292134831461,-0.0001885825252685,-0.0001885825252685,-8.090322665788019e-05,0.967036107178612,-0.4146601886391268,0.0,0.3093983047620205,1.1491756287227404,ETHUSDT,BAJA,v4_52_balanceado,52,0.2483627204030226,0.2782527280009207,0.05978001519579629,0.0099140314715197,0.0266621196255457,0.033496176308051996,0.0190669567319313,0.047583338081441405,0.057032762699020204,1.144512159465412,1.225733096223209,0.16244187351559414,705,797.5,185,0.2141843971631205,0.269451749143358,0.11053470396047499,0.4822695035460992,0.4894493585146227,0.014359709937046883,-0.0010000496532493,-0.0005943160892589,0.0008114671279808,0.7843910284481326,0.8757135678133723,0.18264507873047942,-0.5696284338860191,-0.49214431126257296,0.15496824524689234,0.2360257794373965,0.2727120420997085,0.07337252532462402,1.1491756287227404,1.1956046155596802,0.09285797367387971
0.67,0.1900317181290125,903,2636,98552,421269,3539,0.0067620758177927,0.2551568239615711,0.0090794831833492,0.9937816256000754,0.5014305543917124,0.0175350020389537,1.3427065043338982,-0.0016007192537152,-0.0002145263316577,680,1.863868326230254,0.213235294117647,0.4705882352941176,-0.0011202463191726,-0.0011202463191726,-0.0005267564177057,0.7591962582644445,-0.5835884851808618,0.0,0.2360257794373965,1.24203360239662,0.2692350037965072,5283,11867,136550,373100,17150,0.0325550493545937,0.3080466472303207,0.0372480311352083,0.969173981146436,0.5032110061408221,0.0664599359679965,1.144155265424358,-0.0043488521558614,-0.0024908058817253,839,2.29339843090059,0.3218116805721097,0.4874851013110846,-0.0003132694449523,-0.0003132694449523,-0.0002871026512722,0.9468910936662596,-0.4303170867482471,0.0,0.3093983047620205,1.1491756287227404,ETHUSDT,BAJA,v4_52_balanceado,52,0.2551568239615711,0.2816017355959459,0.052889823268749636,0.0090794831833492,0.02316375715927875,0.028168547951859097,0.0175350020389537,0.0419974690034751,0.048924933929042805,1.144155265424358,1.2434308848791282,0.19855123890954007,680,759.5,159,0.213235294117647,0.26752348734487835,0.10857638645446269,0.4705882352941176,0.47903666830260105,0.016896866016966994,-0.0011202463191726,-0.0007167578820624499,0.0008069768742202999,0.7591962582644445,0.853043675965352,0.18769483540181509,-0.5835884851808618,-0.5069527859645544,0.15327139843261472,0.2360257794373965,0.2727120420997085,0.07337252532462402,1.1491756287227404,1.1956046155596802,0.09285797367387971
0.68,0.1900317181290125,813,2361,98642,421544,3174,0.0060646591256496,0.2561436672967864,0.0081745513046101,0.9944303558580342,0.5013024535813222,0.0158434750411677,1.3478995497103827,-0.001546757007107,-0.0001631282992906,646,1.770674909918741,0.2136222910216718,0.4674922600619195,-0.0012449193473002,-0.0012449193473002,-0.0005651597424232,0.7388569129248281,-0.5965771788376419,0.0,0.2360257794373965,1.24203360239662,0.2692350037965072,4638,10164,137195,374803,14802,0.0280979498861047,0.3133360356708553,0.0327004293782124,0.9735977369488812,0.5031490831635469,0.0592204807354678,1.1638012563465947,-0.004562206467548,-0.0024124494623539,793,2.167657873306517,0.3303909205548549,0.4867591424968474,-0.0003589134674288,-0.0003589134674288,-0.0003873903000963,0.9400660115794914,-0.392228623148538,0.0,0.3093983047620205,1.1491756287227404,ETHUSDT,BAJA,v4_52_balanceado,52,0.2561436672967864,0.28473985148382086,0.05719236837406888,0.0081745513046101,0.02043749034141125,0.024525878073602302,0.0158434750411677,0.03753197788831775,0.0433770056943001,1.1638012563465947,1.2558504030284887,0.18409829336378802,646,719.5,147,0.2136222910216718,0.27200660578826336,0.11676862953318312,0.4674922600619195,0.4771257012793835,0.019266882434927857,-0.0012449193473002,-0.0008019164073645,0.0008860058798714,0.7388569129248281,0.8394614622521598,0.2012090986546633,-0.5965771788376419,-0.49440290099309,0.20434855568910393,0.2360257794373965,0.2727120420997085,0.07337252532462402,1.1491756287227404,1.1956046155596802,0.09285797367387971
0.69,0.1900317181290125,733,2080,98722,421825,2813,0.0053748853561601,0.2605758976182012,0.0073701674123975,0.995093240230712,0.5012317038215548,0.0143348848124535,1.3712231841281162,-0.0014767302521278,-2.3182089517570503e-05,617,1.6911864077706864,0.2139384116693679,0.4619124797406807,-0.0013021036770336,-0.0013021036770336,-0.0006339976433218,0.7318383518612585,-0.5778504665691403,0.0,0.2360257794373965,1.24203360239662,0.2692350037965072,4043,8840,137790,376127,12883,0.0244552012148823,0.313824419778002,0.0285053548892006,0.9770369927811994,0.5027711738352,0.0522635021587941,1.1656152259280383,-0.0049032236272152,-0.0024421772920084,751,2.052851277242364,0.3209054593874834,0.4820239680426098,-0.0004881507911911,-0.0004881507911911,-0.000524209530385,0.9196190623205176,-0.428493727175556,0.0,0.3093983047620205,1.1491756287227404,ETHUSDT,BAJA,v4_52_balanceado,52,0.2605758976182012,0.2872001586981016,0.053248522159800804,0.0073701674123975,0.01793776115079905,0.021135187476803097,0.0143348848124535,0.033299193485623796,0.0379286173463406,1.1656152259280383,1.2684192050280774,0.20560795820007782,617,684.0,134,0.2139384116693679,0.26742193552842564,0.1069670477181155,0.4619124797406807,0.4719682238916453,0.020111488301929048,-0.0013021036770336,-0.00089512723411235,0.0008139528858425,0.7318383518612585,0.8257287070908881,0.18778071045925915,-0.5778504665691403,-0.5031720968723481,0.1493567393935843,0.2360257794373965,0.2727120420997085,0.07337252532462402,1.1491756287227404,1.1956046155596802,0.09285797367387971
0.7,0.1900317181290125,631,1827,98824,422078,2458,0.0046965759706511,0.2567127746135069,0.0063445779498265,0.995690072068034,0.5010173250089303,0.012383111084945,1.350894351432557,-0.0017902170969094,-2.4541728554927644e-05,584,1.6007339742918651,0.2106164383561644,0.4623287671232877,-0.0013079634356606,-0.0013079634356606,-0.0007328424205772,0.7321438029902952,-0.5572838475482773,0.0,0.2360257794373965,1.24203360239662,0.2692350037965072,3556,7732,138277,377235,11288,0.0214274867122247,0.315024805102764,0.0250717392990347,0.9799151615593024,0.5024934504291686,0.0464469275932106,1.1700737298663644,-0.0052903376006849,-0.002460053986238,711,1.94351166194317,0.3248945147679324,0.4922644163150492,-0.0004061334315661,-0.0004061334315661,-0.0002708762356689,0.9332903599320984,-0.4547223338246039,0.0,0.3093983047620205,1.1491756287227404,ETHUSDT,BAJA,v4_52_balanceado,52,0.2567127746135069,0.28586878985813546,0.058312030489257094,0.0063445779498265,0.0157081586244306,0.0187271613492082,0.012383111084945,0.029415019339077798,0.0340638165082656,1.1700737298663644,1.2604840406494606,0.18082062156619272,584,647.5,127,0.2106164383561644,0.2677554765620484,0.11427807641176801,0.4623287671232877,0.47729659171916844,0.029935649191761504,-0.0013079634356606,-0.00085704843361335,0.0009018300040944999,0.7321438029902952,0.8327170814611968,0.20114655694180317,-0.5572838475482773,-0.5060030906864406,0.10256151372367339,0.2360257794373965,0.2727120420997085,0.07337252532462402,1.1491756287227404,1.1956046155596802,0.09285797367387971
0.71,0.1900317181290125,548,1592,98907,422313,2140,0.0040889636196881,0.2560747663551402,0.005510029661656,0.9962444415611988,0.5008772356114274,0.0107879324769919,1.3475369737029428,-0.0022969680420123,-0.0002075198552584,556,1.523986454976502,0.2068345323741007,0.4532374100719424,-0.0014136327008104,-0.0014136327008104,-0.0009750343961228,0.7126137206682094,-0.5631634302416869,0.0,0.2360257794373965,1.24203360239662,0.2692350037965072,3128,6761,138705,378206,9889,0.0187718299164768,0.3163110526848013,0.0220541058850902,0.9824374556780192,0.5022457807815547,0.0412333082875258,1.1748511457443145,-0.0056085653819488,-0.0024176100427093,664,1.8150376139666171,0.3253012048192771,0.4969879518072289,-0.0004452968085816,-0.0004452968085816,-9.571531470553564e-05,0.9273548612507512,-0.4602896610952405,0.0,0.3093983047620205,1.1491756287227404,ETHUSDT,BAJA,v4_52_balanceado,52,0.2560747663551402,0.2861929095199708,0.060236286329661104,0.005510029661656,0.0137820677733731,0.0165440762234342,0.0107879324769919,0.026010620382258848,0.0304453758105339,1.1748511457443145,1.2611940597236286,0.1726858279586283,556,610.0,108,0.2068345323741007,0.2660678685966889,0.11846667244517639,0.4532374100719424,0.47511268093958564,0.043750541735286474,-0.0014136327008104,-0.000929464754696,0.0009683358922287999,0.7126137206682094,0.8199842909594803,0.2147411405825418,-0.5631634302416869,-0.5117265456684637,0.10287376914644641,0.2360257794373965,0.2727120420997085,0.07337252532462402,1.1491756287227404,1.1956046155596802,0.09285797367387971
0.72,0.1900317181290125,496,1415,98959,422490,1911,0.0036514062977682,0.2595499738356881,0.0049871801317178,0.9966619879454124,0.5008245840385651,0.0097863188840439,1.3658244865179805,-0.0023629715635542,-0.0003194750778721,533,1.460943849824596,0.2082551594746716,0.4521575984990619,-0.001523838325484,-0.001523838325484,-0.0009708530704561,0.6928776122757346,-0.5736061593248201,0.0,0.2360257794373965,1.24203360239662,0.2692350037965072,2786,5889,139047,379078,8675,0.016467350037965,0.3211527377521614,0.0196428193720784,0.9847025848968872,0.5021727021344828,0.0370212879049618,1.192834264577627,-0.0059002942132563,-0.0023473697458578,613,1.675629604460145,0.33115823817292,0.499184339314845,-0.0003960132123652,-0.0003960132123652,-4.559478395660399e-05,0.9366299755701796,-0.4361973610003167,0.0,0.3093983047620205,1.1491756287227404,ETHUSDT,BAJA,v4_52_balanceado,52,0.2595499738356881,0.2903513557939248,0.06160276391647329,0.0049871801317178,0.012314999751898101,0.014655639240360601,0.0097863188840439,0.023403803394502848,0.0272349690209179,1.192834264577627,1.2793293755478037,0.1729902219403534,533,573.0,80,0.2082551594746716,0.26970669882379583,0.1229030786982484,0.4521575984990619,0.4756709689069535,0.04702674081578312,-0.001523838325484,-0.0009599257689246,0.0011278251131188,0.6928776122757346,0.8147537939229571,0.24375236329444494,-0.5736061593248201,-0.5049017601625684,0.13740879832450337,0.2360257794373965,0.2727120420997085,0.07337252532462402,1.1491756287227404,1.1956046155596802,0.09285797367387971
0.73,0.1900317181290125,456,1255,98999,422650,1711,0.0032692601650871,0.2665108123904149,0.0045849881856115,0.9970394310045884,0.5008122095950999,0.0090148864242927,1.402454364010332,-0.0025141683140714,-0.0003569655695552,511,1.400642227505382,0.2113502935420743,0.4559686888454011,-0.0015634929718515,-0.0015634929718515,-0.0009708530704561,0.6855047864102229,-0.5670657928457895,0.0,0.2360257794373965,1.24203360239662,0.2692350037965072,2442,5199,139391,379768,7641,0.014504555808656,0.3195916764821358,0.0172174317683472,0.9864949463200742,0.5018561890442107,0.0326745788565235,1.1870361281985795,-0.0063194930459472,-0.0024041450777203,574,1.5690234795434312,0.3240418118466899,0.4843205574912892,-0.0008073913258273,-0.0008073913258273,-0.0005035506813073,0.8764190229431212,-0.5256463586350357,0.0,0.3093983047620205,1.1491756287227404,ETHUSDT,BAJA,v4_52_balanceado,52,0.2665108123904149,0.2930512444362754,0.053080864091720914,0.0045849881856115,0.01090120997697935,0.0126324435827357,0.0090148864242927,0.0208447326404081,0.023659692432230803,1.1870361281985795,1.2947452461044557,0.21541823581175246,511,542.5,63,0.2113502935420743,0.2676960526943821,0.1126915183046156,0.4559686888454011,0.47014462316834515,0.028351868645888123,-0.0015634929718515,-0.0011854421488394,0.0007561016460242,0.6855047864102229,0.780961904676672,0.1909142365328983,-0.5670657928457895,-0.5463560757404127,0.04141943421075378,0.2360257794373965,0.2727120420997085,0.07337252532462402,1.1491756287227404,1.1956046155596802,0.09285797367387971
0.74,0.1900317181290125,425,1144,99030,422761,1569,0.0029979364108835,0.2708731676226896,0.0042732894273792,0.9973012821268916,0.5007872857771354,0.0084138422553056,1.4254102961843127,-0.0023769421289896,-0.0002793326099335,499,1.3677504335130837,0.220440881763527,0.4629258517034068,-0.0013567284877654,-0.0013567284877654,-0.000589900193654,0.725001900369649,-0.511055398316391,0.0,0.2360257794373965,1.24203360239662,0.2692350037965072,2112,4584,139721,380383,6696,0.0127107061503416,0.3154121863799283,0.0148907517996517,0.9880924858494364,0.5014916188245441,0.0284388907216772,1.1715125519797664,-0.0069922117641161,-0.0027409554032905,533,1.4569503738617575,0.3076923076923077,0.4803001876172608,-0.001140912607047,-0.001140912607047,-0.0006843237473437,0.8283161437437192,-0.5435186605741148,0.0,0.3093983047620205,1.1491756287227404,ETHUSDT,BAJA,v4_52_balanceado,52,0.2708731676226896,0.2931426770013089,0.0445390187572387,0.0042732894273792,0.00958202061351545,0.010617462372272499,0.0084138422553056,0.0184263664884914,0.020025048466371598,1.1715125519797664,1.2984614240820396,0.25389774420454625,499,516.0,34,0.220440881763527,0.2640665947279174,0.08725142592878071,0.4629258517034068,0.47161301966033375,0.01737433591385401,-0.0013567284877654,-0.0012488205474062,0.00021581588071840018,0.725001900369649,0.776659022056684,0.10331424337407025,-0.5435186605741148,-0.527287029445253,0.03246326225772378,0.2360257794373965,0.2727120420997085,0.07337252532462402,1.1491756287227404,1.1956046155596802,0.09285797367387971
0.75,0.1900317181290125,398,1055,99057,422850,1453,0.0027762916539284,0.2739160357880247,0.0040018098637574,0.9975112348285584,0.5007565223461579,0.0078883735680025,1.441422718717215,-0.0023056534281837,-0.0003202402906457,475,1.3019668455284863,0.2189473684210526,0.4568421052631579,-0.0014970377136824,-0.0014970377136824,-0.0009242348774143,0.7054738291965534,-0.5271248470604905,0.0,0.2360257794373965,1.24203360239662,0.2692350037965072,1851,4104,139982,380863,5955,0.0113041002277904,0.3108312342569269,0.0130505594607742,0.9893393459699144,0.5011949527153443,0.0250493950794381,1.1544978545652218,-0.0074280783431107,-0.0030167358972392,504,1.377679152769842,0.2976190476190476,0.4623015873015873,-0.0013340692847738,-0.0013340692847738,-0.0011446105394382,0.8067623505361352,-0.574776633679843,0.0,0.3093983047620205,1.1491756287227404,ETHUSDT,BAJA,v4_52_balanceado,52,0.2739160357880247,0.2923736350224758,0.03691519846890218,0.0040018098637574,0.0085261846622658,0.009048749597016799,0.0078883735680025,0.0164688843237203,0.0171610215114356,1.1544978545652218,1.2979602866412185,0.28692486415199325,475,489.5,29,0.2189473684210526,0.2582832080200501,0.078671679197995,0.4568421052631579,0.4595718462823726,0.005459482038429442,-0.0014970377136824,-0.0014155534992281,0.00016296842890859992,0.7054738291965534,0.7561180898663443,0.10128852133958177,-0.574776633679843,-0.5509507403701668,0.04765178661935254,0.2360257794373965,0.2727120420997085,0.07337252532462402,1.1491756287227404,1.1956046155596802,0.09285797367387971
0.76,0.1900317181290125,376,970,99079,422935,1346,0.002571843472944,0.2793462109955423,0.003780604293399,0.9977117514537456,0.5007461778735723,0.0074602434499657,1.46999781797423,-0.0021450718894538,-0.0002060735888285,453,1.2416652232092722,0.2141280353200883,0.4569536423841059,-0.0015144726554264,-0.0015144726554264,-0.0006339976433218,0.7035166339532984,-0.5148336436981156,0.0,0.2360257794373965,1.24203360239662,0.2692350037965072,1631,3664,140202,381303,5295,0.0100512528473804,0.3080264400377714,0.0114994394816439,0.9904823010803524,0.5009908702809981,0.0221711706813115,1.1440802113182265,-0.008056365802019,-0.0035874288409067,467,1.2765400086180878,0.2997858672376873,0.4582441113490364,-0.0015904680573726,-0.0015904680573726,-0.0011557387792062,0.7767119978312201,-0.5927109555680202,0.0,0.3093983047620205,1.1491756287227404,ETHUSDT,BAJA,v4_52_balanceado,52,0.2793462109955423,0.29368632551665685,0.02868022904222911,0.003780604293399,0.00764002188752145,0.007718835188244901,0.0074602434499657,0.0148157070656386,0.0147109272313458,1.1440802113182265,1.3070390146462283,0.32591760665600344,453,460.0,14,0.2141280353200883,0.2569569512788878,0.08565783191759899,0.4569536423841059,0.4575988768665712,0.0012904689649305134,-0.0015904680573726,-0.0015524703563995,7.599540194619999e-05,0.7035166339532984,0.7401143158922593,0.0731953638779217,-0.5927109555680202,-0.5537722996330678,0.07787731186990465,0.2360257794373965,0.2727120420997085,0.07337252532462402,1.1491756287227404,1.1956046155596802,0.09285797367387971
0.77,0.1900317181290125,348,879,99107,423026,1227,0.0023444665239987,0.2836185819070904,0.0034990699311246,0.997926422193652,0.5007127460623882,0.0069128543334458,1.4924802275088718,-0.0021455159137178,-0.0003194750778721,431,1.181363600890058,0.2111368909512761,0.4431554524361949,-0.0018129653053238,-0.0018129653053238,-0.0010977821618354,0.6612684918441122,-0.5584850347288859,0.0,0.2360257794373965,1.24203360239662,0.2692350037965072,1436,3230,140397,381737,4666,0.0088572513287775,0.3077582511787398,0.0101245831365056,0.9916096704392844,0.500867126787895,0.0196042293804053,1.1430840969376672,-0.0084368295558615,-0.0038975392769861,424,1.1589999221714544,0.294811320754717,0.4481132075471698,-0.0015279239469445,-0.0015279239469445,-0.0016179967985758,0.7831267131737568,-0.5475895344341493,0.0,0.3093983047620205,1.1491756287227404,ETHUSDT,BAJA,v4_52_balanceado,52,0.2836185819070904,0.2956884165429151,0.0241396692716494,0.0034990699311246,0.0068118265338151,0.006625513205381,0.0069128543334458,0.01325854185692555,0.012691375046959498,1.1430840969376672,1.3177821622232695,0.34939613057120456,424,427.5,7,0.2111368909512761,0.25297410585299657,0.08367442980344089,0.4431554524361949,0.4456343299916824,0.004957755110974904,-0.0018129653053238,-0.00167044462613415,0.00028504135837929996,0.6612684918441122,0.7221976025089345,0.12185822132964463,-0.5584850347288859,-0.5530372845815176,0.010895500294736626,0.2360257794373965,0.2727120420997085,0.07337252532462402,1.1491756287227404,1.1956046155596802,0.09285797367387971
0.78,0.1900317181290125,324,801,99131,423104,1125,0.0021495719963313,0.288,0.0032577547634608,0.9981104256850002,0.5006840902242305,0.006442632730165,1.5155364737821124,-0.0020993466745823,-0.0001917747203801,410,1.1238029614035354,0.2024390243902439,0.4414634146341463,-0.0020514128356067,-0.0020514128356067,-0.0010717659138074,0.6267472796711206,-0.5835701970695445,0.0,0.2360257794373965,1.24203360239662,0.2692350037965072,1291,2842,140542,382125,4133,0.007845482156416,0.3123639003145415,0.0091022540593514,0.9926175490366708,0.5008599015480111,0.0176890508748612,1.1601905246712714,-0.0084978975602513,-0.003834063696432,388,1.06059426840218,0.2989690721649484,0.4510309278350515,-0.0014255950160301,-0.0014255950160301,-0.0011045496316119,0.7985713784750258,-0.4986061286602716,0.0,0.3093983047620205,1.1491756287227404,ETHUSDT,BAJA,v4_52_balanceado,52,0.288,0.3001819501572707,0.024363900314541498,0.0032577547634608,0.0061800044114060995,0.0058444992958906,0.006442632730165,0.012065841802513098,0.011246418144696199,1.1601905246712714,1.337863499226692,0.35534594911084105,388,399.0,22,0.2024390243902439,0.2507040482775961,0.0965300477747045,0.4414634146341463,0.4462471712345989,0.009567513200905209,-0.0020514128356067,-0.0017385039258184,0.0006258178195766,0.6267472796711206,0.7126593290730732,0.17182409880390515,-0.5835701970695445,-0.541088162864908,0.0849640684092729,0.2360257794373965,0.2727120420997085,0.07337252532462402,1.1491756287227404,1.1956046155596802,0.09285797367387971
0.79,0.1900317181290125,300,729,99155,423176,1029,0.0019661418526444,0.2915451895043732,0.003016439595797,0.9982802750616294,0.5006483573287133,0.0059710998765972,1.5341922515610955,-0.0022355497155143,-0.0002648797614954,384,1.0525374077535552,0.203125,0.4244791666666667,-0.002203692983614,-0.002203692983614,-0.0015680945524765,0.6081548986073788,-0.5864121895977523,0.0,0.2360257794373965,1.24203360239662,0.2692350037965072,1173,2530,140660,382437,3703,0.0070292331055429,0.3167701863354037,0.0082702897069088,0.9934280081149812,0.5008491489109451,0.0161197229551451,1.1765564724816555,-0.0082938984111548,-0.0037016906937965,364,0.9949904992226636,0.3021978021978022,0.4615384615384615,-0.0012212380795346,-0.0012212380795346,-0.0009495395359696,0.8241304594125232,-0.468818689120256,0.0,0.3093983047620205,1.1491756287227404,ETHUSDT,BAJA,v4_52_balanceado,52,0.2915451895043732,0.30415768791988845,0.02522499683103052,0.003016439595797,0.0056433646513529,0.005253850111111801,0.0059710998765972,0.011045411415871152,0.010148623078547902,1.1765564724816555,1.3553743620213754,0.35763577907944,364,374.0,20,0.203125,0.2526614010989011,0.09907280219780218,0.4244791666666667,0.4430088141025641,0.03705929487179482,-0.002203692983614,-0.0017124655315743,0.0009824549040794,0.6081548986073788,0.716142679009951,0.21597556080514435,-0.5864121895977523,-0.5276154393590041,0.11759350047749634,0.2360257794373965,0.2727120420997085,0.07337252532462402,1.1491756287227404,1.1956046155596802,0.09285797367387971
0.8,0.1900317181290125,246,647,99209,423258,893,0.0017062824824212,0.2754759238521836,0.0024734804685536,0.9984737146294572,0.5004735975490053,0.0049029377765376,1.449631285579195,-0.0025024941028294,-0.0004856275665059,366,1.0031997167651072,0.1967213114754098,0.4153005464480874,-0.0023360503689236,-0.0023360503689236,-0.0015680945524765,0.5919302187685097,-0.5896172710336003,0.0,0.2360257794373965,1.24203360239662,0.2692350037965072,1081,2259,140752,382708,3340,0.0063401670463173,0.3236526946107784,0.0076216395338179,0.9941319645580012,0.5008768020459096,0.014892576443278,1.2021196725794283,-0.0078749272185697,-0.0035313184292251,347,0.9485211627205064,0.3112391930835735,0.4668587896253602,-0.0008945122487857,-0.0008945122487857,-0.0006843237473437,0.8687083062147966,-0.4258220225550345,0.0,0.3093983047620205,1.1491756287227404,ETHUSDT,BAJA,v4_52_balanceado,52,0.2754759238521836,0.29956430923148103,0.04817677075859478,0.0024734804685536,0.00504756000118575,0.0051481590652643,0.0049029377765376,0.0098977571099078,0.009989638666740401,1.2021196725794283,1.3258754790793117,0.24751161299976676,347,356.5,19,0.1967213114754098,0.25398025227949167,0.1145178816081637,0.4153005464480874,0.4410796680367238,0.05155824317727281,-0.0023360503689236,-0.00161528130885465,0.0014415381201379,0.5919302187685097,0.7303192624916531,0.27677808744628685,-0.5896172710336003,-0.5077196467943174,0.1637952484785658,0.2360257794373965,0.2727120420997085,0.07337252532462402,1.1491756287227404,1.1956046155596802,0.09285797367387971
0.81,0.1900317181290125,160,579,99295,423326,739,0.0014120299602568,0.2165087956698241,0.0016087677844251,0.9986341279296068,0.500121447857016,0.0031938040202008,1.1393297803203373,-0.003666829554413,-0.0016270574403762,348,0.9538620257766596,0.1954022988505747,0.4195402298850574,-0.0022676686562906,-0.0022676686562906,-0.0014531257754322,0.6035699626628201,-0.5601411480780776,0.0,0.2360257794373965,1.24203360239662,0.2692350037965072,1002,1977,140831,382990,2979,0.0056548974943052,0.3363544813695871,0.0070646464504029,0.9948644948787818,0.5009645706645923,0.013838632157556,1.2492969956603788,-0.0072982996929225,-0.0030462305098475,322,0.8801839031585101,0.3229813664596273,0.4782608695652174,-0.0005603849638071,-0.0005603849638071,-0.0006054093772648,0.9164851203523052,-0.3539178943851969,0.0,0.3093983047620205,1.1491756287227404,ETHUSDT,BAJA,v4_52_balanceado,52,0.2165087956698241,0.2764316385197056,0.11984568569976303,0.0016087677844251,0.004336707117414,0.0054558786659778,0.0031938040202008,0.0085162180888784,0.010644828137355199,1.1393297803203373,1.194313387990358,0.1099672153400415,322,335.0,26,0.1954022988505747,0.259191832655101,0.12757906760905258,0.4195402298850574,0.4489005497251374,0.05872063968016,-0.0022676686562906,-0.0014140268100488501,0.0017072836924835,0.6035699626628201,0.7600275415075627,0.3129151576894851,-0.5601411480780776,-0.4570295212316372,0.2062232536928807,0.2360257794373965,0.2727120420997085,0.07337252532462402,1.1491756287227404,1.1956046155596802,0.09285797367387971
0.82,0.1900317181290125,138,528,99317,423377,666,0.0012725466218281,0.2072072072072072,0.0013875622140666,0.9987544379047192,0.500071000059393,0.0027566644360324,1.090382222753647,-0.0038363331034822,-0.0016913683499834,329,0.90178335195552,0.182370820668693,0.4194528875379939,-0.0023707310015172,-0.0023707310015172,-0.0014730190143141,0.5799129549889864,-0.5543330315754796,0.0,0.2360257794373965,1.24203360239662,0.2692350037965072,931,1742,140902,383225,2673,0.0050740318906605,0.3482977927422372,0.0065640577298654,0.9954749368127658,0.5010194972713156,0.0128852781199396,1.293657168759108,-0.0067860893807695,-0.0024096485652205,302,0.8255140955089133,0.3079470198675497,0.466887417218543,-0.0008495701970113,-0.0008495701970113,-0.0007708967144834,0.8746357924937933,-0.3776597295316711,0.0,0.3093983047620205,1.1491756287227404,ETHUSDT,BAJA,v4_52_balanceado,52,0.2072072072072072,0.2777524999747222,0.14109058553503,0.0013875622140666,0.003975809971966,0.0051764955157988,0.0027566644360324,0.007820971277986,0.0101286136839072,1.090382222753647,1.1920196957563776,0.20327494600546103,302,315.5,27,0.182370820668693,0.24515892026812136,0.12557619919885668,0.4194528875379939,0.44317015237826846,0.047434529680549065,-0.0023707310015172,-0.00161015059926425,0.0015211608045059,0.5799129549889864,0.7272743737413898,0.2947228375048069,-0.5543330315754796,-0.4659963805535754,0.17667330204380854,0.2360257794373965,0.2727120420997085,0.07337252532462402,1.1491756287227404,1.1956046155596802,0.09285797367387971
0.83,0.1900317181290125,123,486,99332,423419,609,0.001163634974014,0.2019704433497537,0.0012367402342768,0.9988535167077528,0.5000451284710149,0.0024584266069715,1.062824908064221,-0.0041786650310373,-0.0018744242839698,313,0.8579276266324551,0.1789137380191693,0.4153354632587859,-0.0023869424040324,-0.0023869424040324,-0.0016091612327855,0.5807040326727612,-0.5389116705217373,0.0,0.2360257794373965,1.24203360239662,0.2692350037965072,859,1521,140974,383446,2380,0.0045178435839028,0.3609243697478991,0.0060564184639681,0.9960490119932358,0.501052715228602,0.0119129343401773,1.3405551457220342,-0.0061861146067863,-0.0018428936191653,280,0.7653773070943567,0.3285714285714285,0.4892857142857142,-0.0005116921600831,-0.0005116921600831,-0.0003300799859018,0.922667478500568,-0.3419580847635531,0.0,0.3093983047620205,1.1491756287227404,ETHUSDT,BAJA,v4_52_balanceado,52,0.2019704433497537,0.2814474065488264,0.1589539263981454,0.0012367402342768,0.00364657934912245,0.0048196782296913,0.0024584266069715,0.0071856804735744,0.009454507733205799,1.062824908064221,1.2016900268931274,0.27773023765781324,280,296.5,33,0.1789137380191693,0.2537425832952989,0.14965769055225922,0.4153354632587859,0.45231058877225006,0.07395025102692832,-0.0023869424040324,-0.0014493172820577499,0.0018752502439493,0.5807040326727612,0.7516857555866645,0.3419634458278068,-0.5389116705217373,-0.4404348776426452,0.19695358575818417,0.2360257794373965,0.2727120420997085,0.07337252532462402,1.1491756287227404,1.1956046155596802,0.09285797367387971
0.84,0.1900317181290125,103,448,99352,423457,551,0.0010528125955365,0.1869328493647913,0.0010356442612236,0.9989431594343072,0.4999894018477654,0.0020598764074155,0.9836928866679118,-0.0047943863035763,-0.0024251571167703,297,0.8140719013093903,0.1750841750841751,0.3905723905723905,-0.0026459606040257,-0.0026459606040257,-0.001889400675701,0.5501224761848615,-0.5560006875831929,0.0,0.2360257794373965,1.24203360239662,0.2692350037965072,810,1321,141023,383646,2131,0.004045178435839,0.3801032379164711,0.0057109417413436,0.9965685370434348,0.5011397393923893,0.0112528132033008,1.4117898213701818,-0.0054933558099691,-0.0010595142009079,257,0.7025070282973203,0.3346303501945525,0.4863813229571984,-0.0004383098648983,-0.0004383098648983,-0.0006406280603252,0.936258270589654,-0.3156715549742293,0.0,0.3093983047620205,1.1491756287227404,ETHUSDT,BAJA,v4_52_balanceado,52,0.1869328493647913,0.2835180436406312,0.1931703885516798,0.0010356442612236,0.0033732930012836003,0.0046752974801199994,0.0020598764074155,0.00665634480535815,0.009192936795885301,0.9836928866679118,1.1977413540190467,0.42809693470227006,257,277.0,40,0.1750841750841751,0.2548572626393638,0.15954617511037741,0.3905723905723905,0.4384768567647944,0.09580893238480787,-0.0026459606040257,-0.001542135234462,0.0022076507391273997,0.5501224761848615,0.7431903733872578,0.3861357944047925,-0.5560006875831929,-0.4358361212787111,0.2403291326089636,0.2360257794373965,0.2727120420997085,0.07337252532462402,1.1491756287227404,1.1956046155596802,0.09285797367387971
0.85,0.1900317181290125,94,410,99361,423495,504,0.0009630082543564,0.1865079365079365,0.0009451510733497,0.9990328021608617,0.4999889766171057,0.0018807711161576,0.9814568764847784,-0.0047998575413793,-0.0023602088465298,282,0.7729571588190172,0.1702127659574468,0.3865248226950354,-0.0024287824204541,-0.0024287824204541,-0.0018819124798354,0.5735956923018932,-0.5054910124274998,0.0,0.2360257794373965,1.24203360239662,0.2692350037965072,729,1161,141104,383806,1890,0.0035876993166287,0.3857142857142857,0.0051398475672093,0.9969841570835942,0.5010620023254018,0.0101445141000396,1.432630528257075,-0.0057599508508197,-0.0008087691628827,230,0.6287027879703644,0.3391304347826087,0.5043478260869565,-0.0008541379958034,-0.0008541379958034,0.0002037149693721,0.879369992792767,-0.3528958353956646,0.0,0.3093983047620205,1.1491756287227404,ETHUSDT,BAJA,v4_52_balanceado,52,0.1865079365079365,0.2861111111111111,0.19920634920634916,0.0009451510733497,0.0030424993202794997,0.0041946964938596,0.0018807711161576,0.0060126426080986005,0.008263742983882,0.9814568764847784,1.2070437023709268,0.4511736517722966,230,256.0,52,0.1702127659574468,0.25467160037002773,0.16891766882516188,0.3865248226950354,0.44543632439099595,0.11782300339192109,-0.0024287824204541,-0.0016414602081287499,0.0015746444246507,0.5735956923018932,0.7264828425473301,0.30577430049087373,-0.5054910124274998,-0.4291934239115822,0.15259517703183523,0.2360257794373965,0.2727120420997085,0.07337252532462402,1.1491756287227404,1.1956046155596802,0.09285797367387971
0.86,0.1900317181290125,81,368,99374,423537,449,0.0008579180678691,0.1804008908685968,0.0008144386908652,0.9991318809638952,0.4999731598273801,0.0016215566944266,0.949319895882448,-0.0048773901546911,-0.0021986377316647,253,0.6934686566709621,0.1541501976284585,0.3873517786561264,-0.0025722371634085,-0.0025722371634085,-0.0018556897244486,0.5540683310658531,-0.4869211872103725,0.0,0.2360257794373965,1.24203360239662,0.2692350037965072,652,1029,141181,383938,1681,0.0031909643128321,0.3878643664485425,0.0045969555745136,0.9973270436167256,0.5009619995956197,0.0090862215532979,1.4406164168077402,-0.0058003063560047,-0.0005813693484191,201,0.549431566878449,0.3482587064676617,0.5223880597014925,-0.0004281237537251,-0.0004281237537251,0.0010354814179625,0.938838517076066,-0.3439763069135304,0.0,0.3093983047620205,1.1491756287227404,ETHUSDT,BAJA,v4_52_balanceado,52,0.1804008908685968,0.28413262865856964,0.20746347557994568,0.0008144386908652,0.0027056971326894,0.0037825168836483998,0.0016215566944266,0.00535388912386225,0.007464664858871301,0.949319895882448,1.194968156345094,0.4912965209252922,201,227.0,52,0.1541501976284585,0.2512044520480601,0.19410850883920322,0.3873517786561264,0.4548699191788095,0.13503628104536608,-0.0025722371634085,-0.0015001804585668,0.0021441134096834,0.5540683310658531,0.7464534240709595,0.38477018601021296,-0.4869211872103725,-0.41544874706195145,0.14294488029684205,0.2360257794373965,0.2727120420997085,0.07337252532462402,1.1491756287227404,1.1956046155596802,0.09285797367387971
0.87,0.1900317181290125,69,336,99386,423569,405,0.0007738459186793,0.1703703703703703,0.0006937811070333,0.9992073695757304,0.4999505753413819,0.001381934708592,0.8965364942641098,-0.005346741967726,-0.0031278214884562,230,0.6304260515190565,0.1565217391304348,0.3739130434782609,-0.0027290829677768,-0.0027290829677768,-0.002044511649109,0.5396763159318542,-0.4741712537115572,0.0,0.2360257794373965,1.24203360239662,0.2692350037965072,579,916,141254,384051,1495,0.0028378891419893,0.3872909698996655,0.0040822657632567,0.997620575270088,0.5008514205166724,0.0080793703951774,1.4384866916947665,-0.0061211889133251,-0.0003301601276619,183,0.5002287399938117,0.360655737704918,0.5409836065573771,-0.0005511656130102,-0.0005511656130102,0.0011994956539204,0.9255537462482858,-0.3782630175086395,0.0,0.3093983047620205,1.1491756287227404,ETHUSDT,BAJA,v4_52_balanceado,52,0.1703703703703703,0.2788306701350179,0.21692059952929518,0.0006937811070333,0.002388023435145,0.0033884846562234,0.001381934708592,0.0047306525518847,0.0066974356865854,0.8965364942641098,1.1675115929794382,0.5419501974306568,183,206.5,47,0.1565217391304348,0.2585887384176764,0.2041339985744832,0.3739130434782609,0.45744832501781896,0.16707056307911622,-0.0027290829677768,-0.0016401242903935,0.0021779173547666,0.5396763159318542,0.73261503109007,0.3858774303164316,-0.4741712537115572,-0.42621713561009833,0.09590823620291772,0.2360257794373965,0.2727120420997085,0.07337252532462402,1.1491756287227404,1.1956046155596802,0.09285797367387971
0.88,0.1900317181290125,60,300,99395,423605,360,0.000687863038826,0.1666666666666666,0.0006032879191594,0.999292294264045,0.4999477910916022,0.001202224114612,0.8770465704757595,-0.0053628561272969,-0.0031434016621553,215,0.5893113090286832,0.1534883720930232,0.3767441860465116,-0.0026745088152828,-0.0026745088152828,-0.0020407324018956,0.5430350360017667,-0.4447435274452591,0.0,0.2360257794373965,1.24203360239662,0.2692350037965072,508,817,141325,384150,1325,0.0025151860288534,0.3833962264150943,0.0035816770427192,0.9978777401699368,0.5007297086063279,0.0070970536051076,1.424020729135474,-0.0068818718312076,-0.0011525697957124,161,0.440091951579255,0.3975155279503105,0.5527950310559007,0.0001349507158427,0.0001349507158427,0.001560201488878,1.0185803761543957,-0.3216345174190956,0.0,0.3093983047620205,1.1491756287227404,ETHUSDT,BAJA,v4_52_balanceado,52,0.1666666666666666,0.27503144654088046,0.2167295597484277,0.0006032879191594,0.0020924824809392998,0.0029783891235597997,0.001202224114612,0.0041496388598598,0.0058948294904956,0.8770465704757595,1.1505336498056167,0.5469741586597145,161,188.0,54,0.1534883720930232,0.27550195002166683,0.24402715585728726,0.3767441860465116,0.46476960855120614,0.17605084500938906,-0.0026745088152828,-0.00126977904972005,0.0028094595311254997,0.5430350360017667,0.7808077060780811,0.47554534015262895,-0.4447435274452591,-0.38318902243217734,0.12310901002616348,0.2360257794373965,0.2727120420997085,0.07337252532462402,1.1491756287227404,1.1956046155596802,0.09285797367387971
0.89,0.1900317181290125,55,267,99400,423638,322,0.0006152552736166,0.170807453416149,0.0005530139258961,0.999370141895,0.4999615779104481,0.0011024584824157,0.8988365473819895,-0.0053224504723968,-0.0031953941962346,196,0.5372326352075438,0.1632653061224489,0.3673469387755102,-0.0027080232712709,-0.0027080232712709,-0.002044511649109,0.5545692314867825,-0.4230120331028986,0.0,0.2360257794373965,1.24203360239662,0.2692350037965072,436,733,141397,384234,1169,0.002219058466211,0.3729683490162532,0.003074037776822,0.9980959406910204,0.5005849892339211,0.0060978168137508,1.3852892222667657,-0.0078040079575066,-0.0019151092938927,149,0.4072900669894969,0.3624161073825503,0.5234899328859061,-0.0007374465851356,-0.0007374465851356,0.001112414058986,0.9043050912685984,-0.354277565647402,0.0,0.3093983047620205,1.1491756287227404,ETHUSDT,BAJA,v4_52_balanceado,52,0.170807453416149,0.2718879012162011,0.2021608956001042,0.0005530139258961,0.00181352585135905,0.0025210238509259,0.0011024584824157,0.00360013764808325,0.0049953583313351,0.8988365473819895,1.1420628848243775,0.48645267488477617,149,172.5,47,0.1632653061224489,0.2628407067524996,0.1991508012601014,0.3673469387755102,0.44541843583070817,0.15614299411039584,-0.0027080232712709,-0.00172273492820325,0.0019705766861353004,0.5545692314867825,0.7294371613776904,0.34973585978181587,-0.4230120331028986,-0.3886447993751503,0.0687344674554966,0.2360257794373965,0.2727120420997085,0.07337252532462402,1.1491756287227404,1.1956046155596802,0.09285797367387971
0.9,0.1900317181290125,46,244,99409,423661,290,0.0005541118923876,0.1586206896551724,0.0004625207380222,0.9994243993347566,0.4999434600363894,0.0009223519975938,0.8347063912114125,-0.0054407297962934,-0.0034917594296487,183,0.5015998583825536,0.1366120218579235,0.3442622950819672,-0.0036469705131295,-0.0036469705131295,-0.0028491129651204,0.439699415767138,-0.4943792076024219,0.0,0.2360257794373965,1.24203360239662,0.2692350037965072,377,651,141456,384316,1028,0.0019514047076689,0.3667315175097276,0.0026580556006007,0.998308945961602,0.5004835007811013,0.0052778574978475,1.3621242124479105,-0.0085797428426842,-0.0022874466242263,130,0.3553537497223799,0.3461538461538461,0.5076923076923077,-0.0023262466096834,-0.0023262466096834,0.000396445719259,0.7439304089158235,-0.4427336525030076,0.0,0.3093983047620205,1.1491756287227404,ETHUSDT,BAJA,v4_52_balanceado,52,0.1586206896551724,0.26267610358244997,0.2081108278545552,0.0004625207380222,0.00156028816931145,0.0021955348625785002,0.0009223519975938,0.00310010474772065,0.0043555055002536995,0.8347063912114125,1.0984153018296614,0.5274178212364979,130,156.5,53,0.1366120218579235,0.24138293400588479,0.20954182429592258,0.3442622950819672,0.4259773013871374,0.16343001261034046,-0.0036469705131295,-0.00298660856140645,0.0013207239034461003,0.439699415767138,0.5918149123414808,0.3042309931486855,-0.4943792076024219,-0.46855643005271475,0.051645555099414264,0.2360257794373965,0.2727120420997085,0.07337252532462402,1.1491756287227404,1.1956046155596802,0.09285797367387971
0.91,0.1900317181290125,41,220,99414,423685,261,0.0004987007031488,0.1570881226053639,0.0004122467447589,0.999481015793633,0.499946631269196,0.0008223354326286,0.8266415951610607,-0.005297227152222,-0.0034124629080116,168,0.4604851158921804,0.1428571428571428,0.3511904761904761,-0.0034708358487751,-0.0034708358487751,-0.0029884672267883,0.4616135540936194,-0.4493108803287341,0.0,0.2360257794373965,1.24203360239662,0.2692350037965072,310,560,141523,384407,870,0.0016514806378132,0.3563218390804598,0.0021856690615019,0.9985453298594424,0.5003654994604722,0.0043446879182638,1.323460300688741,-0.0094238562338089,-0.0026658140833268,114,0.3116179036027023,0.3070175438596491,0.4824561403508772,-0.0036121475173907,-0.0036121475173907,-0.0004278332674151,0.6338764093958535,-0.4405318812249521,0.0,0.3093983047620205,1.1491756287227404,ETHUSDT,BAJA,v4_52_balanceado,52,0.1570881226053639,0.2567049808429118,0.19923371647509588,0.0004122467447589,0.0012989579031304,0.0017734223167429999,0.0008223354326286,0.0025835116754462,0.0035223524856352,0.8266415951610607,1.0750509479249009,0.49681870552768037,114,141.0,54,0.1428571428571428,0.22493734335839594,0.16416040100250628,0.3511904761904761,0.41682330827067665,0.13126566416040109,-0.0036121475173907,-0.0035414916830829,0.00014131166861560025,0.4616135540936194,0.5477449817447365,0.17226285530223412,-0.4493108803287341,-0.4449213807768431,0.008778999103781993,0.2360257794373965,0.2727120420997085,0.07337252532462402,1.1491756287227404,1.1956046155596802,0.09285797367387971
0.92,0.1900317181290125,34,200,99421,423705,234,0.0004471109752369,0.1452991452991453,0.0003418631541903,0.99952819617603,0.4999350296651102,0.0006821213975463,0.7646047024660468,-0.0058065313707695,-0.0036430703949863,155,0.4248523390671903,0.1419354838709677,0.3548387096774194,-0.0035345854116273,-0.0035345854116273,-0.0031278214884562,0.4583092831785547,-0.4291097702418526,0.0,0.2360257794373965,1.24203360239662,0.2692350037965072,240,443,141593,384524,683,0.0012965072133637,0.3513909224011713,0.001692130886324,0.998849252013809,0.5002706914500665,0.0033680428864127,1.3051457553667838,-0.0098637094384175,-0.0028296207104154,104,0.2842829997779039,0.3461538461538461,0.5,-0.0028443419561642,-0.0028443419561642,8.904931129427585e-05,0.7114617240298936,-0.4084933605245471,0.0,0.3093983047620205,1.1491756287227404,ETHUSDT,BAJA,v4_52_balanceado,52,0.1452991452991453,0.24834503385015833,0.206091777102026,0.0003418631541903,0.0010169970202571499,0.0013502677321336998,0.0006821213975463,0.0020250821419795,0.0026859214888664,0.7646047024660468,1.0348752289164154,0.540541052900737,104,129.5,51,0.1419354838709677,0.2440446650124069,0.2042183622828784,0.3548387096774194,0.4274193548387097,0.14516129032258063,-0.0035345854116273,-0.00318946368389575,0.0006902434554631001,0.4583092831785547,0.5848855036042242,0.2531524408513389,-0.4291097702418526,-0.41880156538319985,0.020616409717305495,0.2360257794373965,0.2727120420997085,0.07337252532462402,1.1491756287227404,1.1956046155596802,0.09285797367387971
0.93,0.1900317181290125,30,181,99425,423724,211,0.0004031641699785,0.1421800947867298,0.0003016439595797,0.9995730175393072,0.4999373307494434,0.0006020107157907,0.748191387135719,-0.0052333741771701,-0.0038502865329512,141,0.3864785794095086,0.1489361702127659,0.3829787234042553,-0.0030859067943891,-0.0030859067943891,-0.0024860281364424,0.5177504461866598,-0.3594433091707161,0.0,0.2360257794373965,1.24203360239662,0.2692350037965072,152,340,141681,384627,492,0.0009339407744874,0.3089430894308943,0.0010716828946719,0.9991168074146616,0.5000942451546667,0.0021359564377305,1.1474848555145496,-0.0120278121170797,-0.0045907115540192,85,0.2323466825107868,0.3294117647058823,0.4941176470588235,-0.0036543917325351,-0.0036543917325351,-9.989537274113224e-05,0.6628322440520035,-0.3756950962358198,0.0,0.3093983047620205,1.1491756287227404,ETHUSDT,BAJA,v4_52_balanceado,52,0.1421800947867298,0.22556159210881205,0.16676299464416453,0.0003016439595797,0.0006866634271258,0.0007700389350921999,0.0006020107157907,0.0013689835767606,0.0015339457219398,0.748191387135719,0.9478381213251343,0.3992934683788306,85,113.0,56,0.1489361702127659,0.2391739674593241,0.1804755944931164,0.3829787234042553,0.4385481852315394,0.11113892365456818,-0.0036543917325351,-0.0033701492634621,0.0005684849381460003,0.5177504461866598,0.5902913451193317,0.1450817978653437,-0.3756950962358198,-0.367569202703268,0.016251787065103718,0.2360257794373965,0.2727120420997085,0.07337252532462402,1.1491756287227404,1.1956046155596802,0.09285797367387971
0.94,0.1900317181290125,26,153,99429,423752,179,0.0003420207887496,0.1452513966480447,0.000261424764969,0.9996390700746628,0.499950247419816,0.0005219101913001,0.7643534357218911,-0.0041350229767071,-0.0031589818358543,126,0.3453638369191353,0.1428571428571428,0.3968253968253968,-0.002639170194389,-0.002639170194389,-0.002044511649109,0.5405499189165918,-0.289451314755747,0.0,0.2360257794373965,1.24203360239662,0.2692350037965072,102,264,141731,384703,366,0.0006947608200455,0.2786885245901639,0.0007191556266877,0.9993142269337372,0.5000166912802124,0.0014346092447907,1.0351125249701998,-0.0144180946012436,-0.005089620156141,75,0.2050117786859884,0.32,0.48,-0.0039747780734196,-0.0039747780734196,-0.0002742971864111,0.6517082630815603,-0.3728669164748474,0.0,0.3093983047620205,1.1491756287227404,ETHUSDT,BAJA,v4_52_balanceado,52,0.1452513966480447,0.2119699606191043,0.1334371279421192,0.000261424764969,0.00049029019582835,0.0004577308617187,0.0005219101913001,0.0009782597180454,0.0009126990534906,0.7643534357218911,0.8997329803460454,0.2707590892483087,75,100.5,51,0.1428571428571428,0.2314285714285714,0.1771428571428572,0.3968253968253968,0.43841269841269837,0.08317460317460318,-0.0039747780734196,-0.0033069741339043,0.0013356078790306004,0.5405499189165918,0.596129090999076,0.1111583441649685,-0.3728669164748474,-0.3311591156152972,0.0834156017191004,0.2360257794373965,0.2727120420997085,0.07337252532462402,1.1491756287227404,1.1956046155596802,0.09285797367387971
0.95,0.1900317181290125,22,127,99433,423778,149,0.0002846988688474,0.1476510067114094,0.0002212055703584,0.999700404571779,0.4999608050710687,0.0004417493273362,0.7769808543812098,-0.0042874815194613,-0.0036992188427475,108,0.2960261459306874,0.1481481481481481,0.4074074074074074,-0.0029636706646948,-0.0029636706646948,-0.003264757496712,0.5260839030260936,-0.2803037271200167,0.0,0.2360257794373965,1.24203360239662,0.2692350037965072,76,191,141757,384776,267,0.000506833712984,0.2846441947565543,0.0005358414473359,0.9995038535770598,0.5000198475121979,0.0010696692470091,1.0572332376650906,-0.0145639523456525,-0.0046669277705995,60,0.1640094229487907,0.3166666666666666,0.4666666666666667,-0.0051157735888264,-0.0051157735888264,-0.0007572808330121,0.5915449947661259,-0.3663022608861037,0.0,0.3093983047620205,1.1491756287227404,ETHUSDT,BAJA,v4_52_balanceado,52,0.1476510067114094,0.21614760073398184,0.13699318804514488,0.0002212055703584,0.00037852350884715,0.0003146358769775,0.0004417493273362,0.0007557092871726499,0.0006279199196728999,0.7769808543812098,0.9171070460231502,0.2802523832838808,60,84.0,48,0.1481481481481481,0.23240740740740734,0.16851851851851848,0.4074074074074074,0.437037037037037,0.05925925925925929,-0.0051157735888264,-0.004039722126760599,0.0021521029241315997,0.5260839030260936,0.5588144488961098,0.06546109174003223,-0.3663022608861037,-0.3233029940030602,0.08599853376608696,0.2360257794373965,0.2727120420997085,0.07337252532462402,1.1491756287227404,1.1956046155596802,0.09285797367387971
0.05,0.1900317181290125,99455,423905,0,0,523360,1.0,0.1900317181290125,1.0,0.0,0.5,0.319372526352127,1.0,-0.0003595599620896,-8.517729305945743e-05,2182,5.980824540932963,0.1929422548120989,0.495417048579285,-0.0003577515174623,-0.0003577515174623,-4.326593969550263e-05,0.8935188370128918,-0.6121241711987524,0.0,0.2355602827774812,1.23958402890174,0.2692350037965072,141833,384967,0,0,526800,1.0,0.2692350037965072,1.0,0.0,0.5,0.4242476814635234,1.0,-0.0002640153654936,-0.0003007208948118,2195,6.0000113895432605,0.267881548974943,0.483371298405467,-0.000267798472289,-0.000267798472289,-0.0003823637993778,0.942495093623751,-0.6260611608444413,0.0,0.3088703608634091,1.147214725084035,ETHUSDT,BAJA,v4_63_balanceado,63,0.1900317181290125,0.22963336096275988,0.07920328566749471,1.0,1.0,0.0,0.319372526352127,0.3718101039078252,0.10487515511139639,1.0,1.0,0.0,2182,2188.5,13,0.1929422548120989,0.23041190189352095,0.07493929416284409,0.483371298405467,0.489394173492376,0.012045750173817982,-0.0003577515174623,-0.00031277499487565,8.995304517330003e-05,0.8935188370128918,0.9180069653183214,0.04897625661085914,-0.6260611608444413,-0.6190926660215968,0.013936989645688902,0.2355602827774812,0.27221532182044517,0.07331007808592788,1.147214725084035,1.1933993769928875,0.09236930381770492
0.06,0.1900317181290125,99455,423905,0,0,523360,1.0,0.1900317181290125,1.0,0.0,0.5,0.319372526352127,1.0,-0.0003595599620896,-8.517729305945743e-05,2182,5.980824540932963,0.1929422548120989,0.495417048579285,-0.0003577515174623,-0.0003577515174623,-4.326593969550263e-05,0.8935188370128918,-0.6121241711987524,0.0,0.2355602827774812,1.23958402890174,0.2692350037965072,141833,384967,0,0,526800,1.0,0.2692350037965072,1.0,0.0,0.5,0.4242476814635234,1.0,-0.0002640153654936,-0.0003007208948118,2195,6.0000113895432605,0.267881548974943,0.483371298405467,-0.000267798472289,-0.000267798472289,-0.0003823637993778,0.942495093623751,-0.6260611608444413,0.0,0.3088703608634091,1.147214725084035,ETHUSDT,BAJA,v4_63_balanceado,63,0.1900317181290125,0.22963336096275988,0.07920328566749471,1.0,1.0,0.0,0.319372526352127,0.3718101039078252,0.10487515511139639,1.0,1.0,0.0,2182,2188.5,13,0.1929422548120989,0.23041190189352095,0.07493929416284409,0.483371298405467,0.489394173492376,0.012045750173817982,-0.0003577515174623,-0.00031277499487565,8.995304517330003e-05,0.8935188370128918,0.9180069653183214,0.04897625661085914,-0.6260611608444413,-0.6190926660215968,0.013936989645688902,0.2355602827774812,0.27221532182044517,0.07331007808592788,1.147214725084035,1.1933993769928875,0.09236930381770492
0.07,0.1900317181290125,99455,423905,0,0,523360,1.0,0.1900317181290125,1.0,0.0,0.5,0.319372526352127,1.0,-0.0003595599620896,-8.517729305945743e-05,2182,5.980824540932963,0.1929422548120989,0.495417048579285,-0.0003577515174623,-0.0003577515174623,-4.326593969550263e-05,0.8935188370128918,-0.6121241711987524,0.0,0.2355602827774812,1.23958402890174,0.2692350037965072,141833,384967,0,0,526800,1.0,0.2692350037965072,1.0,0.0,0.5,0.4242476814635234,1.0,-0.0002640153654936,-0.0003007208948118,2195,6.0000113895432605,0.267881548974943,0.483371298405467,-0.000267798472289,-0.000267798472289,-0.0003823637993778,0.942495093623751,-0.6260611608444413,0.0,0.3088703608634091,1.147214725084035,ETHUSDT,BAJA,v4_63_balanceado,63,0.1900317181290125,0.22963336096275988,0.07920328566749471,1.0,1.0,0.0,0.319372526352127,0.3718101039078252,0.10487515511139639,1.0,1.0,0.0,2182,2188.5,13,0.1929422548120989,0.23041190189352095,0.07493929416284409,0.483371298405467,0.489394173492376,0.012045750173817982,-0.0003577515174623,-0.00031277499487565,8.995304517330003e-05,0.8935188370128918,0.9180069653183214,0.04897625661085914,-0.6260611608444413,-0.6190926660215968,0.013936989645688902,0.2355602827774812,0.27221532182044517,0.07331007808592788,1.147214725084035,1.1933993769928875,0.09236930381770492
0.08,0.1900317181290125,99455,423905,0,0,523360,1.0,0.1900317181290125,1.0,0.0,0.5,0.319372526352127,1.0,-0.0003595599620896,-8.517729305945743e-05,2182,5.980824540932963,0.1929422548120989,0.495417048579285,-0.0003577515174623,-0.0003577515174623,-4.326593969550263e-05,0.8935188370128918,-0.6121241711987524,0.0,0.2355602827774812,1.23958402890174,0.2692350037965072,141833,384967,0,0,526800,1.0,0.2692350037965072,1.0,0.0,0.5,0.4242476814635234,1.0,-0.0002640153654936,-0.0003007208948118,2195,6.0000113895432605,0.267881548974943,0.483371298405467,-0.000267798472289,-0.000267798472289,-0.0003823637993778,0.942495093623751,-0.6260611608444413,0.0,0.3088703608634091,1.147214725084035,ETHUSDT,BAJA,v4_63_balanceado,63,0.1900317181290125,0.22963336096275988,0.07920328566749471,1.0,1.0,0.0,0.319372526352127,0.3718101039078252,0.10487515511139639,1.0,1.0,0.0,2182,2188.5,13,0.1929422548120989,0.23041190189352095,0.07493929416284409,0.483371298405467,0.489394173492376,0.012045750173817982,-0.0003577515174623,-0.00031277499487565,8.995304517330003e-05,0.8935188370128918,0.9180069653183214,0.04897625661085914,-0.6260611608444413,-0.6190926660215968,0.013936989645688902,0.2355602827774812,0.27221532182044517,0.07331007808592788,1.147214725084035,1.1933993769928875,0.09236930381770492
0.09,0.1900317181290125,99455,423905,0,0,523360,1.0,0.1900317181290125,1.0,0.0,0.5,0.319372526352127,1.0,-0.0003595599620896,-8.517729305945743e-05,2182,5.980824540932963,0.1929422548120989,0.495417048579285,-0.0003577515174623,-0.0003577515174623,-4.326593969550263e-05,0.8935188370128918,-0.6121241711987524,0.0,0.2355602827774812,1.23958402890174,0.2692350037965072,141833,384967,0,0,526800,1.0,0.2692350037965072,1.0,0.0,0.5,0.4242476814635234,1.0,-0.0002640153654936,-0.0003007208948118,2195,6.0000113895432605,0.267881548974943,0.483371298405467,-0.000267798472289,-0.000267798472289,-0.0003823637993778,0.942495093623751,-0.6260611608444413,0.0,0.3088703608634091,1.147214725084035,ETHUSDT,BAJA,v4_63_balanceado,63,0.1900317181290125,0.22963336096275988,0.07920328566749471,1.0,1.0,0.0,0.319372526352127,0.3718101039078252,0.10487515511139639,1.0,1.0,0.0,2182,2188.5,13,0.1929422548120989,0.23041190189352095,0.07493929416284409,0.483371298405467,0.489394173492376,0.012045750173817982,-0.0003577515174623,-0.00031277499487565,8.995304517330003e-05,0.8935188370128918,0.9180069653183214,0.04897625661085914,-0.6260611608444413,-0.6190926660215968,0.013936989645688902,0.2355602827774812,0.27221532182044517,0.07331007808592788,1.147214725084035,1.1933993769928875,0.09236930381770492
0.1,0.1900317181290125,99455,423905,0,0,523360,1.0,0.1900317181290125,1.0,0.0,0.5,0.319372526352127,1.0,-0.0003595599620896,-8.517729305945743e-05,2182,5.980824540932963,0.1929422548120989,0.495417048579285,-0.0003577515174623,-0.0003577515174623,-4.326593969550263e-05,0.8935188370128918,-0.6121241711987524,0.0,0.2355602827774812,1.23958402890174,0.2692350037965072,141833,384967,0,0,526800,1.0,0.2692350037965072,1.0,0.0,0.5,0.4242476814635234,1.0,-0.0002640153654936,-0.0003007208948118,2195,6.0000113895432605,0.267881548974943,0.483371298405467,-0.000267798472289,-0.000267798472289,-0.0003823637993778,0.942495093623751,-0.6260611608444413,0.0,0.3088703608634091,1.147214725084035,ETHUSDT,BAJA,v4_63_balanceado,63,0.1900317181290125,0.22963336096275988,0.07920328566749471,1.0,1.0,0.0,0.319372526352127,0.3718101039078252,0.10487515511139639,1.0,1.0,0.0,2182,2188.5,13,0.1929422548120989,0.23041190189352095,0.07493929416284409,0.483371298405467,0.489394173492376,0.012045750173817982,-0.0003577515174623,-0.00031277499487565,8.995304517330003e-05,0.8935188370128918,0.9180069653183214,0.04897625661085914,-0.6260611608444413,-0.6190926660215968,0.013936989645688902,0.2355602827774812,0.27221532182044517,0.07331007808592788,1.147214725084035,1.1933993769928875,0.09236930381770492
0.11,0.1900317181290125,99455,423905,0,0,523360,1.0,0.1900317181290125,1.0,0.0,0.5,0.319372526352127,1.0,-0.0003595599620896,-8.517729305945743e-05,2182,5.980824540932963,0.1929422548120989,0.495417048579285,-0.0003577515174623,-0.0003577515174623,-4.326593969550263e-05,0.8935188370128918,-0.6121241711987524,0.0,0.2355602827774812,1.23958402890174,0.2692350037965072,141833,384967,0,0,526800,1.0,0.2692350037965072,1.0,0.0,0.5,0.4242476814635234,1.0,-0.0002640153654936,-0.0003007208948118,2195,6.0000113895432605,0.267881548974943,0.483371298405467,-0.000267798472289,-0.000267798472289,-0.0003823637993778,0.942495093623751,-0.6260611608444413,0.0,0.3088703608634091,1.147214725084035,ETHUSDT,BAJA,v4_63_balanceado,63,0.1900317181290125,0.22963336096275988,0.07920328566749471,1.0,1.0,0.0,0.319372526352127,0.3718101039078252,0.10487515511139639,1.0,1.0,0.0,2182,2188.5,13,0.1929422548120989,0.23041190189352095,0.07493929416284409,0.483371298405467,0.489394173492376,0.012045750173817982,-0.0003577515174623,-0.00031277499487565,8.995304517330003e-05,0.8935188370128918,0.9180069653183214,0.04897625661085914,-0.6260611608444413,-0.6190926660215968,0.013936989645688902,0.2355602827774812,0.27221532182044517,0.07331007808592788,1.147214725084035,1.1933993769928875,0.09236930381770492
0.12,0.1900317181290125,99455,423905,0,0,523360,1.0,0.1900317181290125,1.0,0.0,0.5,0.319372526352127,1.0,-0.0003595599620896,-8.517729305945743e-05,2182,5.980824540932963,0.1929422548120989,0.495417048579285,-0.0003577515174623,-0.0003577515174623,-4.326593969550263e-05,0.8935188370128918,-0.6121241711987524,0.0,0.2355602827774812,1.23958402890174,0.2692350037965072,141833,384967,0,0,526800,1.0,0.2692350037965072,1.0,0.0,0.5,0.4242476814635234,1.0,-0.0002640153654936,-0.0003007208948118,2195,6.0000113895432605,0.267881548974943,0.483371298405467,-0.000267798472289,-0.000267798472289,-0.0003823637993778,0.942495093623751,-0.6260611608444413,0.0,0.3088703608634091,1.147214725084035,ETHUSDT,BAJA,v4_63_balanceado,63,0.1900317181290125,0.22963336096275988,0.07920328566749471,1.0,1.0,0.0,0.319372526352127,0.3718101039078252,0.10487515511139639,1.0,1.0,0.0,2182,2188.5,13,0.1929422548120989,0.23041190189352095,0.07493929416284409,0.483371298405467,0.489394173492376,0.012045750173817982,-0.0003577515174623,-0.00031277499487565,8.995304517330003e-05,0.8935188370128918,0.9180069653183214,0.04897625661085914,-0.6260611608444413,-0.6190926660215968,0.013936989645688902,0.2355602827774812,0.27221532182044517,0.07331007808592788,1.147214725084035,1.1933993769928875,0.09236930381770492
0.13,0.1900317181290125,99455,423905,0,0,523360,1.0,0.1900317181290125,1.0,0.0,0.5,0.319372526352127,1.0,-0.0003595599620896,-8.517729305945743e-05,2182,5.980824540932963,0.1929422548120989,0.495417048579285,-0.0003577515174623,-0.0003577515174623,-4.326593969550263e-05,0.8935188370128918,-0.6121241711987524,0.0,0.2355602827774812,1.23958402890174,0.2692350037965072,141833,384967,0,0,526800,1.0,0.2692350037965072,1.0,0.0,0.5,0.4242476814635234,1.0,-0.0002640153654936,-0.0003007208948118,2195,6.0000113895432605,0.267881548974943,0.483371298405467,-0.000267798472289,-0.000267798472289,-0.0003823637993778,0.942495093623751,-0.6260611608444413,0.0,0.3088703608634091,1.147214725084035,ETHUSDT,BAJA,v4_63_balanceado,63,0.1900317181290125,0.22963336096275988,0.07920328566749471,1.0,1.0,0.0,0.319372526352127,0.3718101039078252,0.10487515511139639,1.0,1.0,0.0,2182,2188.5,13,0.1929422548120989,0.23041190189352095,0.07493929416284409,0.483371298405467,0.489394173492376,0.012045750173817982,-0.0003577515174623,-0.00031277499487565,8.995304517330003e-05,0.8935188370128918,0.9180069653183214,0.04897625661085914,-0.6260611608444413,-0.6190926660215968,0.013936989645688902,0.2355602827774812,0.27221532182044517,0.07331007808592788,1.147214725084035,1.1933993769928875,0.09236930381770492
0.14,0.1900317181290125,99455,423905,0,0,523360,1.0,0.1900317181290125,1.0,0.0,0.5,0.319372526352127,1.0,-0.0003595599620896,-8.517729305945743e-05,2182,5.980824540932963,0.1929422548120989,0.495417048579285,-0.0003577515174623,-0.0003577515174623,-4.326593969550263e-05,0.8935188370128918,-0.6121241711987524,0.0,0.2355602827774812,1.23958402890174,0.2692350037965072,141833,384967,0,0,526800,1.0,0.2692350037965072,1.0,0.0,0.5,0.4242476814635234,1.0,-0.0002640153654936,-0.0003007208948118,2195,6.0000113895432605,0.267881548974943,0.483371298405467,-0.000267798472289,-0.000267798472289,-0.0003823637993778,0.942495093623751,-0.6260611608444413,0.0,0.3088703608634091,1.147214725084035,ETHUSDT,BAJA,v4_63_balanceado,63,0.1900317181290125,0.22963336096275988,0.07920328566749471,1.0,1.0,0.0,0.319372526352127,0.3718101039078252,0.10487515511139639,1.0,1.0,0.0,2182,2188.5,13,0.1929422548120989,0.23041190189352095,0.07493929416284409,0.483371298405467,0.489394173492376,0.012045750173817982,-0.0003577515174623,-0.00031277499487565,8.995304517330003e-05,0.8935188370128918,0.9180069653183214,0.04897625661085914,-0.6260611608444413,-0.6190926660215968,0.013936989645688902,0.2355602827774812,0.27221532182044517,0.07331007808592788,1.147214725084035,1.1933993769928875,0.09236930381770492
0.15,0.1900317181290125,99455,423905,0,0,523360,1.0,0.1900317181290125,1.0,0.0,0.5,0.319372526352127,1.0,-0.0003595599620896,-8.517729305945743e-05,2182,5.980824540932963,0.1929422548120989,0.495417048579285,-0.0003577515174623,-0.0003577515174623,-4.326593969550263e-05,0.8935188370128918,-0.6121241711987524,0.0,0.2355602827774812,1.23958402890174,0.2692350037965072,141833,384967,0,0,526800,1.0,0.2692350037965072,1.0,0.0,0.5,0.4242476814635234,1.0,-0.0002640153654936,-0.0003007208948118,2195,6.0000113895432605,0.267881548974943,0.483371298405467,-0.000267798472289,-0.000267798472289,-0.0003823637993778,0.942495093623751,-0.6260611608444413,0.0,0.3088703608634091,1.147214725084035,ETHUSDT,BAJA,v4_63_balanceado,63,0.1900317181290125,0.22963336096275988,0.07920328566749471,1.0,1.0,0.0,0.319372526352127,0.3718101039078252,0.10487515511139639,1.0,1.0,0.0,2182,2188.5,13,0.1929422548120989,0.23041190189352095,0.07493929416284409,0.483371298405467,0.489394173492376,0.012045750173817982,-0.0003577515174623,-0.00031277499487565,8.995304517330003e-05,0.8935188370128918,0.9180069653183214,0.04897625661085914,-0.6260611608444413,-0.6190926660215968,0.013936989645688902,0.2355602827774812,0.27221532182044517,0.07331007808592788,1.147214725084035,1.1933993769928875,0.09236930381770492
0.16,0.1900317181290125,99455,423905,0,0,523360,1.0,0.1900317181290125,1.0,0.0,0.5,0.319372526352127,1.0,-0.0003595599620896,-8.517729305945743e-05,2182,5.980824540932963,0.1929422548120989,0.495417048579285,-0.0003577515174623,-0.0003577515174623,-4.326593969550263e-05,0.8935188370128918,-0.6121241711987524,0.0,0.2355602827774812,1.23958402890174,0.2692350037965072,141833,384967,0,0,526800,1.0,0.2692350037965072,1.0,0.0,0.5,0.4242476814635234,1.0,-0.0002640153654936,-0.0003007208948118,2195,6.0000113895432605,0.267881548974943,0.483371298405467,-0.000267798472289,-0.000267798472289,-0.0003823637993778,0.942495093623751,-0.6260611608444413,0.0,0.3088703608634091,1.147214725084035,ETHUSDT,BAJA,v4_63_balanceado,63,0.1900317181290125,0.22963336096275988,0.07920328566749471,1.0,1.0,0.0,0.319372526352127,0.3718101039078252,0.10487515511139639,1.0,1.0,0.0,2182,2188.5,13,0.1929422548120989,0.23041190189352095,0.07493929416284409,0.483371298405467,0.489394173492376,0.012045750173817982,-0.0003577515174623,-0.00031277499487565,8.995304517330003e-05,0.8935188370128918,0.9180069653183214,0.04897625661085914,-0.6260611608444413,-0.6190926660215968,0.013936989645688902,0.2355602827774812,0.27221532182044517,0.07331007808592788,1.147214725084035,1.1933993769928875,0.09236930381770492
0.17,0.1900317181290125,99455,423905,0,0,523360,1.0,0.1900317181290125,1.0,0.0,0.5,0.319372526352127,1.0,-0.0003595599620896,-8.517729305945743e-05,2182,5.980824540932963,0.1929422548120989,0.495417048579285,-0.0003577515174623,-0.0003577515174623,-4.326593969550263e-05,0.8935188370128918,-0.6121241711987524,0.0,0.2355602827774812,1.23958402890174,0.2692350037965072,141833,384967,0,0,526800,1.0,0.2692350037965072,1.0,0.0,0.5,0.4242476814635234,1.0,-0.0002640153654936,-0.0003007208948118,2195,6.0000113895432605,0.267881548974943,0.483371298405467,-0.000267798472289,-0.000267798472289,-0.0003823637993778,0.942495093623751,-0.6260611608444413,0.0,0.3088703608634091,1.147214725084035,ETHUSDT,BAJA,v4_63_balanceado,63,0.1900317181290125,0.22963336096275988,0.07920328566749471,1.0,1.0,0.0,0.319372526352127,0.3718101039078252,0.10487515511139639,1.0,1.0,0.0,2182,2188.5,13,0.1929422548120989,0.23041190189352095,0.07493929416284409,0.483371298405467,0.489394173492376,0.012045750173817982,-0.0003577515174623,-0.00031277499487565,8.995304517330003e-05,0.8935188370128918,0.9180069653183214,0.04897625661085914,-0.6260611608444413,-0.6190926660215968,0.013936989645688902,0.2355602827774812,0.27221532182044517,0.07331007808592788,1.147214725084035,1.1933993769928875,0.09236930381770492
0.18,0.1900317181290125,99455,423905,0,0,523360,1.0,0.1900317181290125,1.0,0.0,0.5,0.319372526352127,1.0,-0.0003595599620896,-8.517729305945743e-05,2182,5.980824540932963,0.1929422548120989,0.495417048579285,-0.0003577515174623,-0.0003577515174623,-4.326593969550263e-05,0.8935188370128918,-0.6121241711987524,0.0,0.2355602827774812,1.23958402890174,0.2692350037965072,141833,384967,0,0,526800,1.0,0.2692350037965072,1.0,0.0,0.5,0.4242476814635234,1.0,-0.0002640153654936,-0.0003007208948118,2195,6.0000113895432605,0.267881548974943,0.483371298405467,-0.000267798472289,-0.000267798472289,-0.0003823637993778,0.942495093623751,-0.6260611608444413,0.0,0.3088703608634091,1.147214725084035,ETHUSDT,BAJA,v4_63_balanceado,63,0.1900317181290125,0.22963336096275988,0.07920328566749471,1.0,1.0,0.0,0.319372526352127,0.3718101039078252,0.10487515511139639,1.0,1.0,0.0,2182,2188.5,13,0.1929422548120989,0.23041190189352095,0.07493929416284409,0.483371298405467,0.489394173492376,0.012045750173817982,-0.0003577515174623,-0.00031277499487565,8.995304517330003e-05,0.8935188370128918,0.9180069653183214,0.04897625661085914,-0.6260611608444413,-0.6190926660215968,0.013936989645688902,0.2355602827774812,0.27221532182044517,0.07331007808592788,1.147214725084035,1.1933993769928875,0.09236930381770492
0.19,0.1900317181290125,99455,423905,0,0,523360,1.0,0.1900317181290125,1.0,0.0,0.5,0.319372526352127,1.0,-0.0003595599620896,-8.517729305945743e-05,2182,5.980824540932963,0.1929422548120989,0.495417048579285,-0.0003577515174623,-0.0003577515174623,-4.326593969550263e-05,0.8935188370128918,-0.6121241711987524,0.0,0.2355602827774812,1.23958402890174,0.2692350037965072,141833,384967,0,0,526800,1.0,0.2692350037965072,1.0,0.0,0.5,0.4242476814635234,1.0,-0.0002640153654936,-0.0003007208948118,2195,6.0000113895432605,0.267881548974943,0.483371298405467,-0.000267798472289,-0.000267798472289,-0.0003823637993778,0.942495093623751,-0.6260611608444413,0.0,0.3088703608634091,1.147214725084035,ETHUSDT,BAJA,v4_63_balanceado,63,0.1900317181290125,0.22963336096275988,0.07920328566749471,1.0,1.0,0.0,0.319372526352127,0.3718101039078252,0.10487515511139639,1.0,1.0,0.0,2182,2188.5,13,0.1929422548120989,0.23041190189352095,0.07493929416284409,0.483371298405467,0.489394173492376,0.012045750173817982,-0.0003577515174623,-0.00031277499487565,8.995304517330003e-05,0.8935188370128918,0.9180069653183214,0.04897625661085914,-0.6260611608444413,-0.6190926660215968,0.013936989645688902,0.2355602827774812,0.27221532182044517,0.07331007808592788,1.147214725084035,1.1933993769928875,0.09236930381770492
0.2,0.1900317181290125,99455,423899,0,6,523354,0.9999885356160196,0.1900338967505742,1.0,1.41541147190998e-05,0.5000070770573596,0.3193756031142774,1.000011464515414,-0.0003595647966637,-8.517729305945743e-05,2182,5.980824540932963,0.1929422548120989,0.495417048579285,-0.0003577515174623,-0.0003577515174623,-4.326593969550263e-05,0.8935188370128918,-0.6121241711987524,0.0,0.2355602827774812,1.23958402890174,0.2692350037965072,141833,384967,0,0,526800,1.0,0.2692350037965072,1.0,0.0,0.5,0.4242476814635234,1.0,-0.0002640153654936,-0.0003007208948118,2195,6.0000113895432605,0.267881548974943,0.483371298405467,-0.000267798472289,-0.000267798472289,-0.0003823637993778,0.942495093623751,-0.6260611608444413,0.0,0.3088703608634091,1.147214725084035,ETHUSDT,BAJA,v4_63_balanceado,63,0.1900338967505742,0.2296344502735407,0.07920110704593303,1.0,1.0,0.0,0.3193756031142774,0.3718116422889004,0.104872078349246,1.0,1.000005732257707,1.1464515413894816e-05,2182,2188.5,13,0.1929422548120989,0.23041190189352095,0.07493929416284409,0.483371298405467,0.489394173492376,0.012045750173817982,-0.0003577515174623,-0.00031277499487565,8.995304517330003e-05,0.8935188370128918,0.9180069653183214,0.04897625661085914,-0.6260611608444413,-0.6190926660215968,0.013936989645688902,0.2355602827774812,0.27221532182044517,0.07331007808592788,1.147214725084035,1.1933993769928875,0.09236930381770492
0.21,0.1900317181290125,99455,423853,0,52,523308,0.9999006420055028,0.1900506011755983,1.0,0.0001226689942321,0.5000613344971161,0.3193991935937106,1.000099367867489,-0.0003595950053467,-8.533352951090034e-05,2182,5.980824540932963,0.1929422548120989,0.495417048579285,-0.0003577515174623,-0.0003577515174623,-4.326593969550263e-05,0.8935188370128918,-0.6121241711987524,0.0,0.2355602827774812,1.23958402890174,0.2692350037965072,141833,384967,0,0,526800,1.0,0.2692350037965072,1.0,0.0,0.5,0.4242476814635234,1.0,-0.0002640153654936,-0.0003007208948118,2195,6.0000113895432605,0.267881548974943,0.483371298405467,-0.000267798472289,-0.000267798472289,-0.0003823637993778,0.942495093623751,-0.6260611608444413,0.0,0.3088703608634091,1.147214725084035,ETHUSDT,BAJA,v4_63_balanceado,63,0.1900506011755983,0.22964280248605276,0.07918440262090892,1.0,1.0,0.0,0.3193991935937106,0.371823437528617,0.10484848786981277,1.0,1.0000496839337445,9.93678674889864e-05,2182,2188.5,13,0.1929422548120989,0.23041190189352095,0.07493929416284409,0.483371298405467,0.489394173492376,0.012045750173817982,-0.0003577515174623,-0.00031277499487565,8.995304517330003e-05,0.8935188370128918,0.9180069653183214,0.04897625661085914,-0.6260611608444413,-0.6190926660215968,0.013936989645688902,0.2355602827774812,0.27221532182044517,0.07331007808592788,1.147214725084035,1.1933993769928875,0.09236930381770492
0.22,0.1900317181290125,99455,423824,0,81,523279,0.999845230816264,0.1900611337355407,1.0,0.0001910805487078,0.5000955402743539,0.3194140676436488,1.000154793140944,-0.0003596294169424,-8.559968694976661e-05,2182,5.980824540932963,0.1929422548120989,0.495417048579285,-0.0003577515174623,-0.0003577515174623,-4.326593969550263e-05,0.8935188370128918,-0.6121241711987524,0.0,0.2355602827774812,1.23958402890174,0.2692350037965072,141833,384967,0,0,526800,1.0,0.2692350037965072,1.0,0.0,0.5,0.4242476814635234,1.0,-0.0002640153654936,-0.0003007208948118,2195,6.0000113895432605,0.267881548974943,0.483371298405467,-0.000267798472289,-0.000267798472289,-0.0003823637993778,0.942495093623751,-0.6260611608444413,0.0,0.3088703608634091,1.147214725084035,ETHUSDT,BAJA,v4_63_balanceado,63,0.1900611337355407,0.22964806876602395,0.07917387006096652,1.0,1.0,0.0,0.3194140676436488,0.3718308745535861,0.10483361381987455,1.0,1.0000773965704721,0.00015479314094402064,2182,2188.5,13,0.1929422548120989,0.23041190189352095,0.07493929416284409,0.483371298405467,0.489394173492376,0.012045750173817982,-0.0003577515174623,-0.00031277499487565,8.995304517330003e-05,0.8935188370128918,0.9180069653183214,0.04897625661085914,-0.6260611608444413,-0.6190926660215968,0.013936989645688902,0.2355602827774812,0.27221532182044517,0.07331007808592788,1.147214725084035,1.1933993769928875,0.09236930381770492
0.23,0.1900317181290125,99455,423773,0,132,523228,0.9997477835524304,0.1900796593454478,1.0,0.0003113905238201,0.5001556952619101,0.3194402288162676,1.0002522800767544,-0.0003597276312149,-8.585297268282055e-05,2182,5.980824540932963,0.1929422548120989,0.495417048579285,-0.0003577515174623,-0.0003577515174623,-4.326593969550263e-05,0.8935188370128918,-0.6121241711987524,0.0,0.2355602827774812,1.23958402890174,0.2692350037965072,141833,384967,0,0,526800,1.0,0.2692350037965072,1.0,0.0,0.5,0.4242476814635234,1.0,-0.0002640153654936,-0.0003007208948118,2195,6.0000113895432605,0.267881548974943,0.483371298405467,-0.000267798472289,-0.000267798472289,-0.0003823637993778,0.942495093623751,-0.6260611608444413,0.0,0.3088703608634091,1.147214725084035,ETHUSDT,BAJA,v4_63_balanceado,63,0.1900796593454478,0.2296573315709775,0.07915534445105943,1.0,1.0,0.0,0.3194402288162676,0.3718439551398955,0.10480745264725577,1.0,1.0001261400383772,0.00025228007675437425,2182,2188.5,13,0.1929422548120989,0.23041190189352095,0.07493929416284409,0.483371298405467,0.489394173492376,0.012045750173817982,-0.0003577515174623,-0.00031277499487565,8.995304517330003e-05,0.8935188370128918,0.9180069653183214,0.04897625661085914,-0.6260611608444413,-0.6190926660215968,0.013936989645688902,0.2355602827774812,0.27221532182044517,0.07331007808592788,1.147214725084035,1.1933993769928875,0.09236930381770492
0.24,0.1900317181290125,99455,423657,0,248,523112,0.9995261387954754,0.1901218094786584,1.0,0.0005850367417227,0.5002925183708614,0.3194997486214335,1.000474085855419,-0.0003599449942963,-8.650495646433942e-05,2182,5.980824540932963,0.1929422548120989,0.495417048579285,-0.0003577515174623,-0.0003577515174623,-4.326593969550263e-05,0.8935188370128918,-0.6121241711987524,0.0,0.2355602827774812,1.23958402890174,0.2692350037965072,141833,384967,0,0,526800,1.0,0.2692350037965072,1.0,0.0,0.5,0.4242476814635234,1.0,-0.0002640153654936,-0.0003007208948118,2195,6.0000113895432605,0.267881548974943,0.483371298405467,-0.000267798472289,-0.000267798472289,-0.0003823637993778,0.942495093623751,-0.6260611608444413,0.0,0.3088703608634091,1.147214725084035,ETHUSDT,BAJA,v4_63_balanceado,63,0.1901218094786584,0.22967840663758282,0.07911319431784883,1.0,1.0,0.0,0.3194997486214335,0.37187371504247846,0.10474793284208989,1.0,1.0002370429277097,0.0004740858554190819,2182,2188.5,13,0.1929422548120989,0.23041190189352095,0.07493929416284409,0.483371298405467,0.489394173492376,0.012045750173817982,-0.0003577515174623,-0.00031277499487565,8.995304517330003e-05,0.8935188370128918,0.9180069653183214,0.04897625661085914,-0.6260611608444413,-0.6190926660215968,0.013936989645688902,0.2355602827774812,0.27221532182044517,0.07331007808592788,1.147214725084035,1.1933993769928875,0.09236930381770492
0.25,0.1900317181290125,99455,423512,0,393,522967,0.9992490828492816,0.1901745234402935,1.0,0.000927094514101,0.5004635472570506,0.3195741795759147,1.0007514814510283,-0.0003600968323775,-8.657212269436165e-05,2182,5.980824540932963,0.191109074243813,0.494500458295142,-0.0003580999381153,-0.0003580999381153,-5.020489734963718e-05,0.8918272040824351,-0.6091591628872317,0.0,0.2355602827774812,1.23958402890174,0.2692350037965072,141833,384967,0,0,526800,1.0,0.2692350037965072,1.0,0.0,0.5,0.4242476814635234,1.0,-0.0002640153654936,-0.0003007208948118,2195,6.0000113895432605,0.267881548974943,0.483371298405467,-0.000267798472289,-0.000267798472289,-0.0003823637993778,0.942495093623751,-0.6260611608444413,0.0,0.3088703608634091,1.147214725084035,ETHUSDT,BAJA,v4_63_balanceado,63,0.1901745234402935,0.22970476361840036,0.07906048035621371,1.0,1.0,0.0,0.3195741795759147,0.371910930519719,0.10467350188760866,1.0,1.0003757407255143,0.0007514814510283241,2182,2188.5,13,0.191109074243813,0.22949531160937797,0.07677247473113,0.483371298405467,0.4889358783503045,0.011129159889675,-0.0003580999381153,-0.00031294920520214995,9.03014658263e-05,0.8918272040824351,0.9171611488530931,0.05066788954131585,-0.6260611608444413,-0.6176101618658365,0.01690199795720959,0.2355602827774812,0.27221532182044517,0.07331007808592788,1.147214725084035,1.1933993769928875,0.09236930381770492
0.26,0.1900317181290125,99455,423248,0,657,522703,0.9987446499541424,0.1902705743031894,1.0,0.0015498755617414,0.5007749377808707,0.3197097843313113,1.001256927930393,-0.0003604004124958,-8.716685916021483e-05,2182,5.980824540932963,0.1943171402383134,0.5041246562786434,-0.0003564875893434,-0.0003564875893434,3.157015464289037e-05,0.8925923856611847,-0.6099433233053562,0.0,0.2355602827774812,1.23958402890174,0.2692350037965072,141832,384967,1,0,526799,0.9999981017463934,0.2692336166165843,0.9999929494546403,0.0,0.4999964747273202,0.424245324782541,0.9999948476984664,-0.0002640254712658,-0.0003007208948118,2195,6.0000113895432605,0.267881548974943,0.483371298405467,-0.000267798472289,-0.000267798472289,-0.0003823637993778,0.942495093623751,-0.6260611608444413,0.0,0.3088703608634091,1.147214725084035,ETHUSDT,BAJA,v4_63_balanceado,63,0.1902705743031894,0.22975209545988684,0.0789630423133949,0.9999929494546403,0.9999964747273202,7.05054535965477e-06,0.3197097843313113,0.37197755455692616,0.1045355404512297,0.9999948476984664,1.0006258878144296,0.0012620802319265323,2182,2188.5,13,0.1943171402383134,0.23109934460662818,0.07356440873662959,0.483371298405467,0.4937479773420552,0.020753357873176448,-0.0003564875893434,-0.0003121430308162,8.86891170544e-05,0.8925923856611847,0.9175437396424678,0.04990270796256624,-0.6260611608444413,-0.6180022420748987,0.016117837539085134,0.2355602827774812,0.27221532182044517,0.07331007808592788,1.147214725084035,1.1933993769928875,0.09236930381770492
0.27,0.1900317181290125,99453,422983,2,922,522436,0.9982344848670132,0.1903639871678062,0.9999798904026946,0.0021750156285016,0.5010774530155981,0.3198406151560322,1.0017484925256956,-0.0003607676888802,-8.789194338409967e-05,2182,5.980824540932963,0.1943171402383134,0.5041246562786434,-0.0003563950067304,-0.0003563950067304,3.157015464289037e-05,0.8926238398885087,-0.6098659012846654,0.0,0.2355602827774812,1.23958402890174,0.2692350037965072,141829,384964,4,3,526793,0.9999867122247532,0.269230988262942,0.9999717978185612,7.79287575298662e-06,0.4999897953471571,0.4242401581751233,0.999985085395626,-0.000264067851565,-0.0003007471191591,2195,6.0000113895432605,0.267881548974943,0.483371298405467,-0.000267798472289,-0.000267798472289,-0.0003823637993778,0.942495093623751,-0.6260611608444413,0.0,0.3088703608634091,1.147214725084035,ETHUSDT,BAJA,v4_63_balanceado,63,0.1903639871678062,0.22979748771537412,0.07886700109513581,0.9999717978185612,0.9999758441106279,8.092584133478908e-06,0.3198406151560322,0.3720403866655777,0.1043995430190911,0.999985085395626,1.0008667889606608,0.0017634071300696164,2182,2188.5,13,0.1943171402383134,0.23109934460662818,0.07356440873662959,0.483371298405467,0.4937479773420552,0.020753357873176448,-0.0003563950067304,-0.0003120967395097,8.859653444140002e-05,0.8926238398885087,0.9175594667561298,0.04987125373524226,-0.6260611608444413,-0.6179635310645534,0.016195259559775854,0.2355602827774812,0.27221532182044517,0.07331007808592788,1.147214725084035,1.1933993769928875,0.09236930381770492
0.28,0.1900317181290125,99447,422720,8,1185,522167,0.997720498318557,0.1904505646660934,0.9999195616107788,0.0027954376570222,0.5013574996339005,0.3199597182853889,1.0022040875134146,-0.0003610157434473,-8.834925723522069e-05,2181,5.978083558100271,0.1884456671251719,0.504355800091701,-0.0003580433375783,-0.0003580433375783,6.398396135376405e-05,0.89163402963125,-0.610720727426177,0.0,0.2355602827774812,1.23958402890174,0.2692350037965072,141816,384917,17,50,526733,0.9998728170083524,0.2692369758492443,0.9998801407288854,0.0001298812625497,0.5000050109957176,0.4242393421143163,1.0000073246521044,-0.0002642133290699,-0.0003009437931735,2195,6.0000113895432605,0.2738041002277904,0.4810933940774487,-0.0002676652746658,-0.0002676652746658,-0.0004372224740372,0.9426381537688918,-0.6254339951977681,0.0,0.3088703608634091,1.147214725084035,ETHUSDT,BAJA,v4_63_balanceado,63,0.1904505646660934,0.22984377025766883,0.07878641118315088,0.9998801407288854,0.999899851169832,3.942088189334836e-05,0.3199597182853889,0.3720995301998526,0.10427962382892741,1.0000073246521044,1.0011057060827595,0.0021967628613102086,2181,2188.0,14,0.1884456671251719,0.23112488367648115,0.08535843310261848,0.4810933940774487,0.49272459708457483,0.02326240601425228,-0.0003580433375783,-0.00031285430612205,9.037806291249998e-05,0.89163402963125,0.9171360917000709,0.05100412413764177,-0.6254339951977681,-0.6180773613119726,0.014713267771591099,0.2355602827774812,0.27221532182044517,0.07331007808592788,1.147214725084035,1.1933993769928875,0.09236930381770492
0.29,0.1900317181290125,99446,422407,9,1498,521853,0.9971205288902476,0.1905632429055692,0.999909506812126,0.0035338106415352,0.5017216587268307,0.3201182022442975,1.0027970318944115,-0.0003610612663427,-8.80882644409553e-05,2181,5.978083558100271,0.1902796882164145,0.499312242090784,-0.0003568898166411,-0.0003568898166411,0.0,0.8913195116154662,-0.6100310110102123,0.0,0.2355602827774812,1.23958402890174,0.2692350037965072,141794,384848,39,119,526642,0.9997000759301444,0.2692417239794775,0.9997250287309724,0.0003091174048684,0.5000170730679204,0.4242312726728749,1.000024960287019,-0.0002645772556731,-0.0003018537134478,2195,6.0000113895432605,0.2669703872437358,0.4902050113895216,-0.0002661347980186,-0.0002661347980186,-0.0002880438967491,0.9424782452377568,-0.6275270445641266,0.0,0.3088703608634091,1.147214725084035,ETHUSDT,BAJA,v4_63_balanceado,63,0.1905632429055692,0.22990248344252334,0.07867848107390829,0.9997250287309724,0.9998172677715491,0.0001844780811536273,0.3201182022442975,0.3721747374585862,0.10411307042857743,1.000024960287019,1.0014109960907152,0.0027720716073924567,2181,2188.0,14,0.1902796882164145,0.22862503773007514,0.07669069902732129,0.4902050113895216,0.4947586267401528,0.009107230701262403,-0.0003568898166411,-0.00031151230732985,9.075501862250001e-05,0.8913195116154662,0.9168988784266114,0.05115873362229062,-0.6275270445641266,-0.6187790277871694,0.01749603355391427,0.2355602827774812,0.27221532182044517,0.07331007808592788,1.147214725084035,1.1933993769928875,0.09236930381770492
0.3,0.1900317181290125,99446,421953,9,1952,521399,0.9962530571690614,0.1907291728599403,0.999909506812126,0.0046048053219471,0.5022571560670366,0.3203522889439384,1.0036702016789336,-0.0003610300858768,-8.785691873236523e-05,2181,5.978083558100271,0.1879871618523613,0.4983952315451627,-0.0003578421619019,-0.0003578421619019,-1.2209117769224063e-05,0.8924068787333522,-0.6119684751409777,0.0,0.2355602827774812,1.23958402890174,0.2692350037965072,141753,384703,80,264,526456,0.9993470007593016,0.269258969410549,0.9994359563712252,0.0006857730662628,0.500060864718744,0.4242266444607049,1.000089013737827,-0.0002653251995072,-0.0003030774484124,2195,6.0000113895432605,0.2605922551252847,0.4933940774487471,-0.0002657765457592,-0.0002657765457592,-0.0002116715703914,0.9418435587518504,-0.626612721917506,0.0,0.3088703608634091,1.147214725084035,ETHUSDT,BAJA,v4_63_balanceado,63,0.1907291728599403,0.22999407113524464,0.07852979655060871,0.9994359563712252,0.9996727315916756,0.0004735504409008051,0.3203522889439384,0.37228946670232166,0.10387435551676649,1.000089013737827,1.0018796077083802,0.0035811879411065117,2181,2188.0,14,0.1879871618523613,0.22428970848882301,0.07260509327292342,0.4933940774487471,0.4958946544969549,0.005001154096415605,-0.0003578421619019,-0.00031180935383055,9.206561614270002e-05,0.8924068787333522,0.9171252187426013,0.049436680018498214,-0.626612721917506,-0.6192905985292418,0.014644246776528314,0.2355602827774812,0.27221532182044517,0.07331007808592788,1.147214725084035,1.1933993769928875,0.09236930381770492
0.31,0.1900317181290125,99442,421411,13,2494,520853,0.995209798226842,0.1909214308067727,0.9998692876175156,0.0058833936849058,0.5028763406512107,0.3206213687394004,1.0046819167164305,-0.0003612976771793,-8.787382991815029e-05,2181,5.978083558100271,0.1875286565795506,0.4988537368179734,-0.0003595764090179,-0.0003595764090179,-1.0443918767144568e-05,0.8920157721391789,-0.6139190074229076,0.0,0.2355602827774812,1.23958402890174,0.2692350037965072,141648,384384,185,583,526032,0.9985421412300683,0.269276393831554,0.9986956491084584,0.0015144155213303,0.5001050323148944,0.4241815336931865,1.0001537319979317,-0.0002665269590172,-0.0003054678495729,2195,6.0000113895432605,0.2646924829157175,0.4842824601366742,-0.0002667317377144,-0.0002667317377144,-0.0002824011154844,0.9418176672656988,-0.6287854487399296,0.0,0.3088703608634091,1.147214725084035,ETHUSDT,BAJA,v4_63_balanceado,63,0.1909214308067727,0.23009891231916335,0.07835496302478129,0.9986956491084584,0.9992824683629871,0.0011736385090571622,0.3206213687394004,0.3724014512162934,0.10356016495378612,1.0001537319979317,1.002417824357181,0.004528184718498807,2181,2188.0,14,0.1875286565795506,0.22611056974763405,0.07716382633616692,0.4842824601366742,0.4915680984773238,0.014571276681299206,-0.0003595764090179,-0.00031315407336615,9.28446713035e-05,0.8920157721391789,0.9169167197024388,0.04980189512651989,-0.6287854487399296,-0.6213522280814185,0.014866441317021972,0.2355602827774812,0.27221532182044517,0.07331007808592788,1.147214725084035,1.1933993769928875,0.09236930381770492
0.32,0.1900317181290125,99429,420578,26,3327,520007,0.9935933200856008,0.1912070414436728,0.999738575235031,0.0078484566117408,0.503793515923386,0.3210172698244606,1.0061848796939383,-0.0003620596516288,-8.789663355890376e-05,2180,5.975342575267579,0.1912844036697247,0.5036697247706422,-0.000357588123545,-0.000357588123545,3.94434375285968e-05,0.8926986718485924,-0.6127568097835046,0.0,0.2355602827774812,1.23958402890174,0.2692350037965072,141470,383716,363,1251,525186,0.9969362186788157,0.2693712322872277,0.9974406520344348,0.0032496291889954,0.5003451406117152,0.4241858177952952,1.0005059835786565,-0.0002680915439634,-0.000309266263798,2195,6.0000113895432605,0.2683371298405467,0.4861047835990888,-0.0002665397011757,-0.0002665397011757,-0.0003369170199878,0.9425549829444244,-0.6297092621913248,0.0,0.3088703608634091,1.147214725084035,ETHUSDT,BAJA,v4_63_balanceado,63,0.1912070414436728,0.23028913686545024,0.07816419084355491,0.9974406520344348,0.9985896136347329,0.002297923200596186,0.3210172698244606,0.37260154380987787,0.10316854797083458,1.0005059835786565,1.0033454316362973,0.0056788961152818285,2180,2187.5,15,0.1912844036697247,0.2298107667551357,0.07705272617082198,0.4861047835990888,0.4948872541848655,0.017564941171553383,-0.000357588123545,-0.00031206391236035004,9.10484223693e-05,0.8926986718485924,0.9176268273965085,0.049856311095831995,-0.6297092621913248,-0.6212330359874148,0.016952452407820284,0.2355602827774812,0.27221532182044517,0.07331007808592788,1.147214725084035,1.1933993769928875,0.09236930381770492
0.33,0.1900317181290125,99405,419418,50,4487,518823,0.9913310149801284,0.19159713428279,0.9994972600673672,0.0105849187907668,0.505041089429067,0.3215543816859083,1.0082376572142275,-0.0003628859288577,-8.822086092519221e-05,2180,5.975342575267579,0.1889908256880734,0.4981651376146789,-0.000357858139968,-0.000357858139968,-1.51615030513641e-05,0.8909107328007804,-0.6134979805133267,0.0,0.2355602827774812,1.23958402890174,0.2692350037965072,141189,382604,644,2363,523793,0.9942919514047076,0.2695511394768544,0.9954594487883638,0.0061381884681024,0.5007988186282332,0.4242292218152536,1.001174199773021,-0.0002683935982205,-0.0003115264797508,2195,6.0000113895432605,0.2747152619589977,0.4838268792710706,-0.0002669550676531,-0.0002669550676531,-0.0003390718678235,0.941832137490869,-0.6298147303954594,0.0,0.3088703608634091,1.147214725084035,ETHUSDT,BAJA,v4_63_balanceado,63,0.19159713428279,0.2305741368798222,0.0779540051940644,0.9954594487883638,0.9974783544278655,0.004037811279003378,0.3215543816859083,0.3728918017505809,0.1026748401293453,1.001174199773021,1.0047059284936242,0.007063457441206511,2180,2187.5,15,0.1889908256880734,0.23185304382353555,0.0857244362709243,0.4838268792710706,0.4909960084428747,0.014338258343608301,-0.000357858139968,-0.00031240660381055,9.090307231489998e-05,0.8909107328007804,0.9163714351458248,0.050921404690088656,-0.6298147303954594,-0.621656355454393,0.01631674988213272,0.2355602827774812,0.27221532182044517,0.07331007808592788,1.147214725084035,1.1933993769928875,0.09236930381770492
0.34,0.1900317181290125,99341,417562,114,6343,516903,0.9876624121063896,0.1921849940898002,0.9988537529535972,0.0149632582772083,0.5069085056154027,0.3223483754571207,1.0113311397801803,-0.0003639612935887,-8.80882644409553e-05,2179,5.972601592434888,0.1941257457549334,0.4997705369435521,-0.0003573807761707,-0.0003573807761707,0.0,0.892168425998628,-0.6094456779177319,0.0,0.2355602827774812,1.23958402890174,0.2692350037965072,140814,380758,1019,4209,521572,0.9900759301442672,0.269979983588076,0.9928154942784824,0.0109334046814402,0.5018744494799614,0.4245189590069415,1.002767024276427,-0.0002650406269542,-0.0003155506348978,2195,6.0000113895432605,0.2701594533029612,0.4915717539863325,-0.0002652513676808,-0.0002652513676808,-0.0001892590667924,0.9420554957448556,-0.6268332532442218,0.0,0.3088703608634091,1.147214725084035,ETHUSDT,BAJA,v4_63_balanceado,63,0.1921849940898002,0.23108248883893812,0.07779498949827582,0.9928154942784824,0.9958346236160398,0.0060382586751148715,0.3223483754571207,0.3734336672320311,0.10217058354982078,1.002767024276427,1.0070490820283036,0.008564115503753245,2179,2187.0,16,0.1941257457549334,0.2321425995289473,0.0760337075480278,0.4915717539863325,0.4956711454649423,0.008198782957219597,-0.0003573807761707,-0.00031131607192575004,9.212940848989999e-05,0.892168425998628,0.9171119608717417,0.049887069746227586,-0.6268332532442218,-0.6181394655809769,0.017387575326489935,0.2355602827774812,0.27221532182044517,0.07331007808592788,1.147214725084035,1.1933993769928875,0.09236930381770492
0.35,0.1900317181290125,99191,414829,264,9076,514020,0.9821537756037908,0.192971090619042,0.9973455331556984,0.0214104575317582,0.5093779953437284,0.3233742206283875,1.0154677993703871,-0.0003665271317613,-8.864108786599267e-05,2177,5.967119626769504,0.1887919154800183,0.4979329352319706,-0.0003577284489204,-0.0003577284489204,-1.883747653153023e-05,0.8901398257399838,-0.6101322064689293,0.0,0.2355602827774812,1.23958402890174,0.2692350037965072,140269,378050,1564,6917,518319,0.9839009111617312,0.2706229175469161,0.9889729470574548,0.0179677738611361,0.5034703604592955,0.4249597062494697,1.0051550271355425,-0.0002605939579714,-0.0003209173030804,2193,5.9945444087783,0.2735978112175102,0.4901960784313725,-0.000271443772843,-0.000271443772843,-0.0002571013891767,0.9421222953181316,-0.6325836645981757,0.0,0.3088703608634091,1.147214725084035,ETHUSDT,BAJA,v4_63_balanceado,63,0.192971090619042,0.23179700408297904,0.07765182692787409,0.9889729470574548,0.9931592401065765,0.00837258609824365,0.3233742206283875,0.37416696343892863,0.10158548562108222,1.0051550271355425,1.010311413252965,0.010312772234844614,2177,2185.0,16,0.1887919154800183,0.23119486334876427,0.0848058957374919,0.4901960784313725,0.4940645068316715,0.007736856800598102,-0.0003577284489204,-0.00031458611088170003,8.628467607740001e-05,0.8901398257399838,0.9161310605290578,0.05198246957814778,-0.6325836645981757,-0.6213579355335526,0.022451458129246427,0.2355602827774812,0.27221532182044517,0.07331007808592788,1.147214725084035,1.1933993769928875,0.09236930381770492
0.36,0.1900317181290125,98859,411117,596,12788,509976,0.9744267808009784,0.1938502988375923,0.9940073400030164,0.0301671365046413,0.512087238253829,0.3244304933618408,1.020094438687269,-0.0003714165048105,-9.073432251160972e-05,2176,5.964378643936813,0.1994485294117647,0.4898897058823529,-0.000358669010312,-0.000358669010312,-0.0001779931250024,0.8919259085786145,-0.6077171871408704,0.0,0.2355602827774812,1.23958402890174,0.2692350037965072,139517,373919,2316,11048,513436,0.9746317388003036,0.271732017232917,0.9836709369469728,0.0286985637729987,0.5061847503599858,0.4258312235127864,1.009274475462697,-0.0002577224843582,-0.0003301982598561,2190,5.986343937630862,0.2557077625570776,0.4881278538812785,-0.0002687977995404,-0.0002687977995404,-0.0003051729548201,0.941041207290324,-0.6280377420318921,0.0,0.3088703608634091,1.147214725084035,ETHUSDT,BAJA,v4_63_balanceado,63,0.1938502988375923,0.23279115803525466,0.0778817183953247,0.9836709369469728,0.9888391384749946,0.010336403056043553,0.3244304933618408,0.37513085843731364,0.10140073015094558,1.009274475462697,1.0146844570749831,0.010819963224572016,2176,2183.0,14,0.1994485294117647,0.22757814598442117,0.05625923314531292,0.4881278538812785,0.4890087798818157,0.0017618520010744265,-0.000358669010312,-0.0003137334049262,8.987121077159998e-05,0.8919259085786145,0.9164835579344692,0.0491152987117095,-0.6280377420318921,-0.6178774645863813,0.02032055489102169,0.2355602827774812,0.27221532182044517,0.07331007808592788,1.147214725084035,1.1933993769928875,0.09236930381770492
0.37,0.1900317181290125,98242,405280,1213,18625,503522,0.962094925099358,0.1951096476420097,0.9878035292343272,0.0439367311072056,0.5158701301707663,0.3258565417918097,1.0267214839869507,-0.0003780869243276,-9.41481806328026e-05,2174,5.958896678271429,0.1927322907083716,0.499540018399264,-0.0003605335047105,-0.0003605335047105,-2.759062620183439e-05,0.8919363617259308,-0.6159612397364661,0.0,0.2355602827774812,1.23958402890174,0.2692350037965072,138502,368047,3331,16920,506549,0.9615584662110858,0.2734227093528957,0.976514633406894,0.0439518192468445,0.5102332263268693,0.4272234577764343,1.015554090282977,-0.0002549326597251,-0.0003382136976546,2188,5.9808769568659015,0.2687385740402194,0.4844606946983547,-0.0002688621946622,-0.0002688621946622,-0.0002748744082036,0.9411469915471126,-0.6277694551599586,0.0,0.3088703608634091,1.147214725084035,ETHUSDT,BAJA,v4_63_balanceado,63,0.1951096476420097,0.23426617849745268,0.078313061710886,0.976514633406894,0.9821590813206107,0.011288895827433199,0.3258565417918097,0.376539999784122,0.1013669159846246,1.015554090282977,1.0211377871349638,0.011167393703973794,2174,2181.0,14,0.1927322907083716,0.2307354323742955,0.07600628333184778,0.4844606946983547,0.49200035654880936,0.015079323700909308,-0.0003605335047105,-0.00031469784968635,9.16713100483e-05,0.8919363617259308,0.9165416766365218,0.04921062982118174,-0.6277694551599586,-0.6218653474482123,0.01180821542349253,0.2355602827774812,0.27221532182044517,0.07331007808592788,1.147214725084035,1.1933993769928875,0.09236930381770492
0.38,0.1900317181290125,97129,395355,2326,28550,492484,0.941004280036686,0.1972226508881507,0.9766125383339198,0.0673499958717165,0.5219812671028182,0.3281723285676396,1.0378406974895436,-0.0003871589482428,-0.0001016360776279,2170,5.947932746940664,0.1889400921658986,0.5009216589861751,-0.0003651946341824,-0.0003651946341824,2.211711713767661e-05,0.8897614527096361,-0.6159324911908921,0.0,0.2355602827774812,1.23958402890174,0.2692350037965072,137163,360590,4670,24377,497753,0.9448614274867122,0.2755643863522671,0.9670739531702776,0.0633223107435182,0.515198131956898,0.4289118273383095,1.0235087654521466,-0.0002524733456529,-0.0003419279168241,2185,5.972676485718462,0.2764302059496567,0.4878718535469107,-0.0002735005598818,-0.0002735005598818,-0.0003234080160359,0.9415415851319962,-0.635280887726424,0.0,0.3088703608634091,1.147214725084035,ETHUSDT,BAJA,v4_63_balanceado,63,0.1972226508881507,0.2363935186202089,0.07834173546411641,0.9670739531702776,0.9718432457520987,0.009538585163642255,0.3281723285676396,0.37854207795297456,0.1007394987706699,1.0235087654521466,1.030674731470845,0.01433193203739691,2170,2177.5,15,0.1889400921658986,0.23268514905777765,0.08749011378375812,0.4878718535469107,0.4943967562665429,0.013049805439264428,-0.0003651946341824,-0.00031934759703209996,9.169407430060004e-05,0.8897614527096361,0.9156515189208161,0.051780132422360015,-0.635280887726424,-0.625606689458658,0.019348396535531887,0.2355602827774812,0.27221532182044517,0.07331007808592788,1.147214725084035,1.1933993769928875,0.09236930381770492
0.39,0.1900317181290125,95229,379768,4226,44137,474997,0.9075913329257108,0.2004833714739251,0.9575084208938716,0.1041200268928179,0.5308142238933448,0.331547283323933,1.0549995203317424,-0.000405822374488,-0.0001169115656303,2164,5.931486849944514,0.1811460258780036,0.4944547134935305,-0.000368867148703,-0.000368867148703,-0.0001053535057768,0.8882910154761361,-0.6168960028111286,0.0,0.2355602827774812,1.23958402890174,0.2692350037965072,135321,351458,6512,33509,486779,0.9240299924069856,0.2779926825109546,0.9540868486177406,0.0870438245356095,0.5205653365766751,0.4305390288445018,1.0325280093262563,-0.0002475022620785,-0.0003423266608644,2178,5.953542053041103,0.2745638200183655,0.4724517906336088,-0.0002677849830859,-0.0002677849830859,-0.0006045369964695,0.9429550049348392,-0.6293603633741032,0.0,0.3088703608634091,1.147214725084035,ETHUSDT,BAJA,v4_63_balanceado,63,0.2004833714739251,0.23923802699243985,0.07750931103702952,0.9540868486177406,0.9557976347558061,0.0034215722761309353,0.331547283323933,0.3810431560842174,0.09899174552056877,1.0325280093262563,1.0437637648289995,0.022471511005486056,2164,2171.0,14,0.1811460258780036,0.22785492294818455,0.09341779414036189,0.4724517906336088,0.48345325206356965,0.02200292285992167,-0.000368867148703,-0.00031832606589445,0.00010108216561710001,0.8882910154761361,0.9156230102054876,0.0546639894587031,-0.6293603633741032,-0.6231281830926159,0.012464360562974619,0.2355602827774812,0.27221532182044517,0.07331007808592788,1.147214725084035,1.1933993769928875,0.09236930381770492
0.4,0.1900317181290125,92275,357550,7180,66355,449825,0.8594944206664629,0.2051353304062691,0.9278065456739228,0.1565327136976445,0.5421696296857836,0.3359852898339645,1.0794794280973807,-0.000428008144836,-0.0001259680369798,2153,5.901336038784907,0.1950766372503483,0.4872271249419415,-0.0003472818856916,-0.0003472818856916,-0.0001426940639268,0.8955682127952067,-0.5965863389292979,0.0,0.2355602827774812,1.23958402890174,0.2692350037965072,132910,340339,8923,44628,473249,0.8983466211085801,0.2808458126694404,0.9370879837555436,0.1159268197014289,0.5265074017284862,0.4321700196071418,1.043125183238465,-0.0002378616752512,-0.0003357983419023,2171,5.934407620363745,0.2690004606172271,0.4771994472593275,-0.0002678510105727,-0.0002678510105727,-0.0004240445127845,0.94170586125692,-0.6254394640045638,0.0,0.3088703608634091,1.147214725084035,ETHUSDT,BAJA,v4_63_balanceado,63,0.2051353304062691,0.24299057153785475,0.07571048226317131,0.9278065456739228,0.9324472647147333,0.009281438081620741,0.3359852898339645,0.3840776547205531,0.09618472977317732,1.043125183238465,1.061302305667923,0.03635424485891581,2153,2162.0,18,0.1950766372503483,0.2320385489337877,0.0739238233668788,0.4771994472593275,0.4822132861006345,0.010027677682613978,-0.0003472818856916,-0.00030756644813215,7.94308751189e-05,0.8955682127952067,0.9186370370260634,0.04613764846171331,-0.6254394640045638,-0.6110129014669309,0.02885312507526594,0.2355602827774812,0.27221532182044517,0.07331007808592788,1.147214725084035,1.1933993769928875,0.09236930381770492
0.41,0.1900317181290125,87792,328992,11663,94913,416784,0.7963619688168756,0.2106414833582863,0.8827308833140617,0.2239015817223198,0.5533162325181907,0.3401215328559058,1.108454343475871,-0.0004614223022539,-0.0001456172268193,2133,5.846516382131076,0.1847163619315518,0.4992967651195499,-0.0003594992135496,-0.0003594992135496,-2.102850413732149e-05,0.8910856453621394,-0.6053980193433244,0.0,0.2355602827774812,1.23958402890174,0.2692350037965072,129806,326766,12027,58201,456572,0.8666894457099469,0.2843056516825386,0.9152030909590856,0.1511843872331914,0.5331937390961385,0.4338399578880524,1.055975811738885,-0.0002190999706681,-0.0003226233899107,2160,5.904339226156466,0.2643518518518518,0.4888888888888889,-0.0002696747036721,-0.0002696747036721,-0.000209867026833,0.941577021694011,-0.6270185843566223,0.0,0.3088703608634091,1.147214725084035,ETHUSDT,BAJA,v4_63_balanceado,63,0.2106414833582863,0.24747356752041244,0.07366416832425227,0.8827308833140617,0.8989669871365736,0.0324722076450239,0.3401215328559058,0.38698074537197913,0.09371842503214661,1.055975811738885,1.082215077607378,0.0524785317369858,2133,2146.5,27,0.1847163619315518,0.22453410689170178,0.07963548992029998,0.4888888888888889,0.4940928270042194,0.010407876230661028,-0.0003594992135496,-0.00031458695861085,8.982450987749999e-05,0.8910856453621394,0.9163313335280752,0.05049137633187162,-0.6270185843566223,-0.6162083018499733,0.0216205650132979,0.2355602827774812,0.27221532182044517,0.07331007808592788,1.147214725084035,1.1933993769928875,0.09236930381770492
0.42,0.1900317181290125,81429,294858,18026,129047,376287,0.7189831091409354,0.2164013107016718,0.8187521994872052,0.3044243403592786,0.561588269923242,0.3423242009324382,1.1387641643841635,-0.0005078700492428,-0.0001741152130605,2107,5.775250828481096,0.1893687707641196,0.5011865211200759,-0.0003368101144105,-0.0003368101144105,1.6371613804522234e-05,0.8981797454931376,-0.579982224105589,0.0,0.2355602827774812,1.23958402890174,0.2692350037965072,126130,311326,15703,73641,437456,0.8304024297646165,0.2883261402289602,0.8892852862168888,0.1912917211085625,0.5402885036627257,0.4354648543300494,1.0709088200391743,-0.0001982295864554,-0.0003172524942341,2144,5.860603380036788,0.2653917910447761,0.4818097014925373,-0.000277149925835,-0.000277149925835,-0.0003693571651792,0.9404852070836384,-0.6371475286796985,0.0,0.3088703608634091,1.147214725084035,ETHUSDT,BAJA,v4_63_balanceado,63,0.2164013107016718,0.252363725465316,0.0719248295272884,0.8187521994872052,0.854018742852047,0.07053308672968361,0.3423242009324382,0.38889452763124377,0.09314065339761118,1.0709088200391743,1.104836492211669,0.06785534434498919,2107,2125.5,37,0.1893687707641196,0.22738028090444784,0.07602302028065652,0.4818097014925373,0.4914981113063066,0.019376819627538566,-0.0003368101144105,-0.00030698002012275003,5.9660188575500004e-05,0.8981797454931376,0.919332476288388,0.04230546159050075,-0.6371475286796985,-0.6085648763926437,0.05716530457410951,0.2355602827774812,0.27221532182044517,0.07331007808592788,1.147214725084035,1.1933993769928875,0.09236930381770492
0.43,0.1900317181290125,73397,256765,26058,167140,330162,0.6308506572913483,0.2223060194692302,0.7379920567090644,0.3942864556917234,0.566139256200394,0.3416857340375264,1.169836391829635,-0.000562882285548,-0.0001979264268701,2075,5.687539377834966,0.1913253012048192,0.4814457831325301,-0.0003685884779598,-0.0003685884779598,-0.0001801382561115,0.8881232674814198,-0.6016245201102057,0.0,0.2355602827774812,1.23958402890174,0.2692350037965072,121433,293812,20400,91155,415245,0.788240318906606,0.2924369950270322,0.8561688746624552,0.2367865297544984,0.5464777022084768,0.4359640840241402,1.086177469137934,-0.0001816976291486,-0.0003200438917336,2119,5.7922661204747925,0.2765455403492213,0.4832468145351581,-0.0002948507660691,-0.0002948507660691,-0.000328858741303,0.9373872648607882,-0.6467478812653338,0.0,0.3088703608634091,1.147214725084035,ETHUSDT,BAJA,v4_63_balanceado,63,0.2223060194692302,0.2573715072481312,0.07013097555780198,0.7379920567090644,0.7970804656857597,0.11817681795339074,0.3416857340375264,0.38882490903083333,0.09427834998661383,1.086177469137934,1.1280069304837845,0.08365892269170105,2075,2097.0,44,0.1913253012048192,0.23393542077702023,0.0852202391444021,0.4814457831325301,0.4823462988338441,0.001801031402627995,-0.0003685884779598,-0.00033171962201445,7.373771189069997e-05,0.8881232674814198,0.912755266171104,0.049263997379368374,-0.6467478812653338,-0.6241862006877698,0.04512336115512805,0.2355602827774812,0.27221532182044517,0.07331007808592788,1.147214725084035,1.1933993769928875,0.09236930381770492
0.44,0.1900317181290125,64413,217249,35042,206656,281662,0.5381802201161724,0.2286889960307034,0.6476597456135941,0.4875054552317147,0.5675826004226544,0.3380221821645321,1.2034253980456384,-0.0006368922589177,-0.0002180472399123,2037,5.583382030192688,0.2002945508100147,0.4855179185076092,-0.0004232049912275,-0.0004232049912275,-0.0001460627961828,0.8770766688189845,-0.6447619972207919,0.0,0.2355602827774812,1.23958402890174,0.2692350037965072,115718,274826,26115,110141,390544,0.7413515565679575,0.2962995206686058,0.8158750079318635,0.2861050427698997,0.5509900253508816,0.4347220109058054,1.100523767305363,-0.0001773748243658,-0.0003327609086417,2096,5.729395841677756,0.278148854961832,0.4813931297709923,-0.0002291090990247,-0.0002291090990247,-0.0003886541924189,0.9510367183919792,-0.5930677237854294,0.0,0.3088703608634091,1.147214725084035,ETHUSDT,BAJA,v4_63_balanceado,63,0.2286889960307034,0.2624942583496546,0.06761052463790243,0.6476597456135941,0.7317673767727289,0.16821526231826944,0.3380221821645321,0.3863720965351688,0.09669982874127331,1.100523767305363,1.1519745826755008,0.10290163074027547,2037,2066.5,59,0.2002945508100147,0.23922170288592337,0.0778543041518173,0.4813931297709923,0.48345552413930076,0.0041247887366169245,-0.0004232049912275,-0.0003261570451261,0.00019409589220279998,0.8770766688189845,0.9140566936054819,0.07396004957299473,-0.6447619972207919,-0.6189148605031106,0.05169427343536248,0.2355602827774812,0.27221532182044517,0.07331007808592788,1.147214725084035,1.1933993769928875,0.09236930381770492
0.45,0.1900317181290125,54470,178515,44985,245390,232985,0.4451715836135738,0.2337918750134129,0.5476848826102257,0.5788797018199833,0.5632822922151045,0.3276982312597762,1.2302781731136672,-0.0007446544943969,-0.000215271735718,1987,5.44633288855811,0.1972823351786613,0.4806240563663815,-0.0004180778836651,-0.0004180778836651,-0.0002670197260823,0.8779004821481807,-0.6279629757945533,0.0,0.2355602827774812,1.23958402890174,0.2692350037965072,108985,254911,32848,130056,363896,0.6907668944570995,0.2994949106338074,0.768403686025114,0.3378367496434759,0.553120217834295,0.4310015838522212,1.112392171933822,-0.0001925294368023,-0.0003629881090488,2072,5.663792072498239,0.2702702702702703,0.4903474903474903,-0.0002647931826737,-0.0002647931826737,-0.0001495960591562,0.9430834672687788,-0.6139973687099709,0.0,0.3088703608634091,1.147214725084035,ETHUSDT,BAJA,v4_63_balanceado,63,0.2337918750134129,0.26664339282361016,0.0657030356203945,0.5476848826102257,0.6580442843176699,0.22071880341488825,0.3276982312597762,0.37934990755599873,0.103303352592445,1.112392171933822,1.1713351725237446,0.11788600117984527,1987,2029.5,85,0.1972823351786613,0.2337763027244658,0.07298793509160897,0.4806240563663815,0.4854857733569359,0.009723433981108809,-0.0004180778836651,-0.0003414355331694,0.00015328470099140002,0.8779004821481807,0.9104919747084798,0.06518298512059806,-0.6279629757945533,-0.6209801722522621,0.013965607084582388,0.2355602827774812,0.27221532182044517,0.07331007808592788,1.147214725084035,1.1933993769928875,0.09236930381770492
0.46,0.1900317181290125,45091,143231,54364,280674,188322,0.3598326199938856,0.2394356474548911,0.4533809260469559,0.6621153324447695,0.5577481292458627,0.3133745921321023,1.2599772806997316,-0.0008416729185686,-0.0001968581489038,1912,5.240759176106244,0.1971757322175732,0.479602510460251,-0.0004262611226966,-0.0004262611226966,-0.0002533119967533,0.876899052624993,-0.6255746475684353,0.0,0.2355602827774812,1.23958402890174,0.2692350037965072,101578,234793,40255,150174,336371,0.6385174639331814,0.3019820376905262,0.7161802965459378,0.3900957744430042,0.553138035494471,0.4248312435696899,1.1216299271352168,-0.0002143267041307,-0.0004014901018349,2045,5.589987832171284,0.2728606356968215,0.4841075794621027,-0.0002989851820113,-0.0002989851820113,-0.0002717856690768,0.9361563101774424,-0.6307507236705516,0.0,0.3088703608634091,1.147214725084035,ETHUSDT,BAJA,v4_63_balanceado,63,0.2394356474548911,0.27070884257270866,0.06254639023563507,0.4533809260469559,0.5847806112964469,0.26279937049898194,0.3133745921321023,0.3691029178508961,0.1114566514375876,1.1216299271352168,1.190803603917474,0.13834735356451477,1912,1978.5,133,0.1971757322175732,0.23501818395719737,0.0756849034792483,0.479602510460251,0.4818550449611768,0.004505069001851714,-0.0004262611226966,-0.00036262315235395,0.0001272759406853,0.876899052624993,0.9065276814012178,0.05925725755244937,-0.6307507236705516,-0.6281626856194935,0.005176076102116345,0.2355602827774812,0.27221532182044517,0.07331007808592788,1.147214725084035,1.1933993769928875,0.09236930381770492
0.47,0.1900317181290125,36678,112196,62777,311709,148874,0.2844581167838581,0.246369413060709,0.3687899049821527,0.7353274908293131,0.5520586979057329,0.2953984431943107,1.296464692770124,-0.000947278923378,-0.0001605158269716,1844,5.054372343483219,0.2049891540130151,0.4972885032537961,-0.000390400450924,-0.000390400450924,-2.9237227301082136e-05,0.8885316733719703,-0.5961934379431465,0.0,0.2355602827774812,1.23958402890174,0.2692350037965072,94116,214393,47717,170574,308509,0.5856283219438116,0.3050672751848406,0.663569127071979,0.4430873295633132,0.5533282283176462,0.417975671822748,1.1330892004496418,-0.0002381178955199,-0.000423801382289,1999,5.464247274577211,0.2816408204102051,0.4942471235617809,-0.0002273220549117,-0.0002273220549117,-0.0001283198757864,0.952820027397549,-0.5658505057394014,0.0,0.3088703608634091,1.147214725084035,ETHUSDT,BAJA,v4_63_balanceado,63,0.246369413060709,0.2757183441227748,0.05869786212413161,0.3687899049821527,0.5161795160270659,0.2947792220898263,0.2953984431943107,0.35668705750852936,0.12257722862843728,1.1330892004496418,1.214776946609883,0.1633754923204822,1844,1921.5,155,0.2049891540130151,0.2433149872116101,0.07665166639719001,0.4942471235617809,0.4957678134077885,0.003041379692015178,-0.000390400450924,-0.00030886125291785,0.00016307839601230003,0.8885316733719703,0.9206758503847596,0.06428835402557875,-0.5961934379431465,-0.5810219718412739,0.030342932203745066,0.2355602827774812,0.27221532182044517,0.07331007808592788,1.147214725084035,1.1933993769928875,0.09236930381770492
0.48,0.1900317181290125,29331,86865,70124,337040,116196,0.2220192601650871,0.2524269338015078,0.2949172992810819,0.7950838041542326,0.5450005517176573,0.2720228517372977,1.328341059517944,-0.0010813362422877,-0.0001968581489038,1780,4.878949442190959,0.2044943820224719,0.4949438202247191,-0.0004717121462261,-0.0004717121462261,-5.677293081995938e-05,0.8693272009099076,-0.6233663205253128,0.0,0.2355602827774812,1.23958402890174,0.2692350037965072,86533,194119,55300,190848,280652,0.5327486712224753,0.3083284637201944,0.6101048416094985,0.4957515839019968,0.5529282127557477,0.4096382120075268,1.1452019959233637,-0.0002675101283462,-0.0004428023623526,1961,5.360374640042977,0.2860785313615502,0.4829168791432942,-0.0001820807645503,-0.0001820807645503,-0.0002864836990774,0.9620540482522956,-0.5434882056614725,0.0,0.3088703608634091,1.147214725084035,ETHUSDT,BAJA,v4_63_balanceado,63,0.2524269338015078,0.2803776987608511,0.05590152991868658,0.2949172992810819,0.4525110704452902,0.3151875423284166,0.2720228517372977,0.34083053187241225,0.13761536027022914,1.1452019959233637,1.236771527720654,0.1831390635945802,1780,1870.5,181,0.2044943820224719,0.24528645669201105,0.08158414933907832,0.4829168791432942,0.4889303496840066,0.012026941081424936,-0.0004717121462261,-0.0003268964553882,0.00028963138167580006,0.8693272009099076,0.9156906245811016,0.09272684734238801,-0.6233663205253128,-0.5834272630933927,0.07987811486384033,0.2355602827774812,0.27221532182044517,0.07331007808592788,1.147214725084035,1.1933993769928875,0.09236930381770492
0.49,0.1900317181290125,23236,67612,76219,356293,90848,0.1735860593090798,0.2557678760126805,0.2336333014931376,0.8405019992687041,0.5370676503809209,0.2442000388853565,1.3459220309687443,-0.0012236215271792,-0.0003033523449067,1709,4.684339661069859,0.211234640140433,0.4926857811585722,-0.0005101927251845,-0.0005101927251845,-0.0001390522430864,0.8610549155705473,-0.6399311297758551,0.0,0.2355602827774812,1.23958402890174,0.2692350037965072,78986,174198,62847,210769,253184,0.4806074411541381,0.3119707406471183,0.5568943757799666,0.547498876527079,0.5521966261535227,0.3999119025257141,1.158730240303046,-0.0002828242275205,-0.0004620743642107,1915,5.234634082448904,0.2892950391644908,0.4835509138381201,-0.0002261705485605,-0.0002261705485605,-0.0002864836990774,0.95276115112624,-0.570365523283612,0.0,0.3088703608634091,1.147214725084035,ETHUSDT,BAJA,v4_63_balanceado,63,0.2557678760126805,0.28386930832989943,0.056202864634437855,0.2336333014931376,0.3952638386365521,0.323261074286829,0.2442000388853565,0.3220559707055353,0.15571186364035763,1.158730240303046,1.252326135635895,0.18719179066569835,1709,1812.0,206,0.211234640140433,0.2502648396524619,0.07806039902405779,0.4835509138381201,0.48811834749834615,0.0091348673204521,-0.0005101927251845,-0.0003681816368725,0.000284022176624,0.8610549155705473,0.9069080333483936,0.0917062355556928,-0.6399311297758551,-0.6051483265297335,0.06956560649224308,0.2355602827774812,0.27221532182044517,0.07331007808592788,1.147214725084035,1.1933993769928875,0.09236930381770492
0.5,0.1900317181290125,18401,52997,81054,370908,71398,0.1364223479058391,0.2577243060029692,0.1850183500075411,0.8749790637053113,0.5299987068564262,0.2154015440173716,1.3562173122488963,-0.001383585115334,-0.0004163896528585,1633,4.476024965785301,0.2149418248622167,0.488671157379057,-0.0004681655419907,-0.0004681655419907,-0.0001556788532073,0.8721128061638344,-0.5979395404068454,0.0,0.2355602827774812,1.23958402890174,0.2692350037965072,71569,155445,70264,229522,227014,0.4309301442672741,0.3152624948241078,0.5046004808471936,0.5962121428589983,0.550406311853096,0.3880687656399537,1.170956563517235,-0.000310425951683,-0.0004849576247707,1868,5.106160034472351,0.3024625267665953,0.4796573875802998,-0.0001892055389621,-0.0001892055389621,-0.0003329257354327,0.9610661985657284,-0.5380714699274102,0.0,0.3088703608634091,1.147214725084035,ETHUSDT,BAJA,v4_63_balanceado,63,0.2577243060029692,0.2864934004135385,0.05753818882113859,0.1850183500075411,0.3448094154273673,0.3195821308396525,0.2154015440173716,0.30173515482866264,0.17266722162258208,1.170956563517235,1.2635869378830655,0.18526074873166132,1633,1750.5,235,0.2149418248622167,0.258702175814406,0.0875207019043786,0.4796573875802998,0.4841642724796784,0.009013769798757176,-0.0004681655419907,-0.00032868554047639996,0.00027896000302859997,0.8721128061638344,0.9165895023647814,0.08895339240189404,-0.5979395404068454,-0.5680055051671278,0.05986807047943521,0.2355602827774812,0.27221532182044517,0.07331007808592788,1.147214725084035,1.1933993769928875,0.09236930381770492
0.51,0.1900317181290125,14693,41615,84762,382290,56308,0.1075894221950473,0.2609398309298856,0.147735156603489,0.9018294193274436,0.5247822879654663,0.1886584105339522,1.3731383029054844,-0.0014401457450913,-0.0004662594548154,1563,4.284156167496893,0.2162507997440819,0.4824056301983365,-0.0004506931385507,-0.0004506931385507,-0.0002641505446783,0.8788693099784634,-0.5680034922504318,0.0,0.2355602827774812,1.23958402890174,0.2692350037965072,64719,137944,77114,247023,202663,0.3847057706909643,0.3193429486388734,0.456304245133361,0.6416731823766713,0.5489887137550161,0.3757315034136826,1.1861122964539883,-0.0003506908302325,-0.000499001996008,1830,5.002287399938117,0.2983606557377049,0.4890710382513661,-0.0001929245523348,-0.0001929245523348,-0.0002374933941287,0.960137903777394,-0.522669825644247,0.0,0.3088703608634091,1.147214725084035,ETHUSDT,BAJA,v4_63_balanceado,63,0.2609398309298856,0.29014138978437953,0.05840311770898782,0.147735156603489,0.302019700868425,0.30856908852987197,0.1886584105339522,0.2821949569738174,0.18707309287973042,1.1861122964539883,1.2796252996797364,0.18702600645149614,1563,1696.5,267,0.2162507997440819,0.25730572774089344,0.08210985599362303,0.4824056301983365,0.4857383342248513,0.00666540805302962,-0.0004506931385507,-0.00032180884544275,0.0002577685862159,0.8788693099784634,0.9195036068779288,0.0812685937989307,-0.5680034922504318,-0.5453366589473394,0.045333666606184764,0.2355602827774812,0.27221532182044517,0.07331007808592788,1.147214725084035,1.1933993769928875,0.09236930381770492
0.52,0.1900317181290125,11802,32817,87653,391088,44619,0.0852548914704983,0.2645061520876756,0.1186667336986576,0.9225840695438836,0.5206254016212707,0.1638324749781362,1.3919052813494135,-0.0014681343845264,-0.0004548754778379,1502,4.116956214702708,0.2243675099866844,0.4946737683089214,-0.0003893726168469,-0.0003893726168469,-8.018180347024728e-05,0.8945259867722599,-0.5268436403309882,0.0,0.2355602827774812,1.23958402890174,0.2692350037965072,57921,121784,83912,263183,179705,0.3411256643887623,0.3223115661779027,0.4083746377782321,0.6836508064327592,0.5460127221054957,0.3602746798201145,1.1971384167472954,-0.0004230629455623,-0.0005457018285208,1765,4.824610525076927,0.2940509915014164,0.4787535410764872,-0.0002814603405516,-0.0002814603405516,-0.0004764597137429,0.9434333794460094,-0.5880868887790389,0.0,0.3088703608634091,1.147214725084035,ETHUSDT,BAJA,v4_63_balanceado,63,0.2645061520876756,0.29340885913278913,0.0578054140902271,0.1186667336986576,0.26352068573844484,0.2897079040795745,0.1638324749781362,0.2620535773991254,0.19644220484197833,1.1971384167472954,1.2945218490483543,0.19476686460211812,1502,1633.5,263,0.2243675099866844,0.2592092507440504,0.069683481514732,0.4787535410764872,0.48671365469270433,0.015920227232434192,-0.0003893726168469,-0.00033541647869925,0.0001079122762953,0.8945259867722599,0.9189796831091346,0.04890739267374944,-0.5880868887790389,-0.5574652645550136,0.061243248448050736,0.2355602827774812,0.27221532182044517,0.07331007808592788,1.147214725084035,1.1933993769928875,0.09236930381770492
0.53,0.1900317181290125,9531,26016,89924,397889,35547,0.0679207428920819,0.2681238923115874,0.0958322859584736,0.9386277585779832,0.5172300222682285,0.1411979081791381,1.4109428412869378,-0.0015427195832445,-0.0005037624759924,1438,3.941533313410449,0.2232267037552155,0.5006954102920723,-0.0003465217234641,-0.0003465217234641,3.921116398142299e-05,0.9075689996388102,-0.4784350142941859,0.0,0.2355602827774812,1.23958402890174,0.2692350037965072,51337,107316,90496,277651,158653,0.301163629460896,0.3235803924287596,0.3619538471300755,0.7212332485641626,0.541593547847119,0.3416931238061008,1.2018511258414513,-0.0005418506732836,-0.0006251605054201,1710,4.674268554040536,0.3070175438596491,0.4883040935672514,-0.0002231575837905,-0.0002231575837905,-0.0002790588451484,0.9557020536563768,-0.5519323077739617,0.0,0.3088703608634091,1.147214725084035,ETHUSDT,BAJA,v4_63_balanceado,63,0.2681238923115874,0.2958521423701735,0.05545650011717218,0.0958322859584736,0.22889306654427455,0.2661215611716019,0.1411979081791381,0.24144551599261943,0.20049521562696268,1.2018511258414513,1.3063969835641944,0.20909171544548655,1438,1574.0,272,0.2232267037552155,0.2651221238074323,0.08379084010443358,0.4883040935672514,0.4944997519296619,0.012391316724820911,-0.0003465217234641,-0.0002848396536273,0.00012336413967360002,0.9075689996388102,0.9316355266475935,0.04813305401756662,-0.5519323077739617,-0.5151836610340739,0.07349729347977585,0.2355602827774812,0.27221532182044517,0.07331007808592788,1.147214725084035,1.1933993769928875,0.09236930381770492
0.54,0.1900317181290125,7672,21281,91783,402624,28953,0.0553213848975848,0.2649811763893206,0.0771404152631843,0.9497977141104728,0.5134690646868286,0.1194941125163541,1.3944049919573158,-0.0016823016347663,-0.0006442634779919,1363,3.735959600958583,0.2259721203228173,0.5069699192956714,-0.000381363650903,-0.000381363650903,0.0001282565130261,0.9005499376736333,-0.4960871965882925,0.0,0.2355602827774812,1.23958402890174,0.2692350037965072,45241,94372,96592,290595,139613,0.2650208807896735,0.3240457550514637,0.3189737226174444,0.7548569098130489,0.5369153162152467,0.3214897351534574,1.2035795883969955,-0.0006621069354154,-0.000698690540265,1652,4.515726111856704,0.3069007263922518,0.49818401937046,-0.0001964491707761,-0.0001964491707761,-4.657898185678189e-05,0.9614984426160336,-0.5261581992739199,0.0,0.3088703608634091,1.147214725084035,ETHUSDT,BAJA,v4_63_balanceado,63,0.2649811763893206,0.29451346572039216,0.0590645786621431,0.0771404152631843,0.19805706894031433,0.2418333073542601,0.1194941125163541,0.22049192383490576,0.2019956226371033,1.2035795883969955,1.2989922901771558,0.1908254035603203,1363,1507.5,289,0.2259721203228173,0.26643642335753454,0.0809286060694345,0.49818401937046,0.5025769693330657,0.008785899925211393,-0.000381363650903,-0.00028890641083955,0.00018491448012690001,0.9005499376736333,0.9310241901448335,0.06094850494240023,-0.5261581992739199,-0.5111226979311062,0.030071002685627457,0.2355602827774812,0.27221532182044517,0.07331007808592788,1.147214725084035,1.1933993769928875,0.09236930381770492
0.55,0.1900317181290125,6253,17762,93202,406143,24015,0.0458861968816875,0.2603789298355194,0.0628726559750641,0.9580991023932248,0.5104858791841446,0.1012877622094435,1.3701866846183446,-0.0018863780154501,-0.0007352979521171,1308,3.585205545160548,0.22782874617737,0.5030581039755352,-0.000473406740517,-0.000473406740517,5.929724586367646e-05,0.8797471798373525,-0.5489077794656066,0.0,0.2355602827774812,1.23958402890174,0.2692350037965072,39619,82673,102214,302294,122292,0.2321412300683371,0.3239704968436201,0.2793355566053034,0.7852465276244457,0.5322910421148745,0.3000018930430667,1.203300062307214,-0.0008002528347414,-0.0007622519592594,1607,4.392719044645111,0.3111387678904792,0.5052893590541382,-9.567236165460697e-05,-9.567236165460697e-05,0.000155329821451,0.9812348200086408,-0.4463229895762146,0.0,0.3088703608634091,1.147214725084035,ETHUSDT,BAJA,v4_63_balanceado,63,0.2603789298355194,0.2921747133395698,0.0635915670081007,0.0628726559750641,0.17110410629018374,0.21646290063023932,0.1012877622094435,0.20064482762625507,0.1987141308336232,1.203300062307214,1.2867433734627793,0.1668866223111305,1308,1457.5,299,0.22782874617737,0.2694837570339246,0.08331002171310917,0.5030581039755352,0.5041737315148367,0.0022312550786030005,-0.000473406740517,-0.0002845395510858035,0.000377734378862393,0.8797471798373525,0.9304909999229967,0.10148764017128831,-0.5489077794656066,-0.4976153845209106,0.10258478988939207,0.2355602827774812,0.27221532182044517,0.07331007808592788,1.147214725084035,1.1933993769928875,0.09236930381770492
0.56,0.1900317181290125,5160,15193,94295,408712,20353,0.0388891011922959,0.2535252788286739,0.05188276104771,0.9641594225121196,0.5080210917799147,0.0861378205128205,1.334120857953595,-0.0021585140098571,-0.0009262317911249,1256,3.4426744378605867,0.232484076433121,0.5087579617834395,-0.0003749045985532,-0.0003749045985532,0.00012421845094,0.904481249470984,-0.4814020854961235,0.0,0.2355602827774812,1.23958402890174,0.2692350037965072,34456,72220,107377,312747,106676,0.2024981017463933,0.3229967377854438,0.2429335909132571,0.8123995043731022,0.5276665476431797,0.2773018281028051,1.1996832998341134,-0.0009721494604069,-0.0008589458764595,1540,4.209575189018961,0.3123376623376623,0.4883116883116883,-0.000123188851407,-0.000123188851407,-0.0002427895561353,0.9760871686377168,-0.4586012091744861,0.0,0.3088703608634091,1.147214725084035,ETHUSDT,BAJA,v4_63_balanceado,63,0.2535252788286739,0.2882610083070588,0.06947145895676993,0.05188276104771,0.14740817598048356,0.1910508298655471,0.0861378205128205,0.1817198243078128,0.19116400758998464,1.1996832998341134,1.266902078893854,0.13443755811948166,1256,1398.0,284,0.232484076433121,0.27241086938539166,0.07985358590454131,0.4883116883116883,0.49853482504756386,0.020446273471751153,-0.0003749045985532,-0.0002490467249801,0.0002517157471462,0.904481249470984,0.9402842090543504,0.07160591916673287,-0.4814020854961235,-0.4700016473353048,0.02280087632163741,0.2355602827774812,0.27221532182044517,0.07331007808592788,1.147214725084035,1.1933993769928875,0.09236930381770492
0.57,0.1900317181290125,4308,13092,95147,410813,17400,0.0332467135432589,0.2475862068965517,0.0433160725956462,0.9691157216829244,0.5062158971392853,0.0737324034059304,1.3028678019343352,-0.0023006068678332,-0.0010355969395019,1215,3.330294141720233,0.2246913580246913,0.5004115226337449,-0.0004354499824848,-0.0004354499824848,2.1546964302121552e-05,0.8898420553106442,-0.5228002169865977,0.0,0.2355602827774812,1.23958402890174,0.2692350037965072,29738,62806,112095,322161,92544,0.1756719817767653,0.3213390387275242,0.20966911790627,0.8368535484859742,0.5232613331961221,0.2537621012300695,1.1935262287454949,-0.0012010332530339,-0.0010003825836045,1486,4.06196670836505,0.3055181695827725,0.490578734858681,-0.0001845383901922,-0.0001845383901922,-0.0002672256945667,0.964127113303208,-0.4890294693088015,0.0,0.3088703608634091,1.147214725084035,ETHUSDT,BAJA,v4_63_balanceado,63,0.2475862068965517,0.28446262281203794,0.07375283183097248,0.0433160725956462,0.1264925952509581,0.16635304531062378,0.0737324034059304,0.16374725231799994,0.18002969782413908,1.1935262287454949,1.248197015339915,0.1093415731888403,1215,1350.5,271,0.2246913580246913,0.26510476380373194,0.08082681155808119,0.490578734858681,0.49549512874621293,0.009832787775063911,-0.0004354499824848,-0.0003099941863385,0.0002509115922926,0.8898420553106442,0.9269845843069261,0.0742850579925638,-0.5228002169865977,-0.5059148431476996,0.03377074767779625,0.2355602827774812,0.27221532182044517,0.07331007808592788,1.147214725084035,1.1933993769928875,0.09236930381770492
0.58,0.1900317181290125,3659,11397,95796,412508,15056,0.028767960868236,0.2430260361317747,0.0367905082700718,0.97311425909107,0.5049523836805709,0.0639065242640445,1.278870909154146,-0.0024626950816397,-0.0011116227429653,1160,3.179540085922198,0.2258620689655172,0.5060344827586207,-0.000459515180731,-0.000459515180731,8.822590536256003e-05,0.8853627491225524,-0.5206101291390464,0.0,0.2355602827774812,1.23958402890174,0.2692350037965072,25753,54413,116080,330554,80166,0.1521753986332574,0.3212459147269416,0.181572694647931,0.8586554172175797,0.5201140559327553,0.2320100540993428,1.1931803450406664,-0.0013765527542369,-0.0010971190654269,1420,3.881556343121381,0.3161971830985915,0.4950704225352113,-9.111961292917494e-05,-9.111961292917494e-05,-0.0001393561844333,0.9826950708422528,-0.4286994744065223,0.0,0.3088703608634091,1.147214725084035,ETHUSDT,BAJA,v4_63_balanceado,63,0.2430260361317747,0.28213597542935814,0.07821987859516688,0.0367905082700718,0.1091816014590014,0.1447821863778592,0.0639065242640445,0.14795828918169365,0.1681035298352983,1.1931803450406664,1.2360256270974062,0.08569056411347953,1160,1290.0,260,0.2258620689655172,0.2710296260320544,0.09033511413307432,0.4950704225352113,0.5005524526469161,0.010964060223409455,-0.000459515180731,-0.0002753173968300875,0.0003683955678018251,0.8853627491225524,0.9340289099824026,0.09733232171970041,-0.5206101291390464,-0.4746548017727843,0.09191065473252408,0.2355602827774812,0.27221532182044517,0.07331007808592788,1.147214725084035,1.1933993769928875,0.09236930381770492
0.59,0.1900317181290125,3145,9975,96310,413930,13120,0.0250687863038826,0.2397103658536585,0.0316223417626062,0.9764687842794966,0.5040455630210514,0.0558738618698645,1.261422925676645,-0.0025764395101289,-0.0012027468747151,1120,3.069900772614536,0.23125,0.5044642857142857,-0.0003962708421364,-0.0003962708421364,6.044239625990766e-05,0.9015018626646586,-0.4813860440625024,0.0,0.2355602827774812,1.23958402890174,0.2692350037965072,22266,47099,119567,337868,69365,0.1316723614274867,0.3209976212787429,0.1569874429787144,0.877654448303361,0.5173209456410377,0.2108542694533092,1.1922581267380774,-0.001591107690213,-0.0012198543854209,1370,3.744881823997388,0.3182481751824818,0.5,8.593905150069057e-06,8.593905150069057e-06,-7.402882002738309e-06,1.0016467539106284,-0.3727875410343076,0.0,0.3088703608634091,1.147214725084035,ETHUSDT,BAJA,v4_63_balanceado,63,0.2397103658536585,0.2803539935662007,0.08128725542508436,0.0316223417626062,0.0943048923706603,0.1253651012161082,0.0558738618698645,0.13336406566158684,0.15498040758344472,1.1922581267380774,1.2268405262073612,0.06916479893856753,1120,1245.0,250,0.23125,0.2747490875912409,0.08699817518248176,0.5,0.5022321428571428,0.004464285714285698,-0.0003962708421364,-0.00019383846849316548,0.00040486474728646904,0.9015018626646586,0.9515743082876436,0.10014489124596981,-0.4813860440625024,-0.427086792548405,0.10859850302819479,0.2355602827774812,0.27221532182044517,0.07331007808592788,1.147214725084035,1.1933993769928875,0.09236930381770492
0.6,0.1900317181290125,2710,8725,96745,415180,11435,0.021849205136044,0.2369916921731526,0.0272485043487004,0.9794175581793092,0.5033330312640047,0.0488772657588601,1.2471165051102624,-0.0026143694756288,-0.0012855611188025,1067,2.924628682481884,0.2286785379568884,0.4920337394564198,-0.000529237282299,-0.000529237282299,-5.538972828267319e-05,0.8731776916814207,-0.5477171879439895,0.0,0.2355602827774812,1.23958402890174,0.2692350037965072,19156,40701,122677,344266,59857,0.1136237661351556,0.3200294034114639,0.1350602469100985,0.8942740546592305,0.5146671507846645,0.1899548812534086,1.1886619455074574,-0.0018020334678966,-0.0013445242692127,1309,3.5781389106661177,0.3170359052711994,0.492742551566081,-8.450455577819892e-05,-8.450455577819892e-05,-0.0001918373219509,0.98412009375238,-0.4577581088603307,0.0,0.3088703608634091,1.147214725084035,ETHUSDT,BAJA,v4_63_balanceado,63,0.2369916921731526,0.27851054779230827,0.0830377112383113,0.0272485043487004,0.08115437562939945,0.10781174256139808,0.0488772657588601,0.11941607350613434,0.1410776154945485,1.1886619455074574,1.21788922530886,0.05845455960280499,1067,1188.0,242,0.2286785379568884,0.2728572216140439,0.08835736731431101,0.4920337394564198,0.49238814551125043,0.0007088121096611721,-0.000529237282299,-0.0003068709190385995,0.00044473272652080113,0.8731776916814207,0.9286488927169003,0.11094240207095929,-0.5477171879439895,-0.5027376484021601,0.0899590790836588,0.2355602827774812,0.27221532182044517,0.07331007808592788,1.147214725084035,1.1933993769928875,0.09236930381770492
0.61,0.1900317181290125,2331,7570,97124,416335,9901,0.0189181442983797,0.2354307645692354,0.0234377356593434,0.9821422252627358,0.5027899804610396,0.0426314056841874,1.2389024678996032,-0.0026400750374146,-0.0012950560287838,1032,2.82869428333768,0.2325581395348837,0.4961240310077519,-0.0004756882031464,-0.0004756882031464,-3.705060454051168e-05,0.8857222967036608,-0.5116964054510603,0.0,0.2355602827774812,1.23958402890174,0.2692350037965072,16361,35227,125472,349740,51588,0.0979271070615034,0.317147398619834,0.1153539726297829,0.9084934552831802,0.5119237139564815,0.1691750120204114,1.1779575246446776,-0.0021204718152879,-0.0015461034776768,1260,3.4441978819246053,0.319047619047619,0.4952380952380952,-4.567240429272703e-05,-4.567240429272703e-05,-0.0001812513879678,0.9914564189059988,-0.4566115752844629,0.0,0.3088703608634091,1.147214725084035,ETHUSDT,BAJA,v4_63_balanceado,63,0.2354307645692354,0.2762890815945347,0.08171663405059859,0.0234377356593434,0.06939585414456315,0.0919162369704395,0.0426314056841874,0.1059032088522994,0.12654360633622402,1.1779575246446776,1.2084299962721405,0.06094494325492561,1032,1146.0,228,0.2325581395348837,0.27580287929125136,0.08648947951273533,0.4952380952380952,0.49568106312292354,0.0008859357696566761,-0.0004756882031464,-0.0002606803037195635,0.00043001579885367295,0.8857222967036608,0.9385893578048298,0.10573412220233802,-0.5116964054510603,-0.48415399036776163,0.05508483016659743,0.2355602827774812,0.27221532182044517,0.07331007808592788,1.147214725084035,1.1933993769928875,0.09236930381770492
0.62,0.1900317181290125,2048,6604,97407,417301,8652,0.016531641699786,0.236708275543227,0.0205922276406414,0.9844210377325108,0.5025066326865761,0.0378883883559806,1.24562508761051,-0.0026185010510118,-0.0012086297436777,997,2.7327598841934755,0.226680040120361,0.4874623871614844,-0.0005031877049166,-0.0005031877049166,-0.0002392514662235,0.879866522043324,-0.5133068941871151,0.0,0.2355602827774812,1.23958402890174,0.2692350037965072,13962,30378,127871,354589,44340,0.0841685649202733,0.3148849797023004,0.098439714311902,0.9210893401252574,0.5097645272185798,0.1499895258710984,1.169554386547361,-0.0024222546026217,-0.0017318464421003,1211,3.3102568531830925,0.3129644921552436,0.4913294797687861,-0.0001337145047396,-0.0001337145047396,-0.0002358722358721,0.9750146073911576,-0.4463537398632066,0.0,0.3088703608634091,1.147214725084035,ETHUSDT,BAJA,v4_63_balanceado,63,0.236708275543227,0.2757966276227637,0.0781767041590734,0.0205922276406414,0.059515970976271704,0.0778474866712606,0.0378883883559806,0.0939389571135395,0.1121011375151178,1.169554386547361,1.2075897370789355,0.07607070106314895,997,1104.0,214,0.226680040120361,0.2698222661378023,0.08628445203488258,0.4874623871614844,0.4893959334651352,0.0038670926073017253,-0.0005031877049166,-0.0003184511048281,0.000369473200177,0.879866522043324,0.9274405647172408,0.09514808534783359,-0.5133068941871151,-0.4798303170251608,0.06695315432390847,0.2355602827774812,0.27221532182044517,0.07331007808592788,1.147214725084035,1.1933993769928875,0.09236930381770492
0.63,0.1900317181290125,1804,5762,97651,418143,7566,0.0144565881993274,0.2384351044144858,0.0181388567693931,0.9864073318314244,0.5022730943004088,0.0337130095962474,1.2547121436465267,-0.0026188840397196,-0.0011281586831154,960,2.631343519383888,0.2322916666666666,0.4885416666666666,-0.0005115719431398,-0.0005115719431398,-0.000188593857376,0.8786703334513755,-0.4977088125890166,0.0,0.2355602827774812,1.23958402890174,0.2692350037965072,11865,26138,129968,358829,38003,0.0721393318147304,0.3122121937741757,0.0836547206926455,0.9321032711894786,0.5078789959410621,0.1319535576858916,1.159627052098142,-0.002776193550877,-0.001965782112826,1158,3.165381862911661,0.3186528497409326,0.4939550949913644,-9.651251622838468e-05,-9.651251622838468e-05,-0.0001717076634374,0.9820397078864508,-0.4234925177053926,0.0,0.3088703608634091,1.147214725084035,ETHUSDT,BAJA,v4_63_balanceado,63,0.2384351044144858,0.2753236490943307,0.0737770893596899,0.0181388567693931,0.0508967887310193,0.0655158639232524,0.0337130095962474,0.0828332836410695,0.09824054808964419,1.159627052098142,1.2071695978723342,0.09508509154838474,960,1059.0,198,0.2322916666666666,0.2754722582037996,0.08636118307426602,0.4885416666666666,0.4912483808290155,0.005413428324697822,-0.0005115719431398,-0.00030404222968409236,0.00041505942691141536,0.8786703334513755,0.9303550206689131,0.10336937443507532,-0.4977088125890166,-0.4606006651472046,0.07421629488362402,0.2355602827774812,0.27221532182044517,0.07331007808592788,1.147214725084035,1.1933993769928875,0.09236930381770492
0.64,0.1900317181290125,1613,5094,97842,418811,6707,0.0128152705594619,0.2404950052184285,0.0162183902267357,0.9879831566034842,0.50210077341511,0.030387520958535,1.2655519172602356,-0.0025340235747968,-0.0010628327897004,930,2.549114034403141,0.232258064516129,0.4817204301075269,-0.0005426292681012,-0.0005426292681012,-0.0002739545727787,0.8716401197377665,-0.500819814478515,0.0,0.2355602827774812,1.23958402890174,0.2692350037965072,10128,22633,131705,362334,32761,0.0621886864085041,0.3091480724031623,0.0714079234028752,0.941207947694218,0.5063079355485466,0.1160177325681294,1.1482462088652563,-0.0031182874033868,-0.00217373129337,1108,3.028707343787669,0.3212996389891697,0.4846570397111913,-0.0001890969263947,-0.0001890969263947,-0.0003402570676853,0.9657195972906644,-0.4194124945467258,0.0,0.3088703608634091,1.147214725084035,ETHUSDT,BAJA,v4_63_balanceado,63,0.2404950052184285,0.2748215388107954,0.06865306718473377,0.0162183902267357,0.04381315681480545,0.055189533176139505,0.030387520958535,0.0732026267633322,0.0856302116095944,1.1482462088652563,1.206899063062746,0.11730570839497934,930,1019.0,178,0.232258064516129,0.2767788517526493,0.0890415744730407,0.4817204301075269,0.4831887349093591,0.002936609603664375,-0.0005426292681012,-0.00036586309724795,0.00035353234170649994,0.8716401197377665,0.9186798585142154,0.09407947755289792,-0.500819814478515,-0.4601161545126204,0.08140731993178918,0.2355602827774812,0.27221532182044517,0.07331007808592788,1.147214725084035,1.1933993769928875,0.09236930381770492
0.65,0.1900317181290125,1449,4489,98006,419416,5938,0.0113459186793029,0.244021556079488,0.0145694032476999,0.9894103631709936,0.5019898832093468,0.0274970823489226,1.2841096132900394,-0.0024205794580075,-0.0008596055066529,899,2.464143566589704,0.2269187986651835,0.4794215795328142,-0.0006235029482914,-0.0006235029482914,-0.0002717291905083,0.8542356977220084,-0.5289973569999855,0.0,0.2355602827774812,1.23958402890174,0.2692350037965072,8632,19563,133201,365404,28195,0.0535212604403948,0.3061535733286044,0.0608603075447885,0.9491826572147742,0.5050214823797814,0.1015362175641658,1.1371239586662398,-0.0034344763023259,-0.0024110115782824,1055,2.8838323535162367,0.3156398104265402,0.4862559241706161,-0.0003021982057567,-0.0003021982057567,-0.00034306940649,0.9461713569837544,-0.4468637512807651,0.0,0.3088703608634091,1.147214725084035,ETHUSDT,BAJA,v4_63_balanceado,63,0.244021556079488,0.27508756470404616,0.06213201724911638,0.0145694032476999,0.0377148553962442,0.0462909042970886,0.0274970823489226,0.0645166499565442,0.07403913521524319,1.1371239586662398,1.2106167859781396,0.14698565462379953,899,977.0,156,0.2269187986651835,0.27127930454586185,0.08872101176135672,0.4794215795328142,0.48283875185171515,0.006834344637801859,-0.0006235029482914,-0.00046285057702404996,0.0003213047425347,0.8542356977220084,0.9002035273528814,0.09193565926174607,-0.5289973569999855,-0.48793055414037534,0.0821336057192204,0.2355602827774812,0.27221532182044517,0.07331007808592788,1.147214725084035,1.1933993769928875,0.09236930381770492
0.66,0.1900317181290125,1291,3914,98164,419991,5205,0.0099453531030265,0.2480307396733909,0.0129807450605801,0.9907667991649072,0.5018737721127438,0.0246703611695012,1.3052070576186807,-0.0020220597174464,-0.000536068616783,859,2.354504253282041,0.2246798603026775,0.4749708963911525,-0.0006721279065448,-0.0006721279065448,-0.0003569655695552,0.8446302631867522,-0.5396773918248707,0.0,0.2355602827774812,1.23958402890174,0.2692350037965072,7459,16871,134374,368096,24330,0.0461845102505694,0.3065762433210028,0.0525900178378797,0.9561754643904542,0.504382741114167,0.0897793130841402,1.138693851088987,-0.0036233749741197,-0.0024238942661359,1003,2.741690853627285,0.3090727816550349,0.4885343968095713,-0.0003691552312788,-0.0003691552312788,-0.0002864836990774,0.934970015696832,-0.4685162292351003,0.0,0.3088703608634091,1.147214725084035,ETHUSDT,BAJA,v4_63_balanceado,63,0.2480307396733909,0.27730349149719685,0.05854550364761191,0.0129807450605801,0.0327853814492299,0.0396092727772996,0.0246703611695012,0.05722483712682069,0.065108951914639,1.138693851088987,1.2219504543538338,0.1665132065296937,859,931.0,144,0.2246798603026775,0.26687632097885616,0.08439292135235738,0.4749708963911525,0.4817526466003619,0.013563500418418806,-0.0006721279065448,-0.0005206415689118,0.00030297267526599995,0.8446302631867522,0.889800139441792,0.09033975251007986,-0.5396773918248707,-0.5040968105299855,0.07116116258977045,0.2355602827774812,0.27221532182044517,0.07331007808592788,1.147214725084035,1.1933993769928875,0.09236930381770492
0.67,0.1900317181290125,1151,3520,98304,420385,4671,0.0089250229287679,0.2464140441019053,0.0115730732492081,0.991696252698128,0.5016346629736681,0.0221078308971822,1.296699553779832,-0.0019209880488429,-0.0004481364083506,829,2.272274768301295,0.2110977080820265,0.4752714113389626,-0.0008396002166746,-0.0008396002166746,-0.0003569655695552,0.8089352936484246,-0.5819415557592056,0.0,0.2355602827774812,1.23958402890174,0.2692350037965072,6423,14563,135410,370404,20986,0.0398367501898253,0.3060611836462403,0.0452856528452475,0.962170783469752,0.5037282181574998,0.0788974259760838,1.1367808023861825,-0.003918359940881,-0.0024737592078332,956,2.6132168056507323,0.309623430962343,0.4822175732217573,-0.0003243523823397,-0.0003243523823397,-0.0003836226610481,0.9431296270102963,-0.4463784289810962,0.0,0.3088703608634091,1.147214725084035,ETHUSDT,BAJA,v4_63_balanceado,63,0.2464140441019053,0.2762376138740728,0.05964713954433501,0.0115730732492081,0.0284293630472278,0.0337125795960394,0.0221078308971822,0.050502628436633,0.056789595078901606,1.1367808023861825,1.2167401780830072,0.15991875139364953,829,892.5,127,0.2110977080820265,0.2603605695221848,0.09852572288031652,0.4752714113389626,0.47874449228036,0.006946161882794677,-0.0008396002166746,-0.0005819762995071501,0.0005152478343349,0.8089352936484246,0.8760324603293606,0.1341943333618717,-0.5819415557592056,-0.5141599923701509,0.1355631267781094,0.2355602827774812,0.27221532182044517,0.07331007808592788,1.147214725084035,1.1933993769928875,0.09236930381770492
0.68,0.1900317181290125,1039,3169,98416,420736,4208,0.0080403546316111,0.2469106463878327,0.0104469358001106,0.9925242684091956,0.5014856021046531,0.0200457250899549,1.29931281377041,-0.0017963262161248,-0.0003292391245017,797,2.184563317655165,0.2158092848180677,0.479297365119197,-0.0008137286027371,-0.0008137286027371,-0.0002761799550492,0.8135470283539158,-0.5463406499521821,0.0,0.2355602827774812,1.23958402890174,0.2692350037965072,5542,12581,136291,372386,18123,0.0344020501138952,0.3057992606080671,0.0390741223833663,0.9673192767172252,0.5031966995502957,0.0692940558653629,1.135807960688484,-0.0041967381943244,-0.0025168638006676,906,2.47654228652674,0.3178807947019867,0.4900662251655629,-0.0003417142264475,-0.0003417142264475,-0.0002692492311324,0.9413180699793744,-0.4428167193965792,0.0,0.3088703608634091,1.147214725084035,ETHUSDT,BAJA,v4_63_balanceado,63,0.2469106463878327,0.2763549534979499,0.05888861422023442,0.0104469358001106,0.02476052909173845,0.0286271865832557,0.0200457250899549,0.0446698904776589,0.049248330775407995,1.135807960688484,1.217560387229447,0.16350485308192586,797,851.5,109,0.2158092848180677,0.2668450397600272,0.10207150988391903,0.479297365119197,0.48468179514237997,0.010768860046365902,-0.0008137286027371,-0.0005777214145923,0.00047201437628960005,0.8135470283539158,0.877432549166645,0.1277710416254586,-0.5463406499521821,-0.49457868467438065,0.10352393055560294,0.2355602827774812,0.27221532182044517,0.07331007808592788,1.147214725084035,1.1933993769928875,0.09236930381770492
0.69,0.1900317181290125,931,2828,98524,421077,3759,0.0071824365637419,0.2476722532588454,0.0093610175456236,0.9933286939290644,0.501344855737344,0.0180401883465421,1.3033206019360448,-0.0017184471570744,-0.0003202402906457,759,2.0804059700128863,0.2147562582345191,0.4743083003952569,-0.0008556805303291,-0.0008556805303291,-0.0003606496346968,0.8057008314641688,-0.5393377464412605,0.0,0.2355602827774812,1.23958402890174,0.2692350037965072,4927,10867,136906,374100,15794,0.0299810174639331,0.3119539065467899,0.0347380369871609,0.9717716063974314,0.5032548216922962,0.0625146707099672,1.1586677146281112,-0.0043662670077179,-0.0024184072623019,854,2.334400786637788,0.32903981264637,0.4882903981264637,-0.0002200891209229,-0.0002200891209229,-0.0002788195146827,0.9618994789812748,-0.3721752972862424,0.0,0.3088703608634091,1.147214725084035,ETHUSDT,BAJA,v4_63_balanceado,63,0.2476722532588454,0.2798130799028177,0.0642816532879445,0.0093610175456236,0.02204952726639225,0.0253770194415373,0.0180401883465421,0.04027742952825465,0.044474482363425105,1.1586677146281112,1.230994158282078,0.14465288730793358,759,806.5,95,0.2147562582345191,0.27189803544044455,0.1142835544118509,0.4743083003952569,0.48129934926086027,0.013982097731206788,-0.0008556805303291,-0.000537884825626,0.0006355914094062,0.8057008314641688,0.8838001552227218,0.156198647517106,-0.5393377464412605,-0.4557565218637515,0.16716244915501816,0.2355602827774812,0.27221532182044517,0.07331007808592788,1.147214725084035,1.1933993769928875,0.09236930381770492
0.7,0.1900317181290125,837,2539,98618,421366,3376,0.0064506267196575,0.2479265402843602,0.0084158664722738,0.9940104504547008,0.5012131584634875,0.0162791376141435,1.30465873131791,-0.0018055073364133,-0.0002585978861769,723,1.9817305880359908,0.2171507607192254,0.4827109266943292,-0.0008157144106065,-0.0008157144106065,-0.0003388066744915,0.8156986679764564,-0.5019402518386142,0.0,0.2355602827774812,1.23958402890174,0.2692350037965072,4324,9427,137509,375540,13751,0.0261028853454821,0.3144498581921315,0.0304865581352717,0.9755121867588652,0.5029993724470684,0.0555841217605923,1.1679382463574406,-0.004644147728244,-0.0023598671419995,815,2.2277946617210738,0.3190184049079754,0.4907975460122699,-0.0003676729973114,-0.0003676729973114,-0.0002358722358721,0.9372031981294534,-0.3869631336120213,0.0,0.3088703608634091,1.147214725084035,ETHUSDT,BAJA,v4_63_balanceado,63,0.2479265402843602,0.28118819923824584,0.0665233179077713,0.0084158664722738,0.01945121230377275,0.022070691662997903,0.0162791376141435,0.0359316296873679,0.0393049841464488,1.1679382463574406,1.2362984888376753,0.1367204849604695,723,769.0,92,0.2171507607192254,0.26808458281360037,0.10186764418875,0.4827109266943292,0.4867542363532995,0.008086619317940691,-0.0008157144106065,-0.0005916937039589501,0.0004480414132951,0.8156986679764564,0.8764509330529549,0.121504530152997,-0.5019402518386142,-0.44445169272531776,0.11497711822659296,0.2355602827774812,0.27221532182044517,0.07331007808592788,1.147214725084035,1.1933993769928875,0.09236930381770492
0.71,0.1900317181290125,743,2285,98712,421620,3028,0.0057856924487924,0.2453764861294584,0.0074707153989241,0.9946096413111428,0.5010401783550334,0.0144999658479943,1.2912396338114056,-0.0020430881743721,-0.0002553517861253,695,1.9049830687206275,0.2115107913669064,0.4719424460431655,-0.0009424783786346,-0.0009424783786346,-0.0005062333796872,0.7903804789196145,-0.5211957675747845,0.0,0.2355602827774812,1.23958402890174,0.2692350037965072,3809,8240,138024,376727,12049,0.0228720577069096,0.3161258195700888,0.0268555272750347,0.9785955679317968,0.5027255476034158,0.0495054652266022,1.174163147853622,-0.0048927105572564,-0.0022742040285899,773,2.1129880656569204,0.3234152652005174,0.482535575679172,-0.0005725004121191,-0.0005725004121191,-0.0003873903000963,0.9068117452650848,-0.4797221089751819,0.0,0.3088703608634091,1.147214725084035,ETHUSDT,BAJA,v4_63_balanceado,63,0.2453764861294584,0.2807511528497736,0.07074933344063039,0.0074707153989241,0.0171631213369794,0.019384811876110603,0.0144999658479943,0.03200271553729825,0.035005499378607904,1.174163147853622,1.232701390832514,0.11707648595778353,695,734.0,78,0.2115107913669064,0.2674630282837119,0.11190447383361099,0.4719424460431655,0.4772390108611687,0.010593129636006504,-0.0009424783786346,-0.00075748939537685,0.00036997796651549997,0.7903804789196145,0.8485961120923496,0.1164312663454703,-0.5211957675747845,-0.5004589382749832,0.04147365859960256,0.2355602827774812,0.27221532182044517,0.07331007808592788,1.147214725084035,1.1933993769928875,0.09236930381770492
0.72,0.1900317181290125,680,2027,98775,421878,2707,0.0051723479058391,0.2512005910602142,0.0068372630838067,0.995218268244064,0.5010277656639355,0.0133121904426303,1.3218877013450678,-0.0020413073011375,-0.0001939020179999,677,1.8556453777321795,0.2097488921713441,0.4682422451994091,-0.0010466163758933,-0.0010466163758933,-0.0005413128725459,0.7708051429709442,-0.5350527291834645,0.0,0.2355602827774812,1.23958402890174,0.2692350037965072,3345,7254,138488,377713,10599,0.0201195899772209,0.315595810925559,0.0235840742281415,0.9811568264292784,0.50237045032871,0.0438884223785032,1.1721945752792684,-0.0052617604314327,-0.0024125595242796,734,2.0063819407402064,0.3201634877384196,0.4822888283378747,-0.0006458611632973,-0.0006458611632973,-0.000435141066163,0.8961758449362449,-0.4829848307105759,0.0,0.3088703608634091,1.147214725084035,ETHUSDT,BAJA,v4_63_balanceado,63,0.2512005910602142,0.2833982009928866,0.0643952198653448,0.0068372630838067,0.0152106686559741,0.016746811144334798,0.0133121904426303,0.02860030641056675,0.030576231935872895,1.1721945752792684,1.2470411383121682,0.14969312606579943,677,705.5,57,0.2097488921713441,0.26495618995488185,0.11041459556707553,0.4682422451994091,0.4752655367686419,0.014046583138465574,-0.0010466163758933,-0.0008462387695953001,0.000400755212596,0.7708051429709442,0.8334904939535945,0.12537070196530076,-0.5350527291834645,-0.5090187799470202,0.05206789847288856,0.2355602827774812,0.27221532182044517,0.07331007808592788,1.147214725084035,1.1933993769928875,0.09236930381770492
0.73,0.1900317181290125,621,1822,98834,422083,2443,0.0046679150107,0.2541956610724519,0.0062440299632999,0.9957018671636334,0.5009729485634667,0.0121886592474827,1.3376485966404748,-0.0020970152227139,-0.0001841694819657,652,1.7871208069148907,0.210122699386503,0.4739263803680981,-0.0010208838884891,-0.0010208838884891,-0.0004354701691565,0.7731657598847603,-0.5119996595676652,0.0,0.2355602827774812,1.23958402890174,0.2692350037965072,2955,6448,138878,378519,9403,0.0178492786636294,0.3142614059342763,0.0208343615378649,0.9832505123815808,0.5020424369597228,0.0390779973022296,1.1672382918374198,-0.0056785164243992,-0.0025168638006676,700,1.913443267735892,0.3214285714285714,0.4857142857142857,-0.0005120624232693,-0.0005120624232693,-0.0002867931751748,0.9167777348847518,-0.4365722727849465,0.0,0.3088703608634091,1.147214725084035,ETHUSDT,BAJA,v4_63_balanceado,63,0.2541956610724519,0.2842285335033641,0.06006574486182442,0.0062440299632999,0.0135391957505824,0.014590331574565001,0.0121886592474827,0.02563332827485615,0.0268893380547469,1.1672382918374198,1.2524434442389474,0.17041030480305497,652,676.0,48,0.210122699386503,0.2657756354075372,0.1113058720420684,0.4739263803680981,0.47982033304119187,0.011787905346187622,-0.0010208838884891,-0.0007664731558792,0.0005088214652198,0.7731657598847603,0.844971747384756,0.14361197499999145,-0.5119996595676652,-0.47428596617630586,0.07542738678271876,0.2355602827774812,0.27221532182044517,0.07331007808592788,1.147214725084035,1.1933993769928875,0.09236930381770492
0.74,0.1900317181290125,562,1651,98893,422254,2213,0.0042284469581167,0.2539539087211929,0.0056507968427932,0.9961052594331276,0.5008780281379605,0.0110555927135381,1.336376428217018,-0.0023840425113888,-0.0003194750778721,627,1.718596236097602,0.2121212121212121,0.4752791068580542,-0.0010519529576142,-0.0010519529576142,-0.0003606496346968,0.7692901101523264,-0.5086158975588786,0.0,0.2355602827774812,1.23958402890174,0.2692350037965072,2595,5631,139238,379336,8226,0.0156150341685649,0.3154631655725747,0.0182961652083788,0.985372772211644,0.5018344687100115,0.0345863960175664,1.1717019002885956,-0.0060999183385268,-0.0026107732358481,657,1.7959031812892583,0.3165905631659056,0.4809741248097412,-0.00053076035355,-0.00053076035355,-0.0004828918322297,0.9141400796762004,-0.4553045609041298,0.0,0.3088703608634091,1.147214725084035,ETHUSDT,BAJA,v4_63_balanceado,63,0.2539539087211929,0.2847085371468838,0.06150925685138181,0.0056507968427932,0.011973481025586,0.0126453683655856,0.0110555927135381,0.02282099436555225,0.0235308033040283,1.1717019002885956,1.2540391642528068,0.16467452792842252,627,642.0,30,0.2121212121212121,0.2643558876435589,0.10446935104469351,0.4752791068580542,0.4781266158338977,0.005695017951687031,-0.0010519529576142,-0.0007913566555821,0.0005211926040642001,0.7692901101523264,0.8417150949142633,0.14484996952387397,-0.5086158975588786,-0.48196022923150417,0.0533113366547488,0.2355602827774812,0.27221532182044517,0.07331007808592788,1.147214725084035,1.1933993769928875,0.09236930381770492
0.75,0.1900317181290125,520,1485,98935,422420,2005,0.0038310149801284,0.2593516209476309,0.0052284952993816,0.9964968566070228,0.5008626759532022,0.0102503449635324,1.3647806981966932,-0.0023702027799558,-0.0004100205010251,602,1.6500716652803131,0.207641196013289,0.4667774086378737,-0.001221581933234,-0.001221581933234,-0.0005651597424232,0.7394688215808952,-0.5441413750534585,0.0,0.2355602827774812,1.23958402890174,0.2692350037965072,2263,4950,139570,380017,7213,0.0136921032649962,0.3137390822126715,0.0159553841489639,0.987141755007572,0.501548569578268,0.0303664640446573,1.165298262813558,-0.0065804725410235,-0.0027740529668118,614,1.6783630948426251,0.3224755700325732,0.4885993485342019,-0.0006161907972802,-0.0006161907972802,-0.0002788195146827,0.9024077119172828,-0.4909319954294338,0.0,0.3088703608634091,1.147214725084035,ETHUSDT,BAJA,v4_63_balanceado,63,0.2593516209476309,0.2865453515801512,0.05438746126504057,0.0052284952993816,0.01059193972417275,0.0107268888495823,0.0102503449635324,0.02030840450409485,0.0201161190811249,1.165298262813558,1.2650394805051257,0.19948243538313526,602,608.0,12,0.207641196013289,0.2650583830229311,0.1148343740192842,0.4667774086378737,0.4776883785860378,0.02182193989632819,-0.001221581933234,-0.0009188863652571,0.0006053911359538,0.7394688215808952,0.820938266749089,0.16293889033638753,-0.5441413750534585,-0.5175366852414461,0.05320937962402472,0.2355602827774812,0.27221532182044517,0.07331007808592788,1.147214725084035,1.1933993769928875,0.09236930381770492
0.76,0.1900317181290125,476,1349,98979,422556,1825,0.0034870834607153,0.2608219178082192,0.0047860841586647,0.9968176832073224,0.5008018836829936,0.0093996840442338,1.3725178111116545,-0.0023622236186549,-0.0003569655695552,572,1.5678421802995666,0.2062937062937063,0.4685314685314685,-0.0012348175150773,-0.0012348175150773,-0.0005651597424232,0.7392388677499867,-0.5272473207185453,0.0,0.2355602827774812,1.23958402890174,0.2692350037965072,1979,4393,139854,380574,6372,0.0120956719817767,0.3105775266792216,0.0139530292668137,0.9885886322723766,0.5012708307695952,0.026706251475996,1.1535555269550382,-0.0071219432940022,-0.0030872747095873,573,1.5662899891609514,0.3158813263525305,0.4816753926701571,-0.0009949246029974,-0.0009949246029974,-0.0004828918322297,0.8485818040281611,-0.5163136961941628,0.0,0.3088703608634091,1.147214725084035,ETHUSDT,BAJA,v4_63_balanceado,63,0.2608219178082192,0.2856997222437204,0.049755608871002444,0.0047860841586647,0.0093695567127392,0.009166945108149,0.0093996840442338,0.0180529677601149,0.017306567431762197,1.1535555269550382,1.2630366690333463,0.21896228415661634,572,572.5,1,0.2062937062937063,0.26108751632311844,0.10958762005882422,0.4685314685314685,0.4751034306008128,0.01314392413868859,-0.0012348175150773,-0.00111487105903735,0.00023989291207990012,0.7392388677499867,0.7939103358890739,0.10934293627817437,-0.5272473207185453,-0.521780508456354,0.010933624524382513,0.2355602827774812,0.27221532182044517,0.07331007808592788,1.147214725084035,1.1933993769928875,0.09236930381770492
0.77,0.1900317181290125,446,1243,99009,422662,1689,0.0032272240904922,0.2640615748963884,0.004484440199085,0.9970677392340264,0.5007760897165557,0.0088191093885944,1.389565791943832,-0.0024120392988195,-0.0003408834650542,544,1.4910946609842033,0.2022058823529411,0.4577205882352941,-0.0014420396820578,-0.0014420396820578,-0.0007995296041514,0.6980538207751888,-0.5612208326602875,0.0,0.2355602827774812,1.23958402890174,0.2692350037965072,1716,3881,140117,381086,5597,0.0106245254365983,0.3065928175808469,0.012098735837217,0.9899186164008864,0.5010086761190516,0.0232788441972461,1.1387554116573022,-0.0076868345151659,-0.0037081407952535,525,1.4350824508019189,0.3123809523809523,0.4723809523809524,-0.001262438530341,-0.001262438530341,-0.0009331923176052,0.8151314710199855,-0.5624904263119623,0.0,0.3088703608634091,1.147214725084035,ETHUSDT,BAJA,v4_63_balanceado,63,0.2640615748963884,0.28532719623861763,0.042531242684458515,0.004484440199085,0.008291588018151,0.007614295638132,0.0088191093885944,0.01604897679292025,0.014459734808651701,1.1387554116573022,1.264160601800567,0.2508103802865298,525,534.5,19,0.2022058823529411,0.2572934173669467,0.11017507002801122,0.4577205882352941,0.46505077030812325,0.0146603641456583,-0.0014420396820578,-0.0013522391061993998,0.00017960115171680008,0.6980538207751888,0.7565926458975871,0.11707765024479666,-0.5624904263119623,-0.561855629486125,0.001269593651674783,0.2355602827774812,0.27221532182044517,0.07331007808592788,1.147214725084035,1.1933993769928875,0.09236930381770492
0.78,0.1900317181290125,427,1148,99028,422757,1575,0.0030094007948639,0.2711111111111111,0.0042933990246845,0.9972918460504122,0.5007926225375484,0.0084529347718499,1.4266624213072356,-0.0022955942648072,-0.0002582223430278,528,1.4472389356611384,0.2026515151515151,0.4621212121212121,-0.0013519118191908,-0.0013519118191908,-0.0007159676407132,0.7136808040617814,-0.5280737106991684,0.0,0.2355602827774812,1.23958402890174,0.2692350037965072,1520,3477,140313,381490,4997,0.0094855732725892,0.3041825095057034,0.010716828946719,0.9909680570022884,0.5008424429745038,0.0207042157597221,1.1298029796140852,-0.0081537010332239,-0.0040794533374715,487,1.3312098162676846,0.2997946611909651,0.4579055441478439,-0.0015463196595088,-0.0015463196595088,-0.0012041359810626,0.7782545622137829,-0.5975253604521948,0.0,0.3088703608634091,1.147214725084035,ETHUSDT,BAJA,v4_63_balanceado,63,0.2711111111111111,0.2876468103084072,0.03307139839459233,0.0042933990246845,0.00750511398570175,0.0064234299220344996,0.0084529347718499,0.014578575265786,0.012251280987872199,1.1298029796140852,1.2782327004606604,0.2968594416931505,487,507.5,41,0.2026515151515151,0.2512230881712401,0.09714314603944998,0.4579055441478439,0.46001337813452803,0.004215667973368198,-0.0015463196595088,-0.0014491157393498,0.00019440784031800004,0.7136808040617814,0.7459676831377822,0.0645737581520015,-0.5975253604521948,-0.5627995355756816,0.06945164975302642,0.2355602827774812,0.27221532182044517,0.07331007808592788,1.147214725084035,1.1933993769928875,0.09236930381770492
0.79,0.1900317181290125,400,1031,99055,422874,1431,0.0027342555793335,0.2795248078266946,0.0040219194610627,0.9975678512874346,0.5007948853742488,0.0079297424816129,1.4709376444037896,-0.0021201237010721,-0.0001556788532073,500,1.370491416345775,0.21,0.466,-0.0013573705680969,-0.0013573705680969,-0.0005651597424232,0.7206675957621197,-0.5110865082749794,0.0,0.2355602827774812,1.23958402890174,0.2692350037965072,1387,3105,140446,381862,4492,0.0085269552012148,0.3087711487088156,0.0097791064138811,0.9919343735956588,0.50085674000477,0.0189577994191013,1.1468462285914005,-0.0082170921915254,-0.0041619699553057,458,1.251938595175769,0.2947598253275109,0.4541484716157205,-0.001385855243908,-0.001385855243908,-0.001236008950294,0.796734245960405,-0.5427179989337312,0.0,0.3088703608634091,1.147214725084035,ETHUSDT,BAJA,v4_63_balanceado,63,0.2795248078266946,0.2941479782677551,0.029246340882121025,0.0040219194610627,0.0069005129374719,0.005757186952818401,0.0079297424816129,0.0134437709503571,0.011028056937488399,1.1468462285914005,1.308891936497595,0.3240914158123891,458,479.0,42,0.21,0.2523799126637554,0.08475982532751089,0.4541484716157205,0.4600742358078602,0.011851528384279553,-0.001385855243908,-0.00137161290600245,2.8484675811100068e-05,0.7206675957621197,0.7587009208612623,0.07606665019828529,-0.5427179989337312,-0.5269022536043553,0.031631490658751815,0.2355602827774812,0.27221532182044517,0.07331007808592788,1.147214725084035,1.1933993769928875,0.09236930381770492
0.8,0.1900317181290125,378,957,99077,422948,1335,0.0025508254356465,0.2831460674157303,0.0038007138907043,0.9977424187023036,0.500771566296504,0.0075007441214406,1.489993724223987,-0.0020834944939021,-7.617354873534765e-05,485,1.3293766738554018,0.2041237113402061,0.4618556701030928,-0.0015458709359388,-0.0015458709359388,-0.0006141158924419,0.6925693424042819,-0.5449323438840511,0.0,0.2355602827774812,1.23958402890174,0.2692350037965072,1253,2773,140580,382194,4026,0.0076423690205011,0.3112270243417784,0.0088343333356835,0.9927967851789894,0.5008155592573365,0.0171809761481979,1.155967908901658,-0.0083873905070858,-0.0041540772834872,434,1.186334825996253,0.2972350230414746,0.4470046082949309,-0.0015038776869375,-0.0015038776869375,-0.0013659731255006,0.7850276305382492,-0.5518399085813009,0.0,0.3088703608634091,1.147214725084035,ETHUSDT,BAJA,v4_63_balanceado,63,0.2831460674157303,0.29718654587875437,0.028080956926048117,0.0038007138907043,0.0063175236131939,0.0050336194449792,0.0075007441214406,0.01234086013481925,0.009680232026757298,1.155967908901658,1.3229808165628225,0.334025815322329,434,459.5,51,0.2041237113402061,0.25067936719084033,0.09311131170126849,0.4470046082949309,0.4544301391990119,0.014851061808161925,-0.0015458709359388,-0.0015248743114381499,4.199324900129998e-05,0.6925693424042819,0.7387984864712656,0.09245828813396728,-0.5518399085813009,-0.548386126232676,0.006907564697249846,0.2355602827774812,0.27221532182044517,0.07331007808592788,1.147214725084035,1.1933993769928875,0.09236930381770492
0.81,0.1900317181290125,339,865,99116,423040,1204,0.0023005197187404,0.2815614617940199,0.0034085767432507,0.9979594484613298,0.5006840126022902,0.0067356123148451,1.4816550866675209,-0.0024412771591944,-0.0003305618778499,457,1.2526291545400383,0.2078774617067833,0.4529540481400437,-0.0015769330296618,-0.0015769330296618,-0.0006339976433218,0.688790943602225,-0.5306444217358428,0.0,0.2355602827774812,1.23958402890174,0.2692350037965072,1156,2454,140677,382513,3610,0.0068526955201214,0.3202216066481994,0.0081504304357942,0.9936254276340568,0.5008879290349255,0.0158962617657776,1.1893758320156202,-0.0079451383556033,-0.003814142201151,401,1.096129643374418,0.3067331670822942,0.4588528678304239,-0.0009289652960993,-0.0009289652960993,-0.000965886754334,0.8592446104017635,-0.40398288052791,0.0,0.3088703608634091,1.147214725084035,ETHUSDT,BAJA,v4_63_balanceado,63,0.2815614617940199,0.30089153422110965,0.03866014485417946,0.0034085767432507,0.00577950358952245,0.004741853692543499,0.0067356123148451,0.01131593704031135,0.0091606494509325,1.1893758320156202,1.3355154593415706,0.29227925465190063,401,429.0,56,0.2078774617067833,0.25730531439453874,0.09885570537551089,0.4529540481400437,0.4559034579852338,0.005898819690380197,-0.0015769330296618,-0.00125294916288055,0.0006479677335624999,0.688790943602225,0.7740177770019943,0.17045366679953844,-0.5306444217358428,-0.4673136511318764,0.12666154120793283,0.2355602827774812,0.27221532182044517,0.07331007808592788,1.147214725084035,1.1933993769928875,0.09236930381770492
0.82,0.1900317181290125,292,782,99163,423123,1074,0.0020521247324977,0.2718808193668529,0.0029360012065758,0.9981552470482772,0.5005456241274265,0.0058092689671637,1.4307128412230268,-0.0026409218398631,-0.0004838099822243,433,1.1868455665554412,0.207852193995381,0.4503464203233256,-0.001660192956786,-0.001660192956786,-0.0009242348774143,0.6763343591514461,-0.5290723774977684,0.0,0.2355602827774812,1.23958402890174,0.2692350037965072,1058,2185,140775,382782,3243,0.0061560364464692,0.3262411347517731,0.0074594769905452,0.9943241888265748,0.50089183290856,0.0145854586561526,1.2117337276038302,-0.0074406617429746,-0.0035267478063969,376,1.027792383812422,0.2952127659574468,0.4521276595744681,-0.0011334468751405,-0.0011334468751405,-0.0011045496316119,0.8328682688311312,-0.4422634229889519,0.0,0.3088703608634091,1.147214725084035,ETHUSDT,BAJA,v4_63_balanceado,63,0.2718808193668529,0.299060977059313,0.0543603153849202,0.0029360012065758,0.0051977390985605,0.004523475783969401,0.0058092689671637,0.01019736381165815,0.0087761896889889,1.2117337276038302,1.3212232844134286,0.21897911361919653,376,404.5,57,0.207852193995381,0.25153247997641387,0.08736057196206579,0.4503464203233256,0.45123703994889686,0.0017812392511424857,-0.001660192956786,-0.00139681991596325,0.0005267460816455001,0.6763343591514461,0.7546013139912886,0.15653390967968506,-0.5290723774977684,-0.48566790024336015,0.08680895450881648,0.2355602827774812,0.27221532182044517,0.07331007808592788,1.147214725084035,1.1933993769928875,0.09236930381770492
0.83,0.1900317181290125,213,719,99242,423186,932,0.001780800978294,0.2285407725321888,0.0021416721130159,0.998303865252828,0.5002227686829219,0.0042435773556336,1.2026454045794217,-0.0034193326594073,-0.0012616938525994,416,1.1402488583996848,0.204326923076923,0.4423076923076923,-0.0018324844252434,-0.0018324844252434,-0.0010142458440969,0.6548346828326257,-0.5489517443415093,0.0,0.2355602827774812,1.23958402890174,0.2692350037965072,1004,1895,140829,383072,2899,0.0055030372057706,0.3463263194204898,0.0070787475411223,0.9950775001493636,0.5010781238452429,0.013873918691098,1.2863346687351604,-0.0067082443469338,-0.002662191571632,346,0.9457876723380264,0.3034682080924855,0.4508670520231214,-0.0009338871626283,-0.0009338871626283,-0.0012267896122856,0.8620375348580185,-0.4327599062960215,0.0,0.3088703608634091,1.147214725084035,ETHUSDT,BAJA,v4_63_balanceado,63,0.2285407725321888,0.2874335459763393,0.11778554688830101,0.0021416721130159,0.0046102098270691,0.0049370754281064,0.0042435773556336,0.0090587480233658,0.0096303413354644,1.2026454045794217,1.244490036657291,0.08368926415573874,346,381.0,70,0.204326923076923,0.2538975655847042,0.09914128501556249,0.4423076923076923,0.44658737216540684,0.008559359715429093,-0.0018324844252434,-0.00138318579393585,0.0008985972626151,0.6548346828326257,0.7584361088453221,0.2072028520253928,-0.5489517443415093,-0.49085582531876537,0.11619183804548777,0.2355602827774812,0.27221532182044517,0.07331007808592788,1.147214725084035,1.1933993769928875,0.09236930381770492
0.84,0.1900317181290125,175,665,99280,423240,840,0.0016050137572607,0.2083333333333333,0.0017595897642149,0.9984312522852996,0.5000954210247573,0.0034897053691609,1.0963082130946995,-0.0040031780604883,-0.001764086474996,395,1.0826882189131624,0.1924050632911392,0.4329113924050632,-0.0021640512589206,-0.0021640512589206,-0.0011066881228649,0.6038172923364179,-0.5881591358762903,0.0,0.2355602827774812,1.23958402890174,0.2692350037965072,922,1666,140911,383301,2588,0.0049126803340926,0.3562596599690881,0.0065006028216282,0.9956723563318416,0.5010864795767349,0.0127682262274876,1.3232293533360755,-0.0062146198111064,-0.0020105839983584,324,0.8856508839234699,0.3055555555555556,0.4629629629629629,-0.0006046205408446,-0.0006046205408446,-0.0009495395359696,0.9088044531015768,-0.3479987553690262,0.0,0.3088703608634091,1.147214725084035,ETHUSDT,BAJA,v4_63_balanceado,63,0.2083333333333333,0.2822964966512107,0.1479263266357548,0.0017595897642149,0.00413009629292155,0.0047410130574133,0.0034897053691609,0.00812896579832425,0.0092785208583267,1.0963082130946995,1.2097687832153876,0.226921140241376,324,359.5,71,0.1924050632911392,0.2489803094233474,0.11315049226441637,0.4329113924050632,0.4479371776840131,0.0300515705578997,-0.0021640512589206,-0.0013843358998825999,0.001559430718076,0.6038172923364179,0.7563108727189973,0.30498716076515886,-0.5881591358762903,-0.4680789456226583,0.24016038050726413,0.2355602827774812,0.27221532182044517,0.07331007808592788,1.147214725084035,1.1933993769928875,0.09236930381770492
0.85,0.1900317181290125,160,602,99295,423303,762,0.0014559767655151,0.2099737532808399,0.0016087677844251,0.9985798704898504,0.5000943191371378,0.0031930710358522,1.1049405612293033,-0.0040324942105075,-0.0016495221173453,372,1.0196456137612566,0.1881720430107527,0.4354838709677419,-0.0021715398943027,-0.0021715398943027,-0.0010673129332926,0.6032308178951068,-0.5677663784734204,0.0,0.2355602827774812,1.23958402890174,0.2692350037965072,838,1469,140995,383498,2307,0.004379271070615,0.3632423060251408,0.0059083570114148,0.9961840885062876,0.5010462227588512,0.0116275842930484,1.3491644879121516,-0.0060229726236623,-0.0017978618148777,305,0.8337145666563528,0.3016393442622951,0.4590163934426229,-0.0007837899630245,-0.0007837899630245,-0.000965886754334,0.8851309524187281,-0.3580752018097338,0.0,0.3088703608634091,1.147214725084035,ETHUSDT,BAJA,v4_63_balanceado,63,0.2099737532808399,0.28660802965299037,0.1532685527443009,0.0016087677844251,0.00375856239791995,0.0042995892269897,0.0031930710358522,0.0074103276644503,0.0084345132571962,1.1049405612293033,1.2270525245707273,0.2442239266828483,305,338.5,67,0.1881720430107527,0.2449056936365239,0.11346730125154242,0.4354838709677419,0.4472501322051824,0.023532522474881024,-0.0021715398943027,-0.0014776649286636,0.0013877499312782001,0.6032308178951068,0.7441808851569174,0.2819001345236213,-0.5677663784734204,-0.46292079014157705,0.20969117666368658,0.2355602827774812,0.27221532182044517,0.07331007808592788,1.147214725084035,1.1933993769928875,0.09236930381770492
0.86,0.1900317181290125,137,544,99318,423361,681,0.0013012075817792,0.2011747430249633,0.001377507415414,0.9987166935988016,0.5000471005071079,0.002736278661021,1.0586377106183178,-0.0041136777572883,-0.0017186162285569,350,0.9593439914420424,0.1914285714285714,0.4257142857142857,-0.0022896698387214,-0.0022896698387214,-0.0013449694781982,0.5867769758117853,-0.5632550906949508,0.0,0.2355602827774812,1.23958402890174,0.2692350037965072,763,1295,141070,383672,2058,0.0039066059225512,0.3707482993197279,0.0053795661094385,0.9966360752999608,0.5010078207046996,0.0106052498071456,1.3770434530866065,-0.00574119756625,-0.0012317174376763,279,0.7626438167118769,0.3118279569892473,0.4767025089605735,-0.0008654768242499,-0.0008654768242499,-0.0006843237473437,0.8763095503864764,-0.343718261767359,0.0,0.3088703608634091,1.147214725084035,ETHUSDT,BAJA,v4_63_balanceado,63,0.2011747430249633,0.28596152117234563,0.16957355629476462,0.001377507415414,0.00337853676242625,0.0040020586940244995,0.002736278661021,0.0066707642340833,0.0078689711461246,1.0586377106183178,1.217840581852462,0.3184057424682887,279,314.5,71,0.1914285714285714,0.2516282642089094,0.12039938556067592,0.4257142857142857,0.45120839733742957,0.05098822324628777,-0.0022896698387214,-0.00157757333148565,0.0014241930144714998,0.5867769758117853,0.7315432630991309,0.28953257457469106,-0.5632550906949508,-0.4534866762311549,0.21953682892759185,0.2355602827774812,0.27221532182044517,0.07331007808592788,1.147214725084035,1.1933993769928875,0.09236930381770492
0.87,0.1900317181290125,124,497,99331,423408,621,0.0011865637419749,0.1996779388083736,0.0012467950329294,0.9988275674974346,0.500037181265182,0.0024781166313601,1.0507611085893158,-0.0043390575116956,-0.0018744242839698,330,0.9045243347882116,0.1909090909090909,0.4242424242424242,-0.0022915517212521,-0.0022915517212521,-0.0013957581895819,0.590388745194155,-0.5440879140065253,0.0,0.2355602827774812,1.23958402890174,0.2692350037965072,667,1130,141166,383837,1797,0.0034111617312072,0.3711741791875347,0.0047027137549089,0.997064683466375,0.500883698610642,0.009287753254891,1.3786252677162107,-0.0060709315239914,-0.0010629675937428,255,0.6970400475323606,0.3294117647058823,0.4941176470588235,-0.0003034442586588,-0.0003034442586588,-0.0002119396487529,0.9553717782195836,-0.3315796043338749,0.0,0.3088703608634091,1.147214725084035,ETHUSDT,BAJA,v4_63_balanceado,63,0.1996779388083736,0.28542605899795415,0.1714962403791611,0.0012467950329294,0.00297475439391915,0.0034559187219795,0.0024781166313601,0.00588293494312555,0.0068096366235309,1.0507611085893158,1.2146931881527632,0.3278641591268949,255,292.5,75,0.1909090909090909,0.2601604278074866,0.1385026737967914,0.4242424242424242,0.4591800356506238,0.0698752228163993,-0.0022915517212521,-0.00129749798995545,0.0019881074625933,0.590388745194155,0.7728802617068693,0.36498303302542867,-0.5440879140065253,-0.4378337591702001,0.21250830967265044,0.2355602827774812,0.27221532182044517,0.07331007808592788,1.147214725084035,1.1933993769928875,0.09236930381770492
0.88,0.1900317181290125,105,457,99350,423448,562,0.0010738306328339,0.1868327402135231,0.0010557538585289,0.9989219282622286,0.4999888410603788,0.0020996430606796,0.983166084341154,-0.0045332726592138,-0.0020554134953519,311,0.8524456609670721,0.1832797427652733,0.4115755627009646,-0.0023038228297404,-0.0023038228297404,-0.001417786556475,0.5863083283733338,-0.5248573289062153,0.0,0.2355602827774812,1.23958402890174,0.2692350037965072,579,990,141254,383977,1569,0.0029783599088838,0.3690248565965583,0.0040822657632567,0.9974283510015144,0.5007553083823856,0.0080752011826892,1.3706421950820111,-0.0065987157988063,-0.0010595142009079,233,0.636903259117804,0.3261802575107296,0.5021459227467812,-0.0007911440409031,-0.0007911440409031,0.0001294359434145,0.8861000377532283,-0.4072749786373909,0.0,0.3088703608634091,1.147214725084035,ETHUSDT,BAJA,v4_63_balanceado,63,0.1868327402135231,0.2779287984050407,0.1821921163830352,0.0010557538585289,0.0025690098108928,0.0030265119047277996,0.0020996430606796,0.0050874221216844,0.005975558122009599,0.983166084341154,1.1769041397115827,0.3874761107408571,233,272.0,78,0.1832797427652733,0.25473000013800146,0.1429005147454563,0.4115755627009646,0.4568607427238729,0.09057036004581653,-0.0023038228297404,-0.00154748343532175,0.0015126787888373,0.5863083283733338,0.7362041830632811,0.2997917093798945,-0.5248573289062153,-0.4660661537718031,0.11758235026882435,0.2355602827774812,0.27221532182044517,0.07331007808592788,1.147214725084035,1.1933993769928875,0.09236930381770492
0.89,0.1900317181290125,97,409,99358,423496,506,0.0009668297156832,0.191699604743083,0.0009753154693077,0.9990351611799814,0.5000052383246445,0.0019407568951891,1.0087768854088777,-0.0041405259082858,-0.0019042903683226,287,0.7866620729824748,0.1777003484320557,0.4076655052264808,-0.002190154881967,-0.002190154881967,-0.001417786556475,0.6028056274704917,-0.4797710985191312,0.0,0.2355602827774812,1.23958402890174,0.2692350037965072,505,857,141328,384110,1362,0.0025854214123006,0.3707782672540382,0.0035605254066402,0.9977738351598968,0.5006671802832685,0.0070533189007996,1.377154760806211,-0.0073008756247695,-0.0011541542874593,206,0.5630990187908481,0.3543689320388349,0.5436893203883495,-0.0005907412812622,-0.0005907412812622,0.0011945437891778,0.916665278614272,-0.4007333906646108,0.0,0.3088703608634091,1.147214725084035,ETHUSDT,BAJA,v4_63_balanceado,63,0.191699604743083,0.2812389359985606,0.17907866251095517,0.0009753154693077,0.00226792043797395,0.0025852099373325,0.0019407568951891,0.00449703789799435,0.0051125620056105,1.0087768854088777,1.1929658231075444,0.36837787539733324,206,246.5,81,0.1777003484320557,0.2660346402354453,0.1766685836067792,0.4076655052264808,0.47567741280741516,0.13602381516186868,-0.002190154881967,-0.0013904480816146,0.0015994136007048,0.6028056274704917,0.7597354530423819,0.31385965114378034,-0.4797710985191312,-0.44025224459187096,0.07903770785452041,0.2355602827774812,0.27221532182044517,0.07331007808592788,1.147214725084035,1.1933993769928875,0.09236930381770492
0.9,0.1900317181290125,86,370,99369,423535,456,0.0008712931825129,0.1885964912280701,0.0008647126841285,0.9991271629256556,0.499995937804892,0.0017215321636256,0.9924474350120436,-0.0040952213841478,-0.002044511649109,264,0.7236194678305692,0.1742424242424242,0.4053030303030303,-0.0021907467875322,-0.0021907467875322,-0.0015770426562718,0.6090570563319243,-0.4525019683681652,0.0,0.2355602827774812,1.23958402890174,0.2692350037965072,432,759,141401,384208,1191,0.002260820045558,0.36272040302267,0.0030458355953833,0.9980284024344944,0.5005371190149389,0.006040944177201,1.3472260215347809,-0.0081358819940354,-0.0017361184091606,184,0.5029622303762915,0.3804347826086957,0.5543478260869565,0.0002015537171119,0.0002015537171119,0.0014865394672055,1.0296961086003829,-0.3298615079431457,0.0,0.3088703608634091,1.147214725084035,ETHUSDT,BAJA,v4_63_balanceado,63,0.1885964912280701,0.27565844712537,0.1741239117945999,0.0008647126841285,0.0019552741397559,0.0021811229112548,0.0017215321636256,0.0038812381704133,0.004319412013575399,0.9924474350120436,1.1698367282734123,0.3547785865227373,184,224.0,80,0.1742424242424242,0.27733860342555994,0.20619235836627148,0.4053030303030303,0.4798254281949934,0.14904479578392626,-0.0021907467875322,-0.00099459653521015,0.0023923005046441,0.6090570563319243,0.8193765824661536,0.42063905226845855,-0.4525019683681652,-0.3911817381556555,0.12264046042501947,0.2355602827774812,0.27221532182044517,0.07331007808592788,1.147214725084035,1.1933993769928875,0.09236930381770492
0.91,0.1900317181290125,75,326,99380,423579,401,0.0007662029960256,0.1870324189526184,0.0007541098989492,0.9992309597669288,0.4999925348329391,0.0015021631148854,0.9842168496610768,-0.0043710916988083,-0.0021986377316647,238,0.6523539141805889,0.1764705882352941,0.3823529411764705,-0.0024946079958632,-0.0024946079958632,-0.0018819124798354,0.5702899939413055,-0.4623850481042038,0.0,0.2355602827774812,1.23958402890174,0.2692350037965072,344,657,141489,384310,1001,0.0019001518602885,0.3436563436563437,0.0024253876037311,0.998293360210096,0.5003593739069135,0.0048167803184115,1.276417771873695,-0.0092967892080734,-0.0027896329634515,157,0.4291579900493357,0.3630573248407643,0.535031847133758,-0.0006522924188091,-0.0006522924188091,0.0012506597517037,0.9119479795680668,-0.3774056236253335,0.0,0.3088703608634091,1.147214725084035,ETHUSDT,BAJA,v4_63_balanceado,63,0.1870324189526184,0.265344381304481,0.15662392470372527,0.0007541098989492,0.00158974875134015,0.0016712777047819,0.0015021631148854,0.00315947171664845,0.0033146172035261002,0.9842168496610768,1.1303173107673858,0.2922009222126183,157,197.5,81,0.1764705882352941,0.2697639565380292,0.1865867366054702,0.3823529411764705,0.4586923941551142,0.15267890595728745,-0.0024946079958632,-0.0015734502073361499,0.0018423155770541,0.5702899939413055,0.7411189867546861,0.3416579856267613,-0.4623850481042038,-0.4198953358647686,0.0849794244788703,0.2355602827774812,0.27221532182044517,0.07331007808592788,1.147214725084035,1.1933993769928875,0.09236930381770492
0.92,0.1900317181290125,61,296,99394,423609,357,0.0006821308468358,0.1708683473389355,0.000613342717812,0.9993017303405244,0.4999575365291682,0.0012222979200897,0.8991569882188459,-0.0047094344129206,-0.0026465100338903,223,0.6112391716902157,0.1614349775784753,0.3721973094170404,-0.0027672034589936,-0.0027672034589936,-0.0019528258538825,0.5412982757604042,-0.4720403887357481,0.0,0.2355602827774812,1.23958402890174,0.2692350037965072,267,535,141566,384432,802,0.0015223993925588,0.3329177057356609,0.0018824956110355,0.9986102704907174,0.5002463830508764,0.0037438216426543,1.2365320297924047,-0.0101439195179328,-0.0032650812717542,138,0.3772216727822186,0.3623188405797101,0.5507246376811594,-0.0012200415029108,-0.0012200415029108,0.0014865394672055,0.8463219151760962,-0.3979218550241284,0.0,0.3088703608634091,1.147214725084035,ETHUSDT,BAJA,v4_63_balanceado,63,0.1708683473389355,0.25189302653729817,0.16204935839672538,0.000613342717812,0.00124791916442375,0.0012691528932235001,0.0012222979200897,0.0024830597813720002,0.0025215237225646,0.8991569882188459,1.0678445090056252,0.3373750415735588,138,180.5,85,0.1614349775784753,0.26187690907909267,0.20088386300123479,0.3721973094170404,0.4614609735490999,0.17852732826411905,-0.0027672034589936,-0.0019936224809522,0.0015471619560827998,0.5412982757604042,0.6938100954682502,0.305023639415692,-0.4720403887357481,-0.43498112187993826,0.0741185337116197,0.2355602827774812,0.27221532182044517,0.07331007808592788,1.147214725084035,1.1933993769928875,0.09236930381770492
0.93,0.1900317181290125,56,262,99399,423643,318,0.000607612350963,0.1761006289308176,0.0005630687245487,0.9993819369905992,0.499972502857574,0.0011225481843785,0.9266907159743872,-0.004478278476378,-0.0025662690851664,204,0.5591604978690762,0.1715686274509804,0.3774509803921568,-0.002777068284806,-0.002777068284806,-0.002044511649109,0.5467949274370668,-0.4441177708803883,0.0,0.2355602827774812,1.23958402890174,0.2692350037965072,202,438,141631,384529,640,0.0012148823082763,0.315625,0.001424210162656,0.998862240140064,0.50014322515136,0.0028356249956132,1.172302990136287,-0.0117674451741692,-0.0045907115540192,119,0.3252853555151015,0.3445378151260504,0.5210084033613446,-0.0025059249905045,-0.0025059249905045,0.0007003945555996,0.7315247065555884,-0.4076476207944758,0.0,0.3088703608634091,1.147214725084035,ETHUSDT,BAJA,v4_63_balanceado,63,0.1761006289308176,0.2458628144654088,0.1395243710691824,0.0005630687245487,0.0009936394436023499,0.0008611414381073,0.0011225481843785,0.00197908658999585,0.0017130768112347,0.9266907159743872,1.049496853055337,0.24561227416189968,119,161.5,85,0.1715686274509804,0.2580532212885154,0.17296918767507002,0.3774509803921568,0.44922969187675066,0.14355742296918778,-0.002777068284806,-0.00264149663765525,0.0002711432943015,0.5467949274370668,0.6391598169963276,0.18472977911852162,-0.4441177708803883,-0.42588269583743205,0.03647015008591248,0.2355602827774812,0.27221532182044517,0.07331007808592788,1.147214725084035,1.1933993769928875,0.09236930381770492
0.94,0.1900317181290125,44,232,99411,423673,276,0.0005273616630999,0.1594202898550724,0.0004424111407169,0.9994527075641948,0.4999475593524558,0.0008823735849434,0.8389141108898569,-0.0048314372684229,-0.0031434016621553,184,0.5043408412152453,0.1521739130434782,0.3641304347826087,-0.0030788876595719,-0.0030788876595719,-0.0020554134953519,0.4991692679689639,-0.440416054435933,0.0,0.2355602827774812,1.23958402890174,0.2692350037965072,146,340,141687,384627,486,0.0009225512528473,0.3004115226337449,0.0010293796225138,0.9991168074146616,0.5000730935185876,0.0020517288626255,1.1157966772433552,-0.0120634259751111,-0.0043711687731766,102,0.2788160190129442,0.3333333333333333,0.5,-0.002280507970085,-0.002280507970085,8.904931129427585e-05,0.7565199371722816,-0.3757811516706174,0.0,0.3088703608634091,1.147214725084035,ETHUSDT,BAJA,v4_63_balanceado,63,0.1594202898550724,0.22991590624440864,0.14099123277867248,0.0004424111407169,0.0007358953816153501,0.0005869684817969,0.0008823735849434,0.0014670512237844502,0.0011693552776821001,0.8389141108898569,0.977355394066606,0.2768825663534983,102,143.0,82,0.1521739130434782,0.24275362318840576,0.18115942028985513,0.3641304347826087,0.4320652173913043,0.1358695652173913,-0.0030788876595719,-0.00267969781482845,0.0007983796894869,0.4991692679689639,0.6278446025706228,0.25735066920331773,-0.440416054435933,-0.40809860305327517,0.06463490276531564,0.2355602827774812,0.27221532182044517,0.07331007808592788,1.147214725084035,1.1933993769928875,0.09236930381770492
0.95,0.1900317181290125,38,203,99417,423702,241,0.0004604860898807,0.1576763485477178,0.0003820823488009,0.9995211191186704,0.4999516007337357,0.0007623174450329,0.8297370044334986,-0.0045410166392529,-0.0031589818358543,166,0.4550031502267973,0.144578313253012,0.3554216867469879,-0.0032683453159123,-0.0032683453159123,-0.0024331073458024,0.4902302386755785,-0.4264674178477586,0.0,0.2355602827774812,1.23958402890174,0.2692350037965072,96,255,141737,384712,351,0.0006662870159453,0.2735042735042735,0.0006768523545296,0.9993376055609962,0.5000072289577628,0.001350362910032,1.015857038080357,-0.0137281661206147,-0.0058807570995207,86,0.2350801728932667,0.313953488372093,0.4651162790697674,-0.0037824455987412,-0.0037824455987412,-0.0006109987043722,0.6491223875470863,-0.3910255453382055,0.0,0.3088703608634091,1.147214725084035,ETHUSDT,BAJA,v4_63_balanceado,63,0.1576763485477178,0.21559031102599563,0.11582792495655567,0.0003820823488009,0.00052946735166525,0.00029477000572870004,0.0007623174450329,0.00105634017753245,0.0005880454649991,0.8297370044334986,0.9227970212569279,0.18612003364685847,86,126.0,80,0.144578313253012,0.2292659008125525,0.16937517511908104,0.3554216867469879,0.41026898290837766,0.1096945923227795,-0.0037824455987412,-0.00352539545732675,0.0005141002828289,0.4902302386755785,0.5696763131113324,0.15889214887150777,-0.4264674178477586,-0.40874648159298205,0.03544187250955311,0.2355602827774812,0.27221532182044517,0.07331007808592788,1.147214725084035,1.1933993769928875,0.09236930381770492
0.05,0.1900317181290125,99455,423905,0,0,523360,1.0,0.1900317181290125,1.0,0.0,0.5,0.319372526352127,1.0,-0.0003595599620896,-8.517729305945743e-05,2182,5.980824540932963,0.1929422548120989,0.495417048579285,-0.0003577515174623,-0.0003577515174623,-4.326593969550263e-05,0.8935188370128918,-0.6121241711987524,0.0,0.2323431416135246,1.2226545331542331,0.2692350037965072,141833,384967,0,0,526800,1.0,0.2692350037965072,1.0,0.0,0.5,0.4242476814635234,1.0,-0.0002640153654936,-0.0003007208948118,2195,6.0000113895432605,0.267881548974943,0.483371298405467,-0.000267798472289,-0.000267798472289,-0.0003823637993778,0.942495093623751,-0.6260611608444413,0.0,0.310738266900965,1.1541525526741192,ETHUSDT,BAJA,v4_63_moderado,63,0.1900317181290125,0.22963336096275988,0.07920328566749471,1.0,1.0,0.0,0.319372526352127,0.3718101039078252,0.10487515511139639,1.0,1.0,0.0,2182,2188.5,13,0.1929422548120989,0.23041190189352095,0.07493929416284409,0.483371298405467,0.489394173492376,0.012045750173817982,-0.0003577515174623,-0.00031277499487565,8.995304517330003e-05,0.8935188370128918,0.9180069653183214,0.04897625661085914,-0.6260611608444413,-0.6190926660215968,0.013936989645688902,0.2323431416135246,0.2715407042572448,0.07839512528744041,1.1541525526741192,1.1884035429141762,0.06850198048011391
0.06,0.1900317181290125,99455,423905,0,0,523360,1.0,0.1900317181290125,1.0,0.0,0.5,0.319372526352127,1.0,-0.0003595599620896,-8.517729305945743e-05,2182,5.980824540932963,0.1929422548120989,0.495417048579285,-0.0003577515174623,-0.0003577515174623,-4.326593969550263e-05,0.8935188370128918,-0.6121241711987524,0.0,0.2323431416135246,1.2226545331542331,0.2692350037965072,141833,384967,0,0,526800,1.0,0.2692350037965072,1.0,0.0,0.5,0.4242476814635234,1.0,-0.0002640153654936,-0.0003007208948118,2195,6.0000113895432605,0.267881548974943,0.483371298405467,-0.000267798472289,-0.000267798472289,-0.0003823637993778,0.942495093623751,-0.6260611608444413,0.0,0.310738266900965,1.1541525526741192,ETHUSDT,BAJA,v4_63_moderado,63,0.1900317181290125,0.22963336096275988,0.07920328566749471,1.0,1.0,0.0,0.319372526352127,0.3718101039078252,0.10487515511139639,1.0,1.0,0.0,2182,2188.5,13,0.1929422548120989,0.23041190189352095,0.07493929416284409,0.483371298405467,0.489394173492376,0.012045750173817982,-0.0003577515174623,-0.00031277499487565,8.995304517330003e-05,0.8935188370128918,0.9180069653183214,0.04897625661085914,-0.6260611608444413,-0.6190926660215968,0.013936989645688902,0.2323431416135246,0.2715407042572448,0.07839512528744041,1.1541525526741192,1.1884035429141762,0.06850198048011391
0.07,0.1900317181290125,99455,423905,0,0,523360,1.0,0.1900317181290125,1.0,0.0,0.5,0.319372526352127,1.0,-0.0003595599620896,-8.517729305945743e-05,2182,5.980824540932963,0.1929422548120989,0.495417048579285,-0.0003577515174623,-0.0003577515174623,-4.326593969550263e-05,0.8935188370128918,-0.6121241711987524,0.0,0.2323431416135246,1.2226545331542331,0.2692350037965072,141833,384967,0,0,526800,1.0,0.2692350037965072,1.0,0.0,0.5,0.4242476814635234,1.0,-0.0002640153654936,-0.0003007208948118,2195,6.0000113895432605,0.267881548974943,0.483371298405467,-0.000267798472289,-0.000267798472289,-0.0003823637993778,0.942495093623751,-0.6260611608444413,0.0,0.310738266900965,1.1541525526741192,ETHUSDT,BAJA,v4_63_moderado,63,0.1900317181290125,0.22963336096275988,0.07920328566749471,1.0,1.0,0.0,0.319372526352127,0.3718101039078252,0.10487515511139639,1.0,1.0,0.0,2182,2188.5,13,0.1929422548120989,0.23041190189352095,0.07493929416284409,0.483371298405467,0.489394173492376,0.012045750173817982,-0.0003577515174623,-0.00031277499487565,8.995304517330003e-05,0.8935188370128918,0.9180069653183214,0.04897625661085914,-0.6260611608444413,-0.6190926660215968,0.013936989645688902,0.2323431416135246,0.2715407042572448,0.07839512528744041,1.1541525526741192,1.1884035429141762,0.06850198048011391
0.08,0.1900317181290125,99455,423905,0,0,523360,1.0,0.1900317181290125,1.0,0.0,0.5,0.319372526352127,1.0,-0.0003595599620896,-8.517729305945743e-05,2182,5.980824540932963,0.1929422548120989,0.495417048579285,-0.0003577515174623,-0.0003577515174623,-4.326593969550263e-05,0.8935188370128918,-0.6121241711987524,0.0,0.2323431416135246,1.2226545331542331,0.2692350037965072,141833,384967,0,0,526800,1.0,0.2692350037965072,1.0,0.0,0.5,0.4242476814635234,1.0,-0.0002640153654936,-0.0003007208948118,2195,6.0000113895432605,0.267881548974943,0.483371298405467,-0.000267798472289,-0.000267798472289,-0.0003823637993778,0.942495093623751,-0.6260611608444413,0.0,0.310738266900965,1.1541525526741192,ETHUSDT,BAJA,v4_63_moderado,63,0.1900317181290125,0.22963336096275988,0.07920328566749471,1.0,1.0,0.0,0.319372526352127,0.3718101039078252,0.10487515511139639,1.0,1.0,0.0,2182,2188.5,13,0.1929422548120989,0.23041190189352095,0.07493929416284409,0.483371298405467,0.489394173492376,0.012045750173817982,-0.0003577515174623,-0.00031277499487565,8.995304517330003e-05,0.8935188370128918,0.9180069653183214,0.04897625661085914,-0.6260611608444413,-0.6190926660215968,0.013936989645688902,0.2323431416135246,0.2715407042572448,0.07839512528744041,1.1541525526741192,1.1884035429141762,0.06850198048011391
0.09,0.1900317181290125,99455,423905,0,0,523360,1.0,0.1900317181290125,1.0,0.0,0.5,0.319372526352127,1.0,-0.0003595599620896,-8.517729305945743e-05,2182,5.980824540932963,0.1929422548120989,0.495417048579285,-0.0003577515174623,-0.0003577515174623,-4.326593969550263e-05,0.8935188370128918,-0.6121241711987524,0.0,0.2323431416135246,1.2226545331542331,0.2692350037965072,141833,384967,0,0,526800,1.0,0.2692350037965072,1.0,0.0,0.5,0.4242476814635234,1.0,-0.0002640153654936,-0.0003007208948118,2195,6.0000113895432605,0.267881548974943,0.483371298405467,-0.000267798472289,-0.000267798472289,-0.0003823637993778,0.942495093623751,-0.6260611608444413,0.0,0.310738266900965,1.1541525526741192,ETHUSDT,BAJA,v4_63_moderado,63,0.1900317181290125,0.22963336096275988,0.07920328566749471,1.0,1.0,0.0,0.319372526352127,0.3718101039078252,0.10487515511139639,1.0,1.0,0.0,2182,2188.5,13,0.1929422548120989,0.23041190189352095,0.07493929416284409,0.483371298405467,0.489394173492376,0.012045750173817982,-0.0003577515174623,-0.00031277499487565,8.995304517330003e-05,0.8935188370128918,0.9180069653183214,0.04897625661085914,-0.6260611608444413,-0.6190926660215968,0.013936989645688902,0.2323431416135246,0.2715407042572448,0.07839512528744041,1.1541525526741192,1.1884035429141762,0.06850198048011391
0.1,0.1900317181290125,99455,423904,0,1,523359,0.9999980892693366,0.1900320812291371,1.0,2.3590191198499664e-06,0.5000011795095599,0.319373039141702,1.0000019107343143,-0.0003594709722791,-8.512198635424184e-05,2182,5.980824540932963,0.1929422548120989,0.495417048579285,-0.0003577515174623,-0.0003577515174623,-4.326593969550263e-05,0.8935188370128918,-0.6121241711987524,0.0,0.2323431416135246,1.2226545331542331,0.2692350037965072,141833,384967,0,0,526800,1.0,0.2692350037965072,1.0,0.0,0.5,0.4242476814635234,1.0,-0.0002640153654936,-0.0003007208948118,2195,6.0000113895432605,0.267881548974943,0.483371298405467,-0.000267798472289,-0.000267798472289,-0.0003823637993778,0.942495093623751,-0.6260611608444413,0.0,0.310738266900965,1.1541525526741192,ETHUSDT,BAJA,v4_63_moderado,63,0.1900320812291371,0.22963354251282214,0.07920292256737013,1.0,1.0,0.0,0.319373039141702,0.3718103603026127,0.10487464232182137,1.0,1.0000009553671572,1.910734314325424e-06,2182,2188.5,13,0.1929422548120989,0.23041190189352095,0.07493929416284409,0.483371298405467,0.489394173492376,0.012045750173817982,-0.0003577515174623,-0.00031277499487565,8.995304517330003e-05,0.8935188370128918,0.9180069653183214,0.04897625661085914,-0.6260611608444413,-0.6190926660215968,0.013936989645688902,0.2323431416135246,0.2715407042572448,0.07839512528744041,1.1541525526741192,1.1884035429141762,0.06850198048011391
0.11,0.1900317181290125,99455,423904,0,1,523359,0.9999980892693366,0.1900320812291371,1.0,2.3590191198499664e-06,0.5000011795095599,0.319373039141702,1.0000019107343143,-0.0003594709722791,-8.512198635424184e-05,2182,5.980824540932963,0.1929422548120989,0.495417048579285,-0.0003577515174623,-0.0003577515174623,-4.326593969550263e-05,0.8935188370128918,-0.6121241711987524,0.0,0.2323431416135246,1.2226545331542331,0.2692350037965072,141833,384967,0,0,526800,1.0,0.2692350037965072,1.0,0.0,0.5,0.4242476814635234,1.0,-0.0002640153654936,-0.0003007208948118,2195,6.0000113895432605,0.267881548974943,0.483371298405467,-0.000267798472289,-0.000267798472289,-0.0003823637993778,0.942495093623751,-0.6260611608444413,0.0,0.310738266900965,1.1541525526741192,ETHUSDT,BAJA,v4_63_moderado,63,0.1900320812291371,0.22963354251282214,0.07920292256737013,1.0,1.0,0.0,0.319373039141702,0.3718103603026127,0.10487464232182137,1.0,1.0000009553671572,1.910734314325424e-06,2182,2188.5,13,0.1929422548120989,0.23041190189352095,0.07493929416284409,0.483371298405467,0.489394173492376,0.012045750173817982,-0.0003577515174623,-0.00031277499487565,8.995304517330003e-05,0.8935188370128918,0.9180069653183214,0.04897625661085914,-0.6260611608444413,-0.6190926660215968,0.013936989645688902,0.2323431416135246,0.2715407042572448,0.07839512528744041,1.1541525526741192,1.1884035429141762,0.06850198048011391
0.12,0.1900317181290125,99455,423903,0,2,523358,0.9999961785386732,0.1900324443306494,1.0,4.718038239699933e-06,0.5000023590191198,0.3193735519329237,1.0000038214759304,-0.0003593993377219,-8.511289129575772e-05,2182,5.980824540932963,0.1929422548120989,0.495417048579285,-0.0003577515174623,-0.0003577515174623,-4.326593969550263e-05,0.8935188370128918,-0.6121241711987524,0.0,0.2323431416135246,1.2226545331542331,0.2692350037965072,141833,384967,0,0,526800,1.0,0.2692350037965072,1.0,0.0,0.5,0.4242476814635234,1.0,-0.0002640153654936,-0.0003007208948118,2195,6.0000113895432605,0.267881548974943,0.483371298405467,-0.000267798472289,-0.000267798472289,-0.0003823637993778,0.942495093623751,-0.6260611608444413,0.0,0.310738266900965,1.1541525526741192,ETHUSDT,BAJA,v4_63_moderado,63,0.1900324443306494,0.2296337240635783,0.07920255946585783,1.0,1.0,0.0,0.3193735519329237,0.3718106166982236,0.10487412953059966,1.0,1.0000019107379652,3.8214759303656365e-06,2182,2188.5,13,0.1929422548120989,0.23041190189352095,0.07493929416284409,0.483371298405467,0.489394173492376,0.012045750173817982,-0.0003577515174623,-0.00031277499487565,8.995304517330003e-05,0.8935188370128918,0.9180069653183214,0.04897625661085914,-0.6260611608444413,-0.6190926660215968,0.013936989645688902,0.2323431416135246,0.2715407042572448,0.07839512528744041,1.1541525526741192,1.1884035429141762,0.06850198048011391
0.13,0.1900317181290125,99455,423902,0,3,523357,0.9999942678080098,0.1900328074335492,1.0,7.077057359549899e-06,0.5000035385286797,0.3193740647257921,1.0000057322248486,-0.0003593277290317,-8.51037962372736e-05,2182,5.980824540932963,0.1929422548120989,0.495417048579285,-0.0003577515174623,-0.0003577515174623,-4.326593969550263e-05,0.8935188370128918,-0.6121241711987524,0.0,0.2323431416135246,1.2226545331542331,0.2692350037965072,141833,384967,0,0,526800,1.0,0.2692350037965072,1.0,0.0,0.5,0.4242476814635234,1.0,-0.0002640153654936,-0.0003007208948118,2195,6.0000113895432605,0.267881548974943,0.483371298405467,-0.000267798472289,-0.000267798472289,-0.0003823637993778,0.942495093623751,-0.6260611608444413,0.0,0.310738266900965,1.1541525526741192,ETHUSDT,BAJA,v4_63_moderado,63,0.1900328074335492,0.22963390561502822,0.07920219636295803,1.0,1.0,0.0,0.3193740647257921,0.37181087309465777,0.10487361673773127,1.0,1.0000028661124243,5.7322248485647265e-06,2182,2188.5,13,0.1929422548120989,0.23041190189352095,0.07493929416284409,0.483371298405467,0.489394173492376,0.012045750173817982,-0.0003577515174623,-0.00031277499487565,8.995304517330003e-05,0.8935188370128918,0.9180069653183214,0.04897625661085914,-0.6260611608444413,-0.6190926660215968,0.013936989645688902,0.2323431416135246,0.2715407042572448,0.07839512528744041,1.1541525526741192,1.1884035429141762,0.06850198048011391
0.14,0.1900317181290125,99455,423891,0,14,523346,0.9999732497707124,0.1900368016570299,1.0,3.302626767789953e-05,0.500016513133839,0.3193797055560283,1.0000267509448817,-0.0003588220153939,-8.49542937537695e-05,2182,5.980824540932963,0.1929422548120989,0.495417048579285,-0.0003577515174623,-0.0003577515174623,-4.326593969550263e-05,0.8935188370128918,-0.6121241711987524,0.0,0.2323431416135246,1.2226545331542331,0.2692350037965072,141833,384967,0,0,526800,1.0,0.2692350037965072,1.0,0.0,0.5,0.4242476814635234,1.0,-0.0002640153654936,-0.0003007208948118,2195,6.0000113895432605,0.267881548974943,0.483371298405467,-0.000267798472289,-0.000267798472289,-0.0003823637993778,0.942495093623751,-0.6260611608444413,0.0,0.310738266900965,1.1541525526741192,ETHUSDT,BAJA,v4_63_moderado,63,0.1900368016570299,0.22963590272676856,0.07919820213947731,1.0,1.0,0.0,0.3193797055560283,0.37181369350977583,0.10486797590749508,1.0,1.0000133754724407,2.6750944881692718e-05,2182,2188.5,13,0.1929422548120989,0.23041190189352095,0.07493929416284409,0.483371298405467,0.489394173492376,0.012045750173817982,-0.0003577515174623,-0.00031277499487565,8.995304517330003e-05,0.8935188370128918,0.9180069653183214,0.04897625661085914,-0.6260611608444413,-0.6190926660215968,0.013936989645688902,0.2323431416135246,0.2715407042572448,0.07839512528744041,1.1541525526741192,1.1884035429141762,0.06850198048011391
0.15,0.1900317181290125,99455,423821,0,84,523276,0.999839498624274,0.1900622233773381,1.0,0.0001981576060673,0.5000990788030337,0.3194156064175382,1.000160527140553,-0.0003584805214188,-8.530458105204808e-05,2182,5.980824540932963,0.1929422548120989,0.495417048579285,-0.0003577515174623,-0.0003577515174623,-4.326593969550263e-05,0.8935188370128918,-0.6121241711987524,0.0,0.2323431416135246,1.2226545331542331,0.2692350037965072,141833,384967,0,0,526800,1.0,0.2692350037965072,1.0,0.0,0.5,0.4242476814635234,1.0,-0.0002640153654936,-0.0003007208948118,2195,6.0000113895432605,0.267881548974943,0.483371298405467,-0.000267798472289,-0.000267798472289,-0.0003823637993778,0.942495093623751,-0.6260611608444413,0.0,0.310738266900965,1.1541525526741192,ETHUSDT,BAJA,v4_63_moderado,63,0.1900622233773381,0.22964861358692268,0.07917278041916911,1.0,1.0,0.0,0.3194156064175382,0.3718316439405308,0.10483207504598518,1.0,1.0000802635702764,0.00016052714055292405,2182,2188.5,13,0.1929422548120989,0.23041190189352095,0.07493929416284409,0.483371298405467,0.489394173492376,0.012045750173817982,-0.0003577515174623,-0.00031277499487565,8.995304517330003e-05,0.8935188370128918,0.9180069653183214,0.04897625661085914,-0.6260611608444413,-0.6190926660215968,0.013936989645688902,0.2323431416135246,0.2715407042572448,0.07839512528744041,1.1541525526741192,1.1884035429141762,0.06850198048011391
0.16,0.1900317181290125,99455,423770,0,135,523225,0.9997420513604404,0.1900807491996751,1.0,0.0003184675811797,0.5001592337905899,0.3194417678422303,1.0002580151942282,-0.0003581960711069,-8.561506397053442e-05,2182,5.980824540932963,0.1915673693858845,0.4977085242896425,-0.0003602779726181,-0.0003602779726181,-2.94547325621064e-05,0.8907793424661993,-0.6124192877825196,0.0,0.2323431416135246,1.2226545331542331,0.2692350037965072,141833,384967,0,0,526800,1.0,0.2692350037965072,1.0,0.0,0.5,0.4242476814635234,1.0,-0.0002640153654936,-0.0003007208948118,2195,6.0000113895432605,0.267881548974943,0.483371298405467,-0.000267798472289,-0.000267798472289,-0.0003823637993778,0.942495093623751,-0.6260611608444413,0.0,0.310738266900965,1.1541525526741192,ETHUSDT,BAJA,v4_63_moderado,63,0.1900807491996751,0.22965787649809116,0.07915425459683212,1.0,1.0,0.0,0.3194417678422303,0.3718447246528768,0.1048059136212931,1.0,1.000129007597114,0.0002580151942281894,2182,2188.5,13,0.1915673693858845,0.22972445918041373,0.07631417958905848,0.483371298405467,0.49053991134755476,0.01433722588417552,-0.0003602779726181,-0.00031403822245355,9.24795003291e-05,0.8907793424661993,0.9166372180449751,0.05171575115755167,-0.6260611608444413,-0.6192402243134805,0.013641873061921661,0.2323431416135246,0.2715407042572448,0.07839512528744041,1.1541525526741192,1.1884035429141762,0.06850198048011391
0.17,0.1900317181290125,99455,423662,0,243,523117,0.9995356924487924,0.1901199922770623,1.0,0.0005732416461235,0.5002866208230617,0.3194971826551788,1.0004645232328524,-0.0003582564264124,-8.587007857108198e-05,2182,5.980824540932963,0.1952337305224564,0.497250229147571,-0.0003546472634333,-0.0003546472634333,-4.3557683276129744e-05,0.8930592934653304,-0.6091857509813087,0.0,0.2323431416135246,1.2226545331542331,0.2692350037965072,141833,384964,0,3,526797,0.99999430523918,0.2692365370341896,1.0,7.79287575298662e-06,0.5000038964378765,0.4242495849722567,1.0000056947932503,-0.0002640256574965,-0.0003007208948118,2195,6.0000113895432605,0.267881548974943,0.483371298405467,-0.000267798472289,-0.000267798472289,-0.0003823637993778,0.942495093623751,-0.6260611608444413,0.0,0.310738266900965,1.1541525526741192,ETHUSDT,BAJA,v4_63_moderado,63,0.1901199922770623,0.22967826465562596,0.07911654475712729,1.0,1.0,0.0,0.3194971826551788,0.3718733838137177,0.10475240231707789,1.0000056947932503,1.0002351090130515,0.0004588284396020992,2182,2188.5,13,0.1952337305224564,0.2315576397486997,0.07264781845248658,0.483371298405467,0.490310763776519,0.013878930742104001,-0.0003546472634333,-0.00031122286786115,8.684879114430002e-05,0.8930592934653304,0.9177771935445407,0.04943580015842053,-0.6260611608444413,-0.617623455912875,0.01687540986313263,0.2323431416135246,0.2715407042572448,0.07839512528744041,1.1541525526741192,1.1884035429141762,0.06850198048011391
0.18,0.1900317181290125,99455,423494,0,411,522949,0.9992146896973404,0.1901810692820906,1.0,0.0009695568582583,0.5004847784291292,0.3195834217003747,1.0007859274996225,-0.0003581958662935,-8.681309141422844e-05,2182,5.980824540932963,0.1947754353803849,0.4995417048579285,-0.0003559266455361,-0.0003559266455361,0.0,0.8925331256808536,-0.609478839031057,0.0,0.2323431416135246,1.2226545331542331,0.2692350037965072,141831,384956,2,11,526787,0.9999753227031132,0.2692378513516848,0.9999858989092806,2.857387776095094e-05,0.5000072363935207,0.4242499476533756,1.000010576467166,-0.0002640562988182,-0.0003007331386244,2195,6.0000113895432605,0.267881548974943,0.483371298405467,-0.000267798472289,-0.000267798472289,-0.0003823637993778,0.942495093623751,-0.6260611608444413,0.0,0.310738266900965,1.1541525526741192,ETHUSDT,BAJA,v4_63_moderado,63,0.1901810692820906,0.22970946031688771,0.07905678206959421,0.9999858989092806,0.9999929494546402,1.4101090719420561e-05,0.3195834217003747,0.3719166846768751,0.10466652595300091,1.000010576467166,1.0003982519833943,0.0007753510324564061,2182,2188.5,13,0.1947754353803849,0.23132849217766394,0.0731061135945581,0.483371298405467,0.49145650163169774,0.016170406452461483,-0.0003559266455361,-0.00031186255891255,8.812817324710002e-05,0.8925331256808536,0.9175141096523023,0.04996196794289731,-0.6260611608444413,-0.6177699999377492,0.01658232181338426,0.2323431416135246,0.2715407042572448,0.07839512528744041,1.1541525526741192,1.1884035429141762,0.06850198048011391
0.19,0.1900317181290125,99455,423239,0,666,522694,0.9987274533781718,0.1902738504746563,1.0,0.00157110673382,0.50078555336691,0.3197144092492313,1.0012741680600887,-0.0003582410976378,-8.787364606632764e-05,2181,5.978083558100271,0.1934892251260889,0.5052728106373223,-0.0003592932814569,-0.0003592932814569,6.7348789017041e-05,0.8918982656394129,-0.6099009968248759,0.0,0.2323431416135246,1.2226545331542331,0.2692350037965072,141804,384901,29,66,526705,0.9998196659073652,0.2692285055201678,0.9997955341845692,0.0001714432665657,0.4999834887255674,0.424221211060553,0.9999758639246468,-0.0002643262892799,-0.0003015857327139,2195,6.0000113895432605,0.267881548974943,0.483371298405467,-0.000267798472289,-0.000267798472289,-0.0003823637993778,0.942495093623751,-0.6260611608444413,0.0,0.310738266900965,1.1541525526741192,ETHUSDT,BAJA,v4_63_moderado,63,0.1902738504746563,0.22975117799741207,0.0789546550455115,0.9997955341845692,0.9998977670922846,0.00020446581543076547,0.3197144092492313,0.3719678101548921,0.10450680181132171,0.9999758639246468,1.0006250159923678,0.0012983041354419633,2181,2188.0,14,0.1934892251260889,0.23068538705051594,0.07439232384885408,0.483371298405467,0.49432205452139466,0.021901512231855325,-0.0003592932814569,-0.00031354587687295,9.149480916790002e-05,0.8918982656394129,0.9171966796315819,0.050596827984338066,-0.6260611608444413,-0.6179810788346586,0.016160164019565437,0.2323431416135246,0.2715407042572448,0.07839512528744041,1.1541525526741192,1.1884035429141762,0.06850198048011391
0.2,0.1900317181290125,99454,422863,1,1042,522317,0.998007107918068,0.1904092725299004,0.9999899452013472,0.0024580979228836,0.5012240215621155,0.3199050455794086,1.0019867967548004,-0.000358181903144,-8.791816075204295e-05,2181,5.978083558100271,0.18707015130674,0.5006877579092159,-0.0003576406419532,-0.0003576406419532,1.5958125877735263e-05,0.8922312844557828,-0.612074924793932,0.0,0.2323431416135246,1.2226545331542331,0.2692350037965072,141749,384715,84,252,526464,0.9993621867881548,0.2692472799659616,0.9994077541897866,0.0006546015632508,0.5000311778765187,0.4242095954343652,1.0000455964836714,-0.0002635532518761,-0.0003024928596867,2195,6.0000113895432605,0.2619589977220957,0.4915717539863325,-0.0002634977667861,-0.0002634977667861,-0.0002000838813194,0.9421261131578584,-0.6238514826805535,0.0,0.310738266900965,1.1541525526741192,ETHUSDT,BAJA,v4_63_moderado,63,0.1904092725299004,0.229828276247931,0.0788380074360612,0.9994077541897866,0.9996988496955669,0.000582191011560651,0.3199050455794086,0.3720573205068869,0.10430454985495663,1.0000455964836714,1.001016196619236,0.0019412002711289844,2181,2188.0,14,0.18707015130674,0.22451457451441786,0.07488884641535568,0.4915717539863325,0.4961297559477742,0.00911600392288342,-0.0003576406419532,-0.00031056920436965,9.41428751671e-05,0.8922312844557828,0.9171786988068207,0.04989482870207562,-0.6238514826805535,-0.6179632037372427,0.011776557886621464,0.2323431416135246,0.2715407042572448,0.07839512528744041,1.1541525526741192,1.1884035429141762,0.06850198048011391
0.21,0.1900317181290125,99447,422451,8,1454,521898,0.9972065117701008,0.1905487279123507,0.9999195616107788,0.0034300138002618,0.5016747877055203,0.3200982372339073,1.002720649944275,-0.0003581324129221,-8.708734954865349e-05,2180,5.975342575267579,0.1871559633027523,0.4990825688073395,-0.0003581475493125,-0.0003581475493125,-1.0838422359826794e-05,0.8908033098632587,-0.6137588982233084,0.0,0.2323431416135246,1.2226545331542331,0.2692350037965072,141619,384367,214,600,525986,0.998454821564161,0.2692448087971923,0.9984911832930276,0.0015585751505973,0.5000248792218125,0.4241239018356769,1.0000364180011767,-0.0002630234629786,-0.000304262820974,2195,6.0000113895432605,0.2646924829157175,0.4824601366742597,-0.0002684848807263,-0.0002684848807263,-0.0002540414911549,0.9417409786580456,-0.6316721481768163,0.0,0.310738266900965,1.1541525526741192,ETHUSDT,BAJA,v4_63_moderado,63,0.1905487279123507,0.22989676835477152,0.07869608088484162,0.9984911832930276,0.9992053724519032,0.0014283783177512221,0.3200982372339073,0.3721110695347921,0.1040256646017696,1.0000364180011767,1.001378533972726,0.002684231943098192,2180,2187.5,15,0.1871559633027523,0.2259242231092349,0.0775365196129652,0.4824601366742597,0.4907713527407996,0.01662243213307979,-0.0003581475493125,-0.00031331621501939997,8.966266858620003e-05,0.8908033098632587,0.9162721442606522,0.050937668794786894,-0.6316721481768163,-0.6227155232000623,0.017913249953507848,0.2323431416135246,0.2715407042572448,0.07839512528744041,1.1541525526741192,1.1884035429141762,0.06850198048011391
0.22,0.1900317181290125,99445,421955,10,1950,521400,0.9962549678997248,0.1907268891446106,0.9998994520134734,0.0046000872837074,0.5022497696485905,0.3203485515941726,1.003658184130747,-0.0003582725444554,-8.655058070017319e-05,2179,5.972601592434888,0.1895364846259752,0.5016062413951354,-0.0003601235359857,-0.0003601235359857,3.264730463847787e-05,0.8920442036357115,-0.6139474907300329,0.0,0.2323431416135246,1.2226545331542331,0.2692350037965072,141393,383657,440,1310,525050,0.9966780561883068,0.2692943529187696,0.9968977600417392,0.0034028890788041,0.5001503245602718,0.4240413985661653,1.00022043612987,-0.0002599726011553,-0.0003067725674474,2195,6.0000113895432605,0.2715261958997722,0.4870159453302961,-0.0002666513586107,-0.0002666513586107,-0.0003110984367302,0.9417366955908932,-0.6303167556569962,0.0,0.310738266900965,1.1541525526741192,ETHUSDT,BAJA,v4_63_moderado,63,0.1907268891446106,0.2300106210316901,0.07856746377415896,0.9968977600417392,0.9983986060276063,0.003001691971734166,0.3203485515941726,0.37219497508016897,0.10369284697199271,1.00022043612987,1.0019393101303087,0.003437748000876928,2179,2187.0,16,0.1895364846259752,0.2305313402628737,0.08198971127379703,0.4870159453302961,0.4943110933627157,0.014590296064839359,-0.0003601235359857,-0.00031338744729820004,9.347217737499998e-05,0.8920442036357115,0.9168904496133023,0.04969249195518177,-0.6303167556569962,-0.6221321231935145,0.016369264926963334,0.2323431416135246,0.2715407042572448,0.07839512528744041,1.1541525526741192,1.1884035429141762,0.06850198048011391
0.23,0.1900317181290125,99444,421293,11,2612,520737,0.9949881534698868,0.1909678014045477,0.9998893972148208,0.0061617579410481,0.5030255775779344,0.3206877870078943,1.0049259317589274,-0.0003583449622154,-8.637965586344443e-05,2179,5.972601592434888,0.1922900413033501,0.4938044974759064,-0.0003579867067814,-0.0003579867067814,-8.961720650346727e-05,0.8920582681774709,-0.6086563571530046,0.0,0.2323431416135246,1.2226545331542331,0.2692350037965072,141061,382175,772,2792,523236,0.993234624145786,0.2695934530498666,0.9945569789823244,0.0072525697007795,0.5009047743415519,0.4241995943278066,1.0013313620008724,-0.0002571666015412,-0.0003101484093526,2195,6.0000113895432605,0.2829157175398633,0.4829157175398633,-0.0002687247169537,-0.0002687247169537,-0.0003019213174748,0.9429613935316594,-0.632064144706504,0.0,0.310738266900965,1.1541525526741192,ETHUSDT,BAJA,v4_63_moderado,63,0.1909678014045477,0.23028062722720716,0.0786256516453189,0.9945569789823244,0.9972231880985727,0.0053324182324964164,0.3206877870078943,0.37244369066785044,0.10351180731991227,1.0013313620008724,1.0031286468798999,0.003594569758055055,2179,2187.0,16,0.1922900413033501,0.23760287942160668,0.09062567623651319,0.4829157175398633,0.48836010750788483,0.010888779936043091,-0.0003579867067814,-0.00031335571186755,8.926198982769999e-05,0.8920582681774709,0.9175098308545652,0.050903125354188505,-0.632064144706504,-0.6203602509297543,0.02340778755349937,0.2323431416135246,0.2715407042572448,0.07839512528744041,1.1541525526741192,1.1884035429141762,0.06850198048011391
0.24,0.1900317181290125,99439,420385,16,3520,519824,0.9932436563741976,0.191293591677183,0.9998391232215574,0.0083037473018718,0.5040714352617146,0.3211444276327794,1.0066403312067822,-0.0003591055414162,-8.742643916381798e-05,2178,5.969860609602196,0.189623507805326,0.492653810835629,-0.0003583474255975,-0.0003583474255975,-0.0001086629291106,0.890697913887617,-0.6071974235337643,0.0,0.2323431416135246,1.2226545331542331,0.2692350037965072,140486,379677,1347,5290,520163,0.9874012908124524,0.2700807246959126,0.9905029154005064,0.0137414375777664,0.5021221764891364,0.4244315675623418,1.0031411996489306,-0.0002534602480876,-0.0003101848846185,2194,5.997277899160781,0.2743846855059252,0.487693710118505,-0.0002632274190057,-0.0002632274190057,-0.0002604868841462,0.9433115960572096,-0.6270541404018288,0.0,0.310738266900965,1.1541525526741192,ETHUSDT,BAJA,v4_63_moderado,63,0.191293591677183,0.23068715818654778,0.07878713301872961,0.9905029154005064,0.9951710193110319,0.009336207821051046,0.3211444276327794,0.3727879975975606,0.1032871399295624,1.0031411996489306,1.0048907654278563,0.0034991315578516424,2178,2186.0,16,0.189623507805326,0.2320040966556256,0.08476117770059921,0.487693710118505,0.49017376047706696,0.004960100717123994,-0.0003583474255975,-0.0003107874223016,9.512000659180005e-05,0.890697913887617,0.9170047549724133,0.05261368216959261,-0.6270541404018288,-0.6171257819677965,0.01985671686806456,0.2323431416135246,0.2715407042572448,0.07839512528744041,1.1541525526741192,1.1884035429141762,0.06850198048011391
0.25,0.1900317181290125,99425,419062,30,4843,518487,0.990689009477224,0.1917598705464168,0.9996983560404205,0.0114247295974333,0.5055615428189268,0.3217939547724543,1.0090940209056627,-0.0003596120469069,-8.68511674967376e-05,2176,5.964378643936813,0.1911764705882352,0.5036764705882353,-0.0003589773744295,-0.0003589773744295,4.278637956794951e-05,0.8913744445813803,-0.6110194429918872,0.0,0.2323431416135246,1.2226545331542331,0.2692350037965072,139646,375738,2187,9229,515384,0.97832953682612,0.2709552489017897,0.984580457298372,0.0239734834414378,0.5042769703699049,0.4249616184608737,1.0063893813249585,-0.0002492193476716,-0.0003177101315324,2189,5.983610447248381,0.2722704431247145,0.4732754682503426,-0.0002582045004703,-0.0002582045004703,-0.0005597683717082,0.94283040678203,-0.618749640998562,0.0,0.310738266900965,1.1541525526741192,ETHUSDT,BAJA,v4_63_moderado,63,0.1917598705464168,0.23135755972410324,0.07919537835537288,0.984580457298372,0.9921394066693963,0.015117898742048497,0.3217939547724543,0.373377786616664,0.1031676636884194,1.0063893813249585,1.0077417011153105,0.0027046395807042156,2176,2182.5,13,0.1911764705882352,0.23172345685647483,0.08109397253647929,0.4732754682503426,0.48847596941928895,0.03040100233789267,-0.0003589773744295,-0.0003085909374499,0.00010077287395919999,0.8913744445813803,0.9171024256817051,0.05145596220064974,-0.618749640998562,-0.6148845419952246,0.007730198006674849,0.2323431416135246,0.2715407042572448,0.07839512528744041,1.1541525526741192,1.1884035429141762,0.06850198048011391
0.26,0.1900317181290125,99336,417008,119,6897,516344,0.9865943136655456,0.1923833723254264,0.9988034789603338,0.0162701548696052,0.5075368169149695,0.3226247525572467,1.0123750614874585,-0.0003614051991816,-8.771258452122677e-05,2175,5.961637661104121,0.1912643678160919,0.5062068965517241,-0.0003624810397263,-0.0003624810397263,0.0001287440375418,0.8906734299676833,-0.6139820385072683,0.0,0.2323431416135246,1.2226545331542331,0.2692350037965072,138559,369801,3274,15166,508360,0.9649962034927866,0.272560783696593,0.976916514492396,0.0393955845565983,0.5081560495244972,0.4262088333771665,1.0123527024836616,-0.0002430007363249,-0.000324384516492,2183,5.967209504953503,0.2615666513971599,0.4901511681172698,-0.0002659566066967,-0.0002659566066967,-0.0002375809345396,0.941542008427368,-0.6283621866248881,0.0,0.310738266900965,1.1541525526741192,ETHUSDT,BAJA,v4_63_moderado,63,0.1923833723254264,0.2324720780110097,0.08017741137116657,0.976916514492396,0.9878599967263649,0.02188696446793781,0.3226247525572467,0.3744167929672066,0.10358408081991977,1.0123527024836616,1.01236388198556,2.235900379687905e-05,2175,2179.0,8,0.1912643678160919,0.2264155096066259,0.07030228358106799,0.4901511681172698,0.49817903233449695,0.016055728434454353,-0.0003624810397263,-0.0003142188232115,9.652443302959998e-05,0.8906734299676833,0.9161077191975256,0.05086857845968473,-0.6283621866248881,-0.6211721125660782,0.014380148117619784,0.2323431416135246,0.2715407042572448,0.07839512528744041,1.1541525526741192,1.1884035429141762,0.06850198048011391
0.27,0.1900317181290125,99113,414113,342,9792,513226,0.9806366554570468,0.1931176518726642,0.9965612588607912,0.0230995152215708,0.5098303870411811,0.3235386767338957,1.0162390456395112,-0.0003644384157228,-8.896783558087762e-05,2172,5.953414712606047,0.1956721915285451,0.496316758747698,-0.0003595899178761,-0.0003595899178761,-4.639426893093823e-05,0.8924103480984873,-0.6117886925016867,0.0,0.2323431416135246,1.2226545331542331,0.2692350037965072,137166,361084,4667,23883,498250,0.9458048595292332,0.275295534370296,0.9670951048063569,0.0620390838695264,0.5145670943379416,0.4285881674720309,1.0225101880822651,-0.0002297185785293,-0.0003209247768377,2174,5.942608091511183,0.2695492180312787,0.4806807727690892,-0.0002732361195643,-0.0002732361195643,-0.0003605058587076,0.9411703621862202,-0.6345452081285277,0.0,0.310738266900965,1.1541525526741192,ETHUSDT,BAJA,v4_63_moderado,63,0.1931176518726642,0.23420659312148012,0.08217788249763183,0.9670951048063569,0.981828181833574,0.029466154054434313,0.3235386767338957,0.3760634221029633,0.10504949073813519,1.0162390456395112,1.0193746168608881,0.006271142442753952,2172,2173.0,2,0.1956721915285451,0.2326107047799119,0.07387702650273359,0.4806807727690892,0.48849876575839357,0.01563598597860877,-0.0003595899178761,-0.00031641301872019996,8.635379831180003e-05,0.8924103480984873,0.9167903551423537,0.048760014087732895,-0.6345452081285277,-0.6231669503151072,0.022756515626841,0.2323431416135246,0.2715407042572448,0.07839512528744041,1.1541525526741192,1.1884035429141762,0.06850198048011391
0.28,0.1900317181290125,98700,409926,755,13979,508626,0.9718472944053806,0.1940522112514893,0.992408627017244,0.0329767282763826,0.5126926776468134,0.3246278045194636,1.0211569582281377,-0.0003699624216014,-9.14307656594282e-05,2168,5.94245078127528,0.1909594095940959,0.4995387453874538,-0.000356459395313,-0.000356459395313,-3.3627569129168755e-05,0.8932710455641653,-0.6120061740442058,0.0,0.2323431416135246,1.2226545331542331,0.2692350037965072,134958,349935,6875,35032,484893,0.9204498861047836,0.2783253212564421,0.9515275006521754,0.0910000077928757,0.5212637542225256,0.430676244483235,1.0337635052342806,-0.0002157626805886,-0.0003181528951914,2157,5.8961387550090265,0.2573018080667594,0.4872508113120074,-0.0002779590544525,-0.0002779590544525,-0.0001952816626362,0.9389120066103313,-0.6355385094805506,0.0,0.310738266900965,1.1541525526741192,ETHUSDT,BAJA,v4_63_moderado,63,0.1940522112514893,0.2361887662539657,0.0842731100049528,0.9515275006521754,0.9719680638347097,0.040881126365068576,0.3246278045194636,0.37765202450134927,0.10604843996377139,1.0211569582281377,1.0274602317312092,0.012606547006142943,2157,2162.5,11,0.1909594095940959,0.22413060883042765,0.06634239847266349,0.4872508113120074,0.4933947783497306,0.012287934075446372,-0.000356459395313,-0.00031720922488275,7.850034086049999e-05,0.8932710455641653,0.9160915260872482,0.045640961046165995,-0.6355385094805506,-0.6237723417623782,0.02353233543634481,0.2323431416135246,0.2715407042572448,0.07839512528744041,1.1541525526741192,1.1884035429141762,0.06850198048011391
0.29,0.1900317181290125,97986,402947,1469,20958,500933,0.9571480434118008,0.195606997342958,0.9852295007792468,0.0494403227138156,0.5173349117465312,0.3264089222302911,1.029338677084214,-0.0003762734940985,-9.455668673363782e-05,2164,5.931486849944514,0.1963955637707948,0.5023105360443623,-0.0003609773977374,-0.0003609773977374,2.4771914857335545e-05,0.8922417118403025,-0.6138944831794875,0.0,0.2323431416135246,1.2226545331542331,0.2692350037965072,131587,335961,10246,49006,467548,0.8875246772968869,0.2814406221393311,0.927760112244682,0.1272992230502874,0.5275296676474848,0.4318710297826811,1.045334440807144,-0.0002075854748324,-0.0003167713694477,2136,5.838735456976949,0.2743445692883895,0.4850187265917603,-0.0002846328785682,-0.0002846328785682,-0.0002659651567236,0.9383557129515994,-0.63742357030333,0.0,0.310738266900965,1.1541525526741192,ETHUSDT,BAJA,v4_63_moderado,63,0.195606997342958,0.23852380974114454,0.08583362479637308,0.927760112244682,0.9564948065119644,0.057469388534564736,0.3264089222302911,0.3791399760064861,0.10546210755239,1.029338677084214,1.0373365589456789,0.015995763722930212,2136,2150.0,28,0.1963955637707948,0.23537006652959216,0.0779490055175947,0.4850187265917603,0.49366463131806126,0.017291809452601947,-0.0003609773977374,-0.0003228051381528,7.634451916919998e-05,0.8922417118403025,0.915298712395951,0.04611400111129682,-0.63742357030333,-0.6256590267414087,0.023529087123842496,0.2323431416135246,0.2715407042572448,0.07839512528744041,1.1541525526741192,1.1884035429141762,0.06850198048011391
0.3,0.1900317181290125,96538,390521,2917,33384,487059,0.93063856618771,0.1982059668335869,0.9706701523301996,0.0787534942970712,0.5247118233136354,0.329192483043883,1.0430151807553771,-0.0003854721199322,-0.0001021585500697,2154,5.904077021617598,0.1963788300835654,0.5037140204271123,-0.0003616314865057,-0.0003616314865057,6.461380640221392e-05,0.8908448217519686,-0.6105592131721052,0.0,0.2323431416135246,1.2226545331542331,0.2692350037965072,127027,318241,14806,66726,445268,0.8452315869400152,0.2852821222275124,0.895609625404525,0.1733291424979283,0.5344693839512267,0.4327262259815603,1.0596026452902607,-0.0001959121720209,-0.0003172999447436,2103,5.748530274355114,0.2724679029957204,0.4859724203518782,-0.0002646997373615,-0.0002646997373615,-0.0003474423897087,0.9438009804839969,-0.6235321934959326,0.0,0.310738266900965,1.1541525526741192,ETHUSDT,BAJA,v4_63_moderado,63,0.1982059668335869,0.24174404453054965,0.08707615539392552,0.895609625404525,0.9331398888673623,0.07506052692567455,0.329192483043883,0.38095935451272167,0.10353374293767731,1.0430151807553771,1.0513089130228188,0.016587464534883578,2103,2128.5,51,0.1963788300835654,0.2344233665396429,0.07608907291215497,0.4859724203518782,0.49484322038949524,0.01774160007523412,-0.0003616314865057,-0.0003131656119336,9.693174914419999e-05,0.8908448217519686,0.9173229011179826,0.0529561587320283,-0.6235321934959326,-0.6170457033340189,0.012972980323827432,0.2323431416135246,0.2715407042572448,0.07839512528744041,1.1541525526741192,1.1884035429141762,0.06850198048011391
0.31,0.1900317181290125,93957,370624,5498,53281,464581,0.8876891623356772,0.2022402982472378,0.944718717007692,0.125690897724726,0.535204807366209,0.3331595855583685,1.0642449599384085,-0.0003996966796062,-0.000109863123473,2129,5.83555245080031,0.1996242367308595,0.5007045561296384,-0.0003661602268963,-0.0003661602268963,9.452108529095504e-06,0.8898588904885733,-0.6101974255603453,0.0,0.2323431416135246,1.2226545331542331,0.2692350037965072,121745,297082,20088,87885,418827,0.7950398633257403,0.290680877784861,0.8583686448146765,0.228292295183743,0.5433304699992098,0.4342917276067491,1.0796548505429964,-0.000165525496419,-0.0003103533890589,2059,5.628256697526002,0.2729480330257406,0.4832442933462846,-0.0002620593345021,-0.0002620593345021,-0.0004130657871805,0.9446605327147332,-0.6107441465016527,0.0,0.310738266900965,1.1541525526741192,ETHUSDT,BAJA,v4_63_moderado,63,0.2022402982472378,0.24646058801604942,0.08844057953762322,0.8583686448146765,0.9015436809111843,0.0863500721930156,0.3331595855583685,0.3837256565825588,0.10113214204838061,1.0642449599384085,1.0719499052407024,0.015409890604587861,2059,2094.0,70,0.1996242367308595,0.23628613487830005,0.07332379629488112,0.4832442933462846,0.4919744247379615,0.017460262783353775,-0.0003661602268963,-0.0003141097806992,0.00010410089239420002,0.8898588904885733,0.9172597116016532,0.05480164222615991,-0.6107441465016527,-0.610470786030999,0.0005467209413073659,0.2323431416135246,0.2715407042572448,0.07839512528744041,1.1541525526741192,1.1884035429141762,0.06850198048011391
0.32,0.1900317181290125,89803,342948,9652,80957,432751,0.8268706053194742,0.2075165626422584,0.9029510834045548,0.1909791108856937,0.5469650971451243,0.3374745869080769,1.0920101374938656,-0.000426149092998,-0.0001158531203107,2100,5.756063948652255,0.1871428571428571,0.4971428571428571,-0.0003533708866864,-0.0003533708866864,-4.559654992231099e-05,0.8931998672332396,-0.5973234912623397,0.0,0.2323431416135246,1.2226545331542331,0.2692350037965072,114794,273025,27039,111942,387819,0.7361788154897494,0.295998906706479,0.8093603040195159,0.2907833658469427,0.5500718349332293,0.4334695233851661,1.099407218721829,-0.0001462971629666,-0.0003219704592103,2004,5.47791472648961,0.2759481037924152,0.4815369261477046,-0.000266404438254,-0.000266404438254,-0.0003089245090074,0.944176733861276,-0.6110574454538992,0.0,0.310738266900965,1.1541525526741192,ETHUSDT,BAJA,v4_63_moderado,63,0.2075165626422584,0.2517577346743687,0.08848234406422059,0.8093603040195159,0.8561556937120354,0.0935907793850389,0.3374745869080769,0.38547205514662153,0.09599493647708918,1.0920101374938656,1.0957086781078473,0.0073970812279633424,2004,2052.0,96,0.1871428571428571,0.23154548046763615,0.08880524664955808,0.4815369261477046,0.48933989164528086,0.015605930995152506,-0.0003533708866864,-0.0003098876624702,8.69664484324e-05,0.8931998672332396,0.9186883005472578,0.050976866628036355,-0.6110574454538992,-0.6041904683581194,0.013733954191559428,0.2323431416135246,0.2715407042572448,0.07839512528744041,1.1541525526741192,1.1884035429141762,0.06850198048011391
0.33,0.1900317181290125,83020,306302,16435,117603,389322,0.7438894833384286,0.2132425087716594,0.8347493841435826,0.2774277255517156,0.5560885548476491,0.3397050188531784,1.122141665986986,-0.0004941261722416,-0.0001533149428939,2056,5.635460704013827,0.1955252918287937,0.492704280155642,-0.0003772852814535,-0.0003772852814535,-0.0001347455136786,0.8879678079118353,-0.6081308478195221,0.0,0.2323431416135246,1.2226545331542331,0.2692350037965072,106668,246188,35165,138779,352856,0.6698101746393318,0.3022989548144285,0.7520675724267272,0.36049583470791,0.5562817035673187,0.4312527668899045,1.1228070293672203,-0.000104902558828,-0.0003079122092982,1930,5.275636438186101,0.2854922279792746,0.4896373056994819,-0.0002317033528058,-0.0002317033528058,-0.0002689728381418,0.9522915172964836,-0.5805389575067734,0.0,0.310738266900965,1.1541525526741192,ETHUSDT,BAJA,v4_63_moderado,63,0.2132425087716594,0.25777073179304394,0.08905644604276908,0.7520675724267272,0.7934084782851549,0.0826818117168554,0.3397050188531784,0.38547889287154147,0.0915477480367261,1.122141665986986,1.122474347677103,0.0006653633802342629,1930,1993.0,126,0.1955252918287937,0.24050875990403414,0.0899669361504809,0.4896373056994819,0.49117079292756194,0.0030669744561601098,-0.0003772852814535,-0.00030449431712965,0.00014558192864769999,0.8879678079118353,0.9201296626041595,0.06432370938464838,-0.6081308478195221,-0.5943349026631477,0.027591890312748668,0.2323431416135246,0.2715407042572448,0.07839512528744041,1.1541525526741192,1.1884035429141762,0.06850198048011391
0.34,0.1900317181290125,73648,261522,25807,162383,335170,0.6404195964536838,0.2197332696840409,0.7405158111708813,0.3830646017385971,0.5617902064547392,0.3389036525740581,1.1562978635748795,-0.0005711392488023,-0.0001774139386556,1981,5.42988699156196,0.2094901564866229,0.4931852599697122,-0.00033281687076,-0.00033281687076,-9.987127702082432e-05,0.9022874956502408,-0.5587287007590471,0.0,0.2323431416135246,1.2226545331542331,0.2692350037965072,96943,219008,44890,165959,315951,0.5997551252847381,0.3068292235188368,0.6835010188038044,0.4310992890299688,0.5573001539168866,0.4235316219002848,1.139633477044998,-8.712270909686145e-05,-0.0003069868656251,1848,5.051490226822754,0.2867965367965367,0.4832251082251082,-0.0002189130310771,-0.0002189130310771,-0.0004143684038003,0.9555847362323155,-0.5547320013400203,0.0,0.310738266900965,1.1541525526741192,ETHUSDT,BAJA,v4_63_moderado,63,0.2197332696840409,0.2632812466014388,0.0870959538347959,0.6835010188038044,0.7120084149873429,0.05701479236707685,0.3389036525740581,0.38121763723717145,0.08462796932622674,1.139633477044998,1.1479656703099388,0.016664386529881448,1848,1914.5,133,0.2094901564866229,0.2481433466415798,0.07730638030991382,0.4832251082251082,0.4882051840974102,0.009960151744603962,-0.00033281687076,-0.00027586495091855,0.0001139038396829,0.9022874956502408,0.9289361159412781,0.053297240582074745,-0.5587287007590471,-0.5567303510495337,0.003996699419026806,0.2323431416135246,0.2715407042572448,0.07839512528744041,1.1541525526741192,1.1884035429141762,0.06850198048011391
0.35,0.1900317181290125,62275,213316,37180,210589,275591,0.5265801742586365,0.2259689177077626,0.6261625860942135,0.4967834774300845,0.561473031762149,0.3320925966414786,1.189111585858274,-0.0006580960444745,-0.000202168523425,1879,5.150306742627422,0.2235231506120276,0.4970729111229377,-0.0003660190777692,-0.0003660190777692,-4.438554553010121e-05,0.8985809309734748,-0.5698165723999402,0.0,0.2323431416135246,1.2226545331542331,0.2692350037965072,86727,191630,55106,193337,278357,0.5283921791951405,0.3115675194085293,0.6114726474092771,0.5022170731517247,0.556844860280501,0.4127989718936671,1.157232584972561,-0.0001006642781531,-0.0003076395865946,1756,4.800009111634608,0.2978359908883827,0.4869020501138952,-0.0002427968414293,-0.0002427968414293,-0.0002262337168124,0.9524100730741726,-0.5745261867004853,0.0,0.310738266900965,1.1541525526741192,ETHUSDT,BAJA,v4_63_moderado,63,0.2259689177077626,0.2687682185581459,0.08559860170076669,0.6114726474092771,0.6188176167517453,0.014689938684936399,0.3320925966414786,0.37244578426757285,0.08070637525218849,1.157232584972561,1.1731720854154175,0.03187900088571283,1756,1817.5,123,0.2235231506120276,0.26067957075020515,0.0743128402763551,0.4869020501138952,0.49198748061841646,0.01017086100904252,-0.0003660190777692,-0.00030440795959925,0.00012322223633990002,0.8985809309734748,0.9254955020238237,0.05382914210069778,-0.5745261867004853,-0.5721713795502128,0.004709614300545062,0.2323431416135246,0.2715407042572448,0.07839512528744041,1.1541525526741192,1.1884035429141762,0.06850198048011391
0.36,0.1900317181290125,49972,165272,49483,258633,215244,0.4112733109140935,0.2321644273475683,0.5024583982705746,0.6101201920241563,0.5562892951473655,0.3175860107594876,1.2217140887499207,-0.0007631384017296,-0.0001891015968892,1762,4.829611751202511,0.2190692395005675,0.5028376844494892,-0.0004269073486542,-0.0004269073486542,6.495503387793367e-05,0.8824519044193917,-0.6016656937115601,0.0,0.2323431416135246,1.2226545331542331,0.2692350037965072,76332,166077,65501,218890,242409,0.4601537585421412,0.3148892986646535,0.5381822283953663,0.5685941911904138,0.55338820979289,0.3973121105969675,1.169570428155221,-0.0001709797197522,-0.0003411755100135,1650,4.510259131091745,0.3054545454545455,0.4763636363636364,-0.0001951633162869,-0.0001951633162869,-0.0004913418876132,0.962298198325441,-0.5255260893404925,0.0,0.310738266900965,1.1541525526741192,ETHUSDT,BAJA,v4_63_moderado,63,0.2321644273475683,0.2735268630061109,0.0827248713170852,0.5024583982705746,0.5203203133329705,0.035723830124791744,0.3175860107594876,0.35744906067822757,0.07972609983747991,1.169570428155221,1.1956422584525708,0.05214366059469966,1650,1706.0,112,0.2190692395005675,0.2622618924775565,0.08638530595397798,0.4763636363636364,0.4896006604065628,0.026474048085852797,-0.0004269073486542,-0.00031103533247055,0.00023174403236729998,0.8824519044193917,0.9223750513724163,0.07984629390604925,-0.6016656937115601,-0.5635958915260263,0.07613960437106759,0.2323431416135246,0.2715407042572448,0.07839512528744041,1.1541525526741192,1.1884035429141762,0.06850198048011391
0.37,0.1900317181290125,38055,121813,61400,302092,159868,0.3054646896973402,0.2380401331098156,0.3826353627268614,0.7126408039537161,0.5476380833402887,0.2934949850186832,1.2526336942773424,-0.0008770066092635,-0.0001531251531293,1637,4.486988897116067,0.2199144777031154,0.4929749541844838,-0.0005257013285448,-0.0005257013285448,-8.505416127491117e-05,0.8578278990312784,-0.6324593821033822,0.0,0.2323431416135246,1.2226545331542331,0.2692350037965072,66617,142498,75216,242469,209115,0.3969533029612756,0.3185663390957128,0.4696861802260405,0.6298435969836376,0.549764888604839,0.3796402885897625,1.18322779209085,-0.0002580808509763,-0.0003662417441725,1555,4.250577544756159,0.3041800643086816,0.4823151125401929,-0.0001913151004914,-0.0001913151004914,-0.0005497526113249,0.9635954365011974,-0.5073310184117794,0.0,0.310738266900965,1.1541525526741192,ETHUSDT,BAJA,v4_63_moderado,63,0.2380401331098156,0.2783032361027642,0.08052620598589721,0.3826353627268614,0.42616077147645093,0.08705081749917909,0.2934949850186832,0.33656763680422286,0.0861453035710793,1.18322779209085,1.2179307431840962,0.06940590218649234,1555,1596.0,82,0.2199144777031154,0.26204727100589853,0.08426558660556621,0.4823151125401929,0.48764503336233833,0.010659841644290902,-0.0005257013285448,-0.0003585082145181,0.00033438622805340005,0.8578278990312784,0.9107116677662379,0.10576753746991896,-0.6324593821033822,-0.5698952002575808,0.12512836369160274,0.2323431416135246,0.2715407042572448,0.07839512528744041,1.1541525526741192,1.1884035429141762,0.06850198048011391
0.38,0.1900317181290125,27909,86289,71546,337616,114198,0.2182016202996025,0.2443913203383597,0.2806193755970037,0.7964425991672662,0.5385309873821349,0.2612554001113956,1.2860554161408069,-0.0010560240325329,-0.0001664854223281,1509,4.136143094531549,0.223326706428098,0.4990059642147117,-0.0005930449627974,-0.0005930449627974,0.0,0.845750337708494,-0.6371108329279609,0.0,0.2323431416135246,1.2226545331542331,0.2692350037965072,57632,120531,84201,264436,178163,0.3381985573272589,0.323479061309026,0.4063370301692836,0.6869056308722565,0.5466213305207701,0.3602045025562819,1.201474759030655,-0.0003392129784934,-0.0003930944264367,1463,3.999096429568014,0.3144224196855776,0.4914559125085441,-9.7883065179737e-05,-9.7883065179737e-05,-0.0002809653971045,0.9816843866411126,-0.4550803071037526,0.0,0.310738266900965,1.1541525526741192,ETHUSDT,BAJA,v4_63_moderado,63,0.2443913203383597,0.28393519082369284,0.07908774097066629,0.2806193755970037,0.3434782028831436,0.1257176545722799,0.2612554001113956,0.31072995133383874,0.0989491024448863,1.201474759030655,1.243765087585731,0.08458065711015195,1463,1486.0,46,0.223326706428098,0.26887456305683777,0.09109571325747962,0.4914559125085441,0.4952309383616279,0.0075500517061676264,-0.0005930449627974,-0.0003454640139885685,0.000495161897617663,0.845750337708494,0.9137173621748033,0.13593404893261862,-0.6371108329279609,-0.5460955700158567,0.1820305258242083,0.2323431416135246,0.2715407042572448,0.07839512528744041,1.1541525526741192,1.1884035429141762,0.06850198048011391
0.39,0.1900317181290125,19999,59416,79456,364489,79415,0.1517406756343625,0.2518289995592772,0.2010859182544869,0.8598365199749944,0.5304612191147406,0.2236149158606809,1.325194562458834,-0.0012062233039742,-0.0002166886364869,1377,3.774333360616264,0.2309368191721132,0.4996368917937545,-0.0004813562181058,-0.0004813562181058,0.0,0.8773781326276907,-0.5629921112075543,0.0,0.2323431416135246,1.2226545331542331,0.2692350037965072,49017,100907,92816,284060,149924,0.2845937737281701,0.326945652463915,0.3455965818956096,0.7378814287977931,0.5417390053467013,0.3360125035560414,1.214350466520418,-0.0004498073352429,-0.0004833588166803,1333,3.6437426798456336,0.3195798949737434,0.4846211552888222,-0.0002516948991629,-0.0002516948991629,-0.0005027055056148,0.9541680506419428,-0.5255160235556067,0.0,0.310738266900965,1.1541525526741192,ETHUSDT,BAJA,v4_63_moderado,63,0.2518289995592772,0.2893873260115961,0.07511665290463782,0.2010859182544869,0.2733412500750483,0.1445106636411227,0.2236149158606809,0.27981370970836117,0.11239758769536048,1.214350466520418,1.269772514489626,0.11084409593841604,1333,1355.0,44,0.2309368191721132,0.2752583570729283,0.0886430758016302,0.4846211552888222,0.49212902354128835,0.015015736504932264,-0.0004813562181058,-0.00036652555863435,0.0002296613189429,0.8773781326276907,0.9157730916348168,0.07678991801425206,-0.5629921112075543,-0.5442540673815806,0.037476087651947654,0.2323431416135246,0.2715407042572448,0.07839512528744041,1.1541525526741192,1.1884035429141762,0.06850198048011391
0.4,0.1900317181290125,14098,40542,85357,383363,54640,0.1044023234484867,0.2580161054172767,0.1417525514051581,0.9043606468430426,0.5230565991241004,0.1829780330315714,1.3577528423024074,-0.0013558728316936,-0.0003428604281234,1233,3.3796318327086814,0.2376317923763179,0.4971613949716139,-0.000483151983503,-0.000483151983503,-2.9455225602381677e-05,0.8821493652257368,-0.536885304414821,0.0,0.2323431416135246,1.2226545331542331,0.2692350037965072,40739,83702,101094,301265,124441,0.2362205770690964,0.3273760255864225,0.287232167408149,0.7825735712411713,0.5349028693246601,0.3059930748026468,1.2159489701192765,-0.0006762179504699,-0.000615516689816,1240,3.389528074275008,0.3193548387096774,0.4967741935483871,-8.429662913000384e-05,-8.429662913000384e-05,-9.580065078540478e-05,0.984915900731742,-0.4619414320973052,0.0,0.310738266900965,1.1541525526741192,ETHUSDT,BAJA,v4_63_moderado,63,0.2580161054172767,0.29269606550184957,0.06935992016914577,0.1417525514051581,0.21449235940665357,0.1454796160029909,0.1829780330315714,0.2444855539171091,0.12301504177107542,1.2159489701192765,1.286850906210842,0.14180387218313095,1233,1236.5,7,0.2376317923763179,0.27849331554299767,0.0817230463333595,0.4967741935483871,0.4969677942600005,0.00038720142322679063,-0.000483151983503,-0.0002837243063165019,0.00039885535437299616,0.8821493652257368,0.9335326329787395,0.10276653550600512,-0.536885304414821,-0.4994133682560631,0.07494387231751576,0.2323431416135246,0.2715407042572448,0.07839512528744041,1.1541525526741192,1.1884035429141762,0.06850198048011391
0.41,0.1900317181290125,9972,28206,89483,395699,38178,0.0729478752675023,0.2611975483262612,0.1002664521642954,0.933461506705512,0.5168639794349037,0.1449071080336837,1.374494483857343,-0.0014773210191503,-0.0004401003356447,1118,3.064418806949153,0.2397137745974955,0.5008944543828264,-0.0004941668341076,-0.0004941668341076,3.395035481151831e-05,0.8814372171011505,-0.5200979488566193,0.0,0.2323431416135246,1.2226545331542331,0.2692350037965072,33320,69424,108513,315543,102744,0.1950341685649202,0.3243011757377559,0.2349241713846566,0.8196624645748857,0.5272933179797712,0.2724704285357985,1.2045282788818528,-0.0009702447969495,-0.0008389745286501,1137,3.107978564879584,0.3175021987686895,0.4890061565523307,-0.0001992791356004,-0.0001992791356004,-0.0002347829446536,0.966080323282014,-0.5125534798709498,0.0,0.310738266900965,1.1541525526741192,ETHUSDT,BAJA,v4_63_moderado,63,0.2611975483262612,0.2927493620320085,0.06310362741149472,0.1002664521642954,0.167595311774476,0.13465771922036118,0.1449071080336837,0.2086887682847411,0.1275633205021148,1.2045282788818528,1.2895113813695978,0.1699662049754902,1118,1127.5,19,0.2397137745974955,0.2786079866830925,0.07778842417119403,0.4890061565523307,0.49495030546757857,0.01188829783049572,-0.0004941668341076,-0.00034672298485400005,0.0002948876985072,0.8814372171011505,0.9237587701915823,0.08464310618086346,-0.5200979488566193,-0.5163257143637845,0.007544468985669517,0.2323431416135246,0.2715407042572448,0.07839512528744041,1.1541525526741192,1.1884035429141762,0.06850198048011391
0.42,0.1900317181290125,7207,19752,92248,404153,26959,0.0515113879547539,0.2673318743276828,0.0724649338896988,0.9534046543447234,0.5129347941172111,0.1140221810875377,1.4067750213477055,-0.001456937992421,-0.0003556187766713,1025,2.8095074035088388,0.248780487804878,0.5073170731707317,-0.0003763511084922,-0.0003763511084922,0.0001311876858491,0.910553480079034,-0.4282439420163567,0.0,0.2323431416135246,1.2226545331542331,0.2692350037965072,27202,57141,114631,327826,84343,0.1601044039483675,0.322516391401776,0.1917889348741125,0.8515690955328639,0.5216790152034881,0.2405383418222976,1.197899184184609,-0.0012177165766182,-0.0009844254580404,1052,2.8756318823687974,0.3403041825095057,0.497148288973384,-0.0002656071351225,-0.0002656071351225,-4.921638547339402e-05,0.9555840095702456,-0.4880330073474888,0.0,0.310738266900965,1.1541525526741192,ETHUSDT,BAJA,v4_63_moderado,63,0.2673318743276828,0.2949241328647294,0.05518451707409322,0.0724649338896988,0.13212693438190565,0.1193240009844137,0.1140221810875377,0.17728026145491765,0.1265161607347599,1.197899184184609,1.3023371027661572,0.20887583716309654,1025,1038.5,27,0.248780487804878,0.29454233515719186,0.09152369470462773,0.497148288973384,0.5022326810720579,0.010168784197347736,-0.0003763511084922,-0.00032097912180735,0.0001107439733697,0.910553480079034,0.9330687448246398,0.04503052949121156,-0.4880330073474888,-0.4581384746819227,0.059789065331132096,0.2323431416135246,0.2715407042572448,0.07839512528744041,1.1541525526741192,1.1884035429141762,0.06850198048011391
0.43,0.1900317181290125,5298,14316,94157,409589,19614,0.0374770712320391,0.2701131844600795,0.0532703232617766,0.9662282822802278,0.5097493027710023,0.0889904173210491,1.421411052425994,-0.0015987528964014,-0.0004048467783902,951,2.606674673889664,0.2502628811777077,0.5131440588853838,-0.0003844301224231,-0.0003844301224231,0.0001885278132388,0.9098527060248262,-0.403935574789387,0.0,0.2323431416135246,1.2226545331542331,0.2692350037965072,22077,46737,119756,338230,68814,0.130626423690205,0.320821344493853,0.1556548899057342,0.8785947886442215,0.5171248392749779,0.2096113402991735,1.19160339469208,-0.001493094813675,-0.0011275436758848,970,2.65148567100545,0.3298969072164948,0.4989690721649484,-0.0002161350292777,-0.0002161350292777,-2.618583666691432e-05,0.964285105635708,-0.4685374456471753,0.0,0.310738266900965,1.1541525526741192,ETHUSDT,BAJA,v4_63_moderado,63,0.2701131844600795,0.29546726447696625,0.05070816003377354,0.0532703232617766,0.1044626065837554,0.10238456664395759,0.0889904173210491,0.1493008788101113,0.12062092297812439,1.19160339469208,1.306507223559037,0.22980765773391387,951,960.5,19,0.2502628811777077,0.29007989419710123,0.07963402603878711,0.4989690721649484,0.5060565655251661,0.014174986720435434,-0.0003844301224231,-0.0003002825758504,0.00016829509314539998,0.9098527060248262,0.937068905830267,0.054432399610881865,-0.4685374456471753,-0.43623651021828114,0.06460187085778829,0.2323431416135246,0.2715407042572448,0.07839512528744041,1.1541525526741192,1.1884035429141762,0.06850198048011391
0.44,0.1900317181290125,3958,10982,95497,412923,14940,0.0285463161112809,0.2649263721552878,0.0397968930672163,0.9740932520258077,0.506945072546512,0.069198828620132,1.3941165967642797,-0.0018844920576512,-0.0005708673389221,868,2.3791730987762656,0.2442396313364055,0.511520737327189,-0.0003074228301367,-0.0003074228301367,0.0002024351633531,0.9266478889049276,-0.3416045836235014,0.0,0.2323431416135246,1.2226545331542331,0.2692350037965072,17789,38088,124044,346879,55877,0.1060687167805618,0.318359969218104,0.125422151403411,0.9010616494400818,0.5132419004217464,0.1799504324515704,1.1824612874584703,-0.0018701999576142,-0.0012834796224086,880,2.405471536582264,0.3340909090909091,0.4897727272727272,-0.0002762940074474,-0.0002762940074474,-0.0003504842285506,0.9556968969528534,-0.504060711377692,0.0,0.310738266900965,1.1541525526741192,ETHUSDT,BAJA,v4_63_moderado,63,0.2649263721552878,0.2916431706866959,0.053433597062816196,0.0397968930672163,0.08260952223531365,0.0856252583361947,0.069198828620132,0.12457463053585122,0.11075160383143841,1.1824612874584703,1.288288942111375,0.21165530930580934,868,874.0,12,0.2442396313364055,0.2891652702136573,0.0898512777545036,0.4897727272727272,0.500646732299958,0.021748010054461753,-0.0003074228301367,-0.00029185841879205,3.112882268929999e-05,0.9266478889049276,0.9411723929288904,0.029049008047925873,-0.504060711377692,-0.4228326475005967,0.16245612775419066,0.2323431416135246,0.2715407042572448,0.07839512528744041,1.1541525526741192,1.1884035429141762,0.06850198048011391
0.45,0.1900317181290125,3001,8908,96454,414997,11909,0.0227548914704983,0.2519942900327483,0.0301744507566236,0.9789858576803764,0.5045801542185,0.0538953342193168,1.326064367116175,-0.0023340083943581,-0.0009911014773829,793,2.173599386324399,0.2383354350567465,0.501891551071879,-0.0005151931562074,-0.0005151931562074,3.574444508980257e-05,0.883905932641138,-0.4142332931345822,0.0,0.2323431416135246,1.2226545331542331,0.2692350037965072,14281,30806,127552,354161,45087,0.0855865603644646,0.3167431853971211,0.100688838281641,0.9199775565178314,0.5103331973997363,0.1528033383265568,1.1764561848596828,-0.0022057441965985,-0.0014467269946105,799,2.1840588156013965,0.3379224030037547,0.4881101376720901,-0.0003529503485532,-0.0003529503485532,-0.0003798550219999,0.9453931682382786,-0.4655492198038615,0.0,0.310738266900965,1.1541525526741192,ETHUSDT,BAJA,v4_63_moderado,63,0.2519942900327483,0.2843687377149347,0.06474889536437278,0.0301744507566236,0.0654316445191323,0.0705143875250174,0.0538953342193168,0.1033493362729368,0.09890800410723999,1.1764561848596828,1.2512602759879288,0.14960818225649208,793,796.0,6,0.2383354350567465,0.2881289190302506,0.09958696794700819,0.4881101376720901,0.49500084437198455,0.013781413399788889,-0.0005151931562074,-0.00043407175238030006,0.00016224280765420003,0.883905932641138,0.9146495504397083,0.06148723559714053,-0.4655492198038615,-0.43989125646922184,0.05131592666927931,0.2323431416135246,0.2715407042572448,0.07839512528744041,1.1541525526741192,1.1884035429141762,0.06850198048011391
0.46,0.1900317181290125,2319,7383,97136,416522,9702,0.0185379088963619,0.2390228818800247,0.0233170780755115,0.9825833618381477,0.5029502199568296,0.042489258590837,1.2578051929086496,-0.0027564024316799,-0.0012926341833655,750,2.055737124518662,0.2306666666666666,0.4933333333333333,-0.0006884608839509,-0.0006884608839509,-0.0001482513100432,0.8471067376339784,-0.4678513068935789,0.0,0.2323431416135246,1.2226545331542331,0.2692350037965072,11540,24902,130293,360065,36442,0.0691761579347,0.3166675813621645,0.0813632934507484,0.935313935999709,0.5083386147252287,0.1294629084279904,1.1761753742893986,-0.0025279325153302,-0.0016073053463111,738,2.0173159022701257,0.3387533875338753,0.489159891598916,-0.0002195906100128,-0.0002195906100128,-0.0003382607177833,0.965191450847074,-0.5015936908526648,0.0,0.310738266900965,1.1541525526741192,ETHUSDT,BAJA,v4_63_moderado,63,0.2390228818800247,0.2778452316210946,0.07764469948213978,0.0233170780755115,0.05234018576312995,0.058046215375236895,0.042489258590837,0.0859760835094137,0.08697364983715342,1.1761753742893986,1.216990283599024,0.081629818619251,738,744.0,12,0.2306666666666666,0.28471002710027093,0.10808672086720869,0.489159891598916,0.49124661246612467,0.004173441734417305,-0.0006884608839509,-0.00045402574698185,0.0004688702739381,0.8471067376339784,0.9061490942405261,0.11808471321309566,-0.5015936908526648,-0.48472249887312185,0.03374238395908591,0.2323431416135246,0.2715407042572448,0.07839512528744041,1.1541525526741192,1.1884035429141762,0.06850198048011391
0.47,0.1900317181290125,1890,6139,97565,417766,8029,0.0153412564964842,0.2353966870095902,0.0190035694535216,0.985517981623241,0.5022607755383813,0.0351680250083733,1.2387231422587013,-0.0028273425966295,-0.0011884354821924,707,1.9378748627129256,0.2319660537482319,0.4922206506364922,-0.00073362807957,-0.00073362807957,-0.0001556788532073,0.841198912995282,-0.4695445417097458,0.0,0.2323431416135246,1.2226545331542331,0.2692350037965072,9372,20386,132461,364581,29758,0.0564882308276385,0.3149405201962497,0.0660777111109544,0.947044811633205,0.5065612613720797,0.1092364984177492,1.169760676565992,-0.0029778441727553,-0.001799439074467,671,1.834172046643976,0.338301043219076,0.496274217585693,-9.899961861108147e-05,-9.899961861108147e-05,-7.34849572952001e-05,0.9841733136755598,-0.3949060919596792,0.0,0.310738266900965,1.1541525526741192,ETHUSDT,BAJA,v4_63_moderado,63,0.2353966870095902,0.27516860360291995,0.07954383318665947,0.0190035694535216,0.042540640282238,0.047074141657432796,0.0351680250083733,0.07220226171306125,0.07406847340937589,1.169760676565992,1.2042419094123467,0.06896246569270925,671,689.0,36,0.2319660537482319,0.28513354848365396,0.1063349894708441,0.4922206506364922,0.4942474341110926,0.0040535669492008375,-0.00073362807957,-0.0004163138490905407,0.0006346284609589185,0.841198912995282,0.9126861133354209,0.14297440068027778,-0.4695445417097458,-0.4322253168347125,0.07463844975006662,0.2323431416135246,0.2715407042572448,0.07839512528744041,1.1541525526741192,1.1884035429141762,0.06850198048011391
0.48,0.1900317181290125,1550,5124,97905,418781,6674,0.0127522164475695,0.2322445310158825,0.0155849379116183,0.9879123860298888,0.5017486619707535,0.029209735322108,1.2221356166353856,-0.0028557215488147,-0.0011000717626711,671,1.83919948073603,0.2280178837555886,0.481371087928465,-0.0009162032100417,-0.0009162032100417,-0.0002648797614954,0.8036609601065728,-0.4892453091167461,0.0,0.2323431416135246,1.2226545331542331,0.2692350037965072,7615,16629,134218,368338,24244,0.0460212604403948,0.3140983336083154,0.0536899029139903,0.9568040897011952,0.5052469963075927,0.0917044503453217,1.1666326041531982,-0.0035340719723949,-0.002161460577719,603,1.6482947006353468,0.3250414593698176,0.4825870646766169,-0.0005997269355323,-0.0005997269355323,-0.0007250124083664,0.908398579541417,-0.467685813757281,0.0,0.310738266900965,1.1541525526741192,ETHUSDT,BAJA,v4_63_moderado,63,0.2322445310158825,0.27317143231209895,0.08185380259243291,0.0155849379116183,0.0346374204128043,0.038104965002371996,0.029209735322108,0.06045709283371485,0.062494715023213694,1.1666326041531982,1.1943841103942918,0.055503012482187364,603,637.0,68,0.2280178837555886,0.2765296715627031,0.097023575614229,0.481371087928465,0.48197907630254094,0.0012159767481518813,-0.0009162032100417,-0.000757965072787,0.0003164762745094,0.8036609601065728,0.8560297698239949,0.10473761943484416,-0.4892453091167461,-0.4784655614370136,0.021559495359465053,0.2323431416135246,0.2715407042572448,0.07839512528744041,1.1541525526741192,1.1884035429141762,0.06850198048011391
0.49,0.1900317181290125,1309,4322,98146,419583,5631,0.0107593243656374,0.2324631504173326,0.0131617314363279,0.9898043193640084,0.5014830254001682,0.0249129284585958,1.2232860530130731,-0.0027174671623985,-0.0010360093691283,630,1.7268191845956766,0.2158730158730158,0.4761904761904761,-0.0010659132116142,-0.0010659132116142,-0.0002978275164606,0.7737099658643782,-0.5158286318217542,0.0,0.2323431416135246,1.2226545331542331,0.2692350037965072,6207,13756,135626,371211,19963,0.0378948367501898,0.3109252116415368,0.0437627350475559,0.9642670670473054,0.5040149010474306,0.0767262478676852,1.1548469079322978,-0.0041817428244574,-0.0025686451267092,547,1.4952192392164754,0.3327239488117002,0.4862888482632541,-0.0004252183886273,-0.0004252183886273,-0.0003374447288806,0.93527106860105,-0.4460354385653698,0.0,0.310738266900965,1.1541525526741192,ETHUSDT,BAJA,v4_63_moderado,63,0.2324631504173326,0.2716941810294347,0.07846206122420421,0.0131617314363279,0.0284622332419419,0.030601003611228,0.0249129284585958,0.0508195881631405,0.0518133194090894,1.1548469079322978,1.1890664804726856,0.06843914508077531,547,588.5,83,0.2158730158730158,0.274298482342358,0.1168509329386844,0.4761904761904761,0.4812396622268651,0.010098372072777972,-0.0010659132116142,-0.00074556580012075,0.0006406948229869,0.7737099658643782,0.8544905172327142,0.1615611027366718,-0.5158286318217542,-0.480932035193562,0.06979319325638439,0.2323431416135246,0.2715407042572448,0.07839512528744041,1.1541525526741192,1.1884035429141762,0.06850198048011391
0.5,0.1900317181290125,1069,3634,98386,420271,4703,0.0089861663099969,0.2273017223049117,0.0107485797596903,0.9914273245184652,0.5010879521390778,0.0205265078054494,1.1961251760645375,-0.0026299672299163,-0.0010025754783244,591,1.619920854120706,0.22165820642978,0.4568527918781725,-0.0013037521556185,-0.0013037521556185,-0.0005413128725459,0.733611224666915,-0.5585743746228462,0.0,0.2323431416135246,1.2226545331542331,0.2692350037965072,5107,11347,136726,373620,16454,0.0312338648443432,0.310380454600705,0.036007135151904,0.9705247462769536,0.5032659407144288,0.0645283567191241,1.1528235564618348,-0.0047540775467179,-0.0027671688258456,496,1.3558112297100031,0.3387096774193548,0.4979838709677419,-0.000334203518955,-0.000334203518955,-0.000126153292733,0.949127827291385,-0.4013629386705244,0.0,0.310738266900965,1.1541525526741192,ETHUSDT,BAJA,v4_63_moderado,63,0.2273017223049117,0.26884108845280835,0.08307873229579332,0.0107485797596903,0.02337785745579715,0.0252585553922137,0.0205265078054494,0.04252743226228675,0.0440018489136747,1.1528235564618348,1.174474366263186,0.043301619602702734,496,543.5,95,0.22165820642978,0.2801839419245674,0.1170514709895748,0.4568527918781725,0.4774183314229572,0.04113107908956937,-0.0013037521556185,-0.0008189778372867499,0.0009695486366634999,0.733611224666915,0.84136952597915,0.21551660262447003,-0.5585743746228462,-0.4799686566466853,0.1572114359523218,0.2323431416135246,0.2715407042572448,0.07839512528744041,1.1541525526741192,1.1884035429141762,0.06850198048011391
0.51,0.1900317181290125,883,3106,98572,420799,3989,0.0076219046163252,0.2213587365254449,0.0088783872102961,0.992672886613746,0.5007756369120211,0.017072038977611,1.1648515242869326,-0.0026736639373409,-0.0009570708285879,554,1.5185044893111188,0.2148014440433213,0.4584837545126354,-0.0013864584246281,-0.0013864584246281,-0.0005894534029772,0.715211056803493,-0.5547776248157139,0.0,0.2323431416135246,1.2226545331542331,0.2692350037965072,4294,9405,137539,375562,13699,0.0260041761579347,0.3134535367545076,0.0302750417744812,0.975569334514387,0.5029221881444341,0.0552169328498315,1.164237682078745,-0.0050851733219214,-0.0027125741403193,446,1.219136710586011,0.3542600896860987,0.5044843049327354,-2.374032715025661e-05,-2.374032715025661e-05,0.0002614361434345,0.9963766958226296,-0.3830814651982964,0.0,0.310738266900965,1.1541525526741192,ETHUSDT,BAJA,v4_63_moderado,63,0.2213587365254449,0.26740613663997626,0.09209480022906269,0.0088783872102961,0.01957671449238865,0.021396654564185102,0.017072038977611,0.03614448591372125,0.0381448938722205,1.164237682078745,1.1645446031828388,0.0006138422081876094,446,500.0,108,0.2148014440433213,0.28453076686471,0.13945864564277738,0.4584837545126354,0.48148402972268545,0.04600055042010004,-0.0013864584246281,-0.0007050993758891783,0.0013627180974778432,0.715211056803493,0.8557938763130613,0.2811656390191366,-0.5547776248157139,-0.4689295450070051,0.17169615961741752,0.2323431416135246,0.2715407042572448,0.07839512528744041,1.1541525526741192,1.1884035429141762,0.06850198048011391
0.52,0.1900317181290125,770,2658,98685,421247,3428,0.0065499847141546,0.2246207701283547,0.0077421949625458,0.9937297271794387,0.5007359610709923,0.0149684593178659,1.1820172565921847,-0.0021961576341219,-0.0006034666937601,528,1.4472389356611384,0.2196969696969697,0.4583333333333333,-0.0013714071356397,-0.0013714071356397,-0.0005894534029772,0.7186651740422294,-0.5336907869498805,0.0,0.2323431416135246,1.2226545331542331,0.2692350037965072,3619,7825,138214,377142,11444,0.0217236142748671,0.3162355819643481,0.0255159236566948,0.97967358241096,0.5025947530338274,0.0472216966668188,1.1745708303343976,-0.0055013117840184,-0.0027663110543704,407,1.112530585669297,0.3587223587223587,0.4938574938574938,-6.373901668642456e-05,-6.373901668642456e-05,-0.0003374447288806,0.9905209161386808,-0.4179107223328301,0.0,0.310738266900965,1.1541525526741192,ETHUSDT,BAJA,v4_63_moderado,63,0.2246207701283547,0.2704281760463514,0.09161481183599338,0.0077421949625458,0.0166290593096203,0.017773728694148998,0.0149684593178659,0.031095077992342353,0.0322532373489529,1.1745708303343976,1.1782940434632911,0.007446426257787131,407,467.5,121,0.2196969696969697,0.2892096642096642,0.139025389025389,0.4583333333333333,0.4760954135954135,0.035524160524160464,-0.0013714071356397,-0.0007175730761630623,0.0013076681189532755,0.7186651740422294,0.8545930450904551,0.27185574209645136,-0.5336907869498805,-0.4758007546413553,0.11578006461705037,0.2323431416135246,0.2715407042572448,0.07839512528744041,1.1541525526741192,1.1884035429141762,0.06850198048011391
0.53,0.1900317181290125,680,2329,98775,421576,3009,0.0057493885661877,0.2259887005649717,0.0068372630838067,0.9945058444698694,0.5006715537768381,0.0132729544034978,1.1892156887806908,-0.0018558705888409,-0.0003768378090069,496,1.3595274850150088,0.2237903225806451,0.4596774193548387,-0.0014578187703915,-0.0014578187703915,-0.0004947246404483,0.7076853077833936,-0.5317424925141434,0.0,0.2323431416135246,1.2226545331542331,0.2692350037965072,3079,6524,138754,378443,9603,0.0182289293849658,0.3206289701135062,0.0217086291624657,0.9830530928625052,0.5023808610124854,0.0406640428960088,1.1908888725176443,-0.0059086146727264,-0.0025925386120422,376,1.027792383812422,0.351063829787234,0.4920212765957447,-0.0005999669631574,-0.0005999669631574,-0.0002131921787632,0.9162302880370452,-0.4763285156919329,0.0,0.310738266900965,1.1541525526741192,ETHUSDT,BAJA,v4_63_moderado,63,0.2259887005649717,0.27330883533923894,0.09464026954853452,0.0068372630838067,0.0142729461231362,0.014871366078659,0.0132729544034978,0.0269684986497533,0.027391088492510998,1.1892156887806908,1.1900522806491676,0.0016731837369534652,376,436.0,120,0.2237903225806451,0.28742707618393953,0.1272735072065889,0.4596774193548387,0.47584934797529166,0.03234385724090599,-0.0014578187703915,-0.00102889286677445,0.0008578518072341,0.7076853077833936,0.8119577979102194,0.20854498025365165,-0.5317424925141434,-0.5040355041030382,0.0554139768222105,0.2323431416135246,0.2715407042572448,0.07839512528744041,1.1541525526741192,1.1884035429141762,0.06850198048011391
0.54,0.1900317181290125,619,2047,98836,421858,2666,0.0050940079486395,0.2321830457614403,0.0062239203659946,0.9951710878616672,0.5006975041138308,0.012122873845732,1.2218120640461256,-0.001334938461565,-0.0002595394169724,466,1.2772980000342624,0.2296137339055794,0.4592274678111588,-0.0015353490631757,-0.0015353490631757,-0.000596616649409,0.7022077601475959,-0.5279905700262999,0.0,0.2323431416135246,1.2226545331542331,0.2692350037965072,2672,5437,139161,379530,8109,0.0153929384965831,0.3295104205204094,0.0188390572010745,0.9858767115103372,0.5023578843557059,0.035640447639754,1.2238765980424278,-0.006042952483579,-0.0021911022196818,332,0.9075188069833088,0.3433734939759036,0.4819277108433735,-0.0010769413910835,-0.0010769413910835,-0.0007736859759339,0.8584096872538975,-0.4652136871304437,0.0,0.310738266900965,1.1541525526741192,ETHUSDT,BAJA,v4_63_moderado,63,0.2321830457614403,0.28084673314092484,0.0973273747589691,0.0062239203659946,0.01253148878353455,0.0126151368350799,0.012122873845732,0.023881660742742998,0.023517573794022,1.2218120640461256,1.2228443310442767,0.0020645339963021314,332,399.0,134,0.2296137339055794,0.2864936139407415,0.1137597600703242,0.4592274678111588,0.4705775893272661,0.022700243032214684,-0.0015353490631757,-0.0013061452271296002,0.0004584076720921999,0.7022077601475959,0.7803087237007467,0.15620192710630165,-0.5279905700262999,-0.4966021285783718,0.0627768828958562,0.2323431416135246,0.2715407042572448,0.07839512528744041,1.1541525526741192,1.1884035429141762,0.06850198048011391
0.55,0.1900317181290125,563,1815,98892,422090,2378,0.0045437175175787,0.236753574432296,0.0056608516414458,0.9957183802974724,0.500689615969459,0.0110573193365608,1.2458634630223364,-0.0009117452241069,-4.862947067585388e-05,444,1.2169963777150483,0.2319819819819819,0.4527027027027027,-0.00164056403064,-0.00164056403064,-0.0006240567678819,0.6888227258840073,-0.5337569868768988,0.0,0.2323431416135246,1.2226545331542331,0.2692350037965072,2331,4585,139502,380382,6916,0.0131283219438116,0.3370445344129554,0.0164348212334224,0.9880898882241854,0.5022623547288039,0.0313413871689893,1.2518600095093873,-0.0060253975238418,-0.0018642743560414,304,0.830981076273873,0.3651315789473684,0.5131578947368421,-0.0006406360435681,-0.0006406360435681,0.0007453892871884,0.9130442983868586,-0.3991804350918176,0.0,0.310738266900965,1.1541525526741192,ETHUSDT,BAJA,v4_63_moderado,63,0.236753574432296,0.2868990544226257,0.1002909599806594,0.0056608516414458,0.011047836437434101,0.010773969591976601,0.0110573193365608,0.021199353252775048,0.0202840678324285,1.2458634630223364,1.2488617362658618,0.005996546487050836,304,374.0,140,0.2319819819819819,0.29855678046467515,0.13314959696538653,0.4527027027027027,0.48293029871977244,0.06045519203413946,-0.00164056403064,-0.00114060003710405,0.0009999279870719002,0.6888227258840073,0.800933512135433,0.22422157250285135,-0.5337569868768988,-0.46646871098435816,0.13457655178508116,0.2323431416135246,0.2715407042572448,0.07839512528744041,1.1541525526741192,1.1884035429141762,0.06850198048011391
0.56,0.1900317181290125,521,1606,98934,422299,2127,0.0040641241210638,0.2449459332393042,0.0052385500980342,0.996211415293521,0.5007249826957776,0.0102577228249099,1.2889739441970969,-0.0005348985676076,0.0001378178048618,425,1.1649177038939087,0.2258823529411764,0.4517647058823529,-0.0018064767501937,-0.0018064767501937,-0.0006141158924419,0.6649265010236504,-0.5513574772499062,0.0,0.2323431416135246,1.2226545331542331,0.2692350037965072,2052,3927,139781,381040,5979,0.0113496583143507,0.3432012042147516,0.0144677190780706,0.9897991256393404,0.5021334223587056,0.0277649987822368,1.2747272805364842,-0.0060216033110025,-0.0016281470891905,271,0.7407758936520381,0.3800738007380074,0.5276752767527675,-0.0003087886709708,-0.0003087886709708,0.0011994956539204,0.9582387657265848,-0.3634182744603177,0.0,0.310738266900965,1.1541525526741192,ETHUSDT,BAJA,v4_63_moderado,63,0.2449459332393042,0.2940735687270279,0.0982552709754474,0.0052385500980342,0.009853134588052401,0.0092291689800364,0.0102577228249099,0.019011360803573348,0.0175072759573269,1.2747272805364842,1.2818506123667905,0.014246663660612668,271,348.0,154,0.2258823529411764,0.3029780768395919,0.154191447796831,0.4517647058823529,0.48971999131756017,0.07591057087041458,-0.0018064767501937,-0.00105763271058225,0.0014976880792229,0.6649265010236504,0.8115826333751176,0.2933122647029345,-0.5513574772499062,-0.457387875855112,0.18793920278958853,0.2323431416135246,0.2715407042572448,0.07839512528744041,1.1541525526741192,1.1884035429141762,0.06850198048011391
0.57,0.1900317181290125,486,1400,98969,422505,1886,0.0036036380311831,0.2576882290562036,0.0048866321451912,0.99669737323221,0.5007920026887007,0.0095913795995697,1.356027465274292,-7.691498697038116e-05,0.0004322676816817,403,1.1046160815746946,0.2208436724565756,0.4441687344913151,-0.0018084537956939,-0.0018084537956939,-0.0009722976643129,0.6604483269115228,-0.5320986510786354,0.0,0.2323431416135246,1.2226545331542331,0.2692350037965072,1799,3394,140034,381573,5193,0.0098576309794988,0.3464278836895821,0.0126839311020707,0.9911836598981212,0.501933795500096,0.0244718621196251,1.2867119015156687,-0.006361278217291,-0.001543006775615,244,0.6669716533250822,0.3770491803278688,0.5163934426229508,-0.0005610262635516,-0.0005610262635516,0.0010587880795367,0.9271315019203468,-0.4050008831105219,0.0,0.310738266900965,1.1541525526741192,ETHUSDT,BAJA,v4_63_moderado,63,0.2576882290562036,0.30205805637289285,0.08873965463337852,0.0048866321451912,0.00878528162363095,0.0077972989568794995,0.0095913795995697,0.017031620859597398,0.014880482520055398,1.2867119015156687,1.3213696833949804,0.06931556375862336,244,323.5,159,0.2208436724565756,0.29894642639222224,0.15620550787129323,0.4441687344913151,0.480281088557133,0.07222470813163573,-0.0018084537956939,-0.00118474002962275,0.0012474275321423,0.6604483269115228,0.7937899144159348,0.266683175008824,-0.5320986510786354,-0.46854976709457863,0.1270977679681135,0.2323431416135246,0.2715407042572448,0.07839512528744041,1.1541525526741192,1.1884035429141762,0.06850198048011391
0.58,0.1900317181290125,444,1229,99011,422676,1673,0.0031966523998777,0.2653915122534369,0.0044643306017797,0.9971007655017043,0.500782548051742,0.0087809508741397,1.3965642939315142,6.101449706412368e-05,0.0006500478829915,375,1.027868562259331,0.2133333333333333,0.432,-0.0020714483929253,-0.0020714483929253,-0.0013097168516902,0.6271021475414164,-0.5536236615916887,0.0,0.2323431416135246,1.2226545331542331,0.2692350037965072,1583,2975,140250,381992,4558,0.0086522399392558,0.3473014480035103,0.011161013304379,0.9922720648782882,0.5017165390913336,0.0216270125895717,1.2899565179348194,-0.0066946568139019,-0.0016970935223966,222,0.6068348649105256,0.3828828828828828,0.5225225225225225,-0.0009696483331632,-0.0009696483331632,0.0010587880795367,0.8784803192574925,-0.407118743536265,0.0,0.310738266900965,1.1541525526741192,ETHUSDT,BAJA,v4_63_moderado,63,0.2653915122534369,0.3063464801284736,0.08190993575007344,0.0044643306017797,0.00781267195307935,0.006696682702599301,0.0087809508741397,0.015203981731855701,0.012846061715432,1.2899565179348194,1.3432604059331668,0.1066077759966948,222,298.5,153,0.2133333333333333,0.29810810810810806,0.1695495495495495,0.432,0.4772612612612612,0.09052252252252252,-0.0020714483929253,-0.00152054836304425,0.0011018000597621,0.6271021475414164,0.7527912333994544,0.2513781717160761,-0.5536236615916887,-0.48037120256397686,0.14650491805542376,0.2323431416135246,0.2715407042572448,0.07839512528744041,1.1541525526741192,1.1884035429141762,0.06850198048011391
0.59,0.1900317181290125,386,1031,99069,422874,1417,0.0027075053500458,0.2724064925899788,0.0038811522799255,0.9975678512874346,0.5007245017836801,0.0076532635419145,1.433479080608228,0.0001636003067862,0.0008190990953389,354,0.9703079227728088,0.1949152542372881,0.4293785310734463,-0.0021245991083712,-0.0021245991083712,-0.0013070323388886,0.6153304750235558,-0.541165410485634,0.0,0.2323431416135246,1.2226545331542331,0.2692350037965072,1338,2633,140495,382334,3971,0.0075379650721336,0.336942835557794,0.0094336296912566,0.9931604527141288,0.5012970412026927,0.0183534059422238,1.2514822768456275,-0.0072915644666086,-0.0024214725096995,202,0.5521650572609288,0.3910891089108911,0.5148514851485149,-0.0012863198615455,-0.0012863198615455,0.0004891942754646,0.8439718110520479,-0.4039678351377086,0.0,0.310738266900965,1.1541525526741192,ETHUSDT,BAJA,v4_63_moderado,63,0.2724064925899788,0.3046746640738864,0.06453634296781519,0.0038811522799255,0.00665739098559105,0.0055524774113310995,0.0076532635419145,0.01300333474206915,0.010700142400309299,1.2514822768456275,1.3424806787269277,0.18199680376260052,202,278.0,152,0.1949152542372881,0.2930021815740896,0.19617385467360302,0.4293785310734463,0.4721150081109806,0.08547295407506855,-0.0021245991083712,-0.00170545948495835,0.0008382792468257,0.6153304750235558,0.7296511430378019,0.22864133602849213,-0.541165410485634,-0.47256662281167133,0.13719757534792543,0.2323431416135246,0.2715407042572448,0.07839512528744041,1.1541525526741192,1.1884035429141762,0.06850198048011391
0.6,0.1900317181290125,330,895,99125,423010,1225,0.0023406450626719,0.2693877551020408,0.0033180835553768,0.9978886778877344,0.5006033807215555,0.0065554231227651,1.4175936404424525,-0.0004805674305515,0.0007524628688516,338,0.926452197449744,0.1952662721893491,0.4260355029585799,-0.0021109838234754,-0.0021109838234754,-0.0012055179744759,0.6213674937287611,-0.5226485599614095,0.0,0.2323431416135246,1.2226545331542331,0.2692350037965072,1142,2347,140691,382620,3489,0.0066230068337129,0.3273144167383204,0.0080517228007586,0.9939033735359136,0.5009775481683361,0.0157168219540055,1.2157201408540128,-0.0080665107508528,-0.0033007041199859,181,0.494761759228852,0.3922651933701657,0.5138121546961326,-0.0010550928756408,-0.0010550928756408,0.0010512747849457,0.8698735324413422,-0.3628320924826798,0.0,0.310738266900965,1.1541525526741192,ETHUSDT,BAJA,v4_63_moderado,63,0.2693877551020408,0.2983510859201806,0.057926661636279575,0.0033180835553768,0.0056849031780677,0.004733639245381801,0.0065554231227651,0.0111361225383853,0.009161398831240399,1.2157201408540128,1.3166568906482325,0.2018734995884397,181,259.5,157,0.1952662721893491,0.29376573277975737,0.19699892118081658,0.4260355029585799,0.4699238288273563,0.08777665173755272,-0.0021109838234754,-0.0015830383495581,0.0010558909478346002,0.6213674937287611,0.7456205130850517,0.24850603871258115,-0.5226485599614095,-0.4427403262220446,0.15981646747872968,0.2323431416135246,0.2715407042572448,0.07839512528744041,1.1541525526741192,1.1884035429141762,0.06850198048011391
0.61,0.1900317181290125,293,797,99162,423108,1090,0.0020826964231121,0.2688073394495412,0.0029460560052284,0.9981198617614796,0.500532958883354,0.0058282361131831,1.414539331097601,-0.0009349610498259,0.0007260237203713,326,0.8935604034574454,0.1840490797546012,0.4171779141104294,-0.0024209892746854,-0.0024209892746854,-0.0014145404154662,0.5758818659148659,-0.556964292538529,0.0,0.2323431416135246,1.2226545331542331,0.2692350037965072,1011,2081,140822,382886,3092,0.0058694001518602,0.3269728331177232,0.00712810135864,0.9945943418526784,0.5008612216056592,0.0139520441607728,1.2144514216467013,-0.0086542976262346,-0.0043328763531151,165,0.4510259131091745,0.4121212121212121,0.5333333333333333,-0.0008987248758723,-0.0008987248758723,0.0014908135690453,0.8933735948823741,-0.3528243572061076,0.0,0.310738266900965,1.1541525526741192,ETHUSDT,BAJA,v4_63_moderado,63,0.2688073394495412,0.2978900862836322,0.05816549366818197,0.0029460560052284,0.0050370786819342005,0.0041820453534116,0.0058282361131831,0.00989014013697795,0.0081238080475897,1.2144514216467013,1.3144953763721512,0.20008790945089983,165,245.5,161,0.1840490797546012,0.29808514593790664,0.22807213236661092,0.4171779141104294,0.47525562372188135,0.1161554192229039,-0.0024209892746854,-0.00165985707527885,0.0015222643988131,0.5758818659148659,0.73462773039862,0.3174917289675082,-0.556964292538529,-0.4548943248723183,0.20413993533242136,0.2323431416135246,0.2715407042572448,0.07839512528744041,1.1541525526741192,1.1884035429141762,0.06850198048011391
0.62,0.1900317181290125,269,719,99186,423186,988,0.0018878018954448,0.2722672064777328,0.0027047408375647,0.998303865252828,0.5005043030451963,0.0053562717162968,1.4327461181658665,-0.0009674316149576,0.000771072034815,311,0.8524456609670721,0.180064308681672,0.4115755627009646,-0.0023345016577115,-0.0023345016577115,-0.001417786556475,0.5840824710211684,-0.5271866772540026,0.0,0.2323431416135246,1.2226545331542331,0.2692350037965072,895,1859,140938,383108,2754,0.0052277904328018,0.3249818445896877,0.0063102380969167,0.9951710146583992,0.500740626377658,0.0123800894962894,1.2070564377108817,-0.0093649958843723,-0.0053986591135986,148,0.4045565766070171,0.4121621621621621,0.5337837837837838,-0.0009309310139386,-0.0009309310139386,0.0015662335187446,0.8938111955833256,-0.3684919050577123,0.0,0.310738266900965,1.1541525526741192,ETHUSDT,BAJA,v4_63_moderado,63,0.2722672064777328,0.2986245255337102,0.052714638111954926,0.0027047408375647,0.0045074894672407,0.0036054972593519996,0.0053562717162968,0.0088681806062931,0.007023817779992601,1.2070564377108817,1.319901277938374,0.22568968045498483,148,229.5,163,0.180064308681672,0.29611323542191703,0.2320978534804901,0.4115755627009646,0.4726796732423742,0.12220822108281915,-0.0023345016577115,-0.00163271633582505,0.0014035706437728998,0.5840824710211684,0.738946833302247,0.30972872456215716,-0.5271866772540026,-0.4478392911558574,0.1586947721962903,0.2323431416135246,0.2715407042572448,0.07839512528744041,1.1541525526741192,1.1884035429141762,0.06850198048011391
0.63,0.1900317181290125,261,640,99194,423265,901,0.0017215683277285,0.2896781354051054,0.0026243024483434,0.998490227763296,0.5005572651058198,0.0052014827215114,1.5243672911931625,-0.0008057605009885,0.0008190990953389,303,0.8305177983055396,0.1848184818481848,0.4092409240924092,-0.0024064004415243,-0.0024064004415243,-0.001417786556475,0.5791644225994234,-0.5286010443542035,0.0,0.2323431416135246,1.2226545331542331,0.2692350037965072,816,1711,141017,383256,2527,0.004796886864085,0.3229125445191927,0.0057532450135017,0.9955554631955468,0.5006543541045242,0.0113050706566916,1.1993705869065077,-0.0095399298325644,-0.0058047075888443,138,0.3772216727822186,0.3768115942028985,0.5144927536231884,-0.0005966625554745,-0.0005966625554745,0.000607645999394,0.9269962121140084,-0.3363881047981518,0.0,0.310738266900965,1.1541525526741192,ETHUSDT,BAJA,v4_63_moderado,63,0.2896781354051054,0.3062953399621491,0.033234409114087315,0.0026243024483434,0.00418877373092255,0.0031289425651583004,0.0052014827215114,0.0082532766891015,0.0061035879351802,1.1993705869065077,1.361868939049835,0.32499670428665484,138,220.5,165,0.1848184818481848,0.28081503802554164,0.1919931123547137,0.4092409240924092,0.4618668388577988,0.10525182953077916,-0.0024064004415243,-0.0015015314984994001,0.0018097378860498,0.5791644225994234,0.7530803173567159,0.34783178951458504,-0.5286010443542035,-0.4324945745761777,0.19221293955605173,0.2323431416135246,0.2715407042572448,0.07839512528744041,1.1541525526741192,1.1884035429141762,0.06850198048011391
0.64,0.1900317181290125,248,556,99207,423349,804,0.0015362274533781,0.308457711442786,0.0024935900658589,0.9986883853693634,0.5005909877176112,0.0049471867862236,1.6231906677461818,-0.0008072275505534,0.0007802626773328,284,0.7784391244844002,0.1795774647887324,0.4119718309859155,-0.0024205117594018,-0.0024205117594018,-0.0015770426562718,0.5825190201253562,-0.5101550082245216,0.0,0.2323431416135246,1.2226545331542331,0.2692350037965072,771,1538,141062,383429,2309,0.0043830675778283,0.3339107838891295,0.005435970472316,0.9960048523639689,0.5007204114181425,0.0106977841295389,1.240220547776564,-0.0090447041984561,-0.005405824039653,128,0.3498867689574202,0.3828125,0.5234375,-0.0007365035346712,-0.0007365035346712,0.000607645999394,0.9123040262033284,-0.324497288593278,0.0,0.310738266900965,1.1541525526741192,ETHUSDT,BAJA,v4_63_moderado,63,0.308457711442786,0.32118424766595777,0.025453072446343483,0.0024935900658589,0.00396478026908745,0.0029423804064571,0.0049471867862236,0.00782248545788125,0.0057505973433153,1.240220547776564,1.4317056077613728,0.38297011996961783,128,206.0,156,0.1795774647887324,0.2811949823943662,0.2032350352112676,0.4119718309859155,0.46770466549295775,0.1114656690140845,-0.0024205117594018,-0.0015785076470365,0.0016840082247305999,0.5825190201253562,0.7474115231643423,0.32978500607797223,-0.5101550082245216,-0.4173261484088998,0.18565771963124367,0.2323431416135246,0.2715407042572448,0.07839512528744041,1.1541525526741192,1.1884035429141762,0.06850198048011391
0.65,0.1900317181290125,227,502,99228,423403,729,0.0013929226536227,0.3113854595336077,0.0022824392941531,0.9988157724018352,0.5005491058479942,0.0045316617423939,1.638597296279814,-0.000978075451019,0.0006956298393094,271,0.74280634765941,0.1697416974169741,0.4022140221402214,-0.0026207504381049,-0.0026207504381049,-0.0016349237632808,0.5594719829074732,-0.5209250999962434,0.0,0.2323431416135246,1.2226545331542331,0.2692350037965072,722,1400,141111,383567,2122,0.0040280941533788,0.3402450518378888,0.0050904937496915,0.9963633246486062,0.5007269091991489,0.0100309124379146,1.2637474586887385,-0.0085688979397384,-0.0049190364571002,114,0.3116179036027023,0.3684210526315789,0.5087719298245614,-0.0008744869952652,-0.0008744869952652,0.0002396896409993,0.9021418014091196,-0.3304156025553586,0.0,0.310738266900965,1.1541525526741192,ETHUSDT,BAJA,v4_63_moderado,63,0.3113854595336077,0.3258152556857482,0.02885959230428109,0.0022824392941531,0.0036864665219223,0.0028080544555383995,0.0045316617423939,0.0072812870901542495,0.0054992506955207,1.2637474586887385,1.4511723774842764,0.3748498375910756,114,192.5,157,0.1697416974169741,0.26908137502427654,0.19867935521460484,0.4022140221402214,0.4554929759823914,0.10655790768434004,-0.0026207504381049,-0.00174761871668505,0.0017462634428396999,0.5594719829074732,0.7308068921582964,0.34266981850164635,-0.5209250999962434,-0.425670351275801,0.19050949744088475,0.2323431416135246,0.2715407042572448,0.07839512528744041,1.1541525526741192,1.1884035429141762,0.06850198048011391
0.66,0.1900317181290125,212,468,99243,423437,680,0.0012992968511158,0.3117647058823529,0.0021316173143632,0.9988959790519102,0.5005137981831367,0.004234283716982,1.640592996537009,-0.0009124030191399,0.0007060336914928,263,0.7208784849978777,0.1596958174904943,0.3916349809885932,-0.002695688581831,-0.002695688581831,-0.0018556897244486,0.5476163028614903,-0.5198830495650695,0.0,0.2323431416135246,1.2226545331542331,0.2692350037965072,671,1240,141162,383727,1911,0.003627562642369,0.3511250654107797,0.0047309159363476,0.9967789446887656,0.5007549303125566,0.0093360418521816,1.3041583020763767,-0.007752439949715,-0.0043257555538525,108,0.2952169613078232,0.3703703703703703,0.5370370370370371,-0.0007536110015164,-0.0007536110015164,0.0009064043072928,0.9132789691265464,-0.31813938180461,0.0,0.310738266900965,1.1541525526741192,ETHUSDT,BAJA,v4_63_moderado,63,0.3117647058823529,0.33144488564656627,0.039360359528426814,0.0021316173143632,0.0034312666253554,0.0025992986219843996,0.004234283716982,0.0067851627845818,0.005101758135199599,1.3041583020763767,1.4723756493066928,0.33643469446063223,108,185.5,155,0.1596958174904943,0.2650330939304323,0.210674552879876,0.3916349809885932,0.46433600901281513,0.14540205604844392,-0.002695688581831,-0.0017246497916737,0.0019420775803146,0.5476163028614903,0.7304476359940184,0.36566266626505606,-0.5198830495650695,-0.41901121568483973,0.2017436677604595,0.2323431416135246,0.2715407042572448,0.07839512528744041,1.1541525526741192,1.1884035429141762,0.06850198048011391
0.67,0.1900317181290125,198,416,99257,423489,614,0.001173188627331,0.3224755700325732,0.001990850133226,0.9990186480461424,0.5005047490896842,0.003957269484056,1.696956556555704,-0.0006969372246807,0.0007504997051659,251,0.6879866910055791,0.1593625498007968,0.3864541832669322,-0.0026160419882158,-0.0026160419882158,-0.0016349237632808,0.5472929961178767,-0.4928132902439834,0.0,0.2323431416135246,1.2226545331542331,0.2692350037965072,635,1107,141198,383860,1742,0.0033067577828397,0.3645235361653272,0.004477096303399,0.997124428847148,0.5008007625752735,0.0088455511056938,1.3539232678706252,-0.0073158223094546,-0.0033452315724346,101,0.2760825286304644,0.396039603960396,0.5445544554455446,-0.0002532672271063,-0.0002532672271063,0.001112414058986,0.9709934076113684,-0.2901814386094741,0.0,0.310738266900965,1.1541525526741192,ETHUSDT,BAJA,v4_63_moderado,63,0.3224755700325732,0.3434995530989502,0.04204796613275397,0.001990850133226,0.0032339732183125003,0.0024862461701730004,0.003957269484056,0.0064014102948749,0.004888281621637799,1.3539232678706252,1.5254399122131646,0.3430332886850789,101,176.0,150,0.1593625498007968,0.2777010768805964,0.2366770541595992,0.3864541832669322,0.46550431935623837,0.1581002721786124,-0.0026160419882158,-0.00143465460766105,0.0023627747611095,0.5472929961178767,0.7591432018646226,0.4237004114934917,-0.4928132902439834,-0.3914973644267288,0.2026318516345093,0.2323431416135246,0.2715407042572448,0.07839512528744041,1.1541525526741192,1.1884035429141762,0.06850198048011391
0.68,0.1900317181290125,187,381,99268,423524,568,0.0010852950168144,0.329225352112676,0.0018802473480468,0.9991012137153372,0.500490730531692,0.0037391399978005,1.7324757959045811,-0.0007168789978813,0.0007504997051659,238,0.6523539141805889,0.1638655462184874,0.3949579831932773,-0.0025458506466654,-0.0025458506466654,-0.0014724072143212,0.5571153920495698,-0.4658889304754452,0.0,0.2323431416135246,1.2226545331542331,0.2692350037965072,603,987,141230,383980,1590,0.0030182232346241,0.3792452830188679,0.0042514788518891,0.9974361438772674,0.5008438113645783,0.008408693166368,1.408603181871212,-0.0067390383235918,-0.0020689366553305,98,0.2678820574830248,0.3775510204081632,0.5306122448979592,-0.0013523009140548,-0.0013523009140548,0.000607645999394,0.8599264969937973,-0.3458510373115158,0.0,0.310738266900965,1.1541525526741192,ETHUSDT,BAJA,v4_63_moderado,63,0.329225352112676,0.354235317565772,0.05001993090619189,0.0018802473480468,0.00306586309996795,0.0023712315038422996,0.0037391399978005,0.006073916582084249,0.004669553168567499,1.408603181871212,1.5705394888878965,0.3238726140333692,98,168.0,140,0.1638655462184874,0.2707082833133253,0.2136854741896758,0.3949579831932773,0.4627851140456183,0.13565426170468192,-0.0025458506466654,-0.0019490757803601,0.0011935497326106001,0.5571153920495698,0.7085209445216836,0.30281110494422747,-0.4658889304754452,-0.4058699838934805,0.12003789316392943,0.2323431416135246,0.2715407042572448,0.07839512528744041,1.1541525526741192,1.1884035429141762,0.06850198048011391
0.69,0.1900317181290125,181,335,99274,423570,516,0.0009859370223173,0.3507751937984496,0.0018199185561309,0.9992097285948502,0.5005148235754906,0.0036210501045303,1.845877084373401,-0.0005244517000296,0.000773550341853,224,0.6139801545229072,0.1696428571428571,0.3839285714285714,-0.0026604020905002,-0.0026604020905002,-0.0016767699959189,0.5496675437264027,-0.4603052336084667,0.0,0.2323431416135246,1.2226545331542331,0.2692350037965072,542,885,141291,384082,1427,0.002708807896735,0.3798177995795375,0.0038213955849484,0.997701101652869,0.5007612486189087,0.0075666620131229,1.410729638507966,-0.0068374434558986,-0.0014719943636456,91,0.2487476248056659,0.3296703296703296,0.4725274725274725,-0.0046054009652748,-0.0046054009652748,-0.0005813693484191,0.5867971452393628,-0.4251040253832748,0.0,0.310738266900965,1.1541525526741192,ETHUSDT,BAJA,v4_63_moderado,63,0.3507751937984496,0.36529649668899355,0.02904260578108786,0.0018199185561309,0.00282065707053965,0.0020014770288175002,0.0036210501045303,0.0055938560588266,0.0039456119085926,1.410729638507966,1.6283033614406834,0.43514744586543497,91,157.5,133,0.1696428571428571,0.24965659340659335,0.16002747252747251,0.3839285714285714,0.42822802197802196,0.08859890109890112,-0.0046054009652748,-0.0036329015278875002,0.0019449988747746003,0.5496675437264027,0.5682323444828827,0.037129601512960075,-0.4603052336084667,-0.44270462949587075,0.035201208225191905,0.2323431416135246,0.2715407042572448,0.07839512528744041,1.1541525526741192,1.1884035429141762,0.06850198048011391
0.7,0.1900317181290125,163,297,99292,423608,460,0.0008789361051666,0.3543478260869565,0.001638932180383,0.9992993713214046,0.5004691517508938,0.0032627733573537,1.8646772737506363,-0.0003123483796082,0.0008716380470721,210,0.5756063948652255,0.1714285714285714,0.3904761904761905,-0.0025376879537935,-0.0025376879537935,-0.0016767699959189,0.575168727956706,-0.4249913178503477,0.0,0.2323431416135246,1.2226545331542331,0.2692350037965072,482,771,141351,384196,1253,0.0023785117691723,0.3846767757382282,0.0033983628633674,0.9979972309314824,0.500697796897425,0.0067372069943949,1.4287769803846682,-0.007069616605121,-0.0008422499881928,84,0.229613192128307,0.3214285714285714,0.4404761904761904,-0.0052661679181948,-0.0052661679181948,-0.0009533230223292,0.554418770209371,-0.4129988769092814,0.0,0.310738266900965,1.1541525526741192,ETHUSDT,BAJA,v4_63_moderado,63,0.3543478260869565,0.36951230091259235,0.030328949651271753,0.001638932180383,0.0025186475218752,0.0017594306829844,0.0032627733573537,0.0049999901758743,0.0034744336370411996,1.4287769803846682,1.6467271270676522,0.43590029336596814,84,147.0,126,0.1714285714285714,0.24642857142857139,0.15,0.3904761904761905,0.41547619047619044,0.04999999999999993,-0.0052661679181948,-0.00390192793599415,0.0027284799644013,0.554418770209371,0.5647937490830386,0.020749957747335013,-0.4249913178503477,-0.41899509737981455,0.011992440941066329,0.2323431416135246,0.2715407042572448,0.07839512528744041,1.1541525526741192,1.1884035429141762,0.06850198048011391
0.71,0.1900317181290125,144,272,99311,423633,416,0.0007948639559767,0.3461538461538461,0.0014478910059826,0.9993583467994008,0.5004031189026917,0.0028837199987984,1.8215582617573467,-0.000425414705146,0.0006820649923257,197,0.5399736180402354,0.1776649746192893,0.4060913705583756,-0.0024178156095582,-0.0024178156095582,-0.0016349237632808,0.5890568141936627,-0.3904180312656915,0.0,0.2323431416135246,1.2226545331542331,0.2692350037965072,425,690,141408,384277,1115,0.0021165527714502,0.3811659192825112,0.0029964817778655,0.998207638576813,0.5006020601773393,0.0059462182052214,1.415736861506327,-0.0077189582483382,-0.0008422499881928,80,0.2186792305983876,0.35,0.475,-0.0049492607005665,-0.0049492607005665,-0.0006109987043722,0.5885095867839488,-0.4095164634093383,0.0,0.310738266900965,1.1541525526741192,ETHUSDT,BAJA,v4_63_moderado,63,0.3461538461538461,0.3636598827181786,0.03501207312866511,0.0014478910059826,0.0022221863919240498,0.0015485907718829,0.0028837199987984,0.0044149691020099,0.003062498206423,1.415736861506327,1.6186475616318368,0.40582140025101965,80,138.5,117,0.1776649746192893,0.26383248730964465,0.1723350253807107,0.4060913705583756,0.4405456852791878,0.0689086294416244,-0.0049492607005665,-0.00368353815506235,0.0025314450910083,0.5885095867839488,0.5887832004888058,0.0005472274097139129,-0.4095164634093383,-0.3999672473375149,0.01909843214364676,0.2323431416135246,0.2715407042572448,0.07839512528744041,1.1541525526741192,1.1884035429141762,0.06850198048011391
0.72,0.1900317181290125,112,251,99343,423654,363,0.0006935952308162,0.3085399449035813,0.0011261374490975,0.9994078862009176,0.5002670118250077,0.0022440842333046,1.6236234031947945,-0.0011409967395742,-7.617354873534765e-05,179,0.4906359270517874,0.1675977653631284,0.3910614525139664,-0.0028333136828157,-0.0028333136828157,-0.001889400675701,0.5516379206203381,-0.4084391683342852,0.0,0.2323431416135246,1.2226545331542331,0.2692350037965072,358,634,141475,384333,992,0.0018830675778283,0.3608870967741935,0.0025240952387667,0.9983531055908688,0.5004386004148178,0.0050131279537896,1.340416705425713,-0.0088985672902873,-0.0020030195046429,72,0.1968113075385488,0.3472222222222222,0.4861111111111111,-0.0042586563755681,-0.0042586563755681,-0.0004278332674151,0.6251167318853357,-0.3706491900264673,0.0,0.310738266900965,1.1541525526741192,ETHUSDT,BAJA,v4_63_moderado,63,0.3085399449035813,0.3347135208388874,0.05234715187061223,0.0011261374490975,0.0018251163439321001,0.0013979577896692,0.0022440842333046,0.0036286060935471,0.0027690437204850003,1.340416705425713,1.4820200543102537,0.2832066977690815,72,125.5,107,0.1675977653631284,0.2574099937926753,0.1796244568590938,0.3910614525139664,0.4385862818125388,0.0950496585971447,-0.0042586563755681,-0.0035459850291918995,0.0014253426927523997,0.5516379206203381,0.5883773262528369,0.07347881126499756,-0.4084391683342852,-0.3895441791803762,0.037789978307817884,0.2323431416135246,0.2715407042572448,0.07839512528744041,1.1541525526741192,1.1884035429141762,0.06850198048011391
0.73,0.1900317181290125,80,233,99375,423672,313,0.0005980586976459,0.255591054313099,0.0008043838922125,0.999450348545075,0.5001273662186437,0.0016037206318659,1.3449915457775226,-0.0026343095388992,-0.0010540265664005,170,0.4659670815575635,0.1647058823529411,0.3764705882352941,-0.0032550484135738,-0.0032550484135738,-0.0022142387257424,0.500452516270514,-0.4343576128603406,0.0,0.2323431416135246,1.2226545331542331,0.2692350037965072,312,585,141521,384382,897,0.0017027334851936,0.3478260869565217,0.0021997701522212,0.9984803892281676,0.5003400796901945,0.0043718909829748,1.2919051462543671,-0.0099026250420479,-0.0027896329634515,68,0.1858773460086294,0.3529411764705882,0.4852941176470588,-0.0050310934626934,-0.0050310934626934,-0.0007572808330121,0.5812562522674511,-0.3693321483043901,0.0,0.310738266900965,1.1541525526741192,ETHUSDT,BAJA,v4_63_moderado,63,0.255591054313099,0.3017085706348103,0.0922350326434227,0.0008043838922125,0.00150207702221685,0.0013953862600086997,0.0016037206318659,0.0029878058074203503,0.0027681703511089,1.2919051462543671,1.3184483460159448,0.053086399523155414,68,119.0,102,0.1647058823529411,0.2588235294117647,0.1882352941176471,0.3764705882352941,0.4308823529411765,0.10882352941176471,-0.0050310934626934,-0.0041430709381336,0.0017760450491195994,0.500452516270514,0.5408543842689826,0.08080373599693713,-0.4343576128603406,-0.40184488058236534,0.06502546455595049,0.2323431416135246,0.2715407042572448,0.07839512528744041,1.1541525526741192,1.1884035429141762,0.06850198048011391
0.74,0.1900317181290125,56,221,99399,423684,277,0.0005292723937633,0.2021660649819494,0.0005630687245487,0.9994786567745132,0.500020862749531,0.0011230096659046,1.06385432375399,-0.0032477818761844,-0.0018461458455218,164,0.4495211845614142,0.1646341463414634,0.3719512195121951,-0.0034058967219368,-0.0034058967219368,-0.0025133482945264,0.4893828890033139,-0.4371924411209272,0.0,0.2323431416135246,1.2226545331542331,0.2692350037965072,265,526,141568,384441,791,0.0015015186028853,0.3350189633375474,0.0018683945203161,0.9986336491179764,0.5002510218191463,0.0037160646174556,1.2443365781321691,-0.0111309468433459,-0.0038902191124821,63,0.1722098940962302,0.3492063492063492,0.492063492063492,-0.004796198444799,-0.004796198444799,-9.989537274113224e-05,0.6086658678722893,-0.3522573153574515,0.0,0.310738266900965,1.1541525526741192,ETHUSDT,BAJA,v4_63_moderado,63,0.2021660649819494,0.2685925141597484,0.132852898355598,0.0005630687245487,0.0012157316224324002,0.0013053257957674,0.0011230096659046,0.0024195371416801,0.002593054951551,1.06385432375399,1.1540954509430796,0.18048225437817922,63,113.5,101,0.1646341463414634,0.2569202477739063,0.1845722028648858,0.3719512195121951,0.43200735578784355,0.12011227255129686,-0.004796198444799,-0.0041010475833679,0.0013903017228622003,0.4893828890033139,0.5490243784378016,0.11928297886897538,-0.4371924411209272,-0.39472487823918934,0.08493512576347573,0.2323431416135246,0.2715407042572448,0.07839512528744041,1.1541525526741192,1.1884035429141762,0.06850198048011391
0.75,0.1900317181290125,40,202,99415,423703,242,0.0004623968205441,0.1652892561983471,0.0004021919461062,0.9995234781377904,0.4999628350419483,0.0008024313670421,0.869798251711497,-0.0038039994012846,-0.0027478114995054,156,0.4275933218998818,0.1602564102564102,0.3846153846153846,-0.0031770759023807,-0.0031770759023807,-0.002044511649109,0.4987672457458826,-0.398994364562788,0.0,0.2323431416135246,1.2226545331542331,0.2692350037965072,236,481,141597,384486,717,0.0013610478359908,0.3291492329149233,0.0016639287048853,0.9987505422542712,0.5002072354795782,0.0033111189056471,1.222535065179342,-0.0112271653785849,-0.0039130015178234,58,0.158542442183831,0.3275862068965517,0.5,-0.0045912831045334,-0.0045912831045334,8.904931129427585e-05,0.6018298654904525,-0.2987137301559538,0.0,0.310738266900965,1.1541525526741192,ETHUSDT,BAJA,v4_63_moderado,63,0.1652892561983471,0.24721924455663521,0.1638599767165762,0.0004021919461062,0.0010330603254957499,0.0012617367587791,0.0008024313670421,0.0020567751363446,0.002508687538605,0.869798251711497,1.0461666584454195,0.352736813467845,58,107.0,98,0.1602564102564102,0.24392130857648095,0.16732979664014153,0.3846153846153846,0.4423076923076923,0.11538461538461542,-0.0045912831045334,-0.00388417950345705,0.0014142072021527002,0.4987672457458826,0.5502985556181675,0.10306261974456987,-0.398994364562788,-0.34885404735937087,0.10028063440683416,0.2323431416135246,0.2715407042572448,0.07839512528744041,1.1541525526741192,1.1884035429141762,0.06850198048011391
0.76,0.1900317181290125,39,189,99416,423716,228,0.0004356465912564,0.1710526315789473,0.0003921371474536,0.9995541453863483,0.499973141266901,0.0007824804630679,0.9001267433830163,-0.003389701301905,-0.0025358335753303,149,0.4084064420710409,0.1677852348993288,0.3892617449664429,-0.0026729549311358,-0.0026729549311358,-0.001889400675701,0.5499251187922533,-0.3352099473127459,0.0,0.2323431416135246,1.2226545331542331,0.2692350037965072,211,437,141622,384530,648,0.0012300683371298,0.3256172839506173,0.0014876650708932,0.998864837765315,0.5001762514181041,0.0029617984152272,1.2094166039298695,-0.0115831144130843,-0.0043711687731766,53,0.1448749902714318,0.320754716981132,0.490566037735849,-0.0048579567442796,-0.0048579567442796,-9.989537274113224e-05,0.5607178445764132,-0.2814624350215881,0.0,0.310738266900965,1.1541525526741192,ETHUSDT,BAJA,v4_63_moderado,63,0.1710526315789473,0.2483349577647823,0.15456465237167,0.0003921371474536,0.0009399011091734,0.0010955279234396,0.0007824804630679,0.00187213943914755,0.0021793179521593002,0.9001267433830163,1.054771673656443,0.30928986054685315,53,101.0,96,0.1677852348993288,0.24426997594023042,0.1529694820818032,0.3892617449664429,0.43991389135114595,0.10130429276940611,-0.0048579567442796,-0.0037654558377077,0.0021850018131438,0.5499251187922533,0.5553214816843333,0.010792725784159907,-0.3352099473127459,-0.308336191167167,0.05374751229115782,0.2323431416135246,0.2715407042572448,0.07839512528744041,1.1541525526741192,1.1884035429141762,0.06850198048011391
0.77,0.1900317181290125,33,176,99422,423729,209,0.0003993427086517,0.1578947368421052,0.0003318083555376,0.9995848126349064,0.499958310495222,0.0006622250762562,0.8308862246612458,-0.0034384282342587,-0.0028491129651204,140,0.383737596576817,0.1642857142857142,0.3857142857142857,-0.0026092991419585,-0.0026092991419585,-0.0019650665387983,0.5618565892272982,-0.3123451978195787,0.0,0.2323431416135246,1.2226545331542331,0.2692350037965072,198,392,141635,384575,590,0.0011199696279422,0.335593220338983,0.0013960079812173,0.9989817309016098,0.5001888694414136,0.0027804497869023,1.2464694991615228,-0.0107542278876381,-0.0034063207532933,50,0.1366745191239922,0.32,0.48,-0.0068996322117134,-0.0068996322117134,-0.0003406323605801,0.4289886948306476,-0.3130469999025963,0.0,0.310738266900965,1.1541525526741192,ETHUSDT,BAJA,v4_63_moderado,63,0.1578947368421052,0.2467439785905441,0.17769848349687778,0.0003318083555376,0.00086390816837745,0.0010641996256797,0.0006622250762562,0.00172133743157925,0.0021182247106461003,0.8308862246612458,1.0386778619113843,0.415583274500277,50,95.0,90,0.1642857142857142,0.2421428571428571,0.1557142857142858,0.3857142857142857,0.43285714285714283,0.0942857142857143,-0.0068996322117134,-0.0047544656768359495,0.0042903330697549,0.4289886948306476,0.4954226420289729,0.1328678943966506,-0.3130469999025963,-0.3126960988610875,0.0007018020830176219,0.2323431416135246,0.2715407042572448,0.07839512528744041,1.1541525526741192,1.1884035429141762,0.06850198048011391
0.78,0.1900317181290125,28,166,99427,423739,194,0.0003706817487007,0.1443298969072164,0.0002815343622743,0.9996084028261047,0.4999449685941896,0.0005619725235576,0.7595042465975649,-0.0038695798475849,-0.0034917594296487,132,0.3618097339152846,0.1439393939393939,0.3636363636363636,-0.0030874091095912,-0.0030874091095912,-0.0026146497601414,0.4852153933473023,-0.3394609184072465,0.0,0.2323431416135246,1.2226545331542331,0.2692350037965072,179,331,141654,384636,510,0.0009681093394077,0.3509803921568627,0.0012620476193833,0.9991401860419205,0.5002011168306519,0.0025150516709637,1.3036209527277522,-0.0098756578160534,-0.0029231783038273,41,0.1120731056816736,0.3170731707317073,0.4146341463414634,-0.0099655792736493,-0.0099655792736493,-0.0009734537270531,0.3153515064332071,-0.348036555052223,0.0,0.310738266900965,1.1541525526741192,ETHUSDT,BAJA,v4_63_moderado,63,0.1443298969072164,0.24765514453203957,0.20665049524964632,0.0002815343622743,0.0007717909908287999,0.000980513257109,0.0005619725235576,0.00153851209726065,0.0019530791474060998,0.7595042465975649,1.0315625996626585,0.5441167061301874,41,86.5,91,0.1439393939393939,0.2305062823355506,0.17313377679231343,0.3636363636363636,0.3891352549889135,0.0509977827050998,-0.0099655792736493,-0.00652649419162025,0.0068781701640581,0.3153515064332071,0.40028344989025466,0.1698638869140952,-0.348036555052223,-0.3437487367297347,0.008575636644976459,0.2323431416135246,0.2715407042572448,0.07839512528744041,1.1541525526741192,1.1884035429141762,0.06850198048011391
0.79,0.1900317181290125,28,159,99427,423746,187,0.0003573066340568,0.1497326203208556,0.0002815343622743,0.9996249159599438,0.4999532251611091,0.0005620120029706,0.7879348868445326,-0.0035733124021215,-0.0034016935049678,127,0.3481048197518268,0.1574803149606299,0.3858267716535433,-0.0027752104841659,-0.0027752104841659,-0.0020482908963224,0.5317283456808234,-0.3019949466746878,0.0,0.2323431416135246,1.2226545331542331,0.2692350037965072,171,276,141662,384691,447,0.0008485193621867,0.3825503355704698,0.0012056432565058,0.9992830554307252,0.5002443493436156,0.0024037109924093,1.4208788982713718,-0.0082789255502605,-0.0009734537270531,38,0.1038726345342341,0.2894736842105263,0.3947368421052631,-0.0107248335335885,-0.0107248335335885,-0.0018815433452523,0.2877352159085796,-0.3470443543310653,0.0,0.310738266900965,1.1541525526741192,ETHUSDT,BAJA,v4_63_moderado,63,0.1497326203208556,0.2661414779456627,0.2328177152496142,0.0002815343622743,0.00074358880939005,0.0009241088942315001,0.0005620120029706,0.00148286149768995,0.0018416989894387,0.7879348868445326,1.1044068925579522,0.6329440114268392,38,82.5,89,0.1574803149606299,0.2234769995855781,0.13199336924989644,0.3858267716535433,0.39028180687940317,0.00891007045171982,-0.0107248335335885,-0.0067500220088772,0.007949623049422599,0.2877352159085796,0.4097317807947015,0.2439931297722438,-0.3470443543310653,-0.32451965050287657,0.045049407656377494,0.2323431416135246,0.2715407042572448,0.07839512528744041,1.1541525526741192,1.1884035429141762,0.06850198048011391
0.8,0.1900317181290125,28,151,99427,423754,179,0.0003420207887496,0.1564245810055866,0.0002815343622743,0.9996437881129028,0.4999626612375885,0.0005620571290924,0.8231498538543441,-0.0032098308172414,-0.0034124629080116,122,0.3343999055883691,0.1639344262295081,0.3770491803278688,-0.0027679724349561,-0.0027679724349561,-0.0029884672267883,0.5371608232341,-0.2913380968297198,0.0,0.2323431416135246,1.2226545331542331,0.2692350037965072,163,235,141670,384732,398,0.0007555049354593,0.4095477386934673,0.0011492388936284,0.999389558066016,0.5002693984798222,0.0022920460377836,1.5211533898579217,-0.0072277118190748,0.0003091518385701,35,0.0956721633867945,0.2857142857142857,0.4,-0.0124325107499902,-0.0124325107499902,-0.0009734537270531,0.2132246405923904,-0.3654888190689455,0.0,0.310738266900965,1.1541525526741192,ETHUSDT,BAJA,v4_63_moderado,63,0.1564245810055866,0.2829861598495269,0.2531231576878807,0.0002815343622743,0.0007153866279513499,0.0008677045313541,0.0005620571290924,0.0014270515834379999,0.0017299889086912,0.8231498538543441,1.172151621856133,0.6980035360035776,35,78.5,87,0.1639344262295081,0.2248243559718969,0.1217798594847776,0.3770491803278688,0.3885245901639344,0.022950819672131195,-0.0124325107499902,-0.007600241592473149,0.0096645383150341,0.2132246405923904,0.3751927319132452,0.32393618264170954,-0.3654888190689455,-0.32841345794933263,0.0741507222392257,0.2323431416135246,0.2715407042572448,0.07839512528744041,1.1541525526741192,1.1884035429141762,0.06850198048011391
0.81,0.1900317181290125,25,144,99430,423761,169,0.0003229134821155,0.1479289940828402,0.0002513699663164,0.9996603012467415,0.499955835606529,0.000501887095479,0.7784437016057038,-0.0032585518460167,-0.0034124629080116,115,0.3152130257595282,0.1565217391304348,0.3739130434782609,-0.002715499626874,-0.002715499626874,-0.0031278214884562,0.5518173084904155,-0.2730855846767347,0.0,0.2323431416135246,1.2226545331542331,0.2692350037965072,143,194,141690,384773,337,0.0006397114654517,0.4243323442136498,0.0010082279864347,0.9994960607013068,0.5002521443438708,0.0020116761623408,1.576066775233907,-0.0067950193480885,0.0009517774838894,32,0.087471692239355,0.25,0.375,-0.0136792793074246,-0.0136792793074246,-0.0018815433452523,0.1955440290590654,-0.3670902264803116,0.0,0.310738266900965,1.1541525526741192,ETHUSDT,BAJA,v4_63_moderado,63,0.1479289940828402,0.286130669148245,0.27640335013080963,0.0002513699663164,0.00062979897637555,0.0007568580201183,0.000501887095479,0.0012567816289099,0.0015097890668618,0.7784437016057038,1.1772552384198054,0.7976230736282033,32,73.5,83,0.1565217391304348,0.20326086956521738,0.0934782608695652,0.3739130434782609,0.37445652173913047,0.0010869565217391242,-0.0136792793074246,-0.0081973894671493,0.0109637796805506,0.1955440290590654,0.3736806687747405,0.3562732794313501,-0.3670902264803116,-0.3200879055785232,0.09400464180357687,0.2323431416135246,0.2715407042572448,0.07839512528744041,1.1541525526741192,1.1884035429141762,0.06850198048011391
0.82,0.1900317181290125,24,135,99431,423770,159,0.0003038061754815,0.1509433962264151,0.0002413151676637,0.9996815324188204,0.499961423793242,0.0004818599795209,0.7943063279780463,-0.003094271967439,-0.0035710559512858,110,0.3015081115960705,0.1545454545454545,0.3909090909090909,-0.0025061166102401,-0.0025061166102401,-0.0031434016621553,0.5748025962731356,-0.2455266995728925,0.0,0.2323431416135246,1.2226545331542331,0.2692350037965072,128,154,141705,384813,282,0.0005353075170842,0.4539007092198581,0.0009024698060394,0.9995999657113468,0.5002512177586931,0.0018013580550962,1.68589040362272,-0.0053984565817553,0.00264635830754,29,0.0792712210919155,0.2068965517241379,0.3448275862068966,-0.0145801421513823,-0.0145801421513823,-0.0066518261394505,0.1794666588477087,-0.3558025483875682,0.0,0.310738266900965,1.1541525526741192,ETHUSDT,BAJA,v4_63_moderado,63,0.1509433962264151,0.3024220527231366,0.302957312993443,0.0002413151676637,0.00057189248685155,0.0006611546383756999,0.0004818599795209,0.00114160901730855,0.0013194980755753,0.7943063279780463,1.2400983658003832,0.8915840756446737,29,69.5,81,0.1545454545454545,0.18072100313479622,0.05235109717868339,0.3448275862068966,0.3678683385579937,0.0460815047021943,-0.0145801421513823,-0.0085431293808112,0.0120740255411422,0.1794666588477087,0.37713462756042215,0.39533593742542683,-0.3558025483875682,-0.30066462398023036,0.1102758488146757,0.2323431416135246,0.2715407042572448,0.07839512528744041,1.1541525526741192,1.1884035429141762,0.06850198048011391
0.83,0.1900317181290125,23,125,99432,423780,148,0.000282788138184,0.1554054054054054,0.0002312603690111,0.9997051226100188,0.4999681914895149,0.0004618334789112,0.8177866670652352,-0.0029803445610901,-0.0036351373970167,103,0.2823212317672297,0.1650485436893204,0.3980582524271844,-0.0026221517487249,-0.0026221517487249,-0.0034016935049678,0.583141783225933,-0.2415452708289073,0.0,0.2323431416135246,1.2226545331542331,0.2692350037965072,106,124,141727,384843,230,0.0004365983295368,0.4608695652173913,0.0007473578081264,0.9996778944688766,0.5002126261385015,0.0014922956716386,1.7117743187870365,-0.0050232698382282,0.0030713994608452,27,0.0738042403269558,0.2222222222222222,0.3333333333333333,-0.0152996006538914,-0.0152996006538914,-0.0066518261394505,0.1790046710076461,-0.3494504456226622,0.0,0.310738266900965,1.1541525526741192,ETHUSDT,BAJA,v4_63_moderado,63,0.1554054054054054,0.30813748531139834,0.30546415981198594,0.0002312603690111,0.00048930908856875,0.0005160974391153,0.0004618334789112,0.0009770645752749,0.0010304621927274,0.8177866670652352,1.264780492926136,0.8939876517218013,27,65.0,76,0.1650485436893204,0.19363538295577132,0.05717367853290181,0.3333333333333333,0.3656957928802589,0.06472491909385109,-0.0152996006538914,-0.00896087620130815,0.0126774489051665,0.1790046710076461,0.3810732271167896,0.4041371122182869,-0.3494504456226622,-0.2954978582257848,0.10790517479375489,0.2323431416135246,0.2715407042572448,0.07839512528744041,1.1541525526741192,1.1884035429141762,0.06850198048011391
0.84,0.1900317181290125,20,114,99435,423791,134,0.0002560379088963,0.1492537313432835,0.0002010959730531,0.9997310718203372,0.4999660838966951,0.0004016507847252,0.7854148392320234,-0.0032523984234919,-0.0038588405692832,97,0.2658753347710803,0.1546391752577319,0.3608247422680412,-0.0032898436893843,-0.0032898436893843,-0.0038673946056151,0.5118628838181954,-0.2776354628780522,0.0,0.2323431416135246,1.2226545331542331,0.2692350037965072,76,103,141757,384864,179,0.000339787395596,0.4245810055865922,0.0005358414473359,0.9997324445991476,0.5001341430232417,0.0010703320846125,1.5769903600926212,-0.0057593388561612,0.0010234746761375,27,0.0738042403269558,0.1481481481481481,0.2962962962962963,-0.0185827256415643,-0.0185827256415643,-0.0082459514324526,0.1171572147229352,-0.4058489463716529,0.0,0.310738266900965,1.1541525526741192,ETHUSDT,BAJA,v4_63_moderado,63,0.1492537313432835,0.28691736846493787,0.27532727424330866,0.0002010959730531,0.0003684687101945,0.0003347454742828,0.0004016507847252,0.00073599143466885,0.0006686812998873,0.7854148392320234,1.1812025996623223,0.7915755208605978,27,62.0,70,0.1481481481481481,0.15139366170294,0.006491027109583797,0.2962962962962963,0.32856051928216873,0.0645284459717449,-0.0185827256415643,-0.0109362846654743,0.01529288195218,0.1171572147229352,0.3145100492705653,0.3947056690952603,-0.4058489463716529,-0.34174220462485255,0.12821348349360073,0.2323431416135246,0.2715407042572448,0.07839512528744041,1.1541525526741192,1.1884035429141762,0.06850198048011391
0.85,0.1900317181290125,18,109,99437,423796,127,0.0002426627942525,0.1417322834645669,0.0001809863757478,0.9997428669159364,0.4999619266458421,0.0003615111164668,0.7458348788297797,-0.0034199056850694,-0.0038673946056151,95,0.2603933691056972,0.1578947368421052,0.3684210526315789,-0.0029167186565182,-0.0029167186565182,-0.0038502865329512,0.5569195410958606,-0.2486509405121502,0.0,0.2323431416135246,1.2226545331542331,0.2692350037965072,62,82,141771,384885,144,0.0002733485193621,0.4305555555555556,0.0004371338123003,0.9997869947294185,0.5001120642708594,0.0008733808997231,1.599181196665562,-0.006895452443904,0.0018724818268653,25,0.0683372595619961,0.12,0.32,-0.0205727165066755,-0.0205727165066755,-0.0104571984435797,0.090389238660856,-0.4131640867163443,0.0,0.310738266900965,1.1541525526741192,ETHUSDT,BAJA,v4_63_moderado,63,0.1417322834645669,0.28614391951006124,0.2888232720909887,0.0001809863757478,0.00030906009402405005,0.0002561474365525,0.0003615111164668,0.0006174460080949501,0.0005118697832563001,0.7458348788297797,1.1725080377476709,0.8533463178357823,25,60.0,70,0.12,0.1389473684210526,0.0378947368421052,0.32,0.34421052631578947,0.04842105263157892,-0.0205727165066755,-0.01174471758159685,0.017655997850157302,0.090389238660856,0.3236543898783583,0.4665303024350046,-0.4131640867163443,-0.33090751361424725,0.1645131462041941,0.2323431416135246,0.2715407042572448,0.07839512528744041,1.1541525526741192,1.1884035429141762,0.06850198048011391
0.86,0.1900317181290125,16,104,99439,423801,120,0.0002292876796086,0.1333333333333333,0.0001608767784425,0.9997546620115356,0.4999577693949891,0.0003213658046698,0.7016372563806076,-0.0034206759514008,-0.0038588405692832,90,0.2466884549422395,0.1555555555555555,0.3777777777777777,-0.0026919142731019,-0.0026919142731019,-0.0036313747204814,0.5806083415849429,-0.2357443936905187,0.0,0.2323431416135246,1.2226545331542331,0.2692350037965072,49,70,141784,384897,119,0.0002258921791951,0.4117647058823529,0.0003454767226244,0.9998181662324304,0.5000818214775274,0.0006903742110009,1.529387709904067,-0.009184277731961,0.0007617955439056,23,0.0628702787970364,0.1304347826086956,0.3478260869565217,-0.0209503786112727,-0.0209503786112727,-0.0104571984435797,0.0958941983878733,-0.3934960398782152,0.0,0.310738266900965,1.1541525526741192,ETHUSDT,BAJA,v4_63_moderado,63,0.1333333333333333,0.2725490196078431,0.2784313725490196,0.0001608767784425,0.00025317675053345,0.00018459994418189998,0.0003213658046698,0.00050587000783535,0.00036900840633110005,0.7016372563806076,1.1155124831423373,0.8277504535234593,23,56.5,67,0.1304347826086956,0.14299516908212556,0.02512077294685991,0.3478260869565217,0.3628019323671497,0.02995169082125604,-0.0209503786112727,-0.0118211464421873,0.018258464338170802,0.0958941983878733,0.3382512699864081,0.4847141431970696,-0.3934960398782152,-0.3146202167843669,0.1577516461876965,0.2323431416135246,0.2715407042572448,0.07839512528744041,1.1541525526741192,1.1884035429141762,0.06850198048011391
0.87,0.1900317181290125,15,98,99440,423807,113,0.0002159125649648,0.1327433628318584,0.0001508219797898,0.9997688161262548,0.4999598190530223,0.0003013016230114,0.698532666750605,-0.0035841577303249,-0.0038673946056151,84,0.2302425579460902,0.1547619047619047,0.3809523809523809,-0.0028479303696971,-0.0028479303696971,-0.0036313747204814,0.5646287546367512,-0.2391891779763769,0.0,0.2323431416135246,1.2226545331542331,0.2692350037965072,43,55,141790,384912,98,0.0001860288534548,0.4387755102040816,0.0003031734504663,0.9998571306111952,0.5000801520308309,0.0006059282327328,1.629711976588736,-0.0069068453453295,0.0028957529952661,21,0.0574032980320767,0.1428571428571428,0.3809523809523809,-0.0207042706438934,-0.0207042706438934,-0.0104571984435797,0.1051834834855834,-0.3566670175916228,0.0,0.310738266900965,1.1541525526741192,ETHUSDT,BAJA,v4_63_moderado,63,0.1327433628318584,0.28575943651797,0.30603214737222323,0.0001508219797898,0.00022699771512805,0.0001523514706765,0.0003013016230114,0.0004536149278721,0.0003046266097214,0.698532666750605,1.1641223216696706,0.931179309838131,21,52.5,63,0.1428571428571428,0.14880952380952375,0.011904761904761918,0.3809523809523809,0.3809523809523809,0.0,-0.0207042706438934,-0.011776100506795251,0.0178563402741963,0.1051834834855834,0.3349061190611673,0.45944527115116784,-0.3566670175916228,-0.29792809778399987,0.11747783961524588,0.2323431416135246,0.2715407042572448,0.07839512528744041,1.1541525526741192,1.1884035429141762,0.06850198048011391
0.88,0.1900317181290125,12,86,99443,423819,98,0.0001872516050137,0.1224489795918367,0.0001206575838318,0.9997971243556928,0.4999588909697623,0.0002410776169477,0.64436074565566,-0.0042069499629793,-0.0038588405692832,75,0.2055737124518662,0.1333333333333333,0.3866666666666666,-0.0036145644022746,-0.0036145644022746,-0.0034016935049678,0.4368763539254746,-0.2436839298163888,0.0,0.2323431416135246,1.2226545331542331,0.2692350037965072,37,48,141796,384919,85,0.0001613515565679,0.4352941176470588,0.0002608701783082,0.9998753139879524,0.5000680920831303,0.0005214278667963,1.6167812933271566,-0.0072845611100992,0.0028169531268442,18,0.0492028268846372,0.1666666666666666,0.3888888888888889,-0.0214122272467065,-0.0214122272467065,-0.0093515749380161,0.1107705229421679,-0.3234580493079215,0.0,0.310738266900965,1.1541525526741192,ETHUSDT,BAJA,v4_63_moderado,63,0.1224489795918367,0.27887154861944774,0.31284513805522207,0.0001206575838318,0.00019076388107,0.00014021259447639998,0.0002410776169477,0.000381252741872,0.0002803502498486,0.64436074565566,1.1305710194914083,0.9724205476714965,18,46.5,57,0.1333333333333333,0.14999999999999997,0.0333333333333333,0.3866666666666666,0.3877777777777778,0.002222222222222292,-0.0214122272467065,-0.01251339582449055,0.0177976628444319,0.1107705229421679,0.27382343843382123,0.3261058309833067,-0.3234580493079215,-0.28357098956215515,0.07977411949153268,0.2323431416135246,0.2715407042572448,0.07839512528744041,1.1541525526741192,1.1884035429141762,0.06850198048011391
0.89,0.1900317181290125,12,80,99443,423825,92,0.0001757872210333,0.1304347826086956,0.0001206575838318,0.999811278470412,0.4999659680271219,0.0002410921474278,0.6863842725462466,-0.0040705031921154,-0.0037747526878494,70,0.1918687982884085,0.1428571428571428,0.3857142857142857,-0.0034269328878165,-0.0034269328878165,-0.003264757496712,0.4618539801213023,-0.2229082162381129,0.0,0.2323431416135246,1.2226545331542331,0.2692350037965072,28,43,141805,384924,71,0.0001347760060744,0.3943661971830985,0.0001974152700711,0.9998883021142072,0.5000428586921392,0.000394632991318,1.4647656939926277,-0.009266099913034,0.001560201488878,16,0.0437358461196775,0.1875,0.4375,-0.0228912166390834,-0.0228912166390834,-0.0085545122915151,0.1158938187082368,-0.2911621526667166,0.0,0.310738266900965,1.1541525526741192,ETHUSDT,BAJA,v4_63_moderado,63,0.1304347826086956,0.26240048989589704,0.26393141457440294,0.0001206575838318,0.00015903642695144998,7.67576862393e-05,0.0002410921474278,0.0003178625693729,0.00015354084389019999,0.6863842725462466,1.075574983269437,0.7783814214463811,16,43.0,54,0.1428571428571428,0.1651785714285714,0.044642857142857206,0.3857142857142857,0.41160714285714284,0.051785714285714324,-0.0228912166390834,-0.01315907476344995,0.0194642837512669,0.1158938187082368,0.28887389941476954,0.3459601614130655,-0.2911621526667166,-0.25703518445241474,0.06825393642860367,0.2323431416135246,0.2715407042572448,0.07839512528744041,1.1541525526741192,1.1884035429141762,0.06850198048011391
0.9,0.1900317181290125,11,69,99444,423836,80,0.0001528584530724,0.1375,0.0001106027851792,0.9998372276807304,0.4999739152329548,0.0002210277791731,0.7235634206425017,-0.0040650734975555,-0.0035504561738577,60,0.164458969961493,0.15,0.4,-0.0033114320283607,-0.0033114320283607,-0.0017838801370315,0.4695220467467725,-0.2088107031854948,0.0,0.2323431416135246,1.2226545331542331,0.2692350037965072,22,36,141811,384931,58,0.0001100987091875,0.3793103448275862,0.000155111997913,0.9999064854909642,0.5000307987444386,0.0003100971872775,1.4088448362170467,-0.0102572060746004,0.0009502555853442,16,0.0437358461196775,0.25,0.5,-0.0171480746860657,-0.0171480746860657,-0.0031869160720604,0.219604538077609,-0.2343298779078807,0.0,0.310738266900965,1.1541525526741192,ETHUSDT,BAJA,v4_63_moderado,63,0.1375,0.2584051724137931,0.24181034482758618,0.0001106027851792,0.0001328573915461,4.4509212733799994e-05,0.0002210277791731,0.0002655624832253,8.906940810439999e-05,0.7235634206425017,1.0662041284297743,0.685281415574545,16,38.0,44,0.15,0.2,0.1,0.4,0.45,0.09999999999999998,-0.0171480746860657,-0.0102297533572132,0.013836642657705,0.219604538077609,0.34456329241219075,0.2499175086691635,-0.2343298779078807,-0.22157029054668775,0.025519174722385907,0.2323431416135246,0.2715407042572448,0.07839512528744041,1.1541525526741192,1.1884035429141762,0.06850198048011391
0.91,0.1900317181290125,11,61,99444,423844,72,0.0001375726077652,0.1527777777777778,0.0001106027851792,0.9998560998336892,0.4999833513094342,0.0002210455454298,0.8039593562694463,-0.0033410244163263,-0.0027249922006451,54,0.1480130729653437,0.1666666666666666,0.4444444444444444,-0.0022094946817924,-0.0022094946817924,-0.0009891307219074,0.5954165070986341,-0.1420057999429788,0.0,0.2323431416135246,1.2226545331542331,0.2692350037965072,19,30,141814,384937,49,9.30144267274108e-05,0.3877551020408163,0.0001339603618339,0.99992207124247,0.5000280158021521,0.0002678281952608,1.4402105839621389,-0.0088640172325396,0.0021847621648526,14,0.0382688653547178,0.2142857142857142,0.5,-0.0171027098859218,-0.0171027098859218,-0.0031869160720604,0.1670257132750093,-0.1919302896961853,0.0,0.310738266900965,1.1541525526741192,ETHUSDT,BAJA,v4_63_moderado,63,0.1527777777777778,0.27026643990929705,0.23497732426303852,0.0001106027851792,0.00012228157350655,2.3357576654699997e-05,0.0002210455454298,0.0002444368703453,4.6782649831000005e-05,0.8039593562694463,1.1220849701157927,0.6362512276926926,14,34.0,40,0.1666666666666666,0.1904761904761904,0.04761904761904759,0.4444444444444444,0.4722222222222222,0.05555555555555558,-0.0171027098859218,-0.009656102283857099,0.014893215204129399,0.1670257132750093,0.3812211101868217,0.4283907938236248,-0.1919302896961853,-0.16696804481958205,0.049924489753206513,0.2323431416135246,0.2715407042572448,0.07839512528744041,1.1541525526741192,1.1884035429141762,0.06850198048011391
0.92,0.1900317181290125,11,52,99444,423853,63,0.0001203760317945,0.1746031746031746,0.0001106027851792,0.9998773310057678,0.4999939668954735,0.0002210655358829,0.9188106928793672,-0.0024461948716129,-0.0034016935049678,48,0.1315671759691944,0.1875,0.4375,-0.0009213306713114,-0.0009213306713114,-0.0009891307219074,0.7948901113577769,-0.0784292209166126,0.0,0.2323431416135246,1.2226545331542331,0.2692350037965072,18,27,141815,384940,45,8.542141230068338e-05,0.4,0.0001269098164743,0.9999298641182232,0.5000283869673487,0.0002537391279831,1.4856909181925222,-0.0101004952389402,0.001560201488878,13,0.0355353749722379,0.2307692307692307,0.4615384615384615,-0.0187915205805062,-0.0187915205805062,-0.0066518261394505,0.1501468136853244,-0.1958319755536054,0.0,0.310738266900965,1.1541525526741192,ETHUSDT,BAJA,v4_63_moderado,63,0.1746031746031746,0.2873015873015873,0.22539682539682543,0.0001106027851792,0.00011875630082675001,1.6307031295100007e-05,0.0002210655358829,0.000237402331933,3.267359210019997e-05,0.9188106928793672,1.2022508055359447,0.566880225313155,13,30.5,35,0.1875,0.20913461538461536,0.0432692307692307,0.4375,0.4495192307692307,0.02403846153846151,-0.0187915205805062,-0.0098564256259088,0.0178701899091948,0.1501468136853244,0.4725184625215506,0.6447432976724525,-0.1958319755536054,-0.137130598235109,0.1174027546369928,0.2323431416135246,0.2715407042572448,0.07839512528744041,1.1541525526741192,1.1884035429141762,0.06850198048011391
0.93,0.1900317181290125,9,47,99446,423858,56,0.0001070009171507,0.1607142857142857,9.049318787391284e-05,0.999889126101367,0.4999898096446205,0.0001808845253288,0.8457234786730539,-0.0031714310508988,-0.0035504561738577,42,0.1151212789730451,0.1904761904761904,0.4285714285714285,-0.0014420470151908,-0.0014420470151908,-0.0009891307219074,0.6841914749761357,-0.089166570343532,0.0,0.2323431416135246,1.2226545331542331,0.2692350037965072,16,24,141817,384943,40,7.593014426727411e-05,0.4,0.0001128087257549,0.999937656993976,0.5000252328598656,0.0002255538404065,1.4856909181925222,-0.0067319312301479,0.0018724818268653,13,0.0355353749722379,0.2307692307692307,0.4615384615384615,-0.0187915205805062,-0.0187915205805062,-0.0066518261394505,0.1501468136853244,-0.1958319755536054,0.0,0.310738266900965,1.1541525526741192,ETHUSDT,BAJA,v4_63_moderado,63,0.1607142857142857,0.28035714285714286,0.23928571428571432,9.049318787391284e-05,0.00010165095681440642,2.2315537880987165e-05,0.0001808845253288,0.00020321918286764998,4.4669315077700017e-05,0.8457234786730539,1.165707198432788,0.6399674395194683,13,27.5,29,0.1904761904761904,0.21062271062271054,0.04029304029304029,0.4285714285714285,0.44505494505494503,0.032967032967033016,-0.0187915205805062,-0.0101167837978485,0.017349473565315403,0.1501468136853244,0.41716914433073005,0.5340446612908114,-0.1958319755536054,-0.1424992729485687,0.10666540521007341,0.2323431416135246,0.2715407042572448,0.07839512528744041,1.1541525526741192,1.1884035429141762,0.06850198048011391
0.94,0.1900317181290125,8,40,99447,423865,48,9.171507184347294e-05,0.1666666666666666,8.043838922125584e-05,0.999905639235206,0.4999930388122136,0.0001607991718842,0.8770465704757595,-0.0033077635169471,-0.0036259900189595,35,0.0959343991442042,0.2,0.4285714285714285,-0.0012982200983969,-0.0012982200983969,-0.0009242348774143,0.7107652032366649,-0.0671602627766602,0.0,0.2323431416135246,1.2226545331542331,0.2692350037965072,13,20,141820,384947,33,6.264236902050114e-05,0.3939393939393939,9.165708967588643e-05,0.99994804749498,0.500019852292328,0.0001832715379301,1.4631804497350596,-0.0080371696814929,0.0021847621648526,12,0.0328018845897581,0.1666666666666666,0.4166666666666667,-0.0219453021242078,-0.0219453021242078,-0.0085545122915151,0.0838608531727361,-0.2108679848689075,0.0,0.310738266900965,1.1541525526741192,ETHUSDT,BAJA,v4_63_moderado,63,0.1666666666666666,0.2803030303030303,0.22727272727272732,8.043838922125584e-05,8.604773944857114e-05,1.121870045463059e-05,0.0001607991718842,0.00017203535490715002,2.2472366045899996e-05,0.8770465704757595,1.1701135101054096,0.5861338792593,12,23.5,23,0.1666666666666666,0.1833333333333333,0.03333333333333341,0.4166666666666667,0.42261904761904756,0.011904761904761807,-0.0219453021242078,-0.01162176111130235,0.0206470820258109,0.0838608531727361,0.3973130282047005,0.6269043500639289,-0.2108679848689075,-0.13901412382278386,0.1437077220922473,0.2323431416135246,0.2715407042572448,0.07839512528744041,1.1541525526741192,1.1884035429141762,0.06850198048011391
0.95,0.1900317181290125,6,34,99449,423871,40,7.642922653622745e-05,0.15,6.032879191594188e-05,0.9999197933499252,0.4999900610709205,0.0001206090758329,0.7893419134281836,-0.0041240535854985,-0.0038588405692832,29,0.0794885021480549,0.1724137931034483,0.3793103448275862,-0.002103141412591,-0.002103141412591,-0.0015270278721675,0.5279549137648821,-0.0790084452448788,0.0,0.2323431416135246,1.2226545331542331,0.2692350037965072,7,17,141826,384950,24,4.555808656036447e-05,0.2916666666666667,4.9353817517785e-05,0.999955840370733,0.5000025970941254,9.869093523759842e-05,1.0833162945153807,-0.0130548896039583,0.0009190977421038,10,0.0273349038247984,0.1,0.4,-0.0224511321964728,-0.0224511321964728,-0.0033515320699815,0.0621309528990048,-0.2097977944831289,0.0,0.310738266900965,1.1541525526741192,ETHUSDT,BAJA,v4_63_moderado,63,0.15,0.22083333333333333,0.1416666666666667,4.9353817517785e-05,5.484130471686344e-05,1.0974974398156881e-05,9.869093523759842e-05,0.00010965000553524922,2.1918140595301585e-05,0.7893419134281836,0.9363291039717822,0.2939743810871971,10,19.5,19,0.1,0.13620689655172413,0.07241379310344828,0.3793103448275862,0.3896551724137931,0.020689655172413834,-0.0224511321964728,-0.012277136804531899,0.0203479907838818,0.0621309528990048,0.2950429333319435,0.46582396086587735,-0.2097977944831289,-0.14440311986400384,0.1307893492382501,0.2323431416135246,0.2715407042572448,0.07839512528744041,1.1541525526741192,1.1884035429141762,0.06850198048011391
0.05,0.1900317181290125,99455,423879,0,26,523334,0.9999503210027516,0.1900411591832367,1.0,6.133449711609913e-05,0.500030667248558,0.319385859416271,1.000049681465374,-0.0003577505844369,-8.471848705782214e-05,2182,5.980824540932963,0.1929422548120989,0.495417048579285,-0.0003577515174623,-0.0003577515174623,-4.326593969550263e-05,0.8935188370128918,-0.6121241711987524,0.0,0.2247853575590957,1.1828833616422336,0.2692350037965072,141833,384967,0,0,526800,1.0,0.2692350037965072,1.0,0.0,0.5,0.4242476814635234,1.0,-0.0002640153654936,-0.0003007208948118,2195,6.0000113895432605,0.267881548974943,0.483371298405467,-0.000267798472289,-0.000267798472289,-0.0003823637993778,0.942495093623751,-0.6260611608444413,0.0,0.3096154421322066,1.1499821262699546,ETHUSDT,BAJA,v4_63_sin_pesos,63,0.1900411591832367,0.22963808148987197,0.07919384461327053,1.0,1.0,0.0,0.319385859416271,0.3718167704398972,0.10486182204725236,1.0,1.000024840732687,4.9681465374096234e-05,2182,2188.5,13,0.1929422548120989,0.23041190189352095,0.07493929416284409,0.483371298405467,0.489394173492376,0.012045750173817982,-0.0003577515174623,-0.00031277499487565,8.995304517330003e-05,0.8935188370128918,0.9180069653183214,0.04897625661085914,-0.6260611608444413,-0.6190926660215968,0.013936989645688902,0.2247853575590957,0.26720039984565114,0.08483008457311089,1.1499821262699546,1.166432743956094,0.03290123537227907
0.06,0.1900317181290125,99455,423872,0,33,523327,0.9999369458881076,0.1900437011658103,1.0,7.784763095504888e-05,0.5000389238154775,0.3193894492775963,1.000063058087964,-0.0003574470910665,-8.467042038851069e-05,2182,5.980824540932963,0.1929422548120989,0.495417048579285,-0.0003577515174623,-0.0003577515174623,-4.326593969550263e-05,0.8935188370128918,-0.6121241711987524,0.0,0.2247853575590957,1.1828833616422336,0.2692350037965072,141833,384964,0,3,526797,0.99999430523918,0.2692365370341896,1.0,7.79287575298662e-06,0.5000038964378765,0.4242495849722567,1.0000056947932503,-0.0002639785950808,-0.0003007208948118,2195,6.0000113895432605,0.267881548974943,0.483371298405467,-0.000267798472289,-0.000267798472289,-0.0003823637993778,0.942495093623751,-0.6260611608444413,0.0,0.3096154421322066,1.1499821262699546,ETHUSDT,BAJA,v4_63_sin_pesos,63,0.1900437011658103,0.22964011909999993,0.0791928358683793,1.0,1.0,0.0,0.3193894492775963,0.3718195171249265,0.10486013569466035,1.0000056947932503,1.000034376440607,5.736329471361934e-05,2182,2188.5,13,0.1929422548120989,0.23041190189352095,0.07493929416284409,0.483371298405467,0.489394173492376,0.012045750173817982,-0.0003577515174623,-0.00031277499487565,8.995304517330003e-05,0.8935188370128918,0.9180069653183214,0.04897625661085914,-0.6260611608444413,-0.6190926660215968,0.013936989645688902,0.2247853575590957,0.26720039984565114,0.08483008457311089,1.1499821262699546,1.166432743956094,0.03290123537227907
0.07,0.1900317181290125,99453,423863,2,42,523316,0.9999159278508102,0.1900438740646187,0.9999798904026946,9.907880303369858e-05,0.5000394846028642,0.3193886677446445,1.0000639679298058,-0.0003570725543287,-8.460987822123123e-05,2182,5.980824540932963,0.1929422548120989,0.495417048579285,-0.0003577515174623,-0.0003577515174623,-4.326593969550263e-05,0.8935188370128918,-0.6121241711987524,0.0,0.2247853575590957,1.1828833616422336,0.2692350037965072,141831,384963,2,4,526794,0.99998861047836,0.2692342737388808,0.9999858989092806,1.039050100398216e-05,0.4999981447051422,0.4242455060893443,0.9999972884000368,-0.0002640285249375,-0.0003007208948118,2195,6.0000113895432605,0.267881548974943,0.483371298405467,-0.000267798472289,-0.000267798472289,-0.0003823637993778,0.942495093623751,-0.6260611608444413,0.0,0.3096154421322066,1.1499821262699546,ETHUSDT,BAJA,v4_63_sin_pesos,63,0.1900438740646187,0.22963907390174976,0.07919039967426211,0.9999798904026946,0.9999828946559877,6.008506585941653e-06,0.3193886677446445,0.37181708691699444,0.10485683834469978,0.9999972884000368,1.0000306281649212,6.667952976902036e-05,2182,2188.5,13,0.1929422548120989,0.23041190189352095,0.07493929416284409,0.483371298405467,0.489394173492376,0.012045750173817982,-0.0003577515174623,-0.00031277499487565,8.995304517330003e-05,0.8935188370128918,0.9180069653183214,0.04897625661085914,-0.6260611608444413,-0.6190926660215968,0.013936989645688902,0.2247853575590957,0.26720039984565114,0.08483008457311089,1.1499821262699546,1.166432743956094,0.03290123537227907
0.08,0.1900317181290125,99447,423846,8,59,523293,0.999871981045552,0.1900407611032442,0.9999195616107788,0.0001391821280711,0.500029371869425,0.3193811943193715,1.000047586657221,-0.0003563973737099,-8.456883110019575e-05,2182,5.980824540932963,0.1929422548120989,0.4940421631530706,-0.0003561347703322,-0.0003561347703322,-4.765220697799944e-05,0.8938070098582607,-0.6104691527349794,0.0,0.2247853575590957,1.1828833616422336,0.2692350037965072,141830,384957,3,10,526787,0.9999753227031132,0.2692359530512332,0.9999788483639208,2.59762525099554e-05,0.5000024123082154,0.4242469564176961,1.0000035257478137,-0.0002639677285992,-0.0003007208948118,2195,6.0000113895432605,0.267881548974943,0.483371298405467,-0.000267798472289,-0.000267798472289,-0.0003823637993778,0.942495093623751,-0.6260611608444413,0.0,0.3096154421322066,1.1499821262699546,ETHUSDT,BAJA,v4_63_sin_pesos,63,0.1900407611032442,0.2296383570772387,0.07919519194798902,0.9999195616107788,0.9999492049873497,5.928675314204046e-05,0.3193811943193715,0.37181407536853384,0.1048657620983246,1.0000035257478137,1.0000255562025173,4.406090940722862e-05,2182,2188.5,13,0.1929422548120989,0.23041190189352095,0.07493929416284409,0.483371298405467,0.4887067307792688,0.010670864747603592,-0.0003561347703322,-0.0003119666213106,8.833629804320004e-05,0.8938070098582607,0.9181510517410059,0.048688083765490275,-0.6260611608444413,-0.6182651567897104,0.01559200810946193,0.2247853575590957,0.26720039984565114,0.08483008457311089,1.1499821262699546,1.166432743956094,0.03290123537227907
0.09,0.1900317181290125,99445,423763,10,142,523208,0.9997095689391624,0.1900678124187703,0.9998994520134734,0.0003349807150186,0.500117216364246,0.3194183691659854,1.000189938238275,-0.0003557763900332,-8.460987822123123e-05,2182,5.980824540932963,0.1929422548120989,0.497250229147571,-0.0003574974529034,-0.0003574974529034,-3.322421452200963e-05,0.8931638987626023,-0.6113496067009575,0.0,0.2247853575590957,1.1828833616422336,0.2692350037965072,141828,384941,5,26,526769,0.9999411541381928,0.2692413562681175,0.9999647472732016,6.753825652588403e-05,0.5000161427648637,0.4242523952964544,1.0000235945234488,-0.0002638730641551,-0.0003006818402908,2195,6.0000113895432605,0.267881548974943,0.483371298405467,-0.000267798472289,-0.000267798472289,-0.0003823637993778,0.942495093623751,-0.6260611608444413,0.0,0.3096154421322066,1.1499821262699546,ETHUSDT,BAJA,v4_63_sin_pesos,63,0.1900678124187703,0.2296545843434439,0.07917354384934722,0.9998994520134734,0.9999320996433375,6.529525972820416e-05,0.3194183691659854,0.3718353822312199,0.104834026130469,1.0000235945234488,1.000106766380862,0.00016634371482626698,2182,2188.5,13,0.1929422548120989,0.23041190189352095,0.07493929416284409,0.483371298405467,0.490310763776519,0.013878930742104001,-0.0003574974529034,-0.0003126479625962,8.969898061439999e-05,0.8931638987626023,0.9178294961931766,0.049331194861148675,-0.6260611608444413,-0.6187053837726995,0.014711554143483796,0.2247853575590957,0.26720039984565114,0.08483008457311089,1.1499821262699546,1.166432743956094,0.03290123537227907
0.1,0.1900317181290125,99445,423636,10,269,523081,0.99946690614491,0.1901139594059046,0.9998994520134734,0.0006345761432396,0.5002670140783565,0.3194835318760682,1.0004327765790986,-0.0003553393686968,-8.472217179233965e-05,2182,5.980824540932963,0.1924839596700275,0.497250229147571,-0.0003597137127303,-0.0003597137127303,-3.9133668566004864e-05,0.8914715046660581,-0.6126849261999658,0.0,0.2247853575590957,1.1828833616422336,0.2692350037965072,141823,384919,10,48,526742,0.9998899012908125,0.2692456648605958,0.9999294945464032,0.0001246860120477,0.5000270902792254,0.4242545712896833,1.000039597615237,-0.000263591600556,-0.0003004325630739,2195,6.0000113895432605,0.267881548974943,0.483371298405467,-0.000267798472289,-0.000267798472289,-0.0003823637993778,0.942495093623751,-0.6260611608444413,0.0,0.3096154421322066,1.1499821262699546,ETHUSDT,BAJA,v4_63_sin_pesos,63,0.1901139594059046,0.2296798121332502,0.07913170545469123,0.9998994520134734,0.9999144732799383,3.0042532929819288e-05,0.3194835318760682,0.37186905158287575,0.1047710394136151,1.000039597615237,1.0002361870971677,0.0003931789638615957,2182,2188.5,13,0.1924839596700275,0.23018275432248525,0.0753975893049155,0.483371298405467,0.490310763776519,0.013878930742104001,-0.0003597137127303,-0.00031375609250965,9.191524044130004e-05,0.8914715046660581,0.9169832991449045,0.05102358895769288,-0.6260611608444413,-0.6193730435222036,0.01337623464447546,0.2247853575590957,0.26720039984565114,0.08483008457311089,1.1499821262699546,1.166432743956094,0.03290123537227907
0.11,0.1900317181290125,99437,423472,18,433,522909,0.999138260470804,0.1901611943952006,0.9998190136242522,0.001021455278895,0.5004202344515736,0.3195461177060369,1.00068134029131,-0.0003554818728661,-8.540282683355827e-05,2182,5.980824540932963,0.192025664527956,0.4931255728689276,-0.0003578417009461,-0.0003578417009461,-7.78952590277937e-05,0.8919047470819979,-0.6111386078167433,0.0,0.2247853575590957,1.1828833616422336,0.2692350037965072,141812,384877,21,90,526689,0.9997892938496584,0.2692518734965036,0.9998519385474468,0.0002337862725895,0.5000428624100182,0.4242552975070379,1.0000626579001932,-0.0002635825068857,-0.000300435135724,2195,6.0000113895432605,0.2706150341685649,0.4801822323462414,-0.0002676424203946,-0.0002676424203946,-0.0003543064951734,0.9424463647229404,-0.6251507727322194,0.0,0.3096154421322066,1.1499821262699546,ETHUSDT,BAJA,v4_63_sin_pesos,63,0.1901611943952006,0.2297065339458521,0.07909067910130299,0.9998190136242522,0.9998354760858494,3.292492319462159e-05,0.3195461177060369,0.3719007076065374,0.10470917980100097,1.0000626579001932,1.0003719990957516,0.0006186823911167316,2182,2188.5,13,0.192025664527956,0.23132034934826046,0.07858936964060892,0.4801822323462414,0.4866539026075845,0.012943340522686198,-0.0003578417009461,-0.00031274206067035,9.019928055150001e-05,0.8919047470819979,0.9171755559024691,0.05054161764094256,-0.6251507727322194,-0.6181446902744814,0.014012164915476077,0.2247853575590957,0.26720039984565114,0.08483008457311089,1.1499821262699546,1.166432743956094,0.03290123537227907
0.12,0.1900317181290125,99429,423113,26,792,522542,0.998437022317334,0.190279441652537,0.999738575235031,0.0018683431429211,0.5008034591889761,0.3197089375029139,1.0013035904004,-0.0003557410766157,-8.699228154818162e-05,2182,5.980824540932963,0.1915673693858845,0.499083409715857,-0.0003563813311793,-0.0003563813311793,-5.221959383572283e-06,0.8927626105413357,-0.6103689586252864,0.0,0.2247853575590957,1.1828833616422336,0.2692350037965072,141768,384743,65,224,526511,0.9994514047076688,0.2692593317138673,0.9995417145516206,0.000581868056223,0.5000617913039218,0.4242366206624133,1.0000903594147013,-0.000263206848059,-0.0003009104405975,2195,6.0000113895432605,0.267881548974943,0.4788154897494305,-0.0002672083926135,-0.0002672083926135,-0.0003630475967917,0.942395407086386,-0.6241753600353692,0.0,0.3096154421322066,1.1499821262699546,ETHUSDT,BAJA,v4_63_sin_pesos,63,0.190279441652537,0.22976938668320213,0.0789798900613303,0.9995417145516206,0.9996401448933258,0.00019686068341040475,0.3197089375029139,0.3719727790826636,0.1045276831594994,1.0000903594147013,1.0006969749075507,0.001213230985698699,2182,2188.5,13,0.1915673693858845,0.22972445918041373,0.07631417958905848,0.4788154897494305,0.48894944973264376,0.020267919966426517,-0.0003563813311793,-0.00031179486189639996,8.91729385658e-05,0.8927626105413357,0.9175790088138609,0.04963279654505037,-0.6241753600353692,-0.6172721593303279,0.013806401410082825,0.2247853575590957,0.26720039984565114,0.08483008457311089,1.1499821262699546,1.166432743956094,0.03290123537227907
0.13,0.1900317181290125,99412,422683,43,1222,522095,0.9975829257107918,0.1904097913215028,0.9995676436579356,0.0028827213644566,0.5012251825111962,0.3198841605663261,1.0019895267811745,-0.0003559675807193,-8.788725320929558e-05,2181,5.978083558100271,0.1934892251260889,0.4961027051811096,-0.0003576276586662,-0.0003576276586662,-3.1419863637971446e-05,0.8929434142705641,-0.6115056945156684,0.0,0.2247853575590957,1.1828833616422336,0.2692350037965072,141637,384344,196,623,525981,0.9984453302961276,0.2692815900194113,0.998618093109502,0.0016183205313702,0.5001182068204361,0.4241809845256313,1.0001730318207038,-0.0002611047186569,-0.0003024870806174,2195,6.0000113895432605,0.2596810933940774,0.4856492027334852,-0.0002631801411253,-0.0002631801411253,-0.0001967675630185,0.9418707236976328,-0.6249434746091905,0.0,0.3096154421322066,1.1499821262699546,ETHUSDT,BAJA,v4_63_sin_pesos,63,0.1904097913215028,0.22984569067045707,0.07887179869790853,0.998618093109502,0.9990928683837188,0.0009495505484335975,0.3198841605663261,0.3720325725459787,0.10429682395930517,1.0001730318207038,1.0010812793009392,0.0018164949604706493,2181,2188.0,14,0.1934892251260889,0.22658515926008316,0.06619186826798851,0.4856492027334852,0.49087595395729744,0.010453502447624385,-0.0003576276586662,-0.00031040389989575,9.44475175409e-05,0.8929434142705641,0.9174070689840985,0.04892730942706869,-0.6249434746091905,-0.6182245845624295,0.013437780093522145,0.2247853575590957,0.26720039984565114,0.08483008457311089,1.1499821262699546,1.166432743956094,0.03290123537227907
0.14,0.1900317181290125,99391,421969,64,1936,521360,0.9961785386731886,0.1906379469080865,0.99935649288623,0.0045670610160295,0.5019617769511298,0.3201952272416098,1.0031901452296634,-0.0003561789160634,-8.791098393612362e-05,2181,5.978083558100271,0.1948647409445208,0.4938101788170564,-0.0003555725796413,-0.0003555725796413,-9.787129924143656e-05,0.892852954517951,-0.6093349111982274,0.0,0.2247853575590957,1.1828833616422336,0.2692350037965072,141394,383468,439,1499,524862,0.9963211845102504,0.2693927165616867,0.9969048105870988,0.0038938402512423,0.5003993254191706,0.4241639730311461,1.0005857810572754,-0.0002545080219264,-0.0003022507168752,2195,6.0000113895432605,0.2651480637813211,0.488382687927107,-0.0002677718810135,-0.0002677718810135,-0.0001805024531924,0.9417352607177554,-0.6341098446241451,0.0,0.3096154421322066,1.1499821262699546,ETHUSDT,BAJA,v4_63_sin_pesos,63,0.1906379469080865,0.23001533173488659,0.07875476965360018,0.9969048105870988,0.9981306517366644,0.002451682299131175,0.3201952272416098,0.37217960013637796,0.1039687457895363,1.0005857810572754,1.0018879631434694,0.002604364172388074,2181,2188.0,14,0.1948647409445208,0.23000640236292097,0.0702833228368003,0.488382687927107,0.4910964333720817,0.005427490889949427,-0.0003555725796413,-0.0003116722303274,8.78006986278e-05,0.892852954517951,0.9172941076178531,0.04888230619980438,-0.6341098446241451,-0.6217223779111862,0.024774933425917745,0.2247853575590957,0.26720039984565114,0.08483008457311089,1.1499821262699546,1.166432743956094,0.03290123537227907
0.15,0.1900317181290125,99346,421117,109,2788,520463,0.9944646132681138,0.1908800433460207,0.9989040269468604,0.0065769453061417,0.502740486126501,0.320513358218345,1.004464124333351,-0.0003571805165814,-8.698884170410537e-05,2179,5.972601592434888,0.1877007801743919,0.4983937586048646,-0.000356073243408,-0.000356073243408,-1.870114326329997e-05,0.8913836508147177,-0.6099551823067908,0.0,0.2247853575590957,1.1828833616422336,0.2692350037965072,140899,381552,934,3415,522451,0.9917444950645408,0.2696884492517001,0.9934147906340556,0.0088708902321497,0.5011428404331026,0.424213137754334,1.0016841994866896,-0.0002478109030195,-0.0003020734320375,2195,6.0000113895432605,0.2792710706150341,0.4879271070615034,-0.0002702819631318,-0.0002702819631318,-0.0003044597421186,0.9414618716143464,-0.6316361813654341,0.0,0.3096154421322066,1.1499821262699546,ETHUSDT,BAJA,v4_63_sin_pesos,63,0.1908800433460207,0.2302842462988604,0.07880840590567939,0.9934147906340556,0.996159408790458,0.005489236312804846,0.320513358218345,0.37236324798633946,0.10369977953598902,1.0016841994866896,1.0030741619100203,0.0027799248466613413,2179,2187.0,16,0.1877007801743919,0.233485925394713,0.09157029044064219,0.4879271070615034,0.493160432833184,0.010466651543361238,-0.000356073243408,-0.0003131776032699,8.579128027620003e-05,0.8913836508147177,0.916422761214532,0.05007822079962865,-0.6316361813654341,-0.6207956818361124,0.02168099905864329,0.2247853575590957,0.26720039984565114,0.08483008457311089,1.1499821262699546,1.166432743956094,0.03290123537227907
0.16,0.1900317181290125,99284,419940,171,3965,519224,0.992097217976154,0.191216122521301,0.9982806294303956,0.0093535108102051,0.5038170701203004,0.3209548085517691,1.0062326668618782,-0.0003574838039729,-8.589474844822309e-05,2179,5.972601592434888,0.1941257457549334,0.4942634235888022,-0.0003529378581542,-0.0003529378581542,-7.611542680607819e-05,0.8930129059584858,-0.6074011097861304,0.0,0.2247853575590957,1.1828833616422336,0.2692350037965072,139996,377681,1837,7286,517677,0.9826822323462414,0.2704311761967404,0.9870481481742612,0.0189262975787535,0.5029872228765073,0.4245454958984701,1.0044428561790475,-0.000242024658615,-0.0003036157880209,2194,5.997277899160781,0.2771194165907019,0.4895168641750227,-0.0002673788403815,-0.0002673788403815,-0.0002917980977181,0.9422758482335812,-0.629081995759634,0.0,0.3096154421322066,1.1499821262699546,ETHUSDT,BAJA,v4_63_sin_pesos,63,0.191216122521301,0.2308236493590207,0.0792150536754394,0.9870481481742612,0.9926643888023284,0.011232481256134408,0.3209548085517691,0.37275015222511965,0.10359068734670102,1.0044428561790475,1.0053377615204628,0.0017898106828306837,2179,2186.5,15,0.1941257457549334,0.23562258117281765,0.08299367083576847,0.4895168641750227,0.49189014388191243,0.004746559413779494,-0.0003529378581542,-0.00031015834926785,8.55590177727e-05,0.8930129059584858,0.9176443770960335,0.04926294227509542,-0.629081995759634,-0.6182415527728822,0.021680885973503594,0.2247853575590957,0.26720039984565114,0.08483008457311089,1.1499821262699546,1.166432743956094,0.03290123537227907
0.17,0.1900317181290125,99158,418426,297,5479,517584,0.9889636196881688,0.191578565025194,0.9970137248001608,0.0129250657576579,0.5049693952789095,0.3213994577328175,1.008139940592082,-0.000359313036897,-8.68927709016809e-05,2177,5.967119626769504,0.1938447404685346,0.5002296738631143,-0.0003563934128302,-0.0003563934128302,5.291005291008233e-06,0.8925711117169655,-0.6091785442337816,0.0,0.2247853575590957,1.1828833616422336,0.2692350037965072,138627,371314,3206,13653,509941,0.9679973424449506,0.2718490962679996,0.9773959515768544,0.0354653775518421,0.5064306645643483,0.425383645251268,1.0097093336105294,-0.000229564870514,-0.0003059836808705,2187,5.978143466483422,0.2693187014174668,0.4915409236396891,-0.0002554147347567,-0.0002554147347567,-0.0001206668668427,0.9441977789724586,-0.6165402406464116,0.0,0.3096154421322066,1.1499821262699546,ETHUSDT,BAJA,v4_63_sin_pesos,63,0.191578565025194,0.23171383064659679,0.08027053124280559,0.9773959515768544,0.9872048381885077,0.01961777322330638,0.3213994577328175,0.37339155149204273,0.10398418751845051,1.008139940592082,1.0089246371013056,0.0015693930184474958,2177,2182.0,10,0.1938447404685346,0.23158172094300067,0.07547396094893219,0.4915409236396891,0.49588529875140175,0.008688750223425246,-0.0003563934128302,-0.00030590407379345005,0.00010097867807350001,0.8925711117169655,0.9183844453447121,0.05162666725549314,-0.6165402406464116,-0.6128593924400966,0.007361696412629959,0.2247853575590957,0.26720039984565114,0.08483008457311089,1.1499821262699546,1.166432743956094,0.03290123537227907
0.18,0.1900317181290125,98975,416095,480,7810,515070,0.9841600428003668,0.19215834740909,0.9951736966467246,0.0184239393260282,0.5067988179863764,0.322118709572434,1.0111909175005918,-0.0003609786834973,-8.721709139458689e-05,2175,5.961637661104121,0.192183908045977,0.503448275862069,-0.0003576013922521,-0.0003576013922521,5.2622577716876506e-05,0.8921311607586798,-0.6101981934444162,0.0,0.2247853575590957,1.1828833616422336,0.2692350037965072,136633,361082,5200,23885,497715,0.9447892938496584,0.2745205589544217,0.9633371641296454,0.0620442791200284,0.512690721624837,0.4272798914233177,1.019631753239298,-0.0002078076403352,-0.0003012539696485,2178,5.953542053041103,0.2607897153351698,0.4912764003673094,-0.0002805910244558,-0.0002805910244558,-0.0002030102534779,0.938977988591398,-0.6412326950491563,0.0,0.3096154421322066,1.1499821262699546,ETHUSDT,BAJA,v4_63_sin_pesos,63,0.19215834740909,0.23333945318175583,0.08236221154533169,0.9633371641296454,0.9792554303881851,0.031836532517079186,0.322118709572434,0.3746993004978758,0.10516118185088369,1.0111909175005918,1.015411335369945,0.008440835738706243,2175,2176.5,3,0.192183908045977,0.2264868116905734,0.06860580728919283,0.4912764003673094,0.4973623381146892,0.012171875494759565,-0.0003576013922521,-0.00031909620835395003,7.701036779629995e-05,0.8921311607586798,0.9155545746750389,0.04684682783271821,-0.6412326950491563,-0.6257154442467863,0.031034501604740083,0.2247853575590957,0.26720039984565114,0.08483008457311089,1.1499821262699546,1.166432743956094,0.03290123537227907
0.19,0.1900317181290125,98617,412491,838,11414,511108,0.9765897279119536,0.1929474788107406,0.9915740787290734,0.0269258442339675,0.5092499614815205,0.3230362796304394,1.015343547437426,-0.0003643746911001,-8.827542874823013e-05,2171,5.950673729773355,0.1953017042837402,0.4993090741593735,-0.0003620501005075,-0.0003620501005075,-1.237899532080533e-05,0.8912788169999823,-0.611565128762831,0.0,0.2247853575590957,1.1828833616422336,0.2692350037965072,133324,345673,8509,39294,478997,0.9092577828397874,0.2783399478493602,0.9400069095344524,0.1020710866126187,0.5210389980735356,0.4295024402815585,1.033817831724937,-0.000181023530427,-0.0002972758720092,2160,5.904339226156466,0.2629629629629629,0.4847222222222222,-0.0002666733901204,-0.0002666733901204,-0.0003543561362733,0.9424964917937068,-0.6277770976685768,0.0,0.3096154421322066,1.1499821262699546,ETHUSDT,BAJA,v4_63_sin_pesos,63,0.1929474788107406,0.2356437133300504,0.08539246903861963,0.9400069095344524,0.965790494131763,0.05156716919462101,0.3230362796304394,0.37626935995599897,0.10646616065111908,1.015343547437426,1.0245806895811813,0.018474284287510967,2160,2165.5,11,0.1953017042837402,0.22913233362335156,0.06766125867922271,0.4847222222222222,0.49201564819079785,0.014586851937151257,-0.0003620501005075,-0.00031436174531394997,9.537671038709999e-05,0.8912788169999823,0.9168876543968445,0.05121767479372441,-0.6277770976685768,-0.6196711132157039,0.016211968905745833,0.2247853575590957,0.26720039984565114,0.08483008457311089,1.1499821262699546,1.166432743956094,0.03290123537227907
0.2,0.1900317181290125,97918,406939,1537,16966,504857,0.9646457505350046,0.1939519507504105,0.9845457744708662,0.0400231183873745,0.5122844464291204,0.3240643905797006,1.0206293594563858,-0.000367795449247,-8.875477056879966e-05,2165,5.934227832777206,0.1884526558891455,0.5016166281755197,-0.0003575937661775,-0.0003575937661775,2.688200948397501e-05,0.8917169332870271,-0.6094333337100422,0.0,0.2247853575590957,1.1828833616422336,0.2692350037965072,127943,325023,13890,59944,452966,0.8598443432042521,0.2824560783811588,0.9020679249539952,0.1557120480456766,0.528889986499836,0.4302058342398019,1.0491060760979072,-0.0001654181111425,-0.0003074726097761,2123,5.803200082004712,0.2727272727272727,0.4809232218558643,-0.0002439033615036,-0.0002439033615036,-0.0003896230397091,0.9468863841415144,-0.6056192384876251,0.0,0.3096154421322066,1.1499821262699546,ETHUSDT,BAJA,v4_63_sin_pesos,63,0.1939519507504105,0.23820401456578466,0.08850412763074833,0.9020679249539952,0.9433068497124307,0.08247784951687098,0.3240643905797006,0.3771351124097513,0.10614144366010131,1.0206293594563858,1.0348677177771464,0.028476716641521405,2123,2144.0,42,0.1884526558891455,0.2305899643082091,0.0842746168381272,0.4809232218558643,0.491269925015692,0.020693406319655383,-0.0003575937661775,-0.00030074856384055,0.0001136904046739,0.8917169332870271,0.9193016587142707,0.05516945085448732,-0.6094333337100422,-0.6075262860988336,0.0038140952224170466,0.2247853575590957,0.26720039984565114,0.08483008457311089,1.1499821262699546,1.166432743956094,0.03290123537227907
0.21,0.1900317181290125,96866,398308,2589,25597,495174,0.9461441455212474,0.1956201254508516,0.9739681262882712,0.0603838124107995,0.5171759693495354,0.3258031478451269,1.0294077608562435,-0.000367542761548,-8.79024286866148e-05,2158,5.915040952948365,0.1936978683966636,0.5027803521779426,-0.0003681393378995,-0.0003681393378995,3.31665697966832e-05,0.888858680027363,-0.6131014196881053,0.0,0.2247853575590957,1.1828833616422336,0.2692350037965072,120419,297397,21414,87570,417816,0.793120728929385,0.2882105998812874,0.849019621667736,0.2274740432296794,0.5382468324487077,0.4303375865944547,1.070479676926119,-0.0001416780824115,-0.0003047231924558,2064,5.641924149438401,0.2751937984496124,0.4757751937984496,-0.0002233061883359,-0.0002233061883359,-0.0005073283777097,0.9522422428183142,-0.581950286124098,0.0,0.3096154421322066,1.1499821262699546,ETHUSDT,BAJA,v4_63_sin_pesos,63,0.1956201254508516,0.2419153626660695,0.09259047443043578,0.849019621667736,0.9114938739780036,0.1249485046205352,0.3258031478451269,0.3780703672197908,0.10453443874932783,1.0294077608562435,1.049943718891181,0.04107191606987537,2064,2111.0,94,0.1936978683966636,0.234445833423138,0.0814959300529488,0.4757751937984496,0.4892777729881961,0.027005158379492966,-0.0003681393378995,-0.0002957227631177,0.0001448331495636,0.888858680027363,0.9205504614228386,0.06338356279095114,-0.6131014196881053,-0.5975258529061016,0.031151133564007227,0.2247853575590957,0.26720039984565114,0.08483008457311089,1.1499821262699546,1.166432743956094,0.03290123537227907
0.22,0.1900317181290125,94984,384409,4471,39496,479393,0.9159909049220422,0.1981338901485837,0.9550449952239708,0.0931718191575942,0.5241084071907824,0.3281828735695726,1.0426358930990174,-0.0003706679955695,-8.75886835420836e-05,2147,5.884890141788758,0.1932929669306008,0.5030274802049371,-0.0003473693725246,-0.0003473693725246,7.058034690243797e-05,0.8949783133679093,-0.5979442455783505,0.0,0.2247853575590957,1.1828833616422336,0.2692350037965072,110751,263648,31082,121319,374399,0.710704252088079,0.2958100849628338,0.7808549491303153,0.3151412978255279,0.5479981234779217,0.4290745246323359,1.0987058918476014,-8.486483705114973e-05,-0.0002701043585022,1973,5.393176524632735,0.29295489102889,0.4946781550937658,-0.0001719941856588,-0.0001719941856588,-0.0001465485828355,0.964007229947856,-0.5356712701618823,0.0,0.3096154421322066,1.1499821262699546,ETHUSDT,BAJA,v4_63_sin_pesos,63,0.1981338901485837,0.24697198755570876,0.09767619481425008,0.7808549491303153,0.8679499721771431,0.17419004609365552,0.3281828735695726,0.37862869910095426,0.10089165106276332,1.0426358930990174,1.0706708924733093,0.05606999874858398,1973,2060.0,174,0.1932929669306008,0.24312392897974539,0.0996619240982892,0.4946781550937658,0.49885281764935147,0.008349325111171368,-0.0003473693725246,-0.0002596817790917,0.0001753751868658,0.8949783133679093,0.9294927716578827,0.0690289165799467,-0.5979442455783505,-0.5668077578701164,0.062272975416468146,0.2247853575590957,0.26720039984565114,0.08483008457311089,1.1499821262699546,1.166432743956094,0.03290123537227907
0.23,0.1900317181290125,91610,363050,7845,60855,454660,0.8687328034240294,0.2014912242114987,0.921120104569906,0.1435581085384697,0.5323391065541878,0.3306533842252961,1.0603031230539437,-0.0003868610531889,-9.353327477445994e-05,2121,5.813624588138778,0.1956624233851956,0.4893917963224894,-0.000331694943171,-0.000331694943171,-0.0001611699746306,0.8996409963395721,-0.5818586314444585,0.0,0.2247853575590957,1.1828833616422336,0.2692350037965072,98733,226638,43100,158329,325371,0.617636674259681,0.3034474492195063,0.6961214949976381,0.4112794083648728,0.5537004516812555,0.4226547717913373,1.1270727986352678,-4.248163328403894e-05,-0.0002458425119928,1858,5.0788251306475525,0.2820236813778256,0.4876210979547901,-0.0001997609994844,-0.0001997609994844,-0.000297561683323,0.9581430404539508,-0.5440202842907343,0.0,0.3096154421322066,1.1499821262699546,ETHUSDT,BAJA,v4_63_sin_pesos,63,0.2014912242114987,0.2524693367155025,0.10195622500800758,0.6961214949976381,0.808620799783772,0.22499860957226792,0.3306533842252961,0.37665407800831674,0.0920013875660412,1.0603031230539437,1.0936879608446057,0.06676967558132407,1858,1989.5,263,0.1956624233851956,0.2388430523815106,0.08636125799262998,0.4876210979547901,0.4885064471386398,0.0017706983676993304,-0.000331694943171,-0.0002657279713277,0.0001319339436866,0.8996409963395721,0.9288920183967615,0.05850204411437876,-0.5818586314444585,-0.5629394578675964,0.03783834715372414,0.2247853575590957,0.26720039984565114,0.08483008457311089,1.1499821262699546,1.166432743956094,0.03290123537227907
0.24,0.1900317181290125,86343,332721,13112,91184,419064,0.8007184347294405,0.2060377412519329,0.8681614800663616,0.2151047994243993,0.5416331397453805,0.3330369764656647,1.084228166121478,-0.000407494587628,-9.940362533999993e-05,2077,5.69302134350035,0.189215214251324,0.4925373134328358,-0.0003630908257648,-0.0003630908257648,-5.403977327311793e-05,0.8897493461581281,-0.5982791859200309,0.0,0.2247853575590957,1.1828833616422336,0.2692350037965072,85066,189772,56767,195195,274838,0.521712224753227,0.3095132405271469,0.5997616915668427,0.5070434608680744,0.5534025762174586,0.4083125535494431,1.1496025262787997,-4.896940281867784e-05,-0.0002375578653242,1714,4.685202515570455,0.2992998833138856,0.4824970828471412,-0.0001553609281372,-0.0001553609281372,-0.0003780545321397,0.9686238679312557,-0.5082681574339716,0.0,0.3096154421322066,1.1499821262699546,ETHUSDT,BAJA,v4_63_sin_pesos,63,0.2060377412519329,0.2577754908895399,0.10347549927521402,0.5997616915668427,0.7339615858166022,0.26839978849951895,0.3330369764656647,0.3706747650075539,0.07527557708377841,1.084228166121478,1.1169153462001389,0.06537436015732156,1714,1895.5,363,0.189215214251324,0.2442575487826048,0.11008466906256156,0.4824970828471412,0.4875171981399885,0.010040230585694587,-0.0003630908257648,-0.000259225876951,0.00020772989762760002,0.8897493461581281,0.9291866070446919,0.07887452177312759,-0.5982791859200309,-0.5532736716770013,0.09001102848605935,0.2247853575590957,0.26720039984565114,0.08483008457311089,1.1499821262699546,1.166432743956094,0.03290123537227907
0.25,0.1900317181290125,78415,292413,21040,131492,370828,0.7085524304494039,0.211459220986549,0.7884470363480971,0.3101921421073118,0.5493195892277044,0.3334800534997012,1.1127575073703715,-0.0004526849252987,-0.0001164622742633,2009,5.506634510877324,0.2070681931309109,0.4888003982080637,-0.0003263530171567,-0.0003263530171567,-0.0001493954818536,0.90336484980109,-0.5560755724874751,0.0,0.2247853575590957,1.1828833616422336,0.2692350037965072,71076,155372,70757,229595,226448,0.4298557327258921,0.3138733837348972,0.5011245619848695,0.5964017695023209,0.5487631657435952,0.3859878733901559,1.1657970891932332,-0.0001529966568318,-0.0002680868045721,1515,4.141237929456966,0.3207920792079208,0.497029702970297,-1.1731515587766734e-05,-1.1731515587766734e-05,-0.0001128613578833,0.9977295795278964,-0.4093722065443322,0.0,0.3096154421322066,1.1499821262699546,ETHUSDT,BAJA,v4_63_sin_pesos,63,0.211459220986549,0.2626663023607231,0.10241416274834819,0.5011245619848695,0.6447857991664834,0.28732247436322755,0.3334800534997012,0.3597339634449286,0.052507819890454666,1.1127575073703715,1.1392772982818022,0.053039581822861726,1515,1762.0,494,0.2070681931309109,0.26393013616941585,0.1137238860770099,0.4888003982080637,0.4929150505891804,0.008229304762233325,-0.0003263530171567,-0.00016904226637223335,0.00031462150156893326,0.90336484980109,0.9505472146644932,0.09436472972680643,-0.5560755724874751,-0.4827238895159036,0.14670336594314287,0.2247853575590957,0.26720039984565114,0.08483008457311089,1.1499821262699546,1.166432743956094,0.03290123537227907
0.26,0.1900317181290125,67223,243171,32232,180734,310394,0.5930793335371446,0.2165731296352377,0.6759137298275602,0.4263549616069638,0.5511343457172619,0.3280378871242823,1.1396683236227243,-0.0005296365357073,-0.000145266143271,1894,5.191421485117796,0.2148891235480464,0.4989440337909187,-0.0003810911131221,-0.0003810911131221,-2.7898549603055933e-05,0.8893282837527791,-0.5896444696133236,0.0,0.2247853575590957,1.1828833616422336,0.2692350037965072,58070,124166,83763,260801,182236,0.3459301442672741,0.3186527360126429,0.409425169036825,0.6774632630848878,0.5434442160608564,0.3583804683570474,1.183548689877957,-0.0003132984097486,-0.0003331419386602,1319,3.605473814490916,0.3146322971948446,0.491281273692191,1.525345752971352e-07,1.525345752971352e-07,-0.0003118233001297,1.0000282344444753,-0.3897062844952623,0.0,0.3096154421322066,1.1499821262699546,ETHUSDT,BAJA,v4_63_sin_pesos,63,0.2165731296352377,0.2676129328239403,0.10207960637740518,0.409425169036825,0.5426694494321926,0.26648856079073513,0.3280378871242823,0.34320917774066484,0.03034258123276512,1.1396683236227243,1.1616085067503406,0.04388036625523273,1319,1606.5,575,0.2148891235480464,0.2647607103714455,0.09974317364679819,0.491281273692191,0.49511265374155483,0.007662760098727683,-0.0003810911131221,-0.00019046928927340145,0.00038124364769739715,0.8893282837527791,0.9446782590986271,0.11069995069169625,-0.5896444696133236,-0.489675377054293,0.19993818511806133,0.2247853575590957,0.26720039984565114,0.08483008457311089,1.1499821262699546,1.166432743956094,0.03290123537227907
0.27,0.1900317181290125,53638,189876,45817,234029,243514,0.4652896667685723,0.220266596581716,0.5393192901312152,0.5520788855993678,0.5456990878652914,0.3127862868072624,1.1591043787341704,-0.0006516052637194,-0.000191478362423,1705,4.673375729739093,0.2105571847507331,0.4967741935483871,-0.0005055305606822,-0.0005055305606822,-7.251344794845238e-05,0.862542052356314,-0.6378328264035535,0.0,0.2247853575590957,1.1828833616422336,0.2692350037965072,46516,96523,95317,288444,143039,0.2715242976461655,0.3251980229168268,0.327963167951041,0.7492694178981575,0.5386162929245992,0.3265747423404195,1.2078593731542335,-0.0004300668381623,-0.0003680895110151,1122,3.0669762091423864,0.3190730837789661,0.5017825311942959,0.0001283651495967,0.0001283651495967,1.61941421620293e-05,1.0236005608774803,-0.3488276118793786,0.0,0.3096154421322066,1.1499821262699546,ETHUSDT,BAJA,v4_63_sin_pesos,63,0.220266596581716,0.27273230974927143,0.10493142633511082,0.327963167951041,0.4336412290411281,0.21135612218017413,0.3127862868072624,0.31968051457384095,0.013788455533157107,1.1591043787341704,1.183481875944202,0.04875499442006315,1122,1413.5,583,0.2105571847507331,0.2648151342648496,0.108515899028233,0.4967741935483871,0.4992783623713415,0.005008337645908856,-0.0005055305606822,-0.00018858270554275,0.0006338957102789,0.862542052356314,0.9430713066168972,0.16105850852116632,-0.6378328264035535,-0.4933302191414661,0.28900521452417494,0.2247853575590957,0.26720039984565114,0.08483008457311089,1.1499821262699546,1.166432743956094,0.03290123537227907
0.28,0.1900317181290125,40265,137632,59190,286273,177897,0.3399132528278814,0.2263388365177602,0.4048564677492333,0.6753234804968095,0.5400899741230214,0.2903530531598834,1.1910582020002514,-0.0007317409457246,-0.0001814952616772,1466,4.018280832725813,0.2155525238744884,0.4788540245566166,-0.0006549350687023,-0.0006549350687023,-0.0003894361180859,0.8334465009979894,-0.6710746430299583,0.0,0.2247853575590957,1.1828833616422336,0.2692350037965072,35721,73592,106112,311375,109313,0.2075037965072133,0.3267772360103556,0.2518525307932568,0.8088355625287362,0.5303440466609965,0.284464016946318,1.2137249295315993,-0.0006812359658074,-0.0005311546047821,958,2.618683786415692,0.3340292275574112,0.4979123173277662,-4.7203205327921287e-05,-4.7203205327921287e-05,-5.163595457180481e-05,0.9917950584984307,-0.4105597634941197,0.0,0.3096154421322066,1.1499821262699546,ETHUSDT,BAJA,v4_63_sin_pesos,63,0.2263388365177602,0.2765580362640579,0.10043839949259536,0.2518525307932568,0.32835449927124505,0.15300393695597647,0.284464016946318,0.2874085350531007,0.005889036213565402,1.1910582020002514,1.2023915657659252,0.022666727531347908,958,1212.0,508,0.2155525238744884,0.2747908757159498,0.11847670368292282,0.4788540245566166,0.4883831709421914,0.01905829277114962,-0.0006549350687023,-0.00035106913701511065,0.0006077318633743786,0.8334465009979894,0.9126207797482101,0.1583485575004413,-0.6710746430299583,-0.5408172032620391,0.26051487953583863,0.2247853575590957,0.26720039984565114,0.08483008457311089,1.1499821262699546,1.166432743956094,0.03290123537227907
0.29,0.1900317181290125,27820,93114,71635,330791,120934,0.2310723020483032,0.2300428332809631,0.2797244985169172,0.7803422936742902,0.5300333960956037,0.25246269096915,1.210549667949574,-0.000821421549158,-0.0001751099977588,1205,3.3028843133933177,0.2174273858921162,0.4763485477178423,-0.0006919733499315,-0.0006919733499315,-0.0003476789532546,0.827241533518903,-0.623124779379947,0.0,0.2247853575590957,1.1828833616422336,0.2692350037965072,26480,54808,115353,330159,81288,0.1543052391799544,0.3257553390414329,0.1866984411244209,0.8576293552434364,0.5221638981839287,0.237359997490151,1.2099293719164572,-0.0011097923678988,-0.0008533292098046,800,2.186792305983876,0.345,0.505,-0.0001551798078749,-0.0001551798078749,0.0001598424045184,0.9740310015405832,-0.4573729112710231,0.0,0.3096154421322066,1.1499821262699546,ETHUSDT,BAJA,v4_63_sin_pesos,63,0.2300428332809631,0.27789908616119796,0.0957125057604698,0.1866984411244209,0.23321146982066907,0.09302605739249631,0.237359997490151,0.2449113442296505,0.015102693478999035,1.2099293719164572,1.2102395199330156,0.0006202960331167517,800,1002.5,405,0.2174273858921162,0.2812136929460581,0.12757261410788379,0.4763485477178423,0.49067427385892115,0.028651452282157708,-0.0006919733499315,-0.0004235765789032,0.0005367935420566,0.827241533518903,0.900636267529743,0.14678946802168025,-0.623124779379947,-0.540248845325485,0.16575186810892395,0.2247853575590957,0.26720039984565114,0.08483008457311089,1.1499821262699546,1.166432743956094,0.03290123537227907
0.3,0.1900317181290125,18094,58356,81361,365549,76450,0.1460753592173647,0.2366775670372792,0.1819315268211754,0.8623370802420354,0.5221343035316054,0.2057246809357323,1.2454634908715547,-0.0009496235778024,-0.0001589769521405,947,2.595710742558898,0.2249208025343189,0.4825765575501584,-0.0006683355227693,-0.0006683355227693,-0.000312072400797,0.8450993111468609,-0.5423741285703672,0.0,0.2247853575590957,1.1828833616422336,0.2692350037965072,19207,40909,122626,344058,60116,0.1141154138192862,0.3194989686605895,0.1354198247234423,0.8937337486070235,0.5145767866652329,0.1902163417496496,1.1866917902772878,-0.0016101794186852,-0.0011898383336492,653,1.784969219759339,0.335375191424196,0.4823889739663093,-0.0006421358306607,-0.0006421358306607,-0.0004874540755073,0.8999392307009935,-0.514780281536489,0.0,0.3096154421322066,1.1499821262699546,ETHUSDT,BAJA,v4_63_sin_pesos,63,0.2366775670372792,0.27808826784893437,0.08282140162331031,0.1354198247234423,0.15867567577230884,0.04651170209773309,0.1902163417496496,0.19797051134269095,0.015508339186082687,1.1866917902772878,1.2160776405744214,0.05877170059426695,653,800.0,294,0.2249208025343189,0.2801479969792574,0.11045438888987708,0.4823889739663093,0.48248276575823384,0.00018758358384907137,-0.0006683355227693,-0.000655235676715,2.6199692108600002e-05,0.8450993111468609,0.8725192709239271,0.05483991955413259,-0.5423741285703672,-0.5285772050534281,0.027593847033878127,0.2247853575590957,0.26720039984565114,0.08483008457311089,1.1499821262699546,1.166432743956094,0.03290123537227907
0.31,0.1900317181290125,11411,34579,88044,389326,45990,0.0878745032100275,0.2481191563383344,0.1147353074254688,0.918427477854708,0.5165813926400884,0.1569115473202929,1.30567233081525,-0.0009777329910956,-7.667156969570765e-05,686,1.8803142232264036,0.239067055393586,0.4752186588921283,-0.0013073172480672,-0.0013073172480672,-0.0004969969442323,0.7197254601586413,-0.6306145081253605,0.0,0.2247853575590957,1.1828833616422336,0.2692350037965072,13954,30168,127879,354799,44122,0.0837547456340167,0.3162594623997099,0.0983833099490245,0.9216348414279666,0.5100090756884956,0.1500793202656556,1.1746595276992462,-0.0019940766201395,-0.0012992649775097,513,1.402280566212161,0.3352826510721247,0.4756335282651072,-0.0011732341118673,-0.0011732341118673,-0.0007679681970818,0.837319399960236,-0.5587898164420226,0.0,0.3096154421322066,1.1499821262699546,ETHUSDT,BAJA,v4_63_sin_pesos,63,0.2481191563383344,0.28218930936902215,0.06814030606137553,0.0983833099490245,0.10655930868724664,0.016351997476444294,0.1500793202656556,0.15349543379297426,0.006832227054637291,1.1746595276992462,1.2401659292572482,0.13101280311600383,513,599.5,173,0.239067055393586,0.28717485323285535,0.09621559567853868,0.4752186588921283,0.47542609357861776,0.0004148693729789099,-0.0013073172480672,-0.00124027567996725,0.0001340831361999,0.7197254601586413,0.7785224300594387,0.11759393980159472,-0.6306145081253605,-0.5947021622836915,0.07182469168333783,0.2247853575590957,0.26720039984565114,0.08483008457311089,1.1499821262699546,1.166432743956094,0.03290123537227907
0.32,0.1900317181290125,7109,20264,92346,403641,27373,0.0523024304494038,0.2597084718518248,0.0714795636217384,0.9521968365553602,0.5118382000885494,0.1121045825842873,1.3666585473668595,-0.0010821438380386,-9.803380941009188e-05,499,1.3677504335130837,0.2404809619238476,0.4589178356713427,-0.0014127126269063,-0.0014127126269063,-0.0007070798424693,0.7164496347846336,-0.5455555430084844,0.0,0.2247853575590957,1.1828833616422336,0.2692350037965072,10022,22162,131811,362805,32184,0.0610933940774487,0.3113969674372359,0.0706605655947487,0.9424314291874368,0.5065459973910929,0.1151841486751294,1.1565991161854847,-0.0026602444454618,-0.0016443105897031,420,1.148065960641535,0.3214285714285714,0.4666666666666667,-0.0012393538628544,-0.0012393538628544,-0.0005999408474,0.8275990077198896,-0.4623211277222858,0.0,0.3096154421322066,1.1499821262699546,ETHUSDT,BAJA,v4_63_sin_pesos,63,0.2597084718518248,0.28555271964453033,0.05168849558541111,0.0706605655947487,0.07107006460824355,0.0008189980269897035,0.1121045825842873,0.11364436562970834,0.0030795660908421035,1.1565991161854847,1.2616288317761721,0.21005943118137482,420,459.5,79,0.2404809619238476,0.2809547666762095,0.0809476095047238,0.4589178356713427,0.4627922511690047,0.007748830995323974,-0.0014127126269063,-0.00132603324488035,0.00017335876405190007,0.7164496347846336,0.7720243212522616,0.11114937293525595,-0.5455555430084844,-0.5039383353653851,0.08323441528619863,0.2247853575590957,0.26720039984565114,0.08483008457311089,1.1499821262699546,1.166432743956094,0.03290123537227907
0.33,0.1900317181290125,4550,12062,94905,411843,16612,0.0317410577804952,0.2738983867084035,0.0457493338695892,0.9715455113763696,0.5086474226229795,0.0784029913756709,1.4413298443286922,-0.0010150104364343,0.0,355,0.9730489056055004,0.2112676056338028,0.4507042253521127,-0.0018487460250568,-0.0018487460250568,-0.0009516008576453,0.6515458259233667,-0.5134214029599454,0.0,0.2247853575590957,1.1828833616422336,0.2692350037965072,7372,16260,134461,368707,23632,0.0448595292331055,0.3119498984427894,0.0519766203915872,0.9577626134188124,0.5048696169051999,0.0891064575590004,1.1586528276188297,-0.0033404285435196,-0.0019632642613979,321,0.8774504127760303,0.3239875389408099,0.4641744548286604,-0.0019364351005612,-0.0019364351005612,-0.0006947284844693,0.7380271905006053,-0.4953930099875361,0.0,0.3096154421322066,1.1499821262699546,ETHUSDT,BAJA,v4_63_sin_pesos,63,0.2738983867084035,0.29292414257559646,0.03805151173438592,0.0457493338695892,0.0488629771305882,0.006227286521997999,0.0784029913756709,0.08375472446733565,0.0107034661833295,1.1586528276188297,1.299991335973761,0.28267701670986245,321,338.0,34,0.2112676056338028,0.2676275722873064,0.11271993330700708,0.4507042253521127,0.45743934009038656,0.01347022947654769,-0.0019364351005612,-0.001892590562809,8.76890755044e-05,0.6515458259233667,0.694786508211986,0.08648136457723854,-0.5134214029599454,-0.5044072064737408,0.018028392972409324,0.2247853575590957,0.26720039984565114,0.08483008457311089,1.1499821262699546,1.166432743956094,0.03290123537227907
0.34,0.1900317181290125,2951,7551,96504,416354,10502,0.0200664934270865,0.2809940963625976,0.0296717108239907,0.9821870466260127,0.5059293787250018,0.0536755277062851,1.4786694512325078,-0.0010448654253531,-1.975458982217404e-05,255,0.6989506223363453,0.2196078431372549,0.4470588235294118,-0.0024511871075334,-0.0024511871075334,-0.001094938171152,0.586875432892409,-0.4817137704162806,0.0,0.2247853575590957,1.1828833616422336,0.2692350037965072,5518,11948,136315,373019,17466,0.0331548974943052,0.3159280888583534,0.0389049092947339,0.9689635735011052,0.5039342413979196,0.0692785265444227,1.1734287310469391,-0.0039862722462764,-0.0021194048425824,255,0.6970400475323606,0.3137254901960784,0.4509803921568627,-0.0025658089766914,-0.0025658089766914,-0.000942535206462,0.6781957814914157,-0.5248127421862392,0.0,0.3096154421322066,1.1499821262699546,ETHUSDT,BAJA,v4_63_sin_pesos,63,0.2809940963625976,0.2984610926104755,0.034933992495755795,0.0296717108239907,0.034288310059362295,0.0092331984707432,0.0536755277062851,0.0614770271253539,0.015602998838137594,1.1734287310469391,1.3260490911397236,0.3052407201855687,255,255.0,0,0.2196078431372549,0.26666666666666666,0.09411764705882353,0.4470588235294118,0.4490196078431372,0.003921568627450911,-0.0025658089766914,-0.0025084980421124,0.00011462186915800043,0.586875432892409,0.6325356071919124,0.09132034859900673,-0.5248127421862392,-0.5032632563012599,0.04309897176995858,0.2247853575590957,0.26720039984565114,0.08483008457311089,1.1499821262699546,1.166432743956094,0.03290123537227907
0.35,0.1900317181290125,1951,5272,97504,418633,7223,0.0138012075817792,0.2701093728367714,0.0196169121713337,0.987563251200151,0.5035900816857424,0.0365773636551116,1.421390994599092,-0.0014186920429408,-0.0002853413471752,191,0.5235277210440861,0.2356020942408377,0.4293193717277487,-0.0028046196076327,-0.0028046196076327,-0.0015081529592904,0.5782349232171254,-0.4291784585980553,0.0,0.2247853575590957,1.1828833616422336,0.2692350037965072,4185,8814,137648,376153,12999,0.0246753986332574,0.3219478421417032,0.0295065323302757,0.9771045310377252,0.5033055316840005,0.05405859253901,1.1957874630040204,-0.0046413159980075,-0.0023903845938029,196,0.5357641149660497,0.3010204081632653,0.4591836734693877,-0.0033085800198978,-0.0033085800198978,-0.0014941040145203,0.6144631629461732,-0.5182516856902368,0.0,0.3096154421322066,1.1499821262699546,ETHUSDT,BAJA,v4_63_sin_pesos,63,0.2701093728367714,0.2960286074892373,0.0518384693049318,0.0196169121713337,0.0245617222508047,0.009889620158942,0.0365773636551116,0.0453179780970608,0.0174812288838984,1.1957874630040204,1.3085892288015561,0.22560353159507152,191,193.5,5,0.2356020942408377,0.2683112512020515,0.06541831392242761,0.4293193717277487,0.4442515225985682,0.02986430174163901,-0.0033085800198978,-0.00305659981376525,0.0005039604122651,0.5782349232171254,0.5963490430816494,0.03622823972904776,-0.5182516856902368,-0.4737150721441461,0.08907322709218152,0.2247853575590957,0.26720039984565114,0.08483008457311089,1.1499821262699546,1.166432743956094,0.03290123537227907
0.36,0.1900317181290125,1368,3989,98087,419916,5357,0.0102357841638642,0.2553668097815941,0.0137549645568347,0.9905898727309184,0.5021724186438766,0.0261038812349731,1.3438115083936968,-0.0018260559235717,-0.0005526584287496,149,0.4084064420710409,0.2214765100671141,0.4429530201342282,-0.003163019877543,-0.003163019877543,-0.0015084763683783,0.5461176464322975,-0.3971647426118447,0.0,0.2247853575590957,1.1828833616422336,0.2692350037965072,3258,6494,138575,378473,9752,0.0185117691723614,0.3340853158326497,0.022970676781849,0.983131021620035,0.503050849200942,0.0429857835537817,1.2408687990851204,-0.0049201684786388,-0.0022707916162582,154,0.4209575189018962,0.2987012987012987,0.4155844155844156,-0.0040558626843373,-0.0040558626843373,-0.0024311978132218,0.5843589454108102,-0.5377785502503412,0.0,0.3096154421322066,1.1499821262699546,ETHUSDT,BAJA,v4_63_sin_pesos,63,0.2553668097815941,0.2947260628071219,0.07871850605105563,0.0137549645568347,0.01836282066934185,0.009215712225014301,0.0261038812349731,0.0345448323943774,0.016881902318808602,1.2408687990851204,1.2923401537394086,0.10294270930857641,149,151.5,5,0.2214765100671141,0.2600889043842064,0.07722478863418458,0.4155844155844156,0.4292687178593219,0.027368604549812603,-0.0040558626843373,-0.00360944128094015,0.0008928428067942998,0.5461176464322975,0.5652382959215538,0.038241298978512694,-0.5377785502503412,-0.46747164643109296,0.14061380763849646,0.2247853575590957,0.26720039984565114,0.08483008457311089,1.1499821262699546,1.166432743956094,0.03290123537227907
0.37,0.1900317181290125,999,3165,98456,420740,4164,0.0079562824824212,0.2399135446685878,0.0100447438540043,0.9925337044856748,0.5012892241698396,0.019282177978942,1.2624921093736077,-0.0022093315264224,-0.0007735328265371,128,0.3508458025845184,0.2109375,0.4609375,-0.0034885040249247,-0.0034885040249247,-0.0013009517169348,0.517725437278181,-0.3959030402157346,0.0,0.2247853575590957,1.1828833616422336,0.2692350037965072,2559,4810,139274,380157,7369,0.0139882308276385,0.3472655719907721,0.0180423455754302,0.9875054225427116,0.5027738840590709,0.0343024892427715,1.289823266269054,-0.0051086835220022,-0.0018344737893964,127,0.3471532785749404,0.3070866141732283,0.4173228346456692,-0.0048684320805245,-0.0048684320805245,-0.0031059103289716,0.5380475717859975,-0.5107822271340066,0.0,0.3096154421322066,1.1499821262699546,ETHUSDT,BAJA,v4_63_sin_pesos,63,0.2399135446685878,0.29358955832968,0.10735202732218432,0.0100447438540043,0.01404354471471725,0.007997601721425902,0.019282177978942,0.026792333610856752,0.015020311263829501,1.2624921093736077,1.276157687821331,0.027331156895446407,127,127.5,1,0.2109375,0.2590120570866141,0.0961491141732283,0.4173228346456692,0.4391301673228346,0.043614665354330784,-0.0048684320805245,-0.0041784680527246,0.0013799280555998003,0.517725437278181,0.5278865045320893,0.020322134507816503,-0.5107822271340066,-0.4533426336748706,0.11487918691827198,0.2247853575590957,0.26720039984565114,0.08483008457311089,1.1499821262699546,1.166432743956094,0.03290123537227907
0.38,0.1900317181290125,755,2529,98700,421376,3284,0.0062748394986242,0.2299025578562728,0.007591372982756,0.9940340406458994,0.5008127068143277,0.0146974371952228,1.209811499468694,-0.0025238440958075,-0.0008404077038691,105,0.2878031974326127,0.238095238095238,0.4380952380952381,-0.0028807179983444,-0.0028807179983444,-0.0015270278721675,0.5890288403818774,-0.2968804509399915,0.0,0.2247853575590957,1.1828833616422336,0.2692350037965072,2024,3729,139809,381238,5753,0.0109206529992406,0.3518164435946462,0.0142703038079995,0.9903134554390376,0.5022918796235186,0.0274280758337511,1.306726237798394,-0.0054635948553734,-0.0016259817561132,108,0.2952169613078232,0.2962962962962963,0.4166666666666667,-0.0061568547654753,-0.0061568547654753,-0.0038852136113981,0.4607349298972652,-0.5152108637366615,0.0,0.3096154421322066,1.1499821262699546,ETHUSDT,BAJA,v4_63_sin_pesos,63,0.2299025578562728,0.2908595007254595,0.12191388573837339,0.007591372982756,0.01093083839537775,0.006678930825243501,0.0146974371952228,0.021062756514486948,0.012730638638528299,1.209811499468694,1.258268868633544,0.09691473832969999,105,106.5,3,0.238095238095238,0.26719576719576715,0.05820105820105828,0.4166666666666667,0.4273809523809524,0.021428571428571408,-0.0061568547654753,-0.0045187863819098496,0.0032761367671309003,0.4607349298972652,0.5248818851395713,0.1282939104846122,-0.5152108637366615,-0.4060456573383265,0.21833041279666998,0.2247853575590957,0.26720039984565114,0.08483008457311089,1.1499821262699546,1.166432743956094,0.03290123537227907
0.39,0.1900317181290125,555,2015,98900,421890,2570,0.0049105778049526,0.2159533073929961,0.0055804132522246,0.9952465764735025,0.5004134948628635,0.0108796863513844,1.1364066457915485,-0.0026081144225011,-0.0008106669077688,89,0.2439474721095479,0.2022471910112359,0.4157303370786517,-0.0035131111565307,-0.0035131111565307,-0.0019741248633977,0.5003492624335161,-0.3043498748416191,0.0,0.2247853575590957,1.1828833616422336,0.2692350037965072,1661,2924,140172,382043,4585,0.0087034927866362,0.3622682660850599,0.0117109558424344,0.992404543766089,0.5020577498042617,0.0226884672649537,1.345546682179814,-0.0053935481092035,-0.0011957404566376,85,0.2323466825107868,0.2823529411764706,0.388235294117647,-0.0070616750599922,-0.0070616750599922,-0.0038145025295108,0.4494395451956241,-0.4683945487361031,0.0,0.3096154421322066,1.1499821262699546,ETHUSDT,BAJA,v4_63_sin_pesos,63,0.2159533073929961,0.289110786739028,0.14631495869206382,0.0055804132522246,0.0086456845473295,0.0061305425902098,0.0108796863513844,0.01678407680816905,0.011808780913569301,1.1364066457915485,1.2409766639856814,0.20914003638826562,85,87.0,4,0.2022471910112359,0.24230006609385324,0.08010575016523469,0.388235294117647,0.40198281559814936,0.02749504296100469,-0.0070616750599922,-0.00528739310826145,0.0035485639034615003,0.4494395451956241,0.4748944038145701,0.05090971723789195,-0.4683945487361031,-0.38637221178886105,0.16404467389448402,0.2247853575590957,0.26720039984565114,0.08483008457311089,1.1499821262699546,1.166432743956094,0.03290123537227907
0.4,0.1900317181290125,440,1631,99015,422274,2071,0.0039571232039131,0.2124577498792853,0.004424111407169,0.9961524398155248,0.5002882756113469,0.0086677304335835,1.1180120454157436,-0.0021972840989255,-0.000688036523808,78,0.2137966609499409,0.2435897435897435,0.3974358974358974,-0.0037120671838323,-0.0037120671838323,-0.0030935778365558,0.4886231908924897,-0.2749582602033458,0.0,0.2247853575590957,1.1828833616422336,0.2692350037965072,1421,2425,140412,382542,3846,0.0073006833712984,0.3694747789911596,0.0100188249561103,0.9937007587663358,0.5018597918612231,0.0195086457210716,1.372313309120888,-0.0054908005530916,-0.0010813561139983,68,0.1858773460086294,0.3088235294117647,0.3676470588235294,-0.0072057923397011,-0.0072057923397011,-0.0037678697409642,0.470963295788359,-0.4070208726696271,0.0,0.3096154421322066,1.1499821262699546,ETHUSDT,BAJA,v4_63_sin_pesos,63,0.2124577498792853,0.29096626443522244,0.1570170291118743,0.004424111407169,0.0072214681816396495,0.0055947135489413,0.0086677304335835,0.014088188077327549,0.0108409152874881,1.1180120454157436,1.2451626772683158,0.2543012637051443,68,73.0,10,0.2435897435897435,0.2762066365007541,0.06523378582202122,0.3676470588235294,0.3825414781297134,0.02978883861236803,-0.0072057923397011,-0.0054589297617667,0.0034937251558687997,0.470963295788359,0.47979324334042434,0.017659895104130685,-0.4070208726696271,-0.3409895664364865,0.13206261246628132,0.2247853575590957,0.26720039984565114,0.08483008457311089,1.1499821262699546,1.166432743956094,0.03290123537227907
0.41,0.1900317181290125,340,1331,99115,422574,1671,0.0031928309385509,0.2034709754637941,0.0034186315419033,0.9968601455514796,0.5001393885466916,0.0067242845559005,1.0707211273312685,-0.0016122418368562,-0.0004048839121906,67,0.1836458497903338,0.208955223880597,0.3880597014925373,-0.0042422675623915,-0.0042422675623915,-0.0038673946056151,0.4002524964294452,-0.2835663015755199,0.0,0.2247853575590957,1.1828833616422336,0.2692350037965072,1167,2100,140666,382867,3267,0.0062015945330296,0.357208448117539,0.0082279864347507,0.9945449869729094,0.50138648670383,0.0160854583046175,1.3267533681746813,-0.0063618917410842,-0.0017407781822469,51,0.1394080095064721,0.2941176470588235,0.3725490196078431,-0.0086357564773087,-0.0086357564773087,-0.0030300573582764,0.3829819064418697,-0.3757099879231762,0.0,0.3096154421322066,1.1499821262699546,ETHUSDT,BAJA,v4_63_sin_pesos,63,0.2034709754637941,0.2803397117906665,0.15373747265374488,0.0034186315419033,0.005823308988327,0.0048093548928474,0.0067242845559005,0.011404871430258999,0.009361173748716999,1.0707211273312685,1.198737247752975,0.2560322408434128,51,59.0,16,0.208955223880597,0.2515364354697103,0.08516242317822648,0.3725490196078431,0.38030436055019023,0.015510681884694233,-0.0086357564773087,-0.0064390120198501,0.004393488914917199,0.3829819064418697,0.3916172014356575,0.017270589987575524,-0.3757099879231762,-0.32963814474934805,0.09214368634765635,0.2247853575590957,0.26720039984565114,0.08483008457311089,1.1499821262699546,1.166432743956094,0.03290123537227907
0.42,0.1900317181290125,286,1078,99169,422827,1364,0.0026062366248853,0.2096774193548387,0.0028756724146598,0.9974569773888018,0.5001663249017309,0.0056735337585177,1.1033811693082136,-0.0005164674105006,8.080093677270694e-05,59,0.1617179871288014,0.2203389830508474,0.4067796610169492,-0.0031214337020591,-0.0031214337020591,-0.0038502865329512,0.4947358386012226,-0.227738284202303,0.0,0.2247853575590957,1.1828833616422336,0.2692350037965072,969,1861,140864,383106,2830,0.0053720577069096,0.3424028268551237,0.0068319784535333,0.9951658194078972,0.5009988989307154,0.0133966529105576,1.2717619255552597,-0.0075246872188562,-0.0027758558541279,46,0.1257405575940728,0.3478260869565217,0.4347826086956521,-0.0071632062873272,-0.0071632062873272,-0.0025779803528084,0.4610637057617069,-0.3084408695343161,0.0,0.3096154421322066,1.1499821262699546,ETHUSDT,BAJA,v4_63_sin_pesos,63,0.2096774193548387,0.27604012310498116,0.132725407500285,0.0028756724146598,0.00485382543409655,0.0039563060388735,0.0056735337585177,0.009535093334537649,0.0077231191520399,1.1033811693082136,1.1875715474317365,0.16838075624704607,46,52.5,13,0.2203389830508474,0.2840825350036845,0.12748710390567428,0.4067796610169492,0.42078113485630064,0.028002947678702927,-0.0071632062873272,-0.00514231999469315,0.0040417725852681,0.4610637057617069,0.47789977218146473,0.0336721328395157,-0.3084408695343161,-0.26808957686830953,0.0807025853320131,0.2247853575590957,0.26720039984565114,0.08483008457311089,1.1499821262699546,1.166432743956094,0.03290123537227907
0.43,0.1900317181290125,262,894,99193,423011,1156,0.0022088046468969,0.2266435986159169,0.0026343572469961,0.997891036906854,0.5002626970769252,0.0052081780322231,1.1926619453182474,0.0007220189431515,0.0005893576941965,49,0.1343081588018859,0.2040816326530612,0.3673469387755102,-0.0037045790883942,-0.0037045790883942,-0.0045219324516103,0.4470880710218325,-0.2172931008493246,0.0,0.2247853575590957,1.1828833616422336,0.2692350037965072,777,1677,141056,383290,2454,0.0046583143507972,0.3166259168704156,0.0054782737444741,0.9956437824540804,0.5005610280992773,0.0107702010576143,1.1760206228968926,-0.0086887412691977,-0.0041623426302876,35,0.0956721633867945,0.3142857142857143,0.4857142857142857,-0.0073447957041619,-0.0073447957041619,-5.123800051243244e-05,0.4785671517690257,-0.2726010046141376,0.0,0.3096154421322066,1.1499821262699546,ETHUSDT,BAJA,v4_63_sin_pesos,63,0.2266435986159169,0.27163475774316626,0.08998231825449868,0.0026343572469961,0.0040563154957351,0.002843916497478,0.0052081780322231,0.007989189544918701,0.005562023025391201,1.1760206228968926,1.18434128410757,0.016641322421354854,35,42.0,14,0.2040816326530612,0.25918367346938775,0.11020408163265308,0.3673469387755102,0.42653061224489797,0.11836734693877549,-0.0073447957041619,-0.00552468739627805,0.0036402166157677002,0.4470880710218325,0.4628276113954291,0.03147908074719319,-0.2726010046141376,-0.24494705273173112,0.05530790376481301,0.2247853575590957,0.26720039984565114,0.08483008457311089,1.1499821262699546,1.166432743956094,0.03290123537227907
0.44,0.1900317181290125,245,766,99210,423139,1011,0.0019317487007031,0.2423343224530168,0.0024634256699009,0.9981929913541948,0.500328208512048,0.0048772719128859,1.2752309184959114,0.001542438850717,0.0010289727621338,44,0.1206032446384282,0.2272727272727272,0.4090909090909091,-0.0026363186291315,-0.0026363186291315,-0.0041861094922808,0.5946970096686294,-0.1682166887375029,0.0,0.2247853575590957,1.1828833616422336,0.2692350037965072,645,1526,141188,383441,2171,0.0041211085801063,0.2970981114693689,0.0045476017569959,0.9960360238669808,0.5002918128119883,0.0089580844976528,1.1034899150554776,-0.0094943611266861,-0.0057928256262194,30,0.0820047114743953,0.3,0.5,-0.0099033181052607,-0.0099033181052607,7.50736430782939e-05,0.3850105001231856,-0.3006581961203599,0.0,0.3096154421322066,1.1499821262699546,ETHUSDT,BAJA,v4_63_sin_pesos,63,0.2423343224530168,0.26971621696119286,0.054763789016352066,0.0024634256699009,0.0035055137134484,0.002084176087095,0.0048772719128859,0.00691767820526935,0.0040808125847669,1.1034899150554776,1.1893604167756946,0.17174100344043386,30,37.0,14,0.2272727272727272,0.2636363636363636,0.07272727272727278,0.4090909090909091,0.4545454545454546,0.09090909090909088,-0.0099033181052607,-0.0062698183671961,0.007266999476129201,0.3850105001231856,0.4898537548959075,0.20968650954544377,-0.3006581961203599,-0.2344374424289314,0.13244150738285698,0.2247853575590957,0.26720039984565114,0.08483008457311089,1.1499821262699546,1.166432743956094,0.03290123537227907
0.45,0.1900317181290125,222,612,99233,423293,834,0.0015935493732803,0.2661870503597122,0.0022321653008898,0.9985562802986518,0.5003942227997709,0.004427205376462,1.4007506377382637,0.0027617727672782,0.0016522425888133,41,0.1123802961403535,0.2439024390243902,0.3902439024390244,-0.0024573945280628,-0.0024573945280628,-0.0031711260626923,0.5970711280707724,-0.1288889905648381,0.0,0.2247853575590957,1.1828833616422336,0.2692350037965072,557,1386,141276,383581,1943,0.0036883067577828,0.2866700977869274,0.0039271537653437,0.99639969140212,0.5001634225837319,0.0077481638103716,1.0647579019985007,-0.0099690075950496,-0.0066239378515655,29,0.0792712210919155,0.3103448275862069,0.4482758620689655,-0.0098462072902265,-0.0098462072902265,-0.0005829181250609,0.3965077662723645,-0.290015425280458,0.0,0.3096154421322066,1.1499821262699546,ETHUSDT,BAJA,v4_63_sin_pesos,63,0.2661870503597122,0.2764285740733198,0.02048304742721524,0.0022321653008898,0.0030796595331167497,0.0016949884644539,0.004427205376462,0.0060876845934167995,0.0033209584339096007,1.0647579019985007,1.2327542698683822,0.33599273573976296,29,35.0,12,0.2439024390243902,0.27712363330529854,0.0664423885618167,0.3902439024390244,0.41925988225399496,0.05803195962994112,-0.0098462072902265,-0.00615180090914465,0.0073888127621637,0.3965077662723645,0.4967894471715685,0.20056336179840795,-0.290015425280458,-0.20945220792264804,0.16112643471561988,0.2247853575590957,0.26720039984565114,0.08483008457311089,1.1499821262699546,1.166432743956094,0.03290123537227907
0.46,0.1900317181290125,197,504,99258,423401,701,0.0013394221950473,0.2810271041369472,0.0019807953345734,0.9988110543635956,0.5003959248490846,0.0039338631734494,1.478843147364262,0.0032079343308983,0.0021550977016142,41,0.1123802961403535,0.2682926829268293,0.4146341463414634,-0.0021011590720466,-0.0021011590720466,-0.0020407324018956,0.6423507344377619,-0.1179260918114482,0.0,0.2247853575590957,1.1828833616422336,0.2692350037965072,489,1241,141344,383726,1730,0.0032839787395596,0.2826589595375722,0.0034477166808852,0.9967763470635146,0.5001120318721999,0.0068123402269386,1.049859622826797,-0.0099964563080578,-0.0071753097097079,27,0.0738042403269558,0.3333333333333333,0.4814814814814814,-0.0094704645431112,-0.0094704645431112,-5.123800051243244e-05,0.4116591098947035,-0.2677821093734367,0.0,0.3096154421322066,1.1499821262699546,ETHUSDT,BAJA,v4_63_sin_pesos,63,0.2810271041369472,0.28184303183725967,0.001631855400624993,0.0019807953345734,0.0027142560077293,0.0014669213463118004,0.0039338631734494,0.005373101700194,0.0028784770534892,1.049859622826797,1.2643513850955295,0.42898352453746513,27,34.0,14,0.2682926829268293,0.30081300813008127,0.06504065040650403,0.4146341463414634,0.44805781391147237,0.066847335140018,-0.0094704645431112,-0.0057858118075789,0.0073693054710646,0.4116591098947035,0.5270049221662327,0.23069162454305842,-0.2677821093734367,-0.19285410059244246,0.14985601756198852,0.2247853575590957,0.26720039984565114,0.08483008457311089,1.1499821262699546,1.166432743956094,0.03290123537227907
0.47,0.1900317181290125,166,395,99289,423510,561,0.0010719199021705,0.2959001782531194,0.001669096576341,0.9990681874476592,0.5003686420120002,0.0033194688849784,1.5571094192403858,0.0035153816402155,0.0025493283500308,33,0.0904524334788211,0.2727272727272727,0.4242424242424242,-0.0010205618494697,-0.0010205618494697,-0.000444054663129,0.8032347773835904,-0.0819252901199251,0.0,0.2247853575590957,1.1828833616422336,0.2692350037965072,461,1106,141372,383861,1567,0.0029745634016704,0.2941927249521378,0.0032503014108141,0.9971270264723988,0.5001886639416065,0.0064295676429567,1.0926986491492543,-0.0096883465748777,-0.0076032299663326,25,0.0683372595619961,0.36,0.44,-0.0102212786367245,-0.0102212786367245,-0.0020864169418195,0.4008446005285177,-0.2666398506521854,0.0,0.3096154421322066,1.1499821262699546,ETHUSDT,BAJA,v4_63_sin_pesos,63,0.2941927249521378,0.29504645160262855,0.0017074533009815984,0.001669096576341,0.00245969899357755,0.0015812048344731,0.0033194688849784,0.00487451826396755,0.0031100987579783,1.0926986491492543,1.32490403419482,0.4644107700911315,25,29.0,8,0.2727272727272727,0.31636363636363635,0.08727272727272728,0.4242424242424242,0.43212121212121213,0.015757575757575804,-0.0102212786367245,-0.0056209202430970995,0.0092007167872548,0.4008446005285177,0.6020396889560541,0.40239017685507267,-0.2666398506521854,-0.17428257038605524,0.18471456053226026,0.2247853575590957,0.26720039984565114,0.08483008457311089,1.1499821262699546,1.166432743956094,0.03290123537227907
0.48,0.1900317181290125,139,345,99316,423560,484,0.0009247936410883,0.2871900826446281,0.0013976170127193,0.9991861384036518,0.5002918777081855,0.0027816968350693,1.511274462348726,0.0027640981530452,0.0025453489008073,30,0.0822294849807465,0.2666666666666666,0.4333333333333333,2.3081637924278937e-05,2.3081637924278937e-05,-0.0011752790367681,1.0044928612325752,-0.0845880814010231,0.0,0.2247853575590957,1.1828833616422336,0.2692350037965072,427,979,141406,383988,1406,0.0026689445709946,0.3036984352773826,0.0030105828685848,0.9974569248792754,0.5002337538739301,0.0059620634045197,1.1280050179022172,-0.0093483583034828,-0.0074960268786586,23,0.0628702787970364,0.391304347826087,0.4347826086956521,-0.010261525238108,-0.010261525238108,-0.0006914448636743,0.4307208212965184,-0.2607366601085593,0.0,0.3096154421322066,1.1499821262699546,ETHUSDT,BAJA,v4_63_sin_pesos,63,0.2871900826446281,0.29544425896100535,0.01650835263275452,0.0013976170127193,0.00220409994065205,0.0016129658558654998,0.0027816968350693,0.0043718801197945,0.0031803665694504,1.1280050179022172,1.3196397401254716,0.3832694444465088,23,26.5,7,0.2666666666666666,0.32898550724637676,0.12463768115942037,0.4333333333333333,0.4340579710144927,0.0014492753623188137,-0.010261525238108,-0.005119221800091861,0.01028460687603228,0.4307208212965184,0.7176068412645468,0.5737720399360569,-0.2607366601085593,-0.17266237075479118,0.1761485787075362,0.2247853575590957,0.26720039984565114,0.08483008457311089,1.1499821262699546,1.166432743956094,0.03290123537227907
0.49,0.1900317181290125,131,316,99324,423589,447,0.0008540966065423,0.2930648769574944,0.001317178623498,0.9992545499581276,0.5002858642908128,0.0026225701187163,1.542189271574825,0.0026304418231918,0.0025493283500308,29,0.0794885021480549,0.2068965517241379,0.4137931034482758,-0.0018061566086017,-0.0018061566086017,-0.0020407324018956,0.6562202969709332,-0.0837196119944473,0.0,0.2247853575590957,1.1828833616422336,0.2692350037965072,389,843,141444,384124,1232,0.002338648443432,0.3157467532467532,0.0027426621449169,0.9978102019134109,0.5002764320291638,0.0054380875825673,1.1727552093686913,-0.0088161564639723,-0.0065421229019653,19,0.051936317267117,0.3684210526315789,0.3684210526315789,-0.0193620479085014,-0.0193620479085014,-0.0072870644360107,0.2276066276187779,-0.3303581384649852,0.0,0.3096154421322066,1.1499821262699546,ETHUSDT,BAJA,v4_63_sin_pesos,63,0.2930648769574944,0.30440581510212383,0.02268187628925883,0.001317178623498,0.00202992038420745,0.0014254835214189,0.0026225701187163,0.0040303288506418,0.002815517463851,1.1727552093686913,1.357472240471758,0.36943406220613384,19,24.0,10,0.2068965517241379,0.28765880217785844,0.16152450090744103,0.3684210526315789,0.3911070780399274,0.045372050816696874,-0.0193620479085014,-0.01058410225855155,0.0175558912998997,0.2276066276187779,0.44191346229485556,0.4286136693521553,-0.3303581384649852,-0.20703887522971626,0.24663852647053788,0.2247853575590957,0.26720039984565114,0.08483008457311089,1.1499821262699546,1.166432743956094,0.03290123537227907
0.5,0.1900317181290125,125,284,99330,423621,409,0.0007814888413329,0.3056234718826406,0.0012568498315821,0.9993300385699626,0.5002934442007724,0.0025034046302972,1.608276107229388,0.0026488569793062,0.0025493283500308,25,0.0685245708172887,0.2,0.4,-0.0024313768441631,-0.0024313768441631,-0.0020407324018956,0.5745820766132259,-0.0921510786968408,0.0,0.2247853575590957,1.1828833616422336,0.2692350037965072,354,720,141479,384247,1074,0.0020387243735763,0.329608938547486,0.0024958930573279,0.9981297098192832,0.5003128014383056,0.0049542709594351,1.2242425163876929,-0.0083623626239611,-0.0057455443460577,16,0.0437358461196775,0.25,0.3125,-0.0242104033359898,-0.0242104033359898,-0.009621769047306,0.1445361752677929,-0.3338579902005467,0.0,0.3096154421322066,1.1499821262699546,ETHUSDT,BAJA,v4_63_sin_pesos,63,0.3056234718826406,0.3176162052150633,0.023985466664845412,0.0012568498315821,0.001876371444455,0.0012390432257458,0.0025034046302972,0.00372883779486615,0.0024508663291379,1.2242425163876929,1.4162593118085405,0.3840335908416952,16,20.5,9,0.2,0.225,0.04999999999999999,0.3125,0.35625,0.08750000000000002,-0.0242104033359898,-0.01332089009007645,0.0217790264918267,0.1445361752677929,0.3595591259405094,0.430045901345433,-0.3338579902005467,-0.21300453444869374,0.24170691150370588,0.2247853575590957,0.26720039984565114,0.08483008457311089,1.1499821262699546,1.166432743956094,0.03290123537227907
0.51,0.1900317181290125,122,247,99333,423658,369,0.0007050596147966,0.3306233062330623,0.0012266854356241,0.9994173222773972,0.5003220038565106,0.0024443019714697,1.7398322211063848,0.0029288438271541,0.0026961958812287,23,0.0630426051519056,0.217391304347826,0.3478260869565217,-0.0028710092270757,-0.0028710092270757,-0.0038502865329512,0.5378468445022011,-0.0921510786968409,0.0,0.2247853575590957,1.1828833616422336,0.2692350037965072,333,616,141500,384351,949,0.001801442672741,0.3508956796628029,0.0023478316047746,0.9983998628453868,0.5003738472250807,0.0046644535025423,1.3033063112700471,-0.0078686840908672,-0.0040245117339752,16,0.0437358461196775,0.1875,0.25,-0.0241204061410901,-0.0241204061410901,-0.0092445246118761,0.1190561121565249,-0.3325430520441943,0.0,0.3096154421322066,1.1499821262699546,ETHUSDT,BAJA,v4_63_sin_pesos,63,0.3306233062330623,0.3407594929479326,0.020272373429740587,0.0012266854356241,0.00178725852019935,0.0011211461691505,0.0024443019714697,0.003554377737006,0.0022201515310726,1.3033063112700471,1.5215692661882159,0.43652590983633766,16,19.5,7,0.1875,0.202445652173913,0.029891304347825998,0.25,0.29891304347826086,0.09782608695652167,-0.0241204061410901,-0.013495707684082899,0.0212493969140144,0.1190561121565249,0.328451478329363,0.4187907323456762,-0.3325430520441943,-0.21234706537051762,0.2403919733473534,0.2247853575590957,0.26720039984565114,0.08483008457311089,1.1499821262699546,1.166432743956094,0.03290123537227907
0.52,0.1900317181290125,119,206,99336,423699,325,0.0006209874656068,0.3661538461538461,0.0011965210396661,0.9995140420613108,0.5003552815504886,0.0023852475445981,1.926803850214438,0.0033043079922593,0.0032047395499505,22,0.0603016223192141,0.2272727272727272,0.3181818181818182,-0.0030464472863045,-0.0030464472863045,-0.0046979523395418,0.5309276356747402,-0.0930477171871829,0.0,0.2247853575590957,1.1828833616422336,0.2692350037965072,311,525,141522,384442,836,0.001586940015186,0.3720095693779904,0.0021927196068615,0.9986362467432274,0.5004144831750444,0.0043597417799241,1.3817280967639785,-0.0068009007835852,-0.0020268672769865,15,0.0410023557371976,0.2,0.2666666666666666,-0.0262955045685376,-0.0262955045685376,-0.0119564736586013,0.1167884799322933,-0.3385637582741744,0.0,0.3096154421322066,1.1499821262699546,ETHUSDT,BAJA,v4_63_sin_pesos,63,0.3661538461538461,0.36908170776591825,0.005855723224144294,0.0011965210396661,0.0016946203232637998,0.0009961985671954,0.0023852475445981,0.0033724946622611,0.0019744942353259994,1.3817280967639785,1.6542659734892082,0.5450757534504596,15,18.5,7,0.2,0.21363636363636362,0.0272727272727272,0.2666666666666666,0.29242424242424236,0.05151515151515157,-0.0262955045685376,-0.014670975927421049,0.0232490572822331,0.1167884799322933,0.32385805780351673,0.4141391557424469,-0.3385637582741744,-0.21580573773067865,0.2455160410869915,0.2247853575590957,0.26720039984565114,0.08483008457311089,1.1499821262699546,1.166432743956094,0.03290123537227907
0.53,0.1900317181290125,116,160,99339,423745,276,0.0005273616630999,0.4202898550724637,0.0011663566437082,0.999622556940824,0.5003944567922661,0.0023262576330328,2.21168265598235,0.0038623762225081,0.0039948543502446,20,0.054819656653831,0.25,0.4,-0.0022247354695912,-0.0022247354695912,-0.0046979523395418,0.6351624179974884,-0.0721381446956331,0.0,0.2247853575590957,1.1828833616422336,0.2692350037965072,291,444,141542,384523,735,0.0013952164009111,0.3959183673469387,0.0020517086996679,0.998846654388558,0.500449181544113,0.0040822624992985,1.4705308067823943,-0.0054261927497756,0.0001806575936408,15,0.0410023557371976,0.2,0.2666666666666666,-0.0259943149244579,-0.0259943149244579,-0.0119564736586013,0.1179820257642554,-0.3354501790324619,0.0,0.3096154421322066,1.1499821262699546,ETHUSDT,BAJA,v4_63_sin_pesos,63,0.3959183673469387,0.4081041112097012,0.024371487725525,0.0011663566437082,0.00160903267168805,0.0008853520559597003,0.0023262576330328,0.00320426006616565,0.0017560048662656996,1.4705308067823943,1.8411067313823721,0.7411518491999556,15,17.5,5,0.2,0.225,0.04999999999999999,0.2666666666666666,0.3333333333333333,0.13333333333333341,-0.0259943149244579,-0.01410952519702455,0.0237695794548667,0.1179820257642554,0.3765722218808719,0.517180392233233,-0.3354501790324619,-0.20379416186404747,0.2633120343368288,0.2247853575590957,0.26720039984565114,0.08483008457311089,1.1499821262699546,1.166432743956094,0.03290123537227907
0.54,0.1900317181290125,115,121,99340,423784,236,0.0004509324365637,0.4872881355932203,0.0011563018450555,0.9997145586864982,0.5004354302657769,0.0023071290286986,2.564246328933365,0.0044988901470025,0.0049013067980211,17,0.0465967081557563,0.2941176470588235,0.4705882352941176,-0.0008665706802176,-0.0008665706802176,-0.0002582223430278,0.8402107535480081,-0.057072919943179,0.0,0.2247853575590957,1.1828833616422336,0.2692350037965072,275,383,141558,384584,658,0.0012490508731966,0.4179331306990881,0.0019388999739129,0.9990051095288688,0.5004720047513909,0.0038598929055168,1.5522986417285092,-0.004303926173427,0.0009298072100579,14,0.0382688653547178,0.2142857142857142,0.2857142857142857,-0.0227944635466473,-0.0227944635466473,-0.0092445246118761,0.1399269721016627,-0.2893456407497221,0.0,0.3096154421322066,1.1499821262699546,ETHUSDT,BAJA,v4_63_sin_pesos,63,0.4179331306990881,0.45261063314615424,0.06935500489413221,0.0011563018450555,0.0015476009094841999,0.0007825981288574,0.0023071290286986,0.0030835109671077,0.0015527638768182,1.5522986417285092,2.058272485330937,1.0119476872048556,14,15.5,3,0.2142857142857142,0.25420168067226884,0.0798319327731093,0.2857142857142857,0.37815126050420167,0.1848739495798319,-0.0227944635466473,-0.011830517113432451,0.0219278928664297,0.1399269721016627,0.4900688628248354,0.7002837814463454,-0.2893456407497221,-0.17320928034645053,0.23227272080654307,0.2247853575590957,0.26720039984565114,0.08483008457311089,1.1499821262699546,1.166432743956094,0.03290123537227907
0.55,0.1900317181290125,110,79,99345,423826,189,0.0003611280953836,0.582010582010582,0.0011060278517922,0.999813637489532,0.5004598326706621,0.0022078599815342,3.0627023095978902,0.0052069053814882,0.0068076468807681,16,0.0438557253230648,0.3125,0.5,0.0002040352650947,0.0002040352650947,-0.0001220599798624,1.0435445461309876,-0.0398352660617479,0.0,0.2247853575590957,1.1828833616422336,0.2692350037965072,258,344,141575,384623,602,0.0011427486712224,0.4285714285714285,0.0018190407027983,0.9991064169136576,0.500462728808228,0.0036227050935514,1.5918116980634165,-0.0037462251202364,0.001330198127346,13,0.0355353749722379,0.2307692307692307,0.3076923076923077,-0.0239248714005839,-0.0239248714005839,-0.0119564736586013,0.1430494852243194,-0.283235402545225,0.0,0.3096154421322066,1.1499821262699546,ETHUSDT,BAJA,v4_63_sin_pesos,63,0.4285714285714285,0.5052910052910052,0.1534391534391535,0.0011060278517922,0.00146253427729525,0.0007130128510061001,0.0022078599815342,0.0029152825375428,0.0014148451120172003,1.5918116980634165,2.3272570038306535,1.4708906115344738,13,14.5,3,0.2307692307692307,0.27163461538461536,0.0817307692307693,0.3076923076923077,0.40384615384615385,0.1923076923076923,-0.0239248714005839,-0.0118604180677446,0.0241289066656786,0.1430494852243194,0.5932970156776535,0.9004950609066682,-0.283235402545225,-0.16153533430348646,0.2434001364834771,0.2247853575590957,0.26720039984565114,0.08483008457311089,1.1499821262699546,1.166432743956094,0.03290123537227907
0.56,0.1900317181290125,99,65,99356,423840,164,0.0003133598287985,0.6036585365853658,0.000995425066613,0.9998466637572098,0.5004210444119114,0.0019875726518033,3.176619895503665,0.0053851743554094,0.0074940131169409,15,0.0411147424903732,0.2,0.4666666666666667,-0.002790681943103,-0.002790681943103,-0.0002582223430278,0.4416453332593124,-0.0579419754163098,0.0,0.2247853575590957,1.1828833616422336,0.2692350037965072,240,288,141593,384679,528,0.001002277904328,0.4545454545454545,0.001692130886324,0.9992518839277132,0.5004720074070187,0.0033717099486516,1.6882851343096843,-0.0020692201129812,0.0022079007074983,13,0.0355353749722379,0.2307692307692307,0.3846153846153846,-0.0215309543724699,-0.0215309543724699,-0.006532575565151,0.190082006206039,-0.2607333678531434,0.0,0.3096154421322066,1.1499821262699546,ETHUSDT,BAJA,v4_63_sin_pesos,63,0.4545454545454545,0.5291019955654102,0.14911308203991136,0.000995425066613,0.0013437779764684998,0.000696705819711,0.0019875726518033,0.00267964130022745,0.0013841372968483,1.6882851343096843,2.4324525149066747,1.4883347611939808,13,14.0,2,0.2,0.21538461538461534,0.030769230769230688,0.3846153846153846,0.4256410256410256,0.08205128205128209,-0.0215309543724699,-0.012160818157786451,0.0187402724293669,0.190082006206039,0.31586366973267566,0.2515633270532734,-0.2607333678531434,-0.1593376716347266,0.20279139243683358,0.2247853575590957,0.26720039984565114,0.08483008457311089,1.1499821262699546,1.166432743956094,0.03290123537227907
0.57,0.1900317181290125,93,50,99362,423855,143,0.000273234484867,0.6503496503496503,0.000935096274697,0.9998820490440076,0.5004085726593522,0.0018675073796662,3.422321582695621,0.0058585255850685,0.0087889408792498,14,0.0383737596576817,0.2142857142857142,0.5,-0.002714995900971,-0.002714995900971,-0.0001220599798624,0.4655549461258719,-0.0521085841636288,0.0,0.2247853575590957,1.1828833616422336,0.2692350037965072,223,253,141610,384714,476,0.0009035687167805,0.4684873949579832,0.0015722716152094,0.9993428008114982,0.5004575362133538,0.003134025254903,1.740068669941872,-0.0010805164832865,0.0027331637294141,12,0.0328018845897581,0.3333333333333333,0.4166666666666667,-0.0221523675876724,-0.0221523675876724,-0.0032919067828317,0.2154707358686401,-0.2502501557774401,0.0,0.3096154421322066,1.1499821262699546,ETHUSDT,BAJA,v4_63_sin_pesos,63,0.4684873949579832,0.5594185226538168,0.18186225539166712,0.000935096274697,0.0012536839449532001,0.0006371753405124,0.0018675073796662,0.0025007663172846003,0.0012665178752368001,1.740068669941872,2.5811951263187463,1.6822529127537489,12,13.0,2,0.2142857142857142,0.2738095238095237,0.11904761904761912,0.4166666666666667,0.45833333333333337,0.08333333333333331,-0.0221523675876724,-0.0124336817443217,0.0194373716867014,0.2154707358686401,0.340512840997256,0.2500842102572318,-0.2502501557774401,-0.15117936997053444,0.1981415716138113,0.2247853575590957,0.26720039984565114,0.08483008457311089,1.1499821262699546,1.166432743956094,0.03290123537227907
0.58,0.1900317181290125,86,44,99369,423861,130,0.0002483949862427,0.6615384615384615,0.0008647126841285,0.9998962031587266,0.5003804579214276,0.0017271677461465,3.481200233580707,0.00580430435863,0.0089656052862965,14,0.0383737596576817,0.2857142857142857,0.5,-0.0025325757806897,-0.0025325757806897,-0.0001220599798624,0.501464219866061,-0.0496943653510358,0.0,0.2247853575590957,1.1828833616422336,0.2692350037965072,196,201,141637,384766,397,0.0007536066818526,0.4937027707808564,0.0013819068904979,0.9994778773245498,0.5004298921075239,0.0027560992758208,1.8337243070890072,0.0002443264980192,0.0046410745550996,9,0.0246014134423186,0.2222222222222222,0.2222222222222222,-0.026534538582203,-0.026534538582203,-0.006532575565151,0.1758283033393367,-0.2286610842992028,0.0,0.3096154421322066,1.1499821262699546,ETHUSDT,BAJA,v4_63_sin_pesos,63,0.4937027707808564,0.577620616159659,0.16783569075760513,0.0008647126841285,0.0011233097873132,0.0005171942063694001,0.0017271677461465,0.00224163351098365,0.0010289315296743,1.8337243070890072,2.6574622703348574,1.6474759264916998,9,11.5,5,0.2222222222222222,0.25396825396825395,0.06349206349206349,0.2222222222222222,0.3611111111111111,0.2777777777777778,-0.026534538582203,-0.01453355718144635,0.024001962801513302,0.1758283033393367,0.33864626160269884,0.32563591652672436,-0.2286610842992028,-0.1391777248251193,0.178966718948167,0.2247853575590957,0.26720039984565114,0.08483008457311089,1.1499821262699546,1.166432743956094,0.03290123537227907
0.59,0.1900317181290125,77,36,99378,423869,113,0.0002159125649648,0.6814159292035398,0.0007742194962545,0.9999150753116854,0.50034464740397,0.0015466816647919,3.585801022653105,0.0060941598102209,0.0092230677524777,11,0.030150811159607,0.2727272727272727,0.5454545454545454,-0.0030660647719205,-0.0030660647719205,1.4102383302905253e-05,0.4927943638786078,-0.0414891834305549,0.0,0.2247853575590957,1.1828833616422336,0.2692350037965072,181,150,141652,384817,331,0.0006283219438116,0.5468277945619335,0.0012761487101027,0.9996103562123506,0.5004432524612267,0.0025463549140429,2.0310427204897774,0.0022304926965831,0.0068145044608105,9,0.0246014134423186,0.2222222222222222,0.3333333333333333,-0.0266308093703899,-0.0266308093703899,-0.006532575565151,0.1726918074001349,-0.2294734141526239,0.0,0.3096154421322066,1.1499821262699546,ETHUSDT,BAJA,v4_63_sin_pesos,63,0.5468277945619335,0.6141218618827367,0.13458813464160624,0.0007742194962545,0.0010251841031786,0.0005019292138481999,0.0015466816647919,0.0020465182894174,0.0009996732492510002,2.0310427204897774,2.8084218715714413,1.5547583021633278,9,10.0,2,0.2222222222222222,0.24747474747474746,0.0505050505050505,0.3333333333333333,0.43939393939393934,0.2121212121212121,-0.0266308093703899,-0.0148484370711552,0.0235647445984694,0.1726918074001349,0.3327430856393714,0.3201025564784729,-0.2294734141526239,-0.1354812987915894,0.187984230722069,0.2247853575590957,0.26720039984565114,0.08483008457311089,1.1499821262699546,1.166432743956094,0.03290123537227907
0.6,0.1900317181290125,61,33,99394,423872,94,0.0001796086823601,0.648936170212766,0.000613342717812,0.9999221523690448,0.5002677475434285,0.0012255271273443,3.414883455256681,0.0056587043351283,0.0086618342445001,11,0.030150811159607,0.2727272727272727,0.5454545454545454,-0.0024192420471519,-0.0024192420471519,1.4102383302905253e-05,0.5889013527750584,-0.0346521458747197,0.0,0.2247853575590957,1.1828833616422336,0.2692350037965072,165,124,141668,384843,289,0.000548595292331,0.5709342560553633,0.0011633399843477,0.9996778944688766,0.5004206172266121,0.0023219487482585,2.120579597766143,0.0022468304692842,0.0078237862580551,8,0.0218679230598387,0.25,0.375,-0.0294168950500905,-0.0294168950500905,-0.0186995615589198,0.1689403106029236,-0.2260375097055182,0.0,0.3096154421322066,1.1499821262699546,ETHUSDT,BAJA,v4_63_sin_pesos,63,0.5709342560553633,0.6099352131340646,0.07800191415740265,0.000613342717812,0.0008883413510798499,0.0005499972665357,0.0012255271273443,0.0017737379378014,0.0010964216209142002,2.120579597766143,2.7677315265114117,1.294303857490538,8,9.5,3,0.25,0.26136363636363635,0.022727272727272707,0.375,0.4602272727272727,0.17045454545454541,-0.0294168950500905,-0.0159180685486212,0.0269976530029386,0.1689403106029236,0.378920831688991,0.4199610421721348,-0.2260375097055182,-0.13034482779011894,0.1913853638307985,0.2247853575590957,0.26720039984565114,0.08483008457311089,1.1499821262699546,1.166432743956094,0.03290123537227907
0.61,0.1900317181290125,48,26,99407,423879,74,0.000141394069092,0.6486486486486487,0.0004826303353275,0.999938665502884,0.5002106479191057,0.0009645429975183,3.4133704364462,0.0053067631952821,0.0085973904477394,10,0.0274098283269155,0.3,0.5,-0.0026625764901974,-0.0026625764901974,-0.003036503637731,0.5886834982650516,-0.0346521458747196,0.0,0.2247853575590957,1.1828833616422336,0.2692350037965072,154,101,141679,384866,255,0.0004840546697038,0.6039215686274509,0.0010857839853912,0.9997376398496496,0.5004117119175203,0.0021676707392601,2.2431019745259646,0.0032445967378267,0.0082757780125131,7,0.0191344326773589,0.2857142857142857,0.4285714285714285,-0.0377573023723824,-0.0377573023723824,-0.0358680607896071,0.0615764446092417,-0.2475895160509624,0.0,0.3096154421322066,1.1499821262699546,ETHUSDT,BAJA,v4_63_sin_pesos,63,0.6039215686274509,0.6262851086380499,0.04472708002119774,0.0004826303353275,0.00078420716035935,0.0006031536500637,0.0009645429975183,0.0015661068683892002,0.0012031277417418002,2.2431019745259646,2.8282362054860823,1.1702684619202355,7,8.5,3,0.2857142857142857,0.2928571428571428,0.01428571428571429,0.4285714285714285,0.46428571428571425,0.07142857142857151,-0.0377573023723824,-0.020209939431289903,0.035094725882185,0.0615764446092417,0.32512997143714667,0.5271070536558099,-0.2475895160509624,-0.141120830962841,0.2129373701762428,0.2247853575590957,0.26720039984565114,0.08483008457311089,1.1499821262699546,1.166432743956094,0.03290123537227907
0.62,0.1900317181290125,32,25,99423,423880,57,0.0001089116478141,0.5614035087719298,0.000321753556885,0.9999410245220036,0.5001313890394444,0.0006431385159578,2.954262132128874,0.0034124317436137,0.0066410365940481,10,0.0274098283269155,0.3,0.5,-0.0028949312508673,-0.0028949312508673,-0.003036503637731,0.5527891877458657,-0.0368622781241531,0.0,0.2247853575590957,1.1828833616422336,0.2692350037965072,147,81,141686,384886,228,0.0004328018223234,0.6447368421052632,0.0010364301678734,0.9997895923546694,0.5004130112612715,0.0020695335102526,2.394699177349789,0.0044151618856942,0.0104972452077598,7,0.0191344326773589,0.2857142857142857,0.4285714285714285,-0.0378624143538994,-0.0378624143538994,-0.0358680607896071,0.0589639815037881,-0.2475895160509624,0.0,0.3096154421322066,1.1499821262699546,ETHUSDT,BAJA,v4_63_sin_pesos,63,0.5614035087719298,0.6030701754385965,0.08333333333333337,0.000321753556885,0.0006790918623792,0.0007146766109883999,0.0006431385159578,0.0013563360131052,0.0014263949942947998,2.394699177349789,2.6744806547393316,0.5595629547790848,7,8.5,3,0.2857142857142857,0.2928571428571428,0.01428571428571429,0.4285714285714285,0.46428571428571425,0.07142857142857151,-0.0378624143538994,-0.02037867280238335,0.0349674831030321,0.0589639815037881,0.3058765846248269,0.4938252062420776,-0.2475895160509624,-0.14222589708755776,0.2107272379268093,0.2247853575590957,0.26720039984565114,0.08483008457311089,1.1499821262699546,1.166432743956094,0.03290123537227907
0.63,0.1900317181290125,17,24,99438,423881,41,7.833995719963314e-05,0.4146341463414634,0.0001709315770951,0.9999433835411236,0.5000571575591094,0.0003417222802926,2.181920736305548,0.0006177791813109,0.003374831703252,10,0.0274098283269155,0.3,0.5,-0.0026160663198698,-0.0026160663198698,-0.003036503637731,0.5958684188202635,-0.0342097463858036,0.0,0.2247853575590957,1.1828833616422336,0.2692350037965072,138,67,141695,384900,205,0.0003891419893697,0.6731707317073171,0.0009729752596363,0.9998259591081832,0.5003994671839098,0.0019431419760909,2.50030910622644,0.0054169407942472,0.0115719990220843,6,0.016400942294879,0.1666666666666666,0.3333333333333333,-0.0453898511645182,-0.0453898511645182,-0.0499979065718168,0.0330368772860085,-0.2475895160509624,0.0,0.3096154421322066,1.1499821262699546,ETHUSDT,BAJA,v4_63_sin_pesos,63,0.4146341463414634,0.5439024390243903,0.2585365853658537,0.0001709315770951,0.0005719534183657,0.0008020436825412,0.0003417222802926,0.00114243212819175,0.0016014196957983,2.181920736305548,2.3411149212659943,0.31838836992089226,6,8.0,4,0.1666666666666666,0.23333333333333328,0.1333333333333334,0.3333333333333333,0.41666666666666663,0.16666666666666669,-0.0453898511645182,-0.024002958742194,0.0427737848446484,0.0330368772860085,0.314452648053136,0.5628315415342551,-0.2475895160509624,-0.140899631218383,0.2133797696651588,0.2247853575590957,0.26720039984565114,0.08483008457311089,1.1499821262699546,1.166432743956094,0.03290123537227907
0.64,0.1900317181290125,10,24,99445,423881,34,6.496484255579333e-05,0.2941176470588235,0.0001005479865265,0.9999433835411236,0.5000219657638251,0.0002010272492436,1.5477292420160462,-0.0010275950332815,0.0011655249705085,10,0.0274098283269155,0.3,0.5,-0.0031368745078371,-0.0031368745078371,-0.003036503637731,0.5154136402483416,-0.0391636150677993,0.0,0.2247853575590957,1.1828833616422336,0.2692350037965072,129,54,141704,384913,183,0.0003473804100227,0.7049180327868853,0.0009095203513991,0.9998597282364462,0.5003846242939227,0.0018166967102298,2.618225798454035,0.0071837701794741,0.0124068672457079,4,0.0109339615299193,0.25,0.25,-0.0423031427682326,-0.0423031427682326,-0.049280918129005,0.0511615388158477,-0.0880679184568649,0.0,0.3096154421322066,1.1499821262699546,ETHUSDT,BAJA,v4_63_sin_pesos,63,0.2941176470588235,0.49951783992285437,0.41080038572806177,0.0001005479865265,0.0005050341689627999,0.0008089723648725999,0.0002010272492436,0.0010088619797367,0.0016156694609861999,1.5477292420160462,2.0829775202350405,1.070496556437989,4,7.0,6,0.25,0.275,0.04999999999999999,0.25,0.375,0.25,-0.0423031427682326,-0.022720008638034847,0.0391662682603955,0.0511615388158477,0.28328758953209465,0.46425210143249385,-0.0880679184568649,-0.0636157667623321,0.0489043033890656,0.2247853575590957,0.26720039984565114,0.08483008457311089,1.1499821262699546,1.166432743956094,0.03290123537227907
0.65,0.1900317181290125,5,16,99450,423889,21,4.012534393151941e-05,0.238095238095238,5.0273993263284905e-05,0.9999622556940824,0.5000062648436728,0.0001005267602235,1.2529236721082275,-0.0027221688987737,-0.0036992188427475,10,0.0274098283269155,0.3,0.5,-0.0032881167537509,-0.0032881167537509,-0.003036503637731,0.49204964235652,-0.0406022142348958,0.0,0.2247853575590957,1.1828833616422336,0.2692350037965072,119,46,141714,384921,165,0.0003132118451025,0.7212121212121212,0.0008390148978023,0.9998805092384542,0.5003597620681283,0.0016760799447879,2.6787457464380324,0.0087281421981691,0.0133657401124367,4,0.0109339615299193,0.5,0.5,-0.0302569102436303,-0.0302569102436303,-0.0267849017496362,0.1504953301877611,-0.0626937754684029,0.0,0.3096154421322066,1.1499821262699546,ETHUSDT,BAJA,v4_63_sin_pesos,63,0.238095238095238,0.4796536796536796,0.48311688311688317,5.0273993263284905e-05,0.0004446444455327924,0.0007887409045390151,0.0001005267602235,0.0008883033525057,0.0015755531845644002,1.2529236721082275,1.96583470927313,1.425822074329805,4,7.0,6,0.3,0.4,0.2,0.5,0.5,0.0,-0.0302569102436303,-0.016772513498690602,0.026968793489879402,0.1504953301877611,0.32127248627214056,0.34155431216875887,-0.0626937754684029,-0.05164799485164935,0.022091561233507105,0.2247853575590957,0.26720039984565114,0.08483008457311089,1.1499821262699546,1.166432743956094,0.03290123537227907
0.66,0.1900317181290125,3,16,99452,423889,19,3.630388260470804e-05,0.1578947368421052,3.016439595797094e-05,0.9999622556940824,0.4999962100450201,6.03172688340672e-05,0.8308862246612458,-0.0038412848650861,-0.0045457040900356,9,0.0246688454942239,0.2222222222222222,0.4444444444444444,-0.0046123890626,-0.0046123890626,-0.0062041949613111,0.3587276959860545,-0.04881129051937,0.0,0.2247853575590957,1.1828833616422336,0.2692350037965072,109,37,141724,384930,146,0.0002771450265755,0.7465753424657534,0.0007685094442055,0.9999038878657132,0.5003361986549594,0.0015354383394727,2.772950515119605,0.0090121240634573,0.0140368880961748,4,0.0109339615299193,0.5,0.5,-0.0302569102436303,-0.0302569102436303,-0.0267849017496362,0.1504953301877611,-0.0626937754684029,0.0,0.3096154421322066,1.1499821262699546,ETHUSDT,BAJA,v4_63_sin_pesos,63,0.1578947368421052,0.4522350396539293,0.5886806056236482,3.016439595797094e-05,0.00039933692008173544,0.0007383450482475291,6.03172688340672e-05,0.0007978778041533836,0.0014751210706386328,0.8308862246612458,1.8019183698904255,1.9420642904583592,4,6.5,5,0.2222222222222222,0.3611111111111111,0.2777777777777778,0.4444444444444444,0.4722222222222222,0.05555555555555558,-0.0302569102436303,-0.017434649653115152,0.025644521181030302,0.1504953301877611,0.25461151308690777,0.20823236579829338,-0.0626937754684029,-0.05575253299388645,0.013882484949032908,0.2247853575590957,0.26720039984565114,0.08483008457311089,1.1499821262699546,1.166432743956094,0.03290123537227907
0.67,0.1900317181290125,3,16,99452,423889,19,3.630388260470804e-05,0.1578947368421052,3.016439595797094e-05,0.9999622556940824,0.4999962100450201,6.03172688340672e-05,0.8308862246612458,-0.0038412848650861,-0.0045457040900356,9,0.0246688454942239,0.2222222222222222,0.4444444444444444,-0.0046123890626,-0.0046123890626,-0.0062041949613111,0.3587276959860545,-0.04881129051937,0.0,0.2247853575590957,1.1828833616422336,0.2692350037965072,89,25,141744,384942,114,0.0002164009111617,0.7807017543859649,0.0006274985370118,0.9999350593687252,0.5002812789528684,0.00125398916497,2.899703765770493,0.0112019054673855,0.0174082350302278,4,0.0109339615299193,0.75,0.75,-0.0118009676201045,-0.0118009676201045,0.0101269834974155,0.408285252514956,0.0,0.0,0.3096154421322066,1.1499821262699546,ETHUSDT,BAJA,v4_63_sin_pesos,63,0.1578947368421052,0.46929824561403505,0.6228070175438597,3.016439595797094e-05,0.00032883146648488547,0.0005973341410538291,6.03172688340672e-05,0.0006571532169020336,0.0011936718961359327,0.8308862246612458,1.8652949952158693,2.0688175411092473,4,6.5,5,0.2222222222222222,0.4861111111111111,0.5277777777777778,0.4444444444444444,0.5972222222222222,0.3055555555555556,-0.0118009676201045,-0.00820667834135225,0.007188578557504499,0.3587276959860545,0.3835064742505052,0.049557556528901536,-0.04881129051937,-0.024405645259685,0.04881129051937,0.2247853575590957,0.26720039984565114,0.08483008457311089,1.1499821262699546,1.166432743956094,0.03290123537227907
0.68,0.1900317181290125,2,16,99453,423889,18,3.4393151941302355e-05,0.1111111111111111,2.010959730531396e-05,0.9999622556940824,0.4999911826456938,4.021191680154413e-05,0.5846977136505064,-0.0048351959571213,-0.00515411361408,9,0.0246688454942239,0.1111111111111111,0.4444444444444444,-0.0056437645450981,-0.0056437645450981,-0.0062041949613111,0.2153329122875072,-0.04881129051937,0.0,0.2247853575590957,1.1828833616422336,0.2692350037965072,60,14,141773,384953,74,0.0001404707668944,0.8108108108108109,0.000423032721581,0.999963633246486,0.5001933329840336,0.0008456242468659,3.0115356449848423,0.0118340949575968,0.0191586954035932,4,0.0109339615299193,0.75,0.75,-0.0124286318727708,-0.0124286318727708,0.0088716549920829,0.3768134099739168,0.0,0.0,0.3096154421322066,1.1499821262699546,ETHUSDT,BAJA,v4_63_sin_pesos,63,0.1111111111111111,0.46096096096096095,0.6996996996996998,2.010959730531396e-05,0.00022157115944315697,0.000402923124275686,4.021191680154413e-05,0.0004429180818337221,0.0008054123300643559,0.5846977136505064,1.7981166793176744,2.426837931334336,4,6.5,5,0.1111111111111111,0.4305555555555556,0.6388888888888888,0.4444444444444444,0.5972222222222222,0.3055555555555556,-0.0124286318727708,-0.00903619820893445,0.006784867327672701,0.2153329122875072,0.296073161130712,0.16148049768640962,-0.04881129051937,-0.024405645259685,0.04881129051937,0.2247853575590957,0.26720039984565114,0.08483008457311089,1.1499821262699546,1.166432743956094,0.03290123537227907
0.69,0.1900317181290125,2,15,99453,423890,17,3.2482421277896667e-05,0.1176470588235294,2.010959730531396e-05,0.9999646147132024,0.4999923621552538,4.02123210551713e-05,0.6190916968064185,-0.0047321030914278,-0.0045457040900356,8,0.0219278626615324,0.125,0.5,-0.0055257632789965,-0.0055257632789965,-0.003036503637731,0.2397298232947693,-0.0425035194544736,0.0,0.2247853575590957,1.1828833616422336,0.2692350037965072,50,8,141783,384959,58,0.0001100987091875,0.8620689655172413,0.0003525272679841,0.999979218997992,0.5001658731329881,0.0007047663347217,3.20192008231147,0.0132946865452276,0.0209529795354201,4,0.0109339615299193,0.75,0.75,-0.0124286318727708,-0.0124286318727708,0.0088716549920829,0.3768134099739168,0.0,0.0,0.3096154421322066,1.1499821262699546,ETHUSDT,BAJA,v4_63_sin_pesos,63,0.1176470588235294,0.4898580121703854,0.7444219066937119,2.010959730531396e-05,0.000186318432644707,0.00033241767067878605,4.02123210551713e-05,0.00037248932788843563,0.0006645540136665288,0.6190916968064185,1.9105058895589442,2.5828283855050516,4,6.0,4,0.125,0.4375,0.625,0.5,0.625,0.25,-0.0124286318727708,-0.00897719757588365,0.006902868593774301,0.2397298232947693,0.30827161663434305,0.13708358667914752,-0.0425035194544736,-0.0212517597272368,0.0425035194544736,0.2247853575590957,0.26720039984565114,0.08483008457311089,1.1499821262699546,1.166432743956094,0.03290123537227907
0.7,0.1900317181290125,1,15,99454,423890,16,3.057169061449098e-05,0.0625,1.005479865265698e-05,0.9999646147132024,0.4999873347559275,2.010636265846327e-05,0.3288924639284098,-0.00544292432177,-0.00515411361408,8,0.0219278626615324,0.125,0.5,-0.0055257632789965,-0.0055257632789965,-0.003036503637731,0.2397298232947693,-0.0425035194544736,0.0,0.2247853575590957,1.1828833616422336,0.2692350037965072,40,5,141793,384962,45,8.542141230068338e-05,0.8888888888888888,0.0002820218143873,0.9999870118737452,0.5001345168440662,0.0005638647288515,3.30153537376116,0.0145579046799026,0.0211855486461977,4,0.0109339615299193,0.75,0.75,-0.0114805574629032,-0.0114805574629032,0.0107204206389661,0.4243510041857766,0.0,0.0,0.3096154421322066,1.1499821262699546,ETHUSDT,BAJA,v4_63_sin_pesos,63,0.0625,0.4756944444444444,0.8263888888888888,1.005479865265698e-05,0.00014603830651997848,0.000271967015734643,2.010636265846327e-05,0.0002919855457549816,0.0005437583661930367,0.3288924639284098,1.815213918844785,2.9726429098327505,4,6.0,4,0.125,0.4375,0.625,0.5,0.625,0.25,-0.0114805574629032,-0.00850316037094985,0.005954794183906701,0.2397298232947693,0.33204041374027293,0.1846211808910073,-0.0425035194544736,-0.0212517597272368,0.0425035194544736,0.2247853575590957,0.26720039984565114,0.08483008457311089,1.1499821262699546,1.166432743956094,0.03290123537227907
0.71,0.1900317181290125,1,14,99454,423891,15,2.8660959951085293e-05,0.0666666666666666,1.005479865265698e-05,0.999966973732322,0.4999885142654874,2.0106564793405048e-05,0.3508186281903038,-0.0049053986712926,-0.0045457040900356,8,0.0219278626615324,0.125,0.5,-0.0047503414122194,-0.0047503414122194,-0.003036503637731,0.2683605517987394,-0.0425035194544737,0.0,0.2247853575590957,1.1828833616422336,0.2692350037965072,33,4,141800,384963,37,7.023538344722855e-05,0.8918918918918919,0.0002326679968695,0.999989609498996,0.5001111387479328,0.0004652146331148,3.3126892094833265,0.0157177487992691,0.021970096816693,3,0.0082004711474395,0.6666666666666666,0.6666666666666666,-0.0186599068506075,-0.0186599068506075,0.0114781169234264,0.2982773261284548,0.0,0.0,0.3096154421322066,1.1499821262699546,ETHUSDT,BAJA,v4_63_sin_pesos,63,0.0666666666666666,0.47927927927927927,0.8252252252252252,1.005479865265698e-05,0.00012136139776107849,0.000222613198216843,2.0106564793405048e-05,0.00024266059895410253,0.0004451080683213949,0.3508186281903038,1.831753918836815,2.961870581293023,3,5.5,5,0.125,0.3958333333333333,0.5416666666666666,0.5,0.5833333333333333,0.16666666666666663,-0.0186599068506075,-0.01170512413141345,0.013909565438388102,0.2683605517987394,0.2833189389635971,0.0299167743297154,-0.0425035194544737,-0.02125175972723685,0.0425035194544737,0.2247853575590957,0.26720039984565114,0.08483008457311089,1.1499821262699546,1.166432743956094,0.03290123537227907
0.72,0.1900317181290125,1,12,99454,423893,13,2.4839498624273924e-05,0.0769230769230769,1.005479865265698e-05,0.9999716917705618,0.4999908732846072,2.0106969075481563e-05,0.404790724834966,-0.0029611565680349,-0.0036992188427475,7,0.0191868798288408,0.1428571428571428,0.5714285714285714,-0.0010660701004079,-0.0010660701004079,0.0001311876858491,0.6513122573959341,-0.0124697018243755,0.0,0.2247853575590957,1.1828833616422336,0.2692350037965072,30,4,141803,384963,34,6.4540622627183e-05,0.8823529411764706,0.0002115163607905,0.999989609498996,0.5001005629298932,0.0004229313370974,3.2772593783658577,0.0157330421961599,0.0227639324120769,3,0.0082004711474395,0.6666666666666666,0.6666666666666666,-0.0165821852104449,-0.0165821852104449,0.0123168693088017,0.3764119275800273,0.0,0.0,0.3096154421322066,1.1499821262699546,ETHUSDT,BAJA,v4_63_sin_pesos,63,0.0769230769230769,0.4796380090497737,0.8054298642533937,1.005479865265698e-05,0.00011078557972157849,0.000201461562137843,2.0106969075481563e-05,0.00022151915308644079,0.0004028243680219184,0.404790724834966,1.8410250516004119,2.8724686535308916,3,5.0,4,0.1428571428571428,0.4047619047619047,0.5238095238095238,0.5714285714285714,0.6190476190476191,0.09523809523809523,-0.0165821852104449,-0.0088241276554264,0.015516115110037,0.3764119275800273,0.5138620924879806,0.27490032981590684,-0.0124697018243755,-0.00623485091218775,0.0124697018243755,0.2247853575590957,0.26720039984565114,0.08483008457311089,1.1499821262699546,1.166432743956094,0.03290123537227907
0.73,0.1900317181290125,1,10,99454,423895,11,2.101803729746255e-05,0.0909090909090909,1.005479865265698e-05,0.9999764098088016,0.4999932323037271,2.0107373373816175e-05,0.4783890384413234,-0.0024455274828824,-0.0001939020179999,6,0.0164458969961493,0.1666666666666666,0.6666666666666666,7.20872545238449e-05,7.20872545238449e-05,0.0008671180192496,1.0320230550308145,-0.0062041949613111,0.0,0.2247853575590957,1.1828833616422336,0.2692350037965072,26,3,141807,384964,29,5.504935459377373e-05,0.896551724137931,0.0001833141793517,0.999992207124247,0.5000877606517994,0.0003665534110614,3.329996885603929,0.0179960395028231,0.0235577680074609,3,0.0082004711474395,0.6666666666666666,0.6666666666666666,-0.0156332219162308,-0.0156332219162308,0.0123168693088017,0.3903419122266327,0.0,0.0,0.3096154421322066,1.1499821262699546,ETHUSDT,BAJA,v4_63_sin_pesos,63,0.0909090909090909,0.493730407523511,0.8056426332288401,1.005479865265698e-05,9.66844890021785e-05,0.00017325938069904303,2.0107373373816175e-05,0.0001933303922176081,0.00034644603768758383,0.4783890384413234,1.9041929620226261,2.8516078471626054,3,4.5,3,0.1666666666666666,0.41666666666666663,0.5,0.6666666666666666,0.6666666666666666,0.0,-0.0156332219162308,-0.007780567330853477,0.015705309170754644,0.3903419122266327,0.7111824836287236,0.6416811428041818,-0.0062041949613111,-0.00310209748065555,0.0062041949613111,0.2247853575590957,0.26720039984565114,0.08483008457311089,1.1499821262699546,1.166432743956094,0.03290123537227907
0.74,0.1900317181290125,1,9,99454,423896,10,1.9107306634056862e-05,0.1,1.005479865265698e-05,0.9999787688279214,0.499994411813287,2.010757552908058e-05,0.5262279422854558,-0.0016338863641433,-3.13571660753853e-05,6,0.0164458969961493,0.1666666666666666,0.6666666666666666,7.20872545238449e-05,7.20872545238449e-05,0.0008671180192496,1.0320230550308145,-0.0062041949613111,0.0,0.2247853575590957,1.1828833616422336,0.2692350037965072,22,2,141811,384965,24,4.555808656036447e-05,0.9166666666666666,0.000155111997913,0.999994804749498,0.5000749583737055,0.0003101715107467,3.4047083541911967,0.0180322432986311,0.0231359611350193,3,0.0082004711474395,0.6666666666666666,0.6666666666666666,-0.0142136169253045,-0.0142136169253045,0.0123168693088017,0.4457030955322351,0.0,0.0,0.3096154421322066,1.1499821262699546,ETHUSDT,BAJA,v4_63_sin_pesos,63,0.1,0.5083333333333333,0.8166666666666667,1.005479865265698e-05,8.258339828282849e-05,0.000145057199260343,2.010757552908058e-05,0.0001651395431378903,0.00029006393521761946,0.5262279422854558,1.9654681482383263,2.8784804119057408,3,4.5,3,0.1666666666666666,0.41666666666666663,0.5,0.6666666666666666,0.6666666666666666,0.0,-0.0142136169253045,-0.0070707648353903274,0.014285704179828345,0.4457030955322351,0.7388630752815248,0.5863199594985794,-0.0062041949613111,-0.00310209748065555,0.0062041949613111,0.2247853575590957,0.26720039984565114,0.08483008457311089,1.1499821262699546,1.166432743956094,0.03290123537227907
0.75,0.1900317181290125,1,9,99454,423896,10,1.9107306634056862e-05,0.1,1.005479865265698e-05,0.9999787688279214,0.499994411813287,2.010757552908058e-05,0.5262279422854558,-0.0016338863641433,-3.13571660753853e-05,6,0.0164458969961493,0.1666666666666666,0.6666666666666666,7.20872545238449e-05,7.20872545238449e-05,0.0008671180192496,1.0320230550308145,-0.0062041949613111,0.0,0.2247853575590957,1.1828833616422336,0.2692350037965072,17,2,141816,384965,19,3.60668185269552e-05,0.8947368421052632,0.0001198592711146,0.999994804749498,0.5000573320103063,0.0002396864337478,3.3232560012201158,0.0169681170913963,0.0215753927659432,3,0.0082004711474395,0.6666666666666666,0.6666666666666666,-0.0124884237219492,-0.0124884237219492,0.0123168693088017,0.5129814847876986,0.0,0.0,0.3096154421322066,1.1499821262699546,ETHUSDT,BAJA,v4_63_sin_pesos,63,0.1,0.49736842105263157,0.7947368421052632,1.005479865265698e-05,6.495703488362849e-05,0.00010980447246194302,2.010757552908058e-05,0.0001298970046384403,0.0002195788582187194,0.5262279422854558,1.9247419717527858,2.79702805893466,3,4.5,3,0.1666666666666666,0.41666666666666663,0.5,0.6666666666666666,0.6666666666666666,0.0,-0.0124884237219492,-0.006208168233712678,0.012560510976473045,0.5129814847876986,0.7725022699092565,0.5190415702431159,-0.0062041949613111,-0.00310209748065555,0.0062041949613111,0.2247853575590957,0.26720039984565114,0.08483008457311089,1.1499821262699546,1.166432743956094,0.03290123537227907
0.76,0.1900317181290125,1,9,99454,423896,10,1.9107306634056862e-05,0.1,1.005479865265698e-05,0.9999787688279214,0.499994411813287,2.010757552908058e-05,0.5262279422854558,-0.0016338863641433,-3.13571660753853e-05,6,0.0164458969961493,0.1666666666666666,0.6666666666666666,7.20872545238449e-05,7.20872545238449e-05,0.0008671180192496,1.0320230550308145,-0.0062041949613111,0.0,0.2247853575590957,1.1828833616422336,0.2692350037965072,10,2,141823,384965,12,2.2779043280182237e-05,0.8333333333333334,7.050545359683571e-05,0.999994804749498,0.5000326551015474,0.0001409989777574,3.095189412901088,0.0101766524307055,0.0173083513168514,3,0.0082004711474395,0.6666666666666666,0.6666666666666666,-0.0088436119736395,-0.0088436119736395,0.0212004852006088,0.6551203844128225,0.0,0.0,0.3096154421322066,1.1499821262699546,ETHUSDT,BAJA,v4_63_sin_pesos,63,0.1,0.4666666666666667,0.7333333333333334,1.005479865265698e-05,4.028012612474635e-05,6.045065494417873e-05,2.010757552908058e-05,8.05532766432403e-05,0.00012089140222831942,0.5262279422854558,1.810708677593272,2.568961470615632,3,4.5,3,0.1666666666666666,0.41666666666666663,0.5,0.6666666666666666,0.6666666666666666,0.0,-0.0088436119736395,-0.004385762359557828,0.008915699228163345,0.6551203844128225,0.8435717197218184,0.376902670617992,-0.0062041949613111,-0.00310209748065555,0.0062041949613111,0.2247853575590957,0.26720039984565114,0.08483008457311089,1.1499821262699546,1.166432743956094,0.03290123537227907
0.77,0.1900317181290125,1,8,99454,423897,9,1.7196575970651177e-05,0.1111111111111111,1.005479865265698e-05,0.9999811278470412,0.4999955913228469,2.010777768840988e-05,0.5846977136505064,-0.0017938846248259,0.0001311876858491,6,0.0164458969961493,0.1666666666666666,0.6666666666666666,7.20872545238449e-05,7.20872545238449e-05,0.0008671180192496,1.0320230550308145,-0.0062041949613111,0.0,0.2247853575590957,1.1828833616422336,0.2692350037965072,10,2,141823,384965,12,2.2779043280182237e-05,0.8333333333333334,7.050545359683571e-05,0.999994804749498,0.5000326551015474,0.0001409989777574,3.095189412901088,0.0101766524307055,0.0173083513168514,3,0.0082004711474395,0.6666666666666666,0.6666666666666666,-0.0088436119736395,-0.0088436119736395,0.0212004852006088,0.6551203844128225,0.0,0.0,0.3096154421322066,1.1499821262699546,ETHUSDT,BAJA,v4_63_sin_pesos,63,0.1111111111111111,0.4722222222222222,0.7222222222222223,1.005479865265698e-05,4.028012612474635e-05,6.045065494417873e-05,2.010777768840988e-05,8.055337772290494e-05,0.00012089120006899013,0.5846977136505064,1.8399435632757972,2.5104916992505815,3,4.5,3,0.1666666666666666,0.41666666666666663,0.5,0.6666666666666666,0.6666666666666666,0.0,-0.0088436119736395,-0.004385762359557828,0.008915699228163345,0.6551203844128225,0.8435717197218184,0.376902670617992,-0.0062041949613111,-0.00310209748065555,0.0062041949613111,0.2247853575590957,0.26720039984565114,0.08483008457311089,1.1499821262699546,1.166432743956094,0.03290123537227907
0.78,0.1900317181290125,1,7,99454,423898,8,1.528584530724549e-05,0.125,1.005479865265698e-05,0.999983486866161,0.4999967708324068,2.010797985180419e-05,0.6577849278568196,-0.0022185012470104,-0.0028156677261376,5,0.0137049141634577,0.2,0.6,-0.0002341049651014,-0.0002341049651014,0.0001311876858491,0.913337012786941,-0.0062041949613111,0.0,0.2247853575590957,1.1828833616422336,0.2692350037965072,8,1,141825,384966,9,1.7084282460136675e-05,0.8888888888888888,5.640436287746857e-05,0.999997402374749,0.5000269033688133,0.0001128015679417,3.30153537376116,0.015079959275055,0.0149008339902908,1,0.0027334903824798,1.0,1.0,0.0212004852006088,0.0212004852006088,0.0212004852006088,inf,0.0,0.0,0.3096154421322066,1.1499821262699546,ETHUSDT,BAJA,v4_63_sin_pesos,63,0.125,0.5069444444444444,0.7638888888888888,1.005479865265698e-05,3.3229580765062773e-05,4.634956422481159e-05,2.010797985180419e-05,6.64547738967521e-05,9.26935880898958e-05,0.6577849278568196,1.97966015080899,2.6437504459043404,1,3.0,4,0.2,0.6,0.8,0.6,0.8,0.4,-0.0002341049651014,0.010483190117753699,0.0214345901657102,0.913337012786941,inf,inf,-0.0062041949613111,-0.00310209748065555,0.0062041949613111,0.2247853575590957,0.26720039984565114,0.08483008457311089,1.1499821262699546,1.166432743956094,0.03290123537227907
0.79,0.1900317181290125,1,6,99454,423899,7,1.3375114643839804e-05,0.1428571428571428,1.005479865265698e-05,0.9999858458852808,0.4999979503419668,2.010818201926364e-05,0.7517542032649367,-0.0025643854572937,-0.0057625231381244,5,0.0137049141634577,0.2,0.6,-0.0002341049651014,-0.0002341049651014,0.0001311876858491,0.913337012786941,-0.0062041949613111,0.0,0.2247853575590957,1.1828833616422336,0.2692350037965072,7,1,141826,384966,8,1.5186028853454822e-05,0.875,4.9353817517785e-05,0.999997402374749,0.5000233780961334,9.870206780832058e-05,3.2499488835461423,0.014268030088694,0.0142541521148102,1,0.0027334903824798,1.0,1.0,0.0212004852006088,0.0212004852006088,0.0212004852006088,inf,0.0,0.0,0.3096154421322066,1.1499821262699546,ETHUSDT,BAJA,v4_63_sin_pesos,63,0.1428571428571428,0.5089285714285714,0.7321428571428572,1.005479865265698e-05,2.970430808522099e-05,3.9299018865128024e-05,2.010818201926364e-05,5.940512491379211e-05,7.859388578905694e-05,0.7517542032649367,2.0008515434055396,2.4981946802812054,1,3.0,4,0.2,0.6,0.8,0.6,0.8,0.4,-0.0002341049651014,0.010483190117753699,0.0214345901657102,0.913337012786941,inf,inf,-0.0062041949613111,-0.00310209748065555,0.0062041949613111,0.2247853575590957,0.26720039984565114,0.08483008457311089,1.1499821262699546,1.166432743956094,0.03290123537227907
0.8,0.1900317181290125,1,6,99454,423899,7,1.3375114643839804e-05,0.1428571428571428,1.005479865265698e-05,0.9999858458852808,0.4999979503419668,2.010818201926364e-05,0.7517542032649367,-0.0025643854572937,-0.0057625231381244,5,0.0137049141634577,0.2,0.6,-0.0002341049651014,-0.0002341049651014,0.0001311876858491,0.913337012786941,-0.0062041949613111,0.0,0.2247853575590957,1.1828833616422336,0.2692350037965072,4,1,141829,384966,5,9.491268033409264e-06,0.8,2.8202181438734285e-05,0.999997402374749,0.5000128022780939,5.640237453996813e-05,2.9713818363850444,0.0127368075002277,0.0149008339902908,1,0.0027334903824798,1.0,1.0,0.0212004852006088,0.0212004852006088,0.0212004852006088,inf,0.0,0.0,0.3096154421322066,1.1499821262699546,ETHUSDT,BAJA,v4_63_sin_pesos,63,0.1428571428571428,0.4714285714285714,0.6571428571428573,1.005479865265698e-05,1.9128490045695633e-05,1.8147382786077305e-05,2.010818201926364e-05,3.825527827961588e-05,3.629419252070449e-05,0.7517542032649367,1.8615680198249906,2.2196276331201075,1,3.0,4,0.2,0.6,0.8,0.6,0.8,0.4,-0.0002341049651014,0.010483190117753699,0.0214345901657102,0.913337012786941,inf,inf,-0.0062041949613111,-0.00310209748065555,0.0062041949613111,0.2247853575590957,0.26720039984565114,0.08483008457311089,1.1499821262699546,1.166432743956094,0.03290123537227907
0.81,0.1900317181290125,1,6,99454,423899,7,1.3375114643839804e-05,0.1428571428571428,1.005479865265698e-05,0.9999858458852808,0.4999979503419668,2.010818201926364e-05,0.7517542032649367,-0.0025643854572937,-0.0057625231381244,5,0.0137049141634577,0.2,0.6,-0.0002341049651014,-0.0002341049651014,0.0001311876858491,0.913337012786941,-0.0062041949613111,0.0,0.2247853575590957,1.1828833616422336,0.2692350037965072,4,1,141829,384966,5,9.491268033409264e-06,0.8,2.8202181438734285e-05,0.999997402374749,0.5000128022780939,5.640237453996813e-05,2.9713818363850444,0.0127368075002277,0.0149008339902908,1,0.0027334903824798,1.0,1.0,0.0212004852006088,0.0212004852006088,0.0212004852006088,inf,0.0,0.0,0.3096154421322066,1.1499821262699546,ETHUSDT,BAJA,v4_63_sin_pesos,63,0.1428571428571428,0.4714285714285714,0.6571428571428573,1.005479865265698e-05,1.9128490045695633e-05,1.8147382786077305e-05,2.010818201926364e-05,3.825527827961588e-05,3.629419252070449e-05,0.7517542032649367,1.8615680198249906,2.2196276331201075,1,3.0,4,0.2,0.6,0.8,0.6,0.8,0.4,-0.0002341049651014,0.010483190117753699,0.0214345901657102,0.913337012786941,inf,inf,-0.0062041949613111,-0.00310209748065555,0.0062041949613111,0.2247853575590957,0.26720039984565114,0.08483008457311089,1.1499821262699546,1.166432743956094,0.03290123537227907
0.82,0.1900317181290125,1,4,99454,423901,5,9.553653317028431e-06,0.2,1.005479865265698e-05,0.9999905639235206,0.5000003093610866,2.010858636637844e-05,1.0524558845709115,-0.0002341049651014,0.0001311876858491,5,0.0137049141634577,0.2,0.6,-0.0002341049651014,-0.0002341049651014,0.0001311876858491,0.913337012786941,-0.0062041949613111,0.0,0.2247853575590957,1.1828833616422336,0.2692350037965072,3,0,141830,384967,3,5.694760820045558e-06,1.0,2.1151636079050716e-05,1.0,0.5000105758180395,4.230237739360952e-05,3.714227295481306,0.0186057292781038,0.019715868643412,1,0.0027334903824798,1.0,1.0,0.0212004852006088,0.0212004852006088,0.0212004852006088,inf,0.0,0.0,0.3096154421322066,1.1499821262699546,ETHUSDT,BAJA,v4_63_sin_pesos,63,0.2,0.6,0.8,1.005479865265698e-05,1.560321736585385e-05,1.1096837426393736e-05,2.010858636637844e-05,3.120548187999398e-05,2.2193791027231082e-05,1.0524558845709115,2.3833415900261086,2.6617714109103945,1,3.0,4,0.2,0.6,0.8,0.6,0.8,0.4,-0.0002341049651014,0.010483190117753699,0.0214345901657102,0.913337012786941,inf,inf,-0.0062041949613111,-0.00310209748065555,0.0062041949613111,0.2247853575590957,0.26720039984565114,0.08483008457311089,1.1499821262699546,1.166432743956094,0.03290123537227907
0.83,0.1900317181290125,1,4,99454,423901,5,9.553653317028431e-06,0.2,1.005479865265698e-05,0.9999905639235206,0.5000003093610866,2.010858636637844e-05,1.0524558845709115,-0.0002341049651014,0.0001311876858491,5,0.0137049141634577,0.2,0.6,-0.0002341049651014,-0.0002341049651014,0.0001311876858491,0.913337012786941,-0.0062041949613111,0.0,0.2247853575590957,1.1828833616422336,0.2692350037965072,3,0,141830,384967,3,5.694760820045558e-06,1.0,2.1151636079050716e-05,1.0,0.5000105758180395,4.230237739360952e-05,3.714227295481306,0.0186057292781038,0.019715868643412,1,0.0027334903824798,1.0,1.0,0.0212004852006088,0.0212004852006088,0.0212004852006088,inf,0.0,0.0,0.3096154421322066,1.1499821262699546,ETHUSDT,BAJA,v4_63_sin_pesos,63,0.2,0.6,0.8,1.005479865265698e-05,1.560321736585385e-05,1.1096837426393736e-05,2.010858636637844e-05,3.120548187999398e-05,2.2193791027231082e-05,1.0524558845709115,2.3833415900261086,2.6617714109103945,1,3.0,4,0.2,0.6,0.8,0.6,0.8,0.4,-0.0002341049651014,0.010483190117753699,0.0214345901657102,0.913337012786941,inf,inf,-0.0062041949613111,-0.00310209748065555,0.0062041949613111,0.2247853575590957,0.26720039984565114,0.08483008457311089,1.1499821262699546,1.166432743956094,0.03290123537227907
0.84,0.1900317181290125,1,4,99454,423901,5,9.553653317028431e-06,0.2,1.005479865265698e-05,0.9999905639235206,0.5000003093610866,2.010858636637844e-05,1.0524558845709115,-0.0002341049651014,0.0001311876858491,5,0.0137049141634577,0.2,0.6,-0.0002341049651014,-0.0002341049651014,0.0001311876858491,0.913337012786941,-0.0062041949613111,0.0,0.2247853575590957,1.1828833616422336,0.2692350037965072,1,0,141832,384967,1,1.8982536066818528e-06,1.0,7.050545359683571e-06,1.0,0.5000035252726799,1.4100991299688366e-05,3.714227295481306,0.0149008339902908,0.0149008339902908,1,0.0027334903824798,1.0,1.0,0.0149008339902908,0.0149008339902908,0.0149008339902908,inf,0.0,0.0,0.3096154421322066,1.1499821262699546,ETHUSDT,BAJA,v4_63_sin_pesos,63,0.2,0.6,0.8,7.050545359683571e-06,8.552672006170276e-06,3.004253292973409e-06,1.4100991299688366e-05,1.7104788833033403e-05,6.007595066690075e-06,1.0524558845709115,2.3833415900261086,2.6617714109103945,1,3.0,4,0.2,0.6,0.8,0.6,0.8,0.4,-0.0002341049651014,0.0073333645125946995,0.0151349389553922,0.913337012786941,inf,inf,-0.0062041949613111,-0.00310209748065555,0.0062041949613111,0.2247853575590957,0.26720039984565114,0.08483008457311089,1.1499821262699546,1.166432743956094,0.03290123537227907
0.85,0.1900317181290125,1,3,99454,423902,4,7.642922653622745e-06,0.25,1.005479865265698e-05,0.9999929229426404,0.5000014888706465,2.0108788546034043e-05,1.3155698557136393,-0.0014843150686428,-0.003036503637731,4,0.0109639313307662,0.25,0.5,-0.0014843150686428,-0.0014843150686428,-0.003036503637731,0.5604187967282944,-0.0062041949613111,0.0,0.2247853575590957,1.1828833616422336,0.2692350037965072,1,0,141832,384967,1,1.8982536066818528e-06,1.0,7.050545359683571e-06,1.0,0.5000035252726799,1.4100991299688366e-05,3.714227295481306,0.0149008339902908,0.0149008339902908,1,0.0027334903824798,1.0,1.0,0.0149008339902908,0.0149008339902908,0.0149008339902908,inf,0.0,0.0,0.3096154421322066,1.1499821262699546,ETHUSDT,BAJA,v4_63_sin_pesos,63,0.25,0.625,0.75,7.050545359683571e-06,8.552672006170276e-06,3.004253292973409e-06,1.4100991299688366e-05,1.7104889922861203e-05,6.007797246345677e-06,1.3155698557136393,2.5148985755974724,2.3986574397676668,1,2.5,3,0.25,0.625,0.75,0.5,0.75,0.5,-0.0014843150686428,0.006708259460824,0.0163851490589336,0.5604187967282944,inf,inf,-0.0062041949613111,-0.00310209748065555,0.0062041949613111,0.2247853575590957,0.26720039984565114,0.08483008457311089,1.1499821262699546,1.166432743956094,0.03290123537227907
0.86,0.1900317181290125,1,3,99454,423902,4,7.642922653622745e-06,0.25,1.005479865265698e-05,0.9999929229426404,0.5000014888706465,2.0108788546034043e-05,1.3155698557136393,-0.0014843150686428,-0.003036503637731,4,0.0109639313307662,0.25,0.5,-0.0014843150686428,-0.0014843150686428,-0.003036503637731,0.5604187967282944,-0.0062041949613111,0.0,0.2247853575590957,1.1828833616422336,0.2692350037965072,0,0,141833,384967,0,0.0,0.0,0.0,1.0,0.5,0.0,0.0,0.0,0.0,0,0.0,0.0,0.0,0.0,0.0,0.0,0.0,0.0,0.0,0.3096154421322066,1.1499821262699546,ETHUSDT,BAJA,v4_63_sin_pesos,63,0.0,0.125,0.25,0.0,5.02739932632849e-06,1.005479865265698e-05,0.0,1.0054394273017022e-05,2.0108788546034043e-05,0.0,0.6577849278568196,1.3155698557136393,0,2.0,4,0.0,0.125,0.25,0.0,0.25,0.5,-0.0014843150686428,-0.0007421575343214,0.0014843150686428,0.0,0.2802093983641472,0.5604187967282944,-0.0062041949613111,-0.00310209748065555,0.0062041949613111,0.2247853575590957,0.26720039984565114,0.08483008457311089,1.1499821262699546,1.166432743956094,0.03290123537227907
0.87,0.1900317181290125,1,3,99454,423902,4,7.642922653622745e-06,0.25,1.005479865265698e-05,0.9999929229426404,0.5000014888706465,2.0108788546034043e-05,1.3155698557136393,-0.0014843150686428,-0.003036503637731,4,0.0109639313307662,0.25,0.5,-0.0014843150686428,-0.0014843150686428,-0.003036503637731,0.5604187967282944,-0.0062041949613111,0.0,0.2247853575590957,1.1828833616422336,0.2692350037965072,0,0,141833,384967,0,0.0,0.0,0.0,1.0,0.5,0.0,0.0,0.0,0.0,0,0.0,0.0,0.0,0.0,0.0,0.0,0.0,0.0,0.0,0.3096154421322066,1.1499821262699546,ETHUSDT,BAJA,v4_63_sin_pesos,63,0.0,0.125,0.25,0.0,5.02739932632849e-06,1.005479865265698e-05,0.0,1.0054394273017022e-05,2.0108788546034043e-05,0.0,0.6577849278568196,1.3155698557136393,0,2.0,4,0.0,0.125,0.25,0.0,0.25,0.5,-0.0014843150686428,-0.0007421575343214,0.0014843150686428,0.0,0.2802093983641472,0.5604187967282944,-0.0062041949613111,-0.00310209748065555,0.0062041949613111,0.2247853575590957,0.26720039984565114,0.08483008457311089,1.1499821262699546,1.166432743956094,0.03290123537227907
0.88,0.1900317181290125,1,3,99454,423902,4,7.642922653622745e-06,0.25,1.005479865265698e-05,0.9999929229426404,0.5000014888706465,2.0108788546034043e-05,1.3155698557136393,-0.0014843150686428,-0.003036503637731,4,0.0109639313307662,0.25,0.5,-0.0014843150686428,-0.0014843150686428,-0.003036503637731,0.5604187967282944,-0.0062041949613111,0.0,0.2247853575590957,1.1828833616422336,0.2692350037965072,0,0,141833,384967,0,0.0,0.0,0.0,1.0,0.5,0.0,0.0,0.0,0.0,0,0.0,0.0,0.0,0.0,0.0,0.0,0.0,0.0,0.0,0.3096154421322066,1.1499821262699546,ETHUSDT,BAJA,v4_63_sin_pesos,63,0.0,0.125,0.25,0.0,5.02739932632849e-06,1.005479865265698e-05,0.0,1.0054394273017022e-05,2.0108788546034043e-05,0.0,0.6577849278568196,1.3155698557136393,0,2.0,4,0.0,0.125,0.25,0.0,0.25,0.5,-0.0014843150686428,-0.0007421575343214,0.0014843150686428,0.0,0.2802093983641472,0.5604187967282944,-0.0062041949613111,-0.00310209748065555,0.0062041949613111,0.2247853575590957,0.26720039984565114,0.08483008457311089,1.1499821262699546,1.166432743956094,0.03290123537227907
0.89,0.1900317181290125,1,3,99454,423902,4,7.642922653622745e-06,0.25,1.005479865265698e-05,0.9999929229426404,0.5000014888706465,2.0108788546034043e-05,1.3155698557136393,-0.0014843150686428,-0.003036503637731,4,0.0109639313307662,0.25,0.5,-0.0014843150686428,-0.0014843150686428,-0.003036503637731,0.5604187967282944,-0.0062041949613111,0.0,0.2247853575590957,1.1828833616422336,0.2692350037965072,0,0,141833,384967,0,0.0,0.0,0.0,1.0,0.5,0.0,0.0,0.0,0.0,0,0.0,0.0,0.0,0.0,0.0,0.0,0.0,0.0,0.0,0.3096154421322066,1.1499821262699546,ETHUSDT,BAJA,v4_63_sin_pesos,63,0.0,0.125,0.25,0.0,5.02739932632849e-06,1.005479865265698e-05,0.0,1.0054394273017022e-05,2.0108788546034043e-05,0.0,0.6577849278568196,1.3155698557136393,0,2.0,4,0.0,0.125,0.25,0.0,0.25,0.5,-0.0014843150686428,-0.0007421575343214,0.0014843150686428,0.0,0.2802093983641472,0.5604187967282944,-0.0062041949613111,-0.00310209748065555,0.0062041949613111,0.2247853575590957,0.26720039984565114,0.08483008457311089,1.1499821262699546,1.166432743956094,0.03290123537227907
0.9,0.1900317181290125,1,3,99454,423902,4,7.642922653622745e-06,0.25,1.005479865265698e-05,0.9999929229426404,0.5000014888706465,2.0108788546034043e-05,1.3155698557136393,-0.0014843150686428,-0.003036503637731,4,0.0109639313307662,0.25,0.5,-0.0014843150686428,-0.0014843150686428,-0.003036503637731,0.5604187967282944,-0.0062041949613111,0.0,0.2247853575590957,1.1828833616422336,0.2692350037965072,0,0,141833,384967,0,0.0,0.0,0.0,1.0,0.5,0.0,0.0,0.0,0.0,0,0.0,0.0,0.0,0.0,0.0,0.0,0.0,0.0,0.0,0.3096154421322066,1.1499821262699546,ETHUSDT,BAJA,v4_63_sin_pesos,63,0.0,0.125,0.25,0.0,5.02739932632849e-06,1.005479865265698e-05,0.0,1.0054394273017022e-05,2.0108788546034043e-05,0.0,0.6577849278568196,1.3155698557136393,0,2.0,4,0.0,0.125,0.25,0.0,0.25,0.5,-0.0014843150686428,-0.0007421575343214,0.0014843150686428,0.0,0.2802093983641472,0.5604187967282944,-0.0062041949613111,-0.00310209748065555,0.0062041949613111,0.2247853575590957,0.26720039984565114,0.08483008457311089,1.1499821262699546,1.166432743956094,0.03290123537227907
0.91,0.1900317181290125,1,2,99454,423903,3,5.732191990217059e-06,0.3333333333333333,1.005479865265698e-05,0.9999952819617604,0.5000026683802065,2.0108990729755272e-05,1.754093140951519,-0.0020228159868069,-0.0062041949613111,3,0.0082229484980746,0.3333333333333333,0.3333333333333333,-0.0020228159868069,-0.0020228159868069,-0.0062041949613111,0.5507059598080403,-0.0062041949613111,0.0,0.2247853575590957,1.1828833616422336,0.2692350037965072,0,0,141833,384967,0,0.0,0.0,0.0,1.0,0.5,0.0,0.0,0.0,0.0,0,0.0,0.0,0.0,0.0,0.0,0.0,0.0,0.0,0.0,0.3096154421322066,1.1499821262699546,ETHUSDT,BAJA,v4_63_sin_pesos,63,0.0,0.16666666666666666,0.3333333333333333,0.0,5.02739932632849e-06,1.005479865265698e-05,0.0,1.0054495364877636e-05,2.0108990729755272e-05,0.0,0.8770465704757595,1.754093140951519,0,1.5,3,0.0,0.16666666666666666,0.3333333333333333,0.0,0.16666666666666666,0.3333333333333333,-0.0020228159868069,-0.00101140799340345,0.0020228159868069,0.0,0.27535297990402013,0.5507059598080403,-0.0062041949613111,-0.00310209748065555,0.0062041949613111,0.2247853575590957,0.26720039984565114,0.08483008457311089,1.1499821262699546,1.166432743956094,0.03290123537227907
0.92,0.1900317181290125,1,2,99454,423903,3,5.732191990217059e-06,0.3333333333333333,1.005479865265698e-05,0.9999952819617604,0.5000026683802065,2.0108990729755272e-05,1.754093140951519,-0.0020228159868069,-0.0062041949613111,3,0.0082229484980746,0.3333333333333333,0.3333333333333333,-0.0020228159868069,-0.0020228159868069,-0.0062041949613111,0.5507059598080403,-0.0062041949613111,0.0,0.2247853575590957,1.1828833616422336,0.2692350037965072,0,0,141833,384967,0,0.0,0.0,0.0,1.0,0.5,0.0,0.0,0.0,0.0,0,0.0,0.0,0.0,0.0,0.0,0.0,0.0,0.0,0.0,0.3096154421322066,1.1499821262699546,ETHUSDT,BAJA,v4_63_sin_pesos,63,0.0,0.16666666666666666,0.3333333333333333,0.0,5.02739932632849e-06,1.005479865265698e-05,0.0,1.0054495364877636e-05,2.0108990729755272e-05,0.0,0.8770465704757595,1.754093140951519,0,1.5,3,0.0,0.16666666666666666,0.3333333333333333,0.0,0.16666666666666666,0.3333333333333333,-0.0020228159868069,-0.00101140799340345,0.0020228159868069,0.0,0.27535297990402013,0.5507059598080403,-0.0062041949613111,-0.00310209748065555,0.0062041949613111,0.2247853575590957,0.26720039984565114,0.08483008457311089,1.1499821262699546,1.166432743956094,0.03290123537227907
0.93,0.1900317181290125,1,2,99454,423903,3,5.732191990217059e-06,0.3333333333333333,1.005479865265698e-05,0.9999952819617604,0.5000026683802065,2.0108990729755272e-05,1.754093140951519,-0.0020228159868069,-0.0062041949613111,3,0.0082229484980746,0.3333333333333333,0.3333333333333333,-0.0020228159868069,-0.0020228159868069,-0.0062041949613111,0.5507059598080403,-0.0062041949613111,0.0,0.2247853575590957,1.1828833616422336,0.2692350037965072,0,0,141833,384967,0,0.0,0.0,0.0,1.0,0.5,0.0,0.0,0.0,0.0,0,0.0,0.0,0.0,0.0,0.0,0.0,0.0,0.0,0.0,0.3096154421322066,1.1499821262699546,ETHUSDT,BAJA,v4_63_sin_pesos,63,0.0,0.16666666666666666,0.3333333333333333,0.0,5.02739932632849e-06,1.005479865265698e-05,0.0,1.0054495364877636e-05,2.0108990729755272e-05,0.0,0.8770465704757595,1.754093140951519,0,1.5,3,0.0,0.16666666666666666,0.3333333333333333,0.0,0.16666666666666666,0.3333333333333333,-0.0020228159868069,-0.00101140799340345,0.0020228159868069,0.0,0.27535297990402013,0.5507059598080403,-0.0062041949613111,-0.00310209748065555,0.0062041949613111,0.2247853575590957,0.26720039984565114,0.08483008457311089,1.1499821262699546,1.166432743956094,0.03290123537227907
0.94,0.1900317181290125,1,1,99454,423904,2,3.821461326811372e-06,0.5,1.005479865265698e-05,0.9999976409808802,0.5000038478897664,2.010919291754225e-05,2.6311397114272785,0.000616993092147,0.000616993092147,2,0.0054819656653831,0.5,0.5,0.000616993092147,0.000616993092147,0.000616993092147,1.1988954557342366,-0.006204194961311,0.0,0.2247853575590957,1.1828833616422336,0.2692350037965072,0,0,141833,384967,0,0.0,0.0,0.0,1.0,0.5,0.0,0.0,0.0,0.0,0,0.0,0.0,0.0,0.0,0.0,0.0,0.0,0.0,0.0,0.3096154421322066,1.1499821262699546,ETHUSDT,BAJA,v4_63_sin_pesos,63,0.0,0.25,0.5,0.0,5.02739932632849e-06,1.005479865265698e-05,0.0,1.0054596458771124e-05,2.010919291754225e-05,0.0,1.3155698557136393,2.6311397114272785,0,1.0,2,0.0,0.25,0.5,0.0,0.25,0.5,0.0,0.0003084965460735,0.000616993092147,0.0,0.5994477278671183,1.1988954557342366,-0.006204194961311,-0.0031020974806555,0.006204194961311,0.2247853575590957,0.26720039984565114,0.08483008457311089,1.1499821262699546,1.166432743956094,0.03290123537227907
0.95,0.1900317181290125,1,1,99454,423904,2,3.821461326811372e-06,0.5,1.005479865265698e-05,0.9999976409808802,0.5000038478897664,2.010919291754225e-05,2.6311397114272785,0.000616993092147,0.000616993092147,2,0.0054819656653831,0.5,0.5,0.000616993092147,0.000616993092147,0.000616993092147,1.1988954557342366,-0.006204194961311,0.0,0.2247853575590957,1.1828833616422336,0.2692350037965072,0,0,141833,384967,0,0.0,0.0,0.0,1.0,0.5,0.0,0.0,0.0,0.0,0,0.0,0.0,0.0,0.0,0.0,0.0,0.0,0.0,0.0,0.3096154421322066,1.1499821262699546,ETHUSDT,BAJA,v4_63_sin_pesos,63,0.0,0.25,0.5,0.0,5.02739932632849e-06,1.005479865265698e-05,0.0,1.0054596458771124e-05,2.010919291754225e-05,0.0,1.3155698557136393,2.6311397114272785,0,1.0,2,0.0,0.25,0.5,0.0,0.25,0.5,0.0,0.0003084965460735,0.000616993092147,0.0,0.5994477278671183,1.1988954557342366,-0.006204194961311,-0.0031020974806555,0.006204194961311,0.2247853575590957,0.26720039984565114,0.08483008457311089,1.1499821262699546,1.166432743956094,0.03290123537227907
