version,pliegue,rejilla_minutos,variante,semilla,margen_ev,columnas,coste,usa_2025_seleccion,usa_2026_seleccion,promocion_automatica,accuracy_multiclase,precision_tp,porcentaje_acierto_tp,recall_tp,f1_tp,pr_auc_tp,prevalencia_tp,matriz_confusion,roc_auc_tp,pr_auc_lift_tp,operaciones,porcentaje_positivas,retorno_neto_medio,retorno_neto_mediano,factor_beneficio,drawdown,retorno_compuesto,concentracion_mensual,duracion_media
baja_v2_eventos_macro,validacion_2023,5,control_63_eventos,42,0.0,63,0.001,False,False,False,0.5309141072557623,0.24128545087365,24.128545087365,0.125691808077574,0.1652832912306026,0.2486615838147042,0.2094437951449428,"[[41261, 6420, 5781], [17489, 2748, 1626], [15429, 2221, 11411]]",0.5905553385967115,1.1872473168404023,1814,35.28114663726571,-0.0010421007149353,-0.0059999998882412,0.7083773948316224,-0.856982510547313,-0.8546989761008966,0.1332283576008231,177.43439911797134
baja_v2_eventos_macro,validacion_2023,5,control_63_eventos,42,0.00025,63,0.001,False,False,False,0.5309141072557623,0.24128545087365,24.128545087365,0.125691808077574,0.1652832912306026,0.2486615838147042,0.2094437951449428,"[[41261, 6420, 5781], [17489, 2748, 1626], [15429, 2221, 11411]]",0.5905553385967115,1.1872473168404023,1621,34.91671807526218,-0.0010461158314056,-0.0059999998882412,0.7075970548292233,-0.8263856953862277,-0.8227604668615893,0.1278327261583928,178.5219000616903
baja_v2_eventos_macro,validacion_2023,5,control_63_eventos,42,0.0005,63,0.001,False,False,False,0.5309141072557623,0.24128545087365,24.128545087365,0.125691808077574,0.1652832912306026,0.2486615838147042,0.2094437951449428,"[[41261, 6420, 5781], [17489, 2748, 1626], [15429, 2221, 11411]]",0.5905553385967115,1.1872473168404023,1402,35.30670470756063,-0.0010001032001607,-0.0059999998882412,0.7177611009040881,-0.7613414140067541,-0.7611426275097244,0.1141296660137454,187.23751783166904
baja_v2_eventos_macro,validacion_2023,5,control_63_eventos,42,0.001,63,0.001,False,False,False,0.5309141072557623,0.24128545087365,24.128545087365,0.125691808077574,0.1652832912306026,0.2486615838147042,0.2094437951449428,"[[41261, 6420, 5781], [17489, 2748, 1626], [15429, 2221, 11411]]",0.5905553385967115,1.1872473168404023,1079,35.032437442075995,-0.0010591075772528,-0.0059999998882412,0.7016525491926066,-0.694325061435506,-0.6881673422231604,0.1194716192801002,193.274328081557
baja_v2_eventos_macro,validacion_2024,5,control_63_eventos,42,0.0,63,0.001,False,False,False,0.6034456587735276,0.2779329608938548,27.79329608938548,0.0426519968564692,0.0739547847630845,0.3017140436643875,0.2655775652701882,"[[57674, 2481, 3664], [25943, 1194, 857], [8234, 621, 4740]]",0.5713379816640195,1.136067511415866,1746,34.13516609392898,-0.0009888211935474,-0.0059999998882412,0.7399555265654721,-0.8429684772301397,-0.8292887729840005,0.1463398695028346,131.44329896907217
baja_v2_eventos_macro,validacion_2024,5,control_63_eventos,42,0.00025,63,0.001,False,False,False,0.6034456587735276,0.2779329608938548,27.79329608938548,0.0426519968564692,0.0739547847630845,0.3017140436643875,0.2655775652701882,"[[57674, 2481, 3664], [25943, 1194, 857], [8234, 621, 4740]]",0.5713379816640195,1.136067511415866,1360,36.10294117647059,-0.0007468305122685,-0.0059999998882412,0.7979281497070612,-0.6631632135473973,-0.6494300892514928,0.1351646927581633,140.10441176470587
baja_v2_eventos_macro,validacion_2024,5,control_63_eventos,42,0.0005,63,0.001,False,False,False,0.6034456587735276,0.2779329608938548,27.79329608938548,0.0426519968564692,0.0739547847630845,0.3017140436643875,0.2655775652701882,"[[57674, 2481, 3664], [25943, 1194, 857], [8234, 621, 4740]]",0.5713379816640195,1.136067511415866,1049,35.17635843660629,-0.0009037729014252,-0.0059999998882412,0.7572644695088713,-0.6405947065769566,-0.6218700630413929,0.130571680975416,147.5633937082936
baja_v2_eventos_macro,validacion_2024,5,control_63_eventos,42,0.001,63,0.001,False,False,False,0.6034456587735276,0.2779329608938548,27.79329608938548,0.0426519968564692,0.0739547847630845,0.3017140436643875,0.2655775652701882,"[[57674, 2481, 3664], [25943, 1194, 857], [8234, 621, 4740]]",0.5713379816640195,1.136067511415866,637,34.53689167974882,-0.0009999645748929,-0.0059999998882412,0.7326928520295692,-0.5000255344545994,-0.478794396500634,0.1453038090921681,158.1883830455259
baja_v2_eventos_macro,validacion_2023,10,control_63_eventos,42,0.0,63,0.001,False,False,False,0.5344675633214546,0.2446148229280759,24.46148229280759,0.1226432363170419,0.1633747866374055,0.2530878097598795,0.2093344062535923,"[[20468, 3118, 3157], [8754, 1340, 832], [7417, 1020, 6088]]",0.5967401401386057,1.2090120028013136,1681,34.68173706127305,-0.0011988348650909,-0.0059999998882412,0.6671650484241866,-0.8724858342512878,-0.8712578313033735,0.1300119294873742,188.9869125520524
baja_v2_eventos_macro,validacion_2023,10,control_63_eventos,42,0.00025,63,0.001,False,False,False,0.5344675633214546,0.2446148229280759,24.46148229280759,0.1226432363170419,0.1633747866374055,0.2530878097598795,0.2093344062535923,"[[20468, 3118, 3157], [8754, 1340, 832], [7417, 1020, 6088]]",0.5967401401386057,1.2090120028013136,1492,35.120643431635386,-0.0010899412650554,-0.0059999998882412,0.6939676507830865,-0.8127303085956825,-0.8093468321602382,0.1191466552557112,192.5857908847185
baja_v2_eventos_macro,validacion_2023,10,control_63_eventos,42,0.0005,63,0.001,False,False,False,0.5344675633214546,0.2446148229280759,24.46148229280759,0.1226432363170419,0.1633747866374055,0.2530878097598795,0.2093344062535923,"[[20468, 3118, 3157], [8754, 1340, 832], [7417, 1020, 6088]]",0.5967401401386057,1.2090120028013136,1315,36.12167300380228,-0.0009179244520321,-0.0059999998882412,0.7358918271700204,-0.7177445072116164,-0.7090526455755262,0.1201687825708388,198.97566539923957
baja_v2_eventos_macro,validacion_2023,10,control_63_eventos,42,0.001,63,0.001,False,False,False,0.5344675633214546,0.2446148229280759,24.46148229280759,0.1226432363170419,0.1633747866374055,0.2530878097598795,0.2093344062535923,"[[20468, 3118, 3157], [8754, 1340, 832], [7417, 1020, 6088]]",0.5967401401386057,1.2090120028013136,997,37.81344032096289,-0.0007510665391316,-0.0059999998882412,0.7767294424375556,-0.562410215548989,-0.5367763690676253,0.1341313384080024,212.96890672016048
baja_v2_eventos_macro,validacion_2024,10,control_63_eventos,42,0.0,63,0.001,False,False,False,0.6031989981785064,0.2902621722846442,29.026217228464414,0.0443332141580264,0.0769183053160473,0.3042469331956895,0.2653498785670917,"[[28764, 1240, 1906], [12914, 620, 451], [4126, 276, 2407]]",0.5723964393007481,1.1465877988663296,1494,34.20348058902275,-0.0010057931861784,-0.0059999998882412,0.735401657904442,-0.8002862311371033,-0.7851515081239523,0.1098212389252307,142.41767068273091
baja_v2_eventos_macro,validacion_2024,10,control_63_eventos,42,0.00025,63,0.001,False,False,False,0.6031989981785064,0.2902621722846442,29.026217228464414,0.0443332141580264,0.0769183053160473,0.3042469331956895,0.2653498785670917,"[[28764, 1240, 1906], [12914, 620, 451], [4126, 276, 2407]]",0.5723964393007481,1.1465877988663296,1194,35.42713567839196,-0.0008549983993724,-0.0059999998882412,0.7703321987552982,-0.6657552905257111,-0.6497142272981704,0.116597901830296,149.7571189279732
baja_v2_eventos_macro,validacion_2024,10,control_63_eventos,42,0.0005,63,0.001,False,False,False,0.6031989981785064,0.2902621722846442,29.026217228464414,0.0443332141580264,0.0769183053160473,0.3042469331956895,0.2653498785670917,"[[28764, 1240, 1906], [12914, 620, 451], [4126, 276, 2407]]",0.5723964393007481,1.1465877988663296,902,36.25277161862528,-0.0007783317781665,-0.0059999998882412,0.7892191015561268,-0.5220291689403669,-0.5148816960971945,0.1277174231582964,156.78270509977827
baja_v2_eventos_macro,validacion_2024,10,control_63_eventos,42,0.001,63,0.001,False,False,False,0.6031989981785064,0.2902621722846442,29.026217228464414,0.0443332141580264,0.0769183053160473,0.3042469331956895,0.2653498785670917,"[[28764, 1240, 1906], [12914, 620, 451], [4126, 276, 2407]]",0.5723964393007481,1.1465877988663296,547,36.92870201096892,-0.0008144498796441,-0.0059999998882412,0.7786635061553906,-0.3694544964090807,-0.3675969094244908,0.1501598894641678,165.14990859232176
baja_v2_eventos_macro,validacion_2023,15,control_63_eventos,42,0.0,63,0.001,False,False,False,0.5371727447768486,0.2489403786380333,24.894037863803334,0.1210164835164835,0.1628616323135225,0.2516367555567013,0.2092134379400523,"[[13811, 1991, 1990], [5825, 881, 574], [5058, 667, 4000]]",0.594541226662279,1.2027752998772712,1567,35.290363752393105,-0.0009721350417311,-0.0059999998882412,0.7219641374144873,-0.7930055575111967,-0.7890348488980008,0.1406744131785834,194.81238034460756
baja_v2_eventos_macro,validacion_2023,15,control_63_eventos,42,0.00025,63,0.001,False,False,False,0.5371727447768486,0.2489403786380333,24.894037863803334,0.1210164835164835,0.1628616323135225,0.2516367555567013,0.2092134379400523,"[[13811, 1991, 1990], [5825, 881, 574], [5058, 667, 4000]]",0.594541226662279,1.2027752998772712,1362,36.04992657856094,-0.0008875503563543,-0.0059999998882412,0.7437017730382429,-0.7169344710616105,-0.7098740054282409,0.1346844659557947,199.935389133627
baja_v2_eventos_macro,validacion_2023,15,control_63_eventos,42,0.0005,63,0.001,False,False,False,0.5371727447768486,0.2489403786380333,24.894037863803334,0.1210164835164835,0.1628616323135225,0.2516367555567013,0.2092134379400523,"[[13811, 1991, 1990], [5825, 881, 574], [5058, 667, 4000]]",0.594541226662279,1.2027752998772712,1182,36.97123519458545,-0.0008662092370116,-0.0059999998882412,0.747432468812461,-0.6566173510887698,-0.6495204470163474,0.1231389379486978,204.178510998308
baja_v2_eventos_macro,validacion_2023,15,control_63_eventos,42,0.001,63,0.001,False,False,False,0.5371727447768486,0.2489403786380333,24.894037863803334,0.1210164835164835,0.1628616323135225,0.2516367555567013,0.2092134379400523,"[[13811, 1991, 1990], [5825, 881, 574], [5058, 667, 4000]]",0.594541226662279,1.2027752998772712,880,37.84090909090909,-0.0007680605590496,-0.0059999998882412,0.7714313649890387,-0.5344776421473759,-0.5004371668710208,0.137714447173968,216.56704545454545
baja_v2_eventos_macro,validacion_2024,15,control_63_eventos,42,0.0,63,0.001,False,False,False,0.6045935792349727,0.2916328188464663,29.16328188464663,0.0384121549325914,0.0678831426680533,0.3038657007231659,0.2659949908925318,"[[19357, 710, 1175], [8709, 359, 278], [2859, 162, 1527]]",0.5717423199628732,1.1423737706622257,1434,36.47140864714086,-0.0007242672571996,-0.0059999998882412,0.803395132242887,-0.6764736084481533,-0.6579495388095538,0.1053076361933241,146.99302649930266
baja_v2_eventos_macro,validacion_2024,15,control_63_eventos,42,0.00025,63,0.001,False,False,False,0.6045935792349727,0.2916328188464663,29.16328188464663,0.0384121549325914,0.0678831426680533,0.3038657007231659,0.2659949908925318,"[[19357, 710, 1175], [8709, 359, 278], [2859, 162, 1527]]",0.5717423199628732,1.1423737706622257,1114,36.35547576301616,-0.0007066096958606,-0.0059999998882412,0.8074110289544253,-0.5774454454637341,-0.5567838310811417,0.1161142343115277,150.53859964093357
baja_v2_eventos_macro,validacion_2024,15,control_63_eventos,42,0.0005,63,0.001,False,False,False,0.6045935792349727,0.2916328188464663,29.16328188464663,0.0384121549325914,0.0678831426680533,0.3038657007231659,0.2659949908925318,"[[19357, 710, 1175], [8709, 359, 278], [2859, 162, 1527]]",0.5717423199628732,1.1423737706622257,839,36.23361144219309,-0.0007361759849286,-0.0059999998882412,0.8001142681224258,-0.4814977750809545,-0.4714388161023239,0.1214620761092486,155.10250297973778
baja_v2_eventos_macro,validacion_2024,15,control_63_eventos,42,0.001,63,0.001,False,False,False,0.6045935792349727,0.2916328188464663,29.16328188464663,0.0384121549325914,0.0678831426680533,0.3038657007231659,0.2659949908925318,"[[19357, 710, 1175], [8709, 359, 278], [2859, 162, 1527]]",0.5717423199628732,1.1423737706622257,470,35.319148936170215,-0.0008025381626924,-0.0059999998882412,0.7845856446624059,-0.3652275413266371,-0.321835241822864,0.1409552184076213,160.12978723404257
baja_v2_eventos_macro,validacion_2023,30,control_63_eventos,42,0.0,63,0.001,False,False,False,0.5378470027013047,0.2310513447432763,23.10513447432763,0.1037321624588364,0.1431818181818182,0.2530508609577023,0.209437323984137,"[[6904, 951, 1051], [2956, 378, 310], [2466, 307, 2076]]",0.5963349720947697,1.2082414736012796,1391,36.8080517613228,-0.0009222186920113,-0.0059999998882412,0.7312941101478007,-0.7367000598493156,-0.7305679684369808,0.1219224949305979,209.15528396836808
baja_v2_eventos_macro,validacion_2023,30,control_63_eventos,42,0.00025,63,0.001,False,False,False,0.5378470027013047,0.2310513447432763,23.10513447432763,0.1037321624588364,0.1431818181818182,0.2530508609577023,0.209437323984137,"[[6904, 951, 1051], [2956, 378, 310], [2466, 307, 2076]]",0.5963349720947697,1.2082414736012796,1252,37.53993610223642,-0.0008673159543759,-0.0059999998882412,0.7457341961730667,-0.6773367833227076,-0.6710158850799374,0.1239761012257122,209.3817891373802
baja_v2_eventos_macro,validacion_2023,30,control_63_eventos,42,0.0005,63,0.001,False,False,False,0.5378470027013047,0.2310513447432763,23.10513447432763,0.1037321624588364,0.1431818181818182,0.2530508609577023,0.209437323984137,"[[6904, 951, 1051], [2956, 378, 310], [2466, 307, 2076]]",0.5963349720947697,1.2082414736012796,1091,38.221814848762605,-0.0007663662641981,-0.0059999998882412,0.7719849865938383,-0.5870874764361387,-0.5762945710253647,0.1284213330476294,210.0009165902841
baja_v2_eventos_macro,validacion_2023,30,control_63_eventos,42,0.001,63,0.001,False,False,False,0.5378470027013047,0.2310513447432763,23.10513447432763,0.1037321624588364,0.1431818181818182,0.2530508609577023,0.209437323984137,"[[6904, 951, 1051], [2956, 378, 310], [2466, 307, 2076]]",0.5963349720947697,1.2082414736012796,804,38.55721393034826,-0.0007417365994643,-0.0059999998882412,0.7749780386196843,-0.4707271500652211,-0.4581017222975023,0.1413537899372764,222.25870646766168
baja_v2_eventos_macro,validacion_2024,30,control_63_eventos,42,0.0,63,0.001,False,False,False,0.6047928051001822,0.2824207492795389,28.24207492795389,0.0419880034275921,0.0731070496083551,0.3015022882518933,0.2657103825136612,"[[9586, 412, 621], [4322, 196, 150], [1352, 86, 843]]",0.5693474289737815,1.1347026992307758,1420,35.70422535211268,-0.0007903701127834,-0.0059999998882412,0.7862590573753139,-0.6913723621820138,-0.6852280585829719,0.1096422163076987,150.2943661971831
baja_v2_eventos_macro,validacion_2024,30,control_63_eventos,42,0.00025,63,0.001,False,False,False,0.6047928051001822,0.2824207492795389,28.24207492795389,0.0419880034275921,0.0731070496083551,0.3015022882518933,0.2657103825136612,"[[9586, 412, 621], [4322, 196, 150], [1352, 86, 843]]",0.5693474289737815,1.1347026992307758,1140,35.6140350877193,-0.0008363689635944,-0.0059999998882412,0.7737371822135883,-0.6316835325448873,-0.6247333297329996,0.1159470886481204,154.6640350877193
baja_v2_eventos_macro,validacion_2024,30,control_63_eventos,42,0.0005,63,0.001,False,False,False,0.6047928051001822,0.2824207492795389,28.24207492795389,0.0419880034275921,0.0731070496083551,0.3015022882518933,0.2657103825136612,"[[9586, 412, 621], [4322, 196, 150], [1352, 86, 843]]",0.5693474289737815,1.1347026992307758,882,35.600907029478456,-0.0008337872081893,-0.0059999998882412,0.7742064258737312,-0.5591214792368976,-0.5304621331960825,0.1226126904116622,160.76643990929705
baja_v2_eventos_macro,validacion_2024,30,control_63_eventos,42,0.001,63,0.001,False,False,False,0.6047928051001822,0.2824207492795389,28.24207492795389,0.0419880034275921,0.0731070496083551,0.3015022882518933,0.2657103825136612,"[[9586, 412, 621], [4322, 196, 150], [1352, 86, 843]]",0.5693474289737815,1.1347026992307758,515,35.728155339805824,-0.0008558600131536,-0.0059999998882412,0.7693450102101285,-0.376717373373999,-0.3641568207419291,0.1372724395915439,166.3126213592233
baja_v2_eventos_macro,validacion_2023,5,macro_dolar,42,0.0,64,0.001,False,False,False,0.4504339662406836,0.2188853595148715,21.88853595148715,0.2080226867310067,0.21331582279965292,0.22409280853056013,0.2094437951449428,"[[42465, 10997, 0], [17315, 4548, 0], [23822, 5233, 6]]",0.540289004788348,1.06994245580529,2064,33.769379844961236,-0.00118071634051581,-0.005999999888241291,0.6790800200770022,-0.9170593935331756,-0.9163718495926892,0.14854456847506195,170.78052325581396
baja_v2_eventos_macro,validacion_2023,5,macro_dolar,42,0.00025,64,0.001,False,False,False,0.4504339662406836,0.2188853595148715,21.88853595148715,0.2080226867310067,0.21331582279965292,0.22409280853056013,0.2094437951449428,"[[42465, 10997, 0], [17315, 4548, 0], [23822, 5233, 6]]",0.540289004788348,1.06994245580529,1898,34.24657534246575,-0.0011206204819965582,-0.005999999888241291,0.6904414875296895,-0.886473220355908,-0.8855255954132598,0.14859152721239144,175.5168598524763
baja_v2_eventos_macro,validacion_2023,5,macro_dolar,42,0.0005,64,0.001,False,False,False,0.4504339662406836,0.2188853595148715,21.88853595148715,0.2080226867310067,0.21331582279965292,0.22409280853056013,0.2094437951449428,"[[42465, 10997, 0], [17315, 4548, 0], [23822, 5233, 6]]",0.540289004788348,1.06994245580529,1724,34.28074245939675,-0.001126894083652731,-0.005999999888241291,0.6858926284745818,-0.8629809851637863,-0.8617789424644664,0.13659369655341377,182.29872389791183
baja_v2_eventos_macro,validacion_2023,5,macro_dolar,42,0.001,64,0.001,False,False,False,0.4504339662406836,0.2188853595148715,21.88853595148715,0.2080226867310067,0.21331582279965292,0.22409280853056013,0.2094437951449428,"[[42465, 10997, 0], [17315, 4548, 0], [23822, 5233, 6]]",0.540289004788348,1.06994245580529,1401,34.33261955745896,-0.001102339939527223,-0.005999999888241291,0.6897007866571773,-0.79438946985509,-0.7926772242568265,0.12649661019598912,194.65524625267665
baja_v2_eventos_macro,validacion_2024,5,macro_dolar,42,0.0,64,0.001,False,False,False,0.6062253339404978,0.28338968723584107,28.338968723584106,0.04790312209759234,0.08195318706838599,0.3017480546554894,0.2655775652701882,"[[59080, 2759, 1980], [26222, 1341, 431], [9483, 632, 3480]]",0.5679551599583861,1.1361955756635644,1759,35.30415008527573,-0.0008654160800827268,-0.005999999888241291,0.7690449805617173,-0.81200249169106,-0.7907202317987796,0.12193998379453111,135.0881182490051
baja_v2_eventos_macro,validacion_2024,5,macro_dolar,42,0.00025,64,0.001,False,False,False,0.6062253339404978,0.28338968723584107,28.338968723584106,0.04790312209759234,0.08195318706838599,0.3017480546554894,0.2655775652701882,"[[59080, 2759, 1980], [26222, 1341, 431], [9483, 632, 3480]]",0.5679551599583861,1.1361955756635644,1423,33.80182712579058,-0.0010782904804760144,-0.005999999888241291,0.7189443262749429,-0.8048909006114062,-0.7915012970241392,0.12527720031153233,138.61489810260014
baja_v2_eventos_macro,validacion_2024,5,macro_dolar,42,0.0005,64,0.001,False,False,False,0.6062253339404978,0.28338968723584107,28.338968723584106,0.04790312209759234,0.08195318706838599,0.3017480546554894,0.2655775652701882,"[[59080, 2759, 1980], [26222, 1341, 431], [9483, 632, 3480]]",0.5679551599583861,1.1361955756635644,1130,33.6283185840708,-0.001095930872204306,-0.005999999888241291,0.7147625650655336,-0.7356165355889803,-0.7177220775949295,0.12524525515379395,145.24424778761062
baja_v2_eventos_macro,validacion_2024,5,macro_dolar,42,0.001,64,0.001,False,False,False,0.6062253339404978,0.28338968723584107,28.338968723584106,0.04790312209759234,0.08195318706838599,0.3017480546554894,0.2655775652701882,"[[59080, 2759, 1980], [26222, 1341, 431], [9483, 632, 3480]]",0.5679551599583861,1.1361955756635644,699,33.76251788268956,-0.0011200176770511158,-0.005999999888241291,0.7074141439044688,-0.5579941229883991,-0.5502446702029312,0.1401803406055139,152.37768240343348
baja_v2_eventos_macro,validacion_2023,5,macro_rendimiento_real,42,0.0,64,0.001,False,False,False,0.4544095951564386,0.2354878163514912,23.548781635149123,0.2289713214106024,0.23218385473435219,0.23008717794686234,0.2094437951449428,"[[42339, 11121, 2], [16856, 5006, 1], [23841, 5131, 89]]",0.5573510733202945,1.0985628759621815,2212,34.810126582278485,-0.0010913862836914405,-0.005999999888241291,0.7038247872827225,-0.9162324510220469,-0.9148010830794892,0.18059388468416457,159.21654611211574
baja_v2_eventos_macro,validacion_2023,5,macro_rendimiento_real,42,0.00025,64,0.001,False,False,False,0.4544095951564386,0.2354878163514912,23.548781635149123,0.2289713214106024,0.23218385473435219,0.23008717794686234,0.2094437951449428,"[[42339, 11121, 2], [16856, 5006, 1], [23841, 5131, 89]]",0.5573510733202945,1.0985628759621815,2048,34.66796875,-0.0011307327146542474,-0.005999999888241291,0.6935254308163978,-0.9095602097147854,-0.9056230471092441,0.18253937463932587,162.35498046875
baja_v2_eventos_macro,validacion_2023,5,macro_rendimiento_real,42,0.0005,64,0.001,False,False,False,0.4544095951564386,0.2354878163514912,23.548781635149123,0.2289713214106024,0.23218385473435219,0.23008717794686234,0.2094437951449428,"[[42339, 11121, 2], [16856, 5006, 1], [23841, 5131, 89]]",0.5573510733202945,1.0985628759621815,1890,34.285714285714285,-0.0011396597531070668,-0.005999999888241291,0.6904906540524145,-0.8946929268306694,-0.8886417263425856,0.1820603144656827,166.46190476190475
baja_v2_eventos_macro,validacion_2023,5,macro_rendimiento_real,42,0.001,64,0.001,False,False,False,0.4544095951564386,0.2354878163514912,23.548781635149123,0.2289713214106024,0.23218385473435219,0.23008717794686234,0.2094437951449428,"[[42339, 11121, 2], [16856, 5006, 1], [23841, 5131, 89]]",0.5573510733202945,1.0985628759621815,1586,33.54350567465322,-0.0012369150384435512,-0.005999999888241291,0.6671656894437953,-0.8658098356471455,-0.8641106277235371,0.17351374343657186,171.0731399747793
baja_v2_eventos_macro,validacion_2024,5,macro_rendimiento_real,42,0.0,64,0.001,False,False,False,0.5682490892531876,0.2812197483059051,28.121974830590514,0.12452668428949061,0.17261698440207973,0.28190264655919606,0.2655775652701882,"[[56242, 7466, 111], [24495, 3486, 13], [11981, 1444, 170]]",0.5302654077878453,1.0614701067554382,1790,34.41340782122905,-0.0009467491577451764,-0.005999999888241291,0.7475971450923637,-0.8257715660169774,-0.8238820443555508,0.12430523175925415,152.8737430167598
baja_v2_eventos_macro,validacion_2024,5,macro_rendimiento_real,42,0.00025,64,0.001,False,False,False,0.5682490892531876,0.2812197483059051,28.121974830590514,0.12452668428949061,0.17261698440207973,0.28190264655919606,0.2655775652701882,"[[56242, 7466, 111], [24495, 3486, 13], [11981, 1444, 170]]",0.5302654077878453,1.0614701067554382,1562,34.69910371318822,-0.0009642780497403363,-0.005999999888241291,0.7426997239822914,-0.7893092563887922,-0.7861586323958376,0.1293584014972132,159.41037131882203
baja_v2_eventos_macro,validacion_2024,5,macro_rendimiento_real,42,0.0005,64,0.001,False,False,False,0.5682490892531876,0.2812197483059051,28.121974830590514,0.12452668428949061,0.17261698440207973,0.28190264655919606,0.2655775652701882,"[[56242, 7466, 111], [24495, 3486, 13], [11981, 1444, 170]]",0.5302654077878453,1.0614701067554382,1371,35.59445660102115,-0.0008407065945727858,-0.005999999888241291,0.7712900453157356,-0.6990662790502995,-0.6940790203545903,0.13188867034258633,165.39314369073668
baja_v2_eventos_macro,validacion_2024,5,macro_rendimiento_real,42,0.001,64,0.001,False,False,False,0.5682490892531876,0.2812197483059051,28.121974830590514,0.12452668428949061,0.17261698440207973,0.28190264655919606,0.2655775652701882,"[[56242, 7466, 111], [24495, 3486, 13], [11981, 1444, 170]]",0.5302654077878453,1.0614701067554382,1059,34.08876298394712,-0.001053480335670693,-0.005999999888241291,0.7172132238339958,-0.6809638481505877,-0.6800239676821457,0.14974449132179005,176.49763928234182
baja_v2_eventos_macro,validacion_2023,5,macro_spread_baa,42,0.0,64,0.001,False,False,False,0.49224033874274326,0.23266320307205782,23.26632030720578,0.0942231166811508,0.13412768173975323,0.24104049770876468,0.2094437951449428,"[[47876, 5190, 396], [19712, 2060, 91], [26010, 1604, 1447]]",0.5797631352747289,1.150860055519696,1565,33.801916932907346,-0.0011894819200458826,-0.005999999888241291,0.6793456213700334,-0.858782142234348,-0.8497587959786772,0.14819683517231125,167.95974440894568
baja_v2_eventos_macro,validacion_2023,5,macro_spread_baa,42,0.00025,64,0.001,False,False,False,0.49224033874274326,0.23266320307205782,23.26632030720578,0.0942231166811508,0.13412768173975323,0.24104049770876468,0.2094437951449428,"[[47876, 5190, 396], [19712, 2060, 91], [26010, 1604, 1447]]",0.5797631352747289,1.150860055519696,1396,33.3810888252149,-0.0012839205671311916,-0.005999999888241291,0.655358042208506,-0.8442533159162897,-0.838336919039192,0.14217320742526984,171.10100286532952
baja_v2_eventos_macro,validacion_2023,5,macro_spread_baa,42,0.0005,64,0.001,False,False,False,0.49224033874274326,0.23266320307205782,23.26632030720578,0.0942231166811508,0.13412768173975323,0.24104049770876468,0.2094437951449428,"[[47876, 5190, 396], [19712, 2060, 91], [26010, 1604, 1447]]",0.5797631352747289,1.150860055519696,1210,33.71900826446281,-0.0012099249605762904,-0.005999999888241291,0.6718896216203777,-0.7800943327335024,-0.7746119417515782,0.12939678848645325,177.31157024793387
baja_v2_eventos_macro,validacion_2023,5,macro_spread_baa,42,0.001,64,0.001,False,False,False,0.49224033874274326,0.23266320307205782,23.26632030720578,0.0942231166811508,0.13412768173975323,0.24104049770876468,0.2094437951449428,"[[47876, 5190, 396], [19712, 2060, 91], [26010, 1604, 1447]]",0.5797631352747289,1.150860055519696,937,34.68516542155816,-0.0012095912668771598,-0.005999999888241291,0.6703160212554562,-0.6957423498636519,-0.6843973709323934,0.11915549110843449,187.13447171824973
baja_v2_eventos_macro,validacion_2024,5,macro_spread_baa,42,0.0,64,0.001,False,False,False,0.608122723132969,0.2633879781420765,26.33879781420765,0.03443595056083446,0.060908573955898146,0.2934731336721477,0.2655775652701882,"[[60292, 2038, 1489], [26741, 964, 289], [10092, 658, 2845]]",0.5602893900037583,1.1050373677971619,1317,35.383447228549734,-0.0008755772700205333,-0.005999999888241291,0.7649054452871893,-0.6984876105721359,-0.6939788592524412,0.12693125934417201,142.9832953682612
baja_v2_eventos_macro,validacion_2024,5,macro_spread_baa,42,0.00025,64,0.001,False,False,False,0.608122723132969,0.2633879781420765,26.33879781420765,0.03443595056083446,0.060908573955898146,0.2934731336721477,0.2655775652701882,"[[60292, 2038, 1489], [26741, 964, 289], [10092, 658, 2845]]",0.5602893900037583,1.1050373677971619,1003,34.297108673978066,-0.000990663315097523,-0.005999999888241291,0.7356903090076832,-0.6485444284748136,-0.6382522708731027,0.1313996594320998,152.222333000997
baja_v2_eventos_macro,validacion_2024,5,macro_spread_baa,42,0.0005,64,0.001,False,False,False,0.608122723132969,0.2633879781420765,26.33879781420765,0.03443595056083446,0.060908573955898146,0.2934731336721477,0.2655775652701882,"[[60292, 2038, 1489], [26741, 964, 289], [10092, 658, 2845]]",0.5602893900037583,1.1050373677971619,777,34.36293436293436,-0.0009937590667683524,-0.005999999888241291,0.7340196364527216,-0.5709184216859359,-0.5461720897811082,0.14212609817111896,158.7027027027027
baja_v2_eventos_macro,validacion_2024,5,macro_spread_baa,42,0.001,64,0.001,False,False,False,0.608122723132969,0.2633879781420765,26.33879781420765,0.03443595056083446,0.060908573955898146,0.2934731336721477,0.2655775652701882,"[[60292, 2038, 1489], [26741, 964, 289], [10092, 658, 2845]]",0.5602893900037583,1.1050373677971619,476,34.03361344537815,-0.0010966229717348812,-0.005999999888241291,0.7073797450922528,-0.44015990243609326,-0.41302716633309855,0.15534041658906964,159.4264705882353
baja_v2_eventos_macro,validacion_2023,5,macro_vix,42,0.0,64,0.001,False,False,False,0.4939551280823099,0.22627864424501176,22.627864424501176,0.11878516214609157,0.15578884223155368,0.23632529606073566,0.2094437951449428,"[[46641, 6169, 652], [19135, 2597, 131], [24026, 2711, 2324]]",0.5689149304116448,1.1283470866118992,1667,35.032993401319736,-0.0010695669295413724,-0.005999999888241291,0.7008736596717547,-0.8388400585506222,-0.837672574511052,0.13917780968467883,178.79664067186562
baja_v2_eventos_macro,validacion_2023,5,macro_vix,42,0.00025,64,0.001,False,False,False,0.4939551280823099,0.22627864424501176,22.627864424501176,0.11878516214609157,0.15578884223155368,0.23632529606073566,0.2094437951449428,"[[46641, 6169, 652], [19135, 2597, 131], [24026, 2711, 2324]]",0.5689149304116448,1.1283470866118992,1459,34.1329677861549,-0.0011215388821562034,-0.005999999888241291,0.6866968833775785,-0.8133951354093041,-0.8111431881423948,0.13664322261721776,187.62097326936257
baja_v2_eventos_macro,validacion_2023,5,macro_vix,42,0.0005,64,0.001,False,False,False,0.4939551280823099,0.22627864424501176,22.627864424501176,0.11878516214609157,0.15578884223155368,0.23632529606073566,0.2094437951449428,"[[46641, 6169, 652], [19135, 2597, 131], [24026, 2711, 2324]]",0.5689149304116448,1.1283470866118992,1262,34.627575277337556,-0.0011084277893806745,-0.005999999888241291,0.6888125260845357,-0.7619370995707421,-0.7594981013950413,0.13431956675066206,196.33835182250397
baja_v2_eventos_macro,validacion_2023,5,macro_vix,42,0.001,64,0.001,False,False,False,0.4939551280823099,0.22627864424501176,22.627864424501176,0.11878516214609157,0.15578884223155368,0.23632529606073566,0.2094437951449428,"[[46641, 6169, 652], [19135, 2597, 131], [24026, 2711, 2324]]",0.5689149304116448,1.1283470866118992,953,34.942287513116476,-0.0010681239407344687,-0.005999999888241291,0.6939630695095652,-0.6567128006398835,-0.6455834343497331,0.10998684848841168,211.65687303252886
baja_v2_eventos_macro,validacion_2024,5,macro_vix,42,0.0,64,0.001,False,False,False,0.5833807680631451,0.2637875101378751,26.37875101378751,0.09294848896192041,0.13746103861799355,0.28747221942747636,0.2655775652701882,"[[56168, 6139, 1512], [25124, 2602, 268], [9749, 1123, 2723]]",0.5464712142024226,1.0824416555480256,2402,35.0541215653622,-0.0009382368853357105,-0.005999999888241291,0.7533195739110664,-0.9012565541748232,-0.9008416434729679,0.1280985143062014,127.9533721898418
baja_v2_eventos_macro,validacion_2024,5,macro_vix,42,0.00025,64,0.001,False,False,False,0.5833807680631451,0.2637875101378751,26.37875101378751,0.09294848896192041,0.13746103861799355,0.28747221942747636,0.2655775652701882,"[[56168, 6139, 1512], [25124, 2602, 268], [9749, 1123, 2723]]",0.5464712142024226,1.0824416555480256,2022,34.52027695351138,-0.0009671450528410281,-0.005999999888241291,0.7455072670898676,-0.8673131225147286,-0.865142145352296,0.11743952350513735,134.40900098911968
baja_v2_eventos_macro,validacion_2024,5,macro_vix,42,0.0005,64,0.001,False,False,False,0.5833807680631451,0.2637875101378751,26.37875101378751,0.09294848896192041,0.13746103861799355,0.28747221942747636,0.2655775652701882,"[[56168, 6139, 1512], [25124, 2602, 268], [9749, 1123, 2723]]",0.5464712142024226,1.0824416555480256,1659,35.201928872814946,-0.0008824022235092347,-0.005999999888241291,0.7645278593144816,-0.7811810971439955,-0.7775742860435869,0.12216169886824944,142.49306811332127
baja_v2_eventos_macro,validacion_2024,5,macro_vix,42,0.001,64,0.001,False,False,False,0.5833807680631451,0.2637875101378751,26.37875101378751,0.09294848896192041,0.13746103861799355,0.28747221942747636,0.2655775652701882,"[[56168, 6139, 1512], [25124, 2602, 268], [9749, 1123, 2723]]",0.5464712142024226,1.0824416555480256,1118,32.55813953488372,-0.0012097444025520468,-0.005999999888241291,0.6858469629846544,-0.755286050174389,-0.7479463342501869,0.1305052351119952,155.47137745974956
baja_v2_eventos_macro,validacion_2023,5,macro_nasdaq100,42,0.0,64,0.001,False,False,False,0.49384017013775794,0.23528521712815856,23.528521712815856,0.07112473128115995,0.10923012082045519,0.22844903687519375,0.2094437951449428,"[[49756, 3643, 63], [20258, 1555, 50], [27411, 1411, 239]]",0.5424805030896267,1.0907414885081634,1162,35.9724612736661,-0.0009849003371143735,-0.005999999888241291,0.7246808220539687,-0.7034566354407652,-0.6894563085085473,0.1218493720808319,179.5774526678141
baja_v2_eventos_macro,validacion_2023,5,macro_nasdaq100,42,0.00025,64,0.001,False,False,False,0.49384017013775794,0.23528521712815856,23.528521712815856,0.07112473128115995,0.10923012082045519,0.22844903687519375,0.2094437951449428,"[[49756, 3643, 63], [20258, 1555, 50], [27411, 1411, 239]]",0.5424805030896267,1.0907414885081634,1064,36.278195488721806,-0.0009767687192438204,-0.005999999888241291,0.7244662283671999,-0.6736073939545937,-0.6542011538375839,0.12561113132934812,182.49248120300751
baja_v2_eventos_macro,validacion_2023,5,macro_nasdaq100,42,0.0005,64,0.001,False,False,False,0.49384017013775794,0.23528521712815856,23.528521712815856,0.07112473128115995,0.10923012082045519,0.22844903687519375,0.2094437951449428,"[[49756, 3643, 63], [20258, 1555, 50], [27411, 1411, 239]]",0.5424805030896267,1.0907414885081634,984,35.77235772357724,-0.00104223340493343,-0.005999999888241291,0.7078941814007509,-0.6611956800041627,-0.648767409120765,0.1318320032973991,186.8628048780488
baja_v2_eventos_macro,validacion_2023,5,macro_nasdaq100,42,0.001,64,0.001,False,False,False,0.49384017013775794,0.23528521712815856,23.528521712815856,0.07112473128115995,0.10923012082045519,0.22844903687519375,0.2094437951449428,"[[49756, 3643, 63], [20258, 1555, 50], [27411, 1411, 239]]",0.5424805030896267,1.0907414885081634,835,34.970059880239525,-0.0010667250814120023,-0.005999999888241291,0.7014942339727164,-0.6054230020685876,-0.5967634262071166,0.14511461167409706,189.00838323353292
baja_v2_eventos_macro,validacion_2024,5,macro_nasdaq100,42,0.0,64,0.001,False,False,False,0.5800318761384335,0.27890574909168625,27.890574909168624,0.09323426448524684,0.13975155279503104,0.28722262967890244,0.2655775652701882,"[[58099, 5687, 33], [25383, 2610, 1], [12103, 1061, 431]]",0.5439193251422867,1.0815018557260037,2076,34.104046242774565,-0.0010108957302316886,-0.005999999888241291,0.737301732758589,-0.8848309291034415,-0.8833177897701345,0.11610906722435752,125.98073217726397
baja_v2_eventos_macro,validacion_2024,5,macro_nasdaq100,42,0.00025,64,0.001,False,False,False,0.5800318761384335,0.27890574909168625,27.890574909168624,0.09323426448524684,0.13975155279503104,0.28722262967890244,0.2655775652701882,"[[58099, 5687, 33], [25383, 2610, 1], [12103, 1061, 431]]",0.5439193251422867,1.0815018557260037,1711,34.424313267095265,-0.0009049957643406371,-0.005999999888241291,0.7617244459330543,-0.8013198143105464,-0.7959812548207932,0.12244591041145018,133.45821157218
baja_v2_eventos_macro,validacion_2024,5,macro_nasdaq100,42,0.0005,64,0.001,False,False,False,0.5800318761384335,0.27890574909168625,27.890574909168624,0.09323426448524684,0.13975155279503104,0.28722262967890244,0.2655775652701882,"[[58099, 5687, 33], [25383, 2610, 1], [12103, 1061, 431]]",0.5439193251422867,1.0815018557260037,1432,35.26536312849162,-0.0008719049102360949,-0.005999999888241291,0.7697004288193279,-0.7415943920081419,-0.7228067192678551,0.13254682761595943,137.22206703910615
baja_v2_eventos_macro,validacion_2024,5,macro_nasdaq100,42,0.001,64,0.001,False,False,False,0.5800318761384335,0.27890574909168625,27.890574909168624,0.09323426448524684,0.13975155279503104,0.28722262967890244,0.2655775652701882,"[[58099, 5687, 33], [25383, 2610, 1], [12103, 1061, 431]]",0.5439193251422867,1.0815018557260037,991,34.914228052472254,-0.0009248111205367943,-0.005999999888241291,0.7547406374369164,-0.6341793274305214,-0.6093423394589031,0.13951026692097007,149.66700302724522
baja_v2_eventos_macro,validacion_2023,5,macro_reservas_fed,42,0.0,64,0.001,False,False,False,0.47934588929549937,0.23296024700887688,23.29602470088769,0.1380414398755889,0.17335860761674995,0.2326623898043764,0.2094437951449428,"[[46857, 6602, 3], [18839, 3018, 6], [25564, 3335, 162]]",0.5603439371688095,1.1108583553089528,1736,35.02304147465438,-0.0010250641260606964,-0.005999999888241291,0.7183290129763952,-0.844741874725569,-0.837574718900704,0.14866694052122964,167.39861751152074
baja_v2_eventos_macro,validacion_2023,5,macro_reservas_fed,42,0.00025,64,0.001,False,False,False,0.47934588929549937,0.23296024700887688,23.29602470088769,0.1380414398755889,0.17335860761674995,0.2326623898043764,0.2094437951449428,"[[46857, 6602, 3], [18839, 3018, 6], [25564, 3335, 162]]",0.5603439371688095,1.1108583553089528,1545,34.75728155339806,-0.0010654593541201951,-0.005999999888241291,0.7069210529892282,-0.8199917789373093,-0.8135495613656873,0.1425520324859119,173.82977346278318
baja_v2_eventos_macro,validacion_2023,5,macro_reservas_fed,42,0.0005,64,0.001,False,False,False,0.47934588929549937,0.23296024700887688,23.29602470088769,0.1380414398755889,0.17335860761674995,0.2326623898043764,0.2094437951449428,"[[46857, 6602, 3], [18839, 3018, 6], [25564, 3335, 162]]",0.5603439371688095,1.1108583553089528,1389,35.27717782577394,-0.0010212780610561697,-0.005999999888241291,0.7151377148565998,-0.7684467849865594,-0.7650293206231606,0.13971920387161613,175.27789776817855
baja_v2_eventos_macro,validacion_2023,5,macro_reservas_fed,42,0.001,64,0.001,False,False,False,0.47934588929549937,0.23296024700887688,23.29602470088769,0.1380414398755889,0.17335860761674995,0.2326623898043764,0.2094437951449428,"[[46857, 6602, 3], [18839, 3018, 6], [25564, 3335, 162]]",0.5603439371688095,1.1108583553089528,1060,34.81132075471698,-0.0009679119363977282,-0.005999999888241291,0.726984327160753,-0.655352768860171,-0.6496004400894417,0.1237277771652409,186.1433962264151
baja_v2_eventos_macro,validacion_2024,5,macro_reservas_fed,42,0.0,64,0.001,False,False,False,0.5846899666059502,0.27456392139545155,27.456392139545155,0.08884046581410303,0.13424376551873043,0.2815209111021097,0.2655775652701882,"[[58256, 5246, 317], [25465, 2487, 42], [11382, 1325, 888]]",0.5340385122496871,1.06003272835076,2161,34.567329939842665,-0.0009582901480688497,-0.005999999888241291,0.7479135067223347,-0.8814373657469159,-0.8802428192112022,0.10701173136096363,137.80425728829246
baja_v2_eventos_macro,validacion_2024,5,macro_reservas_fed,42,0.00025,64,0.001,False,False,False,0.5846899666059502,0.27456392139545155,27.456392139545155,0.08884046581410303,0.13424376551873043,0.2815209111021097,0.2655775652701882,"[[58256, 5246, 317], [25465, 2487, 42], [11382, 1325, 888]]",0.5340385122496871,1.06003272835076,1797,33.94546466332777,-0.001064352690512296,-0.005999999888241291,0.7212634545548163,-0.8588033457406505,-0.8583893509485551,0.1128704492198929,147.96327212020034
baja_v2_eventos_macro,validacion_2024,5,macro_reservas_fed,42,0.0005,64,0.001,False,False,False,0.5846899666059502,0.27456392139545155,27.456392139545155,0.08884046581410303,0.13424376551873043,0.2815209111021097,0.2655775652701882,"[[58256, 5246, 317], [25465, 2487, 42], [11382, 1325, 888]]",0.5340385122496871,1.06003272835076,1490,32.61744966442953,-0.001227639135978249,-0.005999999888241291,0.6811216100299851,-0.8443525066770545,-0.8448306053462361,0.11698889687975392,153.5456375838926
baja_v2_eventos_macro,validacion_2024,5,macro_reservas_fed,42,0.001,64,0.001,False,False,False,0.5846899666059502,0.27456392139545155,27.456392139545155,0.08884046581410303,0.13424376551873043,0.2815209111021097,0.2655775652701882,"[[58256, 5246, 317], [25465, 2487, 42], [11382, 1325, 888]]",0.5340385122496871,1.06003272835076,964,33.50622406639004,-0.0010660100365423352,-0.005999999888241291,0.71375872637287,-0.6710476532186986,-0.6498397888920973,0.13624856656562445,174.496887966805
baja_v2_eventos_macro,validacion_2023,5,macro_completo,42,0.0,69,0.001,False,False,False,0.4679937922709942,0.20938070495716893,20.938070495716893,0.13639482230252023,0.16518487744079768,0.22180137041331224,0.2094437951449428,"[[45785, 7676, 1], [18878, 2982, 3], [25392, 3584, 85]]",0.5273857116408306,1.0590018685433844,1644,34.48905109489051,-0.0011571110164495227,-0.005999999888241291,0.683723068487714,-0.8576035037052004,-0.8559277325087304,0.13893347246318413,175.6903892944039
baja_v2_eventos_macro,validacion_2023,5,macro_completo,42,0.00025,69,0.001,False,False,False,0.4679937922709942,0.20938070495716893,20.938070495716893,0.13639482230252023,0.16518487744079768,0.22180137041331224,0.2094437951449428,"[[45785, 7676, 1], [18878, 2982, 3], [25392, 3584, 85]]",0.5273857116408306,1.0590018685433844,1537,34.80806766428107,-0.001157693170562672,-0.005999999888241291,0.6816990818524449,-0.8413862443149847,-0.8366690829967325,0.13500275523096766,178.17241379310346
baja_v2_eventos_macro,validacion_2023,5,macro_completo,42,0.0005,69,0.001,False,False,False,0.4679937922709942,0.20938070495716893,20.938070495716893,0.13639482230252023,0.16518487744079768,0.22180137041331224,0.2094437951449428,"[[45785, 7676, 1], [18878, 2982, 3], [25392, 3584, 85]]",0.5273857116408306,1.0590018685433844,1426,35.203366058906035,-0.0010974285743835413,-0.005999999888241291,0.6938288119749313,-0.8148359384620344,-0.7970662095039455,0.1324792117096057,184.56381486676017
baja_v2_eventos_macro,validacion_2023,5,macro_completo,42,0.001,69,0.001,False,False,False,0.4679937922709942,0.20938070495716893,20.938070495716893,0.13639482230252023,0.16518487744079768,0.22180137041331224,0.2094437951449428,"[[45785, 7676, 1], [18878, 2982, 3], [25392, 3584, 85]]",0.5273857116408306,1.0590018685433844,1237,34.923201293451896,-0.001120867008668422,-0.005999999888241291,0.6855326720427998,-0.769349825315552,-0.7563798250718954,0.12434988372364199,190.0614389652385
baja_v2_eventos_macro,validacion_2024,5,macro_completo,42,0.0,69,0.001,False,False,False,0.585458409228901,0.28200347999005715,28.200347999005714,0.08105308280345788,0.12591564927857934,0.28210441807206743,0.2655775652701882,"[[59135, 4601, 83], [25725, 2269, 0], [12111, 1176, 308]]",0.5312194033348243,1.0622298528306238,1506,34.8605577689243,-0.0009433112691189347,-0.005999999888241291,0.7483834561353567,-0.7685964884013528,-0.766799281000767,0.11618186579418022,153.33798140770253
baja_v2_eventos_macro,validacion_2024,5,macro_completo,42,0.00025,69,0.001,False,False,False,0.585458409228901,0.28200347999005715,28.200347999005714,0.08105308280345788,0.12591564927857934,0.28210441807206743,0.2655775652701882,"[[59135, 4601, 83], [25725, 2269, 0], [12111, 1176, 308]]",0.5312194033348243,1.0622298528306238,1269,34.988179669030735,-0.0008516015064056969,-0.005999999888241291,0.7703674421259524,-0.6814492802499954,-0.6706064266707004,0.12828781052096022,158.17809298660362
baja_v2_eventos_macro,validacion_2024,5,macro_completo,42,0.0005,69,0.001,False,False,False,0.585458409228901,0.28200347999005715,28.200347999005714,0.08105308280345788,0.12591564927857934,0.28210441807206743,0.2655775652701882,"[[59135, 4601, 83], [25725, 2269, 0], [12111, 1176, 308]]",0.5312194033348243,1.0622298528306238,1097,34.54876937101185,-0.0009494203271128297,-0.005999999888241291,0.7458038404213945,-0.686376880695159,-0.6559552946504787,0.13715248685100304,161.8778486782133
baja_v2_eventos_macro,validacion_2024,5,macro_completo,42,0.001,69,0.001,False,False,False,0.585458409228901,0.28200347999005715,28.200347999005714,0.08105308280345788,0.12591564927857934,0.28210441807206743,0.2655775652701882,"[[59135, 4601, 83], [25725, 2269, 0], [12111, 1176, 308]]",0.5312194033348243,1.0622298528306238,808,35.27227722772277,-0.0009062130439435155,-0.005999999888241291,0.7559832540094795,-0.5703839562924965,-0.5281081002042778,0.15257381971953063,170.44554455445544
baja_v2_eventos_macro,validacion_2023,10,macro_dolar,42,0.0,64,0.001,False,False,False,0.48258420508104377,0.23449723335241365,23.449723335241366,0.11248398315943621,0.15203810230716894,0.23683879861203272,0.20933440625359237,"[[23952, 2791, 0], [9697, 1229, 0], [13297, 1221, 7]]",0.5680111546707786,1.1313897359286504,1534,35.267275097783575,-0.0010043638481625845,-0.005999999888241291,0.7236377038909686,-0.7998713879266859,-0.7928713466946723,0.138323924461188,166.493481095176
baja_v2_eventos_macro,validacion_2023,10,macro_dolar,42,0.00025,64,0.001,False,False,False,0.48258420508104377,0.23449723335241365,23.449723335241366,0.11248398315943621,0.15203810230716894,0.23683879861203272,0.20933440625359237,"[[23952, 2791, 0], [9697, 1229, 0], [13297, 1221, 7]]",0.5680111546707786,1.1313897359286504,1362,35.24229074889868,-0.0010327225050718396,-0.005999999888241291,0.715160152689016,-0.767796931281733,-0.762179364686905,0.13697909346034967,170.79368575624082
baja_v2_eventos_macro,validacion_2023,10,macro_dolar,42,0.0005,64,0.001,False,False,False,0.48258420508104377,0.23449723335241365,23.449723335241366,0.11248398315943621,0.15203810230716894,0.23683879861203272,0.20933440625359237,"[[23952, 2791, 0], [9697, 1229, 0], [13297, 1221, 7]]",0.5680111546707786,1.1313897359286504,1210,35.20661157024794,-0.001068653062853703,-0.005999999888241291,0.7051618498478133,-0.7397981131465612,-0.7326406163842258,0.12275618986917786,176.48595041322315
baja_v2_eventos_macro,validacion_2023,10,macro_dolar,42,0.001,64,0.001,False,False,False,0.48258420508104377,0.23449723335241365,23.449723335241366,0.11248398315943621,0.15203810230716894,0.23683879861203272,0.20933440625359237,"[[23952, 2791, 0], [9697, 1229, 0], [13297, 1221, 7]]",0.5680111546707786,1.1313897359286504,947,34.31890179514255,-0.0011689695012686318,-0.005999999888241291,0.6755340236107673,-0.6790944718021821,-0.6759325185167426,0.12136370895998504,190.51636747624076
baja_v2_eventos_macro,validacion_2024,10,macro_dolar,42,0.0,64,0.001,False,False,False,0.6008841833636915,0.2701582516955539,27.01582516955539,0.05126921701823382,0.08618306388605085,0.3008693715437287,0.2653498785670917,"[[29173, 1593, 1144], [13069, 717, 199], [4686, 344, 1779]]",0.5681885515562968,1.1338590888695514,1728,34.89583333333333,-0.0008817151720621264,-0.005999999888241291,0.7649328283237706,-0.8006314587352398,-0.7908396245637181,0.10776024663815735,138.3287037037037
baja_v2_eventos_macro,validacion_2024,10,macro_dolar,42,0.00025,64,0.001,False,False,False,0.6008841833636915,0.2701582516955539,27.01582516955539,0.05126921701823382,0.08618306388605085,0.3008693715437287,0.2653498785670917,"[[29173, 1593, 1144], [13069, 717, 199], [4686, 344, 1779]]",0.5681885515562968,1.1338590888695514,1348,35.01483679525222,-0.0008598054905700834,-0.005999999888241291,0.770591571359291,-0.7049630438097085,-0.6961141773641056,0.11353816714467901,148.56824925816025
baja_v2_eventos_macro,validacion_2024,10,macro_dolar,42,0.0005,64,0.001,False,False,False,0.6008841833636915,0.2701582516955539,27.01582516955539,0.05126921701823382,0.08618306388605085,0.3008693715437287,0.2653498785670917,"[[29173, 1593, 1144], [13069, 717, 199], [4686, 344, 1779]]",0.5681885515562968,1.1338590888695514,1060,35.75471698113207,-0.0008150582071848223,-0.005999999888241291,0.7801966421063974,-0.59015429772874,-0.5889468923346908,0.11707894325951448,155.94056603773586
baja_v2_eventos_macro,validacion_2024,10,macro_dolar,42,0.001,64,0.001,False,False,False,0.6008841833636915,0.2701582516955539,27.01582516955539,0.05126921701823382,0.08618306388605085,0.3008693715437287,0.2653498785670917,"[[29173, 1593, 1144], [13069, 717, 199], [4686, 344, 1779]]",0.5681885515562968,1.1338590888695514,625,35.36,-0.0009555486238095913,-0.005999999888241291,0.7438013331843626,-0.4631559566532153,-0.4575599679704321,0.13803978982879833,169.4464
baja_v2_eventos_macro,validacion_2023,10,macro_rendimiento_real,42,0.0,64,0.001,False,False,False,0.472314825458865,0.21822410726501573,21.822410726501573,0.14598206113856854,0.17493830545653963,0.22513659045046802,0.20933440625359237,"[[22995, 3748, 0], [9331, 1595, 0], [12497, 1966, 62]]",0.5509993112175272,1.0754877541617909,1668,33.45323741007194,-0.0012705412941882946,-0.005999999888241291,0.6572332555099151,-0.8851345679262169,-0.8840653978113268,0.15673554627984632,172.17206235011992
baja_v2_eventos_macro,validacion_2023,10,macro_rendimiento_real,42,0.00025,64,0.001,False,False,False,0.472314825458865,0.21822410726501573,21.822410726501573,0.14598206113856854,0.17493830545653963,0.22513659045046802,0.20933440625359237,"[[22995, 3748, 0], [9331, 1595, 0], [12497, 1966, 62]]",0.5509993112175272,1.0754877541617909,1470,33.80952380952381,-0.001227553245850086,-0.005999999888241291,0.6672359318972071,-0.8449075297376151,-0.8405205412005163,0.1601127571762981,178.5768707482993
baja_v2_eventos_macro,validacion_2023,10,macro_rendimiento_real,42,0.0005,64,0.001,False,False,False,0.472314825458865,0.21822410726501573,21.822410726501573,0.14598206113856854,0.17493830545653963,0.22513659045046802,0.20933440625359237,"[[22995, 3748, 0], [9331, 1595, 0], [12497, 1966, 62]]",0.5509993112175272,1.0754877541617909,1294,35.16228748068006,-0.0010990177237527883,-0.005999999888241291,0.6949280255896566,-0.7727871178067851,-0.7653178797728916,0.1579057807893008,187.12982998454405
baja_v2_eventos_macro,validacion_2023,10,macro_rendimiento_real,42,0.001,64,0.001,False,False,False,0.472314825458865,0.21822410726501573,21.822410726501573,0.14598206113856854,0.17493830545653963,0.22513659045046802,0.20933440625359237,"[[22995, 3748, 0], [9331, 1595, 0], [12497, 1966, 62]]",0.5509993112175272,1.0754877541617909,1009,35.282457879088206,-0.0010546070076643765,-0.005999999888241291,0.701013301266645,-0.6719304522512837,-0.6621076515882565,0.1399919048118008,201.26759167492568
baja_v2_eventos_macro,validacion_2024,10,macro_rendimiento_real,42,0.0,64,0.001,False,False,False,0.5655358227079539,0.27893654524089306,27.893654524089307,0.1357883446549875,0.18265762516231424,0.27687542655201025,0.2653498785670917,"[[27882, 4026, 2], [12086, 1899, 0], [5901, 883, 25]]",0.5141458239076759,1.0434352864495637,1490,34.22818791946309,-0.0010455155123086273,-0.005999999888241291,0.7226608730575259,-0.8024947347128142,-0.7965131842889517,0.125692165206613,165.1
baja_v2_eventos_macro,validacion_2024,10,macro_rendimiento_real,42,0.00025,64,0.001,False,False,False,0.5655358227079539,0.27893654524089306,27.893654524089307,0.1357883446549875,0.18265762516231424,0.27687542655201025,0.2653498785670917,"[[27882, 4026, 2], [12086, 1899, 0], [5901, 883, 25]]",0.5141458239076759,1.0434352864495637,1341,34.37733035048471,-0.0010110363973849805,-0.005999999888241291,0.7304539624206261,-0.7522720974386534,-0.7501098930014933,0.12552370863317486,170.1551081282625
baja_v2_eventos_macro,validacion_2024,10,macro_rendimiento_real,42,0.0005,64,0.001,False,False,False,0.5655358227079539,0.27893654524089306,27.893654524089307,0.1357883446549875,0.18265762516231424,0.27687542655201025,0.2653498785670917,"[[27882, 4026, 2], [12086, 1899, 0], [5901, 883, 25]]",0.5141458239076759,1.0434352864495637,1208,33.69205298013245,-0.0010889372811275736,-0.005999999888241291,0.7110033518799654,-0.741236654845356,-0.7389429605142226,0.1261762419747458,173.21192052980132
baja_v2_eventos_macro,validacion_2024,10,macro_rendimiento_real,42,0.001,64,0.001,False,False,False,0.5655358227079539,0.27893654524089306,27.893654524089307,0.1357883446549875,0.18265762516231424,0.27687542655201025,0.2653498785670917,"[[27882, 4026, 2], [12086, 1899, 0], [5901, 883, 25]]",0.5141458239076759,1.0434352864495637,945,33.22751322751323,-0.0011691491277789868,-0.005999999888241291,0.691180592880635,-0.6795703883502033,-0.6757340404459184,0.1376622696420215,178.8804232804233
baja_v2_eventos_macro,validacion_2023,10,macro_spread_baa,42,0.0,64,0.001,False,False,False,0.5007855309039353,0.24232922732362822,24.232922732362823,0.09902983708585027,0.14060165031511923,0.24447797164808047,0.20933440625359237,"[[23924, 2550, 269], [9781, 1082, 63], [12560, 833, 1132]]",0.582320632277506,1.1678824137104074,1409,34.918381831085874,-0.0010663543941615951,-0.005999999888241291,0.7037274438021806,-0.7908372076738028,-0.7840258825614254,0.1221837809282135,183.72320794889993
baja_v2_eventos_macro,validacion_2023,10,macro_spread_baa,42,0.00025,64,0.001,False,False,False,0.5007855309039353,0.24232922732362822,24.232922732362823,0.09902983708585027,0.14060165031511923,0.24447797164808047,0.20933440625359237,"[[23924, 2550, 269], [9781, 1082, 63], [12560, 833, 1132]]",0.582320632277506,1.1678824137104074,1232,35.22727272727273,-0.0010668928184123534,-0.005999999888241291,0.7018516080492283,-0.7442560645212306,-0.7382832884612456,0.11427109808111256,188.54626623376623
baja_v2_eventos_macro,validacion_2023,10,macro_spread_baa,42,0.0005,64,0.001,False,False,False,0.5007855309039353,0.24232922732362822,24.232922732362823,0.09902983708585027,0.14060165031511923,0.24447797164808047,0.20933440625359237,"[[23924, 2550, 269], [9781, 1082, 63], [12560, 833, 1132]]",0.582320632277506,1.1678824137104074,1095,34.70319634703196,-0.0011105562241569371,-0.005999999888241291,0.6907389278546859,-0.7169820689014244,-0.7103587551135266,0.1091911658749122,190.4255707762557
baja_v2_eventos_macro,validacion_2023,10,macro_spread_baa,42,0.001,64,0.001,False,False,False,0.5007855309039353,0.24232922732362822,24.232922732362823,0.09902983708585027,0.14060165031511923,0.24447797164808047,0.20933440625359237,"[[23924, 2550, 269], [9781, 1082, 63], [12560, 833, 1132]]",0.582320632277506,1.1678824137104074,810,36.54320987654321,-0.0008604309434860493,-0.005999999888241291,0.7525306845126554,-0.524081044986739,-0.5104369365263276,0.11837210365669608,200.90493827160495
baja_v2_eventos_macro,validacion_2024,10,macro_spread_baa,42,0.0,64,0.001,False,False,False,0.6083219489981785,0.27040816326530615,27.040816326530614,0.034107972828030034,0.06057527462061083,0.29526658867678235,0.2653498785670917,"[[30240, 1011, 659], [13378, 477, 130], [5189, 276, 1344]]",0.5592366136903665,1.1127443896761628,1249,34.267413931144915,-0.0009800925162097652,-0.005999999888241291,0.7398701238901525,-0.7186421729836809,-0.7144348086485919,0.11896445895733933,143.72137710168136
baja_v2_eventos_macro,validacion_2024,10,macro_spread_baa,42,0.00025,64,0.001,False,False,False,0.6083219489981785,0.27040816326530615,27.040816326530614,0.034107972828030034,0.06057527462061083,0.29526658867678235,0.2653498785670917,"[[30240, 1011, 659], [13378, 477, 130], [5189, 276, 1344]]",0.5592366136903665,1.1127443896761628,926,34.66522678185745,-0.0010017277197519468,-0.005999999888241291,0.7338342834199036,-0.6163676430567524,-0.6129149519300117,0.12505834875197733,151.3876889848812
baja_v2_eventos_macro,validacion_2024,10,macro_spread_baa,42,0.0005,64,0.001,False,False,False,0.6083219489981785,0.27040816326530615,27.040816326530614,0.034107972828030034,0.06057527462061083,0.29526658867678235,0.2653498785670917,"[[30240, 1011, 659], [13378, 477, 130], [5189, 276, 1344]]",0.5592366136903665,1.1127443896761628,693,36.21933621933622,-0.000836804067407045,-0.005999999888241291,0.7714933065700178,-0.4474308731205202,-0.44892538303858853,0.13391876811595768,164.95382395382396
baja_v2_eventos_macro,validacion_2024,10,macro_spread_baa,42,0.001,64,0.001,False,False,False,0.6083219489981785,0.27040816326530615,27.040816326530614,0.034107972828030034,0.06057527462061083,0.29526658867678235,0.2653498785670917,"[[30240, 1011, 659], [13378, 477, 130], [5189, 276, 1344]]",0.5592366136903665,1.1127443896761628,415,34.4578313253012,-0.0011104404993077565,-0.005999999888241291,0.7048745644491261,-0.3920779155754509,-0.37512437721448977,0.16325461336432667,173.0
baja_v2_eventos_macro,validacion_2023,10,macro_vix,42,0.0,64,0.001,False,False,False,0.498658849676208,0.22634445200816883,22.634445200816884,0.12172798828482519,0.15831448637067017,0.2363051676029545,0.20933440625359237,"[[23263, 3159, 321], [9506, 1330, 90], [11704, 1387, 1434]]",0.5704617585561674,1.1288405562757282,1516,36.147757255936675,-0.0009274102881030571,-0.005999999888241291,0.7356815924678093,-0.7730908309380147,-0.7625998958247588,0.12881881838416315,189.64313984168865
baja_v2_eventos_macro,validacion_2023,10,macro_vix,42,0.00025,64,0.001,False,False,False,0.498658849676208,0.22634445200816883,22.634445200816884,0.12172798828482519,0.15831448637067017,0.2363051676029545,0.20933440625359237,"[[23263, 3159, 321], [9506, 1330, 90], [11704, 1387, 1434]]",0.5704617585561674,1.1288405562757282,1336,36.75149700598803,-0.0008795390544025892,-0.005999999888241291,0.7458632203052046,-0.7134471199805024,-0.6997208081702737,0.12294143848816033,195.0
baja_v2_eventos_macro,validacion_2023,10,macro_vix,42,0.0005,64,0.001,False,False,False,0.498658849676208,0.22634445200816883,22.634445200816884,0.12172798828482519,0.15831448637067017,0.2363051676029545,0.20933440625359237,"[[23263, 3159, 321], [9506, 1330, 90], [11704, 1387, 1434]]",0.5704617585561674,1.1288405562757282,1200,36.5,-0.000884869178636109,-0.005999999888241291,0.7431457894065517,-0.674119986917181,-0.6626836995899292,0.11222691254845092,199.44166666666666
baja_v2_eventos_macro,validacion_2023,10,macro_vix,42,0.001,64,0.001,False,False,False,0.498658849676208,0.22634445200816883,22.634445200816884,0.12172798828482519,0.15831448637067017,0.2363051676029545,0.20933440625359237,"[[23263, 3159, 321], [9506, 1330, 90], [11704, 1387, 1434]]",0.5704617585561674,1.1288405562757282,925,37.2972972972973,-0.000772651310395796,-0.005999999888241291,0.7705964888089365,-0.5231866099058672,-0.5199450879738947,0.10711924607998158,216.66270270270272
baja_v2_eventos_macro,validacion_2024,10,macro_vix,42,0.0,64,0.001,False,False,False,0.5943951123254402,0.2906746031746032,29.06746031746032,0.08380407579549518,0.13009935061330966,0.29431575593596804,0.2653498785670917,"[[28954, 2393, 563], [12704, 1172, 109], [5141, 467, 1201]]",0.553702626949842,1.1091610726384884,2000,34.5,-0.0009149930741906478,-0.005999999888241291,0.7579166773548586,-0.8488139975963688,-0.8470472715763935,0.10483947191464564,137.457
baja_v2_eventos_macro,validacion_2024,10,macro_vix,42,0.00025,64,0.001,False,False,False,0.5943951123254402,0.2906746031746032,29.06746031746032,0.08380407579549518,0.13009935061330966,0.29431575593596804,0.2653498785670917,"[[28954, 2393, 563], [12704, 1172, 109], [5141, 467, 1201]]",0.553702626949842,1.1091610726384884,1630,35.644171779141104,-0.0007873438924171682,-0.005999999888241291,0.7890056345820273,-0.739706169457642,-0.733530562926896,0.1091862769287958,145.59815950920245
baja_v2_eventos_macro,validacion_2024,10,macro_vix,42,0.0005,64,0.001,False,False,False,0.5943951123254402,0.2906746031746032,29.06746031746032,0.08380407579549518,0.13009935061330966,0.29431575593596804,0.2653498785670917,"[[28954, 2393, 563], [12704, 1172, 109], [5141, 467, 1201]]",0.553702626949842,1.1091610726384884,1305,35.47892720306513,-0.0008616678779494913,-0.005999999888241291,0.7701125330023372,-0.6942819960687796,-0.685112779365436,0.11736732855467774,150.94022988505748
baja_v2_eventos_macro,validacion_2024,10,macro_vix,42,0.001,64,0.001,False,False,False,0.5943951123254402,0.2906746031746032,29.06746031746032,0.08380407579549518,0.13009935061330966,0.29431575593596804,0.2653498785670917,"[[28954, 2393, 563], [12704, 1172, 109], [5141, 467, 1201]]",0.553702626949842,1.1091610726384884,878,35.19362186788155,-0.0008593911623692729,-0.005999999888241291,0.76909410020864,-0.5434367493983832,-0.5393897444445597,0.1262109394883601,161.78587699316628
baja_v2_eventos_macro,validacion_2023,10,macro_nasdaq100,42,0.0,64,0.001,False,False,False,0.4935816377361383,0.23204039476704155,23.204039476704157,0.09253157605711147,0.13230386704181116,0.22848944584297143,0.20933440625359237,"[[24348, 2360, 35], [9897, 1011, 18], [13136, 986, 403]]",0.5390915634996637,1.0915044971927559,1096,36.67883211678832,-0.0008812055472042327,-0.005999999888241291,0.744668332284349,-0.6556753160130937,-0.6279779560032489,0.12143676852885588,195.97536496350364
baja_v2_eventos_macro,validacion_2023,10,macro_nasdaq100,42,0.00025,64,0.001,False,False,False,0.4935816377361383,0.23204039476704155,23.204039476704157,0.09253157605711147,0.13230386704181116,0.22848944584297143,0.20933440625359237,"[[24348, 2360, 35], [9897, 1011, 18], [13136, 986, 403]]",0.5390915634996637,1.0915044971927559,1021,36.82664054848188,-0.0008835781498085161,-0.005999999888241291,0.7426845928463264,-0.6145949818181715,-0.6028274619917163,0.12343673462218713,199.53574926542606
baja_v2_eventos_macro,validacion_2023,10,macro_nasdaq100,42,0.0005,64,0.001,False,False,False,0.4935816377361383,0.23204039476704155,23.204039476704157,0.09253157605711147,0.13230386704181116,0.22848944584297143,0.20933440625359237,"[[24348, 2360, 35], [9897, 1011, 18], [13136, 986, 403]]",0.5390915634996637,1.0915044971927559,924,36.79653679653679,-0.000872925421454395,-0.005999999888241291,0.7452003374174474,-0.5681375527594159,-0.5621148608227009,0.12221670776831607,201.5974025974026
baja_v2_eventos_macro,validacion_2023,10,macro_nasdaq100,42,0.001,64,0.001,False,False,False,0.4935816377361383,0.23204039476704155,23.204039476704157,0.09253157605711147,0.13230386704181116,0.22848944584297143,0.20933440625359237,"[[24348, 2360, 35], [9897, 1011, 18], [13136, 986, 403]]",0.5390915634996637,1.0915044971927559,755,36.688741721854306,-0.0009760696931542843,-0.005999999888241291,0.7175017582657254,-0.5368632888614652,-0.5287525418077389,0.1270716033393011,208.50728476821192
baja_v2_eventos_macro,validacion_2024,10,macro_nasdaq100,42,0.0,64,0.001,False,False,False,0.5802785367334548,0.3022138680033417,30.221386800334173,0.10346800143010368,0.15415756671815906,0.29336350002569306,0.2653498785670917,"[[29055, 2855, 0], [12536, 1447, 2], [6242, 486, 81]]",0.5531610036665544,1.1055723922312568,1923,33.43733749349974,-0.0010545715067958475,-0.005999999888241291,0.7271503141842471,-0.8780517667815761,-0.8743092657659126,0.11424179879136206,127.6443057722309
baja_v2_eventos_macro,validacion_2024,10,macro_nasdaq100,42,0.00025,64,0.001,False,False,False,0.5802785367334548,0.3022138680033417,30.221386800334173,0.10346800143010368,0.15415756671815906,0.29336350002569306,0.2653498785670917,"[[29055, 2855, 0], [12536, 1447, 2], [6242, 486, 81]]",0.5531610036665544,1.1055723922312568,1600,34.9375,-0.0009131772706084579,-0.005999999888241291,0.7594781656187536,-0.7838598039868481,-0.7767514753866167,0.11798135874412796,134.719375
baja_v2_eventos_macro,validacion_2024,10,macro_nasdaq100,42,0.0005,64,0.001,False,False,False,0.5802785367334548,0.3022138680033417,30.221386800334173,0.10346800143010368,0.15415756671815906,0.29336350002569306,0.2653498785670917,"[[29055, 2855, 0], [12536, 1447, 2], [6242, 486, 81]]",0.5531610036665544,1.1055723922312568,1304,34.27914110429448,-0.0009895130952558963,-0.005999999888241291,0.7405213329795184,-0.7502312290111595,-0.7331987367702364,0.120747462265786,141.60276073619633
baja_v2_eventos_macro,validacion_2024,10,macro_nasdaq100,42,0.001,64,0.001,False,False,False,0.5802785367334548,0.3022138680033417,30.221386800334173,0.10346800143010368,0.15415756671815906,0.29336350002569306,0.2653498785670917,"[[29055, 2855, 0], [12536, 1447, 2], [6242, 486, 81]]",0.5531610036665544,1.1055723922312568,879,34.8122866894198,-0.0008737505325344018,-0.005999999888241291,0.766659568488218,-0.5738758120868686,-0.5456282165243204,0.1363331206438016,152.94653014789534
baja_v2_eventos_macro,validacion_2023,10,macro_reservas_fed,42,0.0,64,0.001,False,False,False,0.47766026746369317,0.22517463361183399,22.5174633611834,0.15046677649643053,0.18039172655949964,0.23038250552124317,0.20933440625359237,"[[22974, 3759, 10], [9281, 1644, 1], [12314, 1898, 313]]",0.5578378649599212,1.1005477295602935,1594,35.5081555834379,-0.0009746410452538217,-0.005999999888241291,0.7280891865662272,-0.8059641710917131,-0.7956863877280347,0.13345057497794524,177.21455457967377
baja_v2_eventos_macro,validacion_2023,10,macro_reservas_fed,42,0.00025,64,0.001,False,False,False,0.47766026746369317,0.22517463361183399,22.5174633611834,0.15046677649643053,0.18039172655949964,0.23038250552124317,0.20933440625359237,"[[22974, 3759, 10], [9281, 1644, 1], [12314, 1898, 313]]",0.5578378649599212,1.1005477295602935,1398,35.836909871244636,-0.000904674969501358,-0.005999999888241291,0.7439871219193043,-0.7350419415833702,-0.7260825650269618,0.12570018792512352,187.0236051502146
baja_v2_eventos_macro,validacion_2023,10,macro_reservas_fed,42,0.0005,64,0.001,False,False,False,0.47766026746369317,0.22517463361183399,22.5174633611834,0.15046677649643053,0.18039172655949964,0.23038250552124317,0.20933440625359237,"[[22974, 3759, 10], [9281, 1644, 1], [12314, 1898, 313]]",0.5578378649599212,1.1005477295602935,1248,36.45833333333333,-0.0008819470542496921,-0.005999999888241291,0.7474987383797617,-0.6797426288504247,-0.6760874391905816,0.11852446896255729,191.55208333333334
baja_v2_eventos_macro,validacion_2023,10,macro_reservas_fed,42,0.001,64,0.001,False,False,False,0.47766026746369317,0.22517463361183399,22.5174633611834,0.15046677649643053,0.18039172655949964,0.23038250552124317,0.20933440625359237,"[[22974, 3759, 10], [9281, 1644, 1], [12314, 1898, 313]]",0.5578378649599212,1.1005477295602935,969,37.15170278637771,-0.000800615827741162,-0.005999999888241291,0.764556855217487,-0.5690571482312123,-0.5488810475366269,0.1317141175132531,206.97626418988648
baja_v2_eventos_macro,validacion_2024,10,macro_reservas_fed,42,0.0,64,0.001,False,False,False,0.5891203703703703,0.29061371841155237,29.061371841155236,0.08058634250983196,0.12618261210323015,0.28740797583283484,0.2653498785670917,"[[29517, 2264, 129], [12843, 1127, 15], [5917, 487, 405]]",0.5433505862205305,1.0831283488232912,1774,34.441939120631346,-0.0009924773203345168,-0.005999999888241291,0.7399790758530512,-0.8416480924591555,-0.8351605425851598,0.10534310681781996,144.17418263810598
baja_v2_eventos_macro,validacion_2024,10,macro_reservas_fed,42,0.00025,64,0.001,False,False,False,0.5891203703703703,0.29061371841155237,29.061371841155236,0.08058634250983196,0.12618261210323015,0.28740797583283484,0.2653498785670917,"[[29517, 2264, 129], [12843, 1127, 15], [5917, 487, 405]]",0.5433505862205305,1.0831283488232912,1431,34.80083857442348,-0.0009229498826305172,-0.005999999888241291,0.7556687013744461,-0.7476638467264951,-0.7419803589884897,0.10664379667100722,151.97134870719776
baja_v2_eventos_macro,validacion_2024,10,macro_reservas_fed,42,0.0005,64,0.001,False,False,False,0.5891203703703703,0.29061371841155237,29.061371841155236,0.08058634250983196,0.12618261210323015,0.28740797583283484,0.2653498785670917,"[[29517, 2264, 129], [12843, 1127, 15], [5917, 487, 405]]",0.5433505862205305,1.0831283488232912,1171,35.098206660973524,-0.0008582946195745927,-0.005999999888241291,0.7695879890099869,-0.6496785730756229,-0.6439498945151892,0.11818090121872483,160.4935952177626
baja_v2_eventos_macro,validacion_2024,10,macro_reservas_fed,42,0.001,64,0.001,False,False,False,0.5891203703703703,0.29061371841155237,29.061371841155236,0.08058634250983196,0.12618261210323015,0.28740797583283484,0.2653498785670917,"[[29517, 2264, 129], [12843, 1127, 15], [5917, 487, 405]]",0.5433505862205305,1.0831283488232912,774,34.366925064599485,-0.0010242832500810344,-0.005999999888241291,0.7249298017053611,-0.5957465257857545,-0.5553153681900775,0.1430065049438972,171.69379844961242
baja_v2_eventos_macro,validacion_2023,10,macro_completo,42,0.0,69,0.001,False,False,False,0.4796719929493812,0.23047619047619047,23.047619047619047,0.11074501189822442,0.14960435212660733,0.23182347878750156,0.20933440625359237,"[[23750, 2975, 18], [9703, 1210, 13], [13384, 1065, 76]]",0.5435575693673642,1.1074313245318375,1328,35.918674698795186,-0.0010194468639192675,-0.005999999888241291,0.7143195048723676,-0.7574544664327597,-0.7489161668334463,0.13164631454227485,185.74548192771084
baja_v2_eventos_macro,validacion_2023,10,macro_completo,42,0.00025,69,0.001,False,False,False,0.4796719929493812,0.23047619047619047,23.047619047619047,0.11074501189822442,0.14960435212660733,0.23182347878750156,0.20933440625359237,"[[23750, 2975, 18], [9703, 1210, 13], [13384, 1065, 76]]",0.5435575693673642,1.1074313245318375,1231,36.068237205523964,-0.0009874625304794658,-0.005999999888241291,0.7222518462872288,-0.7220725849666718,-0.7110969733214345,0.13537433141455923,189.93013809910641
baja_v2_eventos_macro,validacion_2023,10,macro_completo,42,0.0005,69,0.001,False,False,False,0.4796719929493812,0.23047619047619047,23.047619047619047,0.11074501189822442,0.14960435212660733,0.23182347878750156,0.20933440625359237,"[[23750, 2975, 18], [9703, 1210, 13], [13384, 1065, 76]]",0.5435575693673642,1.1074313245318375,1151,35.27367506516073,-0.0010991966379495894,-0.005999999888241291,0.6942721909047178,-0.732707652816366,-0.7245621753467109,0.1460133016763768,190.377932232841
baja_v2_eventos_macro,validacion_2023,10,macro_completo,42,0.001,69,0.001,False,False,False,0.4796719929493812,0.23047619047619047,23.047619047619047,0.11074501189822442,0.14960435212660733,0.23182347878750156,0.20933440625359237,"[[23750, 2975, 18], [9703, 1210, 13], [13384, 1065, 76]]",0.5435575693673642,1.1074313245318375,960,33.75,-0.00122733717118418,-0.005999999888241291,0.6628470064383923,-0.7144457007117744,-0.698277613851767,0.15204224373084943,192.55
baja_v2_eventos_macro,validacion_2024,10,macro_completo,42,0.0,69,0.001,False,False,False,0.5738653612629022,0.2816041848299913,28.160418482999127,0.11548087236324633,0.16379310344827586,0.2810261082568186,0.2653498785670917,"[[28509, 3364, 37], [12368, 1615, 2], [5932, 756, 121]]",0.5279621882196728,1.059077583808893,1286,35.38102643856921,-0.0008735397836893726,-0.005999999888241291,0.7632097719969095,-0.6889335731490543,-0.6843847055849968,0.13535820632588288,168.16329704510107
baja_v2_eventos_macro,validacion_2024,10,macro_completo,42,0.00025,69,0.001,False,False,False,0.5738653612629022,0.2816041848299913,28.160418482999127,0.11548087236324633,0.16379310344827586,0.2810261082568186,0.2653498785670917,"[[28509, 3364, 37], [12368, 1615, 2], [5932, 756, 121]]",0.5279621882196728,1.059077583808893,1142,35.464098073555164,-0.0008406253343523175,-0.005999999888241291,0.7698316429739361,-0.6346488529973509,-0.6270685664199065,0.14167357954375157,171.3091068301226
baja_v2_eventos_macro,validacion_2024,10,macro_completo,42,0.0005,69,0.001,False,False,False,0.5738653612629022,0.2816041848299913,28.160418482999127,0.11548087236324633,0.16379310344827586,0.2810261082568186,0.2653498785670917,"[[28509, 3364, 37], [12368, 1615, 2], [5932, 756, 121]]",0.5279621882196728,1.059077583808893,999,35.63563563563564,-0.0007818092811135212,-0.005999999888241291,0.7854777163924126,-0.5840534230072072,-0.552618780239828,0.14830959676055747,177.1101101101101
baja_v2_eventos_macro,validacion_2024,10,macro_completo,42,0.001,69,0.001,False,False,False,0.5738653612629022,0.2816041848299913,28.160418482999127,0.11548087236324633,0.16379310344827586,0.2810261082568186,0.2653498785670917,"[[28509, 3364, 37], [12368, 1615, 2], [5932, 756, 121]]",0.5279621882196728,1.059077583808893,785,34.77707006369427,-0.000939206366122858,-0.005999999888241291,0.745631399954343,-0.5674359010822171,-0.5301277063087412,0.1584393180253596,181.77579617834394
baja_v2_eventos_macro,validacion_2023,15,macro_dolar,42,0.0,64,0.001,False,False,False,0.4810184786044774,0.24269917777147718,24.269917777147718,0.11758241758241758,0.15841584158415842,0.24123563487301386,0.20921343794005232,"[[15866, 1926, 0], [6424, 856, 0], [8964, 745, 16]]",0.5722540900789801,1.1530599432247615,1586,36.19167717528373,-0.000828087101535878,-0.005999999888241291,0.769162280819882,-0.746658045418092,-0.740473518308254,0.15588061835762954,167.46343001261033
baja_v2_eventos_macro,validacion_2023,15,macro_dolar,42,0.00025,64,0.001,False,False,False,0.4810184786044774,0.24269917777147718,24.269917777147718,0.11758241758241758,0.15841584158415842,0.24123563487301386,0.20921343794005232,"[[15866, 1926, 0], [6424, 856, 0], [8964, 745, 16]]",0.5722540900789801,1.1530599432247615,1395,36.12903225806451,-0.0008276466265119245,-0.005999999888241291,0.7693223156411785,-0.7065681234471758,-0.6945114907488896,0.15425610194361927,168.62437275985664
baja_v2_eventos_macro,validacion_2023,15,macro_dolar,42,0.0005,64,0.001,False,False,False,0.4810184786044774,0.24269917777147718,24.269917777147718,0.11758241758241758,0.15841584158415842,0.24123563487301386,0.20921343794005232,"[[15866, 1926, 0], [6424, 856, 0], [8964, 745, 16]]",0.5722540900789801,1.1530599432247615,1232,35.714285714285715,-0.0009372360633757344,-0.005999999888241291,0.7390858996108259,-0.7020235840391811,-0.6932310772961949,0.15388963182826926,173.56980519480518
baja_v2_eventos_macro,validacion_2023,15,macro_dolar,42,0.001,64,0.001,False,False,False,0.4810184786044774,0.24269917777147718,24.269917777147718,0.11758241758241758,0.15841584158415842,0.24123563487301386,0.20921343794005232,"[[15866, 1926, 0], [6424, 856, 0], [8964, 745, 16]]",0.5722540900789801,1.1530599432247615,932,36.802575107296136,-0.000762904967216422,-0.005999999888241291,0.781079153457988,-0.5475934364865949,-0.5187580038379755,0.1420456339533175,186.9892703862661
baja_v2_eventos_macro,validacion_2024,15,macro_dolar,42,0.0,64,0.001,False,False,False,0.6044797358834244,0.29248262792166774,29.248262792166773,0.04953991012197732,0.08472870344953792,0.2973126138339399,0.26599499089253187,"[[19729, 888, 625], [8763, 463, 120], [3269, 232, 1047]]",0.5628326521136039,1.1177376417364984,1809,36.20784964068547,-0.000742458258512684,-0.005999999888241291,0.7995452486734894,-0.7628438280104264,-0.7500274363376944,0.11652581046777935,138.58264234383637
baja_v2_eventos_macro,validacion_2024,15,macro_dolar,42,0.00025,64,0.001,False,False,False,0.6044797358834244,0.29248262792166774,29.248262792166773,0.04953991012197732,0.08472870344953792,0.2973126138339399,0.26599499089253187,"[[19729, 888, 625], [8763, 463, 120], [3269, 232, 1047]]",0.5628326521136039,1.1177376417364984,1422,34.73980309423347,-0.0009232720548781353,-0.005999999888241291,0.7554615020444974,-0.7534916485365909,-0.7398618049078618,0.11008309466973588,143.34036568213784
baja_v2_eventos_macro,validacion_2024,15,macro_dolar,42,0.0005,64,0.001,False,False,False,0.6044797358834244,0.29248262792166774,29.248262792166773,0.04953991012197732,0.08472870344953792,0.2973126138339399,0.26599499089253187,"[[19729, 888, 625], [8763, 463, 120], [3269, 232, 1047]]",0.5628326521136039,1.1177376417364984,1103,35.35811423390752,-0.0008735426185191495,-0.005999999888241291,0.7660680239236343,-0.637796448215943,-0.62822081744522,0.11880732187496744,153.04986400725295
baja_v2_eventos_macro,validacion_2024,15,macro_dolar,42,0.001,64,0.001,False,False,False,0.6044797358834244,0.29248262792166774,29.248262792166773,0.04953991012197732,0.08472870344953792,0.2973126138339399,0.26599499089253187,"[[19729, 888, 625], [8763, 463, 120], [3269, 232, 1047]]",0.5628326521136039,1.1177376417364984,643,35.45878693623639,-0.0008737148248883291,-0.005999999888241291,0.7651589985316106,-0.4751844623799024,-0.43832819781389676,0.1395466409708049,164.3670295489891
baja_v2_eventos_macro,validacion_2023,15,macro_rendimiento_real,42,0.0,64,0.001,False,False,False,0.4711325688996178,0.23135642982971227,23.135642982971227,0.16236263736263737,0.19081443215755914,0.2355474449215464,0.20921343794005232,"[[15120, 2669, 3], [6095, 1182, 3], [8375, 1258, 92]]",0.5663539212722445,1.12587148913943,1662,35.37906137184115,-0.0009548288560706192,-0.005999999888241291,0.7350741563246418,-0.8111394198025457,-0.8027765060224084,0.1737701438249123,172.1173285198556
baja_v2_eventos_macro,validacion_2023,15,macro_rendimiento_real,42,0.00025,64,0.001,False,False,False,0.4711325688996178,0.23135642982971227,23.135642982971227,0.16236263736263737,0.19081443215755914,0.2355474449215464,0.20921343794005232,"[[15120, 2669, 3], [6095, 1182, 3], [8375, 1258, 92]]",0.5663539212722445,1.12587148913943,1469,36.35125936010892,-0.0009103811095188581,-0.005999999888241291,0.7434744927426424,-0.7542028360705559,-0.7456771578653678,0.1799246936867058,179.58475153165418
baja_v2_eventos_macro,validacion_2023,15,macro_rendimiento_real,42,0.0005,64,0.001,False,False,False,0.4711325688996178,0.23135642982971227,23.135642982971227,0.16236263736263737,0.19081443215755914,0.2355474449215464,0.20921343794005232,"[[15120, 2669, 3], [6095, 1182, 3], [8375, 1258, 92]]",0.5663539212722445,1.12587148913943,1329,37.17080511662905,-0.0007964590965588232,-0.005999999888241291,0.7722634236235134,-0.675244230734148,-0.6628919632412571,0.1815147833826299,183.16102332580888
baja_v2_eventos_macro,validacion_2023,15,macro_rendimiento_real,42,0.001,64,0.001,False,False,False,0.4711325688996178,0.23135642982971227,23.135642982971227,0.16236263736263737,0.19081443215755914,0.2355474449215464,0.20921343794005232,"[[15120, 2669, 3], [6095, 1182, 3], [8375, 1258, 92]]",0.5663539212722445,1.12587148913943,1070,38.03738317757009,-0.0007524716056007233,-0.005999999888241291,0.7812543309773126,-0.5762491755058576,-0.5631022679575997,0.18041575317801856,191.0570093457944
baja_v2_eventos_macro,validacion_2024,15,macro_rendimiento_real,42,0.0,64,0.001,False,False,False,0.5724612932604736,0.2746403835908364,27.46403835908364,0.11031457307939226,0.15740458015267175,0.2753095956008096,0.26599499089253187,"[[19033, 2206, 3], [8315, 1031, 0], [3981, 517, 50]]",0.5143223505926607,1.035017970364867,1399,34.38170121515368,-0.0010509895858018647,-0.005999999888241291,0.7218395391765006,-0.7840951504292768,-0.7774312173023084,0.11812195357670914,171.12151536812007
baja_v2_eventos_macro,validacion_2024,15,macro_rendimiento_real,42,0.00025,64,0.001,False,False,False,0.5724612932604736,0.2746403835908364,27.46403835908364,0.11031457307939226,0.15740458015267175,0.2753095956008096,0.26599499089253187,"[[19033, 2206, 3], [8315, 1031, 0], [3981, 517, 50]]",0.5143223505926607,1.035017970364867,1214,34.67874794069193,-0.0010173944088637237,-0.005999999888241291,0.7279863493195576,-0.7330047389660517,-0.7171511302224729,0.1211183314433633,179.0864909390445
baja_v2_eventos_macro,validacion_2024,15,macro_rendimiento_real,42,0.0005,64,0.001,False,False,False,0.5724612932604736,0.2746403835908364,27.46403835908364,0.11031457307939226,0.15740458015267175,0.2753095956008096,0.26599499089253187,"[[19033, 2206, 3], [8315, 1031, 0], [3981, 517, 50]]",0.5143223505926607,1.035017970364867,1058,34.12098298676749,-0.0011238163820912867,-0.005999999888241291,0.7008468344308381,-0.7117030631440333,-0.702614010538921,0.12875120093775164,186.10586011342156
baja_v2_eventos_macro,validacion_2024,15,macro_rendimiento_real,42,0.001,64,0.001,False,False,False,0.5724612932604736,0.2746403835908364,27.46403835908364,0.11031457307939226,0.15740458015267175,0.2753095956008096,0.26599499089253187,"[[19033, 2206, 3], [8315, 1031, 0], [3981, 517, 50]]",0.5143223505926607,1.035017970364867,832,34.13461538461539,-0.0011181560039203063,-0.005999999888241291,0.700573880137937,-0.6308677339549036,-0.6128233472537659,0.13687078058419014,188.5877403846154
baja_v2_eventos_macro,validacion_2023,15,macro_spread_baa,42,0.0,64,0.001,False,False,False,0.49087565019972984,0.23347355769230768,23.347355769230766,0.10673076923076923,0.14649321266968326,0.24477852246833698,0.20921343794005232,"[[15815, 1878, 99], [6473, 777, 30], [8563, 673, 489]]",0.5806301309440278,1.1699942646058683,1430,36.08391608391609,-0.0009578543621975989,-0.005999999888241291,0.7341166332848637,-0.7595385276651885,-0.7536745205275949,0.1590092037606045,168.35314685314685
baja_v2_eventos_macro,validacion_2023,15,macro_spread_baa,42,0.00025,64,0.001,False,False,False,0.49087565019972984,0.23347355769230768,23.347355769230766,0.10673076923076923,0.14649321266968326,0.24477852246833698,0.20921343794005232,"[[15815, 1878, 99], [6473, 777, 30], [8563, 673, 489]]",0.5806301309440278,1.1699942646058683,1300,36.53846153846153,-0.0008926404456282263,-0.005999999888241291,0.7491343741398695,-0.7012262022154989,-0.6954359421545695,0.1574082907336781,171.5346153846154
baja_v2_eventos_macro,validacion_2023,15,macro_spread_baa,42,0.0005,64,0.001,False,False,False,0.49087565019972984,0.23347355769230768,23.347355769230766,0.10673076923076923,0.14649321266968326,0.24477852246833698,0.20921343794005232,"[[15815, 1878, 99], [6473, 777, 30], [8563, 673, 489]]",0.5806301309440278,1.1699942646058683,1172,35.665529010238906,-0.0010224132701239321,-0.005999999888241291,0.7170440249807712,-0.7073717322393782,-0.7058569904379749,0.15679212324062372,173.57337883959045
baja_v2_eventos_macro,validacion_2023,15,macro_spread_baa,42,0.001,64,0.001,False,False,False,0.49087565019972984,0.23347355769230768,23.347355769230766,0.10673076923076923,0.14649321266968326,0.24477852246833698,0.20921343794005232,"[[15815, 1878, 99], [6473, 777, 30], [8563, 673, 489]]",0.5806301309440278,1.1699942646058683,905,35.248618784530386,-0.0010949829906923539,-0.005999999888241291,0.695511776080721,-0.6368806768718585,-0.6358348661093494,0.14589673014201388,182.13480662983426
baja_v2_eventos_macro,validacion_2024,15,macro_spread_baa,42,0.0,64,0.001,False,False,False,0.6090903916211293,0.28125,28.125,0.03370425850631286,0.06019491687368622,0.29267411321456394,0.26599499089253187,"[[20080, 610, 552], [8940, 315, 91], [3347, 195, 1006]]",0.5548303276218967,1.1002993410985362,1186,36.42495784148398,-0.0006650041861862731,-0.005999999888241291,0.8176857849742346,-0.5966660536095517,-0.5582290910431273,0.11281356015616942,148.89207419898818
baja_v2_eventos_macro,validacion_2024,15,macro_spread_baa,42,0.00025,64,0.001,False,False,False,0.6090903916211293,0.28125,28.125,0.03370425850631286,0.06019491687368622,0.29267411321456394,0.26599499089253187,"[[20080, 610, 552], [8940, 315, 91], [3347, 195, 1006]]",0.5548303276218967,1.1002993410985362,903,35.880398671096344,-0.0007578695393702562,-0.005999999888241291,0.7928767265662653,-0.5522018746199504,-0.5061308109819731,0.12856294020853443,159.4606866002215
baja_v2_eventos_macro,validacion_2024,15,macro_spread_baa,42,0.0005,64,0.001,False,False,False,0.6090903916211293,0.28125,28.125,0.03370425850631286,0.06019491687368622,0.29267411321456394,0.26599499089253187,"[[20080, 610, 552], [8940, 315, 91], [3347, 195, 1006]]",0.5548303276218967,1.1002993410985362,660,36.36363636363637,-0.0007142020954263654,-0.005999999888241291,0.8030259446651131,-0.4361100050705773,-0.38538437616802834,0.14193813745537007,166.6681818181818
baja_v2_eventos_macro,validacion_2024,15,macro_spread_baa,42,0.001,64,0.001,False,False,False,0.6090903916211293,0.28125,28.125,0.03370425850631286,0.06019491687368622,0.29267411321456394,0.26599499089253187,"[[20080, 610, 552], [8940, 315, 91], [3347, 195, 1006]]",0.5548303276218967,1.1002993410985362,378,34.92063492063492,-0.0010310515634260986,-0.005999999888241291,0.7243372151712986,-0.3388581295986761,-0.3285614494241751,0.14963458431130314,180.75661375661375
baja_v2_eventos_macro,validacion_2023,15,macro_vix,42,0.0,64,0.001,False,False,False,0.49435296146219504,0.22996927440321438,22.99692744032144,0.13365384615384615,0.1690556858656937,0.24066494942721087,0.20921343794005232,"[[15391, 2241, 160], [6260, 973, 47], [7870, 1017, 838]]",0.5744415839638792,1.1503321765410242,1615,36.03715170278638,-0.0009091996974493108,-0.005999999888241291,0.7429963451588745,-0.7833039464587382,-0.7775652208390361,0.1379466306762126,185.75108359133128
baja_v2_eventos_macro,validacion_2023,15,macro_vix,42,0.00025,64,0.001,False,False,False,0.49435296146219504,0.22996927440321438,22.99692744032144,0.13365384615384615,0.1690556858656937,0.24066494942721087,0.20921343794005232,"[[15391, 2241, 160], [6260, 973, 47], [7870, 1017, 838]]",0.5744415839638792,1.1503321765410242,1434,37.029288702928866,-0.0007833681005039579,-0.005999999888241291,0.7734720959268057,-0.6882727754400024,-0.6846371042195736,0.13215534019270134,192.29986052998606
baja_v2_eventos_macro,validacion_2023,15,macro_vix,42,0.0005,64,0.001,False,False,False,0.49435296146219504,0.22996927440321438,22.99692744032144,0.13365384615384615,0.1690556858656937,0.24066494942721087,0.20921343794005232,"[[15391, 2241, 160], [6260, 973, 47], [7870, 1017, 838]]",0.5744415839638792,1.1503321765410242,1257,38.106603023070804,-0.0006563959686975972,-0.005999999888241291,0.8058350284099202,-0.5863822842647264,-0.573420398913222,0.12968805062021946,197.22275258552108
baja_v2_eventos_macro,validacion_2023,15,macro_vix,42,0.001,64,0.001,False,False,False,0.49435296146219504,0.22996927440321438,22.99692744032144,0.13365384615384615,0.1690556858656937,0.24066494942721087,0.20921343794005232,"[[15391, 2241, 160], [6260, 973, 47], [7870, 1017, 838]]",0.5744415839638792,1.1503321765410242,966,39.85507246376812,-0.0005001861581095117,-0.005999999888241291,0.8482706293754633,-0.4400341686254803,-0.3957896875922764,0.11590940855859892,207.9606625258799
baja_v2_eventos_macro,validacion_2024,15,macro_vix,42,0.0,64,0.001,False,False,False,0.5960268670309654,0.28171404327535005,28.171404327535004,0.07104643697838647,0.11347517730496454,0.29156731671336633,0.26599499089253187,"[[19358, 1393, 491], [8584, 664, 98], [3328, 300, 920]]",0.5480915710664757,1.0961383736401498,1953,34.818228366615465,-0.0009196420516891786,-0.005999999888241291,0.7567407405957984,-0.8448397527723347,-0.8415689334784952,0.10377308570543789,138.42396313364054
baja_v2_eventos_macro,validacion_2024,15,macro_vix,42,0.00025,64,0.001,False,False,False,0.5960268670309654,0.28171404327535005,28.171404327535004,0.07104643697838647,0.11347517730496454,0.29156731671336633,0.26599499089253187,"[[19358, 1393, 491], [8584, 664, 98], [3328, 300, 920]]",0.5480915710664757,1.0961383736401498,1577,35.12999365884591,-0.0008619727463957241,-0.005999999888241291,0.7702787268531532,-0.7591864774194836,-0.7526258192351624,0.11140541671634235,143.13316423589094
baja_v2_eventos_macro,validacion_2024,15,macro_vix,42,0.0005,64,0.001,False,False,False,0.5960268670309654,0.28171404327535005,28.171404327535004,0.07104643697838647,0.11347517730496454,0.29156731671336633,0.26599499089253187,"[[19358, 1393, 491], [8584, 664, 98], [3328, 300, 920]]",0.5480915710664757,1.0961383736401498,1294,34.8531684698609,-0.0009021420890594573,-0.005999999888241291,0.7589570532498024,-0.7065958455395285,-0.6981282177014339,0.11174152541963302,146.96367851622875
baja_v2_eventos_macro,validacion_2024,15,macro_vix,42,0.001,64,0.001,False,False,False,0.5960268670309654,0.28171404327535005,28.171404327535004,0.07104643697838647,0.11347517730496454,0.29156731671336633,0.26599499089253187,"[[19358, 1393, 491], [8584, 664, 98], [3328, 300, 920]]",0.5480915710664757,1.0961383736401498,810,35.55555555555556,-0.0008281999093922111,-0.005999999888241291,0.7746798062594464,-0.5134934403151596,-0.49826777239556896,0.12889564634356082,158.13827160493827
baja_v2_eventos_macro,validacion_2023,15,macro_nasdaq100,42,0.0,64,0.001,False,False,False,0.4984912492456246,0.2394185549380077,23.94185549380077,0.07692307692307693,0.11643621998128703,0.22446556223617609,0.20921343794005232,"[[16543, 1206, 43], [6693, 560, 27], [8909, 573, 243]]",0.5261708795801356,1.0729022210346455,1027,37.48782862706913,-0.0008981372518198048,-0.005999999888241291,0.7386420657394449,-0.647972857069485,-0.6107754993778818,0.11951096240441603,199.45861733203506
baja_v2_eventos_macro,validacion_2023,15,macro_nasdaq100,42,0.00025,64,0.001,False,False,False,0.4984912492456246,0.2394185549380077,23.94185549380077,0.07692307692307693,0.11643621998128703,0.22446556223617609,0.20921343794005232,"[[16543, 1206, 43], [6693, 560, 27], [8909, 573, 243]]",0.5261708795801356,1.0729022210346455,920,37.391304347826086,-0.0009001784683860423,-0.005999999888241291,0.7369376945483757,-0.6156500572972022,-0.571306825317446,0.11591944756942887,203.4
baja_v2_eventos_macro,validacion_2023,15,macro_nasdaq100,42,0.0005,64,0.001,False,False,False,0.4984912492456246,0.2394185549380077,23.94185549380077,0.07692307692307693,0.11643621998128703,0.22446556223617609,0.20921343794005232,"[[16543, 1206, 43], [6693, 560, 27], [8909, 573, 243]]",0.5261708795801356,1.0729022210346455,843,38.43416370106761,-0.0007558670953272317,-0.005999999888241291,0.7736621357484231,-0.5419829771223232,-0.4802819195738054,0.11974149626355551,208.19217081850533
baja_v2_eventos_macro,validacion_2023,15,macro_nasdaq100,42,0.001,64,0.001,False,False,False,0.4984912492456246,0.2394185549380077,23.94185549380077,0.07692307692307693,0.11643621998128703,0.22446556223617609,0.20921343794005232,"[[16543, 1206, 43], [6693, 560, 27], [8909, 573, 243]]",0.5261708795801356,1.0729022210346455,687,36.972343522561864,-0.0008586956834643569,-0.005999999888241291,0.7444475915431877,-0.509120994773465,-0.45324927176414653,0.13501152420815715,217.82532751091702
baja_v2_eventos_macro,validacion_2024,15,macro_nasdaq100,42,0.0,64,0.001,False,False,False,0.5869193989071039,0.2806603773584906,28.066037735849058,0.07639631928097582,0.1201009251471825,0.28757811064927796,0.26599499089253187,"[[19699, 1489, 54], [8630, 714, 2], [3998, 341, 209]]",0.5452712101985558,1.0811410759440436,1791,35.56672250139587,-0.0007836942062133084,-0.005999999888241291,0.790504656804209,-0.7786829869558951,-0.7646644420602328,0.10814308457386207,136.05639307649358
baja_v2_eventos_macro,validacion_2024,15,macro_nasdaq100,42,0.00025,64,0.001,False,False,False,0.5869193989071039,0.2806603773584906,28.066037735849058,0.07639631928097582,0.1201009251471825,0.28757811064927796,0.26599499089253187,"[[19699, 1489, 54], [8630, 714, 2], [3998, 341, 209]]",0.5452712101985558,1.0811410759440436,1413,35.9518754423213,-0.0007520827971405755,-0.005999999888241291,0.7977644541031095,-0.6808725585754511,-0.6660209469370864,0.11699373388103514,145.5095541401274
baja_v2_eventos_macro,validacion_2024,15,macro_nasdaq100,42,0.0005,64,0.001,False,False,False,0.5869193989071039,0.2806603773584906,28.066037735849058,0.07639631928097582,0.1201009251471825,0.28757811064927796,0.26599499089253187,"[[19699, 1489, 54], [8630, 714, 2], [3998, 341, 209]]",0.5452712101985558,1.0811410759440436,1149,36.46649260226284,-0.0006541909655979397,-0.005999999888241291,0.8221718596157808,-0.5552275041197051,-0.54132481056692,0.11694392942970572,152.58311575282855
baja_v2_eventos_macro,validacion_2024,15,macro_nasdaq100,42,0.001,64,0.001,False,False,False,0.5869193989071039,0.2806603773584906,28.066037735849058,0.07639631928097582,0.1201009251471825,0.28757811064927796,0.26599499089253187,"[[19699, 1489, 54], [8630, 714, 2], [3998, 341, 209]]",0.5452712101985558,1.0811410759440436,746,36.99731903485255,-0.0006049787208825558,-0.005999999888241291,0.8323987818675692,-0.45792781602196975,-0.374429855978305,0.12897037029670227,161.2627345844504
baja_v2_eventos_macro,validacion_2023,15,macro_reservas_fed,42,0.0,64,0.001,False,False,False,0.47909302526079833,0.22439855226740474,22.439855226740473,0.1447802197802198,0.17600400768138932,0.23484197466672063,0.20921343794005232,"[[15333, 2437, 22], [6210, 1054, 16], [8235, 1206, 284]]",0.5631544855188421,1.1224994769887193,1490,35.97315436241611,-0.0008665424104426883,-0.005999999888241291,0.7529659508256974,-0.7390807344624353,-0.7337364768374641,0.14711851458717115,180.8241610738255
baja_v2_eventos_macro,validacion_2023,15,macro_reservas_fed,42,0.00025,64,0.001,False,False,False,0.47909302526079833,0.22439855226740474,22.439855226740473,0.1447802197802198,0.17600400768138932,0.23484197466672063,0.20921343794005232,"[[15333, 2437, 22], [6210, 1054, 16], [8235, 1206, 284]]",0.5631544855188421,1.1224994769887193,1339,36.669156086631816,-0.0008262238693125607,-0.005999999888241291,0.7631304915348057,-0.6931830508674638,-0.6786408771707246,0.13152780031443703,182.43764002987305
baja_v2_eventos_macro,validacion_2023,15,macro_reservas_fed,42,0.0005,64,0.001,False,False,False,0.47909302526079833,0.22439855226740474,22.439855226740473,0.1447802197802198,0.17600400768138932,0.23484197466672063,0.20921343794005232,"[[15333, 2437, 22], [6210, 1054, 16], [8235, 1206, 284]]",0.5631544855188421,1.1224994769887193,1171,36.20836891545687,-0.0008761081907430542,-0.005999999888241291,0.749469778175995,-0.6570040531304034,-0.6504089416916656,0.13618372746241944,189.44918872758325
baja_v2_eventos_macro,validacion_2023,15,macro_reservas_fed,42,0.001,64,0.001,False,False,False,0.47909302526079833,0.22439855226740474,22.439855226740473,0.1447802197802198,0.17600400768138932,0.23484197466672063,0.20921343794005232,"[[15333, 2437, 22], [6210, 1054, 16], [8235, 1206, 284]]",0.5631544855188421,1.1224994769887193,898,37.30512249443207,-0.0007909420034332683,-0.005999999888241291,0.7698901265516171,-0.5378201874414713,-0.5177610600686688,0.15456126274527338,200.69821826280622
baja_v2_eventos_macro,validacion_2024,15,macro_reservas_fed,42,0.0,64,0.001,False,False,False,0.5926969489981785,0.2876782077393075,28.76782077393075,0.060453670019259574,0.09991158267020336,0.2887979084704769,0.26599499089253187,"[[20026, 1111, 105], [8776, 565, 5], [4026, 288, 234]]",0.5461298714941261,1.0857268683948937,1716,35.1981351981352,-0.0008368817956704108,-0.005999999888241291,0.7765712610644462,-0.7827177866000287,-0.7717010251135558,0.10716123771778742,141.6130536130536
baja_v2_eventos_macro,validacion_2024,15,macro_reservas_fed,42,0.00025,64,0.001,False,False,False,0.5926969489981785,0.2876782077393075,28.76782077393075,0.060453670019259574,0.09991158267020336,0.2887979084704769,0.26599499089253187,"[[20026, 1111, 105], [8776, 565, 5], [4026, 288, 234]]",0.5461298714941261,1.0857268683948937,1377,35.14887436456064,-0.0008545779594708333,-0.005999999888241291,0.772046252363514,-0.7069481338002188,-0.7016768458184628,0.11118216986845514,148.13144517066087
baja_v2_eventos_macro,validacion_2024,15,macro_reservas_fed,42,0.0005,64,0.001,False,False,False,0.5926969489981785,0.2876782077393075,28.76782077393075,0.060453670019259574,0.09991158267020336,0.2887979084704769,0.26599499089253187,"[[20026, 1111, 105], [8776, 565, 5], [4026, 288, 234]]",0.5461298714941261,1.0857268683948937,1076,35.501858736059475,-0.0008160359561035175,-0.005999999888241291,0.7793806851701716,-0.6007792801139573,-0.5948094194689231,0.11282830594396512,157.25836431226764
baja_v2_eventos_macro,validacion_2024,15,macro_reservas_fed,42,0.001,64,0.001,False,False,False,0.5926969489981785,0.2876782077393075,28.76782077393075,0.060453670019259574,0.09991158267020336,0.2887979084704769,0.26599499089253187,"[[20026, 1111, 105], [8776, 565, 5], [4026, 288, 234]]",0.5461298714941261,1.0857268683948937,654,35.47400611620795,-0.0008230132160539921,-0.005999999888241291,0.7749450982200996,-0.46243995347872047,-0.42499177778875263,0.12754685072670224,175.6605504587156
baja_v2_eventos_macro,validacion_2023,15,macro_completo,42,0.0,69,0.001,False,False,False,0.49024341178837255,0.2523041474654378,25.23041474654378,0.09024725274725275,0.13294212869283692,0.23341434538424732,0.20921343794005232,"[[16333, 1447, 12], [6606, 657, 17], [9156, 500, 69]]",0.5451270982533475,1.1156756835625898,1243,35.55913113435237,-0.0010026265976291642,-0.005999999888241291,0.721361095947054,-0.7319721017221338,-0.7200432809179482,0.14503357073534565,172.68624296057925
baja_v2_eventos_macro,validacion_2023,15,macro_completo,42,0.00025,69,0.001,False,False,False,0.49024341178837255,0.2523041474654378,25.23041474654378,0.09024725274725275,0.13294212869283692,0.23341434538424732,0.20921343794005232,"[[16333, 1447, 12], [6606, 657, 17], [9156, 500, 69]]",0.5451270982533475,1.1156756835625898,1144,36.01398601398601,-0.0010427905878753537,-0.005999999888241291,0.7099417016931535,-0.7167485087927168,-0.7039891703130801,0.14144108574160572,175.20192307692307
baja_v2_eventos_macro,validacion_2023,15,macro_completo,42,0.0005,69,0.001,False,False,False,0.49024341178837255,0.2523041474654378,25.23041474654378,0.09024725274725275,0.13294212869283692,0.23341434538424732,0.20921343794005232,"[[16333, 1447, 12], [6606, 657, 17], [9156, 500, 69]]",0.5451270982533475,1.1156756835625898,1035,35.45893719806763,-0.001102086014896117,-0.005999999888241291,0.696081507072403,-0.6925789519126446,-0.6873713296918389,0.13373562222447555,174.46763285024156
baja_v2_eventos_macro,validacion_2023,15,macro_completo,42,0.001,69,0.001,False,False,False,0.49024341178837255,0.2523041474654378,25.23041474654378,0.09024725274725275,0.13294212869283692,0.23341434538424732,0.20921343794005232,"[[16333, 1447, 12], [6606, 657, 17], [9156, 500, 69]]",0.5451270982533475,1.1156756835625898,839,35.99523241954708,-0.0010744777670063986,-0.005999999888241291,0.7016562427194702,-0.6128884960549459,-0.6011911420921203,0.13452136056646882,176.8021454112038
baja_v2_eventos_macro,validacion_2024,15,macro_completo,42,0.0,69,0.001,False,False,False,0.5817395264116576,0.2869043652115961,28.69043652115961,0.0921249732505885,0.13946707702275857,0.280464618692856,0.26599499089253187,"[[19470, 1753, 19], [8485, 861, 0], [4052, 387, 109]]",0.5295383908300819,1.054398121377294,1330,33.45864661654135,-0.0010868670390644227,-0.005999999888241291,0.7146603307714662,-0.7782547193763825,-0.7715247213238575,0.12867614771013358,163.6563909774436
baja_v2_eventos_macro,validacion_2024,15,macro_completo,42,0.00025,69,0.001,False,False,False,0.5817395264116576,0.2869043652115961,28.69043652115961,0.0921249732505885,0.13946707702275857,0.280464618692856,0.26599499089253187,"[[19470, 1753, 19], [8485, 861, 0], [4052, 387, 109]]",0.5295383908300819,1.054398121377294,1140,34.12280701754386,-0.0009931398823575463,-0.005999999888241291,0.7356677457163256,-0.6977886557692095,-0.6860798332276061,0.13181977552625224,167.65701754385964
baja_v2_eventos_macro,validacion_2024,15,macro_completo,42,0.0005,69,0.001,False,False,False,0.5817395264116576,0.2869043652115961,28.69043652115961,0.0921249732505885,0.13946707702275857,0.280464618692856,0.26599499089253187,"[[19470, 1753, 19], [8485, 861, 0], [4052, 387, 109]]",0.5295383908300819,1.054398121377294,986,33.367139959432045,-0.0010573294415834324,-0.005999999888241291,0.7195896484685327,-0.6721373248872993,-0.6553354131799782,0.13389264032886222,171.74543610547667
baja_v2_eventos_macro,validacion_2024,15,macro_completo,42,0.001,69,0.001,False,False,False,0.5817395264116576,0.2869043652115961,28.69043652115961,0.0921249732505885,0.13946707702275857,0.280464618692856,0.26599499089253187,"[[19470, 1753, 19], [8485, 861, 0], [4052, 387, 109]]",0.5295383908300819,1.054398121377294,704,34.51704545454545,-0.0009809782432242341,-0.005999999888241291,0.7351874943344098,-0.5287116734637074,-0.5066915166494685,0.14102504681754838,182.0411931818182
baja_v2_eventos_macro,validacion_2023,30,macro_dolar,42,0.0,64,0.001,False,False,False,0.4892235185930226,0.2250196695515342,22.50196695515342,0.07848518111964874,0.11637843336724313,0.24050568174560194,0.20943732398413703,"[[8185, 720, 1], [3358, 286, 0], [4543, 265, 41]]",0.5699708239015769,1.1483420298275873,1210,36.611570247933884,-0.0008415167634763849,-0.005999999888241291,0.759643086962664,-0.6583561593135074,-0.6480720884226658,0.12318567489455608,191.1495867768595
baja_v2_eventos_macro,validacion_2023,30,macro_dolar,42,0.00025,64,0.001,False,False,False,0.4892235185930226,0.2250196695515342,22.50196695515342,0.07848518111964874,0.11637843336724313,0.24050568174560194,0.20943732398413703,"[[8185, 720, 1], [3358, 286, 0], [4543, 265, 41]]",0.5699708239015769,1.1483420298275873,1072,36.38059701492538,-0.0008782270939609049,-0.005999999888241291,0.7480609347298643,-0.6273315654201672,-0.618723279000851,0.1256240576873918,192.77798507462686
baja_v2_eventos_macro,validacion_2023,30,macro_dolar,42,0.0005,64,0.001,False,False,False,0.4892235185930226,0.2250196695515342,22.50196695515342,0.07848518111964874,0.11637843336724313,0.24050568174560194,0.20943732398413703,"[[8185, 720, 1], [3358, 286, 0], [4543, 265, 41]]",0.5699708239015769,1.1483420298275873,952,36.44957983193277,-0.000978194829647019,-0.005999999888241291,0.7222307398663883,-0.6190726726202052,-0.6137498647624824,0.128113240945095,193.5966386554622
baja_v2_eventos_macro,validacion_2023,30,macro_dolar,42,0.001,64,0.001,False,False,False,0.4892235185930226,0.2250196695515342,22.50196695515342,0.07848518111964874,0.11637843336724313,0.24050568174560194,0.20943732398413703,"[[8185, 720, 1], [3358, 286, 0], [4543, 265, 41]]",0.5699708239015769,1.1483420298275873,683,37.042459736456806,-0.0009506132894293712,-0.005999999888241291,0.7251771993614478,-0.48579985599133635,-0.48489903936371104,0.13546003986875038,200.7247437774524
baja_v2_eventos_macro,validacion_2024,30,macro_dolar,42,0.0,64,0.001,False,False,False,0.6030282331511839,0.26853932584269663,26.853932584269664,0.05119965724078834,0.086002159050018,0.29779228651236156,0.2657103825136612,"[[9635, 538, 446], [4344, 239, 85], [1448, 113, 720]]",0.5636541885042812,1.1207401219899675,1576,35.97715736040609,-0.000813977124392577,-0.005999999888241291,0.7797577162121855,-0.7721366209832752,-0.7328387242525922,0.1071945738534297,152.76967005076142
baja_v2_eventos_macro,validacion_2024,30,macro_dolar,42,0.00025,64,0.001,False,False,False,0.6030282331511839,0.26853932584269663,26.853932584269664,0.05119965724078834,0.086002159050018,0.29779228651236156,0.2657103825136612,"[[9635, 538, 446], [4344, 239, 85], [1448, 113, 720]]",0.5636541885042812,1.1207401219899675,1298,35.9784283513097,-0.0007911250986442457,-0.005999999888241291,0.7854797713882753,-0.6821980124323521,-0.6526617318060305,0.10537366679735634,154.52542372881356
baja_v2_eventos_macro,validacion_2024,30,macro_dolar,42,0.0005,64,0.001,False,False,False,0.6030282331511839,0.26853932584269663,26.853932584269664,0.05119965724078834,0.086002159050018,0.29779228651236156,0.2657103825136612,"[[9635, 538, 446], [4344, 239, 85], [1448, 113, 720]]",0.5636541885042812,1.1207401219899675,1055,35.54502369668246,-0.0008476839676897722,-0.005999999888241291,0.7721159738757283,-0.6367177548366016,-0.6011495868754673,0.1139975838058711,157.72890995260664
baja_v2_eventos_macro,validacion_2024,30,macro_dolar,42,0.001,64,0.001,False,False,False,0.6030282331511839,0.26853932584269663,26.853932584269664,0.05119965724078834,0.086002159050018,0.29779228651236156,0.2657103825136612,"[[9635, 538, 446], [4344, 239, 85], [1448, 113, 720]]",0.5636541885042812,1.1207401219899675,626,35.14376996805112,-0.0009591544649051211,-0.005999999888241291,0.7427165057730213,-0.5063589436443844,-0.45927453195895274,0.12476877674989656,169.20766773162939
baja_v2_eventos_macro,validacion_2023,30,macro_rendimiento_real,42,0.0,64,0.001,False,False,False,0.4714638772343238,0.23012736056214317,23.012736056214315,0.1437980241492865,0.1769971288633677,0.23877057045682026,0.20943732398413703,"[[7647, 1257, 2], [3120, 524, 0], [4321, 496, 32]]",0.569000355523847,1.1400573971949,1496,35.42780748663101,-0.0010257313347823984,-0.005999999888241291,0.7143577009372275,-0.7966341867774656,-0.791243108109421,0.14840889611799835,183.87032085561498
baja_v2_eventos_macro,validacion_2023,30,macro_rendimiento_real,42,0.00025,64,0.001,False,False,False,0.4714638772343238,0.23012736056214317,23.012736056214315,0.1437980241492865,0.1769971288633677,0.23877057045682026,0.20943732398413703,"[[7647, 1257, 2], [3120, 524, 0], [4321, 496, 32]]",0.569000355523847,1.1400573971949,1342,35.3204172876304,-0.0010212524185529619,-0.005999999888241291,0.7150531812398667,-0.7603360665008866,-0.7532247376160383,0.14984747920492836,185.05439642324887
baja_v2_eventos_macro,validacion_2023,30,macro_rendimiento_real,42,0.0005,64,0.001,False,False,False,0.4714638772343238,0.23012736056214317,23.012736056214315,0.1437980241492865,0.1769971288633677,0.23877057045682026,0.20943732398413703,"[[7647, 1257, 2], [3120, 524, 0], [4321, 496, 32]]",0.569000355523847,1.1400573971949,1197,35.58897243107769,-0.0010125925553455036,-0.005999999888241291,0.7156693394769532,-0.7140153400554505,-0.7099072358921141,0.1474489590427941,188.82873851294903
baja_v2_eventos_macro,validacion_2023,30,macro_rendimiento_real,42,0.001,64,0.001,False,False,False,0.4714638772343238,0.23012736056214317,23.012736056214315,0.1437980241492865,0.1769971288633677,0.23877057045682026,0.20943732398413703,"[[7647, 1257, 2], [3120, 524, 0], [4321, 496, 32]]",0.569000355523847,1.1400573971949,927,37.43257820927724,-0.0008329889719758326,-0.005999999888241291,0.7601421699335528,-0.5548494430710031,-0.5470636836278202,0.14112885224842273,197.3700107874865
baja_v2_eventos_macro,validacion_2024,30,macro_rendimiento_real,42,0.0,64,0.001,False,False,False,0.5512864298724954,0.2640926640926641,26.409266409266408,0.14652956298200515,0.18848167539267016,0.2729468168058127,0.2657103825136612,"[[9001, 1616, 2], [3983, 684, 1], [1991, 290, 0]]",0.5128912503404344,1.027234292554524,1555,33.826366559485535,-0.001074307418688454,-0.005999999888241291,0.7157494710468877,-0.818067542310646,-0.8184613252914721,0.10829798178609787,170.0951768488746
baja_v2_eventos_macro,validacion_2024,30,macro_rendimiento_real,42,0.00025,64,0.001,False,False,False,0.5512864298724954,0.2640926640926641,26.409266409266408,0.14652956298200515,0.18848167539267016,0.2729468168058127,0.2657103825136612,"[[9001, 1616, 2], [3983, 684, 1], [1991, 290, 0]]",0.5128912503404344,1.027234292554524,1391,34.21998562185478,-0.0010336244487519275,-0.005999999888241291,0.7250701015782285,-0.7762557001433698,-0.7700082377249958,0.11419888708707775,177.54636951833214
baja_v2_eventos_macro,validacion_2024,30,macro_rendimiento_real,42,0.0005,64,0.001,False,False,False,0.5512864298724954,0.2640926640926641,26.409266409266408,0.14652956298200515,0.18848167539267016,0.2729468168058127,0.2657103825136612,"[[9001, 1616, 2], [3983, 684, 1], [1991, 290, 0]]",0.5128912503404344,1.027234292554524,1237,34.114793856103475,-0.0010639878995922503,-0.005999999888241291,0.7162464154641239,-0.75186975019677,-0.7392561520704721,0.11209561151222736,183.11317704122877
baja_v2_eventos_macro,validacion_2024,30,macro_rendimiento_real,42,0.001,64,0.001,False,False,False,0.5512864298724954,0.2640926640926641,26.409266409266408,0.14652956298200515,0.18848167539267016,0.2729468168058127,0.2657103825136612,"[[9001, 1616, 2], [3983, 684, 1], [1991, 290, 0]]",0.5128912503404344,1.027234292554524,966,33.643892339544514,-0.0011072347066128229,-0.005999999888241291,0.7076386111119607,-0.6904518839423047,-0.6643206539085511,0.11784686526728536,188.65320910973085
baja_v2_eventos_macro,validacion_2023,30,macro_spread_baa,42,0.0,64,0.001,False,False,False,0.503362262198977,0.23059006211180125,23.059006211180126,0.08150384193194292,0.12043795620437957,0.2473720523614989,0.20943732398413703,"[[8059, 770, 77], [3315, 297, 32], [4226, 221, 402]]",0.5867664926554997,1.1811268767941052,1276,35.73667711598746,-0.0010353793157580893,-0.005999999888241291,0.7124545601195617,-0.7516173973442482,-0.7403845531985136,0.13256600686863418,182.30564263322884
baja_v2_eventos_macro,validacion_2023,30,macro_spread_baa,42,0.00025,64,0.001,False,False,False,0.503362262198977,0.23059006211180125,23.059006211180126,0.08150384193194292,0.12043795620437957,0.2473720523614989,0.20943732398413703,"[[8059, 770, 77], [3315, 297, 32], [4226, 221, 402]]",0.5867664926554997,1.1811268767941052,1128,36.08156028368794,-0.0010184024798059873,-0.005999999888241291,0.7160467915573413,-0.7039335311041635,-0.6905442338412864,0.12234296283525899,185.1755319148936
baja_v2_eventos_macro,validacion_2023,30,macro_spread_baa,42,0.0005,64,0.001,False,False,False,0.503362262198977,0.23059006211180125,23.059006211180126,0.08150384193194292,0.12043795620437957,0.2473720523614989,0.20943732398413703,"[[8059, 770, 77], [3315, 297, 32], [4226, 221, 402]]",0.5867664926554997,1.1811268767941052,984,36.78861788617886,-0.0009584719177279131,-0.005999999888241291,0.730081165555077,-0.6341506761573659,-0.618702262135536,0.11461248745390615,186.8628048780488
baja_v2_eventos_macro,validacion_2023,30,macro_spread_baa,42,0.001,64,0.001,False,False,False,0.503362262198977,0.23059006211180125,23.059006211180126,0.08150384193194292,0.12043795620437957,0.2473720523614989,0.20943732398413703,"[[8059, 770, 77], [3315, 297, 32], [4226, 221, 402]]",0.5867664926554997,1.1811268767941052,725,35.310344827586206,-0.001132825800151452,-0.005999999888241291,0.6872854172278631,-0.5819562819319806,-0.5668597204124628,0.12152958021190043,193.90620689655174
baja_v2_eventos_macro,validacion_2024,30,macro_spread_baa,42,0.0,64,0.001,False,False,False,0.6120787795992714,0.27898550724637683,27.898550724637683,0.03299057412167952,0.05900383141762452,0.2976358657013647,0.2657103825136612,"[[9958, 323, 338], [4440, 154, 74], [1565, 75, 641]]",0.5596141633951761,1.1201514328709459,1095,36.62100456621005,-0.0007143448804250582,-0.005999999888241291,0.8041836465161528,-0.5769627806883781,-0.5542573711314682,0.11389005811075882,156.43561643835616
baja_v2_eventos_macro,validacion_2024,30,macro_spread_baa,42,0.00025,64,0.001,False,False,False,0.6120787795992714,0.27898550724637683,27.898550724637683,0.03299057412167952,0.05900383141762452,0.2976358657013647,0.2657103825136612,"[[9958, 323, 338], [4440, 154, 74], [1565, 75, 641]]",0.5596141633951761,1.1201514328709459,837,36.200716845878134,-0.0007599714173949188,-0.005999999888241291,0.7922303701346797,-0.5150353716126481,-0.4809351311002382,0.12482240955135773,162.41338112305854
baja_v2_eventos_macro,validacion_2024,30,macro_spread_baa,42,0.0005,64,0.001,False,False,False,0.6120787795992714,0.27898550724637683,27.898550724637683,0.03299057412167952,0.05900383141762452,0.2976358657013647,0.2657103825136612,"[[9958, 323, 338], [4440, 154, 74], [1565, 75, 641]]",0.5596141633951761,1.1201514328709459,637,34.850863422291994,-0.0009265886394873586,-0.005999999888241291,0.7507276526308166,-0.48978591937011695,-0.45390964098285835,0.13720197366186773,171.97331240188382
baja_v2_eventos_macro,validacion_2024,30,macro_spread_baa,42,0.001,64,0.001,False,False,False,0.6120787795992714,0.27898550724637683,27.898550724637683,0.03299057412167952,0.05900383141762452,0.2976358657013647,0.2657103825136612,"[[9958, 323, 338], [4440, 154, 74], [1565, 75, 641]]",0.5596141633951761,1.1201514328709459,387,34.883720930232556,-0.0008668648881356811,-0.005999999888241291,0.7629338934228235,-0.3262502422148684,-0.2913229721609577,0.16317371253378757,179.5374677002584
baja_v2_eventos_macro,validacion_2023,30,macro_vix,42,0.0,64,0.001,False,False,False,0.49905166963618597,0.22707736389684813,22.70773638968481,0.08699231613611416,0.1257936507936508,0.24147416973848249,0.20943732398413703,"[[8035, 791, 80], [3316, 317, 11], [4230, 288, 331]]",0.5781865969504753,1.1529662676399168,1199,38.03169307756464,-0.0007385320591234602,-0.005999999888241291,0.7835530214019376,-0.5996528413402225,-0.5978755729143781,0.13085911346238985,196.04670558799
baja_v2_eventos_macro,validacion_2023,30,macro_vix,42,0.00025,64,0.001,False,False,False,0.49905166963618597,0.22707736389684813,22.70773638968481,0.08699231613611416,0.1257936507936508,0.24147416973848249,0.20943732398413703,"[[8035, 791, 80], [3316, 317, 11], [4230, 288, 331]]",0.5781865969504753,1.1529662676399168,1045,37.79904306220095,-0.0007643670532295405,-0.005999999888241291,0.7770345069835638,-0.5644721846408999,-0.5600167045893722,0.12437956911748466,198.62488038277513
baja_v2_eventos_macro,validacion_2023,30,macro_vix,42,0.0005,64,0.001,False,False,False,0.49905166963618597,0.22707736389684813,22.70773638968481,0.08699231613611416,0.1257936507936508,0.24147416973848249,0.20943732398413703,"[[8035, 791, 80], [3316, 317, 11], [4230, 288, 331]]",0.5781865969504753,1.1529662676399168,893,38.745800671892496,-0.0006857603916629564,-0.005999999888241291,0.7967788557521944,-0.4726376363685225,-0.4681216198819036,0.12588191888487812,205.41657334826428
baja_v2_eventos_macro,validacion_2023,30,macro_vix,42,0.001,64,0.001,False,False,False,0.49905166963618597,0.22707736389684813,22.70773638968481,0.08699231613611416,0.1257936507936508,0.24147416973848249,0.20943732398413703,"[[8035, 791, 80], [3316, 317, 11], [4230, 288, 331]]",0.5781865969504753,1.1529662676399168,651,38.556067588325654,-0.0008492689019831054,-0.005999999888241291,0.7488531095145717,-0.4456136374597701,-0.4323126628669789,0.14218803447780257,214.7311827956989
baja_v2_eventos_macro,validacion_2024,30,macro_vix,42,0.0,64,0.001,False,False,False,0.6067281420765027,0.27744270205066346,27.744270205066346,0.049271636675235646,0.08368200836820083,0.2960432348623484,0.2657103825136612,"[[9865, 489, 265], [4371, 230, 67], [1607, 110, 564]]",0.5576073115322533,1.114157572849558,1608,34.452736318407965,-0.0009753488036821642,-0.005999999888241291,0.7425040564362219,-0.8068830601288297,-0.7993593438756978,0.1076182580534289,146.3787313432836
baja_v2_eventos_macro,validacion_2024,30,macro_vix,42,0.00025,64,0.001,False,False,False,0.6067281420765027,0.27744270205066346,27.744270205066346,0.049271636675235646,0.08368200836820083,0.2960432348623484,0.2657103825136612,"[[9865, 489, 265], [4371, 230, 67], [1607, 110, 564]]",0.5576073115322533,1.114157572849558,1301,34.81936971560338,-0.0009669518950057497,-0.005999999888241291,0.7432811980301379,-0.7365862848973022,-0.7242904532730277,0.1092966575156639,150.8870099923136
baja_v2_eventos_macro,validacion_2024,30,macro_vix,42,0.0005,64,0.001,False,False,False,0.6067281420765027,0.27744270205066346,27.744270205066346,0.049271636675235646,0.08368200836820083,0.2960432348623484,0.2657103825136612,"[[9865, 489, 265], [4371, 230, 67], [1607, 110, 564]]",0.5576073115322533,1.114157572849558,1042,35.892514395393476,-0.0008378964145717572,-0.005999999888241291,0.7736998474383905,-0.6204219251809604,-0.5924185407077043,0.1136570044450926,155.9165067178503
baja_v2_eventos_macro,validacion_2024,30,macro_vix,42,0.001,64,0.001,False,False,False,0.6067281420765027,0.27744270205066346,27.744270205066346,0.049271636675235646,0.08368200836820083,0.2960432348623484,0.2657103825136612,"[[9865, 489, 265], [4371, 230, 67], [1607, 110, 564]]",0.5576073115322533,1.114157572849558,622,36.33440514469453,-0.000734901303606854,-0.005999999888241291,0.7990963698197625,-0.4304851425912848,-0.37608207200516885,0.13087780284911463,168.94694533762058
baja_v2_eventos_macro,validacion_2023,30,macro_nasdaq100,42,0.0,64,0.001,False,False,False,0.5146847519972412,0.2616822429906542,26.168224299065418,0.030735455543358946,0.0550098231827112,0.23352124963142043,0.20943732398413703,"[[8638, 246, 22], [3522, 112, 10], [4574, 70, 205]]",0.5484227669331698,1.1149934748455224,570,36.140350877192986,-0.0009636293730234912,-0.005999999888241291,0.7247572155269355,-0.4610604672342157,-0.42949087728712454,0.13504490928929652,201.55789473684212
baja_v2_eventos_macro,validacion_2023,30,macro_nasdaq100,42,0.00025,64,0.001,False,False,False,0.5146847519972412,0.2616822429906542,26.168224299065418,0.030735455543358946,0.0550098231827112,0.23352124963142043,0.20943732398413703,"[[8638, 246, 22], [3522, 112, 10], [4574, 70, 205]]",0.5484227669331698,1.1149934748455224,501,36.12774451097805,-0.0009079759786137386,-0.005999999888241291,0.7391750759916837,-0.4157980208083216,-0.3721601582288345,0.12984282435127573,202.26546906187625
baja_v2_eventos_macro,validacion_2023,30,macro_nasdaq100,42,0.0005,64,0.001,False,False,False,0.5146847519972412,0.2616822429906542,26.168224299065418,0.030735455543358946,0.0550098231827112,0.23352124963142043,0.20943732398413703,"[[8638, 246, 22], [3522, 112, 10], [4574, 70, 205]]",0.5484227669331698,1.1149934748455224,431,36.42691415313225,-0.0008400992788620223,-0.005999999888241291,0.7555689076903478,-0.3512616104486078,-0.3100591615410879,0.1251355735247586,206.0046403712297
baja_v2_eventos_macro,validacion_2023,30,macro_nasdaq100,42,0.001,64,0.001,False,False,False,0.5146847519972412,0.2616822429906542,26.168224299065418,0.030735455543358946,0.0550098231827112,0.23352124963142043,0.20943732398413703,"[[8638, 246, 22], [3522, 112, 10], [4574, 70, 205]]",0.5484227669331698,1.1149934748455224,317,38.170347003154575,-0.0005949508662501572,-0.005999999888241291,0.8202170363787948,-0.23087961452128503,-0.17741003228979946,0.12941891315878512,203.25552050473186
baja_v2_eventos_macro,validacion_2024,30,macro_nasdaq100,42,0.0,64,0.001,False,False,False,0.5805441712204007,0.25,25.0,0.06276778063410454,0.10034246575342466,0.2846965307551239,0.2657103825136612,"[[9871, 742, 6], [4375, 293, 0], [2109, 137, 35]]",0.5428413476548228,1.0714542956953763,1501,34.44370419720186,-0.0009594676310840592,-0.005999999888241291,0.7475501078795412,-0.773359872557573,-0.7714102088053463,0.11017664531539431,144.73284477015324
baja_v2_eventos_macro,validacion_2024,30,macro_nasdaq100,42,0.00025,64,0.001,False,False,False,0.5805441712204007,0.25,25.0,0.06276778063410454,0.10034246575342466,0.2846965307551239,0.2657103825136612,"[[9871, 742, 6], [4375, 293, 0], [2109, 137, 35]]",0.5428413476548228,1.0714542956953763,1250,34.64,-0.0009454087102745692,-0.005999999888241291,0.7499391973851866,-0.7181110638917045,-0.7021987563275176,0.11672876212372632,150.5544
baja_v2_eventos_macro,validacion_2024,30,macro_nasdaq100,42,0.0005,64,0.001,False,False,False,0.5805441712204007,0.25,25.0,0.06276778063410454,0.10034246575342466,0.2846965307551239,0.2657103825136612,"[[9871, 742, 6], [4375, 293, 0], [2109, 137, 35]]",0.5428413476548228,1.0714542956953763,1011,35.80613254203759,-0.0007936355828482139,-0.005999999888241291,0.7860021089965601,-0.6114973030019116,-0.5623797802506767,0.13105185704888947,157.20969337289813
baja_v2_eventos_macro,validacion_2024,30,macro_nasdaq100,42,0.001,64,0.001,False,False,False,0.5805441712204007,0.25,25.0,0.06276778063410454,0.10034246575342466,0.2846965307551239,0.2657103825136612,"[[9871, 742, 6], [4375, 293, 0], [2109, 137, 35]]",0.5428413476548228,1.0714542956953763,672,36.75595238095239,-0.0006058753476106744,-0.005999999888241291,0.8327318516690178,-0.4034620428086726,-0.34506003897107984,0.13812939000642607,171.9360119047619
baja_v2_eventos_macro,validacion_2023,30,macro_reservas_fed,42,0.0,64,0.001,False,False,False,0.48646473935283635,0.20916114790286977,20.916114790286976,0.10400658616904501,0.13892961876832843,0.23585762159235654,0.20943732398413703,"[[7905, 984, 17], [3263, 379, 2], [4220, 449, 180]]",0.5655452502851972,1.1261489456875442,1269,36.01260835303389,-0.0009454676164820548,-0.005999999888241291,0.7302018269083272,-0.7108022855442236,-0.7067101616535028,0.12454454708190625,193.75965327029158
baja_v2_eventos_macro,validacion_2023,30,macro_reservas_fed,42,0.00025,64,0.001,False,False,False,0.48646473935283635,0.20916114790286977,20.916114790286976,0.10400658616904501,0.13892961876832843,0.23585762159235654,0.20943732398413703,"[[7905, 984, 17], [3263, 379, 2], [4220, 449, 180]]",0.5655452502851972,1.1261489456875442,1105,36.380090497737555,-0.0009233373576082236,-0.005999999888241291,0.7343457940880896,-0.6526638922517545,-0.6477491148742729,0.12976289847473405,200.9656108597285
baja_v2_eventos_macro,validacion_2023,30,macro_reservas_fed,42,0.0005,64,0.001,False,False,False,0.48646473935283635,0.20916114790286977,20.916114790286976,0.10400658616904501,0.13892961876832843,0.23585762159235654,0.20943732398413703,"[[7905, 984, 17], [3263, 379, 2], [4220, 449, 180]]",0.5655452502851972,1.1261489456875442,963,38.006230529595015,-0.000705694281736192,-0.005999999888241291,0.7894518692029174,-0.5215324601788502,-0.5032718233965543,0.1328847301644263,205.85877466251299
baja_v2_eventos_macro,validacion_2023,30,macro_reservas_fed,42,0.001,64,0.001,False,False,False,0.48646473935283635,0.20916114790286977,20.916114790286976,0.10400658616904501,0.13892961876832843,0.23585762159235654,0.20943732398413703,"[[7905, 984, 17], [3263, 379, 2], [4220, 449, 180]]",0.5655452502851972,1.1261489456875442,703,38.97581792318635,-0.000610116698146665,-0.005999999888241291,0.8166984844091779,-0.39544452406199326,-0.35837473464988034,0.13857937887711103,215.0099573257468
baja_v2_eventos_macro,validacion_2024,30,macro_reservas_fed,42,0.0,64,0.001,False,False,False,0.5876593806921676,0.2935560859188544,29.355608591885442,0.07904884318766067,0.12455696202531645,0.28764569198945167,0.2657103825136612,"[[9833, 740, 46], [4290, 369, 9], [2011, 148, 122]]",0.5413910975601656,1.082553452628682,1775,34.87323943661972,-0.0008796855365440604,-0.005999999888241291,0.7666694704006942,-0.8057235432383465,-0.798872175342463,0.09895391918515199,148.303661971831
baja_v2_eventos_macro,validacion_2024,30,macro_reservas_fed,42,0.00025,64,0.001,False,False,False,0.5876593806921676,0.2935560859188544,29.355608591885442,0.07904884318766067,0.12455696202531645,0.28764569198945167,0.2657103825136612,"[[9833, 740, 46], [4290, 369, 9], [2011, 148, 122]]",0.5413910975601656,1.082553452628682,1487,34.96973772696705,-0.000900499829736439,-0.005999999888241291,0.7603449869936736,-0.7640658642908915,-0.7469546028153108,0.10132898485985146,153.955615332885
baja_v2_eventos_macro,validacion_2024,30,macro_reservas_fed,42,0.0005,64,0.001,False,False,False,0.5876593806921676,0.2935560859188544,29.355608591885442,0.07904884318766067,0.12455696202531645,0.28764569198945167,0.2657103825136612,"[[9833, 740, 46], [4290, 369, 9], [2011, 148, 122]]",0.5413910975601656,1.082553452628682,1214,35.914332784184516,-0.0007826467638104776,-0.005999999888241291,0.7877998011134573,-0.6670052088824531,-0.6242308428658603,0.10791620355020308,160.0831960461285
baja_v2_eventos_macro,validacion_2024,30,macro_reservas_fed,42,0.001,64,0.001,False,False,False,0.5876593806921676,0.2935560859188544,29.355608591885442,0.07904884318766067,0.12455696202531645,0.28764569198945167,0.2657103825136612,"[[9833, 740, 46], [4290, 369, 9], [2011, 148, 122]]",0.5413910975601656,1.082553452628682,796,35.175879396984925,-0.0008309054486736531,-0.005999999888241291,0.7751761249412166,-0.5248475280925511,-0.49341309804201317,0.12024600482735776,168.08165829145727
baja_v2_eventos_macro,validacion_2023,30,macro_completo,42,0.0,69,0.001,False,False,False,0.5147422265647451,0.27104722792607805,27.104722792607806,0.036223929747530186,0.06390704429920116,0.2440057683674915,0.20943732398413703,"[[8599, 289, 18], [3507, 132, 5], [4558, 66, 225]]",0.564870752517496,1.1650538868896774,656,39.63414634146341,-0.0004475671098881303,-0.005999999888241291,0.8638455431648799,-0.31424092317244734,-0.2649377649528881,0.15466472147942956,196.3612804878049
baja_v2_eventos_macro,validacion_2023,30,macro_completo,42,0.00025,69,0.001,False,False,False,0.5147422265647451,0.27104722792607805,27.104722792607806,0.036223929747530186,0.06390704429920116,0.2440057683674915,0.20943732398413703,"[[8599, 289, 18], [3507, 132, 5], [4558, 66, 225]]",0.564870752517496,1.1650538868896774,577,37.954939341421145,-0.0005655933479716734,-0.005999999888241291,0.8316255067501341,-0.32278684994994855,-0.2874307523004017,0.15272506426365612,195.09532062391682
baja_v2_eventos_macro,validacion_2023,30,macro_completo,42,0.0005,69,0.001,False,False,False,0.5147422265647451,0.27104722792607805,27.104722792607806,0.036223929747530186,0.06390704429920116,0.2440057683674915,0.20943732398413703,"[[8599, 289, 18], [3507, 132, 5], [4558, 66, 225]]",0.564870752517496,1.1650538868896774,502,39.6414342629482,-0.0003777448711683747,-0.005999999888241291,0.8856919277998074,-0.24809695110105834,-0.18187496111699664,0.1612721801086479,198.76294820717132
baja_v2_eventos_macro,validacion_2023,30,macro_completo,42,0.001,69,0.001,False,False,False,0.5147422265647451,0.27104722792607805,27.104722792607806,0.036223929747530186,0.06390704429920116,0.2440057683674915,0.20943732398413703,"[[8599, 289, 18], [3507, 132, 5], [4558, 66, 225]]",0.564870752517496,1.1650538868896774,376,38.82978723404255,-0.0004733841387177896,-0.005999999888241291,0.8605428810778628,-0.21566050687965033,-0.1700920514166787,0.16881970104611943,191.89361702127658
baja_v2_eventos_macro,validacion_2024,30,macro_completo,42,0.0,69,0.001,False,False,False,0.5849271402550091,0.2766143106457243,27.66143106457243,0.06790916880891174,0.10904712762297901,0.276869426150411,0.2657103825136612,"[[9944, 673, 2], [4350, 317, 1], [2110, 156, 15]]",0.5237705672133544,1.0419970176971767,1287,34.96503496503497,-0.0009692655856366189,-0.005999999888241291,0.7413913327774969,-0.7308652734316159,-0.7212114903041211,0.11327652537888269,161.7902097902098
baja_v2_eventos_macro,validacion_2024,30,macro_completo,42,0.00025,69,0.001,False,False,False,0.5849271402550091,0.2766143106457243,27.66143106457243,0.06790916880891174,0.10904712762297901,0.276869426150411,0.2657103825136612,"[[9944, 673, 2], [4350, 317, 1], [2110, 156, 15]]",0.5237705672133544,1.0419970176971767,1079,34.0129749768304,-0.0010857458658886695,-0.005999999888241291,0.7137543430978114,-0.7136284404451847,-0.6976963107482339,0.12346584355973357,164.2613531047266
baja_v2_eventos_macro,validacion_2024,30,macro_completo,42,0.0005,69,0.001,False,False,False,0.5849271402550091,0.2766143106457243,27.66143106457243,0.06790916880891174,0.10904712762297901,0.276869426150411,0.2657103825136612,"[[9944, 673, 2], [4350, 317, 1], [2110, 156, 15]]",0.5237705672133544,1.0419970176971767,915,34.0983606557377,-0.0011053543728451844,-0.005999999888241291,0.7097683596159896,-0.6533237665064527,-0.6438687660494682,0.12933674204026793,164.8622950819672
baja_v2_eventos_macro,validacion_2024,30,macro_completo,42,0.001,69,0.001,False,False,False,0.5849271402550091,0.2766143106457243,27.66143106457243,0.06790916880891174,0.10904712762297901,0.276869426150411,0.2657103825136612,"[[9944, 673, 2], [4350, 317, 1], [2110, 156, 15]]",0.5237705672133544,1.0419970176971767,624,34.13461538461539,-0.0011415171956791596,-0.005999999888241291,0.7009763162033579,-0.5327258655118875,-0.5164517693976348,0.1520525331004013,176.11698717948718
