version,fecha_utc,objetivo,grupo_objetivo,variante,grupo_variante,tipo_modelo,variables,pliegue,umbral,coste,filas_validacion,negativos_entrenamiento,positivos_entrenamiento,prevalencia,pr_auc,pr_auc_lift,roc_auc,precision,porcentaje_acierto,recall,f1,tn,fp,fn,tp,operaciones,precision_operaciones,porcentaje_acierto_operaciones,porcentaje_operaciones_positivas,retorno_neto_medio,retorno_neto_mediano,factor_beneficio,maximo_drawdown,retorno_compuesto,duracion_media_minutos,concentracion_mensual_maxima
baja_v1_short,2026-07-05T18:28:40.902770+00:00,baja_cierre_4h,control_v4,control_v4_63_moderado,control,sgd,63,validacion_2023,0.05,0.001,521200,720829,302738,0.1555640828856485,0.2281181756111706,1.4663936005000269,0.6424724507513109,0.1555640828856485,15.55640828856485,1.0,0.2692435412100684,0,440120,0,81080,1,0.0,0.0,100.0,7.636194117367247e-06,7.636194117367247e-06,inf,0.0,7.636194117477402e-06,480.0,1.0
baja_v1_short,2026-07-05T18:28:41.020800+00:00,baja_cierre_4h,control_v4,control_v4_63_moderado,control,sgd,63,validacion_2023,0.06,0.001,521200,720829,302738,0.1555640828856485,0.2281181756111706,1.4663936005000269,0.6424724507513109,0.1555640828856485,15.55640828856485,1.0,0.2692435412100684,0,440120,0,81080,1,0.0,0.0,100.0,7.636194117367247e-06,7.636194117367247e-06,inf,0.0,7.636194117477402e-06,480.0,1.0
baja_v1_short,2026-07-05T18:28:41.145903+00:00,baja_cierre_4h,control_v4,control_v4_63_moderado,control,sgd,63,validacion_2023,0.07,0.001,521200,720829,302738,0.1555640828856485,0.2281181756111706,1.4663936005000269,0.6424724507513109,0.1555640828856485,15.55640828856485,1.0,0.2692435412100684,0,440120,0,81080,1,0.0,0.0,100.0,7.636194117367247e-06,7.636194117367247e-06,inf,0.0,7.636194117477402e-06,480.0,1.0
baja_v1_short,2026-07-05T18:28:41.296342+00:00,baja_cierre_4h,control_v4,control_v4_63_moderado,control,sgd,63,validacion_2023,0.08,0.001,521200,720829,302738,0.1555640828856485,0.2281181756111706,1.4663936005000269,0.6424724507513109,0.1555640828856485,15.55640828856485,1.0,0.2692435412100684,0,440120,0,81080,1,0.0,0.0,100.0,7.636194117367247e-06,7.636194117367247e-06,inf,0.0,7.636194117477402e-06,480.0,1.0
baja_v1_short,2026-07-05T18:28:41.437320+00:00,baja_cierre_4h,control_v4,control_v4_63_moderado,control,sgd,63,validacion_2023,0.09,0.001,521200,720829,302738,0.1555640828856485,0.2281181756111706,1.4663936005000269,0.6424724507513109,0.1555643813591354,15.556438135913538,1.0,0.2692439882512922,1,440119,0,81080,2,0.0,0.0,50.0,-0.0008275143443606,-0.0008275143443606,0.004592743971551,-0.0016626648828387,-0.001655041385153,480.0,0.9954282528924168
baja_v1_short,2026-07-05T18:28:41.598591+00:00,baja_cierre_4h,control_v4,control_v4_63_moderado,control,sgd,63,validacion_2023,0.1,0.001,521200,720829,302738,0.1555640828856485,0.2281181756111706,1.4663936005000269,0.6424724507513109,0.1555643813591354,15.556438135913538,1.0,0.2692439882512922,1,440119,0,81080,2,0.0,0.0,50.0,-0.0008275143443606,-0.0008275143443606,0.004592743971551,-0.0016626648828387,-0.001655041385153,480.0,0.9954282528924168
baja_v1_short,2026-07-05T18:28:41.751123+00:00,baja_cierre_4h,control_v4,control_v4_63_moderado,control,sgd,63,validacion_2023,0.11,0.001,521200,720829,302738,0.1555640828856485,0.2281181756111706,1.4663936005000269,0.6424724507513109,0.1555661722241089,15.556617222410893,1.0,0.2692466705298095,7,440113,0,81080,3,0.0,0.0,33.33333333333333,-0.000749890283662,-0.0009686166629544,0.0033828779004307,-0.0022560587981259,-0.0022484398317114,480.0,0.5689724845344761
baja_v1_short,2026-07-05T18:28:41.906773+00:00,baja_cierre_4h,control_v4,control_v4_63_moderado,control,sgd,63,validacion_2023,0.12,0.001,521200,720829,302738,0.1555640828856485,0.2281181756111706,1.4663936005000269,0.6424724507513109,0.155578112377747,15.557811237774704,1.0,0.2692645537524513,47,440073,0,81080,8,0.0,0.0,12.5,-0.001038004572616,-0.0011328551534243,0.0009187313220863,-0.0082826377776182,-0.0082750648313306,480.0,0.4943724099467849
baja_v1_short,2026-07-05T18:28:42.039810+00:00,baja_cierre_4h,control_v4,control_v4_63_moderado,control,sgd,63,validacion_2023,0.13,0.001,521200,720829,302738,0.1555640828856485,0.2281181756111706,1.4663936005000269,0.6424724507513109,0.1556073735018376,15.560737350183762,1.0,0.2693083776893886,145,439975,0,81080,13,0.0,0.0,30.76923076923077,-0.0007794325511746,-0.0009400808956124,0.0891930196491845,-0.010409839916566,-0.0100903845908916,480.0,0.6182201418007336
baja_v1_short,2026-07-05T18:28:42.197243+00:00,baja_cierre_4h,control_v4,control_v4_63_moderado,control,sgd,63,validacion_2023,0.14,0.001,521200,720829,302738,0.1555640828856485,0.2281181756111706,1.4663936005000269,0.6424724507513109,0.1556713085183386,15.56713085183386,1.0,0.2694041244615157,359,439761,0,81080,17,0.0,0.0,29.411764705882355,-0.0007174823879236,-0.0003645991198718,0.1674780801180662,-0.0144057080918571,-0.0121377054133203,480.0,0.6941710081163135
baja_v1_short,2026-07-05T18:28:42.379027+00:00,baja_cierre_4h,control_v4,control_v4_63_moderado,control,sgd,63,validacion_2023,0.15,0.001,521200,720829,302738,0.1555640828856485,0.2281181756111706,1.4663936005000269,0.6424724507513109,0.1557960432262924,15.57960432262924,1.0,0.2695908921636431,776,439344,0,81080,23,0.0,0.0,39.130434782608695,-0.0005623309614134,-0.0002937658680602,0.2565623601860364,-0.0140908790506469,-0.0128675882962172,480.0,0.6623990217898962
baja_v1_short,2026-07-05T18:28:42.568675+00:00,baja_cierre_4h,control_v4,control_v4_63_moderado,control,sgd,63,validacion_2023,0.16,0.001,521200,720829,302738,0.1555640828856485,0.2281181756111706,1.4663936005000269,0.6424724507513109,0.1559573203455459,15.595732034554594,0.99997533300444,0.2698314177647836,1325,438795,2,81078,31,0.032258064516129,3.225806451612903,29.03225806451613,-0.0008159622893229,-0.0005367447263561,0.2128917106999281,-0.0263018975943224,-0.0250552639017146,480.0,0.3625951889815342
baja_v1_short,2026-07-05T18:28:42.754878+00:00,baja_cierre_4h,control_v4,control_v4_63_moderado,control,sgd,63,validacion_2023,0.17,0.001,521200,720829,302738,0.1555640828856485,0.2281181756111706,1.4663936005000269,0.6424724507513109,0.1561824549507029,15.618245495070296,0.99992599901332,0.2701665172665443,2096,438024,6,81074,46,0.0,0.0,26.08695652173913,-0.0010340296668108,-0.0006515013335738,0.18742622046424,-0.0495804257503227,-0.0465925620740983,480.0,0.2297701985367845
baja_v1_short,2026-07-05T18:28:42.963704+00:00,baja_cierre_4h,control_v4,control_v4_63_moderado,control,sgd,63,validacion_2023,0.18,0.001,521200,720829,302738,0.1555640828856485,0.2281181756111706,1.4663936005000269,0.6424724507513109,0.1565329908554543,15.653299085545438,0.9996546620621608,0.2706808599457316,3377,436743,28,81052,78,0.0256410256410256,2.564102564102564,26.923076923076923,-0.0013575968891173,-0.0011304259858443,0.2931585387116816,-0.1091316655659682,-0.1010187999281118,480.0,0.2138247421218157
baja_v1_short,2026-07-05T18:28:43.112094+00:00,baja_cierre_4h,control_v4,control_v4_63_moderado,control,sgd,63,validacion_2023,0.19,0.001,521200,720829,302738,0.1555640828856485,0.2281181756111706,1.4663936005000269,0.6424724507513109,0.1571047604270711,15.71047604270711,0.9990626541687222,0.2715134451176081,5519,434601,76,81004,103,0.0194174757281553,1.9417475728155336,33.00970873786408,-0.0015507701223075,-0.0012154214744223,0.3483946629276698,-0.1612214435968543,-0.1486707377416326,480.0,0.2033716762170758
baja_v1_short,2026-07-05T18:28:43.324460+00:00,baja_cierre_4h,control_v4,control_v4_63_moderado,control,sgd,63,validacion_2023,0.2,0.001,521200,720829,302738,0.1555640828856485,0.2281181756111706,1.4663936005000269,0.6424724507513109,0.1580256992689439,15.802569926894389,0.997890971879625,0.2728439212988489,9030,431090,171,80909,155,0.0387096774193548,3.870967741935484,34.193548387096776,-0.0016686475817977,-0.0011843083446146,0.4630850336709642,-0.2389663513700151,-0.2311521691060848,480.0,0.1959886267503079
baja_v1_short,2026-07-05T18:28:43.537995+00:00,baja_cierre_4h,control_v4,control_v4_63_moderado,control,sgd,63,validacion_2023,0.21,0.001,521200,720829,302738,0.1555640828856485,0.2281181756111706,1.4663936005000269,0.6424724507513109,0.1595034730037632,15.950347300376324,0.9963616181549088,0.274985618441073,14427,425693,295,80785,228,0.0482456140350877,4.824561403508771,30.26315789473684,-0.0017339554322083,-0.001261902983766,0.399394572128099,-0.3360214812867267,-0.3296898475194272,480.0,0.2859660970292002
baja_v1_short,2026-07-05T18:28:43.759548+00:00,baja_cierre_4h,control_v4,control_v4_63_moderado,control,sgd,63,validacion_2023,0.22,0.001,521200,720829,302738,0.1555640828856485,0.2281181756111706,1.4663936005000269,0.6424724507513109,0.1618377683093496,16.183776830934963,0.9931425752343364,0.2783215816397069,23084,417036,556,80524,298,0.0738255033557047,7.38255033557047,31.879194630872483,-0.0017645846770467,-0.0012011532051255,0.4126642160425253,-0.4290862382047992,-0.4126265413936665,480.0,0.2342333728098238
baja_v1_short,2026-07-05T18:28:44.008799+00:00,baja_cierre_4h,control_v4,control_v4_63_moderado,control,sgd,63,validacion_2023,0.23,0.001,521200,720829,302738,0.1555640828856485,0.2281181756111706,1.4663936005000269,0.6424724507513109,0.1653818389411392,16.53818389411392,0.9861371484953132,0.2832592025762431,36613,403507,1124,79956,391,0.0767263427109974,7.672634271099745,34.015345268542205,-0.0015430785004509,-0.001495484622661,0.5354096405841319,-0.5012922856864885,-0.4604331814831076,480.0,0.1901196653259246
baja_v1_short,2026-07-05T18:28:44.249923+00:00,baja_cierre_4h,control_v4,control_v4_63_moderado,control,sgd,63,validacion_2023,0.24,0.001,521200,720829,302738,0.1555640828856485,0.2281181756111706,1.4663936005000269,0.6424724507513109,0.1700273362794567,17.002733627945673,0.970411938825851,0.2893561466253551,56046,384074,2399,78681,482,0.0788381742738589,7.883817427385892,36.92946058091287,-0.0012358160420796,-0.0010961911136982,0.6116603378516533,-0.5228124777711313,-0.4572780808237739,480.0,0.1931484755441835
baja_v1_short,2026-07-05T18:28:44.541582+00:00,baja_cierre_4h,control_v4,control_v4_63_moderado,control,sgd,63,validacion_2023,0.25,0.001,521200,720829,302738,0.1555640828856485,0.2281181756111706,1.4663936005000269,0.6424724507513109,0.1757921495258365,17.57921495258365,0.943315244203256,0.2963565702240769,81522,358598,4596,76484,577,0.0866551126516464,8.665511265164644,40.38128249566724,-0.0011543727303309,-0.0011211357084685,0.6612858050009416,-0.5346289750854436,-0.4975607566797648,480.0,0.2645546882762192
baja_v1_short,2026-07-05T18:28:44.856112+00:00,baja_cierre_4h,control_v4,control_v4_63_moderado,control,sgd,63,validacion_2023,0.26,0.001,521200,720829,302738,0.1555640828856485,0.2281181756111706,1.4663936005000269,0.6424724507513109,0.1824880397111553,18.248803971115528,0.9013936852491368,0.3035267831186198,112713,327407,7995,73085,665,0.0977443609022556,9.774436090225564,42.10526315789473,-0.001136900776362,-0.0009319313574233,0.6666550093741174,-0.5850043197634867,-0.5421730498389787,480.0,0.2444921662039284
baja_v1_short,2026-07-05T18:28:45.128143+00:00,baja_cierre_4h,control_v4,control_v4_63_moderado,control,sgd,63,validacion_2023,0.27,0.001,521200,720829,302738,0.1555640828856485,0.2281181756111706,1.4663936005000269,0.6424724507513109,0.1899607608406491,18.99607608406491,0.8454612728169709,0.3102202994044494,147806,292314,12530,68550,720,0.1263888888888888,12.63888888888889,41.94444444444444,-0.0013445152775693,-0.0010253879143201,0.6438441034912622,-0.6587062423697794,-0.6328796254492961,480.0,0.2380660701516355
baja_v1_short,2026-07-05T18:28:45.457383+00:00,baja_cierre_4h,control_v4,control_v4_63_moderado,control,sgd,63,validacion_2023,0.28,0.001,521200,720829,302738,0.1555640828856485,0.2281181756111706,1.4663936005000269,0.6424724507513109,0.1971967587523073,19.71967587523073,0.7773803650715343,0.3145915999101594,183520,256600,18050,63030,791,0.1390644753476612,13.90644753476612,40.581542351453855,-0.0015802264472526,-0.0010996021044556,0.606505980595117,-0.7307752835325139,-0.7249014783180501,480.0,0.2091049505843164
baja_v1_short,2026-07-05T18:28:45.759156+00:00,baja_cierre_4h,control_v4,control_v4_63_moderado,control,sgd,63,validacion_2023,0.29,0.001,521200,720829,302738,0.1555640828856485,0.2281181756111706,1.4663936005000269,0.6424724507513109,0.2049849668840907,20.498496688409077,0.7046497286630489,0.3175837553293792,218535,221585,23947,57133,831,0.1239470517448856,12.394705174488568,39.83152827918171,-0.001895395719761,-0.0012101417485391,0.5774692385362951,-0.8079279244575497,-0.8045511214639112,480.0,0.1860021150891874
baja_v1_short,2026-07-05T18:28:46.038646+00:00,baja_cierre_4h,control_v4,control_v4_63_moderado,control,sgd,63,validacion_2023,0.3,0.001,521200,720829,302738,0.1555640828856485,0.2281181756111706,1.4663936005000269,0.6424724507513109,0.2134198231269815,21.34198231269815,0.6309940799210656,0.3189588528678304,251561,188559,29919,51161,871,0.1492537313432835,14.925373134328357,40.18369690011481,-0.0020577318566437,-0.0011875696034403,0.5779095592501357,-0.8466761799747319,-0.8449344450147611,480.0,0.188600733904465
baja_v1_short,2026-07-05T18:28:46.386321+00:00,baja_cierre_4h,control_v4,control_v4_63_moderado,control,sgd,63,validacion_2023,0.31,0.001,521200,720829,302738,0.1555640828856485,0.2281181756111706,1.4663936005000269,0.6424724507513109,0.2223272530339955,22.232725303399555,0.5569560927479033,0.3177958795897183,282163,157957,35922,45158,876,0.1621004566210045,16.210045662100455,42.12328767123288,-0.0019147830730573,-0.000966134184433,0.6020682702321828,-0.8292819004931795,-0.825391980610151,480.0,0.2173831569211212
baja_v1_short,2026-07-05T18:28:46.689653+00:00,baja_cierre_4h,control_v4,control_v4_63_moderado,control,sgd,63,validacion_2023,0.32,0.001,521200,720829,302738,0.1555640828856485,0.2281181756111706,1.4663936005000269,0.6424724507513109,0.2307392398483004,23.07392398483005,0.4817464232856438,0.3120281831907398,309898,130222,42020,39060,867,0.1591695501730103,15.91695501730104,40.253748558246826,-0.0019765994678933,-0.0014395886790007,0.6128735474537799,-0.8343076348924254,-0.8323133220713255,480.0,0.2140339083362429
baja_v1_short,2026-07-05T18:28:46.959105+00:00,baja_cierre_4h,control_v4,control_v4_63_moderado,control,sgd,63,validacion_2023,0.33,0.001,521200,720829,302738,0.1555640828856485,0.2281181756111706,1.4663936005000269,0.6424724507513109,0.236859709823837,23.685970982383704,0.4061174148988653,0.299210809681098,334029,106091,48152,32928,859,0.1757857974388824,17.57857974388824,42.374854481955765,-0.0022450693781657,-0.0013392657963559,0.5783988391374122,-0.8649807473616411,-0.8654887031923919,480.0,0.2122422735266165
baja_v1_short,2026-07-05T18:28:47.189415+00:00,baja_cierre_4h,control_v4,control_v4_63_moderado,control,sgd,63,validacion_2023,0.34,0.001,521200,720829,302738,0.1555640828856485,0.2281181756111706,1.4663936005000269,0.6424724507513109,0.2424904278930753,24.249042789307538,0.3382215096201282,0.2824652750954066,354454,85666,53657,27423,833,0.1728691476590636,17.286914765906364,41.65666266506602,-0.002398710819011,-0.0014620566905941,0.5651535383502073,-0.8744221117470875,-0.8748945482278484,480.0,0.1988790310670391
baja_v1_short,2026-07-05T18:28:47.435802+00:00,baja_cierre_4h,control_v4,control_v4_63_moderado,control,sgd,63,validacion_2023,0.35,0.001,521200,720829,302738,0.1555640828856485,0.2281181756111706,1.4663936005000269,0.6424724507513109,0.2484696777578593,24.84696777578593,0.2803527380365072,0.2634500822883104,371367,68753,58349,22731,806,0.1935483870967742,19.35483870967742,42.30769230769231,-0.002373335877617,-0.0011431890341336,0.577879535999045,-0.8631183208309388,-0.8636332832951668,480.0,0.1749247382641043
baja_v1_short,2026-07-05T18:28:47.686850+00:00,baja_cierre_4h,control_v4,control_v4_63_moderado,control,sgd,63,validacion_2023,0.36,0.001,521200,720829,302738,0.1555640828856485,0.2281181756111706,1.4663936005000269,0.6424724507513109,0.2548919126670532,25.48919126670533,0.2331154415392205,0.2435178087133534,384868,55252,62179,18901,777,0.2072072072072072,20.72072072072072,42.985842985842986,-0.0023184786637388,-0.0011580477546667,0.5956076709306981,-0.8467155412896754,-0.847457842578837,480.0,0.2090295957361219
baja_v1_short,2026-07-05T18:28:47.935471+00:00,baja_cierre_4h,control_v4,control_v4_63_moderado,control,sgd,63,validacion_2023,0.37,0.001,521200,720829,302738,0.1555640828856485,0.2281181756111706,1.4663936005000269,0.6424724507513109,0.2595886880912401,25.95886880912401,0.1925752343364578,0.2211160597327744,395585,44535,65466,15614,748,0.1991978609625668,19.919786096256683,42.24598930481284,-0.0024326183635639,-0.0014501951916608,0.5830898288884967,-0.8491120075170328,-0.8498152737008522,480.0,0.2052742905169311
baja_v1_short,2026-07-05T18:28:48.142744+00:00,baja_cierre_4h,control_v4,control_v4_63_moderado,control,sgd,63,validacion_2023,0.38,0.001,521200,720829,302738,0.1555640828856485,0.2281181756111706,1.4663936005000269,0.6424724507513109,0.262398723299779,26.239872329977903,0.1581771090281203,0.1973744959832558,404069,36051,68255,12825,728,0.1978021978021978,19.78021978021978,41.8956043956044,-0.002522000580779,-0.0013917107533197,0.5789456986094254,-0.8521920840445318,-0.8528809944560348,480.0,0.1952514026114882
baja_v1_short,2026-07-05T18:28:48.341669+00:00,baja_cierre_4h,control_v4,control_v4_63_moderado,control,sgd,63,validacion_2023,0.39,0.001,521200,720829,302738,0.1555640828856485,0.2281181756111706,1.4663936005000269,0.6424724507513109,0.2668908744101997,26.68908744101997,0.1311544153922052,0.175879064536403,410910,29210,70446,10634,702,0.2079772079772079,20.7977207977208,42.45014245014245,-0.0024233629103652,-0.0013325305733596,0.5916300870143644,-0.8349845790008894,-0.8312926469544375,480.0,0.2026515814050448
baja_v1_short,2026-07-05T18:28:48.543537+00:00,baja_cierre_4h,control_v4,control_v4_63_moderado,control,sgd,63,validacion_2023,0.4,0.001,521200,720829,302738,0.1555640828856485,0.2281181756111706,1.4663936005000269,0.6424724507513109,0.269446745834484,26.944674583448403,0.10830044400592,0.1545012272475345,416312,23808,72299,8781,676,0.1997041420118343,19.97041420118343,40.680473372781066,-0.0026272993329857,-0.0013528136148815,0.5711115676589575,-0.8455462673801128,-0.8432567771592596,480.0,0.1802550581683961
baja_v1_short,2026-07-05T18:28:48.742680+00:00,baja_cierre_4h,control_v4,control_v4_63_moderado,control,sgd,63,validacion_2023,0.41,0.001,521200,720829,302738,0.1555640828856485,0.2281181756111706,1.4663936005000269,0.6424724507513109,0.2732430112342776,27.32430112342776,0.0902935372471633,0.1357336868354453,420648,19472,73759,7321,658,0.2203647416413373,22.036474164133736,42.5531914893617,-0.0024572876390841,-0.0012679291574168,0.5976627615753646,-0.8185950552607456,-0.8159060632891688,480.0,0.2020200613972367
baja_v1_short,2026-07-05T18:28:48.937958+00:00,baja_cierre_4h,control_v4,control_v4_63_moderado,control,sgd,63,validacion_2023,0.42,0.001,521200,720829,302738,0.1555640828856485,0.2281181756111706,1.4663936005000269,0.6424724507513109,0.2780573277023991,27.80573277023992,0.0763320177602368,0.119781687278639,424051,16069,74891,6189,637,0.2213500784929356,22.135007849293565,40.81632653061224,-0.0027252246412024,-0.0013539117460604,0.5629621886230479,-0.8386983489286027,-0.8361931186850529,480.0,0.2118405099895144
baja_v1_short,2026-07-05T18:28:49.094293+00:00,baja_cierre_4h,control_v4,control_v4_63_moderado,control,sgd,63,validacion_2023,0.43,0.001,521200,720829,302738,0.1555640828856485,0.2281181756111706,1.4663936005000269,0.6424724507513109,0.2826132994493858,28.261329944938584,0.0658362111494819,0.1067941741357234,426570,13550,75742,5338,616,0.2191558441558441,21.915584415584416,40.58441558441558,-0.0028469536708888,-0.0015638534785248,0.5450717639500293,-0.8408301146446474,-0.8384002801721313,480.0,0.1877346100487982
baja_v1_short,2026-07-05T18:28:49.276863+00:00,baja_cierre_4h,control_v4,control_v4_63_moderado,control,sgd,63,validacion_2023,0.44,0.001,521200,720829,302738,0.1555640828856485,0.2281181756111706,1.4663936005000269,0.6424724507513109,0.284407096171802,28.440709617180204,0.0563517513566847,0.0940655720829687,428624,11496,76511,4569,593,0.2158516020236087,21.585160202360875,40.472175379426645,-0.0028788814183149,-0.0015914304638281,0.5440694375089457,-0.8319081385916235,-0.8304723363572711,480.0,0.192871981594609
baja_v1_short,2026-07-05T18:28:49.478948+00:00,baja_cierre_4h,control_v4,control_v4_63_moderado,control,sgd,63,validacion_2023,0.45,0.001,521200,720829,302738,0.1555640828856485,0.2281181756111706,1.4663936005000269,0.6424724507513109,0.2892039258451472,28.92039258451472,0.0490626541687222,0.0838930774503084,430343,9777,77102,3978,578,0.2231833910034602,22.318339100346023,41.17647058823529,-0.0027798395034289,-0.0015722917558159,0.5681457616578419,-0.8137493655978993,-0.8130961693270575,480.0,0.1752635371486073
baja_v1_short,2026-07-05T18:28:49.671262+00:00,baja_cierre_4h,control_v4,control_v4_63_moderado,control,sgd,63,validacion_2023,0.46,0.001,521200,720829,302738,0.1555640828856485,0.2281181756111706,1.4663936005000269,0.6424724507513109,0.2919586252919586,29.195862529195864,0.0431672422298964,0.0752138221515451,431632,8488,77580,3500,559,0.2307692307692307,23.07692307692308,41.86046511627907,-0.0027997851321822,-0.0014858937172684,0.5698830064837405,-0.8095506787534532,-0.8048025754212581,480.0,0.1734598311100904
baja_v1_short,2026-07-05T18:28:49.853211+00:00,baja_cierre_4h,control_v4,control_v4_63_moderado,control,sgd,63,validacion_2023,0.47,0.001,521200,720829,302738,0.1555640828856485,0.2281181756111706,1.4663936005000269,0.6424724507513109,0.2967619047619048,29.67619047619048,0.0384311790823877,0.0680497925311203,432736,7384,77964,3116,542,0.2472324723247232,24.723247232472325,42.80442804428044,-0.0027142464361029,-0.0012809408033499,0.5838169325259136,-0.7945287547864575,-0.7856889180159342,480.0,0.1693259929739379
baja_v1_short,2026-07-05T18:28:50.012073+00:00,baja_cierre_4h,control_v4,control_v4_63_moderado,control,sgd,63,validacion_2023,0.48,0.001,521200,720829,302738,0.1555640828856485,0.2281181756111706,1.4663936005000269,0.6424724507513109,0.3028329534353631,30.28329534353631,0.0344104588061174,0.0617988105390229,433697,6423,78290,2790,525,0.2457142857142857,24.571428571428573,41.90476190476191,-0.0025213170874388,-0.0013517154837027,0.6093295391116252,-0.7590017901478955,-0.7511888610073651,480.0,0.1852872727314582
baja_v1_short,2026-07-05T18:28:50.167806+00:00,baja_cierre_4h,control_v4,control_v4_63_moderado,control,sgd,63,validacion_2023,0.49,0.001,521200,720829,302738,0.1555640828856485,0.2281181756111706,1.4663936005000269,0.6424724507513109,0.3066944070493207,30.66944070493208,0.0309077454366058,0.0561562335436017,434455,5665,78574,2506,505,0.2455445544554455,24.554455445544555,42.57425742574257,-0.0025093810445106,-0.0013045188786927,0.6113749718589134,-0.7443616301296588,-0.7363985594410855,480.0,0.1823191782515204
baja_v1_short,2026-07-05T18:28:50.362767+00:00,baja_cierre_4h,control_v4,control_v4_63_moderado,control,sgd,63,validacion_2023,0.5,0.001,521200,720829,302738,0.1555640828856485,0.2281181756111706,1.4663936005000269,0.6424724507513109,0.3075030750307503,30.75030750307503,0.0277503700049334,0.0509067049786757,435053,5067,78830,2250,487,0.2464065708418891,24.64065708418891,43.1211498973306,-0.0023337026672306,-0.0012265146904392,0.6378292265785386,-0.7048051892219402,-0.6996042734218075,480.0,0.1669153830460942
baja_v1_short,2026-07-05T18:28:50.557228+00:00,baja_cierre_4h,control_v4,control_v4_63_moderado,control,sgd,63,validacion_2023,0.51,0.001,521200,720829,302738,0.1555640828856485,0.2281181756111706,1.4663936005000269,0.6424724507513109,0.3061746987951807,30.617469879518072,0.0250740009866798,0.0463520291837665,435513,4607,79047,2033,479,0.2505219206680584,25.052192066805844,42.58872651356994,-0.0023955072019013,-0.001306896661641,0.627905979509492,-0.710003149466322,-0.7021307471845581,480.0,0.1618732302255569
baja_v1_short,2026-07-05T18:28:50.750185+00:00,baja_cierre_4h,control_v4,control_v4_63_moderado,control,sgd,63,validacion_2023,0.52,0.001,521200,720829,302738,0.1555640828856485,0.2281181756111706,1.4663936005000269,0.6424724507513109,0.3067310896367877,30.67310896367877,0.0227059694129255,0.0422819870926253,435959,4161,79239,1841,465,0.2516129032258064,25.161290322580644,42.1505376344086,-0.0024592249685524,-0.001410158856539,0.6212852047234294,-0.7033985720352243,-0.7005801724189291,480.0,0.1629293580565187
baja_v1_short,2026-07-05T18:28:50.948188+00:00,baja_cierre_4h,control_v4,control_v4_63_moderado,control,sgd,63,validacion_2023,0.53,0.001,521200,720829,302738,0.1555640828856485,0.2281181756111706,1.4663936005000269,0.6424724507513109,0.3076782114715045,30.76782114715045,0.0207079427725703,0.0388042109155621,436342,3778,79401,1679,451,0.2616407982261641,26.164079822616408,43.68070953436807,-0.0023090827905036,-0.0011416494342265,0.6437589172216689,-0.6666574528509734,-0.6682433443296116,480.0,0.1871516596595814
baja_v1_short,2026-07-05T18:28:51.110001+00:00,baja_cierre_4h,control_v4,control_v4_63_moderado,control,sgd,63,validacion_2023,0.54,0.001,521200,720829,302738,0.1555640828856485,0.2281181756111706,1.4663936005000269,0.6424724507513109,0.3100162206001622,31.00162206001622,0.0188579181055747,0.0355531786262382,436717,3403,79551,1529,436,0.2591743119266055,25.91743119266055,44.03669724770643,-0.0022578448571847,-0.0010831497745821,0.6435091100206084,-0.6468285512477443,-0.6469495662054453,480.0,0.1924536653930827
baja_v1_short,2026-07-05T18:28:51.327780+00:00,baja_cierre_4h,control_v4,control_v4_63_moderado,control,sgd,63,validacion_2023,0.55,0.001,521200,720829,302738,0.1555640828856485,0.2281181756111706,1.4663936005000269,0.6424724507513109,0.3106731620903454,31.067316209034544,0.0173038973852984,0.0327819056965278,437007,3113,79677,1403,418,0.2703349282296651,27.033492822966508,44.49760765550239,-0.0020584902633231,-0.0010831497745821,0.6726705439335059,-0.5994716094040473,-0.5996088513198852,480.0,0.1778908619390101
baja_v1_short,2026-07-05T18:28:51.524849+00:00,baja_cierre_4h,control_v4,control_v4_63_moderado,control,sgd,63,validacion_2023,0.56,0.001,521200,720829,302738,0.1555640828856485,0.2281181756111706,1.4663936005000269,0.6424724507513109,0.3098077391092723,30.980773910927237,0.0157005426739023,0.0298864876920729,437284,2836,79807,1273,406,0.2635467980295566,26.354679802955665,43.5960591133005,-0.0022593160444218,-0.0012199026057496,0.6503098658453967,-0.6214123905625316,-0.6215421144224418,480.0,0.1817548871857135
baja_v1_short,2026-07-05T18:28:51.711268+00:00,baja_cierre_4h,control_v4,control_v4_63_moderado,control,sgd,63,validacion_2023,0.57,0.001,521200,720829,302738,0.1555640828856485,0.2281181756111706,1.4663936005000269,0.6424724507513109,0.3091891891891892,30.91891891891892,0.0141095214602861,0.0269874970511913,437564,2556,79936,1144,395,0.2658227848101265,26.58227848101265,45.063291139240505,-0.0022356726564564,-0.0010799614717834,0.6569591087768596,-0.6084677149697157,-0.6086018743506025,480.0,0.1651615929404405
baja_v1_short,2026-07-05T18:28:51.895765+00:00,baja_cierre_4h,control_v4,control_v4_63_moderado,control,sgd,63,validacion_2023,0.58,0.001,521200,720829,302738,0.1555640828856485,0.2281181756111706,1.4663936005000269,0.6424724507513109,0.3092752758723531,30.92752758723531,0.0127898371978293,0.0245638553646086,437804,2316,80043,1037,375,0.264,26.4,45.33333333333333,-0.0020259157364149,-0.0010799614717834,0.6826726463618954,-0.5558953980279334,-0.5557742222027962,480.0,0.2345599790245855
baja_v1_short,2026-07-05T18:28:52.029097+00:00,baja_cierre_4h,control_v4,control_v4_63_moderado,control,sgd,63,validacion_2023,0.59,0.001,521200,720829,302738,0.1555640828856485,0.2281181756111706,1.4663936005000269,0.6424724507513109,0.3059057730590577,30.59057730590577,0.0113714849531327,0.02192784265227,438028,2092,80158,922,360,0.2666666666666666,26.666666666666668,44.72222222222222,-0.002106241954004,-0.0010874247998581,0.6741440469404099,-0.5544016720303799,-0.5545543572573466,480.0,0.2371433868235909
baja_v1_short,2026-07-05T18:28:52.173150+00:00,baja_cierre_4h,control_v4,control_v4_63_moderado,control,sgd,63,validacion_2023,0.6,0.001,521200,720829,302738,0.1555640828856485,0.2281181756111706,1.4663936005000269,0.6424724507513109,0.3038207200587803,30.38207200587803,0.0101998026640355,0.0197369991169661,438225,1895,80253,827,348,0.2614942528735632,26.14942528735632,45.689655172413794,-0.0021805351868781,-0.0010831497745821,0.664189818502644,-0.5529418236837658,-0.5537765094658438,480.0,0.2465317233570843
baja_v1_short,2026-07-05T18:28:52.336318+00:00,baja_cierre_4h,control_v4,control_v4_63_moderado,control,sgd,63,validacion_2023,0.61,0.001,521200,720829,302738,0.1555640828856485,0.2281181756111706,1.4663936005000269,0.6424724507513109,0.30178716490658,30.178716490658005,0.009163788850518,0.01778746019966,438401,1719,80337,743,339,0.2625368731563421,26.253687315634217,45.13274336283185,-0.0021378925445137,-0.0012132905210601,0.6736076929450086,-0.5370984871012152,-0.5379627533909019,480.0,0.2446100376698317
baja_v1_short,2026-07-05T18:28:52.509483+00:00,baja_cierre_4h,control_v4,control_v4_63_moderado,control,sgd,63,validacion_2023,0.62,0.001,521200,720829,302738,0.1555640828856485,0.2281181756111706,1.4663936005000269,0.6424724507513109,0.2956366874443455,29.56366874443455,0.0081894425259003,0.0159374024914192,438538,1582,80416,664,326,0.2668711656441718,26.68711656441718,44.47852760736196,-0.0019539347472401,-0.0012529563425923,0.6941244350962987,-0.4934826438735283,-0.494428343690537,480.0,0.2652730415268019
baja_v1_short,2026-07-05T18:28:52.685608+00:00,baja_cierre_4h,control_v4,control_v4_63_moderado,control,sgd,63,validacion_2023,0.63,0.001,521200,720829,302738,0.1555640828856485,0.2281181756111706,1.4663936005000269,0.6424724507513109,0.2930120481927711,29.30120481927711,0.007498766650222,0.0146232938488365,438653,1467,80472,608,314,0.267515923566879,26.751592356687897,42.99363057324841,-0.0021344351387089,-0.0016205507961567,0.6744320467857948,-0.5115363003743711,-0.5106971077012135,480.0,0.2686339775132015
baja_v1_short,2026-07-05T18:28:52.855728+00:00,baja_cierre_4h,control_v4,control_v4_63_moderado,control,sgd,63,validacion_2023,0.64,0.001,521200,720829,302738,0.1555640828856485,0.2281181756111706,1.4663936005000269,0.6424724507513109,0.2928234677841802,29.282346778418024,0.0068944252590034,0.0134716649194471,438770,1350,80521,559,304,0.2796052631578947,27.96052631578948,42.43421052631579,-0.0020984124952169,-0.0017274418894667,0.6864496949100539,-0.5259327765694088,-0.4949132863729283,480.0,0.2505015589984634
baja_v1_short,2026-07-05T18:28:53.007282+00:00,baja_cierre_4h,control_v4,control_v4_63_moderado,control,sgd,63,validacion_2023,0.65,0.001,521200,720829,302738,0.1555640828856485,0.2281181756111706,1.4663936005000269,0.6424724507513109,0.3016695451928612,30.16695451928613,0.0064627528367044,0.0126544067039375,438907,1213,80556,524,292,0.2705479452054795,27.054794520547947,40.75342465753425,-0.0026528276791401,-0.0019460700675845,0.6166819641866762,-0.5576481438236455,-0.5584068972246294,480.0,0.2778445260243637
baja_v1_short,2026-07-05T18:28:53.175413+00:00,baja_cierre_4h,control_v4,control_v4_63_moderado,control,sgd,63,validacion_2023,0.66,0.001,521200,720829,302738,0.1555640828856485,0.2281181756111706,1.4663936005000269,0.6424724507513109,0.3037412809131262,30.37412809131262,0.0059077454366058,0.0115900649672743,439022,1098,80601,479,279,0.2759856630824372,27.59856630824373,40.86021505376344,-0.0027944978315485,-0.0019736419888213,0.6063965323635677,-0.576021274955181,-0.5603022838680318,480.0,0.2789832065999746
baja_v1_short,2026-07-05T18:28:53.358890+00:00,baja_cierre_4h,control_v4,control_v4_63_moderado,control,sgd,63,validacion_2023,0.67,0.001,521200,720829,302738,0.1555640828856485,0.2281181756111706,1.4663936005000269,0.6424724507513109,0.3036437246963562,30.364372469635622,0.0055500740009866,0.0109008987185387,439088,1032,80630,450,267,0.2734082397003745,27.34082397003745,40.0749063670412,-0.0030560361310126,-0.0021453187325969,0.583349662201263,-0.5899366688437448,-0.5757382543244877,480.0,0.2598581300694946
baja_v1_short,2026-07-05T18:28:53.551373+00:00,baja_cierre_4h,control_v4,control_v4_63_moderado,control,sgd,63,validacion_2023,0.68,0.001,521200,720829,302738,0.1555640828856485,0.2281181756111706,1.4663936005000269,0.6424724507513109,0.3099203475742216,30.99203475742216,0.0052787370498273,0.0103806647991171,439167,953,80652,428,258,0.2751937984496124,27.51937984496124,40.310077519379846,-0.0031004931324301,-0.0020344125912524,0.5732904292771124,-0.5736316659315813,-0.5682155469759216,480.0,0.2440809059845191
baja_v1_short,2026-07-05T18:28:53.720415+00:00,baja_cierre_4h,control_v4,control_v4_63_moderado,control,sgd,63,validacion_2023,0.69,0.001,521200,720829,302738,0.1555640828856485,0.2281181756111706,1.4663936005000269,0.6424724507513109,0.317167051578137,31.716705157813703,0.0050814010853478,0.0100025491933623,439233,887,80668,412,254,0.2795275590551181,27.95275590551181,40.55118110236221,-0.0029465595038184,-0.0019759680833667,0.5872604671439928,-0.5540575029801454,-0.5448168295373464,480.0,0.2553171926526351
baja_v1_short,2026-07-05T18:28:53.893548+00:00,baja_cierre_4h,control_v4,control_v4_63_moderado,control,sgd,63,validacion_2023,0.7,0.001,521200,720829,302738,0.1555640828856485,0.2281181756111706,1.4663936005000269,0.6424724507513109,0.325889164598842,32.5889164598842,0.0048593981253083,0.0095760065136287,439305,815,80686,394,243,0.2757201646090535,27.572016460905356,39.09465020576132,-0.0031225651786385,-0.0022351864716038,0.5732045893581157,-0.5514642035627024,-0.5493065314020176,480.0,0.2441531085671551
baja_v1_short,2026-07-05T18:28:54.141137+00:00,baja_cierre_4h,control_v4,control_v4_63_moderado,control,sgd,63,validacion_2023,0.71,0.001,521200,720829,302738,0.1555640828856485,0.2281181756111706,1.4663936005000269,0.6424724507513109,0.3384476534296028,33.84476534296029,0.0046250616674889,0.0091254197693093,439387,733,80705,375,236,0.2796610169491525,27.966101694915253,40.25423728813559,-0.0027115755963536,-0.0019460700675845,0.6085186130556188,-0.494965875267929,-0.4900081829559162,480.0,0.2573583904970449
baja_v1_short,2026-07-05T18:28:54.411820+00:00,baja_cierre_4h,control_v4,control_v4_63_moderado,control,sgd,63,validacion_2023,0.72,0.001,521200,720829,302738,0.1555640828856485,0.2281181756111706,1.4663936005000269,0.6424724507513109,0.3559322033898305,35.59322033898305,0.0044030587074494,0.0086985124812689,439474,646,80723,357,229,0.2794759825327511,27.947598253275107,40.61135371179039,-0.0026373127788767,-0.0019736419888213,0.619622105077407,-0.4745602392353415,-0.4706405707568128,480.0,0.2744266947543136
baja_v1_short,2026-07-05T18:28:54.625504+00:00,baja_cierre_4h,control_v4,control_v4_63_moderado,control,sgd,63,validacion_2023,0.73,0.001,521200,720829,302738,0.1555640828856485,0.2281181756111706,1.4663936005000269,0.6424724507513109,0.3860830527497194,38.60830527497194,0.0042427232363098,0.0083932122335948,439573,547,80736,344,223,0.273542600896861,27.3542600896861,40.80717488789238,-0.0026932428686717,-0.0021453187325969,0.6112724394328719,-0.4697300937255393,-0.4682032196695582,480.0,0.2788586206442572
baja_v1_short,2026-07-05T18:28:54.873779+00:00,baja_cierre_4h,control_v4,control_v4_63_moderado,control,sgd,63,validacion_2023,0.74,0.001,521200,720829,302738,0.1555640828856485,0.2281181756111706,1.4663936005000269,0.6424724507513109,0.4084507042253521,40.845070422535215,0.0039343857918105,0.0077936990752617,439658,462,80761,319,212,0.2735849056603773,27.358490566037734,41.0377358490566,-0.0021878091326733,-0.0020319084394723,0.66457974732831,-0.4142394016345586,-0.3873128541401875,480.0,0.3110181166634147
baja_v1_short,2026-07-05T18:28:55.040834+00:00,baja_cierre_4h,control_v4,control_v4_63_moderado,control,sgd,63,validacion_2023,0.75,0.001,521200,720829,302738,0.1555640828856485,0.2281181756111706,1.4663936005000269,0.6424724507513109,0.4054834054834055,40.54834054834055,0.0034657128761716,0.006872684137796,439708,412,80799,281,204,0.2941176470588235,29.411764705882355,40.68627450980392,-0.002307614828081,-0.0020319084394723,0.6535990891244271,-0.4254539564948145,-0.391222621191684,480.0,0.2590506173905224
baja_v1_short,2026-07-05T18:28:55.216774+00:00,baja_cierre_4h,control_v4,control_v4_63_moderado,control,sgd,63,validacion_2023,0.76,0.001,521200,720829,302738,0.1555640828856485,0.2281181756111706,1.4663936005000269,0.6424724507513109,0.3812600969305331,38.12600969305331,0.002910705476073,0.005777304495771,439737,383,80844,236,195,0.2923076923076923,29.230769230769237,41.53846153846154,-0.0025277942356848,-0.0018198950090445,0.6292518943371701,-0.4242672725174548,-0.4042732562410939,480.0,0.2600514204142624
baja_v1_short,2026-07-05T18:28:55.410275+00:00,baja_cierre_4h,control_v4,control_v4_63_moderado,control,sgd,63,validacion_2023,0.77,0.001,521200,720829,302738,0.1555640828856485,0.2281181756111706,1.4663936005000269,0.6424724507513109,0.366852886405959,36.6852886405959,0.0024296990626541,0.00482742565887,439780,340,80883,197,185,0.2864864864864865,28.64864864864865,41.62162162162162,-0.0025065682535252,-0.0018198950090445,0.6231331460495265,-0.4161409117887752,-0.3849059975766066,480.0,0.209163069888904
baja_v1_short,2026-07-05T18:28:55.584477+00:00,baja_cierre_4h,control_v4,control_v4_63_moderado,control,sgd,63,validacion_2023,0.78,0.001,521200,720829,302738,0.1555640828856485,0.2281181756111706,1.4663936005000269,0.6424724507513109,0.3475609756097561,34.756097560975604,0.0021090281203749,0.0041926151130289,439799,321,80909,171,175,0.2742857142857143,27.42857142857143,40.57142857142857,-0.0026375116810273,-0.0019184981463477,0.6046288769738942,-0.4139331748452604,-0.3825801525562868,480.0,0.1702851169995016
baja_v1_short,2026-07-05T18:28:55.775222+00:00,baja_cierre_4h,control_v4,control_v4_63_moderado,control,sgd,63,validacion_2023,0.79,0.001,521200,720829,302738,0.1555640828856485,0.2281181756111706,1.4663936005000269,0.6424724507513109,0.3515283842794759,35.1528384279476,0.0019856931425752,0.0039490789570507,439823,297,80919,161,167,0.2994011976047904,29.94011976047904,42.51497005988024,-0.0022816454721082,-0.0016872427766211,0.6505216585923773,-0.3897255261767373,-0.3302361500480201,480.0,0.2051941185018211
baja_v1_short,2026-07-05T18:28:55.947887+00:00,baja_cierre_4h,control_v4,control_v4_63_moderado,control,sgd,63,validacion_2023,0.8,0.001,521200,720829,302738,0.1555640828856485,0.2281181756111706,1.4663936005000269,0.6424724507513109,0.3452380952380952,34.523809523809526,0.0017883571780957,0.0035582822085889,439845,275,80935,145,160,0.3,30.0,42.5,-0.002035444740421,-0.0016740846147295,0.6840778587235221,-0.3588808021738199,-0.2917079757206986,480.0,0.1949769381045683
baja_v1_short,2026-07-05T18:28:56.106364+00:00,baja_cierre_4h,control_v4,control_v4_63_moderado,control,sgd,63,validacion_2023,0.81,0.001,521200,720829,302738,0.1555640828856485,0.2281181756111706,1.4663936005000269,0.6424724507513109,0.3186528497409326,31.865284974093267,0.0015170202269363,0.0030196646453735,439857,263,80957,123,156,0.3012820512820512,30.128205128205128,41.66666666666667,-0.0022576248361069,-0.0016928911316208,0.6573461488072184,-0.3697541085402478,-0.310114930122725,480.0,0.1858371302471207
baja_v1_short,2026-07-05T18:28:56.276933+00:00,baja_cierre_4h,control_v4,control_v4_63_moderado,control,sgd,63,validacion_2023,0.82,0.001,521200,720829,302738,0.1555640828856485,0.2281181756111706,1.4663936005000269,0.6424724507513109,0.3052325581395348,30.523255813953487,0.0012950172668968,0.0025790921595598,439881,239,80975,105,148,0.304054054054054,30.405405405405407,42.567567567567565,-0.0019684487364162,-0.0016928911316208,0.6981112932256279,-0.3351244241010738,-0.2664557055365477,480.0,0.1846453992875168
baja_v1_short,2026-07-05T18:28:56.455334+00:00,baja_cierre_4h,control_v4,control_v4_63_moderado,control,sgd,63,validacion_2023,0.83,0.001,521200,720829,302738,0.1555640828856485,0.2281181756111706,1.4663936005000269,0.6424724507513109,0.2880794701986754,28.807947019867548,0.0010730143068574,0.0021380649283625,439905,215,80993,87,139,0.2877697841726618,28.776978417266186,41.00719424460432,-0.0026250648279716,-0.001906235538423,0.616555726597371,-0.3773763214111901,-0.3178762493059437,480.0,0.158134943222093
baja_v1_short,2026-07-05T18:28:56.625757+00:00,baja_cierre_4h,control_v4,control_v4_63_moderado,control,sgd,63,validacion_2023,0.84,0.001,521200,720829,302738,0.1555640828856485,0.2281181756111706,1.4663936005000269,0.6424724507513109,0.25,25.0,0.000826344351258,0.0016472439396174,439919,201,81013,67,132,0.2575757575757575,25.75757575757576,40.909090909090914,-0.0025003864255876,-0.0020707110050134,0.6161653601883921,-0.348022729804424,-0.2913421546425142,480.0,0.1871144940662853
baja_v1_short,2026-07-05T18:28:56.842236+00:00,baja_cierre_4h,control_v4,control_v4_63_moderado,control,sgd,63,validacion_2023,0.85,0.001,521200,720829,302738,0.1555640828856485,0.2281181756111706,1.4663936005000269,0.6424724507513109,0.225,22.5,0.0006660088801184,0.0013280865715691,439934,186,81026,54,123,0.2520325203252032,25.203252032520325,41.46341463414634,-0.0028256023528321,-0.001906235538423,0.5769392558471138,-0.3451050254660311,-0.3031522379552127,480.0,0.2007081525105586
baja_v1_short,2026-07-05T18:28:56.988369+00:00,baja_cierre_4h,control_v4,control_v4_63_moderado,control,sgd,63,validacion_2023,0.86,0.001,521200,720829,302738,0.1555640828856485,0.2281181756111706,1.4663936005000269,0.6424724507513109,0.2028301886792453,20.28301886792453,0.0005303404045387,0.001057914677951,439951,169,81037,43,110,0.2454545454545454,24.545454545454547,40.0,-0.0035729353461594,-0.0020707110050134,0.4789969813099173,-0.3480569523046724,-0.3323377839244689,480.0,0.2228175557588192
baja_v1_short,2026-07-05T18:28:57.154304+00:00,baja_cierre_4h,control_v4,control_v4_63_moderado,control,sgd,63,validacion_2023,0.87,0.001,521200,720829,302738,0.1555640828856485,0.2281181756111706,1.4663936005000269,0.6424724507513109,0.2204301075268817,22.04301075268817,0.0005056734089787,0.0010090320675313,439975,145,81039,41,105,0.2571428571428571,25.71428571428571,40.0,-0.0036635080117211,-0.001906235538423,0.473086599354011,-0.3398820327129155,-0.3266073561948159,480.0,0.2385414777511149
baja_v1_short,2026-07-05T18:28:57.332229+00:00,baja_cierre_4h,control_v4,control_v4_63_moderado,control,sgd,63,validacion_2023,0.88,0.001,521200,720829,302738,0.1555640828856485,0.2281181756111706,1.4663936005000269,0.6424724507513109,0.2176470588235294,21.764705882352946,0.0004563394178589,0.0009107692307692,439987,133,81043,37,100,0.24,24.0,39.0,-0.0039962066355801,-0.0023060925994068,0.4428717326128285,-0.3385498616271728,-0.3363989929645017,480.0,0.2299563077297155
baja_v1_short,2026-07-05T18:28:57.527447+00:00,baja_cierre_4h,control_v4,control_v4_63_moderado,control,sgd,63,validacion_2023,0.89,0.001,521200,720829,302738,0.1555640828856485,0.2281181756111706,1.4663936005000269,0.6424724507513109,0.2156862745098039,21.568627450980397,0.000407005426739,0.0008124776876392,440000,120,81047,33,94,0.2340425531914893,23.404255319148938,38.297872340425535,-0.0041866591889411,-0.0024714726712554,0.4394706694302751,-0.3344660750980005,-0.3323019269937494,480.0,0.2340400724169857
baja_v1_short,2026-07-05T18:28:57.712882+00:00,baja_cierre_4h,control_v4,control_v4_63_moderado,control,sgd,63,validacion_2023,0.9,0.001,521200,720829,302738,0.1555640828856485,0.2281181756111706,1.4663936005000269,0.6424724507513109,0.226950354609929,22.69503546099291,0.000394671928959,0.0007879735536376,440011,109,81048,32,88,0.2386363636363636,23.863636363636363,38.63636363636363,-0.0038951678576215,-0.0023060925994068,0.4491362136340224,-0.313993653190404,-0.2967297248657995,480.0,0.2246000725716446
baja_v1_short,2026-07-05T18:28:57.879750+00:00,baja_cierre_4h,control_v4,control_v4_63_moderado,control,sgd,63,validacion_2023,0.91,0.001,521200,720829,302738,0.1555640828856485,0.2281181756111706,1.4663936005000269,0.6424724507513109,0.2265625,22.65625,0.0003576714356191,0.0007142153482415,440021,99,81051,29,80,0.2375,23.75,40.0,-0.0042887017872781,-0.0023060925994068,0.4290861628912079,-0.3140915624981696,-0.2968300981438759,480.0,0.2175514180314354
baja_v1_short,2026-07-05T18:28:58.045607+00:00,baja_cierre_4h,control_v4,control_v4_63_moderado,control,sgd,63,validacion_2023,0.92,0.001,521200,720829,302738,0.1555640828856485,0.2281181756111706,1.4663936005000269,0.6424724507513109,0.2051282051282051,20.51282051282051,0.0002960039467192,0.0005911548456223,440027,93,81056,24,74,0.2297297297297297,22.972972972972972,39.18918918918919,-0.0047931460404227,-0.0029762227893806,0.3980211920428089,-0.308514884324955,-0.3047936679814749,480.0,0.2250247887196147
baja_v1_short,2026-07-05T18:28:58.212751+00:00,baja_cierre_4h,control_v4,control_v4_63_moderado,control,sgd,63,validacion_2023,0.93,0.001,521200,720829,302738,0.1555640828856485,0.2281181756111706,1.4663936005000269,0.6424724507513109,0.2105263157894736,21.052631578947366,0.0002466699555994,0.0004927625500461,440045,75,81060,20,63,0.238095238095238,23.809523809523807,42.85714285714285,-0.0028523585839873,-0.0016985394866205,0.569474574700095,-0.1840785225353072,-0.1696465801506662,480.0,0.2431808423597817
baja_v1_short,2026-07-05T18:28:58.376150+00:00,baja_cierre_4h,control_v4,control_v4_63_moderado,control,sgd,63,validacion_2023,0.94,0.001,521200,720829,302738,0.1555640828856485,0.2281181756111706,1.4663936005000269,0.6424724507513109,0.2125,21.25,0.0002096694622594,0.000418925579103,440057,63,81063,17,53,0.2452830188679245,24.52830188679245,41.50943396226416,-0.002719274418099,-0.0022351864716038,0.5825894175909688,-0.1516528853370548,-0.1386176683066975,480.0,0.2583471827009447
baja_v1_short,2026-07-05T18:28:58.535873+00:00,baja_cierre_4h,control_v4,control_v4_63_moderado,control,sgd,63,validacion_2023,0.95,0.001,521200,720829,302738,0.1555640828856485,0.2281181756111706,1.4663936005000269,0.6424724507513109,0.2272727272727272,22.727272727272727,0.0001850024666995,0.0003697039903384,440069,51,81065,15,45,0.2444444444444444,24.444444444444443,42.22222222222222,-0.0018391116752237,-0.0016985394866205,0.6963482819807703,-0.0973272249622867,-0.0834572708755254,480.0,0.2712083739241435
baja_v1_short,2026-07-05T18:29:26.423088+00:00,baja_cierre_4h,control_v4,control_v4_63_moderado,control,sgd,63,validacion_2024,0.05,0.001,526560,1161428,383819,0.223478805834093,0.2867947640614485,1.2833197447562892,0.6112671069521536,0.223478805834093,22.3478805834093,1.0,0.3653170038883326,0,408885,0,117675,1,0.0,0.0,0.0,-0.0056424693427979,-0.0056424693427979,0.0,0.0,-0.0056424693427979,480.0,1.0
baja_v1_short,2026-07-05T18:29:26.570252+00:00,baja_cierre_4h,control_v4,control_v4_63_moderado,control,sgd,63,validacion_2024,0.06,0.001,526560,1161428,383819,0.223478805834093,0.2867947640614485,1.2833197447562892,0.6112671069521536,0.223478805834093,22.3478805834093,1.0,0.3653170038883326,0,408885,0,117675,1,0.0,0.0,0.0,-0.0056424693427979,-0.0056424693427979,0.0,0.0,-0.0056424693427979,480.0,1.0
baja_v1_short,2026-07-05T18:29:26.715590+00:00,baja_cierre_4h,control_v4,control_v4_63_moderado,control,sgd,63,validacion_2024,0.07,0.001,526560,1161428,383819,0.223478805834093,0.2867947640614485,1.2833197447562892,0.6112671069521536,0.223478805834093,22.3478805834093,1.0,0.3653170038883326,0,408885,0,117675,1,0.0,0.0,0.0,-0.0056424693427979,-0.0056424693427979,0.0,0.0,-0.0056424693427979,480.0,1.0
baja_v1_short,2026-07-05T18:29:26.867978+00:00,baja_cierre_4h,control_v4,control_v4_63_moderado,control,sgd,63,validacion_2024,0.08,0.001,526560,1161428,383819,0.223478805834093,0.2867947640614485,1.2833197447562892,0.6112671069521536,0.2234809279182611,22.348092791826115,1.0,0.3653198391878677,5,408880,0,117675,2,0.0,0.0,0.0,-0.0041894343555904,-0.0041894343555904,0.0,-0.0027363993683829,-0.0083634286616351,480.0,0.6734166075747832
baja_v1_short,2026-07-05T18:29:27.012437+00:00,baja_cierre_4h,control_v4,control_v4_63_moderado,control,sgd,63,validacion_2024,0.09,0.001,526560,1161428,383819,0.223478805834093,0.2867947640614485,1.2833197447562892,0.6112671069521536,0.2234851722075036,22.348517220750363,1.0,0.3653255099189718,15,408870,0,117675,3,0.0,0.0,0.0,-0.0034024971450368,-0.0025252880984917,0.0,-0.0045598711763338,-0.0101766115858122,480.0,0.5527772791843518
baja_v1_short,2026-07-05T18:29:27.138251+00:00,baja_cierre_4h,control_v4,control_v4_63_moderado,control,sgd,63,validacion_2024,0.1,0.001,526560,1161428,383819,0.223478805834093,0.2867947640614485,1.2833197447562892,0.6112671069521536,0.2234799636099119,22.347996360991196,0.999923518164436,0.3653134469226566,34,408851,9,117666,4,0.25,25.0,25.0,-1.81568718980998e-05,-0.0024442202518694,0.9931033985998576,-0.0048824728630949,-0.0001488953435537,480.0,0.4982698836886768
baja_v1_short,2026-07-05T18:29:27.290053+00:00,baja_cierre_4h,control_v4,control_v4_63_moderado,control,sgd,63,validacion_2024,0.11,0.001,526560,1161428,383819,0.223478805834093,0.2867947640614485,1.2833197447562892,0.6112671069521536,0.223503376485226,22.350337648522608,0.99987253027406,0.3653413236869479,110,408775,15,117660,10,0.0,0.0,20.0,-0.0014651106588426,-0.0031770086605101,0.5261876075659676,-0.0215016040315937,-0.0146875838275282,480.0,0.3832462353497513
baja_v1_short,2026-07-05T18:29:27.448246+00:00,baja_cierre_4h,control_v4,control_v4_63_moderado,control,sgd,63,validacion_2024,0.12,0.001,526560,1161428,383819,0.223478805834093,0.2867947640614485,1.2833197447562892,0.6112671069521536,0.2235598801428102,22.35598801428102,0.9998555343106011,0.3654156728284635,250,408635,17,117658,14,0.0,0.0,28.57142857142857,-0.0003579225899468,-0.0013462780805421,0.798681313715436,-0.0139620551959432,-0.0051257994236453,480.0,0.2902252208425275
baja_v1_short,2026-07-05T18:29:27.632266+00:00,baja_cierre_4h,control_v4,control_v4_63_moderado,control,sgd,63,validacion_2024,0.13,0.001,526560,1161428,383819,0.223478805834093,0.2867947640614485,1.2833197447562892,0.6112671069521536,0.223679207258181,22.367920725818102,0.9997790524750372,0.36556994750228,562,408323,26,117649,21,0.0476190476190476,4.761904761904762,23.809523809523807,-0.000751158625071,-0.0014735901602543,0.6437089594011957,-0.0367191023946733,-0.0158658044450223,480.0,0.286603409322279
baja_v1_short,2026-07-05T18:29:27.822207+00:00,baja_cierre_4h,control_v4,control_v4_63_moderado,control,sgd,63,validacion_2024,0.14,0.001,526560,1161428,383819,0.223478805834093,0.2867947640614485,1.2833197447562892,0.6112671069521536,0.2239356952607239,22.3935695260724,0.999549606968345,0.3658970578170981,1258,407627,53,117622,31,0.064516129032258,6.451612903225806,29.03225806451613,-0.0011761024717369,-0.001741648080293,0.5715883301040647,-0.0644505641033672,-0.0363240368942597,480.0,0.3985132936260166
baja_v1_short,2026-07-05T18:29:27.983554+00:00,baja_cierre_4h,control_v4,control_v4_63_moderado,control,sgd,63,validacion_2024,0.15,0.001,526560,1161428,383819,0.223478805834093,0.2867947640614485,1.2833197447562892,0.6112671069521536,0.2244046471590833,22.44046471590833,0.9991332058636074,0.3664948067979202,2525,406360,102,117573,52,0.1153846153846153,11.538461538461538,28.846153846153843,-0.001771007251947,-0.0023850650866515,0.493962909008638,-0.1120214690356534,-0.0897548126303765,480.0,0.2859241729295528
baja_v1_short,2026-07-05T18:29:28.139823+00:00,baja_cierre_4h,control_v4,control_v4_63_moderado,control,sgd,63,validacion_2024,0.16,0.001,526560,1161428,383819,0.223478805834093,0.2867947640614485,1.2833197447562892,0.6112671069521536,0.2250775025961932,22.50775025961933,0.9982749097089442,0.3673336012120207,4439,404446,203,117472,83,0.0963855421686747,9.63855421686747,33.734939759036145,-0.0019627746616147,-0.0015920867552049,0.4424102241518638,-0.1561007179574316,-0.1527476418385842,480.0,0.2477219970523622
baja_v1_short,2026-07-05T18:29:28.306403+00:00,baja_cierre_4h,control_v4,control_v4_63_moderado,control,sgd,63,validacion_2024,0.17,0.001,526560,1161428,383819,0.223478805834093,0.2867947640614485,1.2833197447562892,0.6112671069521536,0.2259674948698927,22.596749486989275,0.9966093052899936,0.3684043539039062,7166,401719,399,117276,120,0.0916666666666666,9.166666666666666,39.16666666666666,-0.0019210289078737,-0.0014777355061378,0.4680491341795224,-0.2208084910900521,-0.2089807422213025,480.0,0.220808045965829
baja_v1_short,2026-07-05T18:29:28.626914+00:00,baja_cierre_4h,control_v4,control_v4_63_moderado,control,sgd,63,validacion_2024,0.18,0.001,526560,1161428,383819,0.223478805834093,0.2867947640614485,1.2833197447562892,0.6112671069521536,0.2271503548799391,22.71503548799391,0.9937709793923944,0.3697788289904932,11005,397880,733,116942,160,0.13125,13.125,41.25,-0.0011095025170798,-0.001388329179259,0.6735123296733794,-0.1653219977714175,-0.167323850081697,480.0,0.2311509594795079
baja_v1_short,2026-07-05T18:29:28.902209+00:00,baja_cierre_4h,control_v4,control_v4_63_moderado,control,sgd,63,validacion_2024,0.19,0.001,526560,1161428,383819,0.223478805834093,0.2867947640614485,1.2833197447562892,0.6112671069521536,0.2287653493732523,22.87653493732524,0.9893180369662206,0.3716029442745606,16406,392479,1257,116418,211,0.1469194312796208,14.691943127962084,39.81042654028436,-0.0008279600148596,-0.0013173587610945,0.7548218483363436,-0.2047303207439905,-0.1673726899786034,480.0,0.2003731805422479
baja_v1_short,2026-07-05T18:29:29.121934+00:00,baja_cierre_4h,control_v4,control_v4_63_moderado,control,sgd,63,validacion_2024,0.2,0.001,526560,1161428,383819,0.223478805834093,0.2867947640614485,1.2833197447562892,0.6112671069521536,0.2307050046441019,23.0705004644102,0.9815083917569576,0.3735957691125811,23749,385136,2176,115499,273,0.1575091575091575,15.75091575091575,41.39194139194139,-0.0007237506925894,-0.0008559514642693,0.7831785084829466,-0.2108903540816478,-0.1879985650412559,480.0,0.166388409975535
baja_v1_short,2026-07-05T18:29:29.327452+00:00,baja_cierre_4h,control_v4,control_v4_63_moderado,control,sgd,63,validacion_2024,0.21,0.001,526560,1161428,383819,0.223478805834093,0.2867947640614485,1.2833197447562892,0.6112671069521536,0.2332714229379036,23.327142293790367,0.9701890800934778,0.3761110342419271,33635,375250,3508,114167,323,0.1424148606811145,14.241486068111456,41.48606811145511,-0.001400766426633,-0.0014071908188052,0.6531166411901169,-0.3900779617063834,-0.3738967830034666,480.0,0.2032666615791536
baja_v1_short,2026-07-05T18:29:29.530619+00:00,baja_cierre_4h,control_v4,control_v4_63_moderado,control,sgd,63,validacion_2024,0.22,0.001,526560,1161428,383819,0.223478805834093,0.2867947640614485,1.2833197447562892,0.6112671069521536,0.2363105301673017,23.63105301673017,0.9549776927979604,0.3788693290718667,45714,363171,5298,112377,391,0.1381074168797953,13.810741687979538,42.96675191815857,-0.0015661863102127,-0.0013346589510329,0.6374587768211231,-0.4660928523185939,-0.4691054070312869,480.0,0.2161086921952562
baja_v1_short,2026-07-05T18:29:29.756272+00:00,baja_cierre_4h,control_v4,control_v4_63_moderado,control,sgd,63,validacion_2024,0.23,0.001,526560,1161428,383819,0.223478805834093,0.2867947640614485,1.2833197447562892,0.6112671069521536,0.2400617513788455,24.00617513788456,0.9369109836413853,0.3821949055007834,59875,349010,7424,110251,448,0.1495535714285714,14.955357142857142,41.07142857142857,-0.0021043023665211,-0.0015082956340629,0.5601848229619523,-0.6230270269466387,-0.6200998448381625,480.0,0.1934443766831323
baja_v1_short,2026-07-05T18:29:29.978243+00:00,baja_cierre_4h,control_v4,control_v4_63_moderado,control,sgd,63,validacion_2024,0.24,0.001,526560,1161428,383819,0.223478805834093,0.2867947640614485,1.2833197447562892,0.6112671069521536,0.2444141170496382,24.44141170496382,0.9162014021669852,0.3858858563280821,75587,333298,9861,107814,499,0.1523046092184369,15.230460921843688,43.687374749499,-0.0015962417625509,-0.0017203936111181,0.6687118045384949,-0.5865160743214776,-0.5642560123147988,480.0,0.2436042526294633
baja_v1_short,2026-07-05T18:29:30.184931+00:00,baja_cierre_4h,control_v4,control_v4_63_moderado,control,sgd,63,validacion_2024,0.25,0.001,526560,1161428,383819,0.223478805834093,0.2867947640614485,1.2833197447562892,0.6112671069521536,0.2491995629661298,24.919956296612988,0.8915912470788188,0.3895265409925839,92783,316102,12757,104918,578,0.1764705882352941,17.647058823529413,40.65743944636678,-0.0016427136895707,-0.0020704270098358,0.6761628398648941,-0.6405505074779254,-0.6309496420212967,480.0,0.1742899804870252
baja_v1_short,2026-07-05T18:29:30.429000+00:00,baja_cierre_4h,control_v4,control_v4_63_moderado,control,sgd,63,validacion_2024,0.26,0.001,526560,1161428,383819,0.223478805834093,0.2867947640614485,1.2833197447562892,0.6112671069521536,0.253848852360429,25.384885236042894,0.8608965370724453,0.3920852241390988,111111,297774,16369,101306,626,0.1980830670926517,19.80830670926517,40.2555910543131,-0.0019062561484941,-0.0020775129194371,0.6401093013641214,-0.7149587646455453,-0.7112154816870824,480.0,0.2017543979325166
baja_v1_short,2026-07-05T18:29:30.689386+00:00,baja_cierre_4h,control_v4,control_v4_63_moderado,control,sgd,63,validacion_2024,0.27,0.001,526560,1161428,383819,0.223478805834093,0.2867947640614485,1.2833197447562892,0.6112671069521536,0.2589862021672016,25.898620216720165,0.8248141066496707,0.394197106676089,131176,277709,20615,97060,673,0.200594353640416,20.059435364041605,41.15898959881129,-0.0019374629763987,-0.0017689434569329,0.6472386003077915,-0.7503083973539073,-0.7450995060090324,480.0,0.2426847010965664
baja_v1_short,2026-07-05T18:29:31.084731+00:00,baja_cierre_4h,control_v4,control_v4_63_moderado,control,sgd,63,validacion_2024,0.28,0.001,526560,1161428,383819,0.223478805834093,0.2867947640614485,1.2833197447562892,0.6112671069521536,0.2641776192210519,26.417761922105186,0.7828255789250053,0.3950417688731839,152303,256582,25556,92119,721,0.1983356449375866,19.83356449375867,42.163661581137305,-0.0019012899547047,-0.0017196046062745,0.6670983341709826,-0.7739948110881625,-0.7639514601112273,480.0,0.2658618201573868
baja_v1_short,2026-07-05T18:29:31.570748+00:00,baja_cierre_4h,control_v4,control_v4_63_moderado,control,sgd,63,validacion_2024,0.29,0.001,526560,1161428,383819,0.223478805834093,0.2867947640614485,1.2833197447562892,0.6112671069521536,0.2697156760860501,26.97156760860501,0.7366475462077756,0.3948582113517465,174176,234709,30990,86685,749,0.205607476635514,20.5607476635514,43.1241655540721,-0.0016875137963933,-0.0014142950347159,0.6975080927254428,-0.7682423304254374,-0.7371336616030315,480.0,0.2725862265633577
baja_v1_short,2026-07-05T18:29:32.024610+00:00,baja_cierre_4h,control_v4,control_v4_63_moderado,control,sgd,63,validacion_2024,0.3,0.001,526560,1161428,383819,0.223478805834093,0.2867947640614485,1.2833197447562892,0.6112671069521536,0.2747779256764098,27.477792567640986,0.6876651795198641,0.3926574164606438,195310,213575,36754,80921,780,0.1948717948717948,19.48717948717949,42.30769230769231,-0.0018243082924939,-0.0019550593385938,0.6846593395147302,-0.7982811022641866,-0.7776643484614285,480.0,0.2133873741194693
baja_v1_short,2026-07-05T18:29:32.480748+00:00,baja_cierre_4h,control_v4,control_v4_63_moderado,control,sgd,63,validacion_2024,0.31,0.001,526560,1161428,383819,0.223478805834093,0.2867947640614485,1.2833197447562892,0.6112671069521536,0.2793370866112374,27.933708661123745,0.6366772891438284,0.3883073972815735,215596,193289,42754,74921,798,0.2030075187969924,20.30075187969925,41.854636591478695,-0.0017840931618459,-0.0020589306475594,0.6972150554820227,-0.8042064139211894,-0.778689056835921,480.0,0.2484375979470866
baja_v1_short,2026-07-05T18:29:32.961150+00:00,baja_cierre_4h,control_v4,control_v4_63_moderado,control,sgd,63,validacion_2024,0.32,0.001,526560,1161428,383819,0.223478805834093,0.2867947640614485,1.2833197447562892,0.6112671069521536,0.283858394244794,28.385839424479403,0.5854514552793711,0.3823384955199693,235076,173809,48782,68893,817,0.2105263157894736,21.052631578947366,43.20685434516524,-0.0013702754723501,-0.0015469154566526,0.7630149016092759,-0.7521765498994293,-0.7022903512688203,480.0,0.2813934156235168
baja_v1_short,2026-07-05T18:29:33.392381+00:00,baja_cierre_4h,control_v4,control_v4_63_moderado,control,sgd,63,validacion_2024,0.33,0.001,526560,1161428,383819,0.223478805834093,0.2867947640614485,1.2833197447562892,0.6112671069521536,0.2881582145821962,28.815821458219627,0.5339111960909284,0.3743014762829602,253680,155205,54847,62828,824,0.2196601941747573,21.966019417475728,42.59708737864077,-0.0014949149281169,-0.0016219370116014,0.7488351743965553,-0.7725138496965553,-0.7346304009838549,480.0,0.3458172015852956
baja_v1_short,2026-07-05T18:29:33.944738+00:00,baja_cierre_4h,control_v4,control_v4_63_moderado,control,sgd,63,validacion_2024,0.34,0.001,526560,1161428,383819,0.223478805834093,0.2867947640614485,1.2833197447562892,0.6112671069521536,0.2920950072114647,29.20950072114647,0.4853282345442957,0.3646969798561288,270474,138411,60564,57111,833,0.2232893157262905,22.32893157262905,43.09723889555822,-0.0017387203116349,-0.0014933413583785,0.7238880395045764,-0.8140976198113767,-0.7880923541123128,480.0,0.2511216657278523
baja_v1_short,2026-07-05T18:29:34.458533+00:00,baja_cierre_4h,control_v4,control_v4_63_moderado,control,sgd,63,validacion_2024,0.35,0.001,526560,1161428,383819,0.223478805834093,0.2867947640614485,1.2833197447562892,0.6112671069521536,0.2967170849089034,29.671708490890342,0.440101975780752,0.3544581900313125,286134,122751,65886,51789,835,0.2514970059880239,25.149700598802397,43.47305389221557,-0.0015862296343034,-0.0014605874128174,0.751505195690715,-0.7945627377768845,-0.7614722969321979,480.0,0.3020532987728335
baja_v1_short,2026-07-05T18:29:34.870160+00:00,baja_cierre_4h,control_v4,control_v4_63_moderado,control,sgd,63,validacion_2024,0.36,0.001,526560,1161428,383819,0.223478805834093,0.2867947640614485,1.2833197447562892,0.6112671069521536,0.3004902308143243,30.04902308143243,0.3963968557467601,0.3418441379512509,300298,108587,71029,46646,827,0.2599758162031439,25.997581620314392,43.89359129383313,-0.0015465440698667,-0.0016873518577776,0.7626400722909185,-0.788541365156817,-0.751733027741203,480.0,0.3037278352783253
baja_v1_short,2026-07-05T18:29:35.219007+00:00,baja_cierre_4h,control_v4,control_v4_63_moderado,control,sgd,63,validacion_2024,0.37,0.001,526560,1161428,383819,0.223478805834093,0.2867947640614485,1.2833197447562892,0.6112671069521536,0.304494774025672,30.4494774025672,0.3560059485872105,0.3282417328418026,313196,95689,75782,41893,824,0.2548543689320388,25.48543689320388,44.05339805825243,-0.0016428136092443,-0.0016837318069301,0.7528701897035268,-0.7964997264179117,-0.7705010963637369,480.0,0.2519841177144009
baja_v1_short,2026-07-05T18:29:35.541188+00:00,baja_cierre_4h,control_v4,control_v4_63_moderado,control,sgd,63,validacion_2024,0.38,0.001,526560,1161428,383819,0.223478805834093,0.2867947640614485,1.2833197447562892,0.6112671069521536,0.3086043612163847,30.860436121638468,0.317620565115785,0.3130475568286514,325148,83737,80299,37376,815,0.2552147239263804,25.52147239263804,43.31288343558282,-0.0015842417648564,-0.0017873686263337,0.7632245985288362,-0.7810647807600941,-0.7556026600298978,480.0,0.2520953885501931
baja_v1_short,2026-07-05T18:29:36.017047+00:00,baja_cierre_4h,control_v4,control_v4_63_moderado,control,sgd,63,validacion_2024,0.39,0.001,526560,1161428,383819,0.223478805834093,0.2867947640614485,1.2833197447562892,0.6112671069521536,0.3119416333254883,31.19416333254884,0.2815891225833864,0.2959892809289861,335796,73089,84539,33136,804,0.2524875621890547,25.24875621890547,43.90547263681592,-0.0017158382453593,-0.0016858182023279,0.7472902356311948,-0.8024751676058745,-0.7756678220005977,480.0,0.2215049770651595
baja_v1_short,2026-07-05T18:29:36.461426+00:00,baja_cierre_4h,control_v4,control_v4_63_moderado,control,sgd,63,validacion_2024,0.4,0.001,526560,1161428,383819,0.223478805834093,0.2867947640614485,1.2833197447562892,0.6112671069521536,0.3141293575214375,31.41293575214375,0.2478011472275334,0.2770506833631824,345217,63668,88515,29160,784,0.2665816326530612,26.65816326530612,42.85714285714285,-0.0018393455712635,-0.0019637527109589,0.7357117782161751,-0.8296059252145187,-0.7893856073673284,480.0,0.2292740070350153
baja_v1_short,2026-07-05T18:29:36.840607+00:00,baja_cierre_4h,control_v4,control_v4_63_moderado,control,sgd,63,validacion_2024,0.41,0.001,526560,1161428,383819,0.223478805834093,0.2867947640614485,1.2833197447562892,0.6112671069521536,0.3169307859399684,31.693078593996844,0.2182196728277034,0.2584713561718982,353540,55345,91996,25679,762,0.2650918635170604,26.50918635170604,44.48818897637795,-0.0017114378099068,-0.0016374840158969,0.7518319554985639,-0.8007856020357751,-0.75733710623839,480.0,0.1987008718175246
baja_v1_short,2026-07-05T18:29:37.077306+00:00,baja_cierre_4h,control_v4,control_v4_63_moderado,control,sgd,63,validacion_2024,0.42,0.001,526560,1161428,383819,0.223478805834093,0.2867947640614485,1.2833197447562892,0.6112671069521536,0.3166157933412469,31.661579334124696,0.1903972806458466,0.2377957853735161,360526,48359,95270,22405,738,0.2588075880758808,25.88075880758808,44.44444444444444,-0.0020454842723391,-0.0016517416331917,0.7065279764534371,-0.8252939724744348,-0.8007333431592946,480.0,0.2082421604953439
baja_v1_short,2026-07-05T18:29:37.360544+00:00,baja_cierre_4h,control_v4,control_v4_63_moderado,control,sgd,63,validacion_2024,0.43,0.001,526560,1161428,383819,0.223478805834093,0.2867947640614485,1.2833197447562892,0.6112671069521536,0.3151056029588294,31.510560295882943,0.1650732950924155,0.2166505874939354,366664,42221,98250,19425,715,0.2559440559440559,25.594405594405597,44.05594405594406,-0.0020921270405793,-0.0016658509373664,0.7022950519605243,-0.8253527918730241,-0.7976468642348397,480.0,0.2120515251110585
baja_v1_short,2026-07-05T18:29:37.615247+00:00,baja_cierre_4h,control_v4,control_v4_63_moderado,control,sgd,63,validacion_2024,0.44,0.001,526560,1161428,383819,0.223478805834093,0.2867947640614485,1.2833197447562892,0.6112671069521536,0.3140005596492864,31.400055964928647,0.1430380284682388,0.1965436711816908,372112,36773,100843,16832,692,0.2557803468208092,25.57803468208093,44.21965317919075,-0.0022897838359679,-0.0017903015939518,0.6884390991303394,-0.8355476711212522,-0.815396981445758,480.0,0.2132042618346744
baja_v1_short,2026-07-05T18:29:37.877527+00:00,baja_cierre_4h,control_v4,control_v4_63_moderado,control,sgd,63,validacion_2024,0.45,0.001,526560,1161428,383819,0.223478805834093,0.2867947640614485,1.2833197447562892,0.6112671069521536,0.3123311752347468,31.23311752347468,0.123807095814744,0.1773236530936399,376808,32077,103106,14569,667,0.2533733133433283,25.337331334332838,43.32833583208396,-0.0023892544576082,-0.0019615860180929,0.676056136789482,-0.8380426640143696,-0.8161148148896717,480.0,0.2042047786274639
baja_v1_short,2026-07-05T18:29:38.082528+00:00,baja_cierre_4h,control_v4,control_v4_63_moderado,control,sgd,63,validacion_2024,0.46,0.001,526560,1161428,383819,0.223478805834093,0.2867947640614485,1.2833197447562892,0.6112671069521536,0.3114458129297126,31.144581292971264,0.1070150839175695,0.1592951697879311,381044,27841,105082,12593,649,0.2573189522342065,25.731895223420647,43.14329738058552,-0.0026160528982156,-0.0023503747759386,0.6548492780800341,-0.8528925501920362,-0.834131572070731,480.0,0.2088422617697171
baja_v1_short,2026-07-05T18:29:38.377554+00:00,baja_cierre_4h,control_v4,control_v4_63_moderado,control,sgd,63,validacion_2024,0.47,0.001,526560,1161428,383819,0.223478805834093,0.2867947640614485,1.2833197447562892,0.6112671069521536,0.3101321585903083,31.01321585903084,0.0927299766305502,0.1427711631558288,384612,24273,106763,10912,627,0.2631578947368421,26.31578947368421,43.85964912280701,-0.0025770570660659,-0.0021464148992672,0.6560840087447721,-0.8372458558003038,-0.8188524617815323,480.0,0.1981487696447803
baja_v1_short,2026-07-05T18:29:38.628236+00:00,baja_cierre_4h,control_v4,control_v4_63_moderado,control,sgd,63,validacion_2024,0.48,0.001,526560,1161428,383819,0.223478805834093,0.2867947640614485,1.2833197447562892,0.6112671069521536,0.310121431129342,31.012143112934204,0.080951773953686,0.1283896706021888,387694,21191,108149,9526,615,0.2682926829268293,26.82926829268293,43.90243902439025,-0.0024683803067705,-0.0021182760354131,0.6724950687664403,-0.8267725673053042,-0.8006819598294167,480.0,0.1895616990918766
baja_v1_short,2026-07-05T18:29:38.918907+00:00,baja_cierre_4h,control_v4,control_v4_63_moderado,control,sgd,63,validacion_2024,0.49,0.001,526560,1161428,383819,0.223478805834093,0.2867947640614485,1.2833197447562892,0.6112671069521536,0.3097394402791181,30.97394402791181,0.0709156575313363,0.1154082853329829,390288,18597,109330,8345,602,0.2757475083056478,27.57475083056478,43.35548172757476,-0.0024136191962438,-0.002156955899205,0.6830050049723747,-0.8127105667199223,-0.787915166233048,480.0,0.1887823461870875
baja_v1_short,2026-07-05T18:29:39.189420+00:00,baja_cierre_4h,control_v4,control_v4_63_moderado,control,sgd,63,validacion_2024,0.5,0.001,526560,1161428,383819,0.223478805834093,0.2867947640614485,1.2833197447562892,0.6112671069521536,0.3076011009951302,30.76011009951302,0.0617293392819205,0.1028239790501804,392534,16351,110411,7264,578,0.2906574394463668,29.06574394463668,43.0795847750865,-0.002347734651921,-0.0021013090261258,0.6933780257708665,-0.7806506727946362,-0.7657909066491446,480.0,0.1953767583994728
baja_v1_short,2026-07-05T18:29:39.659120+00:00,baja_cierre_4h,control_v4,control_v4_63_moderado,control,sgd,63,validacion_2024,0.51,0.001,526560,1161428,383819,0.223478805834093,0.2867947640614485,1.2833197447562892,0.6112671069521536,0.3059805285118219,30.5980528511822,0.0542171234331846,0.0921126719893738,394414,14471,111295,6380,555,0.2864864864864865,28.64864864864865,42.7027027027027,-0.0025576826220387,-0.0020453327558934,0.6703962626622904,-0.7827740326271974,-0.7793229887205732,480.0,0.1772904739186534
baja_v1_short,2026-07-05T18:29:40.030065+00:00,baja_cierre_4h,control_v4,control_v4_63_moderado,control,sgd,63,validacion_2024,0.52,0.001,526560,1161428,383819,0.223478805834093,0.2867947640614485,1.2833197447562892,0.6112671069521536,0.3060480800609159,30.604808006091595,0.0478181431909921,0.0827129008312448,396126,12759,112048,5627,537,0.292364990689013,29.236499068901303,42.83054003724395,-0.0025293427394295,-0.0021707546655088,0.6780049101524518,-0.7662695614993297,-0.7648080424111314,480.0,0.1700979651650133
baja_v1_short,2026-07-05T18:29:40.344522+00:00,baja_cierre_4h,control_v4,control_v4_63_moderado,control,sgd,63,validacion_2024,0.53,0.001,526560,1161428,383819,0.223478805834093,0.2867947640614485,1.2833197447562892,0.6112671069521536,0.3053631627336806,30.536316273368065,0.0423369449755683,0.0743637584894395,397552,11333,112693,4982,522,0.2988505747126437,29.88505747126437,43.86973180076628,-0.0026747928827692,-0.0021282769846729,0.668229228800576,-0.7819582247389458,-0.7738746385116179,480.0,0.1666167810202265
baja_v1_short,2026-07-05T18:29:40.633791+00:00,baja_cierre_4h,control_v4,control_v4_63_moderado,control,sgd,63,validacion_2024,0.54,0.001,526560,1161428,383819,0.223478805834093,0.2867947640614485,1.2833197447562892,0.6112671069521536,0.305255130338325,30.525513033832503,0.0374166135542808,0.0666621246186572,398864,10021,113272,4403,500,0.302,30.2,43.6,-0.0028028214374508,-0.0022670817086473,0.6605889829800895,-0.7788658655355732,-0.7744923673694678,480.0,0.1590165939777773
baja_v1_short,2026-07-05T18:29:40.887104+00:00,baja_cierre_4h,control_v4,control_v4_63_moderado,control,sgd,63,validacion_2024,0.55,0.001,526560,1161428,383819,0.223478805834093,0.2867947640614485,1.2833197447562892,0.6112671069521536,0.307068000945552,30.7068000945552,0.0331166347992351,0.0597855269011858,400091,8794,113778,3897,480,0.3104166666666667,31.041666666666668,43.958333333333336,-0.0027079138167167,-0.0022317774817347,0.6778877102425835,-0.7527620383030722,-0.7506757536560416,480.0,0.1624405910602795
baja_v1_short,2026-07-05T18:29:41.081208+00:00,baja_cierre_4h,control_v4,control_v4_63_moderado,control,sgd,63,validacion_2024,0.56,0.001,526560,1161428,383819,0.223478805834093,0.2867947640614485,1.2833197447562892,0.6112671069521536,0.3076512455516014,30.765124555160146,0.0293860208200552,0.0536477523949889,401103,7782,114217,3458,459,0.3180827886710239,31.808278867102395,45.09803921568628,-0.0026446743756505,-0.0019564880747348,0.6824900773076992,-0.7261194733770082,-0.7278008982630624,480.0,0.1758633401724626
baja_v1_short,2026-07-05T18:29:41.311102+00:00,baja_cierre_4h,control_v4,control_v4_63_moderado,control,sgd,63,validacion_2024,0.57,0.001,526560,1161428,383819,0.223478805834093,0.2867947640614485,1.2833197447562892,0.6112671069521536,0.3056979198070546,30.569791980705457,0.02585086042065,0.0476705373513234,401976,6909,114633,3042,442,0.3303167420814479,33.03167420814479,46.15384615384615,-0.0023615098139485,-0.0015958927213214,0.7139414005008899,-0.6825572866948373,-0.6767718064965457,480.0,0.1909114053183593
baja_v1_short,2026-07-05T18:29:41.570822+00:00,baja_cierre_4h,control_v4,control_v4_63_moderado,control,sgd,63,validacion_2024,0.58,0.001,526560,1161428,383819,0.223478805834093,0.2867947640614485,1.2833197447562892,0.6112671069521536,0.3017865219357756,30.17865219357757,0.0226811132356065,0.0421912914265841,402710,6175,115006,2669,425,0.3341176470588235,33.411764705882355,47.76470588235294,-0.0016558851830804,-0.0009998401483622,0.7897695980728059,-0.566431283647905,-0.5436141251643378,480.0,0.2087011752399145
baja_v1_short,2026-07-05T18:29:41.844461+00:00,baja_cierre_4h,control_v4,control_v4_63_moderado,control,sgd,63,validacion_2024,0.59,0.001,526560,1161428,383819,0.223478805834093,0.2867947640614485,1.2833197447562892,0.6112671069521536,0.3007452317797145,30.07452317797145,0.0202336944975568,0.0379164277979489,403349,5536,115294,2381,409,0.3422982885085575,34.229828850855746,49.1442542787286,-0.0013444460722472,-0.0002359126918017,0.8277248735277974,-0.5172448469952926,-0.4667202983079089,480.0,0.2139062655993548
baja_v1_short,2026-07-05T18:29:42.097330+00:00,baja_cierre_4h,control_v4,control_v4_63_moderado,control,sgd,63,validacion_2024,0.6,0.001,526560,1161428,383819,0.223478805834093,0.2867947640614485,1.2833197447562892,0.6112671069521536,0.3000845308537616,30.008453085376164,0.0181007010834926,0.0341420018754057,403917,4968,115545,2130,391,0.3350383631713555,33.50383631713555,48.84910485933504,-0.0017400193104021,-0.0004724733987823,0.783992991657346,-0.5705987570548832,-0.5306133981835572,480.0,0.1878255042171518
baja_v1_short,2026-07-05T18:29:42.366907+00:00,baja_cierre_4h,control_v4,control_v4_63_moderado,control,sgd,63,validacion_2024,0.61,0.001,526560,1161428,383819,0.223478805834093,0.2867947640614485,1.2833197447562892,0.6112671069521536,0.3061771194453199,30.61771194453199,0.0165115785001062,0.0313334032139718,404482,4403,115732,1943,377,0.3395225464190981,33.95225464190981,48.54111405835544,-0.0016220938458551,-0.0004724733987823,0.7955989161657977,-0.5398702587291568,-0.4954218163029853,480.0,0.2012973179272466
baja_v1_short,2026-07-05T18:29:42.626680+00:00,baja_cierre_4h,control_v4,control_v4_63_moderado,control,sgd,63,validacion_2024,0.62,0.001,526560,1161428,383819,0.223478805834093,0.2867947640614485,1.2833197447562892,0.6112671069521536,0.3048458149779736,30.48458149779736,0.0147015083917569,0.0280502634779083,404940,3945,115945,1730,362,0.3342541436464088,33.42541436464088,48.89502762430939,-0.0013271457041437,-0.0001449059743899,0.8299433778074202,-0.4738528027843445,-0.4229250323202876,480.0,0.1760658877368414
baja_v1_short,2026-07-05T18:29:42.873049+00:00,baja_cierre_4h,control_v4,control_v4_63_moderado,control,sgd,63,validacion_2024,0.63,0.001,526560,1161428,383819,0.223478805834093,0.2867947640614485,1.2833197447562892,0.6112671069521536,0.3046644361346192,30.46644361346192,0.0131548757170172,0.0252207631398872,405352,3533,116127,1548,346,0.338150289017341,33.81502890173411,48.84393063583815,-0.0015099658797224,-0.0001449059743899,0.8080471596996106,-0.5152250756551049,-0.4452118233841461,480.0,0.1892639011809526
baja_v1_short,2026-07-05T18:29:43.053994+00:00,baja_cierre_4h,control_v4,control_v4_63_moderado,control,sgd,63,validacion_2024,0.64,0.001,526560,1161428,383819,0.223478805834093,0.2867947640614485,1.2833197447562892,0.6112671069521536,0.3091186736474695,30.911867364746943,0.0120416401104737,0.0231802975650054,405718,3167,116258,1417,337,0.3531157270029673,35.311572700296736,50.14836795252226,-0.0011971732035515,2.9131701216101626e-05,0.8468127114325684,-0.4548347738446813,-0.3740288247559831,480.0,0.1976512623017379
baja_v1_short,2026-07-05T18:29:43.287018+00:00,baja_cierre_4h,control_v4,control_v4_63_moderado,control,sgd,63,validacion_2024,0.65,0.001,526560,1161428,383819,0.223478805834093,0.2867947640614485,1.2833197447562892,0.6112671069521536,0.3058908739739256,30.58908739739256,0.0107669428510728,0.0208016943447958,406010,2875,116408,1267,319,0.347962382445141,34.79623824451411,49.52978056426332,-0.0013717706810749,-7.647905638441446e-05,0.8304041754467623,-0.4256797861683405,-0.3949067300921954,480.0,0.1986243609149434
baja_v1_short,2026-07-05T18:29:43.510686+00:00,baja_cierre_4h,control_v4,control_v4_63_moderado,control,sgd,63,validacion_2024,0.66,0.001,526560,1161428,383819,0.223478805834093,0.2867947640614485,1.2833197447562892,0.6112671069521536,0.305562949161565,30.556294916156507,0.0097556830252814,0.0189077014296066,406276,2609,116527,1148,304,0.3519736842105263,35.19736842105263,50.98684210526315,-0.0010060703907697,0.0002913848040625,0.8724719835598899,-0.3789734083108717,-0.3076032637109537,480.0,0.234853942596464
baja_v1_short,2026-07-05T18:29:43.736398+00:00,baja_cierre_4h,control_v4,control_v4_63_moderado,control,sgd,63,validacion_2024,0.67,0.001,526560,1161428,383819,0.223478805834093,0.2867947640614485,1.2833197447562892,0.6112671069521536,0.3070123747790218,30.701237477902183,0.0088548969619715,0.0172133246330604,406533,2352,116633,1042,293,0.3412969283276451,34.129692832764505,49.829351535836174,-0.0008686926736349,-7.01093338429928e-05,0.8870959848906752,-0.3283297106513967,-0.2686936617686023,480.0,0.2563292657086864
baja_v1_short,2026-07-05T18:29:43.974668+00:00,baja_cierre_4h,control_v4,control_v4_63_moderado,control,sgd,63,validacion_2024,0.68,0.001,526560,1161428,383819,0.223478805834093,0.2867947640614485,1.2833197447562892,0.6112671069521536,0.3109298531810767,31.09298531810767,0.0080985765880603,0.0157859864170945,406773,2112,116722,953,278,0.3453237410071942,34.53237410071942,48.561151079136685,-0.0011950662282595,-0.0003213778070639,0.8540077642762555,-0.39441029928033,-0.3248200586599831,480.0,0.230157743583533
baja_v1_short,2026-07-05T18:29:44.171204+00:00,baja_cierre_4h,control_v4,control_v4_63_moderado,control,sgd,63,validacion_2024,0.69,0.001,526560,1161428,383819,0.223478805834093,0.2867947640614485,1.2833197447562892,0.6112671069521536,0.3165883628478496,31.658836284784964,0.0074442319949012,0.0145464206838146,406994,1891,116799,876,260,0.3576923076923077,35.76923076923077,48.46153846153846,-0.0010040864175384,-0.0003213778070639,0.87591461717861,-0.3784220100015962,-0.2723018840983215,480.0,0.2545170769751965
baja_v1_short,2026-07-05T18:29:44.415353+00:00,baja_cierre_4h,control_v4,control_v4_63_moderado,control,sgd,63,validacion_2024,0.7,0.001,526560,1161428,383819,0.223478805834093,0.2867947640614485,1.2833197447562892,0.6112671069521536,0.3190208667736757,31.90208667736757,0.0067558954748247,0.0132315860427571,407188,1697,116880,795,248,0.3548387096774194,35.483870967741936,47.17741935483871,-0.0013039448940922,-0.0007061769026913,0.8429068620292008,-0.3954541382383378,-0.3147504599685723,480.0,0.2624787469902953
baja_v1_short,2026-07-05T18:29:44.648046+00:00,baja_cierre_4h,control_v4,control_v4_63_moderado,control,sgd,63,validacion_2024,0.71,0.001,526560,1161428,383819,0.223478805834093,0.2867947640614485,1.2833197447562892,0.6112671069521536,0.3195555555555555,31.955555555555552,0.0061100488633949,0.0119908276005836,407354,1531,116956,719,233,0.3390557939914163,33.90557939914164,46.78111587982833,-0.0010500589425961,-0.0005908830314874,0.8721363038184724,-0.409268295587853,-0.2567205335474494,480.0,0.2812264871027967
baja_v1_short,2026-07-05T18:29:44.882455+00:00,baja_cierre_4h,control_v4,control_v4_63_moderado,control,sgd,63,validacion_2024,0.72,0.001,526560,1161428,383819,0.223478805834093,0.2867947640614485,1.2833197447562892,0.6112671069521536,0.3164619164619164,31.64619164619165,0.0054727002336944,0.0107593350597276,407494,1391,117031,644,228,0.3421052631578947,34.21052631578947,46.49122807017544,-0.0009549774408808,-0.0007061769026913,0.8823774335917588,-0.4201687062695441,-0.23459216299518,480.0,0.2718072077831155
baja_v1_short,2026-07-05T18:29:45.116847+00:00,baja_cierre_4h,control_v4,control_v4_63_moderado,control,sgd,63,validacion_2024,0.73,0.001,526560,1161428,383819,0.223478805834093,0.2867947640614485,1.2833197447562892,0.6112671069521536,0.3118918918918918,31.189189189189182,0.0049033354578287,0.0096548839154988,407612,1273,117098,577,214,0.3177570093457944,31.77570093457944,45.32710280373832,-0.0013382696820921,-0.0009939968576043,0.8385247593116457,-0.4019947231102359,-0.2831831839281022,480.0,0.2596168819670055
baja_v1_short,2026-07-05T18:29:45.363031+00:00,baja_cierre_4h,control_v4,control_v4_63_moderado,control,sgd,63,validacion_2024,0.74,0.001,526560,1161428,383819,0.223478805834093,0.2867947640614485,1.2833197447562892,0.6112671069521536,0.305175490779298,30.517549077929807,0.004359464627151,0.0085961325781695,407717,1168,117162,513,196,0.336734693877551,33.6734693877551,45.40816326530612,-0.0014228521143249,-0.0009048121703708,0.829148549659302,-0.3537850392634437,-0.2745326118039284,480.0,0.2242701666093775
baja_v1_short,2026-07-05T18:29:45.608321+00:00,baja_cierre_4h,control_v4,control_v4_63_moderado,control,sgd,63,validacion_2024,0.75,0.001,526560,1161428,383819,0.223478805834093,0.2867947640614485,1.2833197447562892,0.6112671069521536,0.2974025974025974,29.740259740259734,0.0038920756320373,0.0076835968628108,407803,1082,117217,458,181,0.3314917127071823,33.14917127071823,46.408839779005525,-0.0017242738024854,-0.0008214707738952,0.8035224177098508,-0.3418517473306502,-0.2966072595361028,480.0,0.2296882752328924
baja_v1_short,2026-07-05T18:29:45.841837+00:00,baja_cierre_4h,control_v4,control_v4_63_moderado,control,sgd,63,validacion_2024,0.76,0.001,526560,1161428,383819,0.223478805834093,0.2867947640614485,1.2833197447562892,0.6112671069521536,0.2944483485593815,29.44483485593816,0.0035606543445931,0.007036222270735,407881,1004,117256,419,170,0.3352941176470588,33.52941176470588,46.47058823529412,-0.0016071403819841,-0.0009048121703708,0.8195546357050155,-0.3147868682124898,-0.2675923325224295,480.0,0.2190472253283903
baja_v1_short,2026-07-05T18:29:46.030050+00:00,baja_cierre_4h,control_v4,control_v4_63_moderado,control,sgd,63,validacion_2024,0.77,0.001,526560,1161428,383819,0.223478805834093,0.2867947640614485,1.2833197447562892,0.6112671069521536,0.2925531914893617,29.25531914893617,0.0032717229657956,0.0064710776445277,407954,931,117290,385,159,0.3396226415094339,33.9622641509434,46.540880503144656,-0.0014094880470256,-0.0008214707738952,0.8408956916376737,-0.2794659636788433,-0.2292632280067412,480.0,0.2049813014726172
baja_v1_short,2026-07-05T18:29:46.198906+00:00,baja_cierre_4h,control_v4,control_v4_63_moderado,control,sgd,63,validacion_2024,0.78,0.001,526560,1161428,383819,0.223478805834093,0.2867947640614485,1.2833197447562892,0.6112671069521536,0.2939271255060728,29.392712550607285,0.0030847673677501,0.0061054579093432,408013,872,117312,363,150,0.3333333333333333,33.33333333333333,46.0,-0.0018469174515222,-0.0011839727707491,0.8021020299630637,-0.2926619731015205,-0.2699751623501382,480.0,0.1914019914392104
baja_v1_short,2026-07-05T18:29:46.400196+00:00,baja_cierre_4h,control_v4,control_v4_63_moderado,control,sgd,63,validacion_2024,0.79,0.001,526560,1161428,383819,0.223478805834093,0.2867947640614485,1.2833197447562892,0.6112671069521536,0.2959447799827437,29.594477998274375,0.0029148077331633,0.0057727586381002,408069,816,117332,343,143,0.3216783216783216,32.16783216783217,44.75524475524475,-0.0018701204739174,-0.0014579990345519,0.7982059628119622,-0.3011947302463056,-0.2610307996713056,480.0,0.1768151286595441
baja_v1_short,2026-07-05T18:29:46.606230+00:00,baja_cierre_4h,control_v4,control_v4_63_moderado,control,sgd,63,validacion_2024,0.8,0.001,526560,1161428,383819,0.223478805834093,0.2867947640614485,1.2833197447562892,0.6112671069521536,0.3020637898686679,30.206378986866795,0.0027363501168472,0.0054235689441726,408141,744,117353,322,130,0.3,30.0,42.30769230769231,-0.0027964769526509,-0.0019126345976255,0.7175270158625663,-0.32604767595297,-0.3277091209409212,480.0,0.1937672159928044
baja_v1_short,2026-07-05T18:29:46.825791+00:00,baja_cierre_4h,control_v4,control_v4_63_moderado,control,sgd,63,validacion_2024,0.81,0.001,526560,1161428,383819,0.223478805834093,0.2867947640614485,1.2833197447562892,0.6112671069521536,0.3155737704918033,31.557377049180328,0.0026173783726364,0.005191696656581,408217,668,117367,308,127,0.2992125984251969,29.92125984251969,41.732283464566926,-0.002985634020337,-0.0021182760354131,0.6979161402895112,-0.3358879966253667,-0.3375251829960869,480.0,0.1901211429238092
baja_v1_short,2026-07-05T18:29:47.061763+00:00,baja_cierre_4h,control_v4,control_v4_63_moderado,control,sgd,63,validacion_2024,0.82,0.001,526560,1161428,383819,0.223478805834093,0.2867947640614485,1.2833197447562892,0.6112671069521536,0.3314917127071823,33.14917127071823,0.0025493945188017,0.0050598751897453,408280,605,117375,300,118,0.3135593220338983,31.35593220338983,43.22033898305085,-0.0022074209235792,-0.0014965286789229,0.7714194796035218,-0.2697217591184624,-0.2522792139221378,480.0,0.1815520852280183
baja_v1_short,2026-07-05T18:29:47.262397+00:00,baja_cierre_4h,control_v4,control_v4_63_moderado,control,sgd,63,validacion_2024,0.83,0.001,526560,1161428,383819,0.223478805834093,0.2867947640614485,1.2833197447562892,0.6112671069521536,0.3492063492063492,34.92063492063492,0.002430422774591,0.0048272486370617,408352,533,117389,286,110,0.3090909090909091,30.909090909090907,42.72727272727273,-0.0020217296991559,-0.0015824960971949,0.787003519868671,-0.263099580642249,-0.2210837719899504,480.0,0.1967720863777534
baja_v1_short,2026-07-05T18:29:47.472812+00:00,baja_cierre_4h,control_v4,control_v4_63_moderado,control,sgd,63,validacion_2024,0.84,0.001,526560,1161428,383819,0.223478805834093,0.2867947640614485,1.2833197447562892,0.6112671069521536,0.3702185792349727,37.02185792349727,0.0023029530486509,0.0045774320774954,408424,461,117404,271,105,0.3238095238095238,32.38095238095238,44.761904761904766,-0.0020630110278835,-0.0013681053931359,0.7847242173018147,-0.259690865258593,-0.2160212866342757,480.0,0.2061583045176673
baja_v1_short,2026-07-05T18:29:47.678639+00:00,baja_cierre_4h,control_v4,control_v4_63_moderado,control,sgd,63,validacion_2024,0.85,0.001,526560,1161428,383819,0.223478805834093,0.2867947640614485,1.2833197447562892,0.6112671069521536,0.3919753086419753,39.19753086419753,0.0021584873592521,0.0042933326572179,408491,394,117421,254,100,0.33,33.0,46.0,-0.0020083547956425,-0.0006469720863387,0.7942439574670016,-0.25298152602388,-0.2037738622239124,480.0,0.2079370331161751
baja_v1_short,2026-07-05T18:29:47.891798+00:00,baja_cierre_4h,control_v4,control_v4_63_moderado,control,sgd,63,validacion_2024,0.86,0.001,526560,1161428,383819,0.223478805834093,0.2867947640614485,1.2833197447562892,0.6112671069521536,0.4086021505376344,40.86021505376344,0.0019375398342893,0.0038567912511735,408555,330,117447,228,96,0.3125,31.25,44.79166666666667,-0.0031027885789831,-0.0009106554611287,0.6971636113574214,-0.2745484273102029,-0.2763368295998619,480.0,0.2061816563444722
baja_v1_short,2026-07-05T18:29:48.062706+00:00,baja_cierre_4h,control_v4,control_v4_63_moderado,control,sgd,63,validacion_2024,0.87,0.001,526560,1161428,383819,0.223478805834093,0.2867947640614485,1.2833197447562892,0.6112671069521536,0.4261954261954262,42.61954261954262,0.0017420862545145,0.0034699888283286,408609,276,117470,205,85,0.3058823529411765,30.58823529411765,44.70588235294118,-0.0029220562858904,-0.0008214707738952,0.700882358535696,-0.233953122033127,-0.2358416009366359,480.0,0.230708757842887
baja_v1_short,2026-07-05T18:29:48.240381+00:00,baja_cierre_4h,control_v4,control_v4_63_moderado,control,sgd,63,validacion_2024,0.88,0.001,526560,1161428,383819,0.223478805834093,0.2867947640614485,1.2833197447562892,0.6112671069521536,0.4447174447174447,44.47174447174447,0.0015381346930104,0.0030656662319405,408659,226,117494,181,81,0.2962962962962963,29.629629629629623,44.44444444444444,-0.002561483481998,-0.0008214707738952,0.7291310969919298,-0.2025134605533545,-0.2028068481465847,480.0,0.2161182558472752
baja_v1_short,2026-07-05T18:29:48.424446+00:00,baja_cierre_4h,control_v4,control_v4_63_moderado,control,sgd,63,validacion_2024,0.89,0.001,526560,1161428,383819,0.223478805834093,0.2867947640614485,1.2833197447562892,0.6112671069521536,0.4397590361445783,43.97590361445783,0.0012407053324835,0.0024744294829967,408699,186,117529,146,75,0.2933333333333333,29.33333333333333,44.0,-0.0031971095687088,-0.0014579990345519,0.6797856011435458,-0.2283054593224609,-0.2275368328413662,480.0,0.2105878428939704
baja_v1_short,2026-07-05T18:29:48.608568+00:00,baja_cierre_4h,control_v4,control_v4_63_moderado,control,sgd,63,validacion_2024,0.9,0.001,526560,1161428,383819,0.223478805834093,0.2867947640614485,1.2833197447562892,0.6112671069521536,0.4599303135888501,45.99303135888502,0.0011217335882727,0.0022380088503077,408730,155,117543,132,72,0.2777777777777778,27.77777777777778,43.05555555555556,-0.0036881526080412,-0.0017881375349825,0.6324766001729989,-0.2485232617810097,-0.2464107879939998,480.0,0.2654032183245259
baja_v1_short,2026-07-05T18:29:48.802713+00:00,baja_cierre_4h,control_v4,control_v4_63_moderado,control,sgd,63,validacion_2024,0.91,0.001,526560,1161428,383819,0.223478805834093,0.2867947640614485,1.2833197447562892,0.6112671069521536,0.4957627118644068,49.57627118644068,0.0009942638623326,0.0019845476673083,408766,119,117558,117,60,0.3,30.0,46.66666666666666,-0.0017814220783378,-0.000887474157731,0.7984570247373255,-0.2011607420220065,-0.1123406820075263,480.0,0.2793063686157143
baja_v1_short,2026-07-05T18:29:48.987604+00:00,baja_cierre_4h,control_v4,control_v4_63_moderado,control,sgd,63,validacion_2024,0.92,0.001,526560,1161428,383819,0.223478805834093,0.2867947640614485,1.2833197447562892,0.6112671069521536,0.5073170731707317,50.73170731707317,0.0008837900998512,0.0017645062775704,408784,101,117571,104,51,0.2941176470588235,29.411764705882355,50.98039215686274,-0.0007536303286038,0.0006642764676362,0.9065339804719544,-0.1509412002607955,-0.0474436919656566,480.0,0.287596611289469
baja_v1_short,2026-07-05T18:29:49.144739+00:00,baja_cierre_4h,control_v4,control_v4_63_moderado,control,sgd,63,validacion_2024,0.93,0.001,526560,1161428,383819,0.223478805834093,0.2867947640614485,1.2833197447562892,0.6112671069521536,0.5333333333333333,53.333333333333336,0.0008158062460165,0.0016291205294641,408801,84,117579,96,44,0.3181818181818182,31.818181818181817,50.0,-0.0008861147356695,0.0002401819985825,0.9014153468384708,-0.1435685258652838,-0.047863446158795,480.0,0.2891273694208195
baja_v1_short,2026-07-05T18:29:49.436806+00:00,baja_cierre_4h,control_v4,control_v4_63_moderado,control,sgd,63,validacion_2024,0.94,0.001,526560,1161428,383819,0.223478805834093,0.2867947640614485,1.2833197447562892,0.6112671069521536,0.5822784810126582,58.22784810126582,0.0007818143190992,0.001561531998676,408819,66,117583,92,38,0.3157894736842105,31.57894736842105,50.0,-0.0010163327242358,0.0002649891723413,0.8902526815272522,-0.1393501242911505,-0.0464187228755702,480.0,0.3528039175917486
baja_v1_short,2026-07-05T18:29:49.745837+00:00,baja_cierre_4h,control_v4,control_v4_63_moderado,control,sgd,63,validacion_2024,0.95,0.001,526560,1161428,383819,0.223478805834093,0.2867947640614485,1.2833197447562892,0.6112671069521536,0.6544117647058824,65.44117647058823,0.0007563203739111,0.0015108945684189,408838,47,117586,89,32,0.34375,34.375,50.0,-0.0002738785504116,-0.0002605888837715,0.9730202196948514,-0.1340711185113843,-0.0184084518636337,480.0,0.3298533572269309
baja_v1_short,2026-07-05T18:30:10.328622+00:00,baja_cierre_4h,control_v4,sgd_63_sin_pesos,base,sgd,63,validacion_2023,0.05,0.001,521200,720829,302738,0.1555640828856485,0.2210412569135555,1.4209016169628164,0.6285724216196856,0.1555679631303159,15.5567963130316,1.0,0.2692493528617706,13,440107,0,81080,10,0.0,0.0,20.0,-0.0104343634322285,-0.0084074929580092,0.0219026860226972,-0.1000410742806909,-0.1000342020196364,480.0,0.4232287322741103
baja_v1_short,2026-07-05T18:30:10.488623+00:00,baja_cierre_4h,control_v4,sgd_63_sin_pesos,base,sgd,63,validacion_2023,0.06,0.001,521200,720829,302738,0.1555640828856485,0.2210412569135555,1.4209016169628164,0.6285724216196856,0.1555720143447302,15.55720143447302,0.99998766650222,0.2692549734577341,32,440088,1,81079,25,0.04,4.0,28.000000000000004,-0.0045360460844822,-0.0019559669415466,0.2797033576807595,-0.1289922696817708,-0.1087309236032558,480.0,0.2456184132966898
baja_v1_short,2026-07-05T18:30:10.668351+00:00,baja_cierre_4h,control_v4,sgd_63_sin_pesos,base,sgd,63,validacion_2023,0.07,0.001,521200,720829,302738,0.1555640828856485,0.2210412569135555,1.4209016169628164,0.6285724216196856,0.1556054543186419,15.560545431864195,0.99998766650222,0.2693050561751102,144,439976,1,81079,45,0.0222222222222222,2.2222222222222223,22.22222222222222,-0.0041967759557624,-0.0016349891773425,0.2014560042108066,-0.1790982220721738,-0.1737865456239079,480.0,0.2068593328069528
baja_v1_short,2026-07-05T18:30:10.847937+00:00,baja_cierre_4h,control_v4,sgd_63_sin_pesos,base,sgd,63,validacion_2023,0.08,0.001,521200,720829,302738,0.1555640828856485,0.2210412569135555,1.4209016169628164,0.6285724216196856,0.1556892091967531,15.568920919675314,0.9999383325111002,0.2694286915386264,446,439674,5,81075,63,0.0634920634920634,6.349206349206349,26.984126984126984,-0.0052972814562456,-0.0018200603188015,0.2104417830168153,-0.2923206896232988,-0.2923152856467118,480.0,0.3894383443865281
baja_v1_short,2026-07-05T18:30:11.034518+00:00,baja_cierre_4h,control_v4,sgd_63_sin_pesos,base,sgd,63,validacion_2023,0.09,0.001,521200,720829,302738,0.1555640828856485,0.2210412569135555,1.4209016169628164,0.6285724216196856,0.1558700249951932,15.587002499519324,0.9998519980266404,0.2696962640141055,1088,439032,12,81068,94,0.0957446808510638,9.574468085106384,30.851063829787236,-0.005607246870606,-0.0020140915401279,0.1915003563505055,-0.4180611352651686,-0.418056691467033,480.0,0.2728846720643523
baja_v1_short,2026-07-05T18:30:11.213703+00:00,baja_cierre_4h,control_v4,sgd_63_sin_pesos,base,sgd,63,validacion_2023,0.1,0.001,521200,720829,302738,0.1555640828856485,0.2210412569135555,1.4209016169628164,0.6285724216196856,0.1561187285848833,15.611872858488333,0.9997163295510608,0.2700635202513489,1976,438144,23,81057,156,0.1025641025641025,10.256410256410255,32.69230769230769,-0.003820702459128,-0.0015350715073291,0.3392303608719139,-0.4617131049021549,-0.4592173828353307,480.0,0.2935350179408469
baja_v1_short,2026-07-05T18:30:11.380171+00:00,baja_cierre_4h,control_v4,sgd_63_sin_pesos,base,sgd,63,validacion_2023,0.11,0.001,521200,720829,302738,0.1555640828856485,0.2210412569135555,1.4209016169628164,0.6285724216196856,0.1565220750871702,15.652207508717028,0.9993339911198816,0.2706527820691613,3481,436639,54,81026,234,0.094017094017094,9.401709401709402,31.62393162393162,-0.0035797439722628,-0.0018577143016736,0.3556303635006667,-0.5783121836166432,-0.5769960385678332,480.0,0.2472547013749927
baja_v1_short,2026-07-05T18:30:11.557854+00:00,baja_cierre_4h,control_v4,sgd_63_sin_pesos,base,sgd,63,validacion_2023,0.12,0.001,521200,720829,302738,0.1555640828856485,0.2210412569135555,1.4209016169628164,0.6285724216196856,0.1571423856552388,15.714238565523884,0.998297977306364,0.271541363409917,5975,434145,138,80942,315,0.0888888888888888,8.88888888888889,32.06349206349206,-0.0030510303317606,-0.0020071118595078,0.4217291829364936,-0.6295454027198816,-0.6282945191912648,480.0,0.2147634257417234
baja_v1_short,2026-07-05T18:30:11.755744+00:00,baja_cierre_4h,control_v4,sgd_63_sin_pesos,base,sgd,63,validacion_2023,0.13,0.001,521200,720829,302738,0.1555640828856485,0.2210412569135555,1.4209016169628164,0.6285724216196856,0.1580840034766539,15.808400347665398,0.9959916132215096,0.2728596625196818,10039,430081,325,80755,405,0.1037037037037037,10.37037037037037,36.2962962962963,-0.002145685539387,-0.0016452313973568,0.5517378229429425,-0.6032132326898818,-0.5947735178682354,480.0,0.2090937349780412
baja_v1_short,2026-07-05T18:30:11.950777+00:00,baja_cierre_4h,control_v4,sgd_63_sin_pesos,base,sgd,63,validacion_2023,0.14,0.001,521200,720829,302738,0.1555640828856485,0.2210412569135555,1.4209016169628164,0.6285724216196856,0.1597113447088135,15.971134470881353,0.9922175629008386,0.2751357313246522,16854,423266,631,80449,525,0.1009523809523809,10.095238095238097,36.19047619047619,-0.0023005450890791,-0.0017934758905321,0.5303883617581545,-0.7228255415096374,-0.7145426837038293,480.0,0.208366089554902
baja_v1_short,2026-07-05T18:30:12.161773+00:00,baja_cierre_4h,control_v4,sgd_63_sin_pesos,base,sgd,63,validacion_2023,0.15,0.001,521200,720829,302738,0.1555640828856485,0.2210412569135555,1.4209016169628164,0.6285724216196856,0.1623134821611969,16.2313482161197,0.9843487913172176,0.2786750443880731,28222,411898,1269,79811,626,0.121405750798722,12.140575079872203,37.22044728434505,-0.0020145615716681,-0.0015680176545865,0.5615985695096269,-0.7536057566969472,-0.7294320083162837,480.0,0.2418416328387594
baja_v1_short,2026-07-05T18:30:12.415993+00:00,baja_cierre_4h,control_v4,sgd_63_sin_pesos,base,sgd,63,validacion_2023,0.16,0.001,521200,720829,302738,0.1555640828856485,0.2210412569135555,1.4209016169628164,0.6285724216196856,0.1663759193472581,16.637591934725815,0.9692525900345338,0.2840018358371309,46361,393759,2493,78587,736,0.1304347826086956,13.043478260869565,39.67391304347826,-0.0021724452131419,-0.0013898979921359,0.5484522549879215,-0.8088246374540502,-0.8088231776018713,480.0,0.1934043626441487
baja_v1_short,2026-07-05T18:30:12.708011+00:00,baja_cierre_4h,control_v4,sgd_63_sin_pesos,base,sgd,63,validacion_2023,0.17,0.001,521200,720829,302738,0.1555640828856485,0.2210412569135555,1.4209016169628164,0.6285724216196856,0.1723673567145226,17.236735671452262,0.940873211642822,0.2913581001340569,73828,366292,4794,76286,824,0.1286407766990291,12.864077669902912,39.80582524271845,-0.0020553485086862,-0.0014009055410278,0.5674078986623886,-0.8276806019784078,-0.8266730045183525,480.0,0.2130755209315029
baja_v1_short,2026-07-05T18:30:13.101012+00:00,baja_cierre_4h,control_v4,sgd_63_sin_pesos,base,sgd,63,validacion_2023,0.18,0.001,521200,720829,302738,0.1555640828856485,0.2210412569135555,1.4209016169628164,0.6285724216196856,0.1797632345314557,17.97632345314557,0.8892205229403058,0.2990675139789941,111146,328974,8982,72098,872,0.1456422018348623,14.564220183486237,40.25229357798165,-0.0019607612108673,-0.0013903094766428,0.5914044059188759,-0.8307950328556828,-0.8309077886806406,480.0,0.2041604543433796
baja_v1_short,2026-07-05T18:30:13.488317+00:00,baja_cierre_4h,control_v4,sgd_63_sin_pesos,base,sgd,63,validacion_2023,0.19,0.001,521200,720829,302738,0.1555640828856485,0.2210412569135555,1.4209016169628164,0.6285724216196856,0.1883526561639496,18.835265616394967,0.8141095214602861,0.3059261370614721,155679,284441,15072,66008,902,0.1463414634146341,14.634146341463412,40.79822616407982,-0.0020521188621558,-0.0013497214493108,0.5852811663234192,-0.8558886897016925,-0.8541338220968924,480.0,0.178170377895908
baja_v1_short,2026-07-05T18:30:13.995194+00:00,baja_cierre_4h,control_v4,sgd_63_sin_pesos,base,sgd,63,validacion_2023,0.2,0.001,521200,720829,302738,0.1555640828856485,0.2210412569135555,1.4209016169628164,0.6285724216196856,0.1978571041435191,19.785710414351914,0.720387271830291,0.3104483799642826,203321,236799,22671,58409,905,0.1602209944751381,16.022099447513813,41.767955801104975,-0.0020132716164622,-0.0011994265912799,0.6020397943634966,-0.852402572091047,-0.851243357650058,480.0,0.1928156552240701
baja_v1_short,2026-07-05T18:30:14.720936+00:00,baja_cierre_4h,control_v4,sgd_63_sin_pesos,base,sgd,63,validacion_2023,0.21,0.001,521200,720829,302738,0.1555640828856485,0.2210412569135555,1.4209016169628164,0.6285724216196856,0.2083782984237565,20.83782984237566,0.6168105574740996,0.3115164086320897,250130,189990,31069,50011,863,0.1691772885283893,16.917728852838934,43.56894553881808,-0.0019613737037949,-0.0011433744764653,0.6270797532980009,-0.8362535604947913,-0.8302776359993401,480.0,0.2253944190004958
baja_v1_short,2026-07-05T18:30:15.050778+00:00,baja_cierre_4h,control_v4,sgd_63_sin_pesos,base,sgd,63,validacion_2023,0.22,0.001,521200,720829,302738,0.1555640828856485,0.2210412569135555,1.4209016169628164,0.6285724216196856,0.219328759108558,21.93287591085581,0.5085841144548594,0.3064848192054702,293346,146774,39844,41236,802,0.1920199501246882,19.201995012468828,43.89027431421446,-0.0021667356555118,-0.0011158382801804,0.6125941097157197,-0.8402677720130305,-0.8376497743767694,480.0,0.1758036670133916
baja_v1_short,2026-07-05T18:30:15.334727+00:00,baja_cierre_4h,control_v4,sgd_63_sin_pesos,base,sgd,63,validacion_2023,0.23,0.001,521200,720829,302738,0.1555640828856485,0.2210412569135555,1.4209016169628164,0.6285724216196856,0.2284695790490257,22.84695790490257,0.3968179575727676,0.2899812531545173,331470,108650,48906,32174,729,0.1879286694101508,18.792866941015088,44.30727023319616,-0.0020520583544253,-0.0008802236877963,0.6445525030195686,-0.8018824357602341,-0.7942247588587161,480.0,0.2062556073933591
baja_v1_short,2026-07-05T18:30:15.583727+00:00,baja_cierre_4h,control_v4,sgd_63_sin_pesos,base,sgd,63,validacion_2023,0.24,0.001,521200,720829,302738,0.1555640828856485,0.2210412569135555,1.4209016169628164,0.6285724216196856,0.233632471918938,23.3632471918938,0.2934755796743956,0.260157001661856,362067,78053,57285,23795,650,0.2230769230769231,22.30769230769231,47.53846153846154,-0.0022673191240839,-0.0004016511482186,0.6191706954221557,-0.7961230511051969,-0.7875568352004975,480.0,0.1982153768978732
baja_v1_short,2026-07-05T18:30:15.778847+00:00,baja_cierre_4h,control_v4,sgd_63_sin_pesos,base,sgd,63,validacion_2023,0.25,0.001,521200,720829,302738,0.1555640828856485,0.2210412569135555,1.4209016169628164,0.6285724216196856,0.2408427334458093,24.08427334458093,0.2130365071534287,0.2260878670671928,385674,54446,63807,17273,561,0.2513368983957219,25.13368983957219,47.95008912655972,-0.0023795834027781,-0.0003697237223386,0.6265729714103812,-0.7675198991346256,-0.7560028596697617,480.0,0.2159254413512919
baja_v1_short,2026-07-05T18:30:15.984184+00:00,baja_cierre_4h,control_v4,sgd_63_sin_pesos,base,sgd,63,validacion_2023,0.26,0.001,521200,720829,302738,0.1555640828856485,0.2210412569135555,1.4209016169628164,0.6285724216196856,0.2514525500322789,25.14525500322789,0.153724716329551,0.1908027677423305,403016,37104,68616,12464,472,0.2521186440677966,25.21186440677966,45.76271186440678,-0.0028809606096117,-0.0010084058365246,0.5781410540904623,-0.7717432954241435,-0.7606382192812737,480.0,0.2344768209069723
baja_v1_short,2026-07-05T18:30:16.239260+00:00,baja_cierre_4h,control_v4,sgd_63_sin_pesos,base,sgd,63,validacion_2023,0.27,0.001,521200,720829,302738,0.1555640828856485,0.2210412569135555,1.4209016169628164,0.6285724216196856,0.2632262252515417,26.32262252515417,0.1100271336951159,0.1551869601899609,415150,24970,72159,8921,399,0.2431077694235588,24.31077694235589,44.86215538847117,-0.0031010461451147,-0.0010365624291589,0.5696492646316742,-0.7373953067002532,-0.7286183212892725,480.0,0.2353762430295983
baja_v1_short,2026-07-05T18:30:16.421841+00:00,baja_cierre_4h,control_v4,sgd_63_sin_pesos,base,sgd,63,validacion_2023,0.28,0.001,521200,720829,302738,0.1555640828856485,0.2210412569135555,1.4209016169628164,0.6285724216196856,0.2741433021806853,27.41433021806853,0.0781450419338924,0.1216216216216216,423344,16776,74744,6336,333,0.2732732732732733,27.32732732732733,48.048048048048045,-0.0024403089275487,-0.0003326299590989,0.6469616510830202,-0.5881072689763969,-0.5787730914861562,480.0,0.2214027785009026
baja_v1_short,2026-07-05T18:30:16.658322+00:00,baja_cierre_4h,control_v4,sgd_63_sin_pesos,base,sgd,63,validacion_2023,0.29,0.001,521200,720829,302738,0.1555640828856485,0.2210412569135555,1.4209016169628164,0.6285724216196856,0.2796974913920315,27.96974913920315,0.0561050814010853,0.0934623602892833,428405,11715,76531,4549,269,0.275092936802974,27.5092936802974,49.07063197026022,-0.0027481604362995,-0.0002483526584692,0.6298825128770816,-0.5483019263674257,-0.5450515818275533,480.0,0.197517616854505
baja_v1_short,2026-07-05T18:30:16.852494+00:00,baja_cierre_4h,control_v4,sgd_63_sin_pesos,base,sgd,63,validacion_2023,0.3,0.001,521200,720829,302738,0.1555640828856485,0.2210412569135555,1.4209016169628164,0.6285724216196856,0.287109375,28.7109375,0.0416995559940799,0.0728224347376583,431725,8395,77699,3381,218,0.2889908256880734,28.899082568807337,46.78899082568808,-0.0026733513780017,-0.0004704070268198,0.6620929080173916,-0.465409276631458,-0.4666928097674087,480.0,0.1838706972431986
baja_v1_short,2026-07-05T18:30:16.991044+00:00,baja_cierre_4h,control_v4,sgd_63_sin_pesos,base,sgd,63,validacion_2023,0.31,0.001,521200,720829,302738,0.1555640828856485,0.2210412569135555,1.4209016169628164,0.6285724216196856,0.2928045325779037,29.280453257790366,0.0318697582634435,0.0574828986152049,433879,6241,78496,2584,180,0.2666666666666666,26.666666666666668,48.333333333333336,-0.0032899273927679,-0.0003739092606119,0.6120254643106208,-0.4773534839565052,-0.4686480055757268,480.0,0.1667521455595402
baja_v1_short,2026-07-05T18:30:17.192063+00:00,baja_cierre_4h,control_v4,sgd_63_sin_pesos,base,sgd,63,validacion_2023,0.32,0.001,521200,720829,302738,0.1555640828856485,0.2210412569135555,1.4209016169628164,0.6285724216196856,0.2972222222222222,29.72222222222222,0.0250740009866798,0.0462465878070973,435313,4807,79047,2033,146,0.2054794520547945,20.54794520547945,44.52054794520548,-0.0036919614084201,-0.0017808091759216,0.5689270821123356,-0.4360696526184956,-0.4346223023842634,480.0,0.1699806798641051
baja_v1_short,2026-07-05T18:30:17.390771+00:00,baja_cierre_4h,control_v4,sgd_63_sin_pesos,base,sgd,63,validacion_2023,0.33,0.001,521200,720829,302738,0.1555640828856485,0.2210412569135555,1.4209016169628164,0.6285724216196856,0.306171030946713,30.617103094671304,0.0206216082881105,0.0386406443188777,436331,3789,79408,1672,124,0.2338709677419354,23.387096774193548,42.74193548387097,-0.0032463452527693,-0.0022637367472052,0.6154541457951529,-0.3514783496737175,-0.3482412830862135,480.0,0.1517132019840816
baja_v1_short,2026-07-05T18:30:17.583269+00:00,baja_cierre_4h,control_v4,sgd_63_sin_pesos,base,sgd,63,validacion_2023,0.34,0.001,521200,720829,302738,0.1555640828856485,0.2210412569135555,1.4209016169628164,0.6285724216196856,0.3087308730873087,30.873087308730877,0.0169215589541193,0.032084561058884,437048,3072,79708,1372,114,0.2456140350877192,24.561403508771928,43.85964912280701,-0.0033715843432766,-0.0018627031347714,0.5874163122528895,-0.3355515451266263,-0.3333952201552652,480.0,0.1739744877925149
baja_v1_short,2026-07-05T18:30:17.740509+00:00,baja_cierre_4h,control_v4,sgd_63_sin_pesos,base,sgd,63,validacion_2023,0.35,0.001,521200,720829,302738,0.1555640828856485,0.2210412569135555,1.4209016169628164,0.6285724216196856,0.3094983991462113,30.94983991462113,0.0143068574247656,0.0273494600839345,437532,2588,79920,1160,102,0.2647058823529412,26.47058823529412,44.11764705882353,-0.0032725051533723,-0.0018627031347714,0.6056342630944183,-0.3064167135109528,-0.2977876585185985,480.0,0.1926953675792447
baja_v1_short,2026-07-05T18:30:17.904730+00:00,baja_cierre_4h,control_v4,sgd_63_sin_pesos,base,sgd,63,validacion_2023,0.36,0.001,521200,720829,302738,0.1555640828856485,0.2210412569135555,1.4209016169628164,0.6285724216196856,0.312598177819667,31.2598177819667,0.0122718302910705,0.023616533947284,437932,2188,80085,995,87,0.2528735632183908,25.287356321839084,44.82758620689656,-0.0027582281828348,-0.0016985394866205,0.6640578742258407,-0.2235142106285726,-0.2273867954975424,480.0,0.3291737286578626
baja_v1_short,2026-07-05T18:30:18.080376+00:00,baja_cierre_4h,control_v4,sgd_63_sin_pesos,base,sgd,63,validacion_2023,0.37,0.001,521200,720829,302738,0.1555640828856485,0.2210412569135555,1.4209016169628164,0.6285724216196856,0.3175063428778543,31.750634287785427,0.010804144055254,0.0208971958157897,438237,1883,80204,876,75,0.2266666666666666,22.666666666666664,45.33333333333333,-0.0027915572988567,-0.0016985394866205,0.6536643247930556,-0.2011389760212739,-0.2013441959825441,480.0,0.3965025818226466
baja_v1_short,2026-07-05T18:30:18.268215+00:00,baja_cierre_4h,control_v4,sgd_63_sin_pesos,base,sgd,63,validacion_2023,0.38,0.001,521200,720829,302738,0.1555640828856485,0.2210412569135555,1.4209016169628164,0.6285724216196856,0.3228346456692913,32.28346456692913,0.0096077947705969,0.0186602469668115,438486,1634,80301,779,64,0.265625,26.5625,46.875,-0.0025262514709775,-0.0007737507583224,0.7090050303919061,-0.1961338064665723,-0.1621822448308896,480.0,0.4306492292067103
baja_v1_short,2026-07-05T18:30:18.430791+00:00,baja_cierre_4h,control_v4,sgd_63_sin_pesos,base,sgd,63,validacion_2023,0.39,0.001,521200,720829,302738,0.1555640828856485,0.2210412569135555,1.4209016169628164,0.6285724216196856,0.3289601554907677,32.89601554907677,0.0083497779970399,0.0162861747937164,438739,1381,80403,677,59,0.2542372881355932,25.42372881355932,47.45762711864407,-0.0017999403487547,-0.0003452985654585,0.7827034112258007,-0.1602249641093909,-0.1132682960544552,480.0,0.3971785047671335
baja_v1_short,2026-07-05T18:30:18.609069+00:00,baja_cierre_4h,control_v4,sgd_63_sin_pesos,base,sgd,63,validacion_2023,0.4,0.001,521200,720829,302738,0.1555640828856485,0.2210412569135555,1.4209016169628164,0.6285724216196856,0.3314479638009049,33.1447963800905,0.0072274296990626,0.0141463885670142,438938,1182,80494,586,50,0.28,28.000000000000004,52.0,-0.0016110103789251,0.0012864909260533,0.8074527638043536,-0.1589076976726174,-0.089063078863009,480.0,0.3367258235552596
baja_v1_short,2026-07-05T18:30:18.788955+00:00,baja_cierre_4h,control_v4,sgd_63_sin_pesos,base,sgd,63,validacion_2023,0.41,0.001,521200,720829,302738,0.1555640828856485,0.2210412569135555,1.4209016169628164,0.6285724216196856,0.3313212608987257,33.13212608987257,0.0060927479033053,0.0119654600283392,439123,997,80586,494,43,0.3488372093023256,34.88372093023256,53.48837209302325,-0.0033109746682674,0.0009911879207938,0.6405446539446056,-0.1472948434959914,-0.1416788071049158,480.0,0.4548955249913635
baja_v1_short,2026-07-05T18:30:18.956297+00:00,baja_cierre_4h,control_v4,sgd_63_sin_pesos,base,sgd,63,validacion_2023,0.42,0.001,521200,720829,302738,0.1555640828856485,0.2210412569135555,1.4209016169628164,0.6285724216196856,0.3379254457050243,33.79254457050243,0.0051430685742476,0.0101319338144179,439303,817,80663,417,43,0.3488372093023256,34.88372093023256,53.48837209302325,-0.0029425371212364,0.0009911879207938,0.6663681219321421,-0.1332752748085314,-0.1275669035613388,480.0,0.4271437488415217
baja_v1_short,2026-07-05T18:30:19.145695+00:00,baja_cierre_4h,control_v4,sgd_63_sin_pesos,base,sgd,63,validacion_2023,0.43,0.001,521200,720829,302738,0.1555640828856485,0.2210412569135555,1.4209016169628164,0.6285724216196856,0.3263757115749525,32.63757115749525,0.0042427232363098,0.0083765553851023,439410,710,80736,344,40,0.325,32.5,52.5,-0.0022897422093374,0.001449435298331,0.7146018125749827,-0.1087522345252507,-0.0947408676837239,480.0,0.2605987082099782
baja_v1_short,2026-07-05T18:30:19.276081+00:00,baja_cierre_4h,control_v4,sgd_63_sin_pesos,base,sgd,63,validacion_2023,0.44,0.001,521200,720829,302738,0.1555640828856485,0.2210412569135555,1.4209016169628164,0.6285724216196856,0.3138528138528138,31.38528138528138,0.0035767143561914,0.0070728257158187,439486,634,80790,290,34,0.2941176470588235,29.411764705882355,47.05882352941176,-0.0025651435250594,-0.0002364927893504,0.6431268129476002,-0.0885652249018302,-0.0882078612946013,480.0,0.2234959346818517
baja_v1_short,2026-07-05T18:30:19.412211+00:00,baja_cierre_4h,control_v4,sgd_63_sin_pesos,base,sgd,63,validacion_2023,0.45,0.001,521200,720829,302738,0.1555640828856485,0.2210412569135555,1.4209016169628164,0.6285724216196856,0.3145933014354067,31.45933014354067,0.0032437099161322,0.0064212119732408,439547,573,80817,263,31,0.2903225806451613,29.03225806451613,45.16129032258064,-0.0035647012319701,-0.0003452985654585,0.5438470627422662,-0.1094843093859477,-0.1091351479229593,480.0,0.2250499161118464
baja_v1_short,2026-07-05T18:30:19.560612+00:00,baja_cierre_4h,control_v4,sgd_63_sin_pesos,base,sgd,63,validacion_2023,0.46,0.001,521200,720829,302738,0.1555640828856485,0.2210412569135555,1.4209016169628164,0.6285724216196856,0.3168449197860962,31.684491978609625,0.0029230389738529,0.0057926382167473,439609,511,80843,237,26,0.1923076923076923,19.230769230769237,46.15384615384615,-0.003231700619002,-0.0002364927893504,0.610922947409376,-0.1089544503950569,-0.0848408601017143,480.0,0.1818208806708617
baja_v1_short,2026-07-05T18:30:19.700855+00:00,baja_cierre_4h,control_v4,sgd_63_sin_pesos,base,sgd,63,validacion_2023,0.47,0.001,521200,720829,302738,0.1555640828856485,0.2210412569135555,1.4209016169628164,0.6285724216196856,0.3270348837209302,32.70348837209303,0.0027750370004933,0.0055033754035808,439657,463,80855,225,24,0.2083333333333333,20.833333333333336,41.66666666666667,-0.0033651865497716,-0.0005753217226592,0.5990614873225478,-0.1089647768969948,-0.0812652684882928,480.0,0.1689817974061253
baja_v1_short,2026-07-05T18:30:19.828722+00:00,baja_cierre_4h,control_v4,sgd_63_sin_pesos,base,sgd,63,validacion_2023,0.48,0.001,521200,720829,302738,0.1555640828856485,0.2210412569135555,1.4209016169628164,0.6285724216196856,0.340764331210191,34.07643312101911,0.0026393685249136,0.0052381651735448,439706,414,80866,214,23,0.217391304347826,21.73913043478261,43.47826086956522,-0.0029165597850983,-0.00027402875619,0.6433382539635528,-0.095416376794747,-0.0683847536719335,480.0,0.1641531019257019
baja_v1_short,2026-07-05T18:30:19.967366+00:00,baja_cierre_4h,control_v4,sgd_63_sin_pesos,base,sgd,63,validacion_2023,0.49,0.001,521200,720829,302738,0.1555640828856485,0.2210412569135555,1.4209016169628164,0.6285724216196856,0.3628472222222222,36.28472222222222,0.0025777010360138,0.0051190359557166,439753,367,80871,209,20,0.2,20.0,35.0,-0.0034685617041541,-0.0012902425185311,0.5986635045936783,-0.0789152039226253,-0.0701390519497594,480.0,0.1981154892482546
baja_v1_short,2026-07-05T18:30:20.107942+00:00,baja_cierre_4h,control_v4,sgd_63_sin_pesos,base,sgd,63,validacion_2023,0.5,0.001,521200,720829,302738,0.1555640828856485,0.2210412569135555,1.4209016169628164,0.6285724216196856,0.3796992481203007,37.96992481203007,0.002491366551554,0.0049502524138607,439790,330,80878,202,20,0.2,20.0,40.0,-0.0009080105597386,-0.0003096636608242,0.866285422256665,-0.0732433320274189,-0.0210471905864548,480.0,0.1883685756349396
baja_v1_short,2026-07-05T18:30:20.245459+00:00,baja_cierre_4h,control_v4,sgd_63_sin_pesos,base,sgd,63,validacion_2023,0.51,0.001,521200,720829,302738,0.1555640828856485,0.2210412569135555,1.4209016169628164,0.6285724216196856,0.3979591836734694,39.795918367346935,0.0024050320670942,0.0047811695476278,439825,295,80885,195,18,0.2222222222222222,22.22222222222222,38.88888888888889,-0.0010223281806231,-0.0012902425185311,0.8642318639132417,-0.073243332027419,-0.0212836041641487,480.0,0.1866713997941344
baja_v1_short,2026-07-05T18:30:20.375166+00:00,baja_cierre_4h,control_v4,sgd_63_sin_pesos,base,sgd,63,validacion_2023,0.52,0.001,521200,720829,302738,0.1555640828856485,0.2210412569135555,1.4209016169628164,0.6285724216196856,0.4038461538461538,40.38461538461539,0.0023310310804144,0.0046353068131652,439841,279,80891,189,18,0.2222222222222222,22.22222222222222,38.88888888888889,-0.0010223281806231,-0.0012902425185311,0.8642318639132417,-0.073243332027419,-0.0212836041641487,480.0,0.1866713997941344
baja_v1_short,2026-07-05T18:30:20.493300+00:00,baja_cierre_4h,control_v4,sgd_63_sin_pesos,base,sgd,63,validacion_2023,0.53,0.001,521200,720829,302738,0.1555640828856485,0.2210412569135555,1.4209016169628164,0.6285724216196856,0.4145785876993166,41.45785876993166,0.0022446965959546,0.0044652166979477,439863,257,80898,182,16,0.1875,18.75,37.5,-0.0005136449651909,-0.0012902425185311,0.9278052869166888,-0.0714943145060967,-0.0110301100917407,480.0,0.2074022714803146
baja_v1_short,2026-07-05T18:30:20.634735+00:00,baja_cierre_4h,control_v4,sgd_63_sin_pesos,base,sgd,63,validacion_2023,0.54,0.001,521200,720829,302738,0.1555640828856485,0.2210412569135555,1.4209016169628164,0.6285724216196856,0.4257907542579075,42.57907542579076,0.0021583621114948,0.0042949528168754,439884,236,80905,175,15,0.1333333333333333,13.333333333333334,33.33333333333333,-0.0034000457449195,-0.0071280289664864,0.590335278372425,-0.110132814268043,-0.0520269763129785,480.0,0.2247596362292547
baja_v1_short,2026-07-05T18:30:20.755923+00:00,baja_cierre_4h,control_v4,sgd_63_sin_pesos,base,sgd,63,validacion_2023,0.55,0.001,521200,720829,302738,0.1555640828856485,0.2210412569135555,1.4209016169628164,0.6285724216196856,0.4450402144772118,44.50402144772118,0.002047360631475,0.0040759701913987,439913,207,80914,166,14,0.1428571428571428,14.285714285714285,35.714285714285715,-0.0029302059122959,-0.0046816077190451,0.6417713528924833,-0.1011644787242933,-0.0424730335458284,480.0,0.2379875964776711
baja_v1_short,2026-07-05T18:30:20.905146+00:00,baja_cierre_4h,control_v4,sgd_63_sin_pesos,base,sgd,63,validacion_2023,0.56,0.001,521200,720829,302738,0.1555640828856485,0.2210412569135555,1.4209016169628164,0.6285724216196856,0.46,46.0,0.0019856931425752,0.003954316590937,439931,189,80919,161,14,0.1428571428571428,14.285714285714285,35.714285714285715,-0.003049702581384,-0.0046816077190451,0.6325307645039469,-0.102685031962516,-0.0440928746569817,480.0,0.2356621131984797
baja_v1_short,2026-07-05T18:30:21.049338+00:00,baja_cierre_4h,control_v4,sgd_63_sin_pesos,base,sgd,63,validacion_2023,0.57,0.001,521200,720829,302738,0.1555640828856485,0.2210412569135555,1.4209016169628164,0.6285724216196856,0.4890282131661442,48.90282131661442,0.0019240256536753,0.0038329709210186,439957,163,80924,156,11,0.0909090909090909,9.090909090909092,27.27272727272727,-0.0071832209255292,-0.0071280289664864,0.2720712331101351,-0.0909703775160752,-0.0774079672936997,480.0,0.3088548665673517
baja_v1_short,2026-07-05T18:30:21.192345+00:00,baja_cierre_4h,control_v4,sgd_63_sin_pesos,base,sgd,63,validacion_2023,0.58,0.001,521200,720829,302738,0.1555640828856485,0.2210412569135555,1.4209016169628164,0.6285724216196856,0.5367647058823529,53.67647058823529,0.0018006906758756,0.0035893401514406,439994,126,80934,146,10,0.0,0.0,20.0,-0.0104650666695088,-0.0077264228127896,0.0811044637923439,-0.0958298995987362,-0.1005944081812229,480.0,0.3529971986794586
baja_v1_short,2026-07-05T18:30:21.327108+00:00,baja_cierre_4h,control_v4,sgd_63_sin_pesos,base,sgd,63,validacion_2023,0.59,0.001,521200,720829,302738,0.1555640828856485,0.2210412569135555,1.4209016169628164,0.6285724216196856,0.5798319327731093,57.98319327731093,0.0017020226936359,0.0033940824909614,440020,100,80942,138,9,0.0,0.0,22.22222222222222,-0.0109542686819202,-0.0083248166590929,0.0856643943621677,-0.0902512539512769,-0.0951035573405087,480.0,0.3747031637312993
baja_v1_short,2026-07-05T18:30:21.444336+00:00,baja_cierre_4h,control_v4,sgd_63_sin_pesos,base,sgd,63,validacion_2023,0.6,0.001,521200,720829,302738,0.1555640828856485,0.2210412569135555,1.4209016169628164,0.6285724216196856,0.6432432432432432,64.32432432432432,0.0014676862358164,0.0029286900879837,440054,66,80961,119,8,0.0,0.0,25.0,-0.0079354409934021,-0.0077264228127896,0.1270178928388827,-0.0629402873975703,-0.0621403423409989,480.0,0.5227060626876273
baja_v1_short,2026-07-05T18:30:21.582369+00:00,baja_cierre_4h,control_v4,sgd_63_sin_pesos,base,sgd,63,validacion_2023,0.61,0.001,521200,720829,302738,0.1555640828856485,0.2210412569135555,1.4209016169628164,0.6285724216196856,0.7,70.0,0.0011223482979773,0.0022411033123999,440081,39,80989,91,8,0.0,0.0,25.0,-0.0080037928526289,-0.0077264228127896,0.1260699195861556,-0.0634600599176119,-0.0626605585781829,480.0,0.5182421876384253
baja_v1_short,2026-07-05T18:30:21.755866+00:00,baja_cierre_4h,control_v4,sgd_63_sin_pesos,base,sgd,63,validacion_2023,0.62,0.001,521200,720829,302738,0.1555640828856485,0.2210412569135555,1.4209016169628164,0.6285724216196856,0.7204301075268817,72.04301075268818,0.000826344351258,0.0016507952151577,440094,26,81013,67,8,0.0,0.0,25.0,-0.0080037928526289,-0.0077264228127896,0.1260699195861556,-0.0634600599176119,-0.0626605585781829,480.0,0.5182421876384253
baja_v1_short,2026-07-05T18:30:21.900660+00:00,baja_cierre_4h,control_v4,sgd_63_sin_pesos,base,sgd,63,validacion_2023,0.63,0.001,521200,720829,302738,0.1555640828856485,0.2210412569135555,1.4209016169628164,0.6285724216196856,0.6721311475409836,67.21311475409836,0.0005056734089787,0.0010105865099025,440100,20,81039,41,8,0.0,0.0,25.0,-0.0070976114473305,-0.0073065029680728,0.1399137542571497,-0.0565691253040591,-0.0557637413415644,480.0,0.5844083108989115
baja_v1_short,2026-07-05T18:30:22.026216+00:00,baja_cierre_4h,control_v4,sgd_63_sin_pesos,base,sgd,63,validacion_2023,0.64,0.001,521200,720829,302738,0.1555640828856485,0.2210412569135555,1.4209016169628164,0.6285724216196856,0.6153846153846154,61.53846153846154,0.0002960039467192,0.0005917232707503,440105,15,81056,24,8,0.0,0.0,25.0,-0.0071899033607915,-0.0076756706219166,0.13836627906926,-0.0572709467465434,-0.0564661619119228,480.0,0.5769066577404748
baja_v1_short,2026-07-05T18:30:22.163800+00:00,baja_cierre_4h,control_v4,sgd_63_sin_pesos,base,sgd,63,validacion_2023,0.65,0.001,521200,720829,302738,0.1555640828856485,0.2210412569135555,1.4209016169628164,0.6285724216196856,0.6333333333333333,63.33333333333333,0.0002343364578194,0.0004684995684872,440109,11,81061,19,8,0.125,12.5,37.5,-0.0048038023631088,-0.0063902955260127,0.3540124571115535,-0.0503717265565797,-0.0383232895259579,480.0,0.4130625487648138
baja_v1_short,2026-07-05T18:30:22.290794+00:00,baja_cierre_4h,control_v4,sgd_63_sin_pesos,base,sgd,63,validacion_2023,0.66,0.001,521200,720829,302738,0.1555640828856485,0.2210412569135555,1.4209016169628164,0.6285724216196856,0.72,72.0,0.0002220029600394,0.0004438690586277,440113,7,81062,18,6,0.1666666666666666,16.666666666666664,33.33333333333333,-0.0058641029279679,-0.0065095569696277,0.3155365002982035,-0.0426301527231758,-0.0351629577626597,480.0,0.3981399278419212
baja_v1_short,2026-07-05T18:30:22.426867+00:00,baja_cierre_4h,control_v4,sgd_63_sin_pesos,base,sgd,63,validacion_2023,0.67,0.001,521200,720829,302738,0.1555640828856485,0.2210412569135555,1.4209016169628164,0.6285724216196856,0.7,70.0,0.0001726689689195,0.0003452527743526,440114,6,81066,14,6,0.1666666666666666,16.666666666666664,33.33333333333333,-0.0058641029279679,-0.0065095569696277,0.3155365002982035,-0.0426301527231758,-0.0351629577626597,480.0,0.3981399278419212
baja_v1_short,2026-07-05T18:30:22.558953+00:00,baja_cierre_4h,control_v4,sgd_63_sin_pesos,base,sgd,63,validacion_2023,0.68,0.001,521200,720829,302738,0.1555640828856485,0.2210412569135555,1.4209016169628164,0.6285724216196856,0.5454545454545454,54.54545454545454,7.40009866798224e-05,0.0001479818968812,440115,5,81074,6,6,0.1666666666666666,16.666666666666664,33.33333333333333,-0.0067731460159023,-0.0065095569696277,0.1913784156964904,-0.041498490536785,-0.0403166945426289,480.0,0.4504469634876169
baja_v1_short,2026-07-05T18:30:22.691555+00:00,baja_cierre_4h,control_v4,sgd_63_sin_pesos,base,sgd,63,validacion_2023,0.69,0.001,521200,720829,302738,0.1555640828856485,0.2210412569135555,1.4209016169628164,0.6285724216196856,0.1666666666666666,16.666666666666664,1.23334977799704e-05,2.466517031300101e-05,440115,5,81079,1,6,0.1666666666666666,16.666666666666664,33.33333333333333,-0.0063918387275189,-0.0065095569696277,0.2369013237978622,-0.0414984905367848,-0.0381354890967113,480.0,0.4176631923212308
baja_v1_short,2026-07-05T18:30:22.813100+00:00,baja_cierre_4h,control_v4,sgd_63_sin_pesos,base,sgd,63,validacion_2023,0.7,0.001,521200,720829,302738,0.1555640828856485,0.2210412569135555,1.4209016169628164,0.6285724216196856,0.0,0.0,0.0,0.0,440116,4,81080,0,4,0.0,0.0,0.0,-0.0125642441669479,-0.0088194602392613,0.0,-0.0414984905367848,-0.04947783987053,480.0,0.5556195529565523
baja_v1_short,2026-07-05T18:30:22.934761+00:00,baja_cierre_4h,control_v4,sgd_63_sin_pesos,base,sgd,63,validacion_2023,0.71,0.001,521200,720829,302738,0.1555640828856485,0.2210412569135555,1.4209016169628164,0.6285724216196856,0.0,0.0,0.0,0.0,440117,3,81080,0,3,0.0,0.0,0.0,-0.0151875597958763,-0.0093141038194298,0.0,-0.036977777939028,-0.0449947613763178,480.0,0.6128647235941086
baja_v1_short,2026-07-05T18:30:23.096261+00:00,baja_cierre_4h,control_v4,sgd_63_sin_pesos,base,sgd,63,validacion_2023,0.72,0.001,521200,720829,302738,0.1555640828856485,0.2210412569135555,1.4209016169628164,0.6285724216196856,0.0,0.0,0.0,0.0,440118,2,81080,0,2,0.0,0.0,0.0,-0.0088194602392613,-0.0088194602392613,0.0,-0.0093141038194298,-0.0175613822718823,480.0,0.5280427354253774
baja_v1_short,2026-07-05T18:30:23.238487+00:00,baja_cierre_4h,control_v4,sgd_63_sin_pesos,base,sgd,63,validacion_2023,0.73,0.001,521200,720829,302738,0.1555640828856485,0.2210412569135555,1.4209016169628164,0.6285724216196856,0.0,0.0,0.0,0.0,440118,2,81080,0,2,0.0,0.0,0.0,-0.0088194602392613,-0.0088194602392613,0.0,-0.0093141038194298,-0.0175613822718823,480.0,0.5280427354253774
baja_v1_short,2026-07-05T18:30:23.365101+00:00,baja_cierre_4h,control_v4,sgd_63_sin_pesos,base,sgd,63,validacion_2023,0.74,0.001,521200,720829,302738,0.1555640828856485,0.2210412569135555,1.4209016169628164,0.6285724216196856,0.0,0.0,0.0,0.0,440118,2,81080,0,2,0.0,0.0,0.0,-0.0088194602392613,-0.0088194602392613,0.0,-0.0093141038194298,-0.0175613822718823,480.0,0.5280427354253774
baja_v1_short,2026-07-05T18:30:23.495509+00:00,baja_cierre_4h,control_v4,sgd_63_sin_pesos,base,sgd,63,validacion_2023,0.75,0.001,521200,720829,302738,0.1555640828856485,0.2210412569135555,1.4209016169628164,0.6285724216196856,0.0,0.0,0.0,0.0,440119,1,81080,0,1,0.0,0.0,0.0,-0.0083248166590929,-0.0083248166590929,0.0,0.0,-0.0083248166590929,480.0,1.0
baja_v1_short,2026-07-05T18:30:23.618427+00:00,baja_cierre_4h,control_v4,sgd_63_sin_pesos,base,sgd,63,validacion_2023,0.76,0.001,521200,720829,302738,0.1555640828856485,0.2210412569135555,1.4209016169628164,0.6285724216196856,0.0,0.0,0.0,0.0,440119,1,81080,0,1,0.0,0.0,0.0,-0.0083248166590929,-0.0083248166590929,0.0,0.0,-0.0083248166590929,480.0,1.0
baja_v1_short,2026-07-05T18:30:23.765582+00:00,baja_cierre_4h,control_v4,sgd_63_sin_pesos,base,sgd,63,validacion_2023,0.77,0.001,521200,720829,302738,0.1555640828856485,0.2210412569135555,1.4209016169628164,0.6285724216196856,0.0,0.0,0.0,0.0,440119,1,81080,0,1,0.0,0.0,0.0,-0.0083248166590929,-0.0083248166590929,0.0,0.0,-0.0083248166590929,480.0,1.0
baja_v1_short,2026-07-05T18:30:23.888664+00:00,baja_cierre_4h,control_v4,sgd_63_sin_pesos,base,sgd,63,validacion_2023,0.78,0.001,521200,720829,302738,0.1555640828856485,0.2210412569135555,1.4209016169628164,0.6285724216196856,0.0,0.0,0.0,0.0,440119,1,81080,0,1,0.0,0.0,0.0,-0.0083248166590929,-0.0083248166590929,0.0,0.0,-0.0083248166590929,480.0,1.0
baja_v1_short,2026-07-05T18:30:24.012384+00:00,baja_cierre_4h,control_v4,sgd_63_sin_pesos,base,sgd,63,validacion_2023,0.79,0.001,521200,720829,302738,0.1555640828856485,0.2210412569135555,1.4209016169628164,0.6285724216196856,0.0,0.0,0.0,0.0,440119,1,81080,0,1,0.0,0.0,0.0,-0.0083248166590929,-0.0083248166590929,0.0,0.0,-0.0083248166590929,480.0,1.0
baja_v1_short,2026-07-05T18:30:24.147507+00:00,baja_cierre_4h,control_v4,sgd_63_sin_pesos,base,sgd,63,validacion_2023,0.8,0.001,521200,720829,302738,0.1555640828856485,0.2210412569135555,1.4209016169628164,0.6285724216196856,0.0,0.0,0.0,0.0,440119,1,81080,0,1,0.0,0.0,0.0,-0.0083248166590929,-0.0083248166590929,0.0,0.0,-0.0083248166590929,480.0,1.0
baja_v1_short,2026-07-05T18:30:24.334954+00:00,baja_cierre_4h,control_v4,sgd_63_sin_pesos,base,sgd,63,validacion_2023,0.81,0.001,521200,720829,302738,0.1555640828856485,0.2210412569135555,1.4209016169628164,0.6285724216196856,0.0,0.0,0.0,0.0,440119,1,81080,0,1,0.0,0.0,0.0,-0.0083248166590929,-0.0083248166590929,0.0,0.0,-0.0083248166590929,480.0,1.0
baja_v1_short,2026-07-05T18:30:24.481180+00:00,baja_cierre_4h,control_v4,sgd_63_sin_pesos,base,sgd,63,validacion_2023,0.82,0.001,521200,720829,302738,0.1555640828856485,0.2210412569135555,1.4209016169628164,0.6285724216196856,0.0,0.0,0.0,0.0,440120,0,81080,0,0,0.0,0.0,0.0,0.0,0.0,0.0,0.0,0.0,0.0,0.0
baja_v1_short,2026-07-05T18:30:24.634667+00:00,baja_cierre_4h,control_v4,sgd_63_sin_pesos,base,sgd,63,validacion_2023,0.83,0.001,521200,720829,302738,0.1555640828856485,0.2210412569135555,1.4209016169628164,0.6285724216196856,0.0,0.0,0.0,0.0,440120,0,81080,0,0,0.0,0.0,0.0,0.0,0.0,0.0,0.0,0.0,0.0,0.0
baja_v1_short,2026-07-05T18:30:24.770404+00:00,baja_cierre_4h,control_v4,sgd_63_sin_pesos,base,sgd,63,validacion_2023,0.84,0.001,521200,720829,302738,0.1555640828856485,0.2210412569135555,1.4209016169628164,0.6285724216196856,0.0,0.0,0.0,0.0,440120,0,81080,0,0,0.0,0.0,0.0,0.0,0.0,0.0,0.0,0.0,0.0,0.0
baja_v1_short,2026-07-05T18:30:24.924406+00:00,baja_cierre_4h,control_v4,sgd_63_sin_pesos,base,sgd,63,validacion_2023,0.85,0.001,521200,720829,302738,0.1555640828856485,0.2210412569135555,1.4209016169628164,0.6285724216196856,0.0,0.0,0.0,0.0,440120,0,81080,0,0,0.0,0.0,0.0,0.0,0.0,0.0,0.0,0.0,0.0,0.0
baja_v1_short,2026-07-05T18:30:25.053928+00:00,baja_cierre_4h,control_v4,sgd_63_sin_pesos,base,sgd,63,validacion_2023,0.86,0.001,521200,720829,302738,0.1555640828856485,0.2210412569135555,1.4209016169628164,0.6285724216196856,0.0,0.0,0.0,0.0,440120,0,81080,0,0,0.0,0.0,0.0,0.0,0.0,0.0,0.0,0.0,0.0,0.0
baja_v1_short,2026-07-05T18:30:25.229501+00:00,baja_cierre_4h,control_v4,sgd_63_sin_pesos,base,sgd,63,validacion_2023,0.87,0.001,521200,720829,302738,0.1555640828856485,0.2210412569135555,1.4209016169628164,0.6285724216196856,0.0,0.0,0.0,0.0,440120,0,81080,0,0,0.0,0.0,0.0,0.0,0.0,0.0,0.0,0.0,0.0,0.0
baja_v1_short,2026-07-05T18:30:25.382532+00:00,baja_cierre_4h,control_v4,sgd_63_sin_pesos,base,sgd,63,validacion_2023,0.88,0.001,521200,720829,302738,0.1555640828856485,0.2210412569135555,1.4209016169628164,0.6285724216196856,0.0,0.0,0.0,0.0,440120,0,81080,0,0,0.0,0.0,0.0,0.0,0.0,0.0,0.0,0.0,0.0,0.0
baja_v1_short,2026-07-05T18:30:25.507812+00:00,baja_cierre_4h,control_v4,sgd_63_sin_pesos,base,sgd,63,validacion_2023,0.89,0.001,521200,720829,302738,0.1555640828856485,0.2210412569135555,1.4209016169628164,0.6285724216196856,0.0,0.0,0.0,0.0,440120,0,81080,0,0,0.0,0.0,0.0,0.0,0.0,0.0,0.0,0.0,0.0,0.0
baja_v1_short,2026-07-05T18:30:25.657292+00:00,baja_cierre_4h,control_v4,sgd_63_sin_pesos,base,sgd,63,validacion_2023,0.9,0.001,521200,720829,302738,0.1555640828856485,0.2210412569135555,1.4209016169628164,0.6285724216196856,0.0,0.0,0.0,0.0,440120,0,81080,0,0,0.0,0.0,0.0,0.0,0.0,0.0,0.0,0.0,0.0,0.0
baja_v1_short,2026-07-05T18:30:25.773935+00:00,baja_cierre_4h,control_v4,sgd_63_sin_pesos,base,sgd,63,validacion_2023,0.91,0.001,521200,720829,302738,0.1555640828856485,0.2210412569135555,1.4209016169628164,0.6285724216196856,0.0,0.0,0.0,0.0,440120,0,81080,0,0,0.0,0.0,0.0,0.0,0.0,0.0,0.0,0.0,0.0,0.0
baja_v1_short,2026-07-05T18:30:25.887241+00:00,baja_cierre_4h,control_v4,sgd_63_sin_pesos,base,sgd,63,validacion_2023,0.92,0.001,521200,720829,302738,0.1555640828856485,0.2210412569135555,1.4209016169628164,0.6285724216196856,0.0,0.0,0.0,0.0,440120,0,81080,0,0,0.0,0.0,0.0,0.0,0.0,0.0,0.0,0.0,0.0,0.0
baja_v1_short,2026-07-05T18:30:26.005143+00:00,baja_cierre_4h,control_v4,sgd_63_sin_pesos,base,sgd,63,validacion_2023,0.93,0.001,521200,720829,302738,0.1555640828856485,0.2210412569135555,1.4209016169628164,0.6285724216196856,0.0,0.0,0.0,0.0,440120,0,81080,0,0,0.0,0.0,0.0,0.0,0.0,0.0,0.0,0.0,0.0,0.0
baja_v1_short,2026-07-05T18:30:26.129458+00:00,baja_cierre_4h,control_v4,sgd_63_sin_pesos,base,sgd,63,validacion_2023,0.94,0.001,521200,720829,302738,0.1555640828856485,0.2210412569135555,1.4209016169628164,0.6285724216196856,0.0,0.0,0.0,0.0,440120,0,81080,0,0,0.0,0.0,0.0,0.0,0.0,0.0,0.0,0.0,0.0,0.0
baja_v1_short,2026-07-05T18:30:26.251697+00:00,baja_cierre_4h,control_v4,sgd_63_sin_pesos,base,sgd,63,validacion_2023,0.95,0.001,521200,720829,302738,0.1555640828856485,0.2210412569135555,1.4209016169628164,0.6285724216196856,0.0,0.0,0.0,0.0,440120,0,81080,0,0,0.0,0.0,0.0,0.0,0.0,0.0,0.0,0.0,0.0,0.0
baja_v1_short,2026-07-05T18:30:46.632944+00:00,baja_cierre_4h,control_v4,sgd_63_sin_pesos,base,sgd,63,validacion_2024,0.05,0.001,526560,1161428,383819,0.223478805834093,0.2846969144771246,1.2739325029706796,0.6050430012636847,0.2234708703290442,22.34708703290442,0.999898024219248,0.3652995963986339,23,408862,12,117663,6,0.0,0.0,50.0,-0.0055421704999171,-0.0008459555790759,0.3046403899131749,-0.0396535748839378,-0.0335576820664033,480.0,0.6572033598992233
baja_v1_short,2026-07-05T18:30:46.758386+00:00,baja_cierre_4h,control_v4,sgd_63_sin_pesos,base,sgd,63,validacion_2024,0.06,0.001,526560,1161428,383819,0.223478805834093,0.2846969144771246,1.2739325029706796,0.6050430012636847,0.2235044707732813,22.350447077328138,0.9998470363288718,0.3653410837548556,123,408762,18,117657,18,0.0,0.0,22.22222222222222,-0.0087363637990654,-0.0043068483462557,0.0899120449989611,-0.1468138736919069,-0.1479876181749857,480.0,0.3417492066812939
baja_v1_short,2026-07-05T18:30:46.880700+00:00,baja_cierre_4h,control_v4,sgd_63_sin_pesos,base,sgd,63,validacion_2024,0.07,0.001,526560,1161428,383819,0.223478805834093,0.2846969144771246,1.2739325029706796,0.6050430012636847,0.2236461143334036,22.364611433340368,0.9997280645846612,0.3655223412221259,505,408380,32,117643,33,0.0,0.0,18.181818181818183,-0.0070189983398802,-0.0030544463768601,0.1078035281001777,-0.2141644218845584,-0.2100682357569655,480.0,0.2609939214987168
baja_v1_short,2026-07-05T18:30:46.999721+00:00,baja_cierre_4h,control_v4,sgd_63_sin_pesos,base,sgd,63,validacion_2024,0.08,0.001,526560,1161428,383819,0.223478805834093,0.2846969144771246,1.2739325029706796,0.6050430012636847,0.2239508758568164,22.395087585681644,0.999524113023157,0.3659156134551818,1304,407581,56,117619,61,0.0655737704918032,6.557377049180328,26.229508196721312,-0.0048205022104447,-0.0024487245352938,0.2831432772762413,-0.2632407318465949,-0.2600589594725615,480.0,0.2471737299448651
baja_v1_short,2026-07-05T18:30:47.131470+00:00,baja_cierre_4h,control_v4,sgd_63_sin_pesos,base,sgd,63,validacion_2024,0.09,0.001,526560,1161428,383819,0.223478805834093,0.2846969144771246,1.2739325029706796,0.6050430012636847,0.224574181338533,22.4574181338533,0.9983173996175908,0.3666658863737447,3252,405633,198,117477,112,0.1071428571428571,10.714285714285714,33.92857142857143,-0.0030644400925188,-0.0023780003646388,0.4372358727362081,-0.2939978268805105,-0.2970113713674405,480.0,0.2111304154685018
baja_v1_short,2026-07-05T18:30:47.263051+00:00,baja_cierre_4h,control_v4,sgd_63_sin_pesos,base,sgd,63,validacion_2024,0.1,0.001,526560,1161428,383819,0.223478805834093,0.2846969144771246,1.2739325029706796,0.6050430012636847,0.2255323491524966,22.553234915249668,0.99536859995751,0.3677412467976089,6666,402219,545,117130,180,0.1111111111111111,11.11111111111111,35.0,-0.0030726604245687,-0.0023226372539065,0.421480066460826,-0.4289229862939763,-0.4321452708361891,480.0,0.143153759360093
baja_v1_short,2026-07-05T18:30:47.395408+00:00,baja_cierre_4h,control_v4,sgd_63_sin_pesos,base,sgd,63,validacion_2024,0.11,0.001,526560,1161428,383819,0.223478805834093,0.2846969144771246,1.2739325029706796,0.6050430012636847,0.2268539816453673,22.68539816453673,0.9889696197153176,0.3690530364892441,12258,396627,1298,116377,269,0.1524163568773234,15.24163568773234,40.89219330855018,-0.002045124360201,-0.0015665405187755,0.5643064034335507,-0.4292633085554852,-0.4323041644460693,480.0,0.1540193969975177
baja_v1_short,2026-07-05T18:30:47.549405+00:00,baja_cierre_4h,control_v4,sgd_63_sin_pesos,base,sgd,63,validacion_2024,0.12,0.001,526560,1161428,383819,0.223478805834093,0.2846969144771246,1.2739325029706796,0.6050430012636847,0.2290487240824588,22.90487240824589,0.9788570214574038,0.371230872362094,21179,387706,2488,115187,362,0.1353591160220994,13.535911602209945,39.226519337016576,-0.0019009443032789,-0.0016361161067616,0.6040787621093513,-0.50728108602813,-0.5099062671920771,480.0,0.1755635808483316
baja_v1_short,2026-07-05T18:30:47.721212+00:00,baja_cierre_4h,control_v4,sgd_63_sin_pesos,base,sgd,63,validacion_2024,0.13,0.001,526560,1161428,383819,0.223478805834093,0.2846969144771246,1.2739325029706796,0.6050430012636847,0.2324237045801903,23.24237045801903,0.9614786488209052,0.3743529423442471,35235,373650,4533,113142,455,0.145054945054945,14.505494505494507,38.46153846153847,-0.0023392330034028,-0.0024707880327478,0.5658471984771742,-0.6647843115857144,-0.6665703236224574,480.0,0.1824657386914492
baja_v1_short,2026-07-05T18:30:47.889733+00:00,baja_cierre_4h,control_v4,sgd_63_sin_pesos,base,sgd,63,validacion_2024,0.14,0.001,526560,1161428,383819,0.223478805834093,0.2846969144771246,1.2739325029706796,0.6050430012636847,0.2374909096402051,23.74909096402052,0.9352368812407054,0.3787925201091764,55536,353349,7621,110054,548,0.1587591240875912,15.875912408759124,38.32116788321168,-0.0022719137757812,-0.0022936262064613,0.6012541568599387,-0.734833684209673,-0.726469056027509,480.0,0.2059588155306208
baja_v1_short,2026-07-05T18:30:48.076757+00:00,baja_cierre_4h,control_v4,sgd_63_sin_pesos,base,sgd,63,validacion_2024,0.15,0.001,526560,1161428,383819,0.223478805834093,0.2846969144771246,1.2739325029706796,0.6050430012636847,0.2438882957181252,24.38882957181253,0.9006840875292118,0.3838399568312234,80297,328588,11687,105988,626,0.1613418530351437,16.134185303514375,40.894568690095845,-0.00219073730089,-0.0020205892613157,0.6234781252718402,-0.767473649545641,-0.7612687595368773,480.0,0.2140476138968819
baja_v1_short,2026-07-05T18:30:48.297325+00:00,baja_cierre_4h,control_v4,sgd_63_sin_pesos,base,sgd,63,validacion_2024,0.16,0.001,526560,1161428,383819,0.223478805834093,0.2846969144771246,1.2739325029706796,0.6050430012636847,0.2505842864246643,25.058428642466435,0.8564690885914595,0.3877278191873046,107470,301415,16890,100785,688,0.191860465116279,19.186046511627907,41.27906976744186,-0.0017490281311886,-0.0018344938105437,0.7102127239637215,-0.7531577400596856,-0.7220111593810372,480.0,0.2466448987941346
baja_v1_short,2026-07-05T18:30:48.490618+00:00,baja_cierre_4h,control_v4,sgd_63_sin_pesos,base,sgd,63,validacion_2024,0.17,0.001,526560,1161428,383819,0.223478805834093,0.2846969144771246,1.2739325029706796,0.6050430012636847,0.257918626451337,25.791862645133705,0.7996430847673678,0.3900346313348297,138147,270738,23577,94098,738,0.2032520325203252,20.32520325203252,41.73441734417344,-0.0018250761978876,-0.0019795828082133,0.7067921413978114,-0.7888654173010606,-0.7611772129754657,480.0,0.252101134131293
baja_v1_short,2026-07-05T18:30:48.713813+00:00,baja_cierre_4h,control_v4,sgd_63_sin_pesos,base,sgd,63,validacion_2024,0.18,0.001,526560,1161428,383819,0.223478805834093,0.2846969144771246,1.2739325029706796,0.6050430012636847,0.2660241455282568,26.60241455282568,0.7315997450605481,0.390173488996048,171355,237530,31584,86091,759,0.227931488801054,22.7931488801054,42.028985507246375,-0.001816122453579,-0.0020041563073173,0.717946719809878,-0.7899159720038018,-0.7718134589633149,480.0,0.2392741632783885
baja_v1_short,2026-07-05T18:30:48.919336+00:00,baja_cierre_4h,control_v4,sgd_63_sin_pesos,base,sgd,63,validacion_2024,0.19,0.001,526560,1161428,383819,0.223478805834093,0.2846969144771246,1.2739325029706796,0.6050430012636847,0.2740299250982974,27.402992509829737,0.6544465689398767,0.3863058363221389,204862,204023,40663,77012,771,0.2347600518806744,23.476005188067443,42.153047989623865,-0.0016875165446287,-0.0019517244179733,0.7351012347312943,-0.784528268599623,-0.7540628999629961,480.0,0.2359818665598408
baja_v1_short,2026-07-05T18:30:49.123966+00:00,baja_cierre_4h,control_v4,sgd_63_sin_pesos,base,sgd,63,validacion_2024,0.2,0.001,526560,1161428,383819,0.223478805834093,0.2846969144771246,1.2739325029706796,0.6050430012636847,0.2818578618716454,28.185786187164545,0.5734523050775441,0.3779495365314066,236951,171934,50194,67481,760,0.2342105263157894,23.42105263157895,40.92105263157895,-0.0021313546893051,-0.0024430255396291,0.6909689087826935,-0.8379870872611489,-0.8218772599099021,480.0,0.2295034157222004
baja_v1_short,2026-07-05T18:30:49.334086+00:00,baja_cierre_4h,control_v4,sgd_63_sin_pesos,base,sgd,63,validacion_2024,0.21,0.001,526560,1161428,383819,0.223478805834093,0.2846969144771246,1.2739325029706796,0.6050430012636847,0.2892014338345116,28.92014338345116,0.4936392606755895,0.364726011270347,266114,142771,59586,58089,736,0.2608695652173913,26.08695652173913,41.98369565217392,-0.001996989240437,-0.0022912184465676,0.7178574278122393,-0.8123890397778082,-0.7944052130790593,480.0,0.226443677540438
baja_v1_short,2026-07-05T18:30:49.524450+00:00,baja_cierre_4h,control_v4,sgd_63_sin_pesos,base,sgd,63,validacion_2024,0.22,0.001,526560,1161428,383819,0.223478805834093,0.2846969144771246,1.2739325029706796,0.6050430012636847,0.2945834083138384,29.45834083138384,0.4173358827278521,0.3453768658684529,291285,117600,68565,49110,694,0.2968299711815562,29.68299711815562,43.371757925072046,-0.0017098862079766,-0.0016002618465572,0.7636487202668242,-0.7502086635052467,-0.7282604142989907,480.0,0.2276414864060363
baja_v1_short,2026-07-05T18:30:49.703697+00:00,baja_cierre_4h,control_v4,sgd_63_sin_pesos,base,sgd,63,validacion_2024,0.23,0.001,526560,1161428,383819,0.223478805834093,0.2846969144771246,1.2739325029706796,0.6050430012636847,0.3014888882382221,30.14888882382221,0.350006373486297,0.3239410587249839,313460,95425,76488,41187,645,0.289922480620155,28.992248062015506,44.49612403100775,-0.0020588140533467,-0.0014351201059762,0.7301506096414861,-0.7926955865647393,-0.762597569677695,480.0,0.2128298433608001
baja_v1_short,2026-07-05T18:30:49.898134+00:00,baja_cierre_4h,control_v4,sgd_63_sin_pesos,base,sgd,63,validacion_2024,0.24,0.001,526560,1161428,383819,0.223478805834093,0.2846969144771246,1.2739325029706796,0.6050430012636847,0.3090293884901902,30.90293884901902,0.2887189292543021,0.2985291016448755,332919,75966,83700,33975,586,0.2901023890784983,29.01023890784983,46.41638225255973,-0.0020567345688874,-0.0011509595967945,0.7389643458958778,-0.7591772705544143,-0.7302798998304796,480.0,0.2221018524142423
baja_v1_short,2026-07-05T18:30:50.078352+00:00,baja_cierre_4h,control_v4,sgd_63_sin_pesos,base,sgd,63,validacion_2024,0.25,0.001,526560,1161428,383819,0.223478805834093,0.2846969144771246,1.2739325029706796,0.6050430012636847,0.3153281510018921,31.53281510018921,0.2350966645421712,0.2693650229542035,348816,60069,90010,27665,540,0.2888888888888888,28.88888888888889,45.74074074074074,-0.0019358988861667,-0.0013544777282513,0.7555481009528525,-0.7232615720142767,-0.681869530969727,480.0,0.243328973078876
baja_v1_short,2026-07-05T18:30:50.254271+00:00,baja_cierre_4h,control_v4,sgd_63_sin_pesos,base,sgd,63,validacion_2024,0.26,0.001,526560,1161428,383819,0.223478805834093,0.2846969144771246,1.2739325029706796,0.6050430012636847,0.3191224205889172,31.91224205889172,0.1871425536435096,0.2359293561813341,361899,46986,95653,22022,485,0.2824742268041237,28.24742268041237,43.50515463917526,-0.0026147409007223,-0.0016732775364071,0.6909493135903771,-0.7520725175278364,-0.7434898280134554,480.0,0.2082449662241983
baja_v1_short,2026-07-05T18:30:50.422779+00:00,baja_cierre_4h,control_v4,sgd_63_sin_pesos,base,sgd,63,validacion_2024,0.27,0.001,526560,1161428,383819,0.223478805834093,0.2846969144771246,1.2739325029706796,0.6050430012636847,0.317578125,31.7578125,0.1450860420650095,0.1991775308425934,372198,36687,100602,17073,435,0.3195402298850575,31.95402298850575,46.66666666666666,-0.0019507836098298,-0.0010523354319739,0.7644017832524208,-0.6197982546558509,-0.6067203413566007,480.0,0.2077926682982503
baja_v1_short,2026-07-05T18:30:50.631204+00:00,baja_cierre_4h,control_v4,sgd_63_sin_pesos,base,sgd,63,validacion_2024,0.28,0.001,526560,1161428,383819,0.223478805834093,0.2846969144771246,1.2739325029706796,0.6050430012636847,0.3150233058443886,31.502330584438862,0.1119949012109624,0.1652435583975926,380229,28656,104496,13179,393,0.3180661577608142,31.806615776081426,46.31043256997455,-0.0024336892749294,-0.001321114930557,0.712356808978799,-0.6489079229025458,-0.6428864891172268,480.0,0.1769436068694848
baja_v1_short,2026-07-05T18:30:50.794692+00:00,baja_cierre_4h,control_v4,sgd_63_sin_pesos,base,sgd,63,validacion_2024,0.29,0.001,526560,1161428,383819,0.223478805834093,0.2846969144771246,1.2739325029706796,0.6050430012636847,0.3109674271074783,31.096742710747836,0.0866454217123433,0.135528335869948,386293,22592,107479,10196,344,0.3343023255813953,33.43023255813954,46.51162790697674,-0.0025445501126149,-0.0011251003814104,0.7092679762919081,-0.6225175829857852,-0.6100585082651714,480.0,0.1820728823016743
baja_v1_short,2026-07-05T18:30:50.946609+00:00,baja_cierre_4h,control_v4,sgd_63_sin_pesos,base,sgd,63,validacion_2024,0.3,0.001,526560,1161428,383819,0.223478805834093,0.2846969144771246,1.2739325029706796,0.6050430012636847,0.3088841780689921,30.88841780689921,0.068102825578925,0.1116000557025484,390954,17931,109661,8014,313,0.3322683706070287,33.22683706070288,46.64536741214057,-0.0024269774646251,-0.001100519231637,0.7254281654352626,-0.5934534766221657,-0.5607018652031336,480.0,0.1848070611717645
baja_v1_short,2026-07-05T18:30:51.133360+00:00,baja_cierre_4h,control_v4,sgd_63_sin_pesos,base,sgd,63,validacion_2024,0.31,0.001,526560,1161428,383819,0.223478805834093,0.2846969144771246,1.2739325029706796,0.6050430012636847,0.3083447065704816,30.83447065704816,0.0537582324198002,0.0915544427640005,394695,14190,111349,6326,282,0.3333333333333333,33.33333333333333,46.45390070921986,-0.0020557388122995,-0.0010202444994101,0.7599781016613916,-0.5219137923521887,-0.4704843864513229,480.0,0.1891994709907936
baja_v1_short,2026-07-05T18:30:51.276011+00:00,baja_cierre_4h,control_v4,sgd_63_sin_pesos,base,sgd,63,validacion_2024,0.32,0.001,526560,1161428,383819,0.223478805834093,0.2846969144771246,1.2739325029706796,0.6050430012636847,0.3099642372672339,30.996423726723396,0.0427193541533885,0.0750898105203408,397694,11191,112648,5027,248,0.3588709677419355,35.88709677419355,45.16129032258064,-0.0031599068080751,-0.0011118339569075,0.6568431999527735,-0.5847551515781121,-0.5663325316512793,480.0,0.1885187303531827
baja_v1_short,2026-07-05T18:30:51.437293+00:00,baja_cierre_4h,control_v4,sgd_63_sin_pesos,base,sgd,63,validacion_2024,0.33,0.001,526560,1161428,383819,0.223478805834093,0.2846969144771246,1.2739325029706796,0.6050430012636847,0.3103789377568102,31.037893775681024,0.0346632674739749,0.0623619254378253,399822,9063,113596,4079,223,0.3273542600896861,32.73542600896861,44.39461883408072,-0.00392611354087,-0.0025805929433554,0.6055908441559674,-0.6131077474113071,-0.6030242584479141,480.0,0.1539075888143239
baja_v1_short,2026-07-05T18:30:51.577178+00:00,baja_cierre_4h,control_v4,sgd_63_sin_pesos,base,sgd,63,validacion_2024,0.34,0.001,526560,1161428,383819,0.223478805834093,0.2846969144771246,1.2739325029706796,0.6050430012636847,0.3104899027673897,31.04899027673897,0.0282217973231357,0.0517406579367614,401510,7375,114354,3321,198,0.3535353535353535,35.35353535353536,45.45454545454545,-0.0037657508290152,-0.0017673951768083,0.6396136192032983,-0.5515594753723749,-0.5487671957692088,480.0,0.1757022696173169
baja_v1_short,2026-07-05T18:30:51.699500+00:00,baja_cierre_4h,control_v4,sgd_63_sin_pesos,base,sgd,63,validacion_2024,0.35,0.001,526560,1161428,383819,0.223478805834093,0.2846969144771246,1.2739325029706796,0.6050430012636847,0.3035552536231884,30.35552536231884,0.0227830890163586,0.0423850063632842,402734,6151,114994,2681,157,0.3248407643312102,32.48407643312102,42.038216560509554,-0.0044549628761,-0.0034353561457246,0.6003684096611834,-0.5211031220882726,-0.5250588702243886,480.0,0.2078118626233086
baja_v1_short,2026-07-05T18:30:51.822349+00:00,baja_cierre_4h,control_v4,sgd_63_sin_pesos,base,sgd,63,validacion_2024,0.36,0.001,526560,1161428,383819,0.223478805834093,0.2846969144771246,1.2739325029706796,0.6050430012636847,0.298697811786817,29.869781178681706,0.0189080093477799,0.0355647197979604,403661,5224,115450,2225,138,0.3260869565217391,32.608695652173914,43.47826086956522,-0.0045682257521831,-0.0045678307758644,0.5832794001324701,-0.4834202369866843,-0.4876872504690144,480.0,0.1844038314196797
baja_v1_short,2026-07-05T18:30:51.953610+00:00,baja_cierre_4h,control_v4,sgd_63_sin_pesos,base,sgd,63,validacion_2024,0.37,0.001,526560,1161428,383819,0.223478805834093,0.2846969144771246,1.2739325029706796,0.6050430012636847,0.2930570931519848,29.30570931519848,0.0157467601444656,0.0298875788319166,404415,4470,115822,1853,119,0.3361344537815126,33.61344537815126,42.85714285714285,-0.0046792818481712,-0.004342090640217,0.5778829599370916,-0.4557772732545474,-0.445641168806712,480.0,0.2011880996725732
baja_v1_short,2026-07-05T18:30:52.097865+00:00,baja_cierre_4h,control_v4,sgd_63_sin_pesos,base,sgd,63,validacion_2024,0.38,0.001,526560,1161428,383819,0.223478805834093,0.2846969144771246,1.2739325029706796,0.6050430012636847,0.2945128779395297,29.451287793952968,0.0134098151688973,0.0256516544341761,405105,3780,116097,1578,104,0.3653846153846153,36.53846153846153,42.30769230769231,-0.0046863122364033,-0.0046566361086443,0.5871439238290788,-0.4169920669131708,-0.4039361313018278,480.0,0.2250170248687148
baja_v1_short,2026-07-05T18:30:52.221118+00:00,baja_cierre_4h,control_v4,sgd_63_sin_pesos,base,sgd,63,validacion_2024,0.39,0.001,526560,1161428,383819,0.223478805834093,0.2846969144771246,1.2739325029706796,0.6050430012636847,0.2956730769230769,29.567307692307693,0.011497769279796,0.0221347882634906,405662,3223,116322,1353,93,0.3440860215053763,34.40860215053764,43.01075268817204,-0.0048206632685927,-0.0052442390695214,0.5829501372798985,-0.3765188011918282,-0.3789989561708324,480.0,0.2383091609139998
baja_v1_short,2026-07-05T18:30:52.354821+00:00,baja_cierre_4h,control_v4,sgd_63_sin_pesos,base,sgd,63,validacion_2024,0.4,0.001,526560,1161428,383819,0.223478805834093,0.2846969144771246,1.2739325029706796,0.6050430012636847,0.3003334188253398,30.033341882533986,0.0099511366050563,0.0192639873657196,406157,2728,116504,1171,85,0.3411764705882353,34.11764705882353,38.82352941176471,-0.0053286267866599,-0.0054938335195183,0.5445025222518519,-0.3779456109634815,-0.3786876431220554,480.0,0.2354284351147245
baja_v1_short,2026-07-05T18:30:52.487334+00:00,baja_cierre_4h,control_v4,sgd_63_sin_pesos,base,sgd,63,validacion_2024,0.41,0.001,526560,1161428,383819,0.223478805834093,0.2846969144771246,1.2739325029706796,0.6050430012636847,0.3012857977790765,30.128579777907653,0.0087614191629488,0.0170276720315119,406494,2391,116644,1031,83,0.3373493975903614,33.734939759036145,38.55421686746988,-0.0055368401838623,-0.0061763379015028,0.5412368757154377,-0.3857835682467695,-0.3836086461085471,480.0,0.222404721272887
baja_v1_short,2026-07-05T18:30:52.625248+00:00,baja_cierre_4h,control_v4,sgd_63_sin_pesos,base,sgd,63,validacion_2024,0.42,0.001,526560,1161428,383819,0.223478805834093,0.2846969144771246,1.2739325029706796,0.6050430012636847,0.2972520107238606,29.72520107238606,0.0075377097939239,0.0147025916011238,406788,2097,116788,887,74,0.3243243243243243,32.432432432432435,36.48648648648648,-0.0038545123889155,-0.0049225223008543,0.6258413480804085,-0.2620121615613755,-0.2605130524393103,480.0,0.1990131163433687
baja_v1_short,2026-07-05T18:30:52.760464+00:00,baja_cierre_4h,control_v4,sgd_63_sin_pesos,base,sgd,63,validacion_2024,0.43,0.001,526560,1161428,383819,0.223478805834093,0.2846969144771246,1.2739325029706796,0.6050430012636847,0.3039816232771822,30.398162327718225,0.0067473974930953,0.0132017591260901,407067,1818,116881,794,62,0.3548387096774194,35.483870967741936,37.096774193548384,-0.0040585150779511,-0.005343596054241,0.6186627227710069,-0.2588541182447421,-0.2336952498195261,480.0,0.2060509460637947
baja_v1_short,2026-07-05T18:30:52.937854+00:00,baja_cierre_4h,control_v4,sgd_63_sin_pesos,base,sgd,63,validacion_2024,0.44,0.001,526560,1161428,383819,0.223478805834093,0.2846969144771246,1.2739325029706796,0.6050430012636847,0.3127396676608436,31.273966766084367,0.006237518589335,0.0122310909666561,407272,1613,116941,734,54,0.3148148148148148,31.48148148148148,48.14814814814815,-0.0043252242849104,-0.0049707385003566,0.6137623055473486,-0.2216924805325908,-0.2199149251475812,480.0,0.241701988195917
baja_v1_short,2026-07-05T18:30:53.119434+00:00,baja_cierre_4h,control_v4,sgd_63_sin_pesos,base,sgd,63,validacion_2024,0.45,0.001,526560,1161428,383819,0.223478805834093,0.2846969144771246,1.2739325029706796,0.6050430012636847,0.3190773666506487,31.907736665064878,0.0056426598682812,0.0110892147366311,407468,1417,117011,664,47,0.3617021276595745,36.17021276595745,48.93617021276596,-0.0041375949632653,-0.0022321522226557,0.6490357309471017,-0.1984509377233128,-0.188352338022316,480.0,0.2547883156758802
baja_v1_short,2026-07-05T18:30:53.254956+00:00,baja_cierre_4h,control_v4,sgd_63_sin_pesos,base,sgd,63,validacion_2024,0.46,0.001,526560,1161428,383819,0.223478805834093,0.2846969144771246,1.2739325029706796,0.6050430012636847,0.3180117584179583,31.801175841795832,0.0050562991289568,0.0099543272045907,407609,1276,117080,595,37,0.4054054054054054,40.54054054054054,43.24324324324324,-0.0062832001159471,-0.0057550685703754,0.5211197390883622,-0.2120824713252864,-0.2168060780681894,480.0,0.2420779692217552
baja_v1_short,2026-07-05T18:30:53.399342+00:00,baja_cierre_4h,control_v4,sgd_63_sin_pesos,base,sgd,63,validacion_2024,0.47,0.001,526560,1161428,383819,0.223478805834093,0.2846969144771246,1.2739325029706796,0.6050430012636847,0.3176400476758045,31.76400476758045,0.0045294242617378,0.0089314889445594,407740,1145,117142,533,35,0.3714285714285714,37.142857142857146,45.71428571428572,-0.0062652153718684,-0.0059950522370636,0.5301805917654193,-0.208621530669305,-0.2058242111497911,480.0,0.2228563967514018
baja_v1_short,2026-07-05T18:30:53.521810+00:00,baja_cierre_4h,control_v4,sgd_63_sin_pesos,base,sgd,63,validacion_2024,0.48,0.001,526560,1161428,383819,0.223478805834093,0.2846969144771246,1.2739325029706796,0.6050430012636847,0.323962516733601,32.396251673360105,0.0041130231570002,0.0081229178729367,407875,1010,117191,484,33,0.3636363636363636,36.36363636363637,45.45454545454545,-0.0064312864967593,-0.0059950522370636,0.5203965706235366,-0.2095349810608308,-0.199984000512119,480.0,0.2289520072442877
baja_v1_short,2026-07-05T18:30:53.637593+00:00,baja_cierre_4h,control_v4,sgd_63_sin_pesos,base,sgd,63,validacion_2024,0.49,0.001,526560,1161428,383819,0.223478805834093,0.2846969144771246,1.2739325029706796,0.6050430012636847,0.3302961275626423,33.029612756264235,0.0036966220522625,0.0073114158935054,408003,882,117240,435,29,0.3448275862068966,34.48275862068966,41.37931034482759,-0.0076334430714426,-0.0059950522370636,0.4282757009727821,-0.2008669991746626,-0.2056578432589719,480.0,0.2994994685106504
baja_v1_short,2026-07-05T18:30:53.755807+00:00,baja_cierre_4h,control_v4,sgd_63_sin_pesos,base,sgd,63,validacion_2024,0.5,0.001,526560,1161428,383819,0.223478805834093,0.2846969144771246,1.2739325029706796,0.6050430012636847,0.3181434599156118,31.814345991561183,0.0032037391119609,0.0063435975096752,408077,808,117298,377,28,0.3571428571428571,35.714285714285715,46.42857142857143,-0.0052944017165739,-0.0049672863204032,0.5569468989329449,-0.1709433462807005,-0.1444314675050281,480.0,0.3232752350264713
baja_v1_short,2026-07-05T18:30:53.883544+00:00,baja_cierre_4h,control_v4,sgd_63_sin_pesos,base,sgd,63,validacion_2024,0.51,0.001,526560,1161428,383819,0.223478805834093,0.2846969144771246,1.2739325029706796,0.6050430012636847,0.3138195777351247,31.381957773512475,0.0027788400254939,0.0055088993151781,408170,715,117348,327,27,0.4074074074074074,40.74074074074074,44.44444444444444,-0.0051229447211932,-0.0063894389420747,0.5856892398155192,-0.1627237567435467,-0.1359490289087453,480.0,0.3363370843675786
baja_v1_short,2026-07-05T18:30:54.007734+00:00,baja_cierre_4h,control_v4,sgd_63_sin_pesos,base,sgd,63,validacion_2024,0.52,0.001,526560,1161428,383819,0.223478805834093,0.2846969144771246,1.2739325029706796,0.6050430012636847,0.3075268817204301,30.75268817204301,0.002430422774591,0.0048227309135365,408241,644,117389,286,23,0.3478260869565217,34.78260869565217,43.47826086956522,-0.0062157060405158,-0.0102763388529419,0.5454087555630244,-0.1648520578373392,-0.1391997000065742,480.0,0.30433358144009
baja_v1_short,2026-07-05T18:30:54.123664+00:00,baja_cierre_4h,control_v4,sgd_63_sin_pesos,base,sgd,63,validacion_2024,0.53,0.001,526560,1161428,383819,0.223478805834093,0.2846969144771246,1.2739325029706796,0.6050430012636847,0.318075117370892,31.8075117370892,0.0023029530486509,0.0045727977591603,408304,581,117404,271,21,0.3333333333333333,33.33333333333333,42.85714285714285,-0.0070383330675817,-0.0109081760272383,0.515121183562557,-0.1747862551571354,-0.1432078909582184,480.0,0.3111990954818848
baja_v1_short,2026-07-05T18:30:54.249661+00:00,baja_cierre_4h,control_v4,sgd_63_sin_pesos,base,sgd,63,validacion_2024,0.54,0.001,526560,1161428,383819,0.223478805834093,0.2846969144771246,1.2739325029706796,0.6050430012636847,0.3224967490247074,32.249674902470744,0.0021074994688761,0.0041876329742325,408364,521,117427,248,20,0.2,20.0,30.0,-0.012244076793082,-0.0161288243941962,0.2679706504009794,-0.2194317478206608,-0.2217694699969808,480.0,0.3098686173583731
baja_v1_short,2026-07-05T18:30:54.374972+00:00,baja_cierre_4h,control_v4,sgd_63_sin_pesos,base,sgd,63,validacion_2024,0.55,0.001,526560,1161428,383819,0.223478805834093,0.2846969144771246,1.2739325029706796,0.6050430012636847,0.339031339031339,33.903133903133906,0.0020225196515827,0.0040210513866713,408421,464,117437,238,19,0.2105263157894736,21.052631578947366,36.84210526315789,-0.00861477825673,-0.0149497043564915,0.3821782904656502,-0.1642547781167485,-0.1546430017648207,480.0,0.2925000817793664
baja_v1_short,2026-07-05T18:30:54.513444+00:00,baja_cierre_4h,control_v4,sgd_63_sin_pesos,base,sgd,63,validacion_2024,0.56,0.001,526560,1161428,383819,0.223478805834093,0.2846969144771246,1.2739325029706796,0.6050430012636847,0.3550387596899225,35.50387596899225,0.0019460378160186,0.0038708586883029,408469,416,117446,229,18,0.2222222222222222,22.22222222222222,38.88888888888889,-0.0082146675342486,-0.0161288243941962,0.4166206414941494,-0.1531978386757444,-0.141196950973319,480.0,0.2755732258373351
baja_v1_short,2026-07-05T18:30:54.635624+00:00,baja_cierre_4h,control_v4,sgd_63_sin_pesos,base,sgd,63,validacion_2024,0.57,0.001,526560,1161428,383819,0.223478805834093,0.2846969144771246,1.2739325029706796,0.6050430012636847,0.3786078098471986,37.86078098471987,0.0018950499256426,0.0037712237029019,408519,366,117452,223,16,0.25,25.0,43.75,-0.0113862707110238,-0.016531747136265,0.3132074102670936,-0.1863057930087068,-0.1715196420141629,480.0,0.3150749252801403
baja_v1_short,2026-07-05T18:30:54.757169+00:00,baja_cierre_4h,control_v4,sgd_63_sin_pesos,base,sgd,63,validacion_2024,0.58,0.001,526560,1161428,383819,0.223478805834093,0.2846969144771246,1.2739325029706796,0.6050430012636847,0.4018518518518518,40.18518518518518,0.0018440620352666,0.0036712769107135,408562,323,117458,217,14,0.3571428571428571,35.714285714285715,50.0,-0.0071838353535027,-0.0038443060000427,0.4523796660204788,-0.1159334929459184,-0.0998685624717844,480.0,0.3409013378874417
baja_v1_short,2026-07-05T18:30:54.914483+00:00,baja_cierre_4h,control_v4,sgd_63_sin_pesos,base,sgd,63,validacion_2024,0.59,0.001,526560,1161428,383819,0.223478805834093,0.2846969144771246,1.2739325029706796,0.6050430012636847,0.426,42.6,0.0018100701083492,0.0036048233551935,408598,287,117462,213,13,0.3846153846153846,38.46153846153847,46.15384615384615,-0.007723228492774,-0.0103372231349349,0.4160225399039639,-0.104670874024209,-0.0988156746723893,480.0,0.3144250338335788
baja_v1_short,2026-07-05T18:30:55.040532+00:00,baja_cierre_4h,control_v4,sgd_63_sin_pesos,base,sgd,63,validacion_2024,0.6,0.001,526560,1161428,383819,0.223478805834093,0.2846969144771246,1.2739325029706796,0.6050430012636847,0.4434968017057569,44.349680170575695,0.0017675801997025,0.0035211267605633,408624,261,117467,208,12,0.4166666666666667,41.66666666666667,41.66666666666667,-0.0086623718584111,-0.0117449921779334,0.3862485804815318,-0.1023255960454985,-0.1019409173326746,480.0,0.3269112557998325
baja_v1_short,2026-07-05T18:30:55.171207+00:00,baja_cierre_4h,control_v4,sgd_63_sin_pesos,base,sgd,63,validacion_2024,0.61,0.001,526560,1161428,383819,0.223478805834093,0.2846969144771246,1.2739325029706796,0.6050430012636847,0.4511111111111111,45.11111111111112,0.0017250902910558,0.003437037037037,408638,247,117472,203,9,0.4444444444444444,44.44444444444444,44.44444444444444,-0.0100718746521613,-0.0103372231349349,0.2721681722202158,-0.0896462235230703,-0.0889551683481775,480.0,0.5175383955897094
baja_v1_short,2026-07-05T18:30:55.291756+00:00,baja_cierre_4h,control_v4,sgd_63_sin_pesos,base,sgd,63,validacion_2024,0.62,0.001,526560,1161428,383819,0.223478805834093,0.2846969144771246,1.2739325029706796,0.6050430012636847,0.4647887323943662,46.478873239436616,0.0016826003824091,0.0033530622094647,408657,228,117477,198,8,0.5,50.0,50.0,-0.009686763831065,-0.0047890584790147,0.3043051026139708,-0.0802984189903954,-0.0768127063121021,480.0,0.5703689508972856
baja_v1_short,2026-07-05T18:30:55.428571+00:00,baja_cierre_4h,control_v4,sgd_63_sin_pesos,base,sgd,63,validacion_2024,0.63,0.001,526560,1161428,383819,0.223478805834093,0.2846969144771246,1.2739325029706796,0.6050430012636847,0.4713216957605985,47.13216957605985,0.0016061185468451,0.0032013279582641,408673,212,117486,189,8,0.5,50.0,50.0,-0.0094535611676983,-0.003856247825548,0.3210535137232356,-0.0802984189903954,-0.0750916948571339,480.0,0.5622282495756246
baja_v1_short,2026-07-05T18:30:55.578960+00:00,baja_cierre_4h,control_v4,sgd_63_sin_pesos,base,sgd,63,validacion_2024,0.64,0.001,526560,1161428,383819,0.223478805834093,0.2846969144771246,1.2739325029706796,0.6050430012636847,0.4834254143646408,48.34254143646409,0.0014871468026343,0.0029651719376127,408698,187,117500,175,8,0.5,50.0,50.0,-0.0087746762544848,-0.003856247825548,0.3375094342377455,-0.0802984189903954,-0.0699693632228346,480.0,0.5866014013360715
baja_v1_short,2026-07-05T18:30:55.699976+00:00,baja_cierre_4h,control_v4,sgd_63_sin_pesos,base,sgd,63,validacion_2024,0.65,0.001,526560,1161428,383819,0.223478805834093,0.2846969144771246,1.2739325029706796,0.6050430012636847,0.4953846153846153,49.53846153846154,0.0013681750584236,0.002728813559322,408721,164,117514,161,8,0.5,50.0,50.0,-0.009422930346569,-0.0038688445454463,0.3216075784739001,-0.0802984189903954,-0.0748600645615034,480.0,0.5635018625422238
baja_v1_short,2026-07-05T18:30:55.827981+00:00,baja_cierre_4h,control_v4,sgd_63_sin_pesos,base,sgd,63,validacion_2024,0.66,0.001,526560,1161428,383819,0.223478805834093,0.2846969144771246,1.2739325029706796,0.6050430012636847,0.4967105263157895,49.67105263157895,0.0012831952411302,0.0025597775875367,408732,153,117524,151,7,0.5714285714285714,57.14285714285714,42.85714285714285,-0.0106436738967895,-0.0103372231349349,0.3318597546376422,-0.0875154316365888,-0.0740968526088191,480.0,0.5564174105139715
baja_v1_short,2026-07-05T18:30:55.947629+00:00,baja_cierre_4h,control_v4,sgd_63_sin_pesos,base,sgd,63,validacion_2024,0.67,0.001,526560,1161428,383819,0.223478805834093,0.2846969144771246,1.2739325029706796,0.6050430012636847,0.5107142857142857,51.07142857142857,0.0012152113872955,0.0024246534695434,408748,137,117532,143,6,0.5,50.0,33.33333333333333,-0.0148685430089632,-0.0149006883837282,0.1999857994372231,-0.0802984189903954,-0.0875154316365888,480.0,0.6261308665025055
baja_v1_short,2026-07-05T18:30:56.105009+00:00,baja_cierre_4h,control_v4,sgd_63_sin_pesos,base,sgd,63,validacion_2024,0.68,0.001,526560,1161428,383819,0.223478805834093,0.2846969144771246,1.2739325029706796,0.6050430012636847,0.5097276264591439,50.97276264591439,0.0011132356065434,0.002221619238205,408759,126,117544,131,5,0.6,60.0,40.0,-0.0106253532916307,-0.0103372231349349,0.2956588123715999,-0.0456262247860431,-0.0531153144507074,480.0,0.4601662392698947
baja_v1_short,2026-07-05T18:30:56.265195+00:00,baja_cierre_4h,control_v4,sgd_63_sin_pesos,base,sgd,63,validacion_2024,0.69,0.001,526560,1161428,383819,0.223478805834093,0.2846969144771246,1.2739325029706796,0.6050430012636847,0.521551724137931,52.1551724137931,0.00102825578925,0.0020524650784092,408774,111,117554,121,5,0.6,60.0,40.0,-0.0115277024209499,-0.0103372231349349,0.2789719440606,-0.0476273320267167,-0.0574722208031698,480.0,0.4359684863277153
baja_v1_short,2026-07-05T18:30:56.421700+00:00,baja_cierre_4h,control_v4,sgd_63_sin_pesos,base,sgd,63,validacion_2024,0.7,0.001,526560,1161428,383819,0.223478805834093,0.2846969144771246,1.2739325029706796,0.6050430012636847,0.5141509433962265,51.41509433962265,0.0009262800084979,0.0018492284984773,408782,103,117566,109,5,0.6,60.0,40.0,-0.0073712272793054,-0.0103372231349349,0.5493148952594735,-0.0456262247860431,-0.0381405007222866,480.0,0.3970432160179024
baja_v1_short,2026-07-05T18:30:56.555875+00:00,baja_cierre_4h,control_v4,sgd_63_sin_pesos,base,sgd,63,validacion_2024,0.71,0.001,526560,1161428,383819,0.223478805834093,0.2846969144771246,1.2739325029706796,0.6050430012636847,0.532258064516129,53.2258064516129,0.0008413001912045,0.0016799450199811,408798,87,117576,99,5,0.6,60.0,40.0,-0.0072552597373723,-0.0103372231349349,0.5532375629109495,-0.0456262247860431,-0.0375679994363677,480.0,0.3916175135268634
baja_v1_short,2026-07-05T18:30:56.694462+00:00,baja_cierre_4h,control_v4,sgd_63_sin_pesos,base,sgd,63,validacion_2024,0.72,0.001,526560,1161428,383819,0.223478805834093,0.2846969144771246,1.2739325029706796,0.6050430012636847,0.5540540540540541,55.4054054054054,0.0006968345018058,0.0013919183860536,408819,66,117593,82,5,0.6,60.0,40.0,-0.0071007495969533,-0.0103372231349349,0.5585518395755968,-0.0456262247860431,-0.0368052234681708,480.0,0.3842349815145544
baja_v1_short,2026-07-05T18:30:56.830253+00:00,baja_cierre_4h,control_v4,sgd_63_sin_pesos,base,sgd,63,validacion_2024,0.73,0.001,526560,1161428,383819,0.223478805834093,0.2846969144771246,1.2739325029706796,0.6050430012636847,0.5390625,53.90625,0.0005863607393244,0.0011714472466745,408826,59,117606,69,5,0.6,60.0,40.0,-0.0051420805267989,-0.0062573406137526,0.6359964644090831,-0.0406161675453186,-0.0270562169106726,480.0,0.4410284877768955
baja_v1_short,2026-07-05T18:30:56.958163+00:00,baja_cierre_4h,control_v4,sgd_63_sin_pesos,base,sgd,63,validacion_2024,0.74,0.001,526560,1161428,383819,0.223478805834093,0.2846969144771246,1.2739325029706796,0.6050430012636847,0.5229357798165137,52.293577981651374,0.0004843849585723,0.0009678733953677,408833,52,117618,57,4,0.5,50.0,25.0,-0.0102484211781993,-0.0156094758529216,0.4293364423956963,-0.0406161675453186,-0.0417476110105808,480.0,0.6089135745413511
baja_v1_short,2026-07-05T18:30:57.103861+00:00,baja_cierre_4h,control_v4,sgd_63_sin_pesos,base,sgd,63,validacion_2024,0.75,0.001,526560,1161428,383819,0.223478805834093,0.2846969144771246,1.2739325029706796,0.6050430012636847,0.5517241379310345,55.172413793103445,0.0004079031230082,0.0008152035461354,408846,39,117627,48,4,0.5,50.0,25.0,-0.0077681866930797,-0.0152706038895994,0.463898287368954,-0.027419335976243,-0.0316194824660507,480.0,0.7815165921243685
baja_v1_short,2026-07-05T18:30:57.248902+00:00,baja_cierre_4h,control_v4,sgd_63_sin_pesos,base,sgd,63,validacion_2024,0.76,0.001,526560,1161428,383819,0.223478805834093,0.2846969144771246,1.2739325029706796,0.6050430012636847,0.6610169491525424,66.10169491525424,0.0003314212874442,0.0006625104048108,408865,20,117636,39,4,0.5,50.0,25.0,-0.0067434366317465,-0.013221103766933,0.4992021251317519,-0.027419335976243,-0.0275512992666855,480.0,0.7483152887167251
baja_v1_short,2026-07-05T18:30:57.363773+00:00,baja_cierre_4h,control_v4,sgd_63_sin_pesos,base,sgd,63,validacion_2024,0.77,0.001,526560,1161428,383819,0.223478805834093,0.2846969144771246,1.2739325029706796,0.6050430012636847,0.8378378378378378,83.78378378378379,0.0002634374336095,0.0005267092564904,408879,6,117644,31,4,0.5,50.0,25.0,-0.0053297774391248,-0.0127580324877053,0.5577581886419427,-0.0226908417642116,-0.0218997981184239,480.0,0.6203538719503661
baja_v1_short,2026-07-05T18:30:57.483543+00:00,baja_cierre_4h,control_v4,sgd_63_sin_pesos,base,sgd,63,validacion_2024,0.78,0.001,526560,1161428,383819,0.223478805834093,0.2846969144771246,1.2739325029706796,0.6050430012636847,0.9615384615384616,96.15384615384616,0.0002124495432334,0.0004248052268035,408884,1,117650,25,3,0.6666666666666666,66.66666666666666,33.33333333333333,0.0004572440025707,-0.0062573406137526,1.0537595436065097,-0.0192587243616582,0.0008094098363058,480.0,0.5493911561062174
baja_v1_short,2026-07-05T18:30:57.616024+00:00,baja_cierre_4h,control_v4,sgd_63_sin_pesos,base,sgd,63,validacion_2024,0.79,0.001,526560,1161428,383819,0.223478805834093,0.2846969144771246,1.2739325029706796,0.6050430012636847,1.0,100.0,0.0001869555980454,0.0003738413043662,408885,0,117653,22,2,1.0,100.0,50.0,0.0114020079383626,0.0114020079383626,6.584044610275839,0.0,0.0226942119994131,480.0,0.8681442355118704
baja_v1_short,2026-07-05T18:30:57.746204+00:00,baja_cierre_4h,control_v4,sgd_63_sin_pesos,base,sgd,63,validacion_2024,0.8,0.001,526560,1161428,383819,0.223478805834093,0.2846969144771246,1.2739325029706796,0.6050430012636847,1.0,100.0,0.0001614616528574,0.0003228711744014,408885,0,117656,19,2,1.0,100.0,50.0,0.0114020079383626,0.0114020079383626,6.584044610275839,0.0,0.0226942119994131,480.0,0.8681442355118704
baja_v1_short,2026-07-05T18:30:57.865677+00:00,baja_cierre_4h,control_v4,sgd_63_sin_pesos,base,sgd,63,validacion_2024,0.81,0.001,526560,1161428,383819,0.223478805834093,0.2846969144771246,1.2739325029706796,0.6050430012636847,1.0,100.0,0.0001444656893987,0.0002888896441559,408885,0,117658,17,2,1.0,100.0,50.0,0.0114020079383626,0.0114020079383626,6.584044610275839,0.0,0.0226942119994131,480.0,0.8681442355118704
baja_v1_short,2026-07-05T18:30:57.998066+00:00,baja_cierre_4h,control_v4,sgd_63_sin_pesos,base,sgd,63,validacion_2024,0.82,0.001,526560,1161428,383819,0.223478805834093,0.2846969144771246,1.2739325029706796,0.6050430012636847,1.0,100.0,0.0001359677076694,0.0002718984459304,408885,0,117659,16,2,1.0,100.0,50.0,0.0114020079383626,0.0114020079383626,6.584044610275839,0.0,0.0226942119994131,480.0,0.8681442355118704
baja_v1_short,2026-07-05T18:30:58.119790+00:00,baja_cierre_4h,control_v4,sgd_63_sin_pesos,base,sgd,63,validacion_2024,0.83,0.001,526560,1161428,383819,0.223478805834093,0.2846969144771246,1.2739325029706796,0.6050430012636847,1.0,100.0,0.0001104737624814,0.0002209231187546,408885,0,117662,13,2,1.0,100.0,50.0,0.0151124743754044,0.0151124743754044,8.4012166576361,0.0,0.0300848394080335,480.0,0.8936307888205348
baja_v1_short,2026-07-05T18:30:58.248407+00:00,baja_cierre_4h,control_v4,sgd_63_sin_pesos,base,sgd,63,validacion_2024,0.84,0.001,526560,1161428,383819,0.223478805834093,0.2846969144771246,1.2739325029706796,0.6050430012636847,1.0,100.0,8.497981729339282e-05,0.0001699451926753,408885,0,117665,10,1,1.0,100.0,100.0,0.0343087298572063,0.0343087298572063,inf,0.0,0.0343087298572064,480.0,1.0
baja_v1_short,2026-07-05T18:30:58.420930+00:00,baja_cierre_4h,control_v4,sgd_63_sin_pesos,base,sgd,63,validacion_2024,0.85,0.001,526560,1161428,383819,0.223478805834093,0.2846969144771246,1.2739325029706796,0.6050430012636847,1.0,100.0,5.098789037603569e-05,0.0001019705814872,408885,0,117669,6,1,1.0,100.0,100.0,0.0281657783091068,0.0281657783091068,inf,0.0,0.0281657783091069,480.0,1.0
baja_v1_short,2026-07-05T18:30:58.614291+00:00,baja_cierre_4h,control_v4,sgd_63_sin_pesos,base,sgd,63,validacion_2024,0.86,0.001,526560,1161428,383819,0.223478805834093,0.2846969144771246,1.2739325029706796,0.6050430012636847,1.0,100.0,5.098789037603569e-05,0.0001019705814872,408885,0,117669,6,1,1.0,100.0,100.0,0.0281657783091068,0.0281657783091068,inf,0.0,0.0281657783091069,480.0,1.0
baja_v1_short,2026-07-05T18:30:58.776994+00:00,baja_cierre_4h,control_v4,sgd_63_sin_pesos,base,sgd,63,validacion_2024,0.87,0.001,526560,1161428,383819,0.223478805834093,0.2846969144771246,1.2739325029706796,0.6050430012636847,1.0,100.0,1.6995963458678563e-05,3.3991349201628185e-05,408885,0,117673,2,1,1.0,100.0,100.0,0.0346712564826011,0.0346712564826011,inf,0.0,0.0346712564826012,480.0,1.0
baja_v1_short,2026-07-05T18:30:58.917716+00:00,baja_cierre_4h,control_v4,sgd_63_sin_pesos,base,sgd,63,validacion_2024,0.88,0.001,526560,1161428,383819,0.223478805834093,0.2846969144771246,1.2739325029706796,0.6050430012636847,1.0,100.0,1.6995963458678563e-05,3.3991349201628185e-05,408885,0,117673,2,1,1.0,100.0,100.0,0.0346712564826011,0.0346712564826011,inf,0.0,0.0346712564826012,480.0,1.0
baja_v1_short,2026-07-05T18:30:59.061541+00:00,baja_cierre_4h,control_v4,sgd_63_sin_pesos,base,sgd,63,validacion_2024,0.89,0.001,526560,1161428,383819,0.223478805834093,0.2846969144771246,1.2739325029706796,0.6050430012636847,1.0,100.0,8.497981729339281e-06,1.6995819028518986e-05,408885,0,117674,1,1,1.0,100.0,100.0,0.0371281748414039,0.0371281748414039,inf,0.0,0.037128174841404,480.0,1.0
baja_v1_short,2026-07-05T18:30:59.214657+00:00,baja_cierre_4h,control_v4,sgd_63_sin_pesos,base,sgd,63,validacion_2024,0.9,0.001,526560,1161428,383819,0.223478805834093,0.2846969144771246,1.2739325029706796,0.6050430012636847,1.0,100.0,8.497981729339281e-06,1.6995819028518986e-05,408885,0,117674,1,1,1.0,100.0,100.0,0.0371281748414039,0.0371281748414039,inf,0.0,0.037128174841404,480.0,1.0
baja_v1_short,2026-07-05T18:30:59.358414+00:00,baja_cierre_4h,control_v4,sgd_63_sin_pesos,base,sgd,63,validacion_2024,0.91,0.001,526560,1161428,383819,0.223478805834093,0.2846969144771246,1.2739325029706796,0.6050430012636847,0.0,0.0,0.0,0.0,408885,0,117675,0,0,0.0,0.0,0.0,0.0,0.0,0.0,0.0,0.0,0.0,0.0
baja_v1_short,2026-07-05T18:30:59.490143+00:00,baja_cierre_4h,control_v4,sgd_63_sin_pesos,base,sgd,63,validacion_2024,0.92,0.001,526560,1161428,383819,0.223478805834093,0.2846969144771246,1.2739325029706796,0.6050430012636847,0.0,0.0,0.0,0.0,408885,0,117675,0,0,0.0,0.0,0.0,0.0,0.0,0.0,0.0,0.0,0.0,0.0
baja_v1_short,2026-07-05T18:30:59.652651+00:00,baja_cierre_4h,control_v4,sgd_63_sin_pesos,base,sgd,63,validacion_2024,0.93,0.001,526560,1161428,383819,0.223478805834093,0.2846969144771246,1.2739325029706796,0.6050430012636847,0.0,0.0,0.0,0.0,408885,0,117675,0,0,0.0,0.0,0.0,0.0,0.0,0.0,0.0,0.0,0.0,0.0
baja_v1_short,2026-07-05T18:30:59.775606+00:00,baja_cierre_4h,control_v4,sgd_63_sin_pesos,base,sgd,63,validacion_2024,0.94,0.001,526560,1161428,383819,0.223478805834093,0.2846969144771246,1.2739325029706796,0.6050430012636847,0.0,0.0,0.0,0.0,408885,0,117675,0,0,0.0,0.0,0.0,0.0,0.0,0.0,0.0,0.0,0.0,0.0
baja_v1_short,2026-07-05T18:30:59.899244+00:00,baja_cierre_4h,control_v4,sgd_63_sin_pesos,base,sgd,63,validacion_2024,0.95,0.001,526560,1161428,383819,0.223478805834093,0.2846969144771246,1.2739325029706796,0.6050430012636847,0.0,0.0,0.0,0.0,408885,0,117675,0,0,0.0,0.0,0.0,0.0,0.0,0.0,0.0,0.0,0.0,0.0
baja_v1_short,2026-07-05T18:31:15.792763+00:00,baja_cierre_4h,control_v4,histgb_63_moderado,algoritmo,histgb,63,validacion_2023,0.05,0.001,521200,421957,178043,0.1555640828856485,0.2352851491426881,1.512464476235435,0.6578936759903261,0.1654472078220355,16.544720782203555,0.9950666008880118,0.2837208648070782,33152,406968,400,80680,109,0.0642201834862385,6.422018348623854,35.77981651376147,-0.0018058445720395,-0.0013314848581794,0.4352599654493774,-0.1816963059495493,-0.1816900572236944,480.0,0.337873614803942
baja_v1_short,2026-07-05T18:31:15.933764+00:00,baja_cierre_4h,control_v4,histgb_63_moderado,algoritmo,histgb,63,validacion_2023,0.06,0.001,521200,421957,178043,0.1555640828856485,0.2352851491426881,1.512464476235435,0.6578936759903261,0.1666293759607536,16.662937596075363,0.9919955599407992,0.2853306466775693,37857,402263,649,80431,127,0.0629921259842519,6.299212598425196,38.582677165354326,-0.0019195414534724,-0.0014830745747312,0.4540672626408484,-0.2200228826265536,-0.2200169265698782,480.0,0.2580462333203863
baja_v1_short,2026-07-05T18:31:16.089862+00:00,baja_cierre_4h,control_v4,histgb_63_moderado,algoritmo,histgb,63,validacion_2023,0.07,0.001,521200,421957,178043,0.1555640828856485,0.2352851491426881,1.512464476235435,0.6578936759903261,0.1679197207898114,16.791972078981143,0.989195855944746,0.2871026806249362,42691,397429,876,80204,162,0.074074074074074,7.4074074074074066,39.50617283950617,-0.0017813360119222,-0.001350046539097,0.4452130277603082,-0.2535001104795978,-0.2534944100615328,480.0,0.2139423743090216
baja_v1_short,2026-07-05T18:31:16.236780+00:00,baja_cierre_4h,control_v4,histgb_63_moderado,algoritmo,histgb,63,validacion_2023,0.08,0.001,521200,421957,178043,0.1555640828856485,0.2352851491426881,1.512464476235435,0.6578936759903261,0.1693548729578338,16.935487295783382,0.9836827824370992,0.2889610271979943,48931,391189,1323,79757,203,0.0788177339901477,7.881773399014778,39.40886699507389,-0.0013590989360279,-0.0010629557980573,0.5753866585532529,-0.2458647325898861,-0.2458589738665934,480.0,0.1585580512363672
baja_v1_short,2026-07-05T18:31:16.410767+00:00,baja_cierre_4h,control_v4,histgb_63_moderado,algoritmo,histgb,63,validacion_2023,0.09,0.001,521200,421957,178043,0.1555640828856485,0.2352851491426881,1.512464476235435,0.6578936759903261,0.1714598562259529,17.14598562259529,0.9772323630981746,0.2917337083988409,57240,382880,1846,79234,246,0.08130081300813,8.130081300813007,39.83739837398374,-0.0013464929725109,-0.001177540408913,0.5811589599830421,-0.2874672117555283,-0.2874617707168423,480.0,0.2179493922449707
baja_v1_short,2026-07-05T18:31:16.555767+00:00,baja_cierre_4h,control_v4,histgb_63_moderado,algoritmo,histgb,63,validacion_2023,0.1,0.001,521200,421957,178043,0.1555640828856485,0.2352851491426881,1.512464476235435,0.6578936759903261,0.1737181940244692,17.371819402446928,0.9685989146521954,0.2945999020926294,66577,373543,2546,78534,273,0.0769230769230769,7.6923076923076925,41.02564102564102,-0.0013004230059146,-0.0009497084099857,0.6295352335810831,-0.3242386794116481,-0.3068731227382293,480.0,0.2492606954881303
baja_v1_short,2026-07-05T18:31:16.725762+00:00,baja_cierre_4h,control_v4,histgb_63_moderado,algoritmo,histgb,63,validacion_2023,0.11,0.001,521200,421957,178043,0.1555640828856485,0.2352851491426881,1.512464476235435,0.6578936759903261,0.176114025447253,17.6114025447253,0.9585594474592994,0.2975583142701264,76535,363585,3360,77720,310,0.1064516129032258,10.64516129032258,40.64516129032258,-0.0015181873714806,-0.0010583846122026,0.5904550584953697,-0.4017797263272044,-0.3838520460901293,480.0,0.2064895799003523
baja_v1_short,2026-07-05T18:31:16.880128+00:00,baja_cierre_4h,control_v4,histgb_63_moderado,algoritmo,histgb,63,validacion_2023,0.12,0.001,521200,421957,178043,0.1555640828856485,0.2352851491426881,1.512464476235435,0.6578936759903261,0.1784345807948941,17.84345807948941,0.9482363098174642,0.3003506167534256,86128,353992,4197,76883,339,0.1091445427728613,10.914454277286136,41.29793510324484,-0.0019008632589618,-0.0009325342214433,0.5292747143908166,-0.4872876462545525,-0.4842192719439433,480.0,0.1723431400634035
baja_v1_short,2026-07-05T18:31:17.034861+00:00,baja_cierre_4h,control_v4,histgb_63_moderado,algoritmo,histgb,63,validacion_2023,0.13,0.001,521200,421957,178043,0.1555640828856485,0.2352851491426881,1.512464476235435,0.6578936759903261,0.1804351545568609,18.04351545568609,0.9364824864331524,0.3025726445319349,95234,344886,5150,75930,365,0.0876712328767123,8.767123287671232,41.0958904109589,-0.0018478102528349,-0.0010168411188496,0.5327608611736395,-0.5026460598807718,-0.499799409073863,480.0,0.1433932520449252
baja_v1_short,2026-07-05T18:31:17.182017+00:00,baja_cierre_4h,control_v4,histgb_63_moderado,algoritmo,histgb,63,validacion_2023,0.14,0.001,521200,421957,178043,0.1555640828856485,0.2352851491426881,1.512464476235435,0.6578936759903261,0.1824048606864696,18.240486068646963,0.9234459792797236,0.3046360849301301,104516,335604,6207,74873,391,0.1023017902813299,10.230179028132993,40.40920716112532,-0.0022577399798988,-0.0011511347945779,0.4795644678094068,-0.5948920527033752,-0.5948061878771345,480.0,0.1280870988155276
baja_v1_short,2026-07-05T18:31:17.339520+00:00,baja_cierre_4h,control_v4,histgb_63_moderado,algoritmo,histgb,63,validacion_2023,0.15,0.001,521200,421957,178043,0.1555640828856485,0.2352851491426881,1.512464476235435,0.6578936759903261,0.1842971262371722,18.429712623717226,0.9096817957572768,0.3064990328016339,113670,326450,7323,73757,408,0.1102941176470588,11.029411764705882,39.21568627450981,-0.0024767783934998,-0.001439669311163,0.4424636535925392,-0.6435867365611316,-0.6435111928371953,480.0,0.1202990959702346
baja_v1_short,2026-07-05T18:31:17.494433+00:00,baja_cierre_4h,control_v4,histgb_63_moderado,algoritmo,histgb,63,validacion_2023,0.16,0.001,521200,421957,178043,0.1555640828856485,0.2352851491426881,1.512464476235435,0.6578936759903261,0.1864401125071856,18.644011250718567,0.8960162802170696,0.3086560848359193,123105,317015,8431,72649,448,0.1026785714285714,10.267857142857142,39.50892857142857,-0.0026201510619848,-0.0012312532524229,0.4280855450842714,-0.7023153514522638,-0.6985885937881298,480.0,0.2076186412327811
baja_v1_short,2026-07-05T18:31:17.639441+00:00,baja_cierre_4h,control_v4,histgb_63_moderado,algoritmo,histgb,63,validacion_2023,0.17,0.001,521200,421957,178043,0.1555640828856485,0.2352851491426881,1.512464476235435,0.6578936759903261,0.1887215686687982,18.872156866879823,0.8830414405525407,0.3109809993940828,132338,307782,9483,71597,470,0.1085106382978723,10.851063829787234,39.7872340425532,-0.0024152469505994,-0.0011922010415,0.4851717750447089,-0.69496836564403,-0.6882835699562789,480.0,0.1831500349953551
baja_v1_short,2026-07-05T18:31:17.783124+00:00,baja_cierre_4h,control_v4,histgb_63_moderado,algoritmo,histgb,63,validacion_2023,0.18,0.001,521200,421957,178043,0.1555640828856485,0.2352851491426881,1.512464476235435,0.6578936759903261,0.1909553600981025,19.095536009810253,0.8680932412432166,0.3130490088375134,141911,298209,10695,70385,495,0.1171717171717171,11.717171717171718,41.21212121212121,-0.0019793109734006,-0.0010626491600996,0.553274001135668,-0.6532181461429921,-0.6364772546569913,480.0,0.2253100696311028
baja_v1_short,2026-07-05T18:31:17.947291+00:00,baja_cierre_4h,control_v4,histgb_63_moderado,algoritmo,histgb,63,validacion_2023,0.19,0.001,521200,421957,178043,0.1555640828856485,0.2352851491426881,1.512464476235435,0.6578936759903261,0.1933950385844352,19.33950385844353,0.852479033053774,0.3152678127522931,151841,288279,11961,69119,504,0.1051587301587301,10.515873015873016,40.07936507936508,-0.002088852521748,-0.0012334592063562,0.5416528398683248,-0.6768300393778168,-0.6625965906265883,480.0,0.2001004875995641
baja_v1_short,2026-07-05T18:31:18.103381+00:00,baja_cierre_4h,control_v4,histgb_63_moderado,algoritmo,histgb,63,validacion_2023,0.2,0.001,521200,421957,178043,0.1555640828856485,0.2352851491426881,1.512464476235435,0.6578936759903261,0.19638798806777,19.638798806777,0.838764183522447,0.3182589284669688,161838,278282,13073,68007,526,0.1197718631178707,11.977186311787072,42.58555133079848,-0.0019645599545119,-0.0009894246448093,0.5630508635167798,-0.6689589215484785,-0.6561053420183377,480.0,0.2141429836808255
baja_v1_short,2026-07-05T18:31:18.291460+00:00,baja_cierre_4h,control_v4,histgb_63_moderado,algoritmo,histgb,63,validacion_2023,0.21,0.001,521200,421957,178043,0.1555640828856485,0.2352851491426881,1.512464476235435,0.6578936759903261,0.199323135641232,19.93231356412321,0.8244573260976813,0.321032536919198,171597,268523,14233,66847,543,0.1215469613259668,12.154696132596683,42.9097605893186,-0.0020270652855024,-0.00089628118783,0.5583753301664118,-0.6783866142832946,-0.6783841583810504,480.0,0.2069034445869436
baja_v1_short,2026-07-05T18:31:18.465633+00:00,baja_cierre_4h,control_v4,histgb_63_moderado,algoritmo,histgb,63,validacion_2023,0.22,0.001,521200,421957,178043,0.1555640828856485,0.2352851491426881,1.512464476235435,0.6578936759903261,0.2016861079367817,20.168610793678173,0.8075727676369018,0.3227639851823736,180945,259175,15602,65478,566,0.1342756183745583,13.427561837455832,43.99293286219081,-0.0017913682071398,-0.0010147421828842,0.6049898136513994,-0.65315236438312,-0.6498120389624493,480.0,0.1657663586061873
baja_v1_short,2026-07-05T18:31:18.632180+00:00,baja_cierre_4h,control_v4,histgb_63_moderado,algoritmo,histgb,63,validacion_2023,0.23,0.001,521200,421957,178043,0.1555640828856485,0.2352851491426881,1.512464476235435,0.6578936759903261,0.204054652433333,20.4054652433333,0.7900222002960039,0.3243365038697084,190264,249856,17025,64055,577,0.1334488734835355,13.344887348353554,41.94107452339688,-0.0017074517146001,-0.001118654614198,0.615478701382709,-0.6556351882643252,-0.640099703818317,480.0,0.2132525354185057
baja_v1_short,2026-07-05T18:31:18.781112+00:00,baja_cierre_4h,control_v4,histgb_63_moderado,algoritmo,histgb,63,validacion_2023,0.24,0.001,521200,421957,178043,0.1555640828856485,0.2352851491426881,1.512464476235435,0.6578936759903261,0.206517509085992,20.651750908599205,0.7723112974839664,0.3258911146153726,199525,240595,18461,62619,585,0.1401709401709401,14.017094017094015,41.53846153846154,-0.0016560072964697,-0.0012964875020552,0.6235857942142738,-0.6509426739959032,-0.6333198024418195,480.0,0.1761897638681568
baja_v1_short,2026-07-05T18:31:18.938812+00:00,baja_cierre_4h,control_v4,histgb_63_moderado,algoritmo,histgb,63,validacion_2023,0.25,0.001,521200,421957,178043,0.1555640828856485,0.2352851491426881,1.512464476235435,0.6578936759903261,0.2089844418434328,20.89844418434328,0.7531327084361125,0.327180569769124,208990,231130,20016,61064,602,0.1395348837209302,13.953488372093023,41.86046511627907,-0.0019139836287253,-0.001178035304998,0.6024360447725698,-0.7118634325408206,-0.6973183593868371,480.0,0.2489549007257513
baja_v1_short,2026-07-05T18:31:19.090545+00:00,baja_cierre_4h,control_v4,histgb_63_moderado,algoritmo,histgb,63,validacion_2023,0.26,0.001,521200,421957,178043,0.1555640828856485,0.2352851491426881,1.512464476235435,0.6578936759903261,0.2114770650682252,21.147706506822527,0.7336334484459793,0.3283143003802911,218329,221791,21597,59483,610,0.1475409836065573,14.754098360655735,43.44262295081967,-0.0016760317151497,-0.0010170543530657,0.6476285253178962,-0.6708574771865004,-0.6561700688345573,480.0,0.253521108802534
baja_v1_short,2026-07-05T18:31:19.258005+00:00,baja_cierre_4h,control_v4,histgb_63_moderado,algoritmo,histgb,63,validacion_2023,0.27,0.001,521200,421957,178043,0.1555640828856485,0.2352851491426881,1.512464476235435,0.6578936759903261,0.2140501733813428,21.40501733813428,0.7141218549580661,0.3293740862729036,227519,212601,23179,57901,619,0.1567043618739903,15.670436187399032,42.16478190630048,-0.0016348889536837,-0.0010884492401382,0.6558019779005746,-0.6519191945113479,-0.6525078532379367,480.0,0.2417655380488726
baja_v1_short,2026-07-05T18:31:19.415719+00:00,baja_cierre_4h,control_v4,histgb_63_moderado,algoritmo,histgb,63,validacion_2023,0.28,0.001,521200,421957,178043,0.1555640828856485,0.2352851491426881,1.512464476235435,0.6578936759903261,0.2167435178534189,21.67435178534189,0.6922052294030587,0.3301198157766262,237302,202818,24956,56124,619,0.1615508885298869,16.15508885298869,41.84168012924071,-0.0016258777689011,-0.0013709372249431,0.6525418835446991,-0.6540878891434266,-0.6498592246009175,480.0,0.2014221071267967
baja_v1_short,2026-07-05T18:31:19.584763+00:00,baja_cierre_4h,control_v4,histgb_63_moderado,algoritmo,histgb,63,validacion_2023,0.29,0.001,521200,421957,178043,0.1555640828856485,0.2352851491426881,1.512464476235435,0.6578936759903261,0.2193493904828862,21.934939048288623,0.6695485939812531,0.3304430397083127,246916,193204,26793,54287,630,0.1777777777777777,17.77777777777778,42.698412698412696,-0.0017389225245816,-0.0012133790985681,0.6355611718062619,-0.6914990686478042,-0.6802105751936873,480.0,0.2117643574568576
baja_v1_short,2026-07-05T18:31:19.790669+00:00,baja_cierre_4h,control_v4,histgb_63_moderado,algoritmo,histgb,63,validacion_2023,0.3,0.001,521200,421957,178043,0.1555640828856485,0.2352851491426881,1.512464476235435,0.6578936759903261,0.2225133664898601,22.25133664898601,0.6472619634928466,0.3311761866147521,256749,183371,28600,52480,639,0.1877934272300469,18.77934272300469,42.25352112676056,-0.0019281625044339,-0.0012548912307247,0.6161936792164644,-0.728150333101849,-0.7230033961186296,480.0,0.2043307893092666
baja_v1_short,2026-07-05T18:31:19.953745+00:00,baja_cierre_4h,control_v4,histgb_63_moderado,algoritmo,histgb,63,validacion_2023,0.31,0.001,521200,421957,178043,0.1555640828856485,0.2352851491426881,1.512464476235435,0.6578936759903261,0.2250320402613235,22.50320402613235,0.6215219536260483,0.3304274843697236,266576,173544,30687,50393,647,0.1715610510046367,17.156105100463677,42.50386398763524,-0.0019508490456073,-0.001018762451873,0.612220789325099,-0.730858044891486,-0.7309502669621775,480.0,0.2039555489518249
baja_v1_short,2026-07-05T18:31:20.109869+00:00,baja_cierre_4h,control_v4,histgb_63_moderado,algoritmo,histgb,63,validacion_2023,0.32,0.001,521200,421957,178043,0.1555640828856485,0.2352851491426881,1.512464476235435,0.6578936759903261,0.2276258355252614,22.762583552526134,0.5955722742969907,0.3293681920183342,276267,163853,32791,48289,653,0.1638591117917305,16.38591117917305,43.18529862174579,-0.0018992847950705,-0.0010776517190388,0.6262182898412431,-0.7251044270955214,-0.7252001683232046,480.0,0.1946518195638253
baja_v1_short,2026-07-05T18:31:20.276264+00:00,baja_cierre_4h,control_v4,histgb_63_moderado,algoritmo,histgb,63,validacion_2023,0.33,0.001,521200,421957,178043,0.1555640828856485,0.2352851491426881,1.512464476235435,0.6578936759903261,0.2300710437895346,23.007104378953464,0.5683645781943759,0.3275510965637094,285904,154216,34997,46083,651,0.1781874039938556,17.81874039938556,44.70046082949309,-0.001910884241672,-0.000959132506774,0.631474823264877,-0.7269578754255751,-0.7270529711302449,480.0,0.1811414608733031
baja_v1_short,2026-07-05T18:31:20.441402+00:00,baja_cierre_4h,control_v4,histgb_63_moderado,algoritmo,histgb,63,validacion_2023,0.34,0.001,521200,421957,178043,0.1555640828856485,0.2352851491426881,1.512464476235435,0.6578936759903261,0.2332475186434187,23.32475186434187,0.540836211149482,0.3259303855330345,295969,144151,37229,43851,657,0.1796042617960426,17.960426179604262,44.29223744292237,-0.0018844258437051,-0.0010776517190388,0.6454557620900767,-0.7303962935828736,-0.7280777487594348,480.0,0.21893438358568
baja_v1_short,2026-07-05T18:31:20.607896+00:00,baja_cierre_4h,control_v4,histgb_63_moderado,algoritmo,histgb,63,validacion_2023,0.35,0.001,521200,421957,178043,0.1555640828856485,0.2352851491426881,1.512464476235435,0.6578936759903261,0.2358716638273708,23.58716638273708,0.5122964972866305,0.3230188972703943,305557,134563,39543,41537,643,0.1788491446345256,17.884914463452567,45.8786936236392,-0.0016288962905155,-0.0008029634007252,0.6871087277624451,-0.6754581283154795,-0.6704126229809175,480.0,0.2136125944942737
baja_v1_short,2026-07-05T18:31:20.774769+00:00,baja_cierre_4h,control_v4,histgb_63_moderado,algoritmo,histgb,63,validacion_2023,0.36,0.001,521200,421957,178043,0.1555640828856485,0.2352851491426881,1.512464476235435,0.6578936759903261,0.2394815687183837,23.948156871838368,0.4840404538727183,0.3204291330385901,315487,124633,41834,39246,633,0.1848341232227488,18.48341232227488,47.70932069510268,-0.0013704691114182,-0.0005797930168919,0.7317733896988649,-0.6143588551563439,-0.605735253780848,480.0,0.2142438838412167
baja_v1_short,2026-07-05T18:31:20.936469+00:00,baja_cierre_4h,control_v4,histgb_63_moderado,algoritmo,histgb,63,validacion_2023,0.37,0.001,521200,421957,178043,0.1555640828856485,0.2352851491426881,1.512464476235435,0.6578936759903261,0.2435563182733243,24.35563182733243,0.4551060680809077,0.317303351462906,325515,114605,44180,36900,629,0.205087440381558,20.5087440381558,47.85373608903021,-0.0014911639914166,-0.0004724052376113,0.719465177703059,-0.6414720622118555,-0.6342303193787395,480.0,0.191394996390547
baja_v1_short,2026-07-05T18:31:21.093577+00:00,baja_cierre_4h,control_v4,histgb_63_moderado,algoritmo,histgb,63,validacion_2023,0.38,0.001,521200,421957,178043,0.1555640828856485,0.2352851491426881,1.512464476235435,0.6578936759903261,0.2476087893149504,24.760878931495046,0.4252836704489393,0.3129890169737678,335342,104778,46598,34482,615,0.2341463414634146,23.414634146341463,48.13008130081301,-0.0015473962791116,-0.0006014834323432,0.7209313973444246,-0.6504767733713259,-0.6403980376724367,480.0,0.2574877549674984
baja_v1_short,2026-07-05T18:31:21.250434+00:00,baja_cierre_4h,control_v4,histgb_63_moderado,algoritmo,histgb,63,validacion_2023,0.39,0.001,521200,421957,178043,0.1555640828856485,0.2352851491426881,1.512464476235435,0.6578936759903261,0.250748426536337,25.0748426536337,0.3935865811544154,0.3063351044171502,344765,95355,49168,31912,596,0.2449664429530201,24.496644295302016,46.4765100671141,-0.001588659322294,-0.0009684658605474,0.7215536748821456,-0.6591446422236573,-0.6389470727890892,480.0,0.227284285787356
baja_v1_short,2026-07-05T18:31:21.414791+00:00,baja_cierre_4h,control_v4,histgb_63_moderado,algoritmo,histgb,63,validacion_2023,0.4,0.001,521200,421957,178043,0.1555640828856485,0.2352851491426881,1.512464476235435,0.6578936759903261,0.2528674082774822,25.286740827748226,0.3611001480019734,0.2974439206762028,353614,86506,51802,29278,574,0.2456445993031359,24.56445993031359,46.86411149825784,-0.0016099046764727,-0.0007075642168056,0.7148796062692894,-0.6363007610623508,-0.628652814099715,480.0,0.2172484225133923
baja_v1_short,2026-07-05T18:31:21.573022+00:00,baja_cierre_4h,control_v4,histgb_63_moderado,algoritmo,histgb,63,validacion_2023,0.41,0.001,521200,421957,178043,0.1555640828856485,0.2352851491426881,1.512464476235435,0.6578936759903261,0.2548613233496332,25.48613233496332,0.3291193882585101,0.2872690866813073,362101,78019,54395,26685,551,0.2377495462794918,23.77495462794918,48.09437386569873,-0.0014487303856104,-0.0005886651740875,0.7454062274616128,-0.5886869133154364,-0.5786844108558025,480.0,0.2140233159646452
baja_v1_short,2026-07-05T18:31:21.723711+00:00,baja_cierre_4h,control_v4,histgb_63_moderado,algoritmo,histgb,63,validacion_2023,0.42,0.001,521200,421957,178043,0.1555640828856485,0.2352851491426881,1.512464476235435,0.6578936759903261,0.2573808363181654,25.738083631816544,0.299555994079921,0.2768715160220238,370042,70078,56792,24288,531,0.2297551789077213,22.975517890772128,48.0225988700565,-0.0015305107895939,-0.0005727427303791,0.743867509366105,-0.5988594144670822,-0.5859449265944892,480.0,0.2526056101160975
baja_v1_short,2026-07-05T18:31:21.874020+00:00,baja_cierre_4h,control_v4,histgb_63_moderado,algoritmo,histgb,63,validacion_2023,0.43,0.001,521200,421957,178043,0.1555640828856485,0.2352851491426881,1.512464476235435,0.6578936759903261,0.2587516337560493,25.87516337560493,0.2710286137148495,0.2647478720776834,377168,62952,59105,21975,518,0.2297297297297297,22.972972972972972,48.26254826254826,-0.0016596741551284,-0.0005829381805378,0.7242730878377628,-0.6178927282214239,-0.6032805681754219,480.0,0.1902598085816898
baja_v1_short,2026-07-05T18:31:22.030418+00:00,baja_cierre_4h,control_v4,histgb_63_moderado,algoritmo,histgb,63,validacion_2023,0.44,0.001,521200,421957,178043,0.1555640828856485,0.2352851491426881,1.512464476235435,0.6578936759903261,0.2617535942911113,26.175359429111133,0.2461026147015293,0.2536869406021155,383842,56278,61126,19954,493,0.2251521298174442,22.515212981744423,48.6815415821501,-0.0020003110037201,-0.0003188401567749,0.6826954212906314,-0.664732594540492,-0.6514341868250927,480.0,0.220944950140427
baja_v1_short,2026-07-05T18:31:22.176484+00:00,baja_cierre_4h,control_v4,histgb_63_moderado,algoritmo,histgb,63,validacion_2023,0.45,0.001,521200,421957,178043,0.1555640828856485,0.2352851491426881,1.512464476235435,0.6578936759903261,0.2632126630514436,26.321266305144363,0.2214972866304884,0.2405599089143393,389849,50271,63121,17959,470,0.2276595744680851,22.76595744680851,49.57446808510638,-0.0017690734892364,-6.547879800200464e-05,0.7127232391794488,-0.6070407191564295,-0.5899414375368435,480.0,0.2009651005468012
baja_v1_short,2026-07-05T18:31:22.323475+00:00,baja_cierre_4h,control_v4,histgb_63_moderado,algoritmo,histgb,63,validacion_2023,0.46,0.001,521200,421957,178043,0.1555640828856485,0.2352851491426881,1.512464476235435,0.6578936759903261,0.2648804643688715,26.488046436887156,0.1992353231376418,0.2274154266326918,395288,44832,64926,16154,441,0.2176870748299319,21.7687074829932,49.65986394557823,-0.0020473439998059,-0.0001355023812502,0.6784687366958334,-0.6301854761084569,-0.6173928461560441,480.0,0.1714854753810476
baja_v1_short,2026-07-05T18:31:22.475350+00:00,baja_cierre_4h,control_v4,histgb_63_moderado,algoritmo,histgb,63,validacion_2023,0.47,0.001,521200,421957,178043,0.1555640828856485,0.2352851491426881,1.512464476235435,0.6578936759903261,0.2678584592701806,26.78584592701806,0.1792550567340897,0.2147775971627013,400394,39726,66546,14534,415,0.2289156626506024,22.89156626506024,48.43373493975904,-0.0024549027155511,-0.0003495998205617,0.6356763904710792,-0.6644184086973719,-0.6603069155738419,480.0,0.2315818015821604
baja_v1_short,2026-07-05T18:31:22.628312+00:00,baja_cierre_4h,control_v4,histgb_63_moderado,algoritmo,histgb,63,validacion_2023,0.48,0.001,521200,421957,178043,0.1555640828856485,0.2352851491426881,1.512464476235435,0.6578936759903261,0.2715889374333675,27.158893743336748,0.1602368031573754,0.2015560399326698,405275,34845,68088,12992,389,0.2570694087403599,25.70694087403599,49.10025706940874,-0.0020193888031621,-0.0003082865839824,0.694187481142149,-0.5777129838568791,-0.5690831584276577,480.0,0.2313344833389941
baja_v1_short,2026-07-05T18:31:22.776703+00:00,baja_cierre_4h,control_v4,histgb_63_moderado,algoritmo,histgb,63,validacion_2023,0.49,0.001,521200,421957,178043,0.1555640828856485,0.2352851491426881,1.512464476235435,0.6578936759903261,0.2773218244422433,27.73218244422433,0.1450296003946719,0.1904569086992436,409477,30643,69321,11759,361,0.2354570637119113,23.545706371191137,48.19944598337951,-0.0024481781069669,-0.0005746158238034,0.6496932300410249,-0.6075238651739286,-0.609092138149633,480.0,0.1635450184186235
baja_v1_short,2026-07-05T18:31:22.931271+00:00,baja_cierre_4h,control_v4,histgb_63_moderado,algoritmo,histgb,63,validacion_2023,0.5,0.001,521200,421957,178043,0.1555640828856485,0.2352851491426881,1.512464476235435,0.6578936759903261,0.2848743122235408,28.487431222354083,0.1302664035520473,0.1787805951454009,413606,26514,70518,10562,338,0.2426035502958579,24.2603550295858,46.44970414201183,-0.0025355504680436,-0.0007910132442484,0.6400570774569071,-0.5938854454427138,-0.5957216659487656,480.0,0.1950527617591172
baja_v1_short,2026-07-05T18:31:23.090836+00:00,baja_cierre_4h,control_v4,histgb_63_moderado,algoritmo,histgb,63,validacion_2023,0.51,0.001,521200,421957,178043,0.1555640828856485,0.2352851491426881,1.512464476235435,0.6578936759903261,0.2884894082821991,28.84894082821992,0.115392205229403,0.1648474597175604,417045,23075,71724,9356,309,0.233009708737864,23.300970873786408,45.63106796116505,-0.0029724597791993,-0.0009590140869258,0.5960799155977587,-0.6159911969074267,-0.619522601245952,480.0,0.1986887452142925
baja_v1_short,2026-07-05T18:31:23.237064+00:00,baja_cierre_4h,control_v4,histgb_63_moderado,algoritmo,histgb,63,validacion_2023,0.52,0.001,521200,421957,178043,0.1555640828856485,0.2352851491426881,1.512464476235435,0.6578936759903261,0.2883624037850434,28.836240378504343,0.1007276763690182,0.1493025721650427,419965,20155,72913,8167,280,0.2428571428571428,24.285714285714285,43.57142857142857,-0.0029819237694848,-0.001414268753957,0.6005473615799555,-0.583344592063991,-0.5854039931408235,480.0,0.2201803038395405
baja_v1_short,2026-07-05T18:31:23.431954+00:00,baja_cierre_4h,control_v4,histgb_63_moderado,algoritmo,histgb,63,validacion_2023,0.53,0.001,521200,421957,178043,0.1555640828856485,0.2352851491426881,1.512464476235435,0.6578936759903261,0.2880722009919506,28.807220099195057,0.0873951652688702,0.134105490262874,422608,17512,73994,7086,258,0.2480620155038759,24.8062015503876,45.34883720930232,-0.0029093242068025,-0.0011421702036168,0.6190187955928337,-0.5577273859536644,-0.5482189401052622,480.0,0.2514371343036773
baja_v1_short,2026-07-05T18:31:23.578756+00:00,baja_cierre_4h,control_v4,histgb_63_moderado,algoritmo,histgb,63,validacion_2023,0.54,0.001,521200,421957,178043,0.1555640828856485,0.2352851491426881,1.512464476235435,0.6578936759903261,0.2852253280091272,28.52253280091272,0.0740009866798224,0.1175134161150064,425084,15036,75080,6000,239,0.2384937238493724,23.84937238493724,46.44351464435147,-0.0030728072615619,-0.0009321037030313,0.5975742991471612,-0.5514907505880282,-0.541192546363276,480.0,0.2441739873332931
baja_v1_short,2026-07-05T18:31:23.723124+00:00,baja_cierre_4h,control_v4,histgb_63_moderado,algoritmo,histgb,63,validacion_2023,0.55,0.001,521200,421957,178043,0.1555640828856485,0.2352851491426881,1.512464476235435,0.6578936759903261,0.2861738117686207,28.61738117686207,0.0636408485446472,0.1041256772709386,427249,12871,75920,5160,219,0.2420091324200913,24.200913242009133,43.83561643835616,-0.0036013577092076,-0.0018162392769008,0.5652052512979554,-0.574640163050129,-0.5658012153087425,480.0,0.2062915721915152
baja_v1_short,2026-07-05T18:31:23.869041+00:00,baja_cierre_4h,control_v4,histgb_63_moderado,algoritmo,histgb,63,validacion_2023,0.56,0.001,521200,421957,178043,0.1555640828856485,0.2352851491426881,1.512464476235435,0.6578936759903261,0.284640457659815,28.464045765981503,0.0527750370004933,0.0890410246272616,429366,10754,76801,4279,199,0.236180904522613,23.618090452261303,44.221105527638194,-0.0038254843810421,-0.0015299836047925,0.5393562961512652,-0.5614378188011491,-0.5519682571060518,480.0,0.2001873186105632
baja_v1_short,2026-07-05T18:31:24.039901+00:00,baja_cierre_4h,control_v4,histgb_63_moderado,algoritmo,histgb,63,validacion_2023,0.57,0.001,521200,421957,178043,0.1555640828856485,0.2352851491426881,1.512464476235435,0.6578936759903261,0.2822637935117215,28.226379351172152,0.0441045880611741,0.0762888137473466,431027,9093,77504,3576,181,0.2541436464088398,25.41436464088398,44.19889502762431,-0.0035345141502776,-0.0017180706597864,0.5554494807458868,-0.4977963013482749,-0.4891725602941579,480.0,0.2243363821060962
baja_v1_short,2026-07-05T18:31:24.196907+00:00,baja_cierre_4h,control_v4,histgb_63_moderado,algoritmo,histgb,63,validacion_2023,0.58,0.001,521200,421957,178043,0.1555640828856485,0.2352851491426881,1.512464476235435,0.6578936759903261,0.2809418971953671,28.09418971953671,0.0361988159842131,0.0641340806537961,432608,7512,78145,2935,164,0.2317073170731707,23.170731707317078,45.1219512195122,-0.0041420664741833,-0.0018725969237275,0.4934615580664246,-0.5169297145926082,-0.5070700692783261,480.0,0.2395780355529218
baja_v1_short,2026-07-05T18:31:24.341926+00:00,baja_cierre_4h,control_v4,histgb_63_moderado,algoritmo,histgb,63,validacion_2023,0.59,0.001,521200,421957,178043,0.1555640828856485,0.2352851491426881,1.512464476235435,0.6578936759903261,0.2823680223750145,28.236802237501458,0.0298840651208682,0.0540480253398913,433962,6158,78657,2423,146,0.2397260273972602,23.972602739726025,46.57534246575342,-0.0031980317251291,-0.0004926957297138,0.5729429291817659,-0.4069435734015613,-0.3871983311445743,480.0,0.2483831921804106
baja_v1_short,2026-07-05T18:31:24.503258+00:00,baja_cierre_4h,control_v4,histgb_63_moderado,algoritmo,histgb,63,validacion_2023,0.6,0.001,521200,421957,178043,0.1555640828856485,0.2352851491426881,1.512464476235435,0.6578936759903261,0.2837567799029403,28.37567799029404,0.0245189935865811,0.0451377063324478,435102,5018,79092,1988,136,0.213235294117647,21.323529411764707,44.11764705882353,-0.0038942234735843,-0.0015580796860158,0.5044113611018087,-0.4251842492855987,-0.4232032245223127,480.0,0.2462905638363207
baja_v1_short,2026-07-05T18:31:24.654453+00:00,baja_cierre_4h,control_v4,histgb_63_moderado,algoritmo,histgb,63,validacion_2023,0.61,0.001,521200,421957,178043,0.1555640828856485,0.2352851491426881,1.512464476235435,0.6578936759903261,0.2849339207048458,28.493392070484585,0.0199432659102121,0.037277390352141,436062,4058,79463,1617,120,0.2,20.0,42.5,-0.0050209130072374,-0.0027285956419073,0.4438315678243699,-0.4659210459190523,-0.464095666906737,480.0,0.2663918202811583
baja_v1_short,2026-07-05T18:31:24.808833+00:00,baja_cierre_4h,control_v4,histgb_63_moderado,algoritmo,histgb,63,validacion_2023,0.62,0.001,521200,421957,178043,0.1555640828856485,0.2352851491426881,1.512464476235435,0.6578936759903261,0.2861692447679709,28.616924476797088,0.0155155402072027,0.0294351630867144,436982,3138,79822,1258,110,0.2181818181818181,21.818181818181817,44.54545454545455,-0.0043903433099939,-0.002495586708188,0.4944032596629765,-0.3970278777406967,-0.3949670351469694,480.0,0.241324968719765
baja_v1_short,2026-07-05T18:31:24.948152+00:00,baja_cierre_4h,control_v4,histgb_63_moderado,algoritmo,histgb,63,validacion_2023,0.63,0.001,521200,421957,178043,0.1555640828856485,0.2352851491426881,1.512464476235435,0.6578936759903261,0.2904649793996468,29.046497939964684,0.0121731623088307,0.0233670304694713,437709,2411,80093,987,92,0.25,25.0,45.65217391304348,-0.0040528880648173,-0.0027596302786841,0.5432707967342232,-0.333220066314998,-0.3230733751955904,480.0,0.217192087842596
baja_v1_short,2026-07-05T18:31:25.086101+00:00,baja_cierre_4h,control_v4,histgb_63_moderado,algoritmo,histgb,63,validacion_2023,0.64,0.001,521200,421957,178043,0.1555640828856485,0.2352851491426881,1.512464476235435,0.6578936759903261,0.2837174159425765,28.37174159425765,0.0092624568327577,0.0179392549595709,438224,1896,80329,751,79,0.2531645569620253,25.31645569620253,44.303797468354425,-0.0041177235974333,-0.0024921310357749,0.5529847692915435,-0.2944381074157195,-0.2892494225906434,480.0,0.2317061150796218
baja_v1_short,2026-07-05T18:31:25.237197+00:00,baja_cierre_4h,control_v4,histgb_63_moderado,algoritmo,histgb,63,validacion_2023,0.65,0.001,521200,421957,178043,0.1555640828856485,0.2352851491426881,1.512464476235435,0.6578936759903261,0.2736520854526958,27.36520854526958,0.006635421805624,0.0129566746140693,438692,1428,80542,538,73,0.2328767123287671,23.28767123287671,46.57534246575342,-0.0039209459940107,-0.001198998270207,0.5637638616993251,-0.2695804918481598,-0.2601503476673051,480.0,0.2600174620522276
baja_v1_short,2026-07-05T18:31:25.373532+00:00,baja_cierre_4h,control_v4,histgb_63_moderado,algoritmo,histgb,63,validacion_2023,0.66,0.001,521200,421957,178043,0.1555640828856485,0.2352851491426881,1.512464476235435,0.6578936759903261,0.266803840877915,26.6803840877915,0.0047977306364084,0.0094259613753664,439051,1069,80691,389,65,0.2307692307692307,23.07692307692308,50.76923076923077,-0.003290936810767,9.555828385055064e-05,0.6025887979126049,-0.2254797572896436,-0.2022032177875409,480.0,0.2596589038361348
baja_v1_short,2026-07-05T18:31:25.513010+00:00,baja_cierre_4h,control_v4,histgb_63_moderado,algoritmo,histgb,63,validacion_2023,0.67,0.001,521200,421957,178043,0.1555640828856485,0.2352851491426881,1.512464476235435,0.6578936759903261,0.2437562437562437,24.375624375624376,0.0030093734583127,0.005945346669753,439363,757,80836,244,54,0.1851851851851851,18.51851851851852,48.14814814814815,-0.0042726275454411,-0.000583229116979,0.5107076402272012,-0.2439513144799137,-0.2145323797674977,480.0,0.2253417123946372
baja_v1_short,2026-07-05T18:31:25.634325+00:00,baja_cierre_4h,control_v4,histgb_63_moderado,algoritmo,histgb,63,validacion_2023,0.68,0.001,521200,421957,178043,0.1555640828856485,0.2352851491426881,1.512464476235435,0.6578936759903261,0.2338593974175035,23.38593974175036,0.0020103601381351,0.0039864509580933,439586,534,80917,163,45,0.1555555555555555,15.555555555555555,48.888888888888886,-0.0051269173262359,-0.0006144488686695,0.4558587394798915,-0.2559740191590431,-0.2134309706934806,480.0,0.2391854010165686
baja_v1_short,2026-07-05T18:31:25.756524+00:00,baja_cierre_4h,control_v4,histgb_63_moderado,algoritmo,histgb,63,validacion_2023,0.69,0.001,521200,421957,178043,0.1555640828856485,0.2352851491426881,1.512464476235435,0.6578936759903261,0.2068965517241379,20.689655172413797,0.0011840157868771,0.0023545570489551,439752,368,80984,96,35,0.2857142857142857,28.57142857142857,57.14285714285714,-0.004144270838415,0.0010903144031763,0.5200281667845587,-0.1988267384960321,-0.1408566036340081,480.0,0.2626995633048371
baja_v1_short,2026-07-05T18:31:25.881727+00:00,baja_cierre_4h,control_v4,histgb_63_moderado,algoritmo,histgb,63,validacion_2023,0.7,0.001,521200,421957,178043,0.1555640828856485,0.2352851491426881,1.512464476235435,0.6578936759903261,0.1862068965517241,18.620689655172416,0.0006660088801184,0.0013272704928106,439884,236,81026,54,22,0.2272727272727272,22.727272727272727,40.909090909090914,-0.0090428630178423,-0.001552523015358,0.1873000684065483,-0.2034901323696396,-0.1847718587946358,480.0,0.3834050670468285
baja_v1_short,2026-07-05T18:31:26.003012+00:00,baja_cierre_4h,control_v4,histgb_63_moderado,algoritmo,histgb,63,validacion_2023,0.71,0.001,521200,421957,178043,0.1555640828856485,0.2352851491426881,1.512464476235435,0.6578936759903261,0.1758793969849246,17.587939698492463,0.0004316724222989,0.0008612310682956,439956,164,81045,35,16,0.25,25.0,50.0,-0.0089433272621827,2.0708208670839647e-05,0.2374926659035217,-0.1570214863338225,-0.13741247086723,480.0,0.31072029863881
baja_v1_short,2026-07-05T18:31:26.125446+00:00,baja_cierre_4h,control_v4,histgb_63_moderado,algoritmo,histgb,63,validacion_2023,0.72,0.001,521200,421957,178043,0.1555640828856485,0.2352851491426881,1.512464476235435,0.6578936759903261,0.1705426356589147,17.05426356589147,0.0002713369511593,0.0005418118681426,440013,107,81058,22,13,0.2307692307692307,23.07692307692308,53.84615384615385,-0.0039530930825365,0.0003434443389996,0.4492489694826317,-0.0822917443455124,-0.0515187543559705,480.0,0.3442498038430542
baja_v1_short,2026-07-05T18:31:26.257701+00:00,baja_cierre_4h,control_v4,histgb_63_moderado,algoritmo,histgb,63,validacion_2023,0.73,0.001,521200,421957,178043,0.1555640828856485,0.2352851491426881,1.512464476235435,0.6578936759903261,0.2261904761904762,22.61904761904762,0.0002343364578194,0.0004681878665418,440055,65,81061,19,8,0.125,12.5,50.0,-0.0061592621603049,7.045518234372137e-05,0.2714938199993977,-0.0632904254273784,-0.049207623414551,480.0,0.4991981216165252
baja_v1_short,2026-07-05T18:31:26.414729+00:00,baja_cierre_4h,control_v4,histgb_63_moderado,algoritmo,histgb,63,validacion_2023,0.74,0.001,521200,421957,178043,0.1555640828856485,0.2352851491426881,1.512464476235435,0.6578936759903261,0.3214285714285714,32.142857142857146,0.0002220029600394,0.0004436994675606,440082,38,81062,18,6,0.1666666666666666,16.666666666666664,50.0,-0.0015199424146364,7.045518234372137e-05,0.6408128308584287,-0.0219548521057239,-0.009324110205116,480.0,0.3510980303530633
baja_v1_short,2026-07-05T18:31:26.541004+00:00,baja_cierre_4h,control_v4,histgb_63_moderado,algoritmo,histgb,63,validacion_2023,0.75,0.001,521200,421957,178043,0.1555640828856485,0.2352851491426881,1.512464476235435,0.6578936759903261,0.4444444444444444,44.44444444444444,0.0001973359644795,0.0003944967700576,440100,20,81064,16,4,0.25,25.0,75.0,0.0006470756963826,0.0021889100791886,1.18029377117588,-0.0143560299873352,0.0024026865184068,480.0,0.4586537893288931
baja_v1_short,2026-07-05T18:31:26.677742+00:00,baja_cierre_4h,control_v4,histgb_63_moderado,algoritmo,histgb,63,validacion_2023,0.76,0.001,521200,421957,178043,0.1555640828856485,0.2352851491426881,1.512464476235435,0.6578936759903261,0.5,50.0,0.0001850024666995,0.0003698680803846,440105,15,81065,15,4,0.25,25.0,50.0,-0.0005811441913247,-0.0002675296962261,0.872634151821202,-0.018195259131102,-0.0025169902316639,480.0,0.420039871371036
baja_v1_short,2026-07-05T18:31:26.813546+00:00,baja_cierre_4h,control_v4,histgb_63_moderado,algoritmo,histgb,63,validacion_2023,0.77,0.001,521200,421957,178043,0.1555640828856485,0.2352851491426881,1.512464476235435,0.6578936759903261,0.7142857142857143,71.42857142857143,0.0001850024666995,0.0003699091256581,440114,6,81065,15,3,0.3333333333333333,33.33333333333333,66.66666666666666,0.0040104844073454,0.0033600886128842,4.088830823771714,-0.0038951480053365,0.0120114768779229,480.0,0.6339759658421883
baja_v1_short,2026-07-05T18:31:26.955687+00:00,baja_cierre_4h,control_v4,histgb_63_moderado,algoritmo,histgb,63,validacion_2023,0.78,0.001,521200,421957,178043,0.1555640828856485,0.2352851491426881,1.512464476235435,0.6578936759903261,0.5454545454545454,54.54545454545454,7.40009866798224e-05,0.0001479818968812,440115,5,81074,6,3,0.3333333333333333,33.33333333333333,66.66666666666666,0.0024498342623313,0.0033600886128842,2.886835308164116,-0.0038951480053364,0.0073320928420019,480.0,0.5207838152156418
baja_v1_short,2026-07-05T18:31:27.086196+00:00,baja_cierre_4h,control_v4,histgb_63_moderado,algoritmo,histgb,63,validacion_2023,0.79,0.001,521200,421957,178043,0.1555640828856485,0.2352851491426881,1.512464476235435,0.6578936759903261,0.6666666666666666,66.66666666666666,2.46669955599408e-05,4.933216580540927e-05,440119,1,81078,2,2,0.5,50.0,50.0,-0.0002126177530735,-0.0002126177530735,0.8908294356043582,0.0,-0.0004387513288969,480.0,0.5288684326412414
baja_v1_short,2026-07-05T18:31:27.217871+00:00,baja_cierre_4h,control_v4,histgb_63_moderado,algoritmo,histgb,63,validacion_2023,0.8,0.001,521200,421957,178043,0.1555640828856485,0.2352851491426881,1.512464476235435,0.6578936759903261,1.0,100.0,1.23334977799704e-05,2.4666691333358e-05,440120,0,81079,1,1,1.0,100.0,100.0,0.0034699124991893,0.0034699124991893,inf,0.0,0.0034699124991894,480.0,1.0
baja_v1_short,2026-07-05T18:31:27.343722+00:00,baja_cierre_4h,control_v4,histgb_63_moderado,algoritmo,histgb,63,validacion_2023,0.81,0.001,521200,421957,178043,0.1555640828856485,0.2352851491426881,1.512464476235435,0.6578936759903261,0.0,0.0,0.0,0.0,440120,0,81080,0,0,0.0,0.0,0.0,0.0,0.0,0.0,0.0,0.0,0.0,0.0
baja_v1_short,2026-07-05T18:31:27.460850+00:00,baja_cierre_4h,control_v4,histgb_63_moderado,algoritmo,histgb,63,validacion_2023,0.82,0.001,521200,421957,178043,0.1555640828856485,0.2352851491426881,1.512464476235435,0.6578936759903261,0.0,0.0,0.0,0.0,440120,0,81080,0,0,0.0,0.0,0.0,0.0,0.0,0.0,0.0,0.0,0.0,0.0
baja_v1_short,2026-07-05T18:31:27.570013+00:00,baja_cierre_4h,control_v4,histgb_63_moderado,algoritmo,histgb,63,validacion_2023,0.83,0.001,521200,421957,178043,0.1555640828856485,0.2352851491426881,1.512464476235435,0.6578936759903261,0.0,0.0,0.0,0.0,440120,0,81080,0,0,0.0,0.0,0.0,0.0,0.0,0.0,0.0,0.0,0.0,0.0
baja_v1_short,2026-07-05T18:31:27.680596+00:00,baja_cierre_4h,control_v4,histgb_63_moderado,algoritmo,histgb,63,validacion_2023,0.84,0.001,521200,421957,178043,0.1555640828856485,0.2352851491426881,1.512464476235435,0.6578936759903261,0.0,0.0,0.0,0.0,440120,0,81080,0,0,0.0,0.0,0.0,0.0,0.0,0.0,0.0,0.0,0.0,0.0
baja_v1_short,2026-07-05T18:31:27.797902+00:00,baja_cierre_4h,control_v4,histgb_63_moderado,algoritmo,histgb,63,validacion_2023,0.85,0.001,521200,421957,178043,0.1555640828856485,0.2352851491426881,1.512464476235435,0.6578936759903261,0.0,0.0,0.0,0.0,440120,0,81080,0,0,0.0,0.0,0.0,0.0,0.0,0.0,0.0,0.0,0.0,0.0
baja_v1_short,2026-07-05T18:31:27.922076+00:00,baja_cierre_4h,control_v4,histgb_63_moderado,algoritmo,histgb,63,validacion_2023,0.86,0.001,521200,421957,178043,0.1555640828856485,0.2352851491426881,1.512464476235435,0.6578936759903261,0.0,0.0,0.0,0.0,440120,0,81080,0,0,0.0,0.0,0.0,0.0,0.0,0.0,0.0,0.0,0.0,0.0
baja_v1_short,2026-07-05T18:31:28.045801+00:00,baja_cierre_4h,control_v4,histgb_63_moderado,algoritmo,histgb,63,validacion_2023,0.87,0.001,521200,421957,178043,0.1555640828856485,0.2352851491426881,1.512464476235435,0.6578936759903261,0.0,0.0,0.0,0.0,440120,0,81080,0,0,0.0,0.0,0.0,0.0,0.0,0.0,0.0,0.0,0.0,0.0
baja_v1_short,2026-07-05T18:31:28.162064+00:00,baja_cierre_4h,control_v4,histgb_63_moderado,algoritmo,histgb,63,validacion_2023,0.88,0.001,521200,421957,178043,0.1555640828856485,0.2352851491426881,1.512464476235435,0.6578936759903261,0.0,0.0,0.0,0.0,440120,0,81080,0,0,0.0,0.0,0.0,0.0,0.0,0.0,0.0,0.0,0.0,0.0
baja_v1_short,2026-07-05T18:31:28.282465+00:00,baja_cierre_4h,control_v4,histgb_63_moderado,algoritmo,histgb,63,validacion_2023,0.89,0.001,521200,421957,178043,0.1555640828856485,0.2352851491426881,1.512464476235435,0.6578936759903261,0.0,0.0,0.0,0.0,440120,0,81080,0,0,0.0,0.0,0.0,0.0,0.0,0.0,0.0,0.0,0.0,0.0
baja_v1_short,2026-07-05T18:31:28.403497+00:00,baja_cierre_4h,control_v4,histgb_63_moderado,algoritmo,histgb,63,validacion_2023,0.9,0.001,521200,421957,178043,0.1555640828856485,0.2352851491426881,1.512464476235435,0.6578936759903261,0.0,0.0,0.0,0.0,440120,0,81080,0,0,0.0,0.0,0.0,0.0,0.0,0.0,0.0,0.0,0.0,0.0
baja_v1_short,2026-07-05T18:31:28.529315+00:00,baja_cierre_4h,control_v4,histgb_63_moderado,algoritmo,histgb,63,validacion_2023,0.91,0.001,521200,421957,178043,0.1555640828856485,0.2352851491426881,1.512464476235435,0.6578936759903261,0.0,0.0,0.0,0.0,440120,0,81080,0,0,0.0,0.0,0.0,0.0,0.0,0.0,0.0,0.0,0.0,0.0
baja_v1_short,2026-07-05T18:31:28.646408+00:00,baja_cierre_4h,control_v4,histgb_63_moderado,algoritmo,histgb,63,validacion_2023,0.92,0.001,521200,421957,178043,0.1555640828856485,0.2352851491426881,1.512464476235435,0.6578936759903261,0.0,0.0,0.0,0.0,440120,0,81080,0,0,0.0,0.0,0.0,0.0,0.0,0.0,0.0,0.0,0.0,0.0
baja_v1_short,2026-07-05T18:31:28.779415+00:00,baja_cierre_4h,control_v4,histgb_63_moderado,algoritmo,histgb,63,validacion_2023,0.93,0.001,521200,421957,178043,0.1555640828856485,0.2352851491426881,1.512464476235435,0.6578936759903261,0.0,0.0,0.0,0.0,440120,0,81080,0,0,0.0,0.0,0.0,0.0,0.0,0.0,0.0,0.0,0.0,0.0
baja_v1_short,2026-07-05T18:31:28.889812+00:00,baja_cierre_4h,control_v4,histgb_63_moderado,algoritmo,histgb,63,validacion_2023,0.94,0.001,521200,421957,178043,0.1555640828856485,0.2352851491426881,1.512464476235435,0.6578936759903261,0.0,0.0,0.0,0.0,440120,0,81080,0,0,0.0,0.0,0.0,0.0,0.0,0.0,0.0,0.0,0.0,0.0
baja_v1_short,2026-07-05T18:31:29.007878+00:00,baja_cierre_4h,control_v4,histgb_63_moderado,algoritmo,histgb,63,validacion_2023,0.95,0.001,521200,421957,178043,0.1555640828856485,0.2352851491426881,1.512464476235435,0.6578936759903261,0.0,0.0,0.0,0.0,440120,0,81080,0,0,0.0,0.0,0.0,0.0,0.0,0.0,0.0,0.0,0.0,0.0
baja_v1_short,2026-07-05T18:31:43.836346+00:00,baja_cierre_4h,control_v4,histgb_63_moderado,algoritmo,histgb,63,validacion_2024,0.05,0.001,526560,450487,149513,0.223478805834093,0.2913845367330299,1.3038575879510876,0.6154522350949598,0.2266261123644946,22.662611236449465,0.997892500531124,0.3693671873525544,8159,400726,248,117427,60,0.1,10.0,35.0,-0.0016750080163935,-0.0012752993168542,0.4147738011521547,-0.1082289511697616,-0.0964550846578938,480.0,0.2374155216758054
baja_v1_short,2026-07-05T18:31:43.992520+00:00,baja_cierre_4h,control_v4,histgb_63_moderado,algoritmo,histgb,63,validacion_2024,0.06,0.001,526560,450487,149513,0.223478805834093,0.2913845367330299,1.3038575879510876,0.6154522350949598,0.227880885484012,22.78808854840121,0.9959464627151052,0.3708973527224393,11788,397097,477,117198,70,0.0571428571428571,5.714285714285714,31.428571428571427,-0.0019843042033026,-0.0015587263440247,0.4183134780905229,-0.1468751244361587,-0.131190638258414,480.0,0.1978747952286355
baja_v1_short,2026-07-05T18:31:44.133939+00:00,baja_cierre_4h,control_v4,histgb_63_moderado,algoritmo,histgb,63,validacion_2024,0.07,0.001,526560,450487,149513,0.223478805834093,0.2913845367330299,1.3038575879510876,0.6154522350949598,0.2291112246876156,22.911122468761565,0.994263862332696,0.3724074710668041,15216,393669,675,117000,89,0.0449438202247191,4.49438202247191,33.70786516853933,-0.0013500189374315,-0.0011207380046253,0.5247374376406189,-0.1307463823221675,-0.1149161088827517,480.0,0.2207711694850005
baja_v1_short,2026-07-05T18:31:44.251523+00:00,baja_cierre_4h,control_v4,histgb_63_moderado,algoritmo,histgb,63,validacion_2024,0.08,0.001,526560,450487,149513,0.223478805834093,0.2913845367330299,1.3038575879510876,0.6154522350949598,0.2303479012628346,23.03479012628346,0.9917399617590822,0.3738605475138272,18950,389935,972,116703,101,0.0693069306930693,6.930693069306932,36.63366336633664,-0.0014988818408771,-0.0012344037784496,0.5061460660186686,-0.153625553353224,-0.1424965880124011,480.0,0.1528015596056057
baja_v1_short,2026-07-05T18:31:44.379496+00:00,baja_cierre_4h,control_v4,histgb_63_moderado,algoritmo,histgb,63,validacion_2024,0.09,0.001,526560,450487,149513,0.223478805834093,0.2913845367330299,1.3038575879510876,0.6154522350949598,0.2316705917922441,23.167059179224417,0.9897684299978756,0.3754591654994447,22612,386273,1204,116471,112,0.0892857142857142,8.928571428571429,41.96428571428572,-0.0012117474415561,-0.0012406507119303,0.6050666747943249,-0.1476116421901709,-0.1296650932840813,480.0,0.2752157006633259
baja_v1_short,2026-07-05T18:31:44.527580+00:00,baja_cierre_4h,control_v4,histgb_63_moderado,algoritmo,histgb,63,validacion_2024,0.1,0.001,526560,450487,149513,0.223478805834093,0.2913845367330299,1.3038575879510876,0.6154522350949598,0.2328960103883403,23.28960103883404,0.9876354365838114,0.3769118009521709,26084,382801,1455,116220,124,0.0967741935483871,9.67741935483871,40.32258064516129,-0.0011024623153435,-0.0012094754308927,0.6474767675894706,-0.1578611551246227,-0.130792125945936,480.0,0.208500017433337
baja_v1_short,2026-07-05T18:31:44.656350+00:00,baja_cierre_4h,control_v4,histgb_63_moderado,algoritmo,histgb,63,validacion_2024,0.11,0.001,526560,450487,149513,0.223478805834093,0.2913845367330299,1.3038575879510876,0.6154522350949598,0.234065245934754,23.406524593475407,0.98469513490546,0.3782251417846505,29709,379176,1801,115874,135,0.1037037037037037,10.37037037037037,38.51851851851852,-0.0016494540908197,-0.001598921556957,0.5401300305987097,-0.2201067577316744,-0.2032789617501905,480.0,0.275455701207181
baja_v1_short,2026-07-05T18:31:44.793381+00:00,baja_cierre_4h,control_v4,histgb_63_moderado,algoritmo,histgb,63,validacion_2024,0.12,0.001,526560,450487,149513,0.223478805834093,0.2913845367330299,1.3038575879510876,0.6154522350949598,0.2351877310359576,23.518773103595763,0.9813129381771828,0.3794371334220514,33366,375519,2199,115476,157,0.10828025477707,10.828025477707008,38.853503184713375,-0.0020587788123256,-0.0014232473729643,0.4550406050699668,-0.2907098549162539,-0.280092104734868,480.0,0.3467751193937182
baja_v1_short,2026-07-05T18:31:44.931850+00:00,baja_cierre_4h,control_v4,histgb_63_moderado,algoritmo,histgb,63,validacion_2024,0.13,0.001,526560,450487,149513,0.223478805834093,0.2913845367330299,1.3038575879510876,0.6154522350949598,0.2362498690854877,23.62498690854877,0.9776418100701084,0.3805409553548097,36970,371915,2631,115044,169,0.1124260355029585,11.242603550295858,36.68639053254438,-0.001820501264764,-0.0016954420823603,0.5087113158411567,-0.2801083883330625,-0.2690530103964239,480.0,0.3210968229450505
baja_v1_short,2026-07-05T18:31:45.081442+00:00,baja_cierre_4h,control_v4,histgb_63_moderado,algoritmo,histgb,63,validacion_2024,0.14,0.001,526560,450487,149513,0.223478805834093,0.2913845367330299,1.3038575879510876,0.6154522350949598,0.2374148715536835,23.74148715536835,0.973775228383259,0.3817546407963647,40821,368064,3086,114589,184,0.1304347826086956,13.043478260869565,35.32608695652174,-0.0019057018549,-0.0017705957686994,0.5172999569967853,-0.3137383886880536,-0.3008446720707052,480.0,0.3463128369266419
baja_v1_short,2026-07-05T18:31:45.234585+00:00,baja_cierre_4h,control_v4,histgb_63_moderado,algoritmo,histgb,63,validacion_2024,0.15,0.001,526560,450487,149513,0.223478805834093,0.2913845367330299,1.3038575879510876,0.6154522350949598,0.238773272626077,23.877327262607707,0.9697471850435522,0.3831953485326487,45078,363807,3560,114115,211,0.1469194312796208,14.691943127962084,37.91469194312796,-0.0020351523948724,-0.0013952920378651,0.515386370327163,-0.3614245104471486,-0.3551119853067662,480.0,0.2194933500153693
baja_v1_short,2026-07-05T18:31:45.384483+00:00,baja_cierre_4h,control_v4,histgb_63_moderado,algoritmo,histgb,63,validacion_2024,0.16,0.001,526560,450487,149513,0.223478805834093,0.2913845367330299,1.3038575879510876,0.6154522350949598,0.2401625668991971,24.01625668991971,0.9651667728914384,0.3846200735538141,49548,359337,4099,113576,228,0.1184210526315789,11.842105263157894,37.719298245614034,-0.0019334568572149,-0.0016060937885195,0.5470635288910566,-0.3732490063251603,-0.3631116037471359,480.0,0.2390035634515984
baja_v1_short,2026-07-05T18:31:45.520656+00:00,baja_cierre_4h,control_v4,histgb_63_moderado,algoritmo,histgb,63,validacion_2024,0.17,0.001,526560,450487,149513,0.223478805834093,0.2913845367330299,1.3038575879510876,0.6154522350949598,0.2416810548634244,24.168105486342444,0.9599405141278946,0.386143927584981,54449,354436,4714,112961,245,0.1346938775510204,13.46938775510204,38.775510204081634,-0.0015515082988903,-0.0017142890826798,0.6295330246792401,-0.3486867082798774,-0.3242915871024685,480.0,0.3055172427950967
baja_v1_short,2026-07-05T18:31:45.672074+00:00,baja_cierre_4h,control_v4,histgb_63_moderado,algoritmo,histgb,63,validacion_2024,0.18,0.001,526560,450487,149513,0.223478805834093,0.2913845367330299,1.3038575879510876,0.6154522350949598,0.2432368599528936,24.323685995289367,0.9539494370087104,0.387635017541921,59632,349253,5419,112256,276,0.1340579710144927,13.405797101449275,41.66666666666667,-0.0011836379267355,-0.001454846813227,0.7026200052536478,-0.3535316057601168,-0.288236203630169,480.0,0.2150401640589723
baja_v1_short,2026-07-05T18:31:45.816701+00:00,baja_cierre_4h,control_v4,histgb_63_moderado,algoritmo,histgb,63,validacion_2024,0.19,0.001,526560,450487,149513,0.223478805834093,0.2913845367330299,1.3038575879510876,0.6154522350949598,0.2449261729035434,24.492617290354342,0.9469895899723816,0.3891928327078862,65340,343545,6238,111437,300,0.1733333333333333,17.333333333333336,43.333333333333336,-0.0013046871230132,-0.0012765779354376,0.6875619643715609,-0.3815601591177111,-0.334335499362861,480.0,0.2014425035781624
baja_v1_short,2026-07-05T18:31:45.971637+00:00,baja_cierre_4h,control_v4,histgb_63_moderado,algoritmo,histgb,63,validacion_2024,0.2,0.001,526560,450487,149513,0.223478805834093,0.2913845367330299,1.3038575879510876,0.6154522350949598,0.2464949360138908,24.64949360138908,0.9385680900786064,0.3904472187803253,71265,337620,7229,110446,329,0.1732522796352583,17.325227963525837,39.81762917933131,-0.0019807427924405,-0.0017653319044038,0.5816344362329637,-0.5000362502428514,-0.4892767436568749,480.0,0.200875446441934
baja_v1_short,2026-07-05T18:31:46.123011+00:00,baja_cierre_4h,control_v4,histgb_63_moderado,algoritmo,histgb,63,validacion_2024,0.21,0.001,526560,450487,149513,0.223478805834093,0.2913845367330299,1.3038575879510876,0.6154522350949598,0.2479568612664507,24.795686126645077,0.9276736775015934,0.3913186086401675,77795,331090,8511,109164,365,0.2054794520547945,20.54794520547945,41.0958904109589,-0.0018920276388828,-0.0016569153047166,0.6279764008921254,-0.5217741745090491,-0.5120454962325489,480.0,0.3123941225961648
baja_v1_short,2026-07-05T18:31:46.267695+00:00,baja_cierre_4h,control_v4,histgb_63_moderado,algoritmo,histgb,63,validacion_2024,0.22,0.001,526560,450487,149513,0.223478805834093,0.2913845367330299,1.3038575879510876,0.6154522350949598,0.2495551138191251,24.955511381912512,0.9164308476736776,0.3922860343974624,84593,324292,9834,107841,388,0.1984536082474226,19.84536082474227,41.75257731958763,-0.0016986884533203,-0.001668870343361,0.6675890562203648,-0.5113507489989839,-0.4986919475136273,480.0,0.3199272611629384
baja_v1_short,2026-07-05T18:31:46.424878+00:00,baja_cierre_4h,control_v4,histgb_63_moderado,algoritmo,histgb,63,validacion_2024,0.23,0.001,526560,450487,149513,0.223478805834093,0.2913845367330299,1.3038575879510876,0.6154522350949598,0.2513636008993737,25.13636008993737,0.9034799235181644,0.3933034426120347,92241,316644,11358,106317,421,0.1900237529691211,19.002375296912117,42.99287410926366,-0.0013812054028393,-0.001557527411729,0.7230913484326023,-0.4826406372009911,-0.4593437387780883,480.0,0.2773196239717676
baja_v1_short,2026-07-05T18:31:46.589844+00:00,baja_cierre_4h,control_v4,histgb_63_moderado,algoritmo,histgb,63,validacion_2024,0.24,0.001,526560,450487,149513,0.223478805834093,0.2913845367330299,1.3038575879510876,0.6154522350949598,0.2533473962276931,25.33473962276931,0.8899851285319736,0.3944179144948932,100233,308652,12946,104729,456,0.2171052631578947,21.71052631578948,41.2280701754386,-0.0013585040155301,-0.0013442535526119,0.728455411828131,-0.481657242574004,-0.4800189470145266,480.0,0.3248366394845684
baja_v1_short,2026-07-05T18:31:46.747404+00:00,baja_cierre_4h,control_v4,histgb_63_moderado,algoritmo,histgb,63,validacion_2024,0.25,0.001,526560,450487,149513,0.223478805834093,0.2913845367330299,1.3038575879510876,0.6154522350949598,0.2553907336654014,25.539073366540137,0.8753516039940514,0.3954157917567168,108561,300324,14668,103007,489,0.1983640081799591,19.836400817995912,40.899795501022496,-0.0016915465161588,-0.0014816880100406,0.6755044260700673,-0.5768686283544174,-0.5792561341469037,480.0,0.2570235371484332
baja_v1_short,2026-07-05T18:31:46.913182+00:00,baja_cierre_4h,control_v4,histgb_63_moderado,algoritmo,histgb,63,validacion_2024,0.26,0.001,526560,450487,149513,0.223478805834093,0.2913845367330299,1.3038575879510876,0.6154522350949598,0.2575449693414003,25.754496934140032,0.8594943700871043,0.3963306275434131,117314,291571,16534,101141,525,0.2,20.0,41.523809523809526,-0.0015452315184291,-0.00130381657416,0.7021289489989806,-0.5724679430781402,-0.5748802796023851,480.0,0.2344493862593361
baja_v1_short,2026-07-05T18:31:47.123355+00:00,baja_cierre_4h,control_v4,histgb_63_moderado,algoritmo,histgb,63,validacion_2024,0.27,0.001,526560,450487,149513,0.223478805834093,0.2913845367330299,1.3038575879510876,0.6154522350949598,0.2597150089354499,25.97150089354499,0.8422689611217336,0.3970110214079282,126373,282512,18561,99114,556,0.1906474820143885,19.06474820143885,42.44604316546763,-0.0012798257971904,-0.0014186160513199,0.7549111214848909,-0.5358369378083933,-0.5330016428129192,480.0,0.2331982237221506
baja_v1_short,2026-07-05T18:31:47.320650+00:00,baja_cierre_4h,control_v4,histgb_63_moderado,algoritmo,histgb,63,validacion_2024,0.28,0.001,526560,450487,149513,0.223478805834093,0.2913845367330299,1.3038575879510876,0.6154522350949598,0.2617853180723543,26.178531807235437,0.8221627363501168,0.3971225974612361,136063,272822,20927,96748,592,0.1959459459459459,19.594594594594597,41.21621621621622,-0.0011638321108153,-0.0020113726602867,0.7800490587451062,-0.5471008983582131,-0.5241325007200419,480.0,0.2241420832295062
baja_v1_short,2026-07-05T18:31:47.529007+00:00,baja_cierre_4h,control_v4,histgb_63_moderado,algoritmo,histgb,63,validacion_2024,0.29,0.001,526560,450487,149513,0.223478805834093,0.2913845367330299,1.3038575879510876,0.6154522350949598,0.2640452429595128,26.404524295951283,0.8006713405566178,0.3971262623708124,146275,262610,23456,94219,622,0.1945337620578778,19.45337620578778,41.80064308681672,-0.0011379015815988,-0.0018398491481784,0.7893407492611605,-0.5437363750919735,-0.5357956496041913,480.0,0.2343047454158981
baja_v1_short,2026-07-05T18:31:47.735129+00:00,baja_cierre_4h,control_v4,histgb_63_moderado,algoritmo,histgb,63,validacion_2024,0.3,0.001,526560,450487,149513,0.223478805834093,0.2913845367330299,1.3038575879510876,0.6154522350949598,0.2661427178390022,26.614271783900215,0.7769874654769492,0.3964789037769394,156772,252113,26243,91432,642,0.2040498442367601,20.40498442367601,43.14641744548287,-0.0010678100695099,-0.0016221104122232,0.8042299201912715,-0.5418055013005383,-0.5266533673615967,480.0,0.2273771034268566
baja_v1_short,2026-07-05T18:31:47.935724+00:00,baja_cierre_4h,control_v4,histgb_63_moderado,algoritmo,histgb,63,validacion_2024,0.31,0.001,526560,450487,149513,0.223478805834093,0.2913845367330299,1.3038575879510876,0.6154522350949598,0.2681637684802922,26.816376848029225,0.752360314425324,0.3953964057308228,167270,241615,29141,88534,658,0.202127659574468,20.212765957446805,43.161094224924014,-0.0014984785881675,-0.0019046598570421,0.7373730464812405,-0.6604824567901442,-0.6506016082858408,480.0,0.2332793601887702
baja_v1_short,2026-07-05T18:31:48.168751+00:00,baja_cierre_4h,control_v4,histgb_63_moderado,algoritmo,histgb,63,validacion_2024,0.32,0.001,526560,450487,149513,0.223478805834093,0.2913845367330299,1.3038575879510876,0.6154522350949598,0.2710386320455984,27.103863204559847,0.7273762481410665,0.3949201222677201,178679,230206,32081,85594,673,0.2228826151560178,22.288261515601786,43.684992570579496,-0.0015178327552048,-0.0016718226359225,0.7348383179943259,-0.6607059888134503,-0.6626204448697655,480.0,0.2120410700255334
baja_v1_short,2026-07-05T18:31:48.374277+00:00,baja_cierre_4h,control_v4,histgb_63_moderado,algoritmo,histgb,63,validacion_2024,0.33,0.001,526560,450487,149513,0.223478805834093,0.2913845367330299,1.3038575879510876,0.6154522350949598,0.2735990111839875,27.35990111839876,0.6997578075207138,0.3933871742137058,190263,218622,35331,82344,689,0.2191582002902757,21.91582002902758,41.944847605224965,-0.0017832311300929,-0.0018371249423362,0.6964520336094924,-0.7254270338601672,-0.726586653831889,480.0,0.2191934612741193
baja_v1_short,2026-07-05T18:31:48.593370+00:00,baja_cierre_4h,control_v4,histgb_63_moderado,algoritmo,histgb,63,validacion_2024,0.34,0.001,526560,450487,149513,0.223478805834093,0.2913845367330299,1.3038575879510876,0.6154522350949598,0.276535911776345,27.653591177634507,0.671034629275547,0.3916651373188963,202302,206583,38711,78964,691,0.2272069464544139,22.720694645441387,43.41534008683068,-0.0018959519003449,-0.001847260642331,0.6811189488654221,-0.750178819184073,-0.7483207823268894,480.0,0.2397357361527525
baja_v1_short,2026-07-05T18:31:48.783717+00:00,baja_cierre_4h,control_v4,histgb_63_moderado,algoritmo,histgb,63,validacion_2024,0.35,0.001,526560,450487,149513,0.223478805834093,0.2913845367330299,1.3038575879510876,0.6154522350949598,0.2803187918840837,28.03187918840837,0.642328446993839,0.3903046075834327,214828,194057,42089,75586,702,0.2236467236467236,22.36467236467236,44.15954415954416,-0.0016222159290571,-0.0015138961132615,0.7205278155089241,-0.7161688604029572,-0.7012281922631027,480.0,0.2648448585658634
baja_v1_short,2026-07-05T18:31:48.985120+00:00,baja_cierre_4h,control_v4,histgb_63_moderado,algoritmo,histgb,63,validacion_2024,0.36,0.001,526560,450487,149513,0.223478805834093,0.2913845367330299,1.3038575879510876,0.6154522350949598,0.2840319447782422,28.403194477824226,0.6126280008497982,0.3881202084589543,227163,181722,45584,72091,715,0.2335664335664335,23.35664335664336,43.77622377622378,-0.0015946248568165,-0.0013864707541652,0.7320451450459222,-0.7300760250429845,-0.7027186097610194,480.0,0.2439565660231463
baja_v1_short,2026-07-05T18:31:49.228544+00:00,baja_cierre_4h,control_v4,histgb_63_moderado,algoritmo,histgb,63,validacion_2024,0.37,0.001,526560,450487,149513,0.223478805834093,0.2913845367330299,1.3038575879510876,0.6154522350949598,0.2869735305648415,28.697353056484147,0.5785001062247717,0.3836378391172526,239743,169142,49600,68075,726,0.2506887052341597,25.06887052341597,42.69972451790633,-0.0019581449224696,-0.0016356514059007,0.6901032967533771,-0.8026272445357615,-0.7771990188543827,480.0,0.2288541912506702
baja_v1_short,2026-07-05T18:31:49.483183+00:00,baja_cierre_4h,control_v4,histgb_63_moderado,algoritmo,histgb,63,validacion_2024,0.38,0.001,526560,450487,149513,0.223478805834093,0.2913845367330299,1.3038575879510876,0.6154522350949598,0.2902264627701726,29.022646277017262,0.5446441470150839,0.378669802012372,252145,156740,53584,64091,725,0.2579310344827586,25.79310344827586,42.896551724137936,-0.0018972989823043,-0.0016666666595265,0.7127461316642875,-0.7883065965658484,-0.768369543669539,480.0,0.2491162078159033
baja_v1_short,2026-07-05T18:31:49.726092+00:00,baja_cierre_4h,control_v4,histgb_63_moderado,algoritmo,histgb,63,validacion_2024,0.39,0.001,526560,450487,149513,0.223478805834093,0.2913845367330299,1.3038575879510876,0.6154522350949598,0.2931073258497281,29.31073258497281,0.5094625026556193,0.3721226153048778,264300,144585,57724,59951,722,0.2797783933518005,27.97783933518005,43.76731301939058,-0.0021682469934148,-0.0018228861261159,0.6817141008999157,-0.8232810270003335,-0.8090111971173586,480.0,0.2222989547360052
baja_v1_short,2026-07-05T18:31:49.964956+00:00,baja_cierre_4h,control_v4,histgb_63_moderado,algoritmo,histgb,63,validacion_2024,0.4,0.001,526560,450487,149513,0.223478805834093,0.2913845367330299,1.3038575879510876,0.6154522350949598,0.295396046172217,29.539604617221705,0.4729976630550244,0.363672002613525,276120,132765,62015,55660,711,0.2644163150492264,26.441631504922647,44.72573839662447,-0.0019680586379642,-0.0016431265501305,0.7115635639654776,-0.7949627091132042,-0.7755111479929622,480.0,0.2557031414032173
baja_v1_short,2026-07-05T18:31:50.268542+00:00,baja_cierre_4h,control_v4,histgb_63_moderado,algoritmo,histgb,63,validacion_2024,0.41,0.001,526560,450487,149513,0.223478805834093,0.2913845367330299,1.3038575879510876,0.6154522350949598,0.2978191125884574,29.78191125884574,0.4370342043764605,0.3542397806837789,287631,121254,66247,51428,707,0.2644978783592644,26.449787835926447,44.83734087694484,-0.0019799062821863,-0.0015971358623355,0.7214441372800444,-0.7933754101992301,-0.7779535541326299,480.0,0.2503074685917431
baja_v1_short,2026-07-05T18:31:50.486370+00:00,baja_cierre_4h,control_v4,histgb_63_moderado,algoritmo,histgb,63,validacion_2024,0.42,0.001,526560,450487,149513,0.223478805834093,0.2913845367330299,1.3038575879510876,0.6154522350949598,0.3002773438745258,30.027734387452583,0.4002294455066921,0.3431225411627568,299137,109748,70578,47097,686,0.2594752186588921,25.94752186588921,45.04373177842565,-0.0021083720080507,-0.0015630874366033,0.7059327102836336,-0.8050376241128077,-0.7872935850290618,480.0,0.2147679552249405
baja_v1_short,2026-07-05T18:31:50.727348+00:00,baja_cierre_4h,control_v4,histgb_63_moderado,algoritmo,histgb,63,validacion_2024,0.43,0.001,526560,450487,149513,0.223478805834093,0.2913845367330299,1.3038575879510876,0.6154522350949598,0.3019393526985072,30.19393526985072,0.3619885277246654,0.3292483565407937,310404,98481,75078,42597,668,0.2679640718562874,26.79640718562874,45.05988023952096,-0.0021246572223024,-0.0017736127299722,0.7122101278268673,-0.8045915661894254,-0.7818447121815726,480.0,0.2199463761080819
baja_v1_short,2026-07-05T18:31:50.906113+00:00,baja_cierre_4h,control_v4,histgb_63_moderado,algoritmo,histgb,63,validacion_2024,0.44,0.001,526560,450487,149513,0.223478805834093,0.2913845367330299,1.3038575879510876,0.6154522350949598,0.3035569348293149,30.35569348293149,0.3241810070108349,0.3135301732108734,321363,87522,79527,38148,639,0.2910798122065727,29.10798122065728,45.07042253521127,-0.0017846514265612,-0.0014098166828043,0.7613043659839015,-0.734385923210678,-0.7135443848976584,480.0,0.2480010223998796
baja_v1_short,2026-07-05T18:31:51.079015+00:00,baja_cierre_4h,control_v4,histgb_63_moderado,algoritmo,histgb,63,validacion_2024,0.45,0.001,526560,450487,149513,0.223478805834093,0.2913845367330299,1.3038575879510876,0.6154522350949598,0.3060774877429957,30.60774877429957,0.2880730826428723,0.2968024935647118,332031,76854,83776,33899,612,0.2924836601307189,29.248366013071895,46.07843137254902,-0.0016845209327901,-0.0013401771245989,0.7762250752492176,-0.7277578913959253,-0.6802350092250586,480.0,0.2089499484400867
baja_v1_short,2026-07-05T18:31:51.280962+00:00,baja_cierre_4h,control_v4,histgb_63_moderado,algoritmo,histgb,63,validacion_2024,0.46,0.001,526560,450487,149513,0.223478805834093,0.2913845367330299,1.3038575879510876,0.6154522350949598,0.3081052566250853,30.81052566250853,0.2531293817718292,0.2779247316342668,341994,66891,87888,29787,577,0.3084922010398613,30.84922010398613,46.79376083188908,-0.0017670969008552,-0.0013372784703969,0.7707585622140356,-0.7196657553670546,-0.6740664906048226,480.0,0.2526052458186844
baja_v1_short,2026-07-05T18:31:51.454499+00:00,baja_cierre_4h,control_v4,histgb_63_moderado,algoritmo,histgb,63,validacion_2024,0.47,0.001,526560,450487,149513,0.223478805834093,0.2913845367330299,1.3038575879510876,0.6154522350949598,0.3077978804659156,30.779788046591563,0.2191714467813894,0.2560320052415532,350884,58001,91884,25791,538,0.3066914498141264,30.66914498141264,44.98141263940521,-0.0019920359202953,-0.0015746981478296,0.7471907407797346,-0.7269658591493565,-0.6900820829967456,480.0,0.203228575570441
baja_v1_short,2026-07-05T18:31:51.617318+00:00,baja_cierre_4h,control_v4,histgb_63_moderado,algoritmo,histgb,63,validacion_2024,0.48,0.001,526560,450487,149513,0.223478805834093,0.2913845367330299,1.3038575879510876,0.6154522350949598,0.3080564772522178,30.805647725221785,0.1885617165923093,0.2339328638299667,359045,49840,95486,22189,515,0.312621359223301,31.2621359223301,46.601941747572816,-0.001583691717729,-0.0013460279549472,0.7940918317335073,-0.6646450478125516,-0.5988141801766995,480.0,0.2253907858501942
baja_v1_short,2026-07-05T18:31:51.806677+00:00,baja_cierre_4h,control_v4,histgb_63_moderado,algoritmo,histgb,63,validacion_2024,0.49,0.001,526560,450487,149513,0.223478805834093,0.2913845367330299,1.3038575879510876,0.6154522350949598,0.3080113406237343,30.801134062373432,0.1615636286381984,0.2119509476031215,366172,42713,98663,19012,464,0.3081896551724138,30.81896551724138,44.18103448275862,-0.0023943012736803,-0.0020311136720702,0.7060348633473217,-0.7441379795764048,-0.6968055584262431,480.0,0.196674930105712
baja_v1_short,2026-07-05T18:31:51.985540+00:00,baja_cierre_4h,control_v4,histgb_63_moderado,algoritmo,histgb,63,validacion_2024,0.5,0.001,526560,450487,149513,0.223478805834093,0.2913845367330299,1.3038575879510876,0.6154522350949598,0.3093984181814749,30.939841818147496,0.1392904185256001,0.192098539718257,372299,36586,101284,16391,432,0.324074074074074,32.407407407407405,44.44444444444444,-0.002015696825953,-0.0019083438199013,0.7421898649523502,-0.6994501876899635,-0.610814231510713,480.0,0.1717346337766895
baja_v1_short,2026-07-05T18:31:52.215164+00:00,baja_cierre_4h,control_v4,histgb_63_moderado,algoritmo,histgb,63,validacion_2024,0.51,0.001,526560,450487,149513,0.223478805834093,0.2913845367330299,1.3038575879510876,0.6154522350949598,0.3144884110337534,31.44884110337534,0.1213001912045889,0.1750734378737052,377771,31114,103401,14274,385,0.3168831168831169,31.68831168831169,41.81818181818181,-0.0029227860864915,-0.0020456795571371,0.6500535882614924,-0.7298199385485558,-0.6964194026528356,480.0,0.1751694253446115
baja_v1_short,2026-07-05T18:31:52.386220+00:00,baja_cierre_4h,control_v4,histgb_63_moderado,algoritmo,histgb,63,validacion_2024,0.52,0.001,526560,450487,149513,0.223478805834093,0.2913845367330299,1.3038575879510876,0.6154522350949598,0.3174689440993788,31.746894409937887,0.1042447418738049,0.1569523078399385,382512,26373,105408,12267,341,0.2785923753665689,27.859237536656888,41.348973607038126,-0.0029546381027844,-0.0021875868076458,0.6581344377635178,-0.6884112578416558,-0.6574468935750752,480.0,0.1870220781607369
baja_v1_short,2026-07-05T18:31:52.523729+00:00,baja_cierre_4h,control_v4,histgb_63_moderado,algoritmo,histgb,63,validacion_2024,0.53,0.001,526560,450487,149513,0.223478805834093,0.2913845367330299,1.3038575879510876,0.6154522350949598,0.3177948063005534,31.77948063005534,0.0888124070533248,0.1388274519962008,386450,22435,107224,10451,304,0.3125,31.25,43.09210526315789,-0.0025806392479864,-0.0023325123582035,0.6969761882918585,-0.6142943262182681,-0.5702545125406608,480.0,0.2361311401657041
baja_v1_short,2026-07-05T18:31:52.663303+00:00,baja_cierre_4h,control_v4,histgb_63_moderado,algoritmo,histgb,63,validacion_2024,0.54,0.001,526560,450487,149513,0.223478805834093,0.2913845367330299,1.3038575879510876,0.6154522350949598,0.3228303925099027,32.28303925099028,0.0761844062035266,0.1232768400426278,390080,18805,108710,8965,266,0.2894736842105263,28.947368421052637,42.85714285714285,-0.0028566045939182,-0.0023250372139737,0.672498853414244,-0.5906897051395124,-0.5559859187464621,480.0,0.2026985737524664
baja_v1_short,2026-07-05T18:31:52.805751+00:00,baja_cierre_4h,control_v4,histgb_63_moderado,algoritmo,histgb,63,validacion_2024,0.55,0.001,526560,450487,149513,0.223478805834093,0.2913845367330299,1.3038575879510876,0.6154522350949598,0.3279234645938327,32.792346459383275,0.065247503717867,0.1088391015600082,393149,15736,109997,7678,238,0.2815126050420168,28.15126050420168,42.01680672268908,-0.0031249574123002,-0.0023385491911321,0.654828320366829,-0.5776013855219547,-0.5481633265439783,480.0,0.2161846111776678
baja_v1_short,2026-07-05T18:31:52.939908+00:00,baja_cierre_4h,control_v4,histgb_63_moderado,algoritmo,histgb,63,validacion_2024,0.56,0.001,526560,450487,149513,0.223478805834093,0.2913845367330299,1.3038575879510876,0.6154522350949598,0.3325208206378224,33.25208206378225,0.0556447843637136,0.0953358521333362,395741,13144,111127,6548,207,0.2850241545893719,28.5024154589372,44.927536231884055,-0.0030121094234136,-0.0020678827529773,0.6543206886556525,-0.5096084726935752,-0.4856475992784379,480.0,0.2802786666941962
baja_v1_short,2026-07-05T18:31:53.078093+00:00,baja_cierre_4h,control_v4,histgb_63_moderado,algoritmo,histgb,63,validacion_2024,0.57,0.001,526560,450487,149513,0.223478805834093,0.2913845367330299,1.3038575879510876,0.6154522350949598,0.3356710423784691,33.56710423784691,0.0475886976842999,0.0833593831405647,397802,11083,112075,5600,185,0.2972972972972973,29.72972972972973,45.40540540540541,-0.0029645891057144,-0.0018402469102293,0.6533179630793752,-0.4839356084236953,-0.4427089600907906,480.0,0.2557324158867056
baja_v1_short,2026-07-05T18:31:53.209690+00:00,baja_cierre_4h,control_v4,histgb_63_moderado,algoritmo,histgb,63,validacion_2024,0.58,0.001,526560,450487,149513,0.223478805834093,0.2913845367330299,1.3038575879510876,0.6154522350949598,0.3345439008758812,33.45439008758812,0.0399235181644359,0.071334214002642,399540,9345,112977,4698,155,0.3290322580645161,32.903225806451616,45.16129032258064,-0.0023220446369227,-0.0011249687338713,0.71597947791145,-0.363140823274828,-0.3227544767024886,480.0,0.2800018576837703
baja_v1_short,2026-07-05T18:31:53.346801+00:00,baja_cierre_4h,control_v4,histgb_63_moderado,algoritmo,histgb,63,validacion_2024,0.59,0.001,526560,450487,149513,0.223478805834093,0.2913845367330299,1.3038575879510876,0.6154522350949598,0.3335306553911205,33.35306553911205,0.0335160399405141,0.0609111969111969,401004,7881,113731,3944,132,0.3409090909090909,34.090909090909086,46.96969696969697,-0.0018509863879763,-0.0007859913637512,0.7491431758568414,-0.2778806554746398,-0.2348969360451993,480.0,0.3915470096092814
baja_v1_short,2026-07-05T18:31:53.494543+00:00,baja_cierre_4h,control_v4,histgb_63_moderado,algoritmo,histgb,63,validacion_2024,0.6,0.001,526560,450487,149513,0.223478805834093,0.2913845367330299,1.3038575879510876,0.6154522350949598,0.3321040566131765,33.21040566131765,0.0283152751221584,0.0521815391361543,402184,6701,114343,3332,108,0.3425925925925926,34.25925925925926,49.07407407407408,-0.0005707602041269,-0.0006444087737472,0.915969154548311,-0.1820381884859253,-0.0768306524793244,480.0,0.1805882518835714
baja_v1_short,2026-07-05T18:31:53.619920+00:00,baja_cierre_4h,control_v4,histgb_63_moderado,algoritmo,histgb,63,validacion_2024,0.61,0.001,526560,450487,149513,0.223478805834093,0.2913845367330299,1.3038575879510876,0.6154522350949598,0.3315116279069767,33.15116279069768,0.0242277459103462,0.0451554147693526,403136,5749,114824,2851,92,0.3043478260869565,30.434782608695656,48.91304347826087,-0.0011418456487716,-0.0013533710114425,0.8408967318039898,-0.1926581463793995,-0.1132592055834788,480.0,0.1951274129778904
baja_v1_short,2026-07-05T18:31:53.753738+00:00,baja_cierre_4h,control_v4,histgb_63_moderado,algoritmo,histgb,63,validacion_2024,0.62,0.001,526560,450487,149513,0.223478805834093,0.2913845367330299,1.3038575879510876,0.6154522350949598,0.3300854244527496,33.008542445274955,0.021015508816656,0.0395152076825361,403866,5019,115202,2473,76,0.2894736842105263,28.947368421052637,50.0,-0.0013435348183924,-9.879631013609472e-05,0.8076359074432462,-0.2004326917271962,-0.1074031654713476,480.0,0.186462839328255
baja_v1_short,2026-07-05T18:31:53.883956+00:00,baja_cierre_4h,control_v4,histgb_63_moderado,algoritmo,histgb,63,validacion_2024,0.63,0.001,526560,450487,149513,0.223478805834093,0.2913845367330299,1.3038575879510876,0.6154522350949598,0.3323095823095823,33.23095823095823,0.0183896324622902,0.034850668749547,404537,4348,115511,2164,68,0.2941176470588235,29.411764705882355,47.05882352941176,-0.0018222703284392,-0.0013339936301927,0.7725524421435659,-0.1914707637326177,-0.1276970600841666,480.0,0.1959900518371773
baja_v1_short,2026-07-05T18:31:54.007627+00:00,baja_cierre_4h,control_v4,histgb_63_moderado,algoritmo,histgb,63,validacion_2024,0.64,0.001,526560,450487,149513,0.223478805834093,0.2913845367330299,1.3038575879510876,0.6154522350949598,0.3385525400139179,33.855254001391785,0.0165370724452942,0.0315338308094925,405083,3802,115729,1946,57,0.3508771929824561,35.08771929824561,47.368421052631575,-0.0012515658753078,-0.0008044616222614,0.8316902160640042,-0.1626183520481369,-0.0780335191669162,480.0,0.2038654865117549
baja_v1_short,2026-07-05T18:31:54.130515+00:00,baja_cierre_4h,control_v4,histgb_63_moderado,algoritmo,histgb,63,validacion_2024,0.65,0.001,526560,450487,149513,0.223478805834093,0.2913845367330299,1.3038575879510876,0.6154522350949598,0.3482090428655314,34.82090428655314,0.0151179094964945,0.0289777169663799,405555,3330,115896,1779,43,0.3255813953488372,32.55813953488372,46.51162790697674,-0.0033893222884886,-0.0008044616222614,0.6272622760886716,-0.1292977242442013,-0.1434567828633751,480.0,0.1872576275326508
baja_v1_short,2026-07-05T18:31:54.258598+00:00,baja_cierre_4h,control_v4,histgb_63_moderado,algoritmo,histgb,63,validacion_2024,0.66,0.001,526560,450487,149513,0.223478805834093,0.2913845367330299,1.3038575879510876,0.6154522350949598,0.3521862083967805,35.21862083967805,0.0137582324198002,0.0264819419000261,405907,2978,116056,1619,35,0.2857142857142857,28.57142857142857,51.42857142857142,-0.0032391473812084,0.0004738460304215,0.6152152883981532,-0.1061514109712088,-0.1141294977745548,480.0,0.3249756488767798
baja_v1_short,2026-07-05T18:31:54.384568+00:00,baja_cierre_4h,control_v4,histgb_63_moderado,algoritmo,histgb,63,validacion_2024,0.67,0.001,526560,450487,149513,0.223478805834093,0.2913845367330299,1.3038575879510876,0.6154522350949598,0.3614254755598363,36.142547555983626,0.0127554705757382,0.0246412975670617,406233,2652,116174,1501,30,0.2666666666666666,26.666666666666668,53.333333333333336,-0.0001010764943591,0.0004990019844844,0.9840488512839368,-0.0771741441367244,-0.008069390410618,480.0,0.224914829426175
baja_v1_short,2026-07-05T18:31:54.512173+00:00,baja_cierre_4h,control_v4,histgb_63_moderado,algoritmo,histgb,63,validacion_2024,0.68,0.001,526560,450487,149513,0.223478805834093,0.2913845367330299,1.3038575879510876,0.6154522350949598,0.369761273209549,36.9761273209549,0.0118461865306989,0.0229568940672732,406509,2376,116281,1394,29,0.3103448275862069,31.03448275862069,48.27586206896552,-0.0015859660530655,-0.0001339932894334,0.7640362445615432,-0.1003908140559092,-0.0494052555220425,480.0,0.2777044689399786
baja_v1_short,2026-07-05T18:31:54.636503+00:00,baja_cierre_4h,control_v4,histgb_63_moderado,algoritmo,histgb,63,validacion_2024,0.69,0.001,526560,450487,149513,0.223478805834093,0.2913845367330299,1.3038575879510876,0.6154522350949598,0.3803355902266706,38.033559022667056,0.0109793923943063,0.0213426721289811,406780,2105,116383,1292,25,0.32,32.0,52.0,-0.0002723172251135,0.0002726901331916,0.9562110323817044,-0.0622629266672245,-0.0109628178994448,480.0,0.3093340094715783
baja_v1_short,2026-07-05T18:31:54.762205+00:00,baja_cierre_4h,control_v4,histgb_63_moderado,algoritmo,histgb,63,validacion_2024,0.7,0.001,526560,450487,149513,0.223478805834093,0.2913845367330299,1.3038575879510876,0.6154522350949598,0.3964227642276423,39.64227642276423,0.0103590397280645,0.0201904761904761,407029,1856,116456,1219,24,0.3333333333333333,33.33333333333333,54.16666666666666,0.0014267858316306,0.0003742454466409,1.2683394587686545,-0.0496383950970966,0.030655740814065,480.0,0.3467662948310953
baja_v1_short,2026-07-05T18:31:54.884571+00:00,baja_cierre_4h,control_v4,histgb_63_moderado,algoritmo,histgb,63,validacion_2024,0.71,0.001,526560,450487,149513,0.223478805834093,0.2913845367330299,1.3038575879510876,0.6154522350949598,0.4125950054288816,41.25950054288817,0.0096876991714467,0.0189309022069446,407262,1623,116535,1140,22,0.2727272727272727,27.27272727272727,50.0,0.0032725371128075,0.0006977163031697,1.8296615592214236,-0.0501566395895716,0.0711809268220862,480.0,0.3024261634667247
baja_v1_short,2026-07-05T18:31:55.005763+00:00,baja_cierre_4h,control_v4,histgb_63_moderado,algoritmo,histgb,63,validacion_2024,0.72,0.001,526560,450487,149513,0.223478805834093,0.2913845367330299,1.3038575879510876,0.6154522350949598,0.4344493747478822,43.44493747478822,0.0091523263224984,0.0179269936914293,407483,1402,116598,1077,18,0.2222222222222222,22.22222222222222,61.11111111111112,0.0030933148152867,0.002661690512672,1.644389432789884,-0.0494021456456089,0.0541700010806054,480.0,0.3912281152054632
baja_v1_short,2026-07-05T18:31:55.135486+00:00,baja_cierre_4h,control_v4,histgb_63_moderado,algoritmo,histgb,63,validacion_2024,0.73,0.001,526560,450487,149513,0.223478805834093,0.2913845367330299,1.3038575879510876,0.6154522350949598,0.4608337150710032,46.08337150710032,0.0085489696197153,0.0167865307280281,407708,1177,116669,1006,18,0.2777777777777778,27.77777777777778,55.55555555555556,-0.0009532233012663,0.0004186819316819,0.8314454580794405,-0.0709878154608072,-0.0191350076353189,480.0,0.581592983541146
baja_v1_short,2026-07-05T18:31:55.260928+00:00,baja_cierre_4h,control_v4,histgb_63_moderado,algoritmo,histgb,63,validacion_2024,0.74,0.001,526560,450487,149513,0.223478805834093,0.2913845367330299,1.3038575879510876,0.6154522350949598,0.4804772234273319,48.04772234273319,0.0075292118121946,0.0148260945958383,407927,958,116789,886,17,0.2352941176470588,23.52941176470588,52.94117647058824,-0.0008893076862098,0.0006541619552299,0.8495925541126768,-0.0709878154608073,-0.0171794483731193,480.0,0.5705248244189419
baja_v1_short,2026-07-05T18:31:55.378069+00:00,baja_cierre_4h,control_v4,histgb_63_moderado,algoritmo,histgb,63,validacion_2024,0.75,0.001,526560,450487,149513,0.223478805834093,0.2913845367330299,1.3038575879510876,0.6154522350949598,0.5126377187297473,51.26377187297473,0.0067219035479073,0.0132698082504319,408133,752,116884,791,15,0.2666666666666666,26.666666666666668,40.0,-0.0026143653600011,-0.0007580368362832,0.618006630903404,-0.0724295145529172,-0.0404723935172415,480.0,0.7275819464032901
baja_v1_short,2026-07-05T18:31:55.502647+00:00,baja_cierre_4h,control_v4,histgb_63_moderado,algoritmo,histgb,63,validacion_2024,0.76,0.001,526560,450487,149513,0.223478805834093,0.2913845367330299,1.3038575879510876,0.6154522350949598,0.5479777954004759,54.79777954004759,0.0058721053749734,0.011619694625681,408315,570,116984,691,16,0.3125,31.25,50.0,-0.0003451356567675,0.0001098774266429,0.9406392656818766,-0.0724295145529171,-0.0077763992231472,480.0,0.5237621603897717
baja_v1_short,2026-07-05T18:31:55.625363+00:00,baja_cierre_4h,control_v4,histgb_63_moderado,algoritmo,histgb,63,validacion_2024,0.77,0.001,526560,450487,149513,0.223478805834093,0.2913845367330299,1.3038575879510876,0.6154522350949598,0.5834932821497121,58.34932821497121,0.0051667728914382,0.010242846433114,408451,434,117067,608,15,0.4,40.0,60.0,0.0009163209556912,0.0012012284025549,1.1694679592444608,-0.0565907448228826,0.0116662089386534,480.0,0.4326989743333872
baja_v1_short,2026-07-05T18:31:55.760449+00:00,baja_cierre_4h,control_v4,histgb_63_moderado,algoritmo,histgb,63,validacion_2024,0.78,0.001,526560,450487,149513,0.223478805834093,0.2913845367330299,1.3038575879510876,0.6154522350949598,0.6101083032490975,61.01083032490975,0.004308476736775,0.0085565287833527,408561,324,117168,507,13,0.3076923076923077,30.76923076923077,53.84615384615385,-0.000663893196087,0.0012012284025549,0.9017831767978226,-0.0627738134622361,-0.0109067671444145,480.0,0.5552885684668637
baja_v1_short,2026-07-05T18:31:55.884205+00:00,baja_cierre_4h,control_v4,histgb_63_moderado,algoritmo,histgb,63,validacion_2024,0.79,0.001,526560,450487,149513,0.223478805834093,0.2913845367330299,1.3038575879510876,0.6154522350949598,0.6327160493827161,63.27160493827161,0.0034841725090291,0.0069301826356667,408647,238,117265,410,11,0.3636363636363636,36.36363636363637,63.63636363636363,0.0059392771021574,0.0029696800522506,3.229034025183538,-0.0159939901274158,0.0662550561645392,480.0,0.5062389606702016
baja_v1_short,2026-07-05T18:31:56.010727+00:00,baja_cierre_4h,control_v4,histgb_63_moderado,algoritmo,histgb,63,validacion_2024,0.8,0.001,526560,450487,149513,0.223478805834093,0.2913845367330299,1.3038575879510876,0.6154522350949598,0.6405353728489483,64.05353728489483,0.0028468238793286,0.0056684546269818,408697,188,117340,335,10,0.6,60.0,80.0,0.0091291119994129,0.0041308249821886,6.641434848100466,-0.014990101404488,0.094120593613151,480.0,0.4442389535458071
baja_v1_short,2026-07-05T18:31:56.129766+00:00,baja_cierre_4h,control_v4,histgb_63_moderado,algoritmo,histgb,63,validacion_2024,0.81,0.001,526560,450487,149513,0.223478805834093,0.2913845367330299,1.3038575879510876,0.6154522350949598,0.6658653846153846,66.58653846153845,0.0023539409390269,0.0046912973893014,408746,139,117398,277,8,0.625,62.5,75.0,0.0106193977228249,0.0106176982410252,6.24989859984064,-0.014990101404488,0.087320558268827,480.0,0.4761014754435212
baja_v1_short,2026-07-05T18:31:56.253514+00:00,baja_cierre_4h,control_v4,histgb_63_moderado,algoritmo,histgb,63,validacion_2024,0.82,0.001,526560,450487,149513,0.223478805834093,0.2913845367330299,1.3038575879510876,0.6154522350949598,0.704225352112676,70.4225352112676,0.0016995963458678,0.003391008740325,408801,84,117475,200,7,0.7142857142857143,71.42857142857143,71.42857142857143,0.0110792440720833,0.0155461674332618,5.673901554581756,-0.0149901014044879,0.0793561197364085,480.0,0.4325895412853238
baja_v1_short,2026-07-05T18:31:56.379723+00:00,baja_cierre_4h,control_v4,histgb_63_moderado,algoritmo,histgb,63,validacion_2024,0.83,0.001,526560,450487,149513,0.223478805834093,0.2913845367330299,1.3038575879510876,0.6154522350949598,0.78125,78.125,0.0012746972594008,0.0025452416706966,408843,42,117525,150,5,0.4,40.0,60.0,0.0085335849560797,0.0108620665743947,3.015109431146509,-0.0149901014044879,0.04262739313778,480.0,0.5219369810700732
baja_v1_short,2026-07-05T18:31:56.526355+00:00,baja_cierre_4h,control_v4,histgb_63_moderado,algoritmo,histgb,63,validacion_2024,0.84,0.001,526560,450487,149513,0.223478805834093,0.2913845367330299,1.3038575879510876,0.6154522350949598,0.9142857142857144,91.42857142857144,0.0010877416613554,0.0021728981878368,408873,12,117547,128,5,0.4,40.0,60.0,0.0081749004088342,0.0105377381443977,2.9304101379794587,-0.014990101404488,0.0408109064268553,480.0,0.5098365977677157
baja_v1_short,2026-07-05T18:31:56.673504+00:00,baja_cierre_4h,control_v4,histgb_63_moderado,algoritmo,histgb,63,validacion_2024,0.85,0.001,526560,450487,149513,0.223478805834093,0.2913845367330299,1.3038575879510876,0.6154522350949598,0.9396551724137931,93.96551724137932,0.0009262800084979,0.0018507356249628,408878,7,117566,109,5,0.6,60.0,80.0,0.0129474992640316,0.0151448903381824,9.047754727431467,-0.0080441686548291,0.0660926010752527,480.0,0.4611288030640957
baja_v1_short,2026-07-05T18:31:56.812348+00:00,baja_cierre_4h,control_v4,histgb_63_moderado,algoritmo,histgb,63,validacion_2024,0.86,0.001,526560,450487,149513,0.223478805834093,0.2913845367330299,1.3038575879510876,0.6154522350949598,0.956043956043956,95.6043956043956,0.0007393244104525,0.0014775062411901,408881,4,117588,87,2,1.0,100.0,100.0,0.0169275223053991,0.0169275223053991,inf,0.0,0.0341336740062774,480.0,0.5830824332808171
baja_v1_short,2026-07-05T18:31:56.933762+00:00,baja_cierre_4h,control_v4,histgb_63_moderado,algoritmo,histgb,63,validacion_2024,0.87,0.001,526560,450487,149513,0.223478805834093,0.2913845367330299,1.3038575879510876,0.6154522350949598,0.9518072289156626,95.18072289156626,0.0006713405566178,0.0013417347441362,408881,4,117596,79,1,1.0,100.0,100.0,0.0197402817904949,0.0197402817904949,inf,0.0,0.019740281790495,480.0,1.0
baja_v1_short,2026-07-05T18:31:57.055125+00:00,baja_cierre_4h,control_v4,histgb_63_moderado,algoritmo,histgb,63,validacion_2024,0.88,0.001,526560,450487,149513,0.223478805834093,0.2913845367330299,1.3038575879510876,0.6154522350949598,0.9487179487179488,94.87179487179486,0.0006288506479711,0.0012568681901947,408881,4,117601,74,1,1.0,100.0,100.0,0.0197402817904949,0.0197402817904949,inf,0.0,0.019740281790495,480.0,1.0
baja_v1_short,2026-07-05T18:31:57.177308+00:00,baja_cierre_4h,control_v4,histgb_63_moderado,algoritmo,histgb,63,validacion_2024,0.89,0.001,526560,450487,149513,0.223478805834093,0.2913845367330299,1.3038575879510876,0.6154522350949598,0.9285714285714286,92.85714285714286,0.0004418950499256,0.0008833697157078,408881,4,117623,52,1,1.0,100.0,100.0,0.0215918255746364,0.0215918255746364,inf,0.0,0.0215918255746365,480.0,1.0
baja_v1_short,2026-07-05T18:31:57.300319+00:00,baja_cierre_4h,control_v4,histgb_63_moderado,algoritmo,histgb,63,validacion_2024,0.9,0.001,526560,450487,149513,0.223478805834093,0.2913845367330299,1.3038575879510876,0.6154522350949598,0.9375,93.75,0.00012746972594,0.0002549047930597,408884,1,117660,15,1,1.0,100.0,100.0,0.0194969123005867,0.0194969123005867,inf,0.0,0.0194969123005868,480.0,1.0
baja_v1_short,2026-07-05T18:31:57.420533+00:00,baja_cierre_4h,control_v4,histgb_63_moderado,algoritmo,histgb,63,validacion_2024,0.91,0.001,526560,450487,149513,0.223478805834093,0.2913845367330299,1.3038575879510876,0.6154522350949598,1.0,100.0,2.5493945188017844e-05,5.098659052669148e-05,408885,0,117672,3,1,1.0,100.0,100.0,0.019559974014759,0.019559974014759,inf,0.0,0.0195599740147591,480.0,1.0
baja_v1_short,2026-07-05T18:31:57.550557+00:00,baja_cierre_4h,control_v4,histgb_63_moderado,algoritmo,histgb,63,validacion_2024,0.92,0.001,526560,450487,149513,0.223478805834093,0.2913845367330299,1.3038575879510876,0.6154522350949598,0.0,0.0,0.0,0.0,408885,0,117675,0,0,0.0,0.0,0.0,0.0,0.0,0.0,0.0,0.0,0.0,0.0
baja_v1_short,2026-07-05T18:31:57.687171+00:00,baja_cierre_4h,control_v4,histgb_63_moderado,algoritmo,histgb,63,validacion_2024,0.93,0.001,526560,450487,149513,0.223478805834093,0.2913845367330299,1.3038575879510876,0.6154522350949598,0.0,0.0,0.0,0.0,408885,0,117675,0,0,0.0,0.0,0.0,0.0,0.0,0.0,0.0,0.0,0.0,0.0
baja_v1_short,2026-07-05T18:31:57.840045+00:00,baja_cierre_4h,control_v4,histgb_63_moderado,algoritmo,histgb,63,validacion_2024,0.94,0.001,526560,450487,149513,0.223478805834093,0.2913845367330299,1.3038575879510876,0.6154522350949598,0.0,0.0,0.0,0.0,408885,0,117675,0,0,0.0,0.0,0.0,0.0,0.0,0.0,0.0,0.0,0.0,0.0
baja_v1_short,2026-07-05T18:31:57.965374+00:00,baja_cierre_4h,control_v4,histgb_63_moderado,algoritmo,histgb,63,validacion_2024,0.95,0.001,526560,450487,149513,0.223478805834093,0.2913845367330299,1.3038575879510876,0.6154522350949598,0.0,0.0,0.0,0.0,408885,0,117675,0,0,0.0,0.0,0.0,0.0,0.0,0.0,0.0,0.0,0.0,0.0
baja_v1_short,2026-07-05T18:32:12.111739+00:00,corto_tp070_sl035_240m,short,control_v4_63_moderado,control,sgd,63,validacion_2023,0.05,0.001,521900,706177,320329,0.2094366736922782,0.2534349875428584,1.2100793193231585,0.5886554436826436,0.2094367641000584,20.943676410005843,0.9999908512876812,0.3463371356147021,4,412591,1,109304,4,0.25,25.0,25.0,-0.0008405734659172,-0.0024311469858512,0.6408685910703744,-0.0045000001080334,-0.0033948233009364,61.0,0.3905666758191292
baja_v1_short,2026-07-05T18:32:12.234713+00:00,corto_tp070_sl035_240m,short,control_v4_63_moderado,control,sgd,63,validacion_2023,0.06,0.001,521900,706177,320329,0.2094366736922782,0.2534349875428584,1.2100793193231585,0.5886554436826436,0.2094371654014033,20.943716540140336,0.9999908512876812,0.3463376843119206,5,412590,1,109304,5,0.2,20.0,20.0,-0.0008932733840774,-0.0011040730567183,0.5732648337137841,-0.0055991048358772,-0.0044951482247157,96.8,0.3433757323057855
baja_v1_short,2026-07-05T18:32:12.356249+00:00,corto_tp070_sl035_240m,short,control_v4_63_moderado,control,sgd,63,validacion_2023,0.07,0.001,521900,706177,320329,0.2094366736922782,0.2534349875428584,1.2100793193231585,0.5886554436826436,0.2094379680087068,20.94379680087068,0.9999908512876812,0.3463387817115734,7,412588,1,109304,6,0.1666666666666666,16.666666666666664,16.666666666666664,-0.0014943945047367,-0.0028020365823758,0.4008989033913183,-0.0100739089715443,-0.0089749201652524,82.16666666666667,0.2610016732796877
baja_v1_short,2026-07-05T18:32:12.475182+00:00,corto_tp070_sl035_240m,short,control_v4_63_moderado,control,sgd,63,validacion_2023,0.08,0.001,521900,706177,320329,0.2094366736922782,0.2534349875428584,1.2100793193231585,0.5886554436826436,0.2094349383969802,20.94349383969802,0.9999725538630436,0.3463335419323664,7,412588,3,109302,7,0.0,0.0,0.0,-0.0034237667800792,-0.0045000001080334,0.0,-0.0233778637153677,-0.023731687922467,70.71428571428571,0.421593856032424
baja_v1_short,2026-07-05T18:32:12.614983+00:00,corto_tp070_sl035_240m,short,control_v4_63_moderado,control,sgd,63,validacion_2023,0.09,0.001,521900,706177,320329,0.2094366736922782,0.2534349875428584,1.2100793193231585,0.5886554436826436,0.2094350287898675,20.94350287898675,0.999963405150725,0.3463331168111028,11,412584,4,109301,11,0.2727272727272727,27.27272727272727,36.36363636363637,-0.0002573683610482,-0.0011040730567183,0.8818739645801522,-0.0145285764881174,-0.0029368736907148,67.54545454545455,0.2798781803986665
baja_v1_short,2026-07-05T18:32:12.763390+00:00,corto_tp070_sl035_240m,short,control_v4_63_moderado,control,sgd,63,validacion_2023,0.1,0.001,521900,706177,320329,0.2094366736922782,0.2534349875428584,1.2100793193231585,0.5886554436826436,0.2094347178762974,20.943471787629747,0.9999542564384064,0.346332142981625,14,412581,5,109300,14,0.2857142857142857,28.57142857142857,35.714285714285715,-0.0004165037122521,-0.0028020365823758,0.823121187364972,-0.0175181306866442,-0.0059615928092375,53.57142857142857,0.279878182073724
baja_v1_short,2026-07-05T18:32:12.914026+00:00,corto_tp070_sl035_240m,short,control_v4_63_moderado,control,sgd,63,validacion_2023,0.11,0.001,521900,706177,320329,0.2094366736922782,0.2534349875428584,1.2100793193231585,0.5886554436826436,0.2094326715427494,20.94326715427494,0.9999176615891312,0.3463271501270652,24,412571,9,109296,19,0.3157894736842105,31.57894736842105,42.10526315789473,1.4499804176586032e-06,-0.0011040730567183,1.000700786064385,-0.019131146448123,-0.0001685574524676,64.89473684210526,0.3896407577628011
baja_v1_short,2026-07-05T18:32:13.042605+00:00,corto_tp070_sl035_240m,short,control_v4_63_moderado,control,sgd,63,validacion_2023,0.12,0.001,521900,706177,320329,0.2094366736922782,0.2534349875428584,1.2100793193231585,0.5886554436826436,0.209449126720401,20.944912672040104,0.9999176615891312,0.3463496484881903,65,412530,9,109296,23,0.2608695652173913,26.08695652173913,39.130434782608695,-0.0002695342845526,-0.0013323967393953,0.8751272891928285,-0.0252486592330185,-0.0064043366908197,75.04347826086956,0.3495178347315473
baja_v1_short,2026-07-05T18:32:13.165589+00:00,corto_tp070_sl035_240m,short,control_v4_63_moderado,control,sgd,63,validacion_2023,0.13,0.001,521900,706177,320329,0.2094366736922782,0.2534349875428584,1.2100793193231585,0.5886554436826436,0.2094853478133367,20.948534781333677,0.9999085128768126,0.346398620680912,159,412436,10,109295,28,0.2142857142857142,21.428571428571427,28.57142857142857,-0.0007867108478593,-0.001711239001248,0.6576184498452059,-0.0348262802465392,-0.0220349072628472,79.42857142857143,0.2471868874599024
baja_v1_short,2026-07-05T18:32:13.278586+00:00,corto_tp070_sl035_240m,short,control_v4_63_moderado,control,sgd,63,validacion_2023,0.14,0.001,521900,706177,320329,0.2094366736922782,0.2534349875428584,1.2100793193231585,0.5886554436826436,0.2095380515534083,20.95380515534083,0.999899364164494,0.3464701220478681,294,412301,11,109294,38,0.1842105263157894,18.421052631578945,26.31578947368421,-0.0012895662841374,-0.0045000001080334,0.4991492519939458,-0.0492047653220638,-0.0481513468160494,73.39473684210526,0.2021937081102193
baja_v1_short,2026-07-05T18:32:13.406609+00:00,corto_tp070_sl035_240m,short,control_v4_63_moderado,control,sgd,63,validacion_2023,0.15,0.001,521900,706177,320329,0.2094366736922782,0.2534349875428584,1.2100793193231585,0.5886554436826436,0.2095951701957505,20.959517019575053,0.9998536206029002,0.3465454533923968,455,412140,16,109289,44,0.1590909090909091,15.909090909090908,22.727272727272727,-0.0015247835916551,-0.0045000001080334,0.4397737613404079,-0.0649228968699754,-0.0652616695664968,76.45454545454545,0.2345045552777352
baja_v1_short,2026-07-05T18:32:13.520584+00:00,corto_tp070_sl035_240m,short,control_v4_63_moderado,control,sgd,63,validacion_2023,0.16,0.001,521900,706177,320329,0.2094366736922782,0.2534349875428584,1.2100793193231585,0.5886554436826436,0.2096586679763339,20.96586679763339,0.9998170257536252,0.3466300429620161,628,411967,20,109285,64,0.171875,17.1875,25.0,-0.0014973014886218,-0.0045000001080334,0.4470487542505314,-0.0915818627879146,-0.0919109771046723,80.34375,0.2403219823078316
baja_v1_short,2026-07-05T18:32:13.635145+00:00,corto_tp070_sl035_240m,short,control_v4_63_moderado,control,sgd,63,validacion_2023,0.17,0.001,521900,706177,320329,0.2094366736922782,0.2534349875428584,1.2100793193231585,0.5886554436826436,0.2097348513205605,20.97348513205606,0.999606605370294,0.346721501353414,904,411691,43,109262,74,0.1891891891891892,18.91891891891892,29.72972972972973,-0.0012157764371273,-0.0045000001080334,0.519242367650254,-0.0879047433220544,-0.0866506706070623,81.64864864864865,0.1922305189272626
baja_v1_short,2026-07-05T18:32:13.755392+00:00,corto_tp070_sl035_240m,short,control_v4_63_moderado,control,sgd,63,validacion_2023,0.18,0.001,521900,706177,320329,0.2094366736922782,0.2534349875428584,1.2100793193231585,0.5886554436826436,0.2097969675778278,20.979696757782783,0.999048533918851,0.3467727722355683,1288,411307,104,109201,87,0.1954022988505747,19.54022988505747,29.88505747126437,-0.0012519894778011,-0.0045000001080334,0.5147770490314197,-0.1035941640505053,-0.1039189263842269,82.75862068965517,0.1762208653650655
baja_v1_short,2026-07-05T18:32:13.878390+00:00,corto_tp070_sl035_240m,short,control_v4_63_moderado,control,sgd,63,validacion_2023,0.19,0.001,521900,706177,320329,0.2094366736922782,0.2534349875428584,1.2100793193231585,0.5886554436826436,0.2098296277349662,20.98296277349662,0.9981885549608892,0.3467655303487773,1723,410872,198,109107,94,0.1702127659574468,17.02127659574468,26.595744680851062,-0.001486851865041,-0.0045000001080334,0.4394964423407667,-0.130848685836597,-0.1311635740243183,86.08510638297872,0.1843025148017178
baja_v1_short,2026-07-05T18:32:14.007489+00:00,corto_tp070_sl035_240m,short,control_v4_63_moderado,control,sgd,63,validacion_2023,0.2,0.001,521900,706177,320329,0.2094366736922782,0.2534349875428584,1.2100793193231585,0.5886554436826436,0.2099215332963716,20.99215332963716,0.9976213347971272,0.3468567547923615,2184,410411,260,109045,118,0.1864406779661017,18.64406779661017,29.66101694915254,-0.0014494560715071,-0.0045000001080334,0.4597880209675517,-0.1610066471171105,-0.1581296890610856,81.22033898305085,0.1894578199917153
baja_v1_short,2026-07-05T18:32:14.128483+00:00,corto_tp070_sl035_240m,short,control_v4_63_moderado,control,sgd,63,validacion_2023,0.21,0.001,521900,706177,320329,0.2094366736922782,0.2534349875428584,1.2100793193231585,0.5886554436826436,0.2101230836837986,21.012308368379863,0.99738346827684,0.3471174373824902,2780,409815,286,109019,147,0.2040816326530612,20.40816326530612,31.29251700680272,-0.0012040531803841,-0.0045000001080334,0.5261952865633538,-0.1680133040472824,-0.1633508438424131,87.2312925170068,0.2238654079570272
baja_v1_short,2026-07-05T18:32:14.254865+00:00,corto_tp070_sl035_240m,short,control_v4_63_moderado,control,sgd,63,validacion_2023,0.22,0.001,521900,706177,320329,0.2094366736922782,0.2534349875428584,1.2100793193231585,0.5886554436826436,0.210364800364395,21.036480036439507,0.9971547504688716,0.3474333146325292,3470,409125,311,108994,179,0.1731843575418994,17.318435754189945,27.932960893854748,-0.0015994187710646,-0.0045000001080334,0.421464510076193,-0.2525423264272847,-0.2502006852457769,85.93854748603351,0.192294525508556
baja_v1_short,2026-07-05T18:32:14.381541+00:00,corto_tp070_sl035_240m,short,control_v4_63_moderado,control,sgd,63,validacion_2023,0.23,0.001,521900,706177,320329,0.2094366736922782,0.2534349875428584,1.2100793193231585,0.5886554436826436,0.2106833532827604,21.06833532827604,0.9967796532638032,0.3478448262100803,4407,408188,352,108953,221,0.1855203619909502,18.552036199095024,26.69683257918552,-0.0015077316750121,-0.0045000001080334,0.4472876888076503,-0.2852495490560939,-0.2848450199962944,87.19909502262443,0.1753746026598583
baja_v1_short,2026-07-05T18:32:14.518516+00:00,corto_tp070_sl035_240m,short,control_v4_63_moderado,control,sgd,63,validacion_2023,0.24,0.001,521900,706177,320329,0.2094366736922782,0.2534349875428584,1.2100793193231585,0.5886554436826436,0.2110071296929716,21.100712969297167,0.9961300946891724,0.3482463266572421,5466,407129,423,108882,280,0.175,17.5,28.57142857142857,-0.0015377063419262,-0.0045000001080334,0.4318827357925481,-0.3515401632381129,-0.3514977939155546,93.77857142857142,0.1547704736975071
baja_v1_short,2026-07-05T18:32:14.649700+00:00,corto_tp070_sl035_240m,short,control_v4_63_moderado,control,sgd,63,validacion_2023,0.25,0.001,521900,706177,320329,0.2094366736922782,0.2534349875428584,1.2100793193231585,0.5886554436826436,0.2114406046382301,21.14406046382301,0.9948492749645488,0.3487578496334165,7046,405549,563,108742,358,0.1927374301675977,19.273743016759777,28.49162011173184,-0.0013722440483203,-0.0045000001080334,0.4799978643544902,-0.3917612053978844,-0.3901590165584048,99.39385474860336,0.1585053933686102
baja_v1_short,2026-07-05T18:32:14.783064+00:00,corto_tp070_sl035_240m,short,control_v4_63_moderado,control,sgd,63,validacion_2023,0.26,0.001,521900,706177,320329,0.2094366736922782,0.2534349875428584,1.2100793193231585,0.5886554436826436,0.2119588675891837,21.19588675891837,0.9928548556790632,0.3493392992226103,9114,403481,781,108524,454,0.1960352422907489,19.60352422907489,28.193832599118945,-0.0014024300778206,-0.0045000001080334,0.4755055169369671,-0.4730059959016046,-0.4731969225954798,101.33920704845816,0.1548652279981441
baja_v1_short,2026-07-05T18:32:14.919636+00:00,corto_tp070_sl035_240m,short,control_v4_63_moderado,control,sgd,63,validacion_2023,0.27,0.001,521900,706177,320329,0.2094366736922782,0.2534349875428584,1.2100793193231585,0.5886554436826436,0.2126257922801557,21.26257922801557,0.9900827958464846,0.3500717313704654,11842,400753,1084,108221,564,0.200354609929078,20.0354609929078,29.78723404255319,-0.0013199856443251,-0.0045000001080334,0.4998410789214216,-0.540498031673246,-0.5275191669396142,102.40957446808513,0.1654706035912208
baja_v1_short,2026-07-05T18:32:15.061731+00:00,corto_tp070_sl035_240m,short,control_v4_63_moderado,control,sgd,63,validacion_2023,0.28,0.001,521900,706177,320329,0.2094366736922782,0.2534349875428584,1.2100793193231585,0.5886554436826436,0.2135882879954331,21.35882879954332,0.9858377933305889,0.3511069332190749,15844,396751,1548,107757,703,0.2019914651493599,20.19914651493599,31.863442389758177,-0.0012214661403116,-0.0045000001080334,0.5266207672575811,-0.5843805386976944,-0.5790497441611594,104.1678520625889,0.1490356205055981
baja_v1_short,2026-07-05T18:32:15.242917+00:00,corto_tp070_sl035_240m,short,control_v4_63_moderado,control,sgd,63,validacion_2023,0.29,0.001,521900,706177,320329,0.2094366736922782,0.2534349875428584,1.2100793193231585,0.5886554436826436,0.2150546709993509,21.505467099935093,0.979040300077764,0.3526473098507541,21996,390599,2291,107014,919,0.2056583242655059,20.5658324265506,32.64417845484222,-0.0011523800868075,-0.0045000001080334,0.5505523493047579,-0.6560680705513161,-0.6561926749788752,106.90642002176278,0.1477146463940952
baja_v1_short,2026-07-05T18:32:15.416068+00:00,corto_tp070_sl035_240m,short,control_v4_63_moderado,control,sgd,63,validacion_2023,0.3,0.001,521900,706177,320329,0.2094366736922782,0.2534349875428584,1.2100793193231585,0.5886554436826436,0.2171096542772088,21.710965427720883,0.9701477517039476,0.3548151258676562,30211,382384,3263,106042,1155,0.2069264069264069,20.69264069264069,32.20779220779221,-0.0011689677994883,-0.0045000001080334,0.5486669028188269,-0.7439451535001951,-0.7436293679108874,104.87792207792208,0.1398807705048123
baja_v1_short,2026-07-05T18:32:15.613942+00:00,corto_tp070_sl035_240m,short,control_v4_63_moderado,control,sgd,63,validacion_2023,0.31,0.001,521900,706177,320329,0.2094366736922782,0.2534349875428584,1.2100793193231585,0.5886554436826436,0.2200138678769541,22.001386787695413,0.9579525181830656,0.357841855696527,41384,371211,4596,104709,1436,0.213091922005571,21.309192200557103,33.14763231197772,-0.0011434799302834,-0.0045000001080334,0.5609579380678272,-0.8090160980210013,-0.8090852903167478,104.14902506963789,0.1442396205128209
baja_v1_short,2026-07-05T18:32:15.811480+00:00,corto_tp070_sl035_240m,short,control_v4_63_moderado,control,sgd,63,validacion_2023,0.32,0.001,521900,706177,320329,0.2094366736922782,0.2534349875428584,1.2100793193231585,0.5886554436826436,0.2236043114210825,22.36043114210825,0.9389048991354468,0.3611897119689163,56255,356340,6678,102627,1815,0.2220385674931129,22.203856749311296,33.88429752066116,-0.0011084217633946,-0.0045000001080334,0.5769459454133451,-0.8685822063681068,-0.8686298182283166,101.05068870523417,0.136703196530891
baja_v1_short,2026-07-05T18:32:16.054235+00:00,corto_tp070_sl035_240m,short,control_v4_63_moderado,control,sgd,63,validacion_2023,0.33,0.001,521900,706177,320329,0.2094366736922782,0.2534349875428584,1.2100793193231585,0.5886554436826436,0.2279285653767858,22.79285653767858,0.9106445267828552,0.3646000454202471,75426,337169,9767,99538,2224,0.2315647482014388,23.156474820143885,34.26258992805755,-0.0010649018012336,-0.0045000001080334,0.5952335214070654,-0.908415279531268,-0.9084484601134996,98.31115107913668,0.124128865826276
baja_v1_short,2026-07-05T18:32:16.312378+00:00,corto_tp070_sl035_240m,short,control_v4_63_moderado,control,sgd,63,validacion_2023,0.34,0.001,521900,706177,320329,0.2094366736922782,0.2534349875428584,1.2100793193231585,0.5886554436826436,0.2327163753822723,23.27163753822724,0.8667490050775354,0.3669177591448655,100230,312365,14565,94740,2666,0.2408102025506376,24.08102025506377,34.433608402100525,-0.0010291653915651,-0.0045000001080334,0.6106907116768299,-0.9377666108539092,-0.9374158925612438,96.97524381095272,0.1394599982550515
baja_v1_short,2026-07-05T18:32:16.564737+00:00,corto_tp070_sl035_240m,short,control_v4_63_moderado,control,sgd,63,validacion_2023,0.35,0.001,521900,706177,320329,0.2094366736922782,0.2534349875428584,1.2100793193231585,0.5886554436826436,0.2379987446838443,23.79987446838443,0.8048213713919766,0.3673624494449119,130938,281657,21334,87971,3118,0.2530468248877485,25.30468248877485,34.86209108402822,-0.0009916492466058,-0.0045000001080334,0.6267865098445023,-0.9563036814547452,-0.9560574294275582,93.17030147530468,0.1271489191514377
baja_v1_short,2026-07-05T18:32:16.890762+00:00,corto_tp070_sl035_240m,short,control_v4_63_moderado,control,sgd,63,validacion_2023,0.36,0.001,521900,706177,320329,0.2094366736922782,0.2534349875428584,1.2100793193231585,0.5886554436826436,0.2445243391923961,24.45243391923961,0.7230318832624308,0.3654545118240587,168423,244172,30274,79031,3495,0.2589413447782546,25.894134477825464,34.0486409155937,-0.0010282559970808,-0.0045000001080334,0.6226085322967613,-0.9737701052743336,-0.9735273708182406,88.67439198855507,0.1346939551483483
baja_v1_short,2026-07-05T18:32:17.195601+00:00,corto_tp070_sl035_240m,short,control_v4_63_moderado,control,sgd,63,validacion_2023,0.37,0.001,521900,706177,320329,0.2094366736922782,0.2534349875428584,1.2100793193231585,0.5886554436826436,0.2507286038579898,25.072860385798982,0.6194227162526874,0.3569654823352015,210264,202331,41599,67706,3693,0.2607636068237206,26.07636068237206,33.98321148118061,-0.0010388739569838,-0.0045000001080334,0.6217075780501821,-0.9794069994724748,-0.9792857699024708,87.60926076360683,0.1669251290686594
baja_v1_short,2026-07-05T18:32:17.493577+00:00,corto_tp070_sl035_240m,short,control_v4_63_moderado,control,sgd,63,validacion_2023,0.38,0.001,521900,706177,320329,0.2094366736922782,0.2534349875428584,1.2100793193231585,0.5886554436826436,0.2567820480428212,25.67820480428212,0.5020904807648323,0.3397878222213967,253750,158845,54424,54881,3724,0.2725563909774436,27.25563909774436,34.02255639097744,-0.0010107214732794,-0.0045000001080334,0.6343122771143255,-0.978080954547942,-0.9777515155358314,84.1015037593985,0.1927286903024566
baja_v1_short,2026-07-05T18:32:17.851421+00:00,corto_tp070_sl035_240m,short,control_v4_63_moderado,control,sgd,63,validacion_2023,0.39,0.001,521900,706177,320329,0.2094366736922782,0.2534349875428584,1.2100793193231585,0.5886554436826436,0.264334482823838,26.4334482823838,0.3835963588124971,0.3129894075229728,295903,116692,67376,41929,3532,0.2783125707814269,27.83125707814269,34.39977349943375,-0.0009670004269082,-0.0045000001080334,0.6499806114855573,-0.9687120830004308,-0.968422956831899,80.83012457531144,0.1296351796094101
baja_v1_short,2026-07-05T18:32:18.134503+00:00,corto_tp070_sl035_240m,short,control_v4_63_moderado,control,sgd,63,validacion_2023,0.4,0.001,521900,706177,320329,0.2094366736922782,0.2534349875428584,1.2100793193231585,0.5886554436826436,0.2690207564909235,26.90207564909236,0.2722473811810987,0.2706244515075868,331737,80858,79547,29758,3166,0.2766898294377763,27.668982943777635,33.67024636765635,-0.001044004204725,-0.0045000001080334,0.6289555568433158,-0.9657458226256348,-0.964608711163636,77.4314592545799,0.1616664494222919
baja_v1_short,2026-07-05T18:32:18.413558+00:00,corto_tp070_sl035_240m,short,control_v4_63_moderado,control,sgd,63,validacion_2023,0.41,0.001,521900,706177,320329,0.2094366736922782,0.2534349875428584,1.2100793193231585,0.5886554436826436,0.2695699268167363,26.95699268167363,0.1775948035314029,0.2141234088552582,359996,52599,89893,19412,2729,0.2832539391718578,28.32539391718578,33.821912788567246,-0.0010270957433972,-0.0045000001080334,0.6359357697838625,-0.9425961918541436,-0.941240028248842,73.13851227555881,0.1385828038097554
baja_v1_short,2026-07-05T18:32:18.608198+00:00,corto_tp070_sl035_240m,short,control_v4_63_moderado,control,sgd,63,validacion_2023,0.42,0.001,521900,706177,320329,0.2094366736922782,0.2534349875428584,1.2100793193231585,0.5886554436826436,0.2706172727684434,27.061727276844344,0.1093362609212753,0.1557468380824542,380384,32211,97354,11951,2163,0.2940360610263522,29.403606102635223,33.841886269070734,-0.0009982493979174,-0.0045000001080334,0.6478598481965007,-0.887796526483885,-0.8874657315758611,68.78871937124364,0.1885167073649346
baja_v1_short,2026-07-05T18:32:18.781750+00:00,corto_tp070_sl035_240m,short,control_v4_63_moderado,control,sgd,63,validacion_2023,0.43,0.001,521900,706177,320329,0.2094366736922782,0.2534349875428584,1.2100793193231585,0.5886554436826436,0.2773561527143189,27.73561527143189,0.0655322263391427,0.1060156440787088,393932,18663,102142,7163,1656,0.3055555555555556,30.55555555555556,34.54106280193236,-0.0009223249892719,-0.0045000001080334,0.6736681956832061,-0.7861642385202748,-0.787126499470035,63.503019323671495,0.1775111197743638
baja_v1_short,2026-07-05T18:32:18.935563+00:00,corto_tp070_sl035_240m,short,control_v4_63_moderado,control,sgd,63,validacion_2023,0.44,0.001,521900,706177,320329,0.2094366736922782,0.2534349875428584,1.2100793193231585,0.5886554436826436,0.2850464123585609,28.504641235856088,0.0384886327249439,0.0678198349239102,402043,10552,105098,4207,1184,0.2989864864864865,29.898648648648653,33.78378378378378,-0.0010141362550307,-0.0045000001080334,0.6460618563380227,-0.7088642928968419,-0.7032117787933061,60.5616554054054,0.2479056430257189
baja_v1_short,2026-07-05T18:32:19.085583+00:00,corto_tp070_sl035_240m,short,control_v4_63_moderado,control,sgd,63,validacion_2023,0.45,0.001,521900,706177,320329,0.2094366736922782,0.2534349875428584,1.2100793193231585,0.5886554436826436,0.2767963714490332,27.67963714490332,0.0212158638671606,0.0394109599517347,406536,6059,106986,2319,803,0.3051058530510585,30.51058530510585,34.49564134495641,-0.0009565540879852,-0.0045000001080334,0.6639625700821457,-0.5446088110970926,-0.5405258378262612,55.82067247820672,0.209715754298529
baja_v1_short,2026-07-05T18:32:19.218419+00:00,corto_tp070_sl035_240m,short,control_v4_63_moderado,control,sgd,63,validacion_2023,0.46,0.001,521900,706177,320329,0.2094366736922782,0.2534349875428584,1.2100793193231585,0.5886554436826436,0.2515930113052415,25.159301130524156,0.0111980238781391,0.0214417097311027,408954,3641,108081,1224,540,0.3111111111111111,31.11111111111111,34.25925925925926,-0.0009323616365506,-0.0045000001080334,0.6723777157909917,-0.4003057090598042,-0.3994790551634845,51.16111111111111,0.2583475871577413
baja_v1_short,2026-07-05T18:32:19.352493+00:00,corto_tp070_sl035_240m,short,control_v4_63_moderado,control,sgd,63,validacion_2023,0.47,0.001,521900,706177,320329,0.2094366736922782,0.2534349875428584,1.2100793193231585,0.5886554436826436,0.2298624754420432,22.98624754420432,0.0064223960477562,0.01249566122874,410243,2352,108603,702,366,0.3005464480874317,30.05464480874317,32.240437158469945,-0.0011058968361471,-0.0045000001080334,0.6237951753350918,-0.3357210663993923,-0.3357837758004313,45.80327868852459,0.2826175625083801
baja_v1_short,2026-07-05T18:32:19.502724+00:00,corto_tp070_sl035_240m,short,control_v4_63_moderado,control,sgd,63,validacion_2023,0.48,0.001,521900,706177,320329,0.2094366736922782,0.2534349875428584,1.2100793193231585,0.5886554436826436,0.1989478718316595,19.89478718316595,0.0038058643245963,0.007468849868936,410920,1675,108889,416,257,0.2879377431906614,28.793774319066145,31.90661478599221,-0.0011749570750944,-0.0045000001080334,0.6031595124670035,-0.2617324365280755,-0.2628878968258868,42.08560311284047,0.2600296917762693
baja_v1_short,2026-07-05T18:32:19.626415+00:00,corto_tp070_sl035_240m,short,control_v4_63_moderado,control,sgd,63,validacion_2023,0.49,0.001,521900,706177,320329,0.2094366736922782,0.2534349875428584,1.2100793193231585,0.5886554436826436,0.1766323024054983,17.66323024054983,0.0023512190659164,0.0046406644998194,411397,1198,109048,257,174,0.2873563218390804,28.735632183908045,30.45977011494253,-0.0012529430801942,-0.0045000001080334,0.5819204679440794,-0.1973916933555296,-0.1975432222026747,40.41379310344828,0.2246576313170249
baja_v1_short,2026-07-05T18:32:19.746835+00:00,corto_tp070_sl035_240m,short,control_v4_63_moderado,control,sgd,63,validacion_2023,0.5,0.001,521900,706177,320329,0.2094366736922782,0.2534349875428584,1.2100793193231585,0.5886554436826436,0.161127895266868,16.112789526686807,0.0014637939709985,0.0029012312099947,411762,833,109145,160,112,0.25,25.0,27.67857142857143,-0.0015290021150098,-0.0045000001080334,0.4982213479953289,-0.1583716323050215,-0.1584510838850219,43.08928571428572,0.2836608441935169
baja_v1_short,2026-07-05T18:32:19.876607+00:00,corto_tp070_sl035_240m,short,control_v4_63_moderado,control,sgd,63,validacion_2023,0.51,0.001,521900,706177,320329,0.2094366736922782,0.2534349875428584,1.2100793193231585,0.5886554436826436,0.1297602256699576,12.976022566995768,0.0008416815333241,0.0016725144072572,411978,617,109213,92,81,0.2469135802469135,24.69135802469136,27.160493827160494,-0.0015012204767101,-0.0045000001080334,0.5005367087223042,-0.1244422594775869,-0.1152908721899586,44.06172839506173,0.3409111021512884
baja_v1_short,2026-07-05T18:32:19.990575+00:00,corto_tp070_sl035_240m,short,control_v4_63_moderado,control,sgd,63,validacion_2023,0.52,0.001,521900,706177,320329,0.2094366736922782,0.2534349875428584,1.2100793193231585,0.5886554436826436,0.0990654205607476,9.906542056074766,0.0004848817528932,0.0009650400582665,412113,482,109252,53,58,0.2241379310344827,22.41379310344828,25.86206896551724,-0.0015829703676963,-0.0045000001080334,0.4651892615023288,-0.0896209496411286,-0.0882799612030738,52.60344827586207,0.3638148072946532
baja_v1_short,2026-07-05T18:32:20.113993+00:00,corto_tp070_sl035_240m,short,control_v4_63_moderado,control,sgd,63,validacion_2023,0.53,0.001,521900,706177,320329,0.2094366736922782,0.2534349875428584,1.2100793193231585,0.5886554436826436,0.0946882217090069,9.468822170900692,0.0003750972050683,0.0007472343217481,412203,392,109264,41,44,0.2954545454545454,29.545454545454547,31.818181818181817,-0.0008369457488562,-0.0045000001080334,0.6841378896725838,-0.0437808197175805,-0.0366265424089383,52.52272727272727,0.3995261295594963
baja_v1_short,2026-07-05T18:32:20.270622+00:00,corto_tp070_sl035_240m,short,control_v4_63_moderado,control,sgd,63,validacion_2023,0.54,0.001,521900,706177,320329,0.2094366736922782,0.2534349875428584,1.2100793193231585,0.5886554436826436,0.0898203592814371,8.982035928143713,0.0002744613695622,0.0005472505221682,412291,304,109275,30,30,0.3666666666666666,36.66666666666666,40.0,1.3749529374763407e-05,-0.0012258023887407,1.0062812448026737,-0.0222984097320424,7.124192018292952e-05,47.46666666666667,0.3700587433652728
baja_v1_short,2026-07-05T18:32:20.409619+00:00,corto_tp070_sl035_240m,short,control_v4_63_moderado,control,sgd,63,validacion_2023,0.55,0.001,521900,706177,320329,0.2094366736922782,0.2534349875428584,1.2100793193231585,0.5886554436826436,0.081180811808118,8.118081180811808,0.0002012716710123,0.0004015477841863,412346,249,109283,22,25,0.32,32.0,36.0,-0.0004038080680184,-0.0026153543256223,0.829669303656601,-0.0266980669938726,-0.0103129156885185,53.44,0.5661109419348046
baja_v1_short,2026-07-05T18:32:20.534126+00:00,corto_tp070_sl035_240m,short,control_v4_63_moderado,control,sgd,63,validacion_2023,0.56,0.001,521900,706177,320329,0.2094366736922782,0.2534349875428584,1.2100793193231585,0.5886554436826436,0.0783410138248847,7.834101382488479,0.0001555281094185,0.0003104399116159,412395,200,109288,17,20,0.3,30.0,35.0,-0.0003898198095848,-0.0018083407592494,0.826629015356927,-0.0197657481429531,-0.0079676482614677,66.55,0.3774012569708954
baja_v1_short,2026-07-05T18:32:20.654879+00:00,corto_tp070_sl035_240m,short,control_v4_63_moderado,control,sgd,63,validacion_2023,0.57,0.001,521900,706177,320329,0.2094366736922782,0.2534349875428584,1.2100793193231585,0.5886554436826436,0.0751445086705202,7.514450867052023,0.0001189332601436,0.0002374906373883,412435,160,109292,13,14,0.2857142857142857,28.57142857142857,35.714285714285715,-0.0003101733686801,-0.0011570921740494,0.8528762375285902,-0.0089797502150945,-0.0044673686949837,73.28571428571429,0.7037249540443217
baja_v1_short,2026-07-05T18:32:20.786663+00:00,corto_tp070_sl035_240m,short,control_v4_63_moderado,control,sgd,63,validacion_2023,0.58,0.001,521900,706177,320329,0.2094366736922782,0.2534349875428584,1.2100793193231585,0.5886554436826436,0.0689655172413793,6.896551724137931,9.148712318741138e-05,0.0001827318410232,412460,135,109295,10,13,0.3076923076923077,30.76923076923077,38.46153846153847,1.2120995885477595e-05,-0.0006514719678089,1.0062990197733526,-0.0089797502150944,3.27789181850946e-05,78.3076923076923,0.4872049819184998
baja_v1_short,2026-07-05T18:32:20.925992+00:00,corto_tp070_sl035_240m,short,control_v4_63_moderado,control,sgd,63,validacion_2023,0.59,0.001,521900,706177,320329,0.2094366736922782,0.2534349875428584,1.2100793193231585,0.5886554436826436,0.064516129032258,6.451612903225806,7.31896985499291e-05,0.0001462135265788,412479,116,109297,8,12,0.3333333333333333,33.33333333333333,41.66666666666667,0.0001516904439001,-0.0004263790431432,1.077947336154935,-0.0089797502150946,0.0016983151080309,63.91666666666666,0.5658555624488888
baja_v1_short,2026-07-05T18:32:21.051991+00:00,corto_tp070_sl035_240m,short,control_v4_63_moderado,control,sgd,63,validacion_2023,0.6,0.001,521900,706177,320329,0.2094366736922782,0.2534349875428584,1.2100793193231585,0.5886554436826436,0.06,6.0,5.489227391244682e-05,0.0001096842009048,412501,94,109299,6,9,0.2222222222222222,22.22222222222222,33.33333333333333,-0.0006407865902357,-0.0007388362826313,0.6955099308015341,-0.0089797502150945,-0.0058274925941717,84.66666666666667,0.4873864029432455
baja_v1_short,2026-07-05T18:32:21.179718+00:00,corto_tp070_sl035_240m,short,control_v4_63_moderado,control,sgd,63,validacion_2023,0.61,0.001,521900,706177,320329,0.2094366736922782,0.2534349875428584,1.2100793193231585,0.5886554436826436,0.075,7.5,5.489227391244682e-05,0.0001097042556109,412521,74,109299,6,9,0.2222222222222222,22.22222222222222,33.33333333333333,-0.0006393705660011,-0.0007388362826313,0.6959782328541724,-0.0089797502150945,-0.0058148200920986,84.44444444444444,0.4867145898782616
baja_v1_short,2026-07-05T18:32:21.310206+00:00,corto_tp070_sl035_240m,short,control_v4_63_moderado,control,sgd,63,validacion_2023,0.62,0.001,521900,706177,320329,0.2094366736922782,0.2534349875428584,1.2100793193231585,0.5886554436826436,0.0909090909090909,9.090909090909092,4.574356159370569e-05,9.1441111923921e-05,412545,50,109300,5,9,0.2222222222222222,22.22222222222222,33.33333333333333,-0.0006178558245042,-0.0007388362826313,0.7062085282061851,-0.0089797502150945,-0.0056225389118962,84.0,0.4767303887970456
baja_v1_short,2026-07-05T18:32:21.452846+00:00,corto_tp070_sl035_240m,short,control_v4_63_moderado,control,sgd,63,validacion_2023,0.63,0.001,521900,706177,320329,0.2094366736922782,0.2534349875428584,1.2100793193231585,0.5886554436826436,0.108695652173913,10.869565217391305,4.574356159370569e-05,9.144863787253888e-05,412554,41,109300,5,7,0.2857142857142857,28.57142857142857,28.57142857142857,-0.0008588623878146,-0.0045000001080334,0.6662211683391543,-0.0089797502150945,-0.0060700178982608,39.42857142857143,0.500669601890407
baja_v1_short,2026-07-05T18:32:21.568050+00:00,corto_tp070_sl035_240m,short,control_v4_63_moderado,control,sgd,63,validacion_2023,0.64,0.001,521900,706177,320329,0.2094366736922782,0.2534349875428584,1.2100793193231585,0.5886554436826436,0.1142857142857142,11.428571428571429,3.659484927496455e-05,7.316627034936895e-05,412564,31,109301,4,5,0.4,40.0,60.0,0.0007796305939555,0.0008981527537107,1.433128097354774,-0.0089797502150945,0.0038489706028024,49.4,0.6969131504473595
baja_v1_short,2026-07-05T18:32:21.695035+00:00,corto_tp070_sl035_240m,short,control_v4_63_moderado,control,sgd,63,validacion_2023,0.65,0.001,521900,706177,320329,0.2094366736922782,0.2534349875428584,1.2100793193231585,0.5886554436826436,0.1176470588235294,11.76470588235294,3.659484927496455e-05,7.316693951837862e-05,412565,30,109301,4,5,0.4,40.0,60.0,0.0007796305939555,0.0008981527537107,1.433128097354774,-0.0089797502150945,0.0038489706028024,49.4,0.6969131504473595
baja_v1_short,2026-07-05T18:32:21.820360+00:00,corto_tp070_sl035_240m,short,control_v4_63_moderado,control,sgd,63,validacion_2023,0.66,0.001,521900,706177,320329,0.2094366736922782,0.2534349875428584,1.2100793193231585,0.5886554436826436,0.1333333333333333,13.333333333333334,3.659484927496455e-05,7.316961631682444e-05,412569,26,109301,4,5,0.4,40.0,60.0,0.0007796305939555,0.0008981527537107,1.433128097354774,-0.0089797502150945,0.0038489706028024,49.4,0.6969131504473595
baja_v1_short,2026-07-05T18:32:21.950359+00:00,corto_tp070_sl035_240m,short,control_v4_63_moderado,control,sgd,63,validacion_2023,0.67,0.001,521900,706177,320329,0.2094366736922782,0.2534349875428584,1.2100793193231585,0.5886554436826436,0.1111111111111111,11.11111111111111,2.744613695622341e-05,5.487871803314675e-05,412571,24,109302,3,4,0.25,25.0,50.0,-0.0005254618115723,-0.0018009236771613,0.766461422685632,-0.0089797502150944,-0.0021382004103404,61.25,0.7695952902677369
baja_v1_short,2026-07-05T18:32:22.073922+00:00,corto_tp070_sl035_240m,short,control_v4_63_moderado,control,sgd,63,validacion_2023,0.68,0.001,521900,706177,320329,0.2094366736922782,0.2534349875428584,1.2100793193231585,0.5886554436826436,0.12,12.0,2.744613695622341e-05,5.487972194274216e-05,412573,22,109302,3,4,0.25,25.0,50.0,-0.0005254618115723,-0.0018009236771613,0.766461422685632,-0.0089797502150944,-0.0021382004103404,61.25,0.7695952902677369
baja_v1_short,2026-07-05T18:32:22.236440+00:00,corto_tp070_sl035_240m,short,control_v4_63_moderado,control,sgd,63,validacion_2023,0.69,0.001,521900,706177,320329,0.2094366736922782,0.2534349875428584,1.2100793193231585,0.5886554436826436,0.12,12.0,2.744613695622341e-05,5.487972194274216e-05,412573,22,109302,3,4,0.25,25.0,50.0,-0.0005254618115723,-0.0018009236771613,0.766461422685632,-0.0089797502150944,-0.0021382004103404,61.25,0.7695952902677369
baja_v1_short,2026-07-05T18:32:22.360744+00:00,corto_tp070_sl035_240m,short,control_v4_63_moderado,control,sgd,63,validacion_2023,0.7,0.001,521900,706177,320329,0.2094366736922782,0.2534349875428584,1.2100793193231585,0.5886554436826436,0.125,12.5,2.744613695622341e-05,5.488022391131356e-05,412574,21,109302,3,4,0.25,25.0,50.0,-0.0005254618115723,-0.0018009236771613,0.766461422685632,-0.0089797502150944,-0.0021382004103404,61.25,0.7695952902677369
baja_v1_short,2026-07-05T18:32:22.491475+00:00,corto_tp070_sl035_240m,short,control_v4_63_moderado,control,sgd,63,validacion_2023,0.71,0.001,521900,706177,320329,0.2094366736922782,0.2534349875428584,1.2100793193231585,0.5886554436826436,0.1,10.0,1.829742463748228e-05,3.658815458495312e-05,412577,18,109303,2,3,0.3333333333333333,33.33333333333333,66.66666666666666,0.0007912458861246,0.0008737375503405,1.5274972447525956,-0.0045000001080335,0.0023480246722582,80.66666666666667,0.6319148633555846
baja_v1_short,2026-07-05T18:32:22.610376+00:00,corto_tp070_sl035_240m,short,control_v4_63_moderado,control,sgd,63,validacion_2023,0.72,0.001,521900,706177,320329,0.2094366736922782,0.2534349875428584,1.2100793193231585,0.5886554436826436,0.1052631578947368,10.526315789473683,1.829742463748228e-05,3.65884892612784e-05,412578,17,109303,2,3,0.3333333333333333,33.33333333333333,66.66666666666666,0.0007801468881467,0.0008404405564069,1.520097912944986,-0.0045000001080335,0.002314678631849,80.66666666666667,0.640904993159514
baja_v1_short,2026-07-05T18:32:22.733577+00:00,corto_tp070_sl035_240m,short,control_v4_63_moderado,control,sgd,63,validacion_2023,0.73,0.001,521900,706177,320329,0.2094366736922782,0.2534349875428584,1.2100793193231585,0.5886554436826436,0.125,12.5,1.829742463748228e-05,3.6589493326991154e-05,412581,14,109303,2,3,0.3333333333333333,33.33333333333333,66.66666666666666,0.0009296486085901,0.001288945717737,1.6197657241811303,-0.0045000001080334,0.0027638444413295,80.66666666666667,0.5378376640281337
baja_v1_short,2026-07-05T18:32:22.859575+00:00,corto_tp070_sl035_240m,short,control_v4_63_moderado,control,sgd,63,validacion_2023,0.74,0.001,521900,706177,320329,0.2094366736922782,0.2534349875428584,1.2100793193231585,0.5886554436826436,0.1538461538461538,15.384615384615383,1.829742463748228e-05,3.65904974478128e-05,412584,11,109303,2,3,0.3333333333333333,33.33333333333333,66.66666666666666,0.0009296486085901,0.001288945717737,1.6197657241811303,-0.0045000001080334,0.0027638444413295,80.66666666666667,0.5378376640281337
baja_v1_short,2026-07-05T18:32:22.997164+00:00,corto_tp070_sl035_240m,short,control_v4_63_moderado,control,sgd,63,validacion_2023,0.75,0.001,521900,706177,320329,0.2094366736922782,0.2534349875428584,1.2100793193231585,0.5886554436826436,0.125,12.5,9.148712318741138e-06,1.829608555249604e-05,412588,7,109304,1,2,0.0,0.0,50.0,-0.0016055271951481,-0.0016055271951481,0.2864323748428466,-0.0045000001080334,-0.0032168546461652,120.5,0.7773436206642126
baja_v1_short,2026-07-05T18:32:23.116680+00:00,corto_tp070_sl035_240m,short,control_v4_63_moderado,control,sgd,63,validacion_2023,0.76,0.001,521900,706177,320329,0.2094366736922782,0.2534349875428584,1.2100793193231585,0.5886554436826436,0.1666666666666666,16.666666666666664,9.148712318741138e-06,1.829642030536725e-05,412590,5,109304,1,2,0.0,0.0,50.0,-0.0016055271951481,-0.0016055271951481,0.2864323748428466,-0.0045000001080334,-0.0032168546461652,120.5,0.7773436206642126
baja_v1_short,2026-07-05T18:32:23.242520+00:00,corto_tp070_sl035_240m,short,control_v4_63_moderado,control,sgd,63,validacion_2023,0.77,0.001,521900,706177,320329,0.2094366736922782,0.2534349875428584,1.2100793193231585,0.5886554436826436,0.0,0.0,0.0,0.0,412593,2,109305,0,1,0.0,0.0,0.0,-0.0045000001080334,-0.0045000001080334,0.0,0.0,-0.0045000001080334,1.0,1.0
baja_v1_short,2026-07-05T18:32:23.382827+00:00,corto_tp070_sl035_240m,short,control_v4_63_moderado,control,sgd,63,validacion_2023,0.78,0.001,521900,706177,320329,0.2094366736922782,0.2534349875428584,1.2100793193231585,0.5886554436826436,0.0,0.0,0.0,0.0,412593,2,109305,0,1,0.0,0.0,0.0,-0.0045000001080334,-0.0045000001080334,0.0,0.0,-0.0045000001080334,1.0,1.0
baja_v1_short,2026-07-05T18:32:23.504940+00:00,corto_tp070_sl035_240m,short,control_v4_63_moderado,control,sgd,63,validacion_2023,0.79,0.001,521900,706177,320329,0.2094366736922782,0.2534349875428584,1.2100793193231585,0.5886554436826436,0.0,0.0,0.0,0.0,412593,2,109305,0,1,0.0,0.0,0.0,-0.0045000001080334,-0.0045000001080334,0.0,0.0,-0.0045000001080334,1.0,1.0
baja_v1_short,2026-07-05T18:32:23.632277+00:00,corto_tp070_sl035_240m,short,control_v4_63_moderado,control,sgd,63,validacion_2023,0.8,0.001,521900,706177,320329,0.2094366736922782,0.2534349875428584,1.2100793193231585,0.5886554436826436,0.0,0.0,0.0,0.0,412593,2,109305,0,1,0.0,0.0,0.0,-0.0045000001080334,-0.0045000001080334,0.0,0.0,-0.0045000001080334,1.0,1.0
baja_v1_short,2026-07-05T18:32:23.809786+00:00,corto_tp070_sl035_240m,short,control_v4_63_moderado,control,sgd,63,validacion_2023,0.81,0.001,521900,706177,320329,0.2094366736922782,0.2534349875428584,1.2100793193231585,0.5886554436826436,0.0,0.0,0.0,0.0,412593,2,109305,0,1,0.0,0.0,0.0,-0.0045000001080334,-0.0045000001080334,0.0,0.0,-0.0045000001080334,1.0,1.0
baja_v1_short,2026-07-05T18:32:23.958707+00:00,corto_tp070_sl035_240m,short,control_v4_63_moderado,control,sgd,63,validacion_2023,0.82,0.001,521900,706177,320329,0.2094366736922782,0.2534349875428584,1.2100793193231585,0.5886554436826436,0.0,0.0,0.0,0.0,412593,2,109305,0,1,0.0,0.0,0.0,-0.0045000001080334,-0.0045000001080334,0.0,0.0,-0.0045000001080334,1.0,1.0
baja_v1_short,2026-07-05T18:32:24.123558+00:00,corto_tp070_sl035_240m,short,control_v4_63_moderado,control,sgd,63,validacion_2023,0.83,0.001,521900,706177,320329,0.2094366736922782,0.2534349875428584,1.2100793193231585,0.5886554436826436,0.0,0.0,0.0,0.0,412593,2,109305,0,1,0.0,0.0,0.0,-0.0045000001080334,-0.0045000001080334,0.0,0.0,-0.0045000001080334,1.0,1.0
baja_v1_short,2026-07-05T18:32:24.262741+00:00,corto_tp070_sl035_240m,short,control_v4_63_moderado,control,sgd,63,validacion_2023,0.84,0.001,521900,706177,320329,0.2094366736922782,0.2534349875428584,1.2100793193231585,0.5886554436826436,0.0,0.0,0.0,0.0,412593,2,109305,0,1,0.0,0.0,0.0,-0.0045000001080334,-0.0045000001080334,0.0,0.0,-0.0045000001080334,1.0,1.0
baja_v1_short,2026-07-05T18:32:24.413023+00:00,corto_tp070_sl035_240m,short,control_v4_63_moderado,control,sgd,63,validacion_2023,0.85,0.001,521900,706177,320329,0.2094366736922782,0.2534349875428584,1.2100793193231585,0.5886554436826436,0.0,0.0,0.0,0.0,412593,2,109305,0,1,0.0,0.0,0.0,-0.0045000001080334,-0.0045000001080334,0.0,0.0,-0.0045000001080334,1.0,1.0
baja_v1_short,2026-07-05T18:32:24.575595+00:00,corto_tp070_sl035_240m,short,control_v4_63_moderado,control,sgd,63,validacion_2023,0.86,0.001,521900,706177,320329,0.2094366736922782,0.2534349875428584,1.2100793193231585,0.5886554436826436,0.0,0.0,0.0,0.0,412593,2,109305,0,1,0.0,0.0,0.0,-0.0045000001080334,-0.0045000001080334,0.0,0.0,-0.0045000001080334,1.0,1.0
baja_v1_short,2026-07-05T18:32:24.707943+00:00,corto_tp070_sl035_240m,short,control_v4_63_moderado,control,sgd,63,validacion_2023,0.87,0.001,521900,706177,320329,0.2094366736922782,0.2534349875428584,1.2100793193231585,0.5886554436826436,0.0,0.0,0.0,0.0,412594,1,109305,0,1,0.0,0.0,0.0,-0.0045000001080334,-0.0045000001080334,0.0,0.0,-0.0045000001080334,1.0,1.0
baja_v1_short,2026-07-05T18:32:24.856160+00:00,corto_tp070_sl035_240m,short,control_v4_63_moderado,control,sgd,63,validacion_2023,0.88,0.001,521900,706177,320329,0.2094366736922782,0.2534349875428584,1.2100793193231585,0.5886554436826436,0.0,0.0,0.0,0.0,412594,1,109305,0,1,0.0,0.0,0.0,-0.0045000001080334,-0.0045000001080334,0.0,0.0,-0.0045000001080334,1.0,1.0
baja_v1_short,2026-07-05T18:32:24.980121+00:00,corto_tp070_sl035_240m,short,control_v4_63_moderado,control,sgd,63,validacion_2023,0.89,0.001,521900,706177,320329,0.2094366736922782,0.2534349875428584,1.2100793193231585,0.5886554436826436,0.0,0.0,0.0,0.0,412594,1,109305,0,1,0.0,0.0,0.0,-0.0045000001080334,-0.0045000001080334,0.0,0.0,-0.0045000001080334,1.0,1.0
baja_v1_short,2026-07-05T18:32:25.123236+00:00,corto_tp070_sl035_240m,short,control_v4_63_moderado,control,sgd,63,validacion_2023,0.9,0.001,521900,706177,320329,0.2094366736922782,0.2534349875428584,1.2100793193231585,0.5886554436826436,0.0,0.0,0.0,0.0,412595,0,109305,0,0,0.0,0.0,0.0,0.0,0.0,0.0,0.0,0.0,0.0,0.0
baja_v1_short,2026-07-05T18:32:25.244850+00:00,corto_tp070_sl035_240m,short,control_v4_63_moderado,control,sgd,63,validacion_2023,0.91,0.001,521900,706177,320329,0.2094366736922782,0.2534349875428584,1.2100793193231585,0.5886554436826436,0.0,0.0,0.0,0.0,412595,0,109305,0,0,0.0,0.0,0.0,0.0,0.0,0.0,0.0,0.0,0.0,0.0
baja_v1_short,2026-07-05T18:32:25.370533+00:00,corto_tp070_sl035_240m,short,control_v4_63_moderado,control,sgd,63,validacion_2023,0.92,0.001,521900,706177,320329,0.2094366736922782,0.2534349875428584,1.2100793193231585,0.5886554436826436,0.0,0.0,0.0,0.0,412595,0,109305,0,0,0.0,0.0,0.0,0.0,0.0,0.0,0.0,0.0,0.0,0.0
baja_v1_short,2026-07-05T18:32:25.485720+00:00,corto_tp070_sl035_240m,short,control_v4_63_moderado,control,sgd,63,validacion_2023,0.93,0.001,521900,706177,320329,0.2094366736922782,0.2534349875428584,1.2100793193231585,0.5886554436826436,0.0,0.0,0.0,0.0,412595,0,109305,0,0,0.0,0.0,0.0,0.0,0.0,0.0,0.0,0.0,0.0,0.0
baja_v1_short,2026-07-05T18:32:25.603926+00:00,corto_tp070_sl035_240m,short,control_v4_63_moderado,control,sgd,63,validacion_2023,0.94,0.001,521900,706177,320329,0.2094366736922782,0.2534349875428584,1.2100793193231585,0.5886554436826436,0.0,0.0,0.0,0.0,412595,0,109305,0,0,0.0,0.0,0.0,0.0,0.0,0.0,0.0,0.0,0.0,0.0
baja_v1_short,2026-07-05T18:32:25.722403+00:00,corto_tp070_sl035_240m,short,control_v4_63_moderado,control,sgd,63,validacion_2023,0.95,0.001,521900,706177,320329,0.2094366736922782,0.2534349875428584,1.2100793193231585,0.5886554436826436,0.0,0.0,0.0,0.0,412595,0,109305,0,0,0.0,0.0,0.0,0.0,0.0,0.0,0.0,0.0,0.0,0.0
baja_v1_short,2026-07-05T18:32:47.554490+00:00,corto_tp070_sl035_240m,short,control_v4_63_moderado,control,sgd,63,validacion_2024,0.05,0.001,526800,1119012,429634,0.2620273348519362,0.3125560297124847,1.1928374949472378,0.5829060074231818,0.2620273348519362,26.202733485193622,1.0,0.4152482717542371,0,388764,0,138036,1,0.0,0.0,0.0,-0.0045000001080334,-0.0045000001080334,0.0,0.0,-0.0045000001080334,11.0,1.0
baja_v1_short,2026-07-05T18:32:47.681111+00:00,corto_tp070_sl035_240m,short,control_v4_63_moderado,control,sgd,63,validacion_2024,0.06,0.001,526800,1119012,429634,0.2620273348519362,0.3125560297124847,1.1928374949472378,0.5829060074231818,0.2620218226548619,26.20218226548619,0.9999637775652728,0.4152382270301492,3,388761,5,138031,3,0.3333333333333333,33.33333333333333,33.33333333333333,-0.001,-0.0045000001080334,0.666666674669142,-0.0045000001080334,-0.0030336285022585,28.0,0.7499999909972155
baja_v1_short,2026-07-05T18:32:47.839974+00:00,corto_tp070_sl035_240m,short,control_v4_63_moderado,control,sgd,63,validacion_2024,0.07,0.001,526800,1119012,429634,0.2620273348519362,0.3125560297124847,1.1928374949472378,0.5829060074231818,0.2619903712534835,26.19903712534836,0.9997754209046916,0.4151824931707962,13,388751,31,138005,3,0.3333333333333333,33.33333333333333,66.66666666666666,0.0011407750900834,0.001922325162217,1.760516708464271,0.0,0.0033981568537986,90.0,0.6377489775976327
baja_v1_short,2026-07-05T18:32:48.003189+00:00,corto_tp070_sl035_240m,short,control_v4_63_moderado,control,sgd,63,validacion_2024,0.08,0.001,526800,1119012,429634,0.2620273348519362,0.3125560297124847,1.1928374949472378,0.5829060074231818,0.2619876245754136,26.19876245754136,0.9996377756527284,0.4151671743954266,61,388703,50,137986,6,0.3333333333333333,33.33333333333333,50.0,-8.562784486760717e-06,-0.0015256884614937,0.9958650553368782,-0.0045000001080334,-0.0001134864073916,138.33333333333334,0.4983740141141539
baja_v1_short,2026-07-05T18:32:48.122735+00:00,corto_tp070_sl035_240m,short,control_v4_63_moderado,control,sgd,63,validacion_2024,0.09,0.001,526800,1119012,429634,0.2620273348519362,0.3125560297124847,1.1928374949472378,0.5829060074231818,0.2619576611065536,26.195766110655367,0.9993697296357472,0.4151064329174716,105,388659,87,137949,8,0.375,37.5,37.5,0.0005361814512289,-0.0005401066553313,1.3128577563033543,-0.004927113722304,0.0042173137973902,151.875,0.5981457338063704
baja_v1_short,2026-07-05T18:32:48.270502+00:00,corto_tp070_sl035_240m,short,control_v4_63_moderado,control,sgd,63,validacion_2024,0.1,0.001,526800,1119012,429634,0.2620273348519362,0.3125560297124847,1.1928374949472378,0.5829060074231818,0.2619179674589818,26.191796745898184,0.9989640383668028,0.41502159485937,183,388581,143,137893,13,0.2307692307692307,23.07692307692308,23.07692307692308,-0.0012133132647941,-0.0045000001080334,0.5329689898207949,-0.018666323960802,-0.0157731855138939,132.15384615384616,0.6893240920132017
baja_v1_short,2026-07-05T18:32:48.435350+00:00,corto_tp070_sl035_240m,short,control_v4_63_moderado,control,sgd,63,validacion_2024,0.11,0.001,526800,1119012,429634,0.2620273348519362,0.3125560297124847,1.1928374949472378,0.5829060074231818,0.2618891097085054,26.188910970850543,0.998565591584804,0.4149509752272118,280,388484,198,137838,15,0.1333333333333333,13.333333333333334,33.33333333333333,-0.0010586422645331,-0.0007515682771336,0.4645303544183651,-0.0148976036283067,-0.0158513204851351,161.2,0.4509252176508315
baja_v1_short,2026-07-05T18:32:48.554903+00:00,corto_tp070_sl035_240m,short,control_v4_63_moderado,control,sgd,63,validacion_2024,0.12,0.001,526800,1119012,429634,0.2620273348519362,0.3125560297124847,1.1928374949472378,0.5829060074231818,0.2618921795992852,26.189217959928524,0.99808021095946,0.4149129041584349,475,388289,265,137771,23,0.1304347826086956,13.043478260869565,39.130434782608695,-0.0007652968981445,-0.0003793071480467,0.6213627809430949,-0.0141754111295461,-0.0176122080647019,155.43478260869566,0.4212980047329877
baja_v1_short,2026-07-05T18:32:48.681174+00:00,corto_tp070_sl035_240m,short,control_v4_63_moderado,control,sgd,63,validacion_2024,0.13,0.001,526800,1119012,429634,0.2620273348519362,0.3125560297124847,1.1928374949472378,0.5829060074231818,0.2619932657370594,26.19932657370594,0.9977252310991336,0.4150090552142063,816,387948,314,137722,27,0.1111111111111111,11.11111111111111,33.33333333333333,-0.0011300818855977,-0.0012719853073358,0.4681179147626862,-0.0262214825732498,-0.030226893484676,169.66666666666666,0.5995380742417011
baja_v1_short,2026-07-05T18:32:48.799668+00:00,corto_tp070_sl035_240m,short,control_v4_63_moderado,control,sgd,63,validacion_2024,0.14,0.001,526800,1119012,429634,0.2620273348519362,0.3125560297124847,1.1928374949472378,0.5829060074231818,0.2621880968839681,26.218809688396817,0.9974282071343707,0.4152277206522116,1322,387442,355,137681,44,0.1136363636363636,11.363636363636363,31.818181818181817,-0.0012728327465526,-0.0021312320420984,0.4477230191099021,-0.0592369962433922,-0.0547706192879001,148.97727272727272,0.4716391075513419
baja_v1_short,2026-07-05T18:32:49.005170+00:00,corto_tp070_sl035_240m,short,control_v4_63_moderado,control,sgd,63,validacion_2024,0.15,0.001,526800,1119012,429634,0.2620273348519362,0.3125560297124847,1.1928374949472378,0.5829060074231818,0.2624304283080279,26.243042830802786,0.9970877162479354,0.4155020037887078,1939,386825,402,137634,55,0.1272727272727272,12.727272727272728,27.27272727272727,-0.0013993756535981,-0.0026730949282646,0.4131391219466585,-0.0758155897202411,-0.0744542659855538,149.72727272727272,0.398950495332703
baja_v1_short,2026-07-05T18:32:49.134474+00:00,corto_tp070_sl035_240m,short,control_v4_63_moderado,control,sgd,63,validacion_2024,0.16,0.001,526800,1119012,429634,0.2620273348519362,0.3125560297124847,1.1928374949472378,0.5829060074231818,0.2627338624187033,26.273386241870327,0.9965009128053552,0.4158311680655883,2772,385992,483,137553,68,0.1764705882352941,17.647058823529413,36.76470588235294,-0.0007657063716306,-0.0012411151799606,0.633981948607295,-0.056601799692551,-0.051231830678347,151.0,0.3861345182871817
baja_v1_short,2026-07-05T18:32:49.262945+00:00,corto_tp070_sl035_240m,short,control_v4_63_moderado,control,sgd,63,validacion_2024,0.17,0.001,526800,1119012,429634,0.2620273348519362,0.3125560297124847,1.1928374949472378,0.5829060074231818,0.2631676664357053,26.31676664357053,0.996066243588629,0.416336356341504,3803,384961,543,137493,85,0.2,20.0,41.17647058823529,-0.0004218199330669,-0.001162192445714,0.7841642327521846,-0.0609844699673155,-0.0358741621651619,161.0,0.3557124918913822
baja_v1_short,2026-07-05T18:32:49.387196+00:00,corto_tp070_sl035_240m,short,control_v4_63_moderado,control,sgd,63,validacion_2024,0.18,0.001,526800,1119012,429634,0.2620273348519362,0.3125560297124847,1.1928374949472378,0.5829060074231818,0.2635991533571156,26.35991533571156,0.9951461937465588,0.4167954936107398,5013,383751,670,137366,110,0.1909090909090909,19.090909090909093,38.18181818181819,-0.0005789592437424,-0.0015957859393674,0.7203666840799268,-0.077905729511673,-0.0625367251392297,160.02727272727273,0.3110227396933269
baja_v1_short,2026-07-05T18:32:49.532576+00:00,corto_tp070_sl035_240m,short,control_v4_63_moderado,control,sgd,63,validacion_2024,0.19,0.001,526800,1119012,429634,0.2620273348519362,0.3125560297124847,1.1928374949472378,0.5829060074231818,0.264102583852941,26.410258385294107,0.9935741400793996,0.417286084175873,6611,382153,887,137149,150,0.2333333333333333,23.33333333333333,38.0,-0.0004513099794858,-0.0011841428238549,0.784755170920886,-0.1079265323133314,-0.0666883450202328,147.26666666666668,0.3002235957957185
baja_v1_short,2026-07-05T18:32:49.672106+00:00,corto_tp070_sl035_240m,short,control_v4_63_moderado,control,sgd,63,validacion_2024,0.2,0.001,526800,1119012,429634,0.2620273348519362,0.3125560297124847,1.1928374949472378,0.5829060074231818,0.2644639928202271,26.446399282022718,0.9905387000492624,0.4174681395448245,8486,380278,1306,136730,190,0.2210526315789473,22.105263157894736,36.84210526315789,-0.000615030992079,-0.0017830157701391,0.723299141655706,-0.1394679247085755,-0.1118111180817917,143.6157894736842,0.274116687328951
baja_v1_short,2026-07-05T18:32:49.840034+00:00,corto_tp070_sl035_240m,short,control_v4_63_moderado,control,sgd,63,validacion_2024,0.21,0.001,526800,1119012,429634,0.2620273348519362,0.3125560297124847,1.1928374949472378,0.5829060074231818,0.2648329806764788,26.48329806764788,0.9865180097945464,0.4175687029689004,10747,378017,1861,136175,240,0.1875,18.75,34.583333333333336,-0.0009869812345761,-0.0028317654612474,0.591368720959839,-0.214294856368166,-0.2126019378947534,139.1,0.2979552392828702
baja_v1_short,2026-07-05T18:32:50.015973+00:00,corto_tp070_sl035_240m,short,control_v4_63_moderado,control,sgd,63,validacion_2024,0.22,0.001,526800,1119012,429634,0.2620273348519362,0.3125560297124847,1.1928374949472378,0.5829060074231818,0.2654029549704796,26.540295497047968,0.981859804688632,0.4178566088228629,13631,375133,2504,135532,298,0.2013422818791946,20.13422818791946,36.24161073825504,-0.000928624704716,-0.0037580935275182,0.6211216262510197,-0.2462009159429424,-0.2438437642748187,135.63758389261744,0.2115261072421105
baja_v1_short,2026-07-05T18:32:50.163909+00:00,corto_tp070_sl035_240m,short,control_v4_63_moderado,control,sgd,63,validacion_2024,0.23,0.001,526800,1119012,429634,0.2620273348519362,0.3125560297124847,1.1928374949472378,0.5829060074231818,0.2661989823621282,26.619898236212823,0.976708974470428,0.4183719858557679,17118,371646,3215,134821,381,0.1994750656167979,19.94750656167979,34.38320209973753,-0.0010678284607644,-0.0045000001080334,0.5809832062014079,-0.3473197218604887,-0.336663412837581,127.25721784776904,0.2123381342888724
baja_v1_short,2026-07-05T18:32:50.309912+00:00,corto_tp070_sl035_240m,short,control_v4_63_moderado,control,sgd,63,validacion_2024,0.24,0.001,526800,1119012,429634,0.2620273348519362,0.3125560297124847,1.1928374949472378,0.5829060074231818,0.2673808207917414,26.73808207917414,0.970840940044626,0.4192855522616878,21576,367188,4025,134011,452,0.2013274336283186,20.13274336283186,35.176991150442475,-0.0009178246659531,-0.0035235961657017,0.6244043383486003,-0.3550273946173171,-0.3423543035319758,131.23230088495575,0.1963220883416103
baja_v1_short,2026-07-05T18:32:50.455977+00:00,corto_tp070_sl035_240m,short,control_v4_63_moderado,control,sgd,63,validacion_2024,0.25,0.001,526800,1119012,429634,0.2620273348519362,0.3125560297124847,1.1928374949472378,0.5829060074231818,0.268975411743518,26.8975411743518,0.9629516937610478,0.4204961919600136,27507,361257,5114,132922,545,0.1963302752293578,19.63302752293578,34.4954128440367,-0.0010694258410317,-0.0045000001080334,0.5786213132834369,-0.4504702284027294,-0.4445470554062254,127.12844036697248,0.1715387158861681
baja_v1_short,2026-07-05T18:32:50.629010+00:00,corto_tp070_sl035_240m,short,control_v4_63_moderado,control,sgd,63,validacion_2024,0.26,0.001,526800,1119012,429634,0.2620273348519362,0.3125560297124847,1.1928374949472378,0.5829060074231818,0.2709960062532311,27.09960062532312,0.9531643918977658,0.4220096384382843,34826,353938,6465,131571,692,0.1965317919075144,19.653179190751445,32.369942196531795,-0.0012556459286949,-0.0045000001080334,0.5293511584667907,-0.5881716996372641,-0.5833797757551831,118.71531791907516,0.130812609498172
baja_v1_short,2026-07-05T18:32:50.834962+00:00,corto_tp070_sl035_240m,short,control_v4_63_moderado,control,sgd,63,validacion_2024,0.27,0.001,526800,1119012,429634,0.2620273348519362,0.3125560297124847,1.1928374949472378,0.5829060074231818,0.273385641774894,27.33856417748941,0.940761830247182,0.4236565699735253,43620,345144,8177,129859,824,0.2087378640776699,20.87378640776699,33.25242718446602,-0.0011507015587966,-0.0045000001080334,0.562772405365308,-0.6218456487195669,-0.6156717165241303,116.87864077669904,0.1533271077122432
baja_v1_short,2026-07-05T18:32:50.998988+00:00,corto_tp070_sl035_240m,short,control_v4_63_moderado,control,sgd,63,validacion_2024,0.28,0.001,526800,1119012,429634,0.2620273348519362,0.3125560297124847,1.1928374949472378,0.5829060074231818,0.2761917120858205,27.619171208582056,0.9251209829319887,0.4253859119647699,54104,334660,10336,127700,973,0.2302158273381295,23.021582733812952,33.60739979445015,-0.0010938676965856,-0.0045000001080334,0.5894570341274332,-0.6596800136740196,-0.6584598020744141,113.26002055498458,0.1341245048229226
baja_v1_short,2026-07-05T18:32:51.187296+00:00,corto_tp070_sl035_240m,short,control_v4_63_moderado,control,sgd,63,validacion_2024,0.29,0.001,526800,1119012,429634,0.2620273348519362,0.3125560297124847,1.1928374949472378,0.5829060074231818,0.2797997752396474,27.979977523964735,0.9054594453620796,0.427496947329897,67052,321712,13050,124986,1172,0.2354948805460751,23.549488054607508,34.641638225255974,-0.0010306758799055,-0.0045000001080334,0.6095315977293208,-0.7087059789501045,-0.7047647107291133,110.97440273037545,0.1735152472701605
baja_v1_short,2026-07-05T18:32:51.386457+00:00,corto_tp070_sl035_240m,short,control_v4_63_moderado,control,sgd,63,validacion_2024,0.3,0.001,526800,1119012,429634,0.2620273348519362,0.3125560297124847,1.1928374949472378,0.5829060074231818,0.2837154436411628,28.37154436411628,0.8799153843924773,0.4290803881011974,82119,306645,16576,121460,1391,0.2473040977713874,24.73040977713875,35.298346513299784,-0.0009943579148599,-0.0045000001080334,0.626661870490167,-0.7532235191817594,-0.7528600173992539,106.02516175413372,0.1815070313272827
baja_v1_short,2026-07-05T18:32:51.924013+00:00,corto_tp070_sl035_240m,short,control_v4_63_moderado,control,sgd,63,validacion_2024,0.31,0.001,526800,1119012,429634,0.2620273348519362,0.3125560297124847,1.1928374949472378,0.5829060074231818,0.2881115511599836,28.81115511599836,0.8490248920571445,0.4302278413168652,99187,289577,20840,117196,1603,0.2638802245789145,26.38802245789145,34.809731752963195,-0.0009506561259215,-0.0045000001080334,0.6480016427288788,-0.7852727227142704,-0.7859241255028567,99.41859014348096,0.14813833737891
baja_v1_short,2026-07-05T18:32:52.334352+00:00,corto_tp070_sl035_240m,short,control_v4_63_moderado,control,sgd,63,validacion_2024,0.32,0.001,526800,1119012,429634,0.2620273348519362,0.3125560297124847,1.1928374949472378,0.5829060074231818,0.2923821413335636,29.238214133356365,0.8093251035961633,0.4295736601778419,118391,270373,26320,111716,1890,0.2851851851851852,28.51851851851852,35.55555555555556,-0.0008761815201505,-0.0045000001080334,0.678773710295382,-0.8125838324224643,-0.8131523834502116,91.65608465608466,0.1643425185073019
baja_v1_short,2026-07-05T18:32:52.602374+00:00,corto_tp070_sl035_240m,short,control_v4_63_moderado,control,sgd,63,validacion_2024,0.33,0.001,526800,1119012,429634,0.2620273348519362,0.3125560297124847,1.1928374949472378,0.5829060074231818,0.296050494006097,29.6050494006097,0.7591135645773567,0.4259734663471408,139606,249158,33251,104785,2136,0.2841760299625468,28.417602996254683,34.831460674157306,-0.0009419924898483,-0.0045000001080334,0.6602529629931252,-0.8691172811886545,-0.8695143307348936,86.8057116104869,0.1403179492386141
baja_v1_short,2026-07-05T18:32:52.835733+00:00,corto_tp070_sl035_240m,short,control_v4_63_moderado,control,sgd,63,validacion_2024,0.34,0.001,526800,1119012,429634,0.2620273348519362,0.3125560297124847,1.1928374949472378,0.5829060074231818,0.3001074499676411,30.01074499676412,0.7021139412906778,0.4204851868965263,162740,226024,41119,96917,2402,0.2897585345545378,28.975853455453787,34.554537885095755,-0.0009518610014824,-0.0045000001080334,0.6604806149677135,-0.9007150867638556,-0.9011618688841444,80.62198168193173,0.1305219140976476
baja_v1_short,2026-07-05T18:32:53.111014+00:00,corto_tp070_sl035_240m,short,control_v4_63_moderado,control,sgd,63,validacion_2024,0.35,0.001,526800,1119012,429634,0.2620273348519362,0.3125560297124847,1.1928374949472378,0.5829060074231818,0.3046499751559653,30.464997515596533,0.6396157524124142,0.4127205243032507,187246,201518,49746,88290,2582,0.2935708752904725,29.35708752904725,34.12083656080558,-0.0009734267081092,-0.0045000001080334,0.6570949587473349,-0.9220912142590114,-0.9214299105495932,76.66111541440743,0.131430862011936
baja_v1_short,2026-07-05T18:32:53.444057+00:00,corto_tp070_sl035_240m,short,control_v4_63_moderado,control,sgd,63,validacion_2024,0.36,0.001,526800,1119012,429634,0.2620273348519362,0.3125560297124847,1.1928374949472378,0.5829060074231818,0.3082381440127118,30.823814401271186,0.5733721637833609,0.4009371715150517,211141,177623,58890,79146,2780,0.2949640287769784,29.496402877697843,33.9568345323741,-0.0009998094665757,-0.0045000001080334,0.6512710966806684,-0.9396677729874908,-0.939939268015565,69.95611510791367,0.1326231430237325
baja_v1_short,2026-07-05T18:32:53.716236+00:00,corto_tp070_sl035_240m,short,control_v4_63_moderado,control,sgd,63,validacion_2024,0.37,0.001,526800,1119012,429634,0.2620273348519362,0.3125560297124847,1.1928374949472378,0.5829060074231818,0.3117455562929349,31.174555629293494,0.5036584659074445,0.3851177682745784,235275,153489,68513,69523,2979,0.2957368244377308,29.57368244377308,32.997650218194025,-0.0010865712576749,-0.0045000001080334,0.6285870744452048,-0.9624343190268052,-0.9620885651237736,64.25847599865726,0.1116726031648198
baja_v1_short,2026-07-05T18:32:54.052253+00:00,corto_tp070_sl035_240m,short,control_v4_63_moderado,control,sgd,63,validacion_2024,0.38,0.001,526800,1119012,429634,0.2620273348519362,0.3125560297124847,1.1928374949472378,0.5829060074231818,0.3165697750887807,31.656977508878075,0.4359152684806862,0.3667783158748106,258861,129903,77864,60172,3006,0.3033932135728543,30.33932135728543,33.13373253493014,-0.0010710115902004,-0.0045000001080334,0.6360607215603314,-0.9615904313811606,-0.9614527146913624,59.55289421157685,0.1171873139435354
baja_v1_short,2026-07-05T18:32:54.303838+00:00,corto_tp070_sl035_240m,short,control_v4_63_moderado,control,sgd,63,validacion_2024,0.39,0.001,526800,1119012,429634,0.2620273348519362,0.3125560297124847,1.1928374949472378,0.5829060074231818,0.3218052011714576,32.18052011714577,0.3709539540409748,0.3446361146072407,280851,107913,86831,51205,2966,0.3209710047201618,32.09710047201618,34.12002697235334,-0.0009364757781969,-0.0045000001080334,0.6773401180845021,-0.9431338818119364,-0.9400444629352408,54.69689817936615,0.1287599715528677
baja_v1_short,2026-07-05T18:32:54.521229+00:00,corto_tp070_sl035_240m,short,control_v4_63_moderado,control,sgd,63,validacion_2024,0.4,0.001,526800,1119012,429634,0.2620273348519362,0.3125560297124847,1.1928374949472378,0.5829060074231818,0.3274996577374161,32.749965773741614,0.3119403633834652,0.3195307108350587,300345,88419,94977,43059,2943,0.3197417601087325,31.974176010873254,33.43527013251784,-0.0010108200400807,-0.0045000001080334,0.6581980292824393,-0.9540295771859588,-0.9507772311273458,48.65987088005436,0.1302483862321192
baja_v1_short,2026-07-05T18:32:54.840828+00:00,corto_tp070_sl035_240m,short,control_v4_63_moderado,control,sgd,63,validacion_2024,0.41,0.001,526800,1119012,429634,0.2620273348519362,0.3125560297124847,1.1928374949472378,0.5829060074231818,0.3341829589378746,33.418295893787466,0.2593019212379379,0.2920185035612012,317451,71313,102243,35793,2861,0.329255505068158,32.9255505068158,34.0789933589654,-0.0009374697110126,-0.0045000001080334,0.6807651185408014,-0.9375758819158416,-0.933993265759004,44.44005592450192,0.1693302716120646
baja_v1_short,2026-07-05T18:32:55.031183+00:00,corto_tp070_sl035_240m,short,control_v4_63_moderado,control,sgd,63,validacion_2024,0.42,0.001,526800,1119012,429634,0.2620273348519362,0.3125560297124847,1.1928374949472378,0.5829060074231818,0.339791790531482,33.97917905314821,0.21115506099858,0.2604561803275026,332132,56632,108889,29147,2669,0.3353315848632446,33.53315848632447,34.394904458598724,-0.0008967908704403,-0.0045000001080334,0.6933970967281944,-0.9174768307789606,-0.9117184726153916,41.40801798426377,0.1484328981392934
baja_v1_short,2026-07-05T18:32:55.235383+00:00,corto_tp070_sl035_240m,short,control_v4_63_moderado,control,sgd,63,validacion_2024,0.43,0.001,526800,1119012,429634,0.2620273348519362,0.3125560297124847,1.1928374949472378,0.5829060074231818,0.340279751664298,34.027975166429805,0.1647831000608537,0.2220410872652906,344665,44099,115290,22746,2447,0.3363302002451982,33.63302002451982,34.49121373109931,-0.0008994403589908,-0.0045000001080334,0.693379010102605,-0.8971919987842958,-0.8926781808944856,37.10420923579894,0.1945849740964218
baja_v1_short,2026-07-05T18:32:55.430425+00:00,corto_tp070_sl035_240m,short,control_v4_63_moderado,control,sgd,63,validacion_2024,0.44,0.001,526800,1119012,429634,0.2620273348519362,0.3125560297124847,1.1928374949472378,0.5829060074231818,0.3404993336991456,34.04993336991456,0.1258729606769248,0.1838001946430838,355111,33653,120661,17375,2216,0.348826714801444,34.8826714801444,35.42418772563177,-0.0007877805026094,-0.0045000001080334,0.7277623714204154,-0.8411669560425538,-0.8303621130964789,33.91110108303249,0.2200846277191399
baja_v1_short,2026-07-05T18:32:55.595900+00:00,corto_tp070_sl035_240m,short,control_v4_63_moderado,control,sgd,63,validacion_2024,0.45,0.001,526800,1119012,429634,0.2620273348519362,0.3125560297124847,1.1928374949472378,0.5829060074231818,0.3408629506848611,34.08629506848611,0.0960908748442435,0.1499189031867939,363115,25649,124772,13264,1985,0.3455919395465995,34.55919395465995,35.012594458438286,-0.0008332541780895,-0.0045000001080334,0.7140038594534193,-0.8216654490674684,-0.8135085832842175,30.73148614609572,0.1977013996152809
baja_v1_short,2026-07-05T18:32:55.755656+00:00,corto_tp070_sl035_240m,short,control_v4_63_moderado,control,sgd,63,validacion_2024,0.46,0.001,526800,1119012,429634,0.2620273348519362,0.3125560297124847,1.1928374949472378,0.5829060074231818,0.3447913131998643,34.47913131998643,0.0736112318525602,0.1213210273064845,369455,19309,127875,10161,1694,0.3423848878394332,34.238488783943325,34.6517119244392,-0.0008726887046222,-0.0045000001080334,0.7030992032887127,-0.779503839630011,-0.776871013606591,26.43742621015348,0.1978577704850395
baja_v1_short,2026-07-05T18:32:55.919660+00:00,corto_tp070_sl035_240m,short,control_v4_63_moderado,control,sgd,63,validacion_2024,0.47,0.001,526800,1119012,429634,0.2620273348519362,0.3125560297124847,1.1928374949472378,0.5829060074231818,0.3435433035912461,34.35433035912461,0.0560650844707177,0.0963982984871981,373976,14788,130297,7739,1456,0.3454670329670329,34.5467032967033,34.75274725274725,-0.000849998474339,-0.0045000001080334,0.7099206816829846,-0.7299262887017173,-0.715283172041701,23.997252747252748,0.1879996990778953
baja_v1_short,2026-07-05T18:32:56.119610+00:00,corto_tp070_sl035_240m,short,control_v4_63_moderado,control,sgd,63,validacion_2024,0.48,0.001,526800,1119012,429634,0.2620273348519362,0.3125560297124847,1.1928374949472378,0.5829060074231818,0.3434669743293914,34.34669743293914,0.0431336752731171,0.0766423592562318,377383,11381,132082,5954,1199,0.3544620517097581,35.446205170975816,35.696413678065056,-0.0007600359540025,-0.0045000001080334,0.7373445490786809,-0.6088317866636634,-0.6041610574778196,21.542952460383653,0.1548436539814708
baja_v1_short,2026-07-05T18:32:56.359739+00:00,corto_tp070_sl035_240m,short,control_v4_63_moderado,control,sgd,63,validacion_2024,0.49,0.001,526800,1119012,429634,0.2620273348519362,0.3125560297124847,1.1928374949472378,0.5829060074231818,0.3371305189487008,33.71305189487008,0.0328030368889275,0.0597886008173397,379861,8903,133508,4528,977,0.3480040941658137,34.800409416581374,35.00511770726714,-0.0008229507361886,-0.0045000001080334,0.7180035239556517,-0.569567429022154,-0.558052644895352,19.73899692937564,0.1828306182477519
baja_v1_short,2026-07-05T18:32:56.512695+00:00,corto_tp070_sl035_240m,short,control_v4_63_moderado,control,sgd,63,validacion_2024,0.5,0.001,526800,1119012,429634,0.2620273348519362,0.3125560297124847,1.1928374949472378,0.5829060074231818,0.3331739047254639,33.31739047254639,0.0252325480309484,0.0469122499831638,381793,6971,134553,3483,830,0.3469879518072289,34.69879518072289,34.93975903614458,-0.0008344068228917,-0.0045000001080334,0.7147286372014576,-0.5123319276624779,-0.5050073216801376,17.263855421686745,0.2165884636468544
baja_v1_short,2026-07-05T18:32:56.673883+00:00,corto_tp070_sl035_240m,short,control_v4_63_moderado,control,sgd,63,validacion_2024,0.51,0.001,526800,1119012,429634,0.2620273348519362,0.3125560297124847,1.1928374949472378,0.5829060074231818,0.3341908612029891,33.41908612029891,0.0197629603871453,0.0373189967099638,383329,5435,135308,2728,676,0.3387573964497041,33.875739644970416,34.171597633136095,-0.0009107735054312,-0.0045000001080334,0.691671481214115,-0.4699072521447881,-0.4643666877599748,17.551775147928993,0.2703696099114027
baja_v1_short,2026-07-05T18:32:56.808461+00:00,corto_tp070_sl035_240m,short,control_v4_63_moderado,control,sgd,63,validacion_2024,0.52,0.001,526800,1119012,429634,0.2620273348519362,0.3125560297124847,1.1928374949472378,0.5829060074231818,0.3372075240862517,33.720752408625174,0.0159740937146831,0.0305031990316444,384430,4334,135831,2205,567,0.3403880070546737,34.038800705467374,34.21516754850088,-0.0009034567203802,-0.0045000001080334,0.6936855145060433,-0.4104634204048463,-0.4051777184516237,15.841269841269842,0.3592577476874702
baja_v1_short,2026-07-05T18:32:56.975050+00:00,corto_tp070_sl035_240m,short,control_v4_63_moderado,control,sgd,63,validacion_2024,0.53,0.001,526800,1119012,429634,0.2620273348519362,0.3125560297124847,1.1928374949472378,0.5829060074231818,0.3384789156626506,33.84789156626506,0.0130255875278912,0.0250858051734241,385250,3514,136238,1798,456,0.3574561403508772,35.74561403508772,35.96491228070175,-0.0007229220203543,-0.0045000001080334,0.747919774094415,-0.2971549513318561,-0.2850354158837944,15.473684210526317,0.3579581125166328
baja_v1_short,2026-07-05T18:32:57.143651+00:00,corto_tp070_sl035_240m,short,control_v4_63_moderado,control,sgd,63,validacion_2024,0.54,0.001,526800,1119012,429634,0.2620273348519362,0.3125560297124847,1.1928374949472378,0.5829060074231818,0.3394035966310039,33.94035966310039,0.0108015300356428,0.0209367474320538,385862,2902,136545,1491,385,0.3506493506493506,35.064935064935064,35.064935064935064,-0.0008181818125696,-0.0045000001080334,0.7200000086426733,-0.3135179702716684,-0.2738213290057942,11.784415584415584,0.2266187048328133
baja_v1_short,2026-07-05T18:32:57.302889+00:00,corto_tp070_sl035_240m,short,control_v4_63_moderado,control,sgd,63,validacion_2024,0.55,0.001,526800,1119012,429634,0.2620273348519362,0.3125560297124847,1.1928374949472378,0.5829060074231818,0.3451109285127362,34.511092851273624,0.0091280535512475,0.0177856825255669,386373,2391,136776,1260,333,0.3273273273273273,32.732732732732735,32.732732732732735,-0.0010630630650096,-0.0045000001080334,0.6488095315976471,-0.3212978683826104,-0.3010870049468948,10.684684684684685,0.2538461511740847
baja_v1_short,2026-07-05T18:32:57.436199+00:00,corto_tp070_sl035_240m,short,control_v4_63_moderado,control,sgd,63,validacion_2024,0.56,0.001,526800,1119012,429634,0.2620273348519362,0.3125560297124847,1.1928374949472378,0.5829060074231818,0.3500319081046585,35.00319081046585,0.0079472021791416,0.0155415456541758,386727,2037,136939,1097,274,0.3029197080291971,30.29197080291971,30.29197080291971,-0.0013193430755504,-0.0045000001080334,0.5794066387176835,-0.3258291202321922,-0.3057531915610196,9.773722627737229,0.2277992270218969
baja_v1_short,2026-07-05T18:32:57.575468+00:00,corto_tp070_sl035_240m,short,control_v4_63_moderado,control,sgd,63,validacion_2024,0.57,0.001,526800,1119012,429634,0.2620273348519362,0.3125560297124847,1.1928374949472378,0.5829060074231818,0.3512014787430684,35.12014787430684,0.0068822625981627,0.0134999751316247,387009,1755,137086,950,215,0.3116279069767442,31.16279069767442,31.16279069767442,-0.0012279069837789,-0.0045000001080334,0.603603610849088,-0.2574825145058271,-0.2341004166004282,9.12093023255814,0.3632075472691656
baja_v1_short,2026-07-05T18:32:57.762665+00:00,corto_tp070_sl035_240m,short,control_v4_63_moderado,control,sgd,63,validacion_2024,0.58,0.001,526800,1119012,429634,0.2620273348519362,0.3125560297124847,1.1928374949472378,0.5829060074231818,0.3523573200992556,35.23573200992556,0.0061723028775102,0.0121320859498483,387198,1566,137184,852,194,0.3195876288659793,31.95876288659793,31.95876288659793,-0.0011443299013622,-0.0045000001080334,0.626262633780103,-0.2174893306445932,-0.2010461384135681,9.27319587628866,0.3315217379816862
baja_v1_short,2026-07-05T18:32:57.953619+00:00,corto_tp070_sl035_240m,short,control_v4_63_moderado,control,sgd,63,validacion_2024,0.59,0.001,526800,1119012,429634,0.2620273348519362,0.3125560297124847,1.1928374949472378,0.5829060074231818,0.3482726423902894,34.82726423902894,0.0054043872612941,0.0106436102669463,387368,1396,137290,746,181,0.3370165745856354,33.70165745856354,33.70165745856354,-0.0009437079644628,-0.0045000001080334,0.6818040384276212,-0.1837417498022474,-0.1589583800095351,9.972375690607734,0.3436341269970132
baja_v1_short,2026-07-05T18:32:58.100230+00:00,corto_tp070_sl035_240m,short,control_v4_63_moderado,control,sgd,63,validacion_2024,0.6,0.001,526800,1119012,429634,0.2620273348519362,0.3125560297124847,1.1928374949472378,0.5829060074231818,0.3419936373276776,34.199363732767765,0.0046726940798052,0.009219422249539,387523,1241,137391,645,178,0.3202247191011236,32.02247191011236,32.02247191011236,-0.0011217020378615,-0.0045000001080334,0.6313889412156679,-0.2069073888203527,-0.1828273780419366,9.297752808988765,0.3862456288002205
baja_v1_short,2026-07-05T18:32:58.274046+00:00,corto_tp070_sl035_240m,short,control_v4_63_moderado,control,sgd,63,validacion_2024,0.61,0.001,526800,1119012,429634,0.2620273348519362,0.3125560297124847,1.1928374949472378,0.5829060074231818,0.3361650485436893,33.616504854368934,0.0040134457677707,0.0079321897998339,387670,1094,137482,554,161,0.3229813664596273,32.298136645962735,32.298136645962735,-0.0010910743013868,-0.0045000001080334,0.6397861392483215,-0.1935051434547505,-0.1628009400648009,8.621118012422361,0.3755363120650818
baja_v1_short,2026-07-05T18:32:58.464776+00:00,corto_tp070_sl035_240m,short,control_v4_63_moderado,control,sgd,63,validacion_2024,0.62,0.001,526800,1119012,429634,0.2620273348519362,0.3125560297124847,1.1928374949472378,0.5829060074231818,0.3270833333333333,32.708333333333336,0.0034121533512996,0.0067538501247526,387795,969,137565,471,127,0.3385826771653543,33.85826771653544,33.85826771653544,-0.0009231931058631,-0.0045000001080334,0.6875498469563048,-0.1458109413746486,-0.1120686719647985,10.062992125984252,0.3121008907434871
baja_v1_short,2026-07-05T18:32:58.635982+00:00,corto_tp070_sl035_240m,short,control_v4_63_moderado,control,sgd,63,validacion_2024,0.63,0.001,526800,1119012,429634,0.2620273348519362,0.3125560297124847,1.1928374949472378,0.5829060074231818,0.3068619892058596,30.68619892058597,0.0028833058042829,0.0057129323275893,387865,899,137638,398,106,0.3490566037735849,34.90566037735849,34.90566037735849,-0.0008089200388728,-0.0045000001080334,0.7213752429442972,-0.1248773421036416,-0.0834154564265106,9.528301886792454,0.2229466697781174
baja_v1_short,2026-07-05T18:32:58.800900+00:00,corto_tp070_sl035_240m,short,control_v4_63_moderado,control,sgd,63,validacion_2024,0.64,0.001,526800,1119012,429634,0.2620273348519362,0.3125560297124847,1.1928374949472378,0.5829060074231818,0.2939160239931448,29.391602399314483,0.002484859022284,0.0049280547114645,387940,824,137693,343,87,0.3448275862068966,34.48275862068966,34.48275862068966,-0.0008793103411022,-0.0045000001080334,0.7017543943885705,-0.1073039655543879,-0.0746809774207436,6.827586206896552,0.2526315794740687
baja_v1_short,2026-07-05T18:32:58.943456+00:00,corto_tp070_sl035_240m,short,control_v4_63_moderado,control,sgd,63,validacion_2024,0.65,0.001,526800,1119012,429634,0.2620273348519362,0.3125560297124847,1.1928374949472378,0.5829060074231818,0.2820754716981132,28.20754716981132,0.0021661015966849,0.0042991890492896,388003,761,137737,299,79,0.2911392405063291,29.11392405063291,29.11392405063291,-0.0014430379883586,-0.0045000001080334,0.5476190541925094,-0.1295287380154087,-0.1086169728482366,5.417721518987341,0.3199999984443188
baja_v1_short,2026-07-05T18:32:59.066309+00:00,corto_tp070_sl035_240m,short,control_v4_63_moderado,control,sgd,63,validacion_2024,0.66,0.001,526800,1119012,429634,0.2620273348519362,0.3125560297124847,1.1928374949472378,0.5829060074231818,0.2800417972831766,28.00417972831766,0.0019415225013764,0.0038563093105408,388075,689,137768,268,78,0.3205128205128205,32.05128205128205,32.05128205128205,-0.0011346153887705,-0.0045000001080334,0.6289308251595679,-0.1083644795880884,-0.0855993437073934,5.653846153846154,0.3595505637799339
baja_v1_short,2026-07-05T18:32:59.193836+00:00,corto_tp070_sl035_240m,short,control_v4_63_moderado,control,sgd,63,validacion_2024,0.67,0.001,526800,1119012,429634,0.2620273348519362,0.3125560297124847,1.1928374949472378,0.5829060074231818,0.2840512223515716,28.40512223515716,0.001767654814686,0.003513445408402,388149,615,137792,244,66,0.3333333333333333,33.33333333333333,33.33333333333333,-0.0009649304346266,-0.0045000001080334,0.6745520906939491,-0.0818632709730187,-0.0624816133173966,11.090909090909092,0.3460887652810403
baja_v1_short,2026-07-05T18:32:59.311838+00:00,corto_tp070_sl035_240m,short,control_v4_63_moderado,control,sgd,63,validacion_2024,0.68,0.001,526800,1119012,429634,0.2620273348519362,0.3125560297124847,1.1928374949472378,0.5829060074231818,0.2938931297709923,29.38931297709924,0.0016734764843953,0.0033280027661321,388209,555,137805,231,60,0.2833333333333333,28.33333333333333,30.0,-0.0014291499305206,-0.0045000001080334,0.5463016202506688,-0.1004847044775496,-0.08284710735898,9.516666666666667,0.3231880556668211
baja_v1_short,2026-07-05T18:32:59.434122+00:00,corto_tp070_sl035_240m,short,control_v4_63_moderado,control,sgd,63,validacion_2024,0.69,0.001,526800,1119012,429634,0.2620273348519362,0.3125560297124847,1.1928374949472378,0.5829060074231818,0.3052781740370898,30.527817403708983,0.0015503202063229,0.0030849737272681,388277,487,137822,214,56,0.2321428571428571,23.214285714285715,25.0,-0.0019598035124197,-0.0045000001080334,0.4193174917422608,-0.1190807104454991,-0.1045325234045788,9.607142857142858,0.3006861228422426
baja_v1_short,2026-07-05T18:32:59.577029+00:00,corto_tp070_sl035_240m,short,control_v4_63_moderado,control,sgd,63,validacion_2024,0.7,0.001,526800,1119012,429634,0.2620273348519362,0.3125560297124847,1.1928374949472378,0.5829060074231818,0.3121019108280254,31.210191082802545,0.0014199194413051,0.0028269774418738,388332,432,137840,196,55,0.2363636363636363,23.63636363636364,23.63636363636364,-0.0020181818496097,-0.0045000001080334,0.4126984176523259,-0.1082802992754237,-0.1056513580569339,6.6,0.4054054053001866
baja_v1_short,2026-07-05T18:32:59.729535+00:00,corto_tp070_sl035_240m,short,control_v4_63_moderado,control,sgd,63,validacion_2024,0.71,0.001,526800,1119012,429634,0.2620273348519362,0.3125560297124847,1.1928374949472378,0.5829060074231818,0.3178694158075601,31.78694158075601,0.0013402300849053,0.0026692060194202,388367,397,137851,185,51,0.2745098039215686,27.450980392156865,27.450980392156865,-0.0016176470778882,-0.0045000001080334,0.5045045105604318,-0.0838200660195727,-0.0797655000833337,6.196078431372549,0.3134328341202135
baja_v1_short,2026-07-05T18:32:59.894536+00:00,corto_tp070_sl035_240m,short,control_v4_63_moderado,control,sgd,63,validacion_2024,0.72,0.001,526800,1119012,429634,0.2620273348519362,0.3125560297124847,1.1928374949472378,0.5829060074231818,0.3270676691729323,32.70676691729324,0.0012605407285056,0.0025114023439755,388406,358,137862,174,47,0.3617021276595745,36.17021276595745,36.17021276595745,-0.0007021276503801,-0.0045000001080334,0.7555555646250275,-0.0485808098818382,-0.0330509227105029,5.74468085106383,0.3055555514431724
baja_v1_short,2026-07-05T18:33:00.030521+00:00,corto_tp070_sl035_240m,short,control_v4_63_moderado,control,sgd,63,validacion_2024,0.73,0.001,526800,1119012,429634,0.2620273348519362,0.3125560297124847,1.1928374949472378,0.5829060074231818,0.3231083844580777,32.31083844580777,0.0011446289373786,0.0022811766829092,388433,331,137878,158,46,0.3478260869565217,34.78260869565217,34.78260869565217,-0.0008478260822594,-0.0045000001080334,0.7111111196470847,-0.0472693176891888,-0.0388180148292071,6.804347826086956,0.5666666705078548
baja_v1_short,2026-07-05T18:33:00.189522+00:00,corto_tp070_sl035_240m,short,control_v4_63_moderado,control,sgd,63,validacion_2024,0.74,0.001,526800,1119012,429634,0.2620273348519362,0.3125560297124847,1.1928374949472378,0.5829060074231818,0.328159645232816,32.8159645232816,0.0010721840679243,0.0021373847364734,388461,303,137888,148,44,0.3409090909090909,34.090909090909086,34.090909090909086,-0.0009204545429992,-0.0045000001080334,0.6896551806922158,-0.0529516082443487,-0.0402317535583474,9.272727272727272,0.4468085110947541
baja_v1_short,2026-07-05T18:33:00.385447+00:00,corto_tp070_sl035_240m,short,control_v4_63_moderado,control,sgd,63,validacion_2024,0.75,0.001,526800,1119012,429634,0.2620273348519362,0.3125560297124847,1.1928374949472378,0.5829060074231818,0.3415841584158416,34.15841584158416,0.0009997391984699,0.0019936434556486,388498,266,137898,138,42,0.3095238095238095,30.952380952380956,33.33333333333333,-0.0011405489193053,-0.0045000001080334,0.6198170360254203,-0.054252881670756,-0.0472669032401492,11.61904761904762,0.4279111730305785
baja_v1_short,2026-07-05T18:33:00.557928+00:00,corto_tp070_sl035_240m,short,control_v4_63_moderado,control,sgd,63,validacion_2024,0.76,0.001,526800,1119012,429634,0.2620273348519362,0.3125560297124847,1.1928374949472378,0.5829060074231818,0.3539325842696629,35.39325842696629,0.0009128053551247,0.0018209145037285,388534,230,137910,126,42,0.3333333333333333,33.33333333333333,35.714285714285715,-0.0008905489115887,-0.0045000001080334,0.692155939187039,-0.0499777815852561,-0.0372179852834998,11.61904761904762,0.3150127894957863
baja_v1_short,2026-07-05T18:33:00.721888+00:00,corto_tp070_sl035_240m,short,control_v4_63_moderado,control,sgd,63,validacion_2024,0.77,0.001,526800,1119012,429634,0.2620273348519362,0.3125560297124847,1.1928374949472378,0.5829060074231818,0.3709677419354839,37.096774193548384,0.0008331159987249,0.0016624983736428,388569,195,137921,115,40,0.35,35.0,37.5,-0.0007100763517664,-0.0045000001080334,0.7475284143220021,-0.0470869975408226,-0.0284941050140332,12.125,0.4891220775816517
baja_v1_short,2026-07-05T18:33:00.849493+00:00,corto_tp070_sl035_240m,short,control_v4_63_moderado,control,sgd,63,validacion_2024,0.78,0.001,526800,1119012,429634,0.2620273348519362,0.3125560297124847,1.1928374949472378,0.5829060074231818,0.3730769230769231,37.30769230769231,0.0007027152337071,0.0014027882223636,388601,163,137939,97,36,0.4166666666666667,41.66666666666667,44.44444444444444,2.692963488193001e-06,-0.0045000001080334,1.0010771853694167,-0.0354380752361362,-0.0003750220985778,12.666666666666666,0.2669542274483694
baja_v1_short,2026-07-05T18:33:00.972416+00:00,corto_tp070_sl035_240m,short,control_v4_63_moderado,control,sgd,63,validacion_2024,0.79,0.001,526800,1119012,429634,0.2620273348519362,0.3125560297124847,1.1928374949472378,0.5829060074231818,0.3853658536585366,38.53658536585366,0.0005723144686893,0.0011429315470808,388638,126,137957,79,28,0.3928571428571428,39.285714285714285,39.285714285714285,-0.0003749999807083,-0.0045000001080334,0.8627451083953602,-0.0252643931429825,-0.0108109907605765,5.107142857142857,0.3636363588745602
baja_v1_short,2026-07-05T18:33:01.100905+00:00,corto_tp070_sl035_240m,short,control_v4_63_moderado,control,sgd,63,validacion_2024,0.8,0.001,526800,1119012,429634,0.2620273348519362,0.3125560297124847,1.1928374949472378,0.5829060074231818,0.3841463414634146,38.41463414634146,0.0004564026775623,0.0009117221418234,388663,101,137973,63,26,0.3461538461538461,34.61538461538461,34.61538461538461,-0.0008653846112294,-0.0045000001080334,0.7058823614143855,-0.02822137886211,-0.0225752751735008,4.730769230769231,0.6315789361959904
baja_v1_short,2026-07-05T18:33:01.234173+00:00,corto_tp070_sl035_240m,short,control_v4_63_moderado,control,sgd,63,validacion_2024,0.81,0.001,526800,1119012,429634,0.2620273348519362,0.3125560297124847,1.1928374949472378,0.5829060074231818,0.3703703703703703,37.03703703703704,0.0003622243472717,0.0007237408718182,388679,85,137986,50,26,0.2692307692307692,26.923076923076923,26.923076923076923,-0.0016730769438525,-0.0045000001080334,0.4912280760719993,-0.0541659895924626,-0.0428722945355593,4.423076923076923,0.3999999958844413
baja_v1_short,2026-07-05T18:33:01.361264+00:00,corto_tp070_sl035_240m,short,control_v4_63_moderado,control,sgd,63,validacion_2024,0.82,0.001,526800,1119012,429634,0.2620273348519362,0.3125560297124847,1.1928374949472378,0.5829060074231818,0.4056603773584906,40.56603773584906,0.0003115129386536,0.0006225478131198,388701,63,137993,43,16,0.3125,31.25,31.25,-0.001218750006752,-0.0045000001080334,0.6060606133355835,-0.0296507034791432,-0.0195085485923145,2.75,0.7333333230901651
baja_v1_short,2026-07-05T18:33:01.471644+00:00,corto_tp070_sl035_240m,short,control_v4_63_moderado,control,sgd,63,validacion_2024,0.83,0.001,526800,1119012,429634,0.2620273348519362,0.3125560297124847,1.1928374949472378,0.5829060074231818,0.4285714285714285,42.85714285714285,0.0002825349908719,0.0005646977057345,388712,52,137997,39,15,0.3333333333333333,33.33333333333333,33.33333333333333,-0.001,-0.0045000001080334,0.6666666746691419,-0.02822137886211,-0.0150763922510394,2.7333333333333334,0.8000000144044558
baja_v1_short,2026-07-05T18:33:01.592951+00:00,corto_tp070_sl035_240m,short,control_v4_63_moderado,control,sgd,63,validacion_2024,0.84,0.001,526800,1119012,429634,0.2620273348519362,0.3125560297124847,1.1928374949472378,0.5829060074231818,0.4415584415584415,44.15584415584416,0.0002463125561447,0.0004923504666468,388721,43,138002,34,11,0.4545454545454545,45.45454545454545,45.45454545454545,0.0002727273120121,-0.0045000001080334,1.11111112444857,-0.0164321999791854,0.0028534894158895,2.0,0.9999999279777312
baja_v1_short,2026-07-05T18:33:01.725703+00:00,corto_tp070_sl035_240m,short,control_v4_63_moderado,control,sgd,63,validacion_2024,0.85,0.001,526800,1119012,429634,0.2620273348519362,0.3125560297124847,1.1928374949472378,0.5829060074231818,0.4492753623188406,44.927536231884055,0.0002245790953084,0.0004489337822671,388726,38,138005,31,6,0.5,50.0,50.0,0.0007500000540167,0.0007500000540167,1.333333349338284,-0.0089797502150946,0.0044255127031909,2.0,0.6666666666666666
baja_v1_short,2026-07-05T18:33:01.869801+00:00,corto_tp070_sl035_240m,short,control_v4_63_moderado,control,sgd,63,validacion_2024,0.86,0.001,526800,1119012,429634,0.2620273348519362,0.3125560297124847,1.1928374949472378,0.5829060074231818,0.4242424242424242,42.42424242424242,0.0002028456344721,0.00040549738599,388726,38,138008,28,5,0.4,40.0,40.0,-0.0002999999783933,-0.0045000001080334,0.888888899558856,-0.01343934144619,-0.0015650969309521,2.0,0.6666666506617162
baja_v1_short,2026-07-05T18:33:01.996664+00:00,corto_tp070_sl035_240m,short,control_v4_63_moderado,control,sgd,63,validacion_2024,0.87,0.001,526800,1119012,429634,0.2620273348519362,0.3125560297124847,1.1928374949472378,0.5829060074231818,0.4426229508196721,44.26229508196721,0.0001956011475267,0.0003910294937616,388730,34,138009,27,2,0.5,50.0,50.0,0.0007500000540167,0.0007500000540167,1.333333349338284,0.0,0.0014730001064129,2.5,1.0
baja_v1_short,2026-07-05T18:33:02.117179+00:00,corto_tp070_sl035_240m,short,control_v4_63_moderado,control,sgd,63,validacion_2024,0.88,0.001,526800,1119012,429634,0.2620273348519362,0.3125560297124847,1.1928374949472378,0.5829060074231818,0.4333333333333333,43.333333333333336,0.0001883566605812,0.0003765496466226,388730,34,138010,26,1,0.0,0.0,0.0,-0.0045000001080334,-0.0045000001080334,0.0,0.0,-0.0045000001080334,1.0,1.0
baja_v1_short,2026-07-05T18:33:02.247062+00:00,corto_tp070_sl035_240m,short,control_v4_63_moderado,control,sgd,63,validacion_2024,0.89,0.001,526800,1119012,429634,0.2620273348519362,0.3125560297124847,1.1928374949472378,0.5829060074231818,0.4333333333333333,43.333333333333336,0.0001883566605812,0.0003765496466226,388730,34,138010,26,1,0.0,0.0,0.0,-0.0045000001080334,-0.0045000001080334,0.0,0.0,-0.0045000001080334,1.0,1.0
baja_v1_short,2026-07-05T18:33:02.374300+00:00,corto_tp070_sl035_240m,short,control_v4_63_moderado,control,sgd,63,validacion_2024,0.9,0.001,526800,1119012,429634,0.2620273348519362,0.3125560297124847,1.1928374949472378,0.5829060074231818,0.4333333333333333,43.333333333333336,0.0001883566605812,0.0003765496466226,388730,34,138010,26,1,0.0,0.0,0.0,-0.0045000001080334,-0.0045000001080334,0.0,0.0,-0.0045000001080334,1.0,1.0
baja_v1_short,2026-07-05T18:33:02.499480+00:00,corto_tp070_sl035_240m,short,control_v4_63_moderado,control,sgd,63,validacion_2024,0.91,0.001,526800,1119012,429634,0.2620273348519362,0.3125560297124847,1.1928374949472378,0.5829060074231818,0.4333333333333333,43.333333333333336,0.0001883566605812,0.0003765496466226,388730,34,138010,26,1,0.0,0.0,0.0,-0.0045000001080334,-0.0045000001080334,0.0,0.0,-0.0045000001080334,1.0,1.0
baja_v1_short,2026-07-05T18:33:02.651773+00:00,corto_tp070_sl035_240m,short,control_v4_63_moderado,control,sgd,63,validacion_2024,0.92,0.001,526800,1119012,429634,0.2620273348519362,0.3125560297124847,1.1928374949472378,0.5829060074231818,0.4310344827586206,43.103448275862064,0.0001811121736358,0.0003620722116818,388731,33,138011,25,1,1.0,100.0,100.0,0.0060000002160668,0.0060000002160668,inf,0.0,0.0060000002160669,1.0,1.0
baja_v1_short,2026-07-05T18:33:02.841725+00:00,corto_tp070_sl035_240m,short,control_v4_63_moderado,control,sgd,63,validacion_2024,0.93,0.001,526800,1119012,429634,0.2620273348519362,0.3125560297124847,1.1928374949472378,0.5829060074231818,0.4210526315789473,42.10526315789473,0.0001738676866904,0.0003475918402815,388731,33,138012,24,1,1.0,100.0,100.0,0.0060000002160668,0.0060000002160668,inf,0.0,0.0060000002160669,1.0,1.0
baja_v1_short,2026-07-05T18:33:03.002877+00:00,corto_tp070_sl035_240m,short,control_v4_63_moderado,control,sgd,63,validacion_2024,0.94,0.001,526800,1119012,429634,0.2620273348519362,0.3125560297124847,1.1928374949472378,0.5829060074231818,0.4210526315789473,42.10526315789473,0.0001738676866904,0.0003475918402815,388731,33,138012,24,1,1.0,100.0,100.0,0.0060000002160668,0.0060000002160668,inf,0.0,0.0060000002160669,1.0,1.0
baja_v1_short,2026-07-05T18:33:03.213104+00:00,corto_tp070_sl035_240m,short,control_v4_63_moderado,control,sgd,63,validacion_2024,0.95,0.001,526800,1119012,429634,0.2620273348519362,0.3125560297124847,1.1928374949472378,0.5829060074231818,0.4210526315789473,42.10526315789473,0.0001738676866904,0.0003475918402815,388731,33,138012,24,1,1.0,100.0,100.0,0.0060000002160668,0.0060000002160668,inf,0.0,0.0060000002160669,1.0,1.0
baja_v1_short,2026-07-05T18:33:20.014005+00:00,corto_tp070_sl035_240m,short,sgd_63_sin_pesos,base,sgd,63,validacion_2023,0.05,0.001,521900,706177,320329,0.2094366736922782,0.2349982432323634,1.1220491573392843,0.5552401614729819,0.2094094773535197,20.940947735351976,0.9991766158913132,0.3462509689415591,272,412323,90,109215,284,0.2218309859154929,22.183098591549296,27.816901408450708,-0.0016386345336375,-0.0045000001080334,0.4688047367162409,-0.3793951175179846,-0.374057718772648,57.21478873239437,0.1554116225625618
baja_v1_short,2026-07-05T18:33:20.141637+00:00,corto_tp070_sl035_240m,short,sgd_63_sin_pesos,base,sgd,63,validacion_2023,0.06,0.001,521900,706177,320329,0.2094366736922782,0.2349982432323634,1.1220491573392843,0.5552401614729819,0.2093962511650385,20.939625116503848,0.9989296006587072,0.3462180557339155,341,412254,117,109188,347,0.2420749279538905,24.207492795389047,30.25936599423631,-0.0014401684308169,-0.0045000001080334,0.5186656949581872,-0.4114610652527016,-0.3956503963456839,60.85014409221902,0.17472265275756
baja_v1_short,2026-07-05T18:33:20.296143+00:00,corto_tp070_sl035_240m,short,sgd_63_sin_pesos,base,sgd,63,validacion_2023,0.07,0.001,521900,706177,320329,0.2094366736922782,0.2349982432323634,1.1220491573392843,0.5552401614729819,0.209388248383817,20.938824838381706,0.9986002470152326,0.3461873310127736,457,412138,153,109152,440,0.2318181818181818,23.18181818181818,31.363636363636367,-0.0013798523180204,-0.0045000001080334,0.5273356744022798,-0.4709513612842573,-0.4576915168496188,67.20454545454545,0.1605951368298808
baja_v1_short,2026-07-05T18:33:20.420794+00:00,corto_tp070_sl035_240m,short,sgd_63_sin_pesos,base,sgd,63,validacion_2023,0.08,0.001,521900,706177,320329,0.2094366736922782,0.2349982432323634,1.1220491573392843,0.5552401614729819,0.2093910066343871,20.939100663438712,0.998197703673208,0.3461669030327835,630,411965,197,109108,524,0.2385496183206107,23.85496183206107,31.87022900763359,-0.0012645497297296,-0.0045000001080334,0.5577166064108079,-0.4887511639777609,-0.4874296839094101,65.8969465648855,0.1451135637881406
baja_v1_short,2026-07-05T18:33:20.546971+00:00,corto_tp070_sl035_240m,short,sgd_63_sin_pesos,base,sgd,63,validacion_2023,0.09,0.001,521900,706177,320329,0.2094366736922782,0.2349982432323634,1.1220491573392843,0.5552401614729819,0.2094552423822847,20.94552423822848,0.9978409038927772,0.3462332072021739,937,411658,236,109069,620,0.2403225806451613,24.032258064516128,32.41935483870968,-0.0012327401485738,-0.0045000001080334,0.5651764976626394,-0.5372874760905992,-0.5374551139986543,68.3241935483871,0.1381413134997541
baja_v1_short,2026-07-05T18:33:20.671450+00:00,corto_tp070_sl035_240m,short,sgd_63_sin_pesos,base,sgd,63,validacion_2023,0.1,0.001,521900,706177,320329,0.2094366736922782,0.2349982432323634,1.1220491573392843,0.5552401614729819,0.2095280563702972,20.95280563702972,0.9973194272906089,0.3463012584600185,1333,411262,293,109012,749,0.2483311081441922,24.833110814419225,33.64485981308411,-0.0011004688700812,-0.0045000001080334,0.60055221891657,-0.5741235905769516,-0.5649603538152257,72.06008010680908,0.1957597673333569
baja_v1_short,2026-07-05T18:33:20.827032+00:00,corto_tp070_sl035_240m,short,sgd_63_sin_pesos,base,sgd,63,validacion_2023,0.11,0.001,521900,706177,320329,0.2094366736922782,0.2349982432323634,1.1220491573392843,0.5552401614729819,0.2095992734353653,20.95992734353654,0.996569232880472,0.3463532434249957,1819,410776,375,108930,875,0.2502857142857143,25.02857142857143,33.371428571428574,-0.0011157190432214,-0.0045000001080334,0.5971742833243235,-0.6266961306528792,-0.6268313763540276,71.17485714285715,0.1866190530566302
baja_v1_short,2026-07-05T18:33:20.979923+00:00,corto_tp070_sl035_240m,short,sgd_63_sin_pesos,base,sgd,63,validacion_2023,0.12,0.001,521900,706177,320329,0.2094366736922782,0.2349982432323634,1.1220491573392843,0.5552401614729819,0.2096626848757473,20.96626848757473,0.9952518183065734,0.3463601239797697,2519,410076,519,108786,1017,0.2546705998033431,25.46705998033432,33.6283185840708,-0.0010889231584606,-0.0045000001080334,0.6048223803489327,-0.6730958537722991,-0.6732142891384854,74.52605703048181,0.1904623274777447
baja_v1_short,2026-07-05T18:33:21.118658+00:00,corto_tp070_sl035_240m,short,sgd_63_sin_pesos,base,sgd,63,validacion_2023,0.13,0.001,521900,706177,320329,0.2094366736922782,0.2349982432323634,1.1220491573392843,0.5552401614729819,0.209685736966225,20.96857369662251,0.9932299528841316,0.3462689137812252,3409,409186,740,108565,1186,0.2613827993254637,26.13827993254637,34.90725126475548,-0.0009805601378107,-0.0045000001080334,0.6358919341328946,-0.6913086304276634,-0.6914204674166271,77.3397976391231,0.168171482718564
baja_v1_short,2026-07-05T18:33:21.257144+00:00,corto_tp070_sl035_240m,short,sgd_63_sin_pesos,base,sgd,63,validacion_2023,0.14,0.001,521900,706177,320329,0.2094366736922782,0.2349982432323634,1.1220491573392843,0.5552401614729819,0.209835722831158,20.983572283115805,0.9916655230776268,0.3463780874972638,4423,408172,911,108394,1383,0.2646420824295011,26.46420824295011,35.430224150397684,-0.0009357899881699,-0.0045000001080334,0.6491226352689617,-0.7298552917523593,-0.7299531635224601,80.41359363702097,0.1613229368984298
baja_v1_short,2026-07-05T18:33:21.405580+00:00,corto_tp070_sl035_240m,short,sgd_63_sin_pesos,base,sgd,63,validacion_2023,0.15,0.001,521900,706177,320329,0.2094366736922782,0.2349982432323634,1.1220491573392843,0.5552401614729819,0.2100934818997759,21.00934818997759,0.9898083344769224,0.3466154923102306,5820,406775,1114,108191,1623,0.2624768946395563,26.24768946395564,35.05853357979051,-0.0009732932130956,-0.0045000001080334,0.6374988032040437,-0.7974642628393307,-0.7975376402940777,79.72520024645718,0.1422289482637697
baja_v1_short,2026-07-05T18:33:21.559577+00:00,corto_tp070_sl035_240m,short,sgd_63_sin_pesos,base,sgd,63,validacion_2023,0.16,0.001,521900,706177,320329,0.2094366736922782,0.2349982432323634,1.1220491573392843,0.5552401614729819,0.210365336592726,21.036533659272603,0.9872649924523124,0.3468287791426422,7529,405066,1392,107913,1879,0.261841405002661,26.1841405002661,34.85896753592336,-0.0009835241339374,-0.0045000001080334,0.6343576539285154,-0.8455641762565814,-0.8456201274078543,79.57317722192656,0.1374338445390225
baja_v1_short,2026-07-05T18:33:21.717684+00:00,corto_tp070_sl035_240m,short,sgd_63_sin_pesos,base,sgd,63,validacion_2023,0.17,0.001,521900,706177,320329,0.2094366736922782,0.2349982432323634,1.1220491573392843,0.5552401614729819,0.2107862543655755,21.078625436557555,0.9839623073052468,0.3471956122780031,9905,402690,1753,107552,2138,0.2609915809167446,26.09915809167446,34.70533208606174,-0.0009841122377399,-0.0045000001080334,0.6331397425827295,-0.8807672534809868,-0.8808104507733991,80.87745556594949,0.1332025126571223
baja_v1_short,2026-07-05T18:33:21.924225+00:00,corto_tp070_sl035_240m,short,sgd_63_sin_pesos,base,sgd,63,validacion_2023,0.18,0.001,521900,706177,320329,0.2094366736922782,0.2349982432323634,1.1220491573392843,0.5552401614729819,0.2113204641741719,21.13204641741719,0.97928731531037,0.3476265712304677,13102,399493,2264,107041,2436,0.2557471264367816,25.57471264367816,34.441707717569784,-0.001018288486908,-0.0045000001080334,0.6220507989467011,-0.918428362100999,-0.9184579150048592,82.51765188834155,0.1398493329673281
baja_v1_short,2026-07-05T18:33:22.105780+00:00,corto_tp070_sl035_240m,short,sgd_63_sin_pesos,base,sgd,63,validacion_2023,0.19,0.001,521900,706177,320329,0.2094366736922782,0.2349982432323634,1.1220491573392843,0.5552401614729819,0.2119654880055857,21.196548800558578,0.972078130003202,0.3480395689344557,17573,395022,3052,106253,2816,0.2475142045454545,24.751420454545457,33.66477272727273,-0.0011015863296616,-0.0045000001080334,0.5960179793548416,-0.9566532965208778,-0.9563685839436856,83.2549715909091,0.1388912746459439
baja_v1_short,2026-07-05T18:33:22.333470+00:00,corto_tp070_sl035_240m,short,sgd_63_sin_pesos,base,sgd,63,validacion_2023,0.2,0.001,521900,706177,320329,0.2094366736922782,0.2349982432323634,1.1220491573392843,0.5552401614729819,0.212712362053255,21.271236205325504,0.961053931659119,0.3483283733037113,23793,388802,4257,105048,3195,0.2497652582159624,24.976525821596244,33.80281690140845,-0.0010829353888551,-0.0045000001080334,0.6027230216512561,-0.9696929837511264,-0.969623348610272,84.18341158059468,0.1352771669248904
baja_v1_short,2026-07-05T18:33:22.590200+00:00,corto_tp070_sl035_240m,short,sgd_63_sin_pesos,base,sgd,63,validacion_2023,0.21,0.001,521900,706177,320329,0.2094366736922782,0.2349982432323634,1.1220491573392843,0.5552401614729819,0.2139386936047017,21.393869360470173,0.9451351722245094,0.3489009458097134,33017,379578,5997,103308,3573,0.2538483067450321,25.384830674503217,34.22893926672264,-0.0010450460544533,-0.0045000001080334,0.6150188704198288,-0.9773485701182862,-0.9770002552618244,84.1642877134061,0.1435612525367776
baja_v1_short,2026-07-05T18:33:22.822713+00:00,corto_tp070_sl035_240m,short,sgd_63_sin_pesos,base,sgd,63,validacion_2023,0.22,0.001,521900,706177,320329,0.2094366736922782,0.2349982432323634,1.1220491573392843,0.5552401614729819,0.2160061145318615,21.60061145318615,0.9230410319747496,0.3500864867303158,46404,366191,8412,100893,3904,0.2525614754098361,25.25614754098361,34.06762295081967,-0.001048878060651,-0.0045000001080334,0.6128387961109909,-0.9840157714264725,-0.9840215624144,85.78509221311475,0.1428921141748317
baja_v1_short,2026-07-05T18:33:23.081992+00:00,corto_tp070_sl035_240m,short,sgd_63_sin_pesos,base,sgd,63,validacion_2023,0.23,0.001,521900,706177,320329,0.2094366736922782,0.2349982432323634,1.1220491573392843,0.5552401614729819,0.2191717684512983,21.91717684512983,0.8918439229678423,0.3518708354689903,65299,347296,11822,97483,4219,0.2519554396776487,25.195543967764877,33.87058544678834,-0.001061111424058,-0.0045000001080334,0.6098078591779813,-0.9891837714536202,-0.9891322692229488,86.61175634036502,0.1465314296716638
baja_v1_short,2026-07-05T18:33:23.503783+00:00,corto_tp070_sl035_240m,short,sgd_63_sin_pesos,base,sgd,63,validacion_2023,0.24,0.001,521900,706177,320329,0.2094366736922782,0.2349982432323634,1.1220491573392843,0.5552401614729819,0.2232740377057308,22.327403770573085,0.8445725264169068,0.3531801748378828,91446,321149,16989,92316,4479,0.2534047778521991,25.34047778521992,34.11475775842822,-0.0010577378486161,-0.0045000001080334,0.6115947703811135,-0.9916980834672134,-0.9916512977460408,86.63607948202724,0.1648713772010492
baja_v1_short,2026-07-05T18:33:23.908362+00:00,corto_tp070_sl035_240m,short,sgd_63_sin_pesos,base,sgd,63,validacion_2023,0.25,0.001,521900,706177,320329,0.2094366736922782,0.2349982432323634,1.1220491573392843,0.5552401614729819,0.2276424072703082,22.764240727030828,0.7764146196422853,0.352061463279051,124657,287938,24439,84866,4536,0.2590388007054673,25.903880070546737,34.016754850088184,-0.0010229977171555,-0.0045000001080334,0.6228369859139604,-0.9908743947091526,-0.9908064550505268,87.71318342151676,0.1666380243252171
baja_v1_short,2026-07-05T18:33:24.348232+00:00,corto_tp070_sl035_240m,short,sgd_63_sin_pesos,base,sgd,63,validacion_2023,0.26,0.001,521900,706177,320329,0.2094366736922782,0.2349982432323634,1.1220491573392843,0.5552401614729819,0.2323424531680655,23.234245316806557,0.6825305338273638,0.3466728624535315,166104,246491,34701,74604,4487,0.2554045018943615,25.540450189436147,33.94250055716515,-0.0010694983050363,-0.0045000001080334,0.6100729746828817,-0.9921643364605072,-0.9921509539562056,88.56697125027858,0.1840936208750567
baja_v1_short,2026-07-05T18:33:24.723830+00:00,corto_tp070_sl035_240m,short,sgd_63_sin_pesos,base,sgd,63,validacion_2023,0.27,0.001,521900,706177,320329,0.2094366736922782,0.2349982432323634,1.1220491573392843,0.5552401614729819,0.2372030252113764,23.720302521137647,0.5644023603677782,0.3340245705034841,214206,198389,47613,61692,4252,0.2652869238005644,26.528692380056444,34.28974600188147,-0.001017741873496,-0.0045000001080334,0.6284169814962572,-0.9874245126933208,-0.9874008130145436,88.41110065851365,0.1504700424884789
baja_v1_short,2026-07-05T18:33:25.198182+00:00,corto_tp070_sl035_240m,short,sgd_63_sin_pesos,base,sgd,63,validacion_2023,0.28,0.001,521900,706177,320329,0.2094366736922782,0.2349982432323634,1.1220491573392843,0.5552401614729819,0.2404261057173678,24.042610571736788,0.4241160056722016,0.3068836658160141,266137,146458,62947,46358,3815,0.2689384010484928,26.89384010484928,34.12844036697248,-0.0010021735026028,-0.0045000001080334,0.63386271482631,-0.979194963957368,-0.9790446589693405,88.50589777195282,0.163849967943774
baja_v1_short,2026-07-05T18:33:25.555142+00:00,corto_tp070_sl035_240m,short,sgd_63_sin_pesos,base,sgd,63,validacion_2023,0.29,0.001,521900,706177,320329,0.2094366736922782,0.2349982432323634,1.1220491573392843,0.5552401614729819,0.2444785062356302,24.44785062356302,0.2889254837381638,0.2648501773718771,314999,97596,77724,31581,3174,0.2668557025834908,26.685570258349085,33.90044108380592,-0.0010289450482708,-0.0045000001080334,0.6269004635115315,-0.9633139777222078,-0.9631524484675562,88.35507246376811,0.1642308520808794
baja_v1_short,2026-07-05T18:33:25.929654+00:00,corto_tp070_sl035_240m,short,sgd_63_sin_pesos,base,sgd,63,validacion_2023,0.3,0.001,521900,706177,320329,0.2094366736922782,0.2349982432323634,1.1220491573392843,0.5552401614729819,0.2483177969947232,24.831779699472325,0.175225287040849,0.2054646098393014,354617,57978,90152,19153,2344,0.276877133105802,27.687713310580204,33.95904436860068,-0.0009950683804513,-0.0045000001080334,0.6384867896862935,-0.9054098898816908,-0.9054494302207616,87.82892491467577,0.1460610127659479
baja_v1_short,2026-07-05T18:33:26.387602+00:00,corto_tp070_sl035_240m,short,sgd_63_sin_pesos,base,sgd,63,validacion_2023,0.31,0.001,521900,706177,320329,0.2094366736922782,0.2349982432323634,1.1220491573392843,0.5552401614729819,0.2439096122739081,24.39096122739081,0.0910479849961118,0.1325987462276909,381745,30850,99353,9952,1577,0.2859860494610019,28.598604946100192,35.89093214965124,-0.0008526986445209,-0.0045000001080334,0.6829268780936111,-0.7450035935145924,-0.7439600610657329,90.26569435637286,0.1650105351782561
baja_v1_short,2026-07-05T18:33:26.744917+00:00,corto_tp070_sl035_240m,short,sgd_63_sin_pesos,base,sgd,63,validacion_2023,0.32,0.001,521900,706177,320329,0.2094366736922782,0.2349982432323634,1.1220491573392843,0.5552401614729819,0.2406338545492706,24.063385454927065,0.0419559946937468,0.0714536120221559,398123,14472,104719,4586,955,0.2837696335078534,28.37696335078534,34.86910994764398,-0.0009737085483693,-0.0045000001080334,0.646954521846228,-0.6078698244541623,-0.6096344102864817,87.30366492146597,0.19567671201297
baja_v1_short,2026-07-05T18:33:26.975906+00:00,corto_tp070_sl035_240m,short,sgd_63_sin_pesos,base,sgd,63,validacion_2023,0.33,0.001,521900,706177,320329,0.2094366736922782,0.2349982432323634,1.1220491573392843,0.5552401614729819,0.2399318651904124,23.993186519041245,0.0180412606925575,0.0335591028215513,406348,6247,107333,1972,489,0.2719836400817996,27.19836400817996,34.151329243353786,-0.0010263704319865,-0.0045000001080334,0.6284571234666061,-0.4039066228587141,-0.3979036261277097,91.88139059304704,0.177599720455804
baja_v1_short,2026-07-05T18:33:27.147906+00:00,corto_tp070_sl035_240m,short,sgd_63_sin_pesos,base,sgd,63,validacion_2023,0.34,0.001,521900,706177,320329,0.2094366736922782,0.2349982432323634,1.1220491573392843,0.5552401614729819,0.2296759522455941,22.96759522455941,0.0073921595535428,0.0143233205995231,409885,2710,108497,808,257,0.2879377431906614,28.793774319066145,34.63035019455253,-0.0009874752701533,-0.0045000001080334,0.6460933020103484,-0.2286179612343082,-0.226416830751083,82.63035019455253,0.2299422925789641
baja_v1_short,2026-07-05T18:33:27.278103+00:00,corto_tp070_sl035_240m,short,sgd_63_sin_pesos,base,sgd,63,validacion_2023,0.35,0.001,521900,706177,320329,0.2094366736922782,0.2349982432323634,1.1220491573392843,0.5552401614729819,0.1910569105691057,19.10569105691057,0.0030099263528658,0.005926486350167,411202,1393,108976,329,125,0.272,27.200000000000003,33.6,-0.0010542860016576,-0.0045000001080334,0.6221605650756665,-0.1285530831683757,-0.1246964837677808,82.152,0.3214930900914879
baja_v1_short,2026-07-05T18:33:27.416089+00:00,corto_tp070_sl035_240m,short,sgd_63_sin_pesos,base,sgd,63,validacion_2023,0.36,0.001,521900,706177,320329,0.2094366736922782,0.2349982432323634,1.1220491573392843,0.5552401614729819,0.1285425101214574,12.854251012145747,0.0011618864644801,0.0023029566699609,411734,861,109178,127,55,0.2,20.0,27.27272727272727,-0.0016075107778253,-0.0045000001080334,0.4431077815875122,-0.0823333713023242,-0.0851172309427128,93.21818181818182,0.3393162651446888
baja_v1_short,2026-07-05T18:33:27.559178+00:00,corto_tp070_sl035_240m,short,sgd_63_sin_pesos,base,sgd,63,validacion_2023,0.37,0.001,521900,706177,320329,0.2094366736922782,0.2349982432323634,1.1220491573392843,0.5552401614729819,0.0746054519368723,7.4605451936872305,0.0004757330405745,0.0009454373556844,411950,645,109253,52,33,0.2727272727272727,27.27272727272727,36.36363636363637,-0.000340005804587,-0.000727496469859,0.8361950099184714,-0.0278065171931545,-0.0114601194000869,119.87878787878788,0.3842122537414305
baja_v1_short,2026-07-05T18:33:27.693675+00:00,corto_tp070_sl035_240m,short,sgd_63_sin_pesos,base,sgd,63,validacion_2023,0.38,0.001,521900,706177,320329,0.2094366736922782,0.2349982432323634,1.1220491573392843,0.5552401614729819,0.0227703984819734,2.2770398481973437,0.0001097845478248,0.0002185155510233,412080,515,109293,12,20,0.15,15.0,25.0,-0.0011330597238847,-0.0012638146397657,0.4660981007017323,-0.0268505549868959,-0.022543869755887,143.6,0.3941351275752401
baja_v1_short,2026-07-05T18:33:27.856221+00:00,corto_tp070_sl035_240m,short,sgd_63_sin_pesos,base,sgd,63,validacion_2023,0.39,0.001,521900,706177,320329,0.2094366736922782,0.2349982432323634,1.1220491573392843,0.5552401614729819,0.002375296912114,0.2375296912114014,9.148712318741138e-06,1.8227220531141207e-05,412175,420,109304,1,14,0.0714285714285714,7.142857142857142,21.428571428571427,-0.0018139879321658,-0.0020326609481126,0.2290235352908178,-0.0229291820476047,-0.025158387297691,131.07142857142858,0.6497129505785929
baja_v1_short,2026-07-05T18:33:27.991617+00:00,corto_tp070_sl035_240m,short,sgd_63_sin_pesos,base,sgd,63,validacion_2023,0.4,0.001,521900,706177,320329,0.2094366736922782,0.2349982432323634,1.1220491573392843,0.5552401614729819,0.0,0.0,0.0,0.0,412258,337,109305,0,11,0.0,0.0,18.181818181818183,-0.0021817793711088,-0.0017838032906875,0.0324424651513216,-0.0212899196167306,-0.0237599569750961,159.0,0.562510019568405
baja_v1_short,2026-07-05T18:33:28.120373+00:00,corto_tp070_sl035_240m,short,sgd_63_sin_pesos,base,sgd,63,validacion_2023,0.41,0.001,521900,706177,320329,0.2094366736922782,0.2349982432323634,1.1220491573392843,0.5552401614729819,0.0,0.0,0.0,0.0,412299,296,109305,0,11,0.0,0.0,18.181818181818183,-0.002207791919693,-0.0020537403868511,0.0314470858027211,-0.0215704156727303,-0.024039745124075,158.9090909090909,0.555882438824686
baja_v1_short,2026-07-05T18:33:28.269647+00:00,corto_tp070_sl035_240m,short,sgd_63_sin_pesos,base,sgd,63,validacion_2023,0.42,0.001,521900,706177,320329,0.2094366736922782,0.2349982432323634,1.1220491573392843,0.5552401614729819,0.0,0.0,0.0,0.0,412363,232,109305,0,9,0.0,0.0,22.22222222222222,-0.0023650330171609,-0.0025237681800499,0.004267744021657,-0.0186267246516752,-0.0211034832967507,140.88888888888889,0.6342406322139865
baja_v1_short,2026-07-05T18:33:28.396405+00:00,corto_tp070_sl035_240m,short,sgd_63_sin_pesos,base,sgd,63,validacion_2023,0.43,0.001,521900,706177,320329,0.2094366736922782,0.2349982432323634,1.1220491573392843,0.5552401614729819,0.0,0.0,0.0,0.0,412415,180,109305,0,8,0.0,0.0,12.5,-0.0022828739199903,-0.0025416380192618,0.0603540342589393,-0.0151418528460434,-0.0181350621031211,154.625,0.5072001054648275
baja_v1_short,2026-07-05T18:33:28.523003+00:00,corto_tp070_sl035_240m,short,sgd_63_sin_pesos,base,sgd,63,validacion_2023,0.44,0.001,521900,706177,320329,0.2094366736922782,0.2349982432323634,1.1220491573392843,0.5552401614729819,0.0,0.0,0.0,0.0,412449,146,109305,0,7,0.0,0.0,14.285714285714285,-0.002120346814527,-0.00166271238029,0.0732443712906862,-0.0150797080670743,-0.0147651087997968,142.42857142857142,0.6063698201502774
baja_v1_short,2026-07-05T18:33:28.642840+00:00,corto_tp070_sl035_240m,short,sgd_63_sin_pesos,base,sgd,63,validacion_2023,0.45,0.001,521900,706177,320329,0.2094366736922782,0.2349982432323634,1.1220491573392843,0.5552401614729819,0.0,0.0,0.0,0.0,412465,130,109305,0,7,0.0,0.0,14.285714285714285,-0.002120346814527,-0.00166271238029,0.0732443712906862,-0.0150797080670743,-0.0147651087997968,142.42857142857142,0.6063698201502774
baja_v1_short,2026-07-05T18:33:28.767901+00:00,corto_tp070_sl035_240m,short,sgd_63_sin_pesos,base,sgd,63,validacion_2023,0.46,0.001,521900,706177,320329,0.2094366736922782,0.2349982432323634,1.1220491573392843,0.5552401614729819,0.0,0.0,0.0,0.0,412491,104,109305,0,6,0.0,0.0,16.666666666666664,-0.0017448437148317,-0.0012007743314607,0.0977151453694908,-0.01062753185353,-0.0104368468245585,166.0,0.5701620657309653
baja_v1_short,2026-07-05T18:33:28.931547+00:00,corto_tp070_sl035_240m,short,sgd_63_sin_pesos,base,sgd,63,validacion_2023,0.47,0.001,521900,706177,320329,0.2094366736922782,0.2349982432323634,1.1220491573392843,0.5552401614729819,0.0,0.0,0.0,0.0,412507,88,109305,0,4,0.0,0.0,25.0,-0.0012352548399358,-0.0004700612005544,0.0917448363635919,-0.0045000001080334,-0.0049393537574825,188.25,1.0
baja_v1_short,2026-07-05T18:33:29.111937+00:00,corto_tp070_sl035_240m,short,sgd_63_sin_pesos,base,sgd,63,validacion_2023,0.48,0.001,521900,706177,320329,0.2094366736922782,0.2349982432323634,1.1220491573392843,0.5552401614729819,0.0,0.0,0.0,0.0,412520,75,109305,0,3,0.0,0.0,33.33333333333333,-0.0014007276923706,-0.0002012861184775,0.1061631062973088,-0.0045000001080334,-0.0042036232642373,170.66666666666666,1.0
baja_v1_short,2026-07-05T18:33:29.317676+00:00,corto_tp070_sl035_240m,short,sgd_63_sin_pesos,base,sgd,63,validacion_2023,0.49,0.001,521900,706177,320329,0.2094366736922782,0.2349982432323634,1.1220491573392843,0.5552401614729819,0.0,0.0,0.0,0.0,412534,61,109305,0,3,0.0,0.0,33.33333333333333,-0.0013964794644465,-0.0001885419003665,0.1064517741690823,-0.0045000001080334,-0.0041909295995744,170.66666666666666,1.0
baja_v1_short,2026-07-05T18:33:29.490695+00:00,corto_tp070_sl035_240m,short,sgd_63_sin_pesos,base,sgd,63,validacion_2023,0.5,0.001,521900,706177,320329,0.2094366736922782,0.2349982432323634,1.1220491573392843,0.5552401614729819,0.0,0.0,0.0,0.0,412547,48,109305,0,3,0.0,0.0,33.33333333333333,-0.0013964794644465,-0.0001885419003665,0.1064517741690823,-0.0045000001080334,-0.0041909295995744,170.66666666666666,1.0
baja_v1_short,2026-07-05T18:33:29.651167+00:00,corto_tp070_sl035_240m,short,sgd_63_sin_pesos,base,sgd,63,validacion_2023,0.51,0.001,521900,706177,320329,0.2094366736922782,0.2349982432323634,1.1220491573392843,0.5552401614729819,0.0,0.0,0.0,0.0,412558,37,109305,0,2,0.0,0.0,50.0,-0.0020004482464864,-0.0020004482464864,0.1109119117951679,-0.0045000001080334,-0.0040031424592945,135.5,1.0
baja_v1_short,2026-07-05T18:33:29.824896+00:00,corto_tp070_sl035_240m,short,sgd_63_sin_pesos,base,sgd,63,validacion_2023,0.52,0.001,521900,706177,320329,0.2094366736922782,0.2349982432323634,1.1220491573392843,0.5552401614729819,0.0,0.0,0.0,0.0,412570,25,109305,0,2,0.0,0.0,50.0,-0.0018009236771613,-0.0018009236771613,0.1995894960329802,-0.0045000001080334,-0.0036058890418112,135.0,1.0
baja_v1_short,2026-07-05T18:33:30.025869+00:00,corto_tp070_sl035_240m,short,sgd_63_sin_pesos,base,sgd,63,validacion_2023,0.53,0.001,521900,706177,320329,0.2094366736922782,0.2349982432323634,1.1220491573392843,0.5552401614729819,0.0,0.0,0.0,0.0,412573,22,109305,0,2,0.0,0.0,50.0,-0.0018007538272067,-0.0018007538272067,0.1996649848998548,-0.0045000001080334,-0.0036055508705518,133.5,1.0
baja_v1_short,2026-07-05T18:33:30.225142+00:00,corto_tp070_sl035_240m,short,sgd_63_sin_pesos,base,sgd,63,validacion_2023,0.54,0.001,521900,706177,320329,0.2094366736922782,0.2349982432323634,1.1220491573392843,0.5552401614729819,0.0,0.0,0.0,0.0,412574,21,109305,0,1,0.0,0.0,100.0,0.0008984924536198,0.0008984924536198,inf,0.0,0.0008984924536199,240.0,1.0
baja_v1_short,2026-07-05T18:33:30.375902+00:00,corto_tp070_sl035_240m,short,sgd_63_sin_pesos,base,sgd,63,validacion_2023,0.55,0.001,521900,706177,320329,0.2094366736922782,0.2349982432323634,1.1220491573392843,0.5552401614729819,0.0,0.0,0.0,0.0,412575,20,109305,0,1,0.0,0.0,100.0,0.0008984924536198,0.0008984924536198,inf,0.0,0.0008984924536199,240.0,1.0
baja_v1_short,2026-07-05T18:33:30.604237+00:00,corto_tp070_sl035_240m,short,sgd_63_sin_pesos,base,sgd,63,validacion_2023,0.56,0.001,521900,706177,320329,0.2094366736922782,0.2349982432323634,1.1220491573392843,0.5552401614729819,0.0,0.0,0.0,0.0,412577,18,109305,0,1,0.0,0.0,100.0,0.0008984924536198,0.0008984924536198,inf,0.0,0.0008984924536199,240.0,1.0
baja_v1_short,2026-07-05T18:33:30.792628+00:00,corto_tp070_sl035_240m,short,sgd_63_sin_pesos,base,sgd,63,validacion_2023,0.57,0.001,521900,706177,320329,0.2094366736922782,0.2349982432323634,1.1220491573392843,0.5552401614729819,0.0,0.0,0.0,0.0,412578,17,109305,0,1,0.0,0.0,100.0,0.0008733978504315,0.0008733978504315,inf,0.0,0.0008733978504316,240.0,1.0
baja_v1_short,2026-07-05T18:33:30.945007+00:00,corto_tp070_sl035_240m,short,sgd_63_sin_pesos,base,sgd,63,validacion_2023,0.58,0.001,521900,706177,320329,0.2094366736922782,0.2349982432323634,1.1220491573392843,0.5552401614729819,0.0,0.0,0.0,0.0,412578,17,109305,0,1,0.0,0.0,100.0,0.0008733978504315,0.0008733978504315,inf,0.0,0.0008733978504316,240.0,1.0
baja_v1_short,2026-07-05T18:33:31.105008+00:00,corto_tp070_sl035_240m,short,sgd_63_sin_pesos,base,sgd,63,validacion_2023,0.59,0.001,521900,706177,320329,0.2094366736922782,0.2349982432323634,1.1220491573392843,0.5552401614729819,0.0,0.0,0.0,0.0,412579,16,109305,0,1,0.0,0.0,100.0,0.0008737375503405,0.0008737375503405,inf,0.0,0.0008737375503407,240.0,1.0
baja_v1_short,2026-07-05T18:33:31.260342+00:00,corto_tp070_sl035_240m,short,sgd_63_sin_pesos,base,sgd,63,validacion_2023,0.6,0.001,521900,706177,320329,0.2094366736922782,0.2349982432323634,1.1220491573392843,0.5552401614729819,0.0,0.0,0.0,0.0,412579,16,109305,0,1,0.0,0.0,100.0,0.0008737375503405,0.0008737375503405,inf,0.0,0.0008737375503407,240.0,1.0
baja_v1_short,2026-07-05T18:33:31.415471+00:00,corto_tp070_sl035_240m,short,sgd_63_sin_pesos,base,sgd,63,validacion_2023,0.61,0.001,521900,706177,320329,0.2094366736922782,0.2349982432323634,1.1220491573392843,0.5552401614729819,0.0,0.0,0.0,0.0,412582,13,109305,0,1,0.0,0.0,100.0,0.0008404405564069,0.0008404405564069,inf,0.0,0.000840440556407,240.0,1.0
baja_v1_short,2026-07-05T18:33:31.605907+00:00,corto_tp070_sl035_240m,short,sgd_63_sin_pesos,base,sgd,63,validacion_2023,0.62,0.001,521900,706177,320329,0.2094366736922782,0.2349982432323634,1.1220491573392843,0.5552401614729819,0.0,0.0,0.0,0.0,412585,10,109305,0,1,0.0,0.0,100.0,0.0012886069491505,0.0012886069491505,inf,0.0,0.0012886069491506,240.0,1.0
baja_v1_short,2026-07-05T18:33:31.789459+00:00,corto_tp070_sl035_240m,short,sgd_63_sin_pesos,base,sgd,63,validacion_2023,0.63,0.001,521900,706177,320329,0.2094366736922782,0.2349982432323634,1.1220491573392843,0.5552401614729819,0.0,0.0,0.0,0.0,412587,8,109305,0,1,0.0,0.0,100.0,0.0012886069491505,0.0012886069491505,inf,0.0,0.0012886069491506,240.0,1.0
baja_v1_short,2026-07-05T18:33:32.005544+00:00,corto_tp070_sl035_240m,short,sgd_63_sin_pesos,base,sgd,63,validacion_2023,0.64,0.001,521900,706177,320329,0.2094366736922782,0.2349982432323634,1.1220491573392843,0.5552401614729819,0.0,0.0,0.0,0.0,412588,7,109305,0,1,0.0,0.0,100.0,0.0012892854176461,0.0012892854176461,inf,0.0,0.0012892854176462,240.0,1.0
baja_v1_short,2026-07-05T18:33:32.198971+00:00,corto_tp070_sl035_240m,short,sgd_63_sin_pesos,base,sgd,63,validacion_2023,0.65,0.001,521900,706177,320329,0.2094366736922782,0.2349982432323634,1.1220491573392843,0.5552401614729819,0.0,0.0,0.0,0.0,412593,2,109305,0,1,0.0,0.0,100.0,0.0016384014636278,0.0016384014636278,inf,0.0,0.0016384014636279,240.0,1.0
baja_v1_short,2026-07-05T18:33:32.380747+00:00,corto_tp070_sl035_240m,short,sgd_63_sin_pesos,base,sgd,63,validacion_2023,0.66,0.001,521900,706177,320329,0.2094366736922782,0.2349982432323634,1.1220491573392843,0.5552401614729819,0.0,0.0,0.0,0.0,412594,1,109305,0,1,0.0,0.0,100.0,0.0016247885543853,0.0016247885543853,inf,0.0,0.0016247885543854,240.0,1.0
baja_v1_short,2026-07-05T18:33:32.543865+00:00,corto_tp070_sl035_240m,short,sgd_63_sin_pesos,base,sgd,63,validacion_2023,0.67,0.001,521900,706177,320329,0.2094366736922782,0.2349982432323634,1.1220491573392843,0.5552401614729819,0.0,0.0,0.0,0.0,412595,0,109305,0,0,0.0,0.0,0.0,0.0,0.0,0.0,0.0,0.0,0.0,0.0
baja_v1_short,2026-07-05T18:33:32.694906+00:00,corto_tp070_sl035_240m,short,sgd_63_sin_pesos,base,sgd,63,validacion_2023,0.68,0.001,521900,706177,320329,0.2094366736922782,0.2349982432323634,1.1220491573392843,0.5552401614729819,0.0,0.0,0.0,0.0,412595,0,109305,0,0,0.0,0.0,0.0,0.0,0.0,0.0,0.0,0.0,0.0,0.0
baja_v1_short,2026-07-05T18:33:32.819691+00:00,corto_tp070_sl035_240m,short,sgd_63_sin_pesos,base,sgd,63,validacion_2023,0.69,0.001,521900,706177,320329,0.2094366736922782,0.2349982432323634,1.1220491573392843,0.5552401614729819,0.0,0.0,0.0,0.0,412595,0,109305,0,0,0.0,0.0,0.0,0.0,0.0,0.0,0.0,0.0,0.0,0.0
baja_v1_short,2026-07-05T18:33:32.936991+00:00,corto_tp070_sl035_240m,short,sgd_63_sin_pesos,base,sgd,63,validacion_2023,0.7,0.001,521900,706177,320329,0.2094366736922782,0.2349982432323634,1.1220491573392843,0.5552401614729819,0.0,0.0,0.0,0.0,412595,0,109305,0,0,0.0,0.0,0.0,0.0,0.0,0.0,0.0,0.0,0.0,0.0
baja_v1_short,2026-07-05T18:33:33.074853+00:00,corto_tp070_sl035_240m,short,sgd_63_sin_pesos,base,sgd,63,validacion_2023,0.71,0.001,521900,706177,320329,0.2094366736922782,0.2349982432323634,1.1220491573392843,0.5552401614729819,0.0,0.0,0.0,0.0,412595,0,109305,0,0,0.0,0.0,0.0,0.0,0.0,0.0,0.0,0.0,0.0,0.0
baja_v1_short,2026-07-05T18:33:33.212042+00:00,corto_tp070_sl035_240m,short,sgd_63_sin_pesos,base,sgd,63,validacion_2023,0.72,0.001,521900,706177,320329,0.2094366736922782,0.2349982432323634,1.1220491573392843,0.5552401614729819,0.0,0.0,0.0,0.0,412595,0,109305,0,0,0.0,0.0,0.0,0.0,0.0,0.0,0.0,0.0,0.0,0.0
baja_v1_short,2026-07-05T18:33:33.336046+00:00,corto_tp070_sl035_240m,short,sgd_63_sin_pesos,base,sgd,63,validacion_2023,0.73,0.001,521900,706177,320329,0.2094366736922782,0.2349982432323634,1.1220491573392843,0.5552401614729819,0.0,0.0,0.0,0.0,412595,0,109305,0,0,0.0,0.0,0.0,0.0,0.0,0.0,0.0,0.0,0.0,0.0
baja_v1_short,2026-07-05T18:33:33.445872+00:00,corto_tp070_sl035_240m,short,sgd_63_sin_pesos,base,sgd,63,validacion_2023,0.74,0.001,521900,706177,320329,0.2094366736922782,0.2349982432323634,1.1220491573392843,0.5552401614729819,0.0,0.0,0.0,0.0,412595,0,109305,0,0,0.0,0.0,0.0,0.0,0.0,0.0,0.0,0.0,0.0,0.0
baja_v1_short,2026-07-05T18:33:33.575114+00:00,corto_tp070_sl035_240m,short,sgd_63_sin_pesos,base,sgd,63,validacion_2023,0.75,0.001,521900,706177,320329,0.2094366736922782,0.2349982432323634,1.1220491573392843,0.5552401614729819,0.0,0.0,0.0,0.0,412595,0,109305,0,0,0.0,0.0,0.0,0.0,0.0,0.0,0.0,0.0,0.0,0.0
baja_v1_short,2026-07-05T18:33:33.692380+00:00,corto_tp070_sl035_240m,short,sgd_63_sin_pesos,base,sgd,63,validacion_2023,0.76,0.001,521900,706177,320329,0.2094366736922782,0.2349982432323634,1.1220491573392843,0.5552401614729819,0.0,0.0,0.0,0.0,412595,0,109305,0,0,0.0,0.0,0.0,0.0,0.0,0.0,0.0,0.0,0.0,0.0
baja_v1_short,2026-07-05T18:33:33.813449+00:00,corto_tp070_sl035_240m,short,sgd_63_sin_pesos,base,sgd,63,validacion_2023,0.77,0.001,521900,706177,320329,0.2094366736922782,0.2349982432323634,1.1220491573392843,0.5552401614729819,0.0,0.0,0.0,0.0,412595,0,109305,0,0,0.0,0.0,0.0,0.0,0.0,0.0,0.0,0.0,0.0,0.0
baja_v1_short,2026-07-05T18:33:33.940446+00:00,corto_tp070_sl035_240m,short,sgd_63_sin_pesos,base,sgd,63,validacion_2023,0.78,0.001,521900,706177,320329,0.2094366736922782,0.2349982432323634,1.1220491573392843,0.5552401614729819,0.0,0.0,0.0,0.0,412595,0,109305,0,0,0.0,0.0,0.0,0.0,0.0,0.0,0.0,0.0,0.0,0.0
baja_v1_short,2026-07-05T18:33:34.081523+00:00,corto_tp070_sl035_240m,short,sgd_63_sin_pesos,base,sgd,63,validacion_2023,0.79,0.001,521900,706177,320329,0.2094366736922782,0.2349982432323634,1.1220491573392843,0.5552401614729819,0.0,0.0,0.0,0.0,412595,0,109305,0,0,0.0,0.0,0.0,0.0,0.0,0.0,0.0,0.0,0.0,0.0
baja_v1_short,2026-07-05T18:33:34.218060+00:00,corto_tp070_sl035_240m,short,sgd_63_sin_pesos,base,sgd,63,validacion_2023,0.8,0.001,521900,706177,320329,0.2094366736922782,0.2349982432323634,1.1220491573392843,0.5552401614729819,0.0,0.0,0.0,0.0,412595,0,109305,0,0,0.0,0.0,0.0,0.0,0.0,0.0,0.0,0.0,0.0,0.0
baja_v1_short,2026-07-05T18:33:34.363288+00:00,corto_tp070_sl035_240m,short,sgd_63_sin_pesos,base,sgd,63,validacion_2023,0.81,0.001,521900,706177,320329,0.2094366736922782,0.2349982432323634,1.1220491573392843,0.5552401614729819,0.0,0.0,0.0,0.0,412595,0,109305,0,0,0.0,0.0,0.0,0.0,0.0,0.0,0.0,0.0,0.0,0.0
baja_v1_short,2026-07-05T18:33:34.523972+00:00,corto_tp070_sl035_240m,short,sgd_63_sin_pesos,base,sgd,63,validacion_2023,0.82,0.001,521900,706177,320329,0.2094366736922782,0.2349982432323634,1.1220491573392843,0.5552401614729819,0.0,0.0,0.0,0.0,412595,0,109305,0,0,0.0,0.0,0.0,0.0,0.0,0.0,0.0,0.0,0.0,0.0
baja_v1_short,2026-07-05T18:33:34.655444+00:00,corto_tp070_sl035_240m,short,sgd_63_sin_pesos,base,sgd,63,validacion_2023,0.83,0.001,521900,706177,320329,0.2094366736922782,0.2349982432323634,1.1220491573392843,0.5552401614729819,0.0,0.0,0.0,0.0,412595,0,109305,0,0,0.0,0.0,0.0,0.0,0.0,0.0,0.0,0.0,0.0,0.0
baja_v1_short,2026-07-05T18:33:34.767594+00:00,corto_tp070_sl035_240m,short,sgd_63_sin_pesos,base,sgd,63,validacion_2023,0.84,0.001,521900,706177,320329,0.2094366736922782,0.2349982432323634,1.1220491573392843,0.5552401614729819,0.0,0.0,0.0,0.0,412595,0,109305,0,0,0.0,0.0,0.0,0.0,0.0,0.0,0.0,0.0,0.0,0.0
baja_v1_short,2026-07-05T18:33:34.889587+00:00,corto_tp070_sl035_240m,short,sgd_63_sin_pesos,base,sgd,63,validacion_2023,0.85,0.001,521900,706177,320329,0.2094366736922782,0.2349982432323634,1.1220491573392843,0.5552401614729819,0.0,0.0,0.0,0.0,412595,0,109305,0,0,0.0,0.0,0.0,0.0,0.0,0.0,0.0,0.0,0.0,0.0
baja_v1_short,2026-07-05T18:33:35.003052+00:00,corto_tp070_sl035_240m,short,sgd_63_sin_pesos,base,sgd,63,validacion_2023,0.86,0.001,521900,706177,320329,0.2094366736922782,0.2349982432323634,1.1220491573392843,0.5552401614729819,0.0,0.0,0.0,0.0,412595,0,109305,0,0,0.0,0.0,0.0,0.0,0.0,0.0,0.0,0.0,0.0,0.0
baja_v1_short,2026-07-05T18:33:35.121066+00:00,corto_tp070_sl035_240m,short,sgd_63_sin_pesos,base,sgd,63,validacion_2023,0.87,0.001,521900,706177,320329,0.2094366736922782,0.2349982432323634,1.1220491573392843,0.5552401614729819,0.0,0.0,0.0,0.0,412595,0,109305,0,0,0.0,0.0,0.0,0.0,0.0,0.0,0.0,0.0,0.0,0.0
baja_v1_short,2026-07-05T18:33:35.247094+00:00,corto_tp070_sl035_240m,short,sgd_63_sin_pesos,base,sgd,63,validacion_2023,0.88,0.001,521900,706177,320329,0.2094366736922782,0.2349982432323634,1.1220491573392843,0.5552401614729819,0.0,0.0,0.0,0.0,412595,0,109305,0,0,0.0,0.0,0.0,0.0,0.0,0.0,0.0,0.0,0.0,0.0
baja_v1_short,2026-07-05T18:33:35.363340+00:00,corto_tp070_sl035_240m,short,sgd_63_sin_pesos,base,sgd,63,validacion_2023,0.89,0.001,521900,706177,320329,0.2094366736922782,0.2349982432323634,1.1220491573392843,0.5552401614729819,0.0,0.0,0.0,0.0,412595,0,109305,0,0,0.0,0.0,0.0,0.0,0.0,0.0,0.0,0.0,0.0,0.0
baja_v1_short,2026-07-05T18:33:35.483478+00:00,corto_tp070_sl035_240m,short,sgd_63_sin_pesos,base,sgd,63,validacion_2023,0.9,0.001,521900,706177,320329,0.2094366736922782,0.2349982432323634,1.1220491573392843,0.5552401614729819,0.0,0.0,0.0,0.0,412595,0,109305,0,0,0.0,0.0,0.0,0.0,0.0,0.0,0.0,0.0,0.0,0.0
baja_v1_short,2026-07-05T18:33:35.622341+00:00,corto_tp070_sl035_240m,short,sgd_63_sin_pesos,base,sgd,63,validacion_2023,0.91,0.001,521900,706177,320329,0.2094366736922782,0.2349982432323634,1.1220491573392843,0.5552401614729819,0.0,0.0,0.0,0.0,412595,0,109305,0,0,0.0,0.0,0.0,0.0,0.0,0.0,0.0,0.0,0.0,0.0
baja_v1_short,2026-07-05T18:33:35.746448+00:00,corto_tp070_sl035_240m,short,sgd_63_sin_pesos,base,sgd,63,validacion_2023,0.92,0.001,521900,706177,320329,0.2094366736922782,0.2349982432323634,1.1220491573392843,0.5552401614729819,0.0,0.0,0.0,0.0,412595,0,109305,0,0,0.0,0.0,0.0,0.0,0.0,0.0,0.0,0.0,0.0,0.0
baja_v1_short,2026-07-05T18:33:35.869356+00:00,corto_tp070_sl035_240m,short,sgd_63_sin_pesos,base,sgd,63,validacion_2023,0.93,0.001,521900,706177,320329,0.2094366736922782,0.2349982432323634,1.1220491573392843,0.5552401614729819,0.0,0.0,0.0,0.0,412595,0,109305,0,0,0.0,0.0,0.0,0.0,0.0,0.0,0.0,0.0,0.0,0.0
baja_v1_short,2026-07-05T18:33:36.013339+00:00,corto_tp070_sl035_240m,short,sgd_63_sin_pesos,base,sgd,63,validacion_2023,0.94,0.001,521900,706177,320329,0.2094366736922782,0.2349982432323634,1.1220491573392843,0.5552401614729819,0.0,0.0,0.0,0.0,412595,0,109305,0,0,0.0,0.0,0.0,0.0,0.0,0.0,0.0,0.0,0.0,0.0
baja_v1_short,2026-07-05T18:33:36.144810+00:00,corto_tp070_sl035_240m,short,sgd_63_sin_pesos,base,sgd,63,validacion_2023,0.95,0.001,521900,706177,320329,0.2094366736922782,0.2349982432323634,1.1220491573392843,0.5552401614729819,0.0,0.0,0.0,0.0,412595,0,109305,0,0,0.0,0.0,0.0,0.0,0.0,0.0,0.0,0.0,0.0,0.0
baja_v1_short,2026-07-05T18:33:56.650643+00:00,corto_tp070_sl035_240m,short,sgd_63_sin_pesos,base,sgd,63,validacion_2024,0.05,0.001,526800,1119012,429634,0.2620273348519362,0.3043625498367787,1.161567933394296,0.5680243078720215,0.2618612480004863,26.18612480004863,0.998565591584804,0.4149160011679464,224,388540,198,137838,121,0.2892561983471074,28.92561983471074,33.88429752066116,-0.0009361914112138,-0.0045000001080334,0.6611633114130376,-0.1184525991475033,-0.1083307343717221,68.25619834710744,0.3867028816214465
baja_v1_short,2026-07-05T18:33:56.783625+00:00,corto_tp070_sl035_240m,short,sgd_63_sin_pesos,base,sgd,63,validacion_2024,0.06,0.001,526800,1119012,429634,0.2620273348519362,0.3043625498367787,1.161567933394296,0.5680243078720215,0.2617964158360135,26.17964158360135,0.9977759425077516,0.4147664305676014,401,388363,307,137729,180,0.3,30.0,36.11111111111111,-0.0007380174510302,-0.0045000001080334,0.7208074456550484,-0.1286332118419474,-0.1261841384917013,73.38888888888889,0.3747948107593739
baja_v1_short,2026-07-05T18:33:56.942637+00:00,corto_tp070_sl035_240m,short,sgd_63_sin_pesos,base,sgd,63,validacion_2024,0.07,0.001,526800,1119012,429634,0.2620273348519362,0.3043625498367787,1.161567933394296,0.5680243078720215,0.2618065596225553,26.18065596225553,0.9969573154829175,0.4147083818007582,740,388024,420,137616,255,0.2745098039215686,27.450980392156865,32.549019607843135,-0.0009941646611642,-0.0045000001080334,0.6386807731021532,-0.2349944072735634,-0.2261315426917703,77.43529411764706,0.2344893462112617
baja_v1_short,2026-07-05T18:33:57.090683+00:00,corto_tp070_sl035_240m,short,sgd_63_sin_pesos,base,sgd,63,validacion_2024,0.08,0.001,526800,1119012,429634,0.2620273348519362,0.3043625498367787,1.161567933394296,0.5680243078720215,0.2620079516424313,26.200795164243136,0.996363267553392,0.4149095192915399,1375,387389,502,137534,362,0.2734806629834254,27.348066298342545,34.25414364640884,-0.0009040399266175,-0.0045000001080334,0.6625746512217427,-0.2983438206250691,-0.2819617413838793,79.99447513812154,0.2772750404336316
baja_v1_short,2026-07-05T18:33:57.250627+00:00,corto_tp070_sl035_240m,short,sgd_63_sin_pesos,base,sgd,63,validacion_2024,0.09,0.001,526800,1119012,429634,0.2620273348519362,0.3043625498367787,1.161567933394296,0.5680243078720215,0.2623438168265412,26.234381682654124,0.995399750789649,0.4152467587415757,2421,386343,635,137401,463,0.2591792656587473,25.917926565874733,33.04535637149028,-0.0010670571924659,-0.0045000001080334,0.6113506736165166,-0.4023132912630612,-0.3929008806393869,79.29805615550755,0.1614911978207114
baja_v1_short,2026-07-05T18:33:57.472761+00:00,corto_tp070_sl035_240m,short,sgd_63_sin_pesos,base,sgd,63,validacion_2024,0.1,0.001,526800,1119012,429634,0.2620273348519362,0.3043625498367787,1.161567933394296,0.5680243078720215,0.2627356982449826,26.27356982449826,0.9941971659567068,0.4156325194929486,3668,385096,801,137235,586,0.2474402730375426,24.744027303754265,32.25255972696246,-0.0011494300054637,-0.0045000001080334,0.5888526245129347,-0.5042131450554007,-0.4933360626616454,79.55460750853243,0.1663832007561691
baja_v1_short,2026-07-05T18:33:57.657901+00:00,corto_tp070_sl035_240m,short,sgd_63_sin_pesos,base,sgd,63,validacion_2024,0.11,0.001,526800,1119012,429634,0.2620273348519362,0.3043625498367787,1.161567933394296,0.5680243078720215,0.2632910078738039,26.329100787380387,0.9924874670375844,0.4161769463629059,5430,383334,1037,136999,770,0.2506493506493506,25.064935064935064,32.077922077922075,-0.0011417270209186,-0.0045000001080334,0.5919360651306154,-0.5950932976267524,-0.5883238104221495,79.74675324675324,0.1508535168817545
baja_v1_short,2026-07-05T18:33:57.837843+00:00,corto_tp070_sl035_240m,short,sgd_63_sin_pesos,base,sgd,63,validacion_2024,0.12,0.001,526800,1119012,429634,0.2620273348519362,0.3043625498367787,1.161567933394296,0.5680243078720215,0.2638195324819888,26.38195324819888,0.988981135355994,0.4165268226004284,7823,380941,1521,136515,948,0.2668776371308017,26.68776371308017,34.38818565400844,-0.0009662089684176,-0.0045000001080334,0.6433950755545264,-0.6117901540118095,-0.6040019614374909,82.17405063291139,0.1653115276832004
baja_v1_short,2026-07-05T18:33:57.992964+00:00,corto_tp070_sl035_240m,short,sgd_63_sin_pesos,base,sgd,63,validacion_2024,0.13,0.001,526800,1119012,429634,0.2620273348519362,0.3043625498367787,1.161567933394296,0.5680243078720215,0.2642450114707933,26.424501147079333,0.982960966704338,0.4165190617546208,10970,377794,2352,135684,1178,0.2741935483870967,27.41935483870968,35.059422750424446,-0.0009153237445561,-0.0045000001080334,0.6599168867333616,-0.6671879471510193,-0.664204001152269,81.43463497453311,0.1415733422839976
baja_v1_short,2026-07-05T18:33:58.179895+00:00,corto_tp070_sl035_240m,short,sgd_63_sin_pesos,base,sgd,63,validacion_2024,0.14,0.001,526800,1119012,429634,0.2620273348519362,0.3043625498367787,1.161567933394296,0.5680243078720215,0.2646593364250623,26.46593364250623,0.9752818105421774,0.4163382067557851,14719,374045,3412,134624,1395,0.2759856630824372,27.59856630824373,35.55555555555556,-0.0008866900514955,-0.0045000001080334,0.6701927039833083,-0.7169682588385224,-0.7141843151524134,82.07885304659499,0.1346812326338594
baja_v1_short,2026-07-05T18:33:58.346904+00:00,corto_tp070_sl035_240m,short,sgd_63_sin_pesos,base,sgd,63,validacion_2024,0.15,0.001,526800,1119012,429634,0.2620273348519362,0.3043625498367787,1.161567933394296,0.5680243078720215,0.2655953596601755,26.55953596601755,0.9666246486423832,0.4166967253943939,19816,368948,4607,133429,1706,0.2784290738569754,27.84290738569754,35.4630715123095,-0.0009031763236112,-0.0045000001080334,0.6664157946149747,-0.791395263470409,-0.7898345165581915,80.02696365767878,0.1526652676643169
baja_v1_short,2026-07-05T18:33:58.534841+00:00,corto_tp070_sl035_240m,short,sgd_63_sin_pesos,base,sgd,63,validacion_2024,0.16,0.001,526800,1119012,429634,0.2620273348519362,0.3043625498367787,1.161567933394296,0.5680243078720215,0.2670872190920277,26.70872190920277,0.9560621866759396,0.4175319703613711,26623,362141,6065,131971,2055,0.2763990267639902,27.639902676399025,34.647201946472016,-0.0009471126003063,-0.0045000001080334,0.654433618855786,-0.8621014857000338,-0.8604549137305687,78.1109489051095,0.1561126481048448
baja_v1_short,2026-07-05T18:33:58.717973+00:00,corto_tp070_sl035_240m,short,sgd_63_sin_pesos,base,sgd,63,validacion_2024,0.17,0.001,526800,1119012,429634,0.2620273348519362,0.3043625498367787,1.161567933394296,0.5680243078720215,0.2690992419506419,26.909924195064196,0.9417615694456518,0.418590348371807,35679,353085,8039,129997,2422,0.2729149463253509,27.29149463253509,33.732452518579684,-0.0010271072683282,-0.0045000001080334,0.631150625995804,-0.9193646490087,-0.9191269222906336,78.18455821635013,0.1526442811169088
baja_v1_short,2026-07-05T18:33:58.912900+00:00,corto_tp070_sl035_240m,short,sgd_63_sin_pesos,base,sgd,63,validacion_2024,0.18,0.001,526800,1119012,429634,0.2620273348519362,0.3043625498367787,1.161567933394296,0.5680243078720215,0.2716395731652639,27.163957316526396,0.9217160740676346,0.4196143228883238,47616,341148,10806,127230,2830,0.2840989399293286,28.40989399293286,34.55830388692579,-0.0009423560019373,-0.0045000001080334,0.6591104311948881,-0.9330319001250594,-0.9327355319483542,76.0939929328622,0.1586576282704254
baja_v1_short,2026-07-05T18:33:59.128907+00:00,corto_tp070_sl035_240m,short,sgd_63_sin_pesos,base,sgd,63,validacion_2024,0.19,0.001,526800,1119012,429634,0.2620273348519362,0.3043625498367787,1.161567933394296,0.5680243078720215,0.2747783023275474,27.477830232754748,0.8947593381436727,0.4204404260606411,62787,325977,14527,123509,3214,0.2874922215308027,28.74922215308027,34.78531425015557,-0.000933975584951,-0.0045000001080334,0.6634375245602153,-0.952315323390304,-0.95210429424822,74.69072806471686,0.1444717228025341
baja_v1_short,2026-07-05T18:33:59.402886+00:00,corto_tp070_sl035_240m,short,sgd_63_sin_pesos,base,sgd,63,validacion_2024,0.2,0.001,526800,1119012,429634,0.2620273348519362,0.3043625498367787,1.161567933394296,0.5680243078720215,0.2792782206512747,27.927822065127472,0.8608913616737662,0.421741136387834,82094,306670,19202,118834,3619,0.2940038684719536,29.40038684719536,34.78861563967947,-0.0009176801435469,-0.0045000001080334,0.6704565071310564,-0.9655249961707252,-0.965372426603336,72.19369991710417,0.1415462465133427
baja_v1_short,2026-07-05T18:33:59.708054+00:00,corto_tp070_sl035_240m,short,sgd_63_sin_pesos,base,sgd,63,validacion_2024,0.21,0.001,526800,1119012,429634,0.2620273348519362,0.3043625498367787,1.161567933394296,0.5680243078720215,0.2840272708212821,28.402727082128216,0.8145773566316034,0.4211928071217062,105324,283440,25595,112441,4046,0.2951062778052397,29.51062778052397,34.82451804251112,-0.0009388803376712,-0.0045000001080334,0.6658518407747579,-0.9787606123293464,-0.9786351930741928,69.10281759762728,0.1188201494953981
baja_v1_short,2026-07-05T18:33:59.995563+00:00,corto_tp070_sl035_240m,short,sgd_63_sin_pesos,base,sgd,63,validacion_2024,0.22,0.001,526800,1119012,429634,0.2620273348519362,0.3043625498367787,1.161567933394296,0.5680243078720215,0.2892530815412559,28.925308154125588,0.7556651887913298,0.4183647480903477,132458,256306,33727,104309,4414,0.2997281377435433,29.97281377435433,34.458541005890346,-0.0009552851327482,-0.0045000001080334,0.6638053325934253,-0.986084818787932,-0.9860026492032902,66.16175804259176,0.1260262782381537
baja_v1_short,2026-07-05T18:34:00.365626+00:00,corto_tp070_sl035_240m,short,sgd_63_sin_pesos,base,sgd,63,validacion_2024,0.23,0.001,526800,1119012,429634,0.2620273348519362,0.3043625498367787,1.161567933394296,0.5680243078720215,0.2939891394500868,29.398913945008687,0.6804819032716103,0.4105905263134888,163190,225574,44105,93931,4723,0.3074317171289434,30.743171712894345,34.19436798644929,-0.0009572230441738,-0.0045000001080334,0.666255717193987,-0.9898283216057342,-0.9897220065518628,62.15477450772814,0.1205189952988103
baja_v1_short,2026-07-05T18:34:00.677926+00:00,corto_tp070_sl035_240m,short,sgd_63_sin_pesos,base,sgd,63,validacion_2024,0.24,0.001,526800,1119012,429634,0.2620273348519362,0.3043625498367787,1.161567933394296,0.5680243078720215,0.2983932725774782,29.839327257747826,0.5956127387058449,0.3975965084085935,195451,193313,55820,82216,4783,0.3138197783817688,31.38197783817688,34.4553627430483,-0.0009301230869973,-0.0045000001080334,0.6763775088667232,-0.9890001021344618,-0.988967672566208,59.10244616349571,0.1160794694957983
baja_v1_short,2026-07-05T18:34:00.960817+00:00,corto_tp070_sl035_240m,short,sgd_63_sin_pesos,base,sgd,63,validacion_2024,0.25,0.001,526800,1119012,429634,0.2620273348519362,0.3043625498367787,1.161567933394296,0.5680243078720215,0.3029764741562324,30.29764741562324,0.5066069720942363,0.3791826399093388,227884,160880,68106,69930,4808,0.3146838602329451,31.46838602329451,34.130615640599,-0.000961041922588,-0.0045000001080334,0.6686744777185337,-0.9907789450382588,-0.9907159713827044,55.15661397670549,0.1170840619835828
baja_v1_short,2026-07-05T18:34:01.258574+00:00,corto_tp070_sl035_240m,short,sgd_63_sin_pesos,base,sgd,63,validacion_2024,0.26,0.001,526800,1119012,429634,0.2620273348519362,0.3043625498367787,1.161567933394296,0.5680243078720215,0.3085544520474484,30.855445204744846,0.4168332898664116,0.3546124642540183,259826,128938,80498,57538,4641,0.3210514975220858,32.105149752208575,34.23831070889894,-0.0009316659766354,-0.0045000001080334,0.6789389955022891,-0.9880853112083198,-0.9874887473760996,52.66839043309631,0.1201059645489354
baja_v1_short,2026-07-05T18:34:01.589954+00:00,corto_tp070_sl035_240m,short,sgd_63_sin_pesos,base,sgd,63,validacion_2024,0.27,0.001,526800,1119012,429634,0.2620273348519362,0.3043625498367787,1.161567933394296,0.5680243078720215,0.3146780322622914,31.467803226229147,0.3305514503462864,0.3224194887558075,289393,99371,92408,45628,4340,0.3223502304147465,32.235023041474655,34.17050691244239,-0.0009382742821629,-0.0045000001080334,0.6775878030006557,-0.9847241015031912,-0.9838495513361784,48.89147465437788,0.13020120978651
baja_v1_short,2026-07-05T18:34:01.836723+00:00,corto_tp070_sl035_240m,short,sgd_63_sin_pesos,base,sgd,63,validacion_2024,0.28,0.001,526800,1119012,429634,0.2620273348519362,0.3043625498367787,1.161567933394296,0.5680243078720215,0.3224462651136584,32.244626511365844,0.2528977947781738,0.2834684671882549,315410,73354,103127,34909,3882,0.3250901597114889,32.50901597114889,34.003091190108194,-0.0009531732916563,-0.0045000001080334,0.6747841041662027,-0.9777406307838032,-0.9764490099170872,44.18624420401855,0.1285038308706092
baja_v1_short,2026-07-05T18:34:02.049348+00:00,corto_tp070_sl035_240m,short,sgd_63_sin_pesos,base,sgd,63,validacion_2024,0.29,0.001,526800,1119012,429634,0.2620273348519362,0.3043625498367787,1.161567933394296,0.5680243078720215,0.3301855406269993,33.018554062699934,0.1869367411399924,0.2387203611704735,336418,52346,112232,25804,3385,0.3305760709010339,33.0576070901034,33.91432791728213,-0.0009346875654989,-0.0045000001080334,0.6819253990907204,-0.9613143282373356,-0.9595005857270996,40.86203840472673,0.1380540319219392
baja_v1_short,2026-07-05T18:34:02.277050+00:00,corto_tp070_sl035_240m,short,sgd_63_sin_pesos,base,sgd,63,validacion_2024,0.3,0.001,526800,1119012,429634,0.2620273348519362,0.3043625498367787,1.161567933394296,0.5680243078720215,0.33457524699253,33.457524699253,0.1307629893650931,0.1880355236086152,352865,35899,119986,18050,2825,0.3380530973451327,33.80530973451327,34.584070796460175,-0.0008736414096866,-0.0045000001080334,0.7008596248777642,-0.922528886804186,-0.9182286964115745,37.27433628318584,0.1403501717935537
baja_v1_short,2026-07-05T18:34:02.460996+00:00,corto_tp070_sl035_240m,short,sgd_63_sin_pesos,base,sgd,63,validacion_2024,0.31,0.001,526800,1119012,429634,0.2620273348519362,0.3043625498367787,1.161567933394296,0.5680243078720215,0.3343109331378133,33.43109331378133,0.0858833927381262,0.1366594235058819,365158,23606,126181,11855,2297,0.3447975620374401,34.47975620374402,34.8715716151502,-0.0008374817254294,-0.0045000001080334,0.7126969678748953,-0.8639459258044897,-0.8581545476742374,33.46147148454506,0.177235062733527
baja_v1_short,2026-07-05T18:34:02.637826+00:00,corto_tp070_sl035_240m,short,sgd_63_sin_pesos,base,sgd,63,validacion_2024,0.32,0.001,526800,1119012,429634,0.2620273348519362,0.3043625498367787,1.161567933394296,0.5680243078720215,0.3313285457809695,33.132854578096946,0.0534788026311976,0.0920931160957109,373866,14898,130654,7382,1818,0.352035203520352,35.203520352035206,35.58855885588559,-0.0007665365846584,-0.0045000001080334,0.7345023522475015,-0.7628718999884173,-0.7575324081918895,29.96864686468647,0.1980534059792559
baja_v1_short,2026-07-05T18:34:02.814824+00:00,corto_tp070_sl035_240m,short,sgd_63_sin_pesos,base,sgd,63,validacion_2024,0.33,0.001,526800,1119012,429634,0.2620273348519362,0.3043625498367787,1.161567933394296,0.5680243078720215,0.328816029143898,32.8816029143898,0.032694369584746,0.0594750957097014,379552,9212,133523,4513,1324,0.3323262839879154,33.23262839879154,33.53474320241692,-0.0009793229903005,-0.0045000001080334,0.6713822297141521,-0.7366359457280556,-0.7311017773892352,26.262084592145012,0.2083560532425088
baja_v1_short,2026-07-05T18:34:02.979758+00:00,corto_tp070_sl035_240m,short,sgd_63_sin_pesos,base,sgd,63,validacion_2024,0.34,0.001,526800,1119012,429634,0.2620273348519362,0.3043625498367787,1.161567933394296,0.5680243078720215,0.3337958145450341,33.37958145450341,0.0209148338114694,0.0393632614105055,383002,5762,135149,2887,948,0.3259493670886076,32.594936708860764,32.80590717299578,-0.0010539367292692,-0.0045000001080334,0.6502776905096553,-0.6410997398610403,-0.6361881473457647,23.037974683544306,0.2402084969761951
baja_v1_short,2026-07-05T18:34:03.122894+00:00,corto_tp070_sl035_240m,short,sgd_63_sin_pesos,base,sgd,63,validacion_2024,0.35,0.001,526800,1119012,429634,0.2620273348519362,0.3043625498367787,1.161567933394296,0.5680243078720215,0.3386159535129424,33.86159535129424,0.0139311483960705,0.0267612984030894,385008,3756,136113,1923,697,0.3328550932568149,33.28550932568149,33.572453371592545,-0.0009816214786946,-0.0045000001080334,0.6710020247450953,-0.5087963326368365,-0.4999487206098982,20.040172166427546,0.2960567959935911
baja_v1_short,2026-07-05T18:34:03.296846+00:00,corto_tp070_sl035_240m,short,sgd_63_sin_pesos,base,sgd,63,validacion_2024,0.36,0.001,526800,1119012,429634,0.2620273348519362,0.3043625498367787,1.161567933394296,0.5680243078720215,0.3454545454545454,34.54545454545455,0.0094975223854646,0.0184867906170019,386280,2484,136725,1311,515,0.3242718446601941,32.42718446601941,32.42718446601941,-0.0010876080230651,-0.0045000001080334,0.6414367726038247,-0.4553768259854154,-0.4325691027837698,16.493203883495145,0.2735630015549941
baja_v1_short,2026-07-05T18:34:03.476596+00:00,corto_tp070_sl035_240m,short,sgd_63_sin_pesos,base,sgd,63,validacion_2024,0.37,0.001,526800,1119012,429634,0.2620273348519362,0.3043625498367787,1.161567933394296,0.5680243078720215,0.3544068426924507,35.44068426924507,0.0069039960589991,0.013544146384793,387028,1736,137083,953,360,0.3083333333333333,30.833333333333336,31.11111111111111,-0.001249789431109,-0.0045000001080334,0.5968421286758496,-0.3771647902091449,-0.3651920714982968,14.444444444444445,0.2974347449589208
baja_v1_short,2026-07-05T18:34:03.703260+00:00,corto_tp070_sl035_240m,short,sgd_63_sin_pesos,base,sgd,63,validacion_2024,0.38,0.001,526800,1119012,429634,0.2620273348519362,0.3043625498367787,1.161567933394296,0.5680243078720215,0.3579407479358912,35.79407479358912,0.0053391868787852,0.0105214318855062,387442,1322,137299,737,256,0.3046875,30.46875,30.46875,-0.0013007812592841,-0.0045000001080334,0.5842696699347536,-0.293821337560093,-0.2855241533835456,12.12109375,0.2837837840292943
baja_v1_short,2026-07-05T18:34:03.872188+00:00,corto_tp070_sl035_240m,short,sgd_63_sin_pesos,base,sgd,63,validacion_2024,0.39,0.001,526800,1119012,429634,0.2620273348519362,0.3043625498367787,1.161567933394296,0.5680243078720215,0.3501501501501501,35.01501501501502,0.0042235358891883,0.008346396947767,387682,1082,137453,583,192,0.3177083333333333,31.77083333333333,31.77083333333333,-0.001164062505064,-0.0045000001080334,0.6208651474017963,-0.2114858443954447,-0.2022212665727997,11.515625,0.2363636359192013
baja_v1_short,2026-07-05T18:34:04.022725+00:00,corto_tp070_sl035_240m,short,sgd_63_sin_pesos,base,sgd,63,validacion_2024,0.4,0.001,526800,1119012,429634,0.2620273348519362,0.3043625498367787,1.161567933394296,0.5680243078720215,0.3459577567370721,34.595775673707216,0.0034411312990813,0.0068144811310604,387866,898,137561,475,150,0.3266666666666666,32.666666666666664,32.666666666666664,-0.0010700000021606,-0.0045000001080334,0.6468646942334249,-0.1673196354293477,-0.1499024671093798,11.753333333333334,0.2105263129393637
baja_v1_short,2026-07-05T18:34:04.182089+00:00,corto_tp070_sl035_240m,short,sgd_63_sin_pesos,base,sgd,63,validacion_2024,0.41,0.001,526800,1119012,429634,0.2620273348519362,0.3043625498367787,1.161567933394296,0.5680243078720215,0.333616298811545,33.3616298811545,0.0028470833695557,0.0056459838809315,387979,785,137643,393,126,0.3253968253968254,32.53968253968254,32.53968253968254,-0.0010833333359055,-0.0045000001080334,0.6431372626219957,-0.1352920439490541,-0.1289869132396349,9.84920634920635,0.2869565221748039
baja_v1_short,2026-07-05T18:34:04.341035+00:00,corto_tp070_sl035_240m,short,sgd_63_sin_pesos,base,sgd,63,validacion_2024,0.42,0.001,526800,1119012,429634,0.2620273348519362,0.3043625498367787,1.161567933394296,0.5680243078720215,0.3127572016460905,31.27572016460905,0.002202324031412,0.0043738489871086,388096,668,137732,304,108,0.3611111111111111,36.11111111111111,36.11111111111111,-0.0007083333243305,-0.0045000001080334,0.7536231974520734,-0.1031840130793709,-0.0749430091717671,9.11111111111111,0.4675324692088167
baja_v1_short,2026-07-05T18:34:04.474378+00:00,corto_tp070_sl035_240m,short,sgd_63_sin_pesos,base,sgd,63,validacion_2024,0.43,0.001,526800,1119012,429634,0.2620273348519362,0.3043625498367787,1.161567933394296,0.5680243078720215,0.2986698911729141,29.86698911729141,0.0017893882755223,0.0035574631111239,388184,580,137789,247,92,0.3804347826086957,38.04347826086957,38.04347826086957,-0.0004745973975944,-0.0045000001080334,0.8278701818453351,-0.0745095955840714,-0.0438691882862891,10.423913043478262,0.3546992229560687
baja_v1_short,2026-07-05T18:34:04.604553+00:00,corto_tp070_sl035_240m,short,sgd_63_sin_pesos,base,sgd,63,validacion_2024,0.44,0.001,526800,1119012,429634,0.2620273348519362,0.3043625498367787,1.161567933394296,0.5680243078720215,0.2839335180055402,28.39335180055402,0.001485119823814,0.0029547845889966,388247,517,137831,205,77,0.3116883116883117,31.16883116883117,31.16883116883117,-0.001190428084718,-0.0045000001080334,0.6110421445743764,-0.097891549011293,-0.0884626519456188,10.272727272727272,0.3378967771763816
baja_v1_short,2026-07-05T18:34:04.748040+00:00,corto_tp070_sl035_240m,short,sgd_63_sin_pesos,base,sgd,63,validacion_2024,0.45,0.001,526800,1119012,429634,0.2620273348519362,0.3043625498367787,1.161567933394296,0.5680243078720215,0.2792511700468019,27.92511700468019,0.0012967631632327,0.0025815383949753,388302,462,137857,179,60,0.2833333333333333,28.33333333333333,28.33333333333333,-0.0014838700949524,-0.0045000001080334,0.5339413913986912,-0.0939778177567826,-0.085854550458196,12.316666666666666,0.2170373020511839
baja_v1_short,2026-07-05T18:34:04.910290+00:00,corto_tp070_sl035_240m,short,sgd_63_sin_pesos,base,sgd,63,validacion_2024,0.46,0.001,526800,1119012,429634,0.2620273348519362,0.3043625498367787,1.161567933394296,0.5680243078720215,0.2711864406779661,27.11864406779661,0.0011591179112695,0.0023083692813757,388334,430,137876,160,50,0.3,30.0,30.0,-0.001294910504017,-0.0045000001080334,0.5816000251976288,-0.0744113868528963,-0.0632710019026797,11.6,0.3941014809583279
baja_v1_short,2026-07-05T18:34:05.104172+00:00,corto_tp070_sl035_240m,short,sgd_63_sin_pesos,base,sgd,63,validacion_2024,0.47,0.001,526800,1119012,429634,0.2620273348519362,0.3043625498367787,1.161567933394296,0.5680243078720215,0.272072072072072,27.207207207207208,0.0010939175287606,0.0021790736772229,388360,404,137885,151,38,0.2631578947368421,26.31578947368421,28.947368421052637,-0.0015990421601669,-0.0045000001080334,0.4998880606784757,-0.064991282437493,-0.0593812299300935,12.0,0.4075400572054279
baja_v1_short,2026-07-05T18:34:05.253169+00:00,corto_tp070_sl035_240m,short,sgd_63_sin_pesos,base,sgd,63,validacion_2024,0.48,0.001,526800,1119012,429634,0.2620273348519362,0.3043625498367787,1.161567933394296,0.5680243078720215,0.275049115913556,27.5049115913556,0.0010142281723608,0.0020210040059186,388395,369,137896,140,28,0.3214285714285714,32.142857142857146,35.714285714285715,-0.0009271707409726,-0.0045000001080334,0.6794965416792185,-0.0427819310320181,-0.0259624988624204,14.964285714285714,0.5208767898545048
baja_v1_short,2026-07-05T18:34:05.414346+00:00,corto_tp070_sl035_240m,short,sgd_63_sin_pesos,base,sgd,63,validacion_2024,0.49,0.001,526800,1119012,429634,0.2620273348519362,0.3043625498367787,1.161567933394296,0.5680243078720215,0.2810457516339869,28.10457516339869,0.000934538815961,0.0018628831365753,388434,330,137907,129,24,0.3333333333333333,33.33333333333333,37.5,-0.0007691991933,-0.0045000001080334,0.7265069600591766,-0.0355291320159125,-0.0185822597518934,16.416666666666668,0.3918011858260023
baja_v1_short,2026-07-05T18:34:05.578411+00:00,corto_tp070_sl035_240m,short,sgd_63_sin_pesos,base,sgd,63,validacion_2024,0.5,0.001,526800,1119012,429634,0.2620273348519362,0.3043625498367787,1.161567933394296,0.5680243078720215,0.290167865707434,29.016786570743403,0.0008765829203975,0.0017478855640542,388468,296,137915,121,21,0.2857142857142857,28.57142857142857,28.57142857142857,-0.0015000000154333,-0.0045000001080334,0.5333333397353136,-0.0412814435616897,-0.0312608539377912,14.523809523809524,0.4857142830097757
baja_v1_short,2026-07-05T18:34:05.736384+00:00,corto_tp070_sl035_240m,short,sgd_63_sin_pesos,base,sgd,63,validacion_2024,0.51,0.001,526800,1119012,429634,0.2620273348519362,0.3043625498367787,1.161567933394296,0.5680243078720215,0.3100775193798449,31.00775193798449,0.0008693384334521,0.0017338159120955,388497,267,137916,120,21,0.2857142857142857,28.57142857142857,28.57142857142857,-0.0015000000154333,-0.0045000001080334,0.5333333397353136,-0.0441898395001448,-0.0312608539377912,14.333333333333334,0.5862068987783344
baja_v1_short,2026-07-05T18:34:05.888908+00:00,corto_tp070_sl035_240m,short,sgd_63_sin_pesos,base,sgd,63,validacion_2024,0.52,0.001,526800,1119012,429634,0.2620273348519362,0.3043625498367787,1.161567933394296,0.5680243078720215,0.3185595567867036,31.85595567867036,0.0008331159987249,0.0016618857345173,388518,246,137921,115,15,0.2,20.0,20.0,-0.0024000000432133,-0.0045000001080334,0.3333333373345709,-0.0412814435616898,-0.0355291320159125,17.666666666666668,0.4687500007033426
baja_v1_short,2026-07-05T18:34:06.076275+00:00,corto_tp070_sl035_240m,short,sgd_63_sin_pesos,base,sgd,63,validacion_2024,0.53,0.001,526800,1119012,429634,0.2620273348519362,0.3043625498367787,1.161567933394296,0.5680243078720215,0.3293051359516616,32.93051359516616,0.0007896490770523,0.0015755201746081,388542,222,137927,109,19,0.2105263157894736,21.052631578947366,21.052631578947366,-0.0022894737240123,-0.0045000001080334,0.3555555598235423,-0.0484909853256538,-0.0427819310320181,14.421052631578949,0.4838709692408383
baja_v1_short,2026-07-05T18:34:06.213589+00:00,corto_tp070_sl035_240m,short,sgd_63_sin_pesos,base,sgd,63,validacion_2024,0.54,0.001,526800,1119012,429634,0.2620273348519362,0.3043625498367787,1.161567933394296,0.5680243078720215,0.3399339933993399,33.993399339933994,0.0007461821553797,0.001489095627408,388564,200,137933,103,17,0.2352941176470588,23.52941176470588,29.411764705882355,-0.0017590032251113,-0.0045000001080334,0.4462397387222677,-0.0281271691955238,-0.0296482443802916,21.47058823529412,0.7491895080491389
baja_v1_short,2026-07-05T18:34:06.354930+00:00,corto_tp070_sl035_240m,short,sgd_63_sin_pesos,base,sgd,63,validacion_2024,0.55,0.001,526800,1119012,429634,0.2620273348519362,0.3043625498367787,1.161567933394296,0.5680243078720215,0.351063829787234,35.1063829787234,0.000717204207598,0.0014314839717173,388581,183,137937,99,17,0.1764705882352941,17.647058823529413,23.52941176470588,-0.0023766503029995,-0.0045000001080334,0.3093495011791483,-0.0368543444569849,-0.0397761705694665,22.647058823529413,0.6658668494849809
baja_v1_short,2026-07-05T18:34:06.516229+00:00,corto_tp070_sl035_240m,short,sgd_63_sin_pesos,base,sgd,63,validacion_2024,0.56,0.001,526800,1119012,429634,0.2620273348519362,0.3043625498367787,1.161567933394296,0.5680243078720215,0.3605947955390334,36.059479553903344,0.0007027152337071,0.001402696937927,388592,172,137939,97,16,0.1875,18.75,25.0,-0.0022439409401849,-0.0045000001080334,0.3351286262774107,-0.0325005970391387,-0.0354356308038787,24.25,0.7493249532879287
baja_v1_short,2026-07-05T18:34:06.656615+00:00,corto_tp070_sl035_240m,short,sgd_63_sin_pesos,base,sgd,63,validacion_2024,0.57,0.001,526800,1119012,429634,0.2620273348519362,0.3043625498367787,1.161567933394296,0.5680243078720215,0.3924050632911392,39.24050632911392,0.0006737372859254,0.0013451649996745,388620,144,137943,93,18,0.2777777777777778,27.77777777777778,33.33333333333333,-0.0013279474783792,-0.0045000001080334,0.5573508511671247,-0.0208557738045039,-0.0238261336369123,21.77777777777778,0.937246527679338
baja_v1_short,2026-07-05T18:34:06.836675+00:00,corto_tp070_sl035_240m,short,sgd_63_sin_pesos,base,sgd,63,validacion_2024,0.58,0.001,526800,1119012,429634,0.2620273348519362,0.3043625498367787,1.161567933394296,0.5680243078720215,0.4114832535885167,41.14832535885167,0.0006230258773073,0.0012441679626749,388641,123,137950,86,21,0.3333333333333333,33.33333333333333,33.33333333333333,-0.0008257393571769,-0.0045000001080334,0.7077793696600748,-0.0203326777468748,-0.0174444519941118,19.666666666666668,0.7955046790675012
baja_v1_short,2026-07-05T18:34:06.986673+00:00,corto_tp070_sl035_240m,short,sgd_63_sin_pesos,base,sgd,63,validacion_2024,0.59,0.001,526800,1119012,429634,0.2620273348519362,0.3043625498367787,1.161567933394296,0.5680243078720215,0.4450867052023121,44.50867052023121,0.0005578254947984,0.0011142544986216,388668,96,137959,77,20,0.45,45.0,45.0,0.0004079737127758,-0.0026702633583918,1.177996953064309,-0.0149834045050902,0.0079274684097834,18.35,0.646539503189654
baja_v1_short,2026-07-05T18:34:07.136385+00:00,corto_tp070_sl035_240m,short,sgd_63_sin_pesos,base,sgd,63,validacion_2024,0.6,0.001,526800,1119012,429634,0.2620273348519362,0.3043625498367787,1.161567933394296,0.5680243078720215,0.4893617021276595,48.93617021276596,0.0004998695992349,0.0009987190342821,388692,72,137967,69,17,0.5294117647058824,52.94117647058824,52.94117647058824,0.0012740867399774,0.0060000002160668,1.669731644607274,-0.0089797502150945,0.0216578774662417,20.176470588235293,0.8348658155919283
baja_v1_short,2026-07-05T18:34:07.281366+00:00,corto_tp070_sl035_240m,short,sgd_63_sin_pesos,base,sgd,63,validacion_2024,0.61,0.001,526800,1119012,429634,0.2620273348519362,0.3043625498367787,1.161567933394296,0.5680243078720215,0.5,50.0,0.000434669216726,0.0008685833405715,388704,60,137976,60,14,0.6428571428571429,64.28571428571429,64.28571428571429,0.0022500001003167,0.0060000002160668,2.4000000288089107,-0.0089797502150945,0.0317824794320376,5.214285714285714,0.8888888906672167
baja_v1_short,2026-07-05T18:34:07.415810+00:00,corto_tp070_sl035_240m,short,sgd_63_sin_pesos,base,sgd,63,validacion_2024,0.62,0.001,526800,1119012,429634,0.2620273348519362,0.3043625498367787,1.161567933394296,0.5680243078720215,0.4842105263157895,48.42105263157895,0.0003332463994899,0.0006660344166045,388715,49,137990,46,14,0.5,50.0,50.0,0.0007500000540167,0.0007500000540167,1.333333349338284,-0.0119861374911571,0.0103566770857932,5.928571428571429,0.7692307751971116
baja_v1_short,2026-07-05T18:34:07.548949+00:00,corto_tp070_sl035_240m,short,sgd_63_sin_pesos,base,sgd,63,validacion_2024,0.63,0.001,526800,1119012,429634,0.2620273348519362,0.3043625498367787,1.161567933394296,0.5680243078720215,0.4875,48.75,0.0002825349908719,0.000564742680066,388723,41,137997,39,11,0.6363636363636364,63.63636363636363,63.63636363636363,0.0021818182800303,0.0060000002160668,2.333333361341997,-0.0089797502150945,0.0241201778376869,6.454545454545454,1.0
baja_v1_short,2026-07-05T18:34:07.690805+00:00,corto_tp070_sl035_240m,short,sgd_63_sin_pesos,base,sgd,63,validacion_2024,0.64,0.001,526800,1119012,429634,0.2620273348519362,0.3043625498367787,1.161567933394296,0.5680243078720215,0.4571428571428571,45.71428571428572,0.0002318235822539,0.0004634121616729,388726,38,138004,32,9,0.5555555555555556,55.55555555555556,55.55555555555556,0.0013333334053556,0.0060000002160668,1.6666666866728548,-0.0089797502150945,0.0119404619971712,4.888888888888889,1.0
baja_v1_short,2026-07-05T18:34:07.819485+00:00,corto_tp070_sl035_240m,short,sgd_63_sin_pesos,base,sgd,63,validacion_2024,0.65,0.001,526800,1119012,429634,0.2620273348519362,0.3043625498367787,1.161567933394296,0.5680243078720215,0.4626865671641791,46.26865671641791,0.0002245790953084,0.0004489402837012,388728,36,138005,31,9,0.5555555555555556,55.55555555555556,55.55555555555556,0.0013333334053556,0.0060000002160668,1.6666666866728548,-0.0089797502150945,0.0119404619971712,4.666666666666667,1.0
baja_v1_short,2026-07-05T18:34:07.955996+00:00,corto_tp070_sl035_240m,short,sgd_63_sin_pesos,base,sgd,63,validacion_2024,0.66,0.001,526800,1119012,429634,0.2620273348519362,0.3043625498367787,1.161567933394296,0.5680243078720215,0.423728813559322,42.3728813559322,0.0001811121736358,0.0003620695897751,388730,34,138011,25,5,0.4,40.0,40.0,-0.0002999999783933,-0.0045000001080334,0.888888899558856,-0.01343934144619,-0.0015650969309521,4.4,1.0
baja_v1_short,2026-07-05T18:34:08.122475+00:00,corto_tp070_sl035_240m,short,sgd_63_sin_pesos,base,sgd,63,validacion_2024,0.67,0.001,526800,1119012,429634,0.2620273348519362,0.3043625498367787,1.161567933394296,0.5680243078720215,0.4385964912280701,43.85964912280701,0.0001811121736358,0.0003620748336266,388732,32,138011,25,3,0.6666666666666666,66.66666666666666,66.66666666666666,0.0025000001080334,0.0060000002160668,2.666666698676568,-0.0045000001080335,0.0074818383234365,2.0,1.0
baja_v1_short,2026-07-05T18:34:08.270138+00:00,corto_tp070_sl035_240m,short,sgd_63_sin_pesos,base,sgd,63,validacion_2024,0.68,0.001,526800,1119012,429634,0.2620273348519362,0.3043625498367787,1.161567933394296,0.5680243078720215,0.4285714285714285,42.85714285714285,0.0001738676866904,0.0003475943573849,388732,32,138012,24,2,0.5,50.0,50.0,0.0007500000540167,0.0007500000540167,1.333333349338284,-0.0045000001080335,0.0014730001064129,1.0,1.0
baja_v1_short,2026-07-05T18:34:08.428608+00:00,corto_tp070_sl035_240m,short,sgd_63_sin_pesos,base,sgd,63,validacion_2024,0.69,0.001,526800,1119012,429634,0.2620273348519362,0.3043625498367787,1.161567933394296,0.5680243078720215,0.4363636363636363,43.63636363636363,0.0001738676866904,0.0003475968745247,388733,31,138012,24,2,0.5,50.0,50.0,0.0007500000540167,0.0007500000540167,1.333333349338284,-0.0045000001080335,0.0014730001064129,1.0,1.0
baja_v1_short,2026-07-05T18:34:08.554736+00:00,corto_tp070_sl035_240m,short,sgd_63_sin_pesos,base,sgd,63,validacion_2024,0.7,0.001,526800,1119012,429634,0.2620273348519362,0.3043625498367787,1.161567933394296,0.5680243078720215,0.4363636363636363,43.63636363636363,0.0001738676866904,0.0003475968745247,388733,31,138012,24,2,0.5,50.0,50.0,0.0007500000540167,0.0007500000540167,1.333333349338284,-0.0045000001080335,0.0014730001064129,1.0,1.0
baja_v1_short,2026-07-05T18:34:08.686884+00:00,corto_tp070_sl035_240m,short,sgd_63_sin_pesos,base,sgd,63,validacion_2024,0.71,0.001,526800,1119012,429634,0.2620273348519362,0.3043625498367787,1.161567933394296,0.5680243078720215,0.4363636363636363,43.63636363636363,0.0001738676866904,0.0003475968745247,388733,31,138012,24,2,0.5,50.0,50.0,0.0007500000540167,0.0007500000540167,1.333333349338284,-0.0045000001080335,0.0014730001064129,1.0,1.0
baja_v1_short,2026-07-05T18:34:08.805489+00:00,corto_tp070_sl035_240m,short,sgd_63_sin_pesos,base,sgd,63,validacion_2024,0.72,0.001,526800,1119012,429634,0.2620273348519362,0.3043625498367787,1.161567933394296,0.5680243078720215,0.4363636363636363,43.63636363636363,0.0001738676866904,0.0003475968745247,388733,31,138012,24,2,0.5,50.0,50.0,0.0007500000540167,0.0007500000540167,1.333333349338284,-0.0045000001080335,0.0014730001064129,1.0,1.0
baja_v1_short,2026-07-05T18:34:08.977970+00:00,corto_tp070_sl035_240m,short,sgd_63_sin_pesos,base,sgd,63,validacion_2024,0.73,0.001,526800,1119012,429634,0.2620273348519362,0.3043625498367787,1.161567933394296,0.5680243078720215,0.4363636363636363,43.63636363636363,0.0001738676866904,0.0003475968745247,388733,31,138012,24,2,0.5,50.0,50.0,0.0007500000540167,0.0007500000540167,1.333333349338284,-0.0045000001080335,0.0014730001064129,1.0,1.0
baja_v1_short,2026-07-05T18:34:09.106871+00:00,corto_tp070_sl035_240m,short,sgd_63_sin_pesos,base,sgd,63,validacion_2024,0.74,0.001,526800,1119012,429634,0.2620273348519362,0.3043625498367787,1.161567933394296,0.5680243078720215,0.4259259259259259,42.5925925925926,0.0001666231997449,0.0003331160837135,388733,31,138013,23,3,0.3333333333333333,33.33333333333333,33.33333333333333,-0.001,-0.0045000001080334,0.666666674669142,-0.0089797502150946,-0.0030336285022585,1.0,1.0
baja_v1_short,2026-07-05T18:34:09.242393+00:00,corto_tp070_sl035_240m,short,sgd_63_sin_pesos,base,sgd,63,validacion_2024,0.75,0.001,526800,1119012,429634,0.2620273348519362,0.3043625498367787,1.161567933394296,0.5680243078720215,0.4423076923076923,44.230769230769226,0.0001666231997449,0.0003331209084062,388735,29,138013,23,3,0.3333333333333333,33.33333333333333,33.33333333333333,-0.001,-0.0045000001080334,0.666666674669142,-0.0089797502150946,-0.0030336285022585,1.6666666666666667,1.0
baja_v1_short,2026-07-05T18:34:09.388389+00:00,corto_tp070_sl035_240m,short,sgd_63_sin_pesos,base,sgd,63,validacion_2024,0.76,0.001,526800,1119012,429634,0.2620273348519362,0.3043625498367787,1.161567933394296,0.5680243078720215,0.4423076923076923,44.230769230769226,0.0001666231997449,0.0003331209084062,388735,29,138013,23,3,0.3333333333333333,33.33333333333333,33.33333333333333,-0.001,-0.0045000001080334,0.666666674669142,-0.0089797502150946,-0.0030336285022585,1.6666666666666667,1.0
baja_v1_short,2026-07-05T18:34:09.528031+00:00,corto_tp070_sl035_240m,short,sgd_63_sin_pesos,base,sgd,63,validacion_2024,0.77,0.001,526800,1119012,429634,0.2620273348519362,0.3043625498367787,1.161567933394296,0.5680243078720215,0.4423076923076923,44.230769230769226,0.0001666231997449,0.0003331209084062,388735,29,138013,23,3,0.3333333333333333,33.33333333333333,33.33333333333333,-0.001,-0.0045000001080334,0.666666674669142,-0.0089797502150946,-0.0030336285022585,1.6666666666666667,1.0
baja_v1_short,2026-07-05T18:34:09.677389+00:00,corto_tp070_sl035_240m,short,sgd_63_sin_pesos,base,sgd,63,validacion_2024,0.78,0.001,526800,1119012,429634,0.2620273348519362,0.3043625498367787,1.161567933394296,0.5680243078720215,0.4583333333333333,45.83333333333333,0.0001593787127995,0.0003186466208974,388738,26,138014,22,3,0.3333333333333333,33.33333333333333,33.33333333333333,-0.001,-0.0045000001080334,0.666666674669142,-0.0089797502150946,-0.0030336285022585,2.333333333333333,1.0
baja_v1_short,2026-07-05T18:34:09.831345+00:00,corto_tp070_sl035_240m,short,sgd_63_sin_pesos,base,sgd,63,validacion_2024,0.79,0.001,526800,1119012,429634,0.2620273348519362,0.3043625498367787,1.161567933394296,0.5680243078720215,0.4468085106382978,44.680851063829785,0.0001521342258541,0.0003041648863364,388738,26,138015,21,4,0.5,50.0,50.0,0.0007500000540167,0.0007500000540167,1.333333349338284,-0.0045000001080335,0.0029481699421394,2.25,1.0
baja_v1_short,2026-07-05T18:34:09.962573+00:00,corto_tp070_sl035_240m,short,sgd_63_sin_pesos,base,sgd,63,validacion_2024,0.8,0.001,526800,1119012,429634,0.2620273348519362,0.3043625498367787,1.161567933394296,0.5680243078720215,0.4318181818181818,43.18181818181818,0.0001376452519632,0.0002752027809965,388739,25,138017,19,5,0.4,40.0,40.0,-0.0002999999783933,-0.0045000001080334,0.888888899558856,-0.01343934144619,-0.0015650969309521,1.4,1.0
baja_v1_short,2026-07-05T18:34:10.102042+00:00,corto_tp070_sl035_240m,short,sgd_63_sin_pesos,base,sgd,63,validacion_2024,0.81,0.001,526800,1119012,429634,0.2620273348519362,0.3043625498367787,1.161567933394296,0.5680243078720215,0.4318181818181818,43.18181818181818,0.0001376452519632,0.0002752027809965,388739,25,138017,19,5,0.4,40.0,40.0,-0.0002999999783933,-0.0045000001080334,0.888888899558856,-0.01343934144619,-0.0015650969309521,1.4,1.0
baja_v1_short,2026-07-05T18:34:10.250039+00:00,corto_tp070_sl035_240m,short,sgd_63_sin_pesos,base,sgd,63,validacion_2024,0.82,0.001,526800,1119012,429634,0.2620273348519362,0.3043625498367787,1.161567933394296,0.5680243078720215,0.4186046511627907,41.86046511627907,0.0001304007650178,0.0002607203122849,388739,25,138018,18,5,0.4,40.0,40.0,-0.0002999999783933,-0.0045000001080334,0.888888899558856,-0.01343934144619,-0.0015650969309521,1.4,1.0
baja_v1_short,2026-07-05T18:34:10.393770+00:00,corto_tp070_sl035_240m,short,sgd_63_sin_pesos,base,sgd,63,validacion_2024,0.83,0.001,526800,1119012,429634,0.2620273348519362,0.3043625498367787,1.161567933394296,0.5680243078720215,0.3947368421052631,39.47368421052632,0.0001086673041815,0.0002172747946753,388741,23,138021,15,7,0.7142857142857143,71.42857142857143,71.42857142857143,0.0030000001234667,0.0060000002160668,3.3333333733457096,-0.0045000001080335,0.0211097726981925,1.7142857142857142,1.0
baja_v1_short,2026-07-05T18:34:10.542313+00:00,corto_tp070_sl035_240m,short,sgd_63_sin_pesos,base,sgd,63,validacion_2024,0.84,0.001,526800,1119012,429634,0.2620273348519362,0.3043625498367787,1.161567933394296,0.5680243078720215,0.34375,34.375,7.968935639977977e-05,0.0001593417736187,388743,21,138025,11,7,0.5714285714285714,57.14285714285714,57.14285714285714,0.0015000000771667,0.0060000002160668,1.777777799117712,-0.0045000001080335,0.0104520659964331,1.8571428571428568,1.0
baja_v1_short,2026-07-05T18:34:10.666468+00:00,corto_tp070_sl035_240m,short,sgd_63_sin_pesos,base,sgd,63,validacion_2024,0.85,0.001,526800,1119012,429634,0.2620273348519362,0.3043625498367787,1.161567933394296,0.5680243078720215,0.25,25.0,5.071140861804167e-05,0.0001014022482327,388743,21,138029,7,5,0.4,40.0,40.0,-0.0002999999783933,-0.0045000001080334,0.888888899558856,-0.0089797502150946,-0.001565096930952,1.4,1.0
baja_v1_short,2026-07-05T18:34:10.796764+00:00,corto_tp070_sl035_240m,short,sgd_63_sin_pesos,base,sgd,63,validacion_2024,0.86,0.001,526800,1119012,429634,0.2620273348519362,0.3043625498367787,1.161567933394296,0.5680243078720215,0.1818181818181818,18.181818181818183,2.89779477817381e-05,5.794666009937852e-05,388746,18,138032,4,5,0.2,20.0,20.0,-0.0024000000432133,-0.0045000001080334,0.333333337334571,-0.0178788645162637,-0.0119861374911574,1.4,1.0
baja_v1_short,2026-07-05T18:34:10.909858+00:00,corto_tp070_sl035_240m,short,sgd_63_sin_pesos,base,sgd,63,validacion_2024,0.87,0.001,526800,1119012,429634,0.2620273348519362,0.3043625498367787,1.161567933394296,0.5680243078720215,0.0769230769230769,7.6923076923076925,7.244486945434525e-06,1.4487609471999072e-05,388752,12,138035,1,3,0.0,0.0,0.0,-0.0045000001080334,-0.0045000001080334,0.0,-0.0089797502150945,-0.0134393414461899,2.0,1.0
baja_v1_short,2026-07-05T18:34:11.035798+00:00,corto_tp070_sl035_240m,short,sgd_63_sin_pesos,base,sgd,63,validacion_2024,0.88,0.001,526800,1119012,429634,0.2620273348519362,0.3043625498367787,1.161567933394296,0.5680243078720215,0.0,0.0,0.0,0.0,388756,8,138036,0,1,0.0,0.0,0.0,-0.0045000001080334,-0.0045000001080334,0.0,0.0,-0.0045000001080334,1.0,1.0
baja_v1_short,2026-07-05T18:34:11.165735+00:00,corto_tp070_sl035_240m,short,sgd_63_sin_pesos,base,sgd,63,validacion_2024,0.89,0.001,526800,1119012,429634,0.2620273348519362,0.3043625498367787,1.161567933394296,0.5680243078720215,0.0,0.0,0.0,0.0,388757,7,138036,0,1,0.0,0.0,0.0,-0.0045000001080334,-0.0045000001080334,0.0,0.0,-0.0045000001080334,1.0,1.0
baja_v1_short,2026-07-05T18:34:11.303289+00:00,corto_tp070_sl035_240m,short,sgd_63_sin_pesos,base,sgd,63,validacion_2024,0.9,0.001,526800,1119012,429634,0.2620273348519362,0.3043625498367787,1.161567933394296,0.5680243078720215,0.0,0.0,0.0,0.0,388759,5,138036,0,1,0.0,0.0,0.0,-0.0045000001080334,-0.0045000001080334,0.0,0.0,-0.0045000001080334,1.0,1.0
baja_v1_short,2026-07-05T18:34:11.441129+00:00,corto_tp070_sl035_240m,short,sgd_63_sin_pesos,base,sgd,63,validacion_2024,0.91,0.001,526800,1119012,429634,0.2620273348519362,0.3043625498367787,1.161567933394296,0.5680243078720215,0.0,0.0,0.0,0.0,388762,2,138036,0,1,0.0,0.0,0.0,-0.0045000001080334,-0.0045000001080334,0.0,0.0,-0.0045000001080334,1.0,1.0
baja_v1_short,2026-07-05T18:34:11.561736+00:00,corto_tp070_sl035_240m,short,sgd_63_sin_pesos,base,sgd,63,validacion_2024,0.92,0.001,526800,1119012,429634,0.2620273348519362,0.3043625498367787,1.161567933394296,0.5680243078720215,0.0,0.0,0.0,0.0,388764,0,138036,0,0,0.0,0.0,0.0,0.0,0.0,0.0,0.0,0.0,0.0,0.0
baja_v1_short,2026-07-05T18:34:11.678830+00:00,corto_tp070_sl035_240m,short,sgd_63_sin_pesos,base,sgd,63,validacion_2024,0.93,0.001,526800,1119012,429634,0.2620273348519362,0.3043625498367787,1.161567933394296,0.5680243078720215,0.0,0.0,0.0,0.0,388764,0,138036,0,0,0.0,0.0,0.0,0.0,0.0,0.0,0.0,0.0,0.0,0.0
baja_v1_short,2026-07-05T18:34:11.802996+00:00,corto_tp070_sl035_240m,short,sgd_63_sin_pesos,base,sgd,63,validacion_2024,0.94,0.001,526800,1119012,429634,0.2620273348519362,0.3043625498367787,1.161567933394296,0.5680243078720215,0.0,0.0,0.0,0.0,388764,0,138036,0,0,0.0,0.0,0.0,0.0,0.0,0.0,0.0,0.0,0.0,0.0
baja_v1_short,2026-07-05T18:34:11.916909+00:00,corto_tp070_sl035_240m,short,sgd_63_sin_pesos,base,sgd,63,validacion_2024,0.95,0.001,526800,1119012,429634,0.2620273348519362,0.3043625498367787,1.161567933394296,0.5680243078720215,0.0,0.0,0.0,0.0,388764,0,138036,0,0,0.0,0.0,0.0,0.0,0.0,0.0,0.0,0.0,0.0,0.0
baja_v1_short,2026-07-05T18:34:25.851605+00:00,corto_tp070_sl035_240m,short,histgb_63_moderado,algoritmo,histgb,63,validacion_2023,0.05,0.001,521900,412558,187442,0.2094366736922782,0.2546630584100841,1.2159430052076563,0.6057068625285582,0.2169408019707349,21.69408019707349,0.9925986917341384,0.3560613892157007,20973,391622,809,108496,121,0.0495867768595041,4.958677685950414,26.446280991735534,-0.0012989455907699,-0.0012381729136686,0.3044820572589271,-0.1467674528303894,-0.1459139048163965,197.13223140495867,0.1806828607077118
baja_v1_short,2026-07-05T18:34:25.983528+00:00,corto_tp070_sl035_240m,short,histgb_63_moderado,algoritmo,histgb,63,validacion_2023,0.06,0.001,521900,412558,187442,0.2094366736922782,0.2546630584100841,1.2159430052076563,0.6057068625285582,0.2176682998697318,21.766829986973185,0.9921138099812452,0.3570092904126365,22835,389760,862,108443,132,0.0681818181818181,6.8181818181818175,27.27272727272727,-0.0011286544729358,-0.0011242001926584,0.3949636542662194,-0.1438092417258447,-0.1389841508050722,197.8636363636364,0.2134802807261291
baja_v1_short,2026-07-05T18:34:26.129390+00:00,corto_tp070_sl035_240m,short,histgb_63_moderado,algoritmo,histgb,63,validacion_2023,0.07,0.001,521900,412558,187442,0.2094366736922782,0.2546630584100841,1.2159430052076563,0.6057068625285582,0.2183397578368532,21.83397578368532,0.9913270207218334,0.3578607025968407,24675,387920,948,108357,155,0.0709677419354838,7.096774193548387,27.741935483870968,-0.0011539974907069,-0.0013048599464818,0.3851942573783494,-0.1715961857706776,-0.1644364272583464,195.90967741935484,0.1834117769536235
baja_v1_short,2026-07-05T18:34:26.254951+00:00,corto_tp070_sl035_240m,short,histgb_63_moderado,algoritmo,histgb,63,validacion_2023,0.08,0.001,521900,412558,187442,0.2094366736922782,0.2546630584100841,1.2159430052076563,0.6057068625285582,0.2190735738958246,21.90735738958246,0.9898906728877912,0.358751531408166,26897,385698,1105,108200,181,0.0883977900552486,8.83977900552486,30.386740331491712,-0.0009862783768433,-0.0010839546337374,0.4538554246248372,-0.1728799439178197,-0.1642851431894314,192.15469613259668,0.1928266782055272
baja_v1_short,2026-07-05T18:34:26.392807+00:00,corto_tp070_sl035_240m,short,histgb_63_moderado,algoritmo,histgb,63,validacion_2023,0.09,0.001,521900,412558,187442,0.2094366736922782,0.2546630584100841,1.2159430052076563,0.6057068625285582,0.2200648501562188,22.006485015621884,0.9884909199030236,0.3599868728583018,29664,382931,1258,108047,213,0.0704225352112676,7.042253521126761,32.863849765258216,-0.0011055572610132,-0.001137969298521,0.4144841789575192,-0.218128715583432,-0.2107049304921213,191.31455399061036,0.1971316077906436
baja_v1_short,2026-07-05T18:34:26.515366+00:00,corto_tp070_sl035_240m,short,histgb_63_moderado,algoritmo,histgb,63,validacion_2023,0.1,0.001,521900,412558,187442,0.2094366736922782,0.2546630584100841,1.2159430052076563,0.6057068625285582,0.221226918342224,22.122691834222405,0.986469054480582,0.3614047142222706,33021,379574,1479,107826,255,0.0705882352941176,7.0588235294117645,29.01960784313726,-0.0013147426413092,-0.0017478138431906,0.3731185138645578,-0.2963388461232392,-0.2859125355865004,183.8705882352941,0.1724714378365424
baja_v1_short,2026-07-05T18:34:26.642861+00:00,corto_tp070_sl035_240m,short,histgb_63_moderado,algoritmo,histgb,63,validacion_2023,0.11,0.001,521900,412558,187442,0.2094366736922782,0.2546630584100841,1.2159430052076563,0.6057068625285582,0.2226470290075451,22.264702900754514,0.9845661223182836,0.3631682139229443,36856,375739,1687,107618,302,0.0927152317880794,9.271523178807946,30.4635761589404,-0.0011990559382763,-0.0016055371195543,0.4206965551167365,-0.3118209088340584,-0.3050800674401125,183.1887417218543,0.1532892002566463
baja_v1_short,2026-07-05T18:34:26.773628+00:00,corto_tp070_sl035_240m,short,histgb_63_moderado,algoritmo,histgb,63,validacion_2023,0.12,0.001,521900,412558,187442,0.2094366736922782,0.2546630584100841,1.2159430052076563,0.6057068625285582,0.2240336675289722,22.40336675289722,0.9808700425415124,0.364755973715143,41247,371348,2091,107214,354,0.1073446327683615,10.734463276836156,31.63841807909605,-0.0011938076726324,-0.0015541808786801,0.4417218567901205,-0.3540572037498349,-0.3461879543629071,178.15536723163842,0.1616456662410578
baja_v1_short,2026-07-05T18:34:26.906532+00:00,corto_tp070_sl035_240m,short,histgb_63_moderado,algoritmo,histgb,63,validacion_2023,0.13,0.001,521900,412558,187442,0.2094366736922782,0.2546630584100841,1.2159430052076563,0.6057068625285582,0.2254892841589893,22.54892841589893,0.9758473994785234,0.3663304959448297,46222,366373,2640,106665,399,0.1102756892230576,11.027568922305765,34.08521303258145,-0.0010957441443233,-0.0015003515980206,0.4726588911762493,-0.3635484566275033,-0.3558385387218049,176.54636591478695,0.1914163557668663
baja_v1_short,2026-07-05T18:34:27.065373+00:00,corto_tp070_sl035_240m,short,histgb_63_moderado,algoritmo,histgb,63,validacion_2023,0.14,0.001,521900,412558,187442,0.2094366736922782,0.2546630584100841,1.2159430052076563,0.6057068625285582,0.2268382848739513,22.68382848739514,0.9694890444169983,0.3676539466334528,51404,361191,3335,105970,466,0.1072961373390558,10.72961373390558,34.12017167381974,-0.00112056649423,-0.0014642532585421,0.4684329716980603,-0.4128491162703189,-0.4085918951269882,172.5128755364807,0.1605947725621724
baja_v1_short,2026-07-05T18:34:27.202773+00:00,corto_tp070_sl035_240m,short,histgb_63_moderado,algoritmo,histgb,63,validacion_2023,0.15,0.001,521900,412558,187442,0.2094366736922782,0.2546630584100841,1.2159430052076563,0.6057068625285582,0.2281628435088816,22.816284350888164,0.9614839211380998,0.3688067953516201,57076,355519,4210,105095,528,0.1193181818181818,11.931818181818182,35.03787878787879,-0.0011392733373923,-0.0018468302257824,0.4793576717399303,-0.4538534526173527,-0.4540513181601335,170.94507575757575,0.1540490102521598
baja_v1_short,2026-07-05T18:34:27.344312+00:00,corto_tp070_sl035_240m,short,histgb_63_moderado,algoritmo,histgb,63,validacion_2023,0.16,0.001,521900,412558,187442,0.2094366736922782,0.2546630584100841,1.2159430052076563,0.6057068625285582,0.2299736933713465,22.99736933713465,0.9549425918302,0.3706788024496478,63097,349498,4925,104380,574,0.1202090592334494,12.020905923344948,34.14634146341464,-0.0010893938077888,-0.0017335078262258,0.5006602519513355,-0.4668990787729091,-0.467092217965386,168.60801393728224,0.1530841029945296
baja_v1_short,2026-07-05T18:34:27.479063+00:00,corto_tp070_sl035_240m,short,histgb_63_moderado,algoritmo,histgb,63,validacion_2023,0.17,0.001,521900,412558,187442,0.2094366736922782,0.2546630584100841,1.2159430052076563,0.6057068625285582,0.2316358629336497,23.163586293364972,0.9465166277846392,0.3721881464160446,69409,343186,5846,103459,643,0.1337480559875583,13.374805598755833,35.30326594090202,-0.0010506261618216,-0.0017666927413083,0.5247815427243906,-0.4933606210164303,-0.4935441733545291,164.56765163297044,0.1803238313693301
baja_v1_short,2026-07-05T18:34:27.626403+00:00,corto_tp070_sl035_240m,short,histgb_63_moderado,algoritmo,histgb,63,validacion_2023,0.18,0.001,521900,412558,187442,0.2094366736922782,0.2546630584100841,1.2159430052076563,0.6057068625285582,0.233270007881513,23.327000788151302,0.9368830337130049,0.3735352640035601,75999,336596,6899,102406,712,0.1502808988764045,15.02808988764045,37.5,-0.0009515190596134,-0.0015840843950863,0.5661222162030674,-0.4995901228994442,-0.4948775936216445,162.50842696629215,0.1595277802732634
baja_v1_short,2026-07-05T18:34:27.782428+00:00,corto_tp070_sl035_240m,short,histgb_63_moderado,algoritmo,histgb,63,validacion_2023,0.19,0.001,521900,412558,187442,0.2094366736922782,0.2546630584100841,1.2159430052076563,0.6057068625285582,0.2347322525720152,23.473225257201527,0.9244956772334294,0.3744025609295225,83148,329447,8253,101052,789,0.1609632446134347,16.09632446134347,37.00887198986058,-0.0009511507409062,-0.0016954483105801,0.5753148614766551,-0.5343543349430022,-0.5308236228956409,159.09505703422053,0.1616740322322897
baja_v1_short,2026-07-05T18:34:27.960830+00:00,corto_tp070_sl035_240m,short,histgb_63_moderado,algoritmo,histgb,63,validacion_2023,0.2,0.001,521900,412558,187442,0.2094366736922782,0.2546630584100841,1.2159430052076563,0.6057068625285582,0.2359034709551592,23.59034709551592,0.9096198710031564,0.3746453292738529,90552,322043,9879,99426,852,0.1678403755868544,16.784037558685448,37.558685446009385,-0.0009149748656018,-0.0017204807188827,0.5909884428966352,-0.5522237825732251,-0.5445551715660281,154.30164319248826,0.1655749965910606
baja_v1_short,2026-07-05T18:34:28.137458+00:00,corto_tp070_sl035_240m,short,histgb_63_moderado,algoritmo,histgb,63,validacion_2023,0.21,0.001,521900,412558,187442,0.2094366736922782,0.2546630584100841,1.2159430052076563,0.6057068625285582,0.2368255739215852,23.682557392158525,0.8932985682265221,0.3743941717791411,97942,314653,11663,97642,936,0.1901709401709401,19.017094017094017,37.28632478632478,-0.0008844707984198,-0.0020541951633058,0.613036511553744,-0.5673414592525379,-0.566518453337922,147.81730769230768,0.17542416871746
baja_v1_short,2026-07-05T18:34:28.313590+00:00,corto_tp070_sl035_240m,short,histgb_63_moderado,algoritmo,histgb,63,validacion_2023,0.22,0.001,521900,412558,187442,0.2094366736922782,0.2546630584100841,1.2159430052076563,0.6057068625285582,0.2380517375341636,23.80517375341636,0.8773340652303189,0.3744908678384679,105651,306944,13408,95897,1010,0.1772277227722772,17.722772277227723,35.64356435643564,-0.0010064206032121,-0.002373007253278,0.5740856746233389,-0.6409248439338637,-0.6412654540463167,145.72277227722773,0.1929991721791694
baja_v1_short,2026-07-05T18:34:28.485726+00:00,corto_tp070_sl035_240m,short,histgb_63_moderado,algoritmo,histgb,63,validacion_2023,0.23,0.001,521900,412558,187442,0.2094366736922782,0.2546630584100841,1.2159430052076563,0.6057068625285582,0.2397553921668465,23.97553921668466,0.8615708339051279,0.3751227352483683,113977,298618,15131,94174,1104,0.1721014492753623,17.21014492753623,34.69202898550724,-0.0011012726176719,-0.0029930958515033,0.5455148894544515,-0.7060668203382088,-0.7063456383285012,143.6177536231884,0.1698257716075435
baja_v1_short,2026-07-05T18:34:28.653944+00:00,corto_tp070_sl035_240m,short,histgb_63_moderado,algoritmo,histgb,63,validacion_2023,0.24,0.001,521900,412558,187442,0.2094366736922782,0.2546630584100841,1.2159430052076563,0.6057068625285582,0.2415532153962737,24.155321539627376,0.8457069667444307,0.3757761765871604,122345,290250,16865,92440,1160,0.1836206896551724,18.36206896551724,35.43103448275862,-0.0010266026660467,-0.0028989099189639,0.5751823714929865,-0.6988511582152256,-0.6991368208101797,141.07844827586206,0.1515408886305128
baja_v1_short,2026-07-05T18:34:28.827387+00:00,corto_tp070_sl035_240m,short,histgb_63_moderado,algoritmo,histgb,63,validacion_2023,0.25,0.001,521900,412558,187442,0.2094366736922782,0.2546630584100841,1.2159430052076563,0.6057068625285582,0.243358220980824,24.3358220980824,0.828983120625772,0.3762605238297916,130867,281728,18693,90612,1238,0.1898222940226171,18.982229402261712,35.94507269789984,-0.0009894492884131,-0.0030687108626589,0.5878330708156124,-0.7091346072920064,-0.7094339205686734,139.55088852988692,0.1646084127389975
baja_v1_short,2026-07-05T18:34:28.996582+00:00,corto_tp070_sl035_240m,short,histgb_63_moderado,algoritmo,histgb,63,validacion_2023,0.26,0.001,521900,412558,187442,0.2094366736922782,0.2546630584100841,1.2159430052076563,0.6057068625285582,0.2452812946532416,24.52812946532416,0.8103471936324962,0.376577576256162,140054,272541,20730,88575,1302,0.195084485407066,19.50844854070661,34.7926267281106,-0.0010443007506809,-0.0037225477388128,0.5749920333903386,-0.7461117374036988,-0.7462703748757071,136.77342549923196,0.1602010217639739
baja_v1_short,2026-07-05T18:34:29.200173+00:00,corto_tp070_sl035_240m,short,histgb_63_moderado,algoritmo,histgb,63,validacion_2023,0.27,0.001,521900,412558,187442,0.2094366736922782,0.2546630584100841,1.2159430052076563,0.6057068625285582,0.2473140135065113,24.731401350651137,0.7903572572160469,0.37674055532055,149672,262923,22915,86390,1388,0.1981268011527377,19.81268011527377,35.518731988472624,-0.0010304044335864,-0.0045000001080334,0.581433390493559,-0.7635040243303932,-0.7637558327317853,134.63472622478386,0.1703510928129968
baja_v1_short,2026-07-05T18:34:29.427377+00:00,corto_tp070_sl035_240m,short,histgb_63_moderado,algoritmo,histgb,63,validacion_2023,0.28,0.001,521900,412558,187442,0.2094366736922782,0.2546630584100841,1.2159430052076563,0.6057068625285582,0.2494484574600576,24.944845746005765,0.7696171263894607,0.3767761526937056,159482,253113,25182,84123,1444,0.2008310249307479,20.083102493074797,35.526315789473685,-0.0010134766755902,-0.0045000001080334,0.5897408146033646,-0.7715375904606359,-0.7716365466705287,131.8545706371191,0.1567638371650296
baja_v1_short,2026-07-05T18:34:29.637144+00:00,corto_tp070_sl035_240m,short,histgb_63_moderado,algoritmo,histgb,63,validacion_2023,0.29,0.001,521900,412558,187442,0.2094366736922782,0.2546630584100841,1.2159430052076563,0.6057068625285582,0.2516359896158927,25.163598961589276,0.7475687297012945,0.3765298411177056,169581,243014,27592,81713,1529,0.2099411379986919,20.9941137998692,34.99018966644866,-0.00098334320311,-0.0045000001080334,0.6023677747342795,-0.7806958266685443,-0.7808228767148323,127.94767822105952,0.1336131872751775
baja_v1_short,2026-07-05T18:34:29.861551+00:00,corto_tp070_sl035_240m,short,histgb_63_moderado,algoritmo,histgb,63,validacion_2023,0.3,0.001,521900,412558,187442,0.2094366736922782,0.2546630584100841,1.2159430052076563,0.6057068625285582,0.2540804108264552,25.40804108264553,0.7260509583276153,0.3764297962058669,179610,232985,29944,79361,1622,0.2114673242909987,21.14673242909988,34.6485819975339,-0.0010263115766195,-0.0045000001080334,0.5951224034684052,-0.8135616220838822,-0.8136696319050555,123.4118372379778,0.147173691123474
baja_v1_short,2026-07-05T18:34:30.109207+00:00,corto_tp070_sl035_240m,short,histgb_63_moderado,algoritmo,histgb,63,validacion_2023,0.31,0.001,521900,412558,187442,0.2094366736922782,0.2546630584100841,1.2159430052076563,0.6057068625285582,0.2566348071420472,25.663480714204724,0.7040300077764055,0.3761532689905978,189691,222904,32351,76954,1711,0.2150789012273524,21.507890122735244,34.95032144944477,-0.001057089060173,-0.0045000001080334,0.5900060960465807,-0.8387505357339952,-0.8388439527975544,118.67621274108708,0.12583627294004
baja_v1_short,2026-07-05T18:34:30.347062+00:00,corto_tp070_sl035_240m,short,histgb_63_moderado,algoritmo,histgb,63,validacion_2023,0.32,0.001,521900,412558,187442,0.2094366736922782,0.2546630584100841,1.2159430052076563,0.6057068625285582,0.2591612555054576,25.91612555054576,0.6809844014454965,0.3754413396549985,199815,212780,34870,74435,1774,0.2198421645997745,21.98421645997745,34.83652762119504,-0.0010216078719033,-0.0045000001080334,0.6022879982369101,-0.8396799523136923,-0.8395460307994155,116.36189402480272,0.150141321462816
baja_v1_short,2026-07-05T18:34:30.674183+00:00,corto_tp070_sl035_240m,short,histgb_63_moderado,algoritmo,histgb,63,validacion_2023,0.33,0.001,521900,412558,187442,0.2094366736922782,0.2546630584100841,1.2159430052076563,0.6057068625285582,0.26099328506939,26.09932850693901,0.6553497095283839,0.3733140855933793,209765,202830,37672,71633,1836,0.2260348583877995,22.60348583877996,35.5119825708061,-0.0009822017915835,-0.0045000001080334,0.6188348596574672,-0.8390333502636356,-0.8382445744868123,115.49074074074076,0.1488466719798478
baja_v1_short,2026-07-05T18:34:30.877042+00:00,corto_tp070_sl035_240m,short,histgb_63_moderado,algoritmo,histgb,63,validacion_2023,0.34,0.001,521900,412558,187442,0.2094366736922782,0.2546630584100841,1.2159430052076563,0.6057068625285582,0.2628987368871762,26.28987368871762,0.6291386487351905,0.3708359285053696,219787,192808,40537,68768,1929,0.2379471228615863,23.79471228615863,35.40694660445827,-0.0009513980228386,-0.0045000001080334,0.6319424953747342,-0.8442926429402979,-0.8435296389781543,110.75635044064282,0.1274362185737952
baja_v1_short,2026-07-05T18:34:31.160424+00:00,corto_tp070_sl035_240m,short,histgb_63_moderado,algoritmo,histgb,63,validacion_2023,0.35,0.001,521900,412558,187442,0.2094366736922782,0.2546630584100841,1.2159430052076563,0.6057068625285582,0.2644794485246746,26.447944852467465,0.6009240199441929,0.3673016325697525,229927,182668,43621,65684,2041,0.2395884370406663,23.958843704066638,34.63988241058304,-0.0010218266125351,-0.0045000001080334,0.6141499256175553,-0.8789484082932357,-0.8783552260195128,105.17148456638904,0.1300860437990748
baja_v1_short,2026-07-05T18:34:31.450960+00:00,corto_tp070_sl035_240m,short,histgb_63_moderado,algoritmo,histgb,63,validacion_2023,0.36,0.001,521900,412558,187442,0.2094366736922782,0.2546630584100841,1.2159430052076563,0.6057068625285582,0.2660693134272396,26.606931342723968,0.5713096381684278,0.3630565657094187,240340,172255,46858,62447,2162,0.246068455134135,24.606845513413507,35.06012950971323,-0.0010001949858877,-0.0045000001080334,0.6235850406275241,-0.8880913479482013,-0.8875341794344541,99.56382978723404,0.1325066271515634
baja_v1_short,2026-07-05T18:34:31.784968+00:00,corto_tp070_sl035_240m,short,histgb_63_moderado,algoritmo,histgb,63,validacion_2023,0.37,0.001,521900,412558,187442,0.2094366736922782,0.2546630584100841,1.2159430052076563,0.6057068625285582,0.266853830498619,26.685383049861898,0.5374136590274918,0.3566248675755009,251209,161386,50563,58742,2300,0.2608695652173913,26.08695652173913,35.47826086956521,-0.0009287385874919,-0.0045000001080334,0.6516847065016932,-0.8853936475155831,-0.8847828707324005,94.1895652173913,0.1430013533392475
baja_v1_short,2026-07-05T18:34:32.137717+00:00,corto_tp070_sl035_240m,short,histgb_63_moderado,algoritmo,histgb,63,validacion_2023,0.38,0.001,521900,412558,187442,0.2094366736922782,0.2546630584100841,1.2159430052076563,0.6057068625285582,0.2685991139561662,26.85991139561662,0.5036457618590183,0.350352095869357,262690,149905,54254,55051,2390,0.2573221757322175,25.73221757322176,34.85355648535565,-0.0010052594269048,-0.0045000001080334,0.6295307230745825,-0.9127386705990416,-0.9118281251203442,91.37196652719663,0.1364194122645967
baja_v1_short,2026-07-05T18:34:32.478472+00:00,corto_tp070_sl035_240m,short,histgb_63_moderado,algoritmo,histgb,63,validacion_2023,0.39,0.001,521900,412558,187442,0.2094366736922782,0.2546630584100841,1.2159430052076563,0.6057068625285582,0.2697334584652255,26.97334584652255,0.4654132930789991,0.3415305499050036,274866,137729,58433,50872,2495,0.2617234468937875,26.17234468937876,34.188376753507015,-0.0010532819881594,-0.0045000001080334,0.6207629678830623,-0.930486728626668,-0.9297398541257615,87.06132264529059,0.1331496746003616
baja_v1_short,2026-07-05T18:34:32.968746+00:00,corto_tp070_sl035_240m,short,histgb_63_moderado,algoritmo,histgb,63,validacion_2023,0.4,0.001,521900,412558,187442,0.2094366736922782,0.2546630584100841,1.2159430052076563,0.6057068625285582,0.2707407084532008,27.07407084532008,0.4261927633685559,0.3311298290507161,287115,125480,62720,46585,2560,0.26484375,26.484375,34.375,-0.0010499843531445,-0.0045000001080334,0.6225748046361308,-0.9344720643576476,-0.9338908069235876,83.97109375,0.1380090675538963
baja_v1_short,2026-07-05T18:34:33.380339+00:00,corto_tp070_sl035_240m,short,histgb_63_moderado,algoritmo,histgb,63,validacion_2023,0.41,0.001,521900,412558,187442,0.2094366736922782,0.2546630584100841,1.2159430052076563,0.6057068625285582,0.2709576869102972,27.09576869102973,0.3833218974429349,0.3174912290007501,299861,112734,67406,41899,2667,0.2692163479565054,26.921634795650544,34.15823022122235,-0.0010457265653441,-0.0045000001080334,0.6242244363063051,-0.94109711463427,-0.9403192508167906,81.1413573303337,0.1298229557318145
baja_v1_short,2026-07-05T18:34:33.634161+00:00,corto_tp070_sl035_240m,short,histgb_63_moderado,algoritmo,histgb,63,validacion_2023,0.42,0.001,521900,412558,187442,0.2094366736922782,0.2546630584100841,1.2159430052076563,0.6057068625285582,0.2707896627039388,27.07896627039388,0.33800832532821,0.3006881172607155,313103,99492,72359,36946,2622,0.2639206712433257,26.39206712433257,33.29519450800915,-0.0011071700659747,-0.0045000001080334,0.6058162282465633,-0.9471036162169574,-0.9467179277269174,80.03356216628528,0.1591346613773302
baja_v1_short,2026-07-05T18:34:33.977987+00:00,corto_tp070_sl035_240m,short,histgb_63_moderado,algoritmo,histgb,63,validacion_2023,0.43,0.001,521900,412558,187442,0.2094366736922782,0.2546630584100841,1.2159430052076563,0.6057068625285582,0.2706761230903682,27.06761230903682,0.2946891724989707,0.282172688529042,325804,86791,77094,32211,2532,0.2701421800947867,27.014218009478675,33.41232227488152,-0.001091767298148,-0.0045000001080334,0.6127126515135962,-0.9395154904684424,-0.9387520720559998,78.38270142180095,0.1628050255058539
baja_v1_short,2026-07-05T18:34:34.227277+00:00,corto_tp070_sl035_240m,short,histgb_63_moderado,algoritmo,histgb,63,validacion_2023,0.44,0.001,521900,412558,187442,0.2094366736922782,0.2546630584100841,1.2159430052076563,0.6057068625285582,0.2711569820237665,27.11569820237665,0.2540597410914413,0.2623300805788832,337952,74643,81535,27770,2417,0.2734795200661977,27.34795200661977,33.88498138187836,-0.0010694354365518,-0.0045000001080334,0.6196529661207109,-0.9275026256321576,-0.9266191992965273,78.27016963177493,0.1532996491950371
baja_v1_short,2026-07-05T18:34:34.452208+00:00,corto_tp070_sl035_240m,short,histgb_63_moderado,algoritmo,histgb,63,validacion_2023,0.45,0.001,521900,412558,187442,0.2094366736922782,0.2546630584100841,1.2159430052076563,0.6057068625285582,0.2687700780174392,26.87700780174392,0.2143177347788298,0.2384750464459318,348861,63734,85879,23426,2196,0.2632058287795992,26.320582877959925,32.83242258652095,-0.0011601893962508,-0.0045000001080334,0.5923567507559936,-0.92427940548605,-0.9236422519894072,77.96448087431693,0.161805229844766
baja_v1_short,2026-07-05T18:34:34.734572+00:00,corto_tp070_sl035_240m,short,histgb_63_moderado,algoritmo,histgb,63,validacion_2023,0.46,0.001,521900,412558,187442,0.2094366736922782,0.2546630584100841,1.2159430052076563,0.6057068625285582,0.2654221883588669,26.54221883588669,0.1784730799140021,0.213431945865221,358605,53990,89797,19508,1978,0.2780586450960566,27.80586450960566,34.78260869565217,-0.0009856243920843,-0.0045000001080334,0.6432243586635884,-0.8628620733280069,-0.8607970956078878,79.49393326592518,0.1550881486791932
baja_v1_short,2026-07-05T18:34:35.011301+00:00,corto_tp070_sl035_240m,short,histgb_63_moderado,algoritmo,histgb,63,validacion_2023,0.47,0.001,521900,412558,187442,0.2094366736922782,0.2546630584100841,1.2159430052076563,0.6057068625285582,0.26032414910859,26.032414910859,0.1469466172636201,0.1878541563112189,366957,45638,93243,16062,1770,0.280225988700565,28.0225988700565,34.85875706214689,-0.0009594416765101,-0.0045000001080334,0.6500609015569198,-0.8247566138065553,-0.8205929908220382,80.3909604519774,0.1739351547965898
baja_v1_short,2026-07-05T18:34:35.317911+00:00,corto_tp070_sl035_240m,short,histgb_63_moderado,algoritmo,histgb,63,validacion_2023,0.48,0.001,521900,412558,187442,0.2094366736922782,0.2546630584100841,1.2159430052076563,0.6057068625285582,0.2553947062019716,25.53947062019716,0.1204062028269521,0.1636563726008319,374224,38371,96144,13161,1554,0.2696267696267696,26.96267696267696,34.04118404118404,-0.0010482414815634,-0.0045000001080334,0.6235319664272716,-0.8088666270609726,-0.8072478534010472,79.91312741312741,0.1785330300270098
baja_v1_short,2026-07-05T18:34:35.627599+00:00,corto_tp070_sl035_240m,short,histgb_63_moderado,algoritmo,histgb,63,validacion_2023,0.49,0.001,521900,412558,187442,0.2094366736922782,0.2546630584100841,1.2159430052076563,0.6057068625285582,0.2510971277312095,25.10971277312095,0.0989341750148666,0.1419420890977344,380342,32253,98491,10814,1335,0.2711610486891386,27.116104868913855,34.6816479400749,-0.001025348877274,-0.0045000001080334,0.6296923955877837,-0.751045442175966,-0.7493667963723292,82.53558052434457,0.1650511277284301
baja_v1_short,2026-07-05T18:34:35.929898+00:00,corto_tp070_sl035_240m,short,histgb_63_moderado,algoritmo,histgb,63,validacion_2023,0.5,0.001,521900,412558,187442,0.2094366736922782,0.2546630584100841,1.2159430052076563,0.6057068625285582,0.2444369710218037,24.44369710218037,0.0797950688440602,0.120314235069351,385635,26960,100583,8722,1120,0.2758928571428571,27.589285714285715,35.892857142857146,-0.0009071109116057,-0.0045000001080334,0.6629080142138786,-0.646929404388551,-0.6424160193372359,88.6375,0.1940819379386552
baja_v1_short,2026-07-05T18:34:36.126524+00:00,corto_tp070_sl035_240m,short,histgb_63_moderado,algoritmo,histgb,63,validacion_2023,0.51,0.001,521900,412558,187442,0.2094366736922782,0.2546630584100841,1.2159430052076563,0.6057068625285582,0.2409272149760086,24.092721497600863,0.0652303188326243,0.1026645260225055,390131,22464,102175,7130,949,0.2813487881981033,28.13487881981033,37.40779768177028,-0.0007760253351873,-0.0045000001080334,0.7025874241787062,-0.527947775448746,-0.5261617867463588,92.8746048472076,0.210937512761517
baja_v1_short,2026-07-05T18:34:36.357402+00:00,corto_tp070_sl035_240m,short,histgb_63_moderado,algoritmo,histgb,63,validacion_2023,0.52,0.001,521900,412558,187442,0.2094366736922782,0.2546630584100841,1.2159430052076563,0.6057068625285582,0.2364125999673575,23.64125999673576,0.0530076391747861,0.0865984620328368,393881,18714,103511,5794,805,0.2745341614906832,27.45341614906832,38.38509316770186,-0.0007488871222468,-0.0045000001080334,0.7083846637395882,-0.4589857481483547,-0.4574974754226401,97.77018633540372,0.2230965338635457
baja_v1_short,2026-07-05T18:34:36.574040+00:00,corto_tp070_sl035_240m,short,histgb_63_moderado,algoritmo,histgb,63,validacion_2023,0.53,0.001,521900,412558,187442,0.2094366736922782,0.2546630584100841,1.2159430052076563,0.6057068625285582,0.2321306010393175,23.21306010393176,0.0433191528292392,0.0730129603787113,396932,15663,104570,4735,685,0.2627737226277372,26.277372262773724,37.37226277372263,-0.0007869580760419,-0.0045000001080334,0.6916745768897945,-0.4222753698062377,-0.420918513161196,103.29051094890512,0.242760454368748
baja_v1_short,2026-07-05T18:34:36.797861+00:00,corto_tp070_sl035_240m,short,histgb_63_moderado,algoritmo,histgb,63,validacion_2023,0.54,0.001,521900,412558,187442,0.2094366736922782,0.2546630584100841,1.2159430052076563,0.6057068625285582,0.2297345132743362,22.97345132743363,0.0356250857691779,0.0616846857550196,399539,13056,105411,3894,564,0.2482269503546099,24.822695035460992,36.52482269503546,-0.0008665786504874,-0.0045000001080334,0.6608223677773494,-0.3919766863796406,-0.3901777072794042,107.01063829787236,0.2344476280132603
baja_v1_short,2026-07-05T18:34:36.992253+00:00,corto_tp070_sl035_240m,short,histgb_63_moderado,algoritmo,histgb,63,validacion_2023,0.55,0.001,521900,412558,187442,0.2094366736922782,0.2546630584100841,1.2159430052076563,0.6057068625285582,0.2248438584316447,22.48438584316447,0.0296418279127212,0.0523784504708402,401425,11170,106065,3240,480,0.24375,24.375,37.708333333333336,-0.0007878740739452,-0.0045000001080334,0.6813151091300614,-0.3240323454099879,-0.3181993735569733,112.925,0.2035127510169321
baja_v1_short,2026-07-05T18:34:37.159019+00:00,corto_tp070_sl035_240m,short,histgb_63_moderado,algoritmo,histgb,63,validacion_2023,0.56,0.001,521900,412558,187442,0.2094366736922782,0.2546630584100841,1.2159430052076563,0.6057068625285582,0.2173877881116053,21.73877881116053,0.0245917387127761,0.0441850908194296,402918,9677,106617,2688,387,0.2403100775193798,24.031007751937985,38.24289405684754,-0.0007566714184772,-0.0045000001080334,0.6912163866971741,-0.2689679221610378,-0.2567340763615147,119.7390180878553,0.2643399774190132
baja_v1_short,2026-07-05T18:34:37.356949+00:00,corto_tp070_sl035_240m,short,histgb_63_moderado,algoritmo,histgb,63,validacion_2023,0.57,0.001,521900,412558,187442,0.2094366736922782,0.2546630584100841,1.2159430052076563,0.6057068625285582,0.2116092496460594,21.160924964605947,0.0205114130186176,0.0373978315262718,404242,8353,107063,2242,333,0.2402402402402402,24.024024024024023,38.43843843843844,-0.00064162529676,-0.0024165468746796,0.724999927238839,-0.2235679739421932,-0.1949796245003221,124.72672672672672,0.2781380707616981
baja_v1_short,2026-07-05T18:34:37.562325+00:00,corto_tp070_sl035_240m,short,histgb_63_moderado,algoritmo,histgb,63,validacion_2023,0.58,0.001,521900,412558,187442,0.2094366736922782,0.2546630584100841,1.2159430052076563,0.6057068625285582,0.1978633429779657,19.78633429779657,0.0162664105027217,0.0300614586063183,405387,7208,107527,1778,305,0.2393442622950819,23.9344262295082,37.04918032786885,-0.0007738264500341,-0.0036095081120729,0.6802517831655014,-0.2441440573531776,-0.2125888007422453,117.92131147540984,0.2417890824107899
baja_v1_short,2026-07-05T18:34:37.755137+00:00,corto_tp070_sl035_240m,short,histgb_63_moderado,algoritmo,histgb,63,validacion_2023,0.59,0.001,521900,412558,187442,0.2094366736922782,0.2546630584100841,1.2159430052076563,0.6057068625285582,0.1937483513584806,19.374835135848063,0.0134394583962307,0.025135387168804,406482,6113,107836,1469,254,0.2480314960629921,24.80314960629921,38.18897637795276,-0.0006741969799178,-0.0026015699366107,0.7139994718901813,-0.185162433115142,-0.15946944497247,123.13385826771652,0.2097039508962713
baja_v1_short,2026-07-05T18:34:37.961020+00:00,corto_tp070_sl035_240m,short,histgb_63_moderado,algoritmo,histgb,63,validacion_2023,0.6,0.001,521900,412558,187442,0.2094366736922782,0.2546630584100841,1.2159430052076563,0.6057068625285582,0.1898155446949393,18.98155446949393,0.0110150496317643,0.0208218040951853,407456,5139,108101,1204,225,0.2577777777777778,25.77777777777778,36.888888888888886,-0.0006322476576501,-0.0022994793942198,0.7287168597166035,-0.1679085481748652,-0.1344982265073276,124.75111111111111,0.1878619502166844
baja_v1_short,2026-07-05T18:34:38.121159+00:00,corto_tp070_sl035_240m,short,histgb_63_moderado,algoritmo,histgb,63,validacion_2023,0.61,0.001,521900,412558,187442,0.2094366736922782,0.2546630584100841,1.2159430052076563,0.6057068625285582,0.1855375832540437,18.553758325404377,0.0089199945107726,0.0170216480446927,408315,4280,108330,975,189,0.2169312169312169,21.693121693121693,34.39153439153439,-0.0009051387592906,-0.0027625999171286,0.6204452758130936,-0.1728810470009931,-0.1586955300288108,128.64021164021165,0.3073069352593925
baja_v1_short,2026-07-05T18:34:38.310194+00:00,corto_tp070_sl035_240m,short,histgb_63_moderado,algoritmo,histgb,63,validacion_2023,0.62,0.001,521900,412558,187442,0.2094366736922782,0.2546630584100841,1.2159430052076563,0.6057068625285582,0.1783469150174621,17.834691501746217,0.0070079136361557,0.0134859154929577,409066,3529,108539,766,168,0.2023809523809523,20.23809523809524,33.33333333333333,-0.0010056756895706,-0.0028045428441837,0.5840997892926693,-0.1720196083899826,-0.1567284028754256,126.375,0.3243149301394822
baja_v1_short,2026-07-05T18:34:38.504251+00:00,corto_tp070_sl035_240m,short,histgb_63_moderado,algoritmo,histgb,63,validacion_2023,0.63,0.001,521900,412558,187442,0.2094366736922782,0.2546630584100841,1.2159430052076563,0.6057068625285582,0.1743223965763195,17.432239657631953,0.0055898632267508,0.0108323730165765,409701,2894,108694,611,149,0.1879194630872483,18.79194630872483,30.87248322147651,-0.0012165504783683,-0.0045000001080334,0.516070003029317,-0.177095462765129,-0.1668966189854188,127.5503355704698,0.2932229370221252
baja_v1_short,2026-07-05T18:34:38.691872+00:00,corto_tp070_sl035_240m,short,histgb_63_moderado,algoritmo,histgb,63,validacion_2023,0.64,0.001,521900,412558,187442,0.2094366736922782,0.2546630584100841,1.2159430052076563,0.6057068625285582,0.1645569620253164,16.455696202531644,0.0041626641050272,0.0081199250468457,410285,2310,108850,455,126,0.1666666666666666,16.666666666666664,29.365079365079367,-0.0014085169103558,-0.0045000001080334,0.4588708473107316,-0.1685579044509826,-0.1635422880336354,131.62698412698413,0.287489708177726
baja_v1_short,2026-07-05T18:34:38.872171+00:00,corto_tp070_sl035_240m,short,histgb_63_moderado,algoritmo,histgb,63,validacion_2023,0.65,0.001,521900,412558,187442,0.2094366736922782,0.2546630584100841,1.2159430052076563,0.6057068625285582,0.156221198156682,15.622119815668205,0.0031014134760532,0.006082081184122,410764,1831,108966,339,103,0.174757281553398,17.475728155339805,30.097087378640776,-0.0012661759578092,-0.0045000001080334,0.4991008707610975,-0.1223113317199188,-0.1230642031617477,136.1359223300971,0.2118842352451182
baja_v1_short,2026-07-05T18:34:39.046973+00:00,corto_tp070_sl035_240m,short,histgb_63_moderado,algoritmo,histgb,63,validacion_2023,0.66,0.001,521900,412558,187442,0.2094366736922782,0.2546630584100841,1.2159430052076563,0.6057068625285582,0.1472911963882618,14.729119638826186,0.0023878139151914,0.0046994427289177,411084,1511,109044,261,88,0.1590909090909091,15.909090909090908,27.27272727272727,-0.0014232440439915,-0.0045000001080334,0.4441844320156253,-0.117622395288915,-0.1183792888475366,143.625,0.2333909086553343
baja_v1_short,2026-07-05T18:34:39.227602+00:00,corto_tp070_sl035_240m,short,histgb_63_moderado,algoritmo,histgb,63,validacion_2023,0.67,0.001,521900,412558,187442,0.2094366736922782,0.2546630584100841,1.2159430052076563,0.6057068625285582,0.1309608540925267,13.09608540925267,0.0016833630666483,0.0033239996386956,411374,1221,109121,184,78,0.1794871794871795,17.94871794871795,28.205128205128204,-0.0012821727063676,-0.0045000001080334,0.4849548279861692,-0.0950063667998032,-0.0957826601326187,137.35897435897436,0.228852076368403
baja_v1_short,2026-07-05T18:34:39.453682+00:00,corto_tp070_sl035_240m,short,histgb_63_moderado,algoritmo,histgb,63,validacion_2023,0.68,0.001,521900,412558,187442,0.2094366736922782,0.2546630584100841,1.2159430052076563,0.6057068625285582,0.1077844311377245,10.778443113772456,0.0011527377521613,0.0022810797110632,411552,1043,109179,126,69,0.1594202898550724,15.942028985507244,30.434782608695656,-0.0012868865450854,-0.0030236794371157,0.468948897015065,-0.0936096073531507,-0.085483038731937,148.52173913043478,0.2790816417960678
baja_v1_short,2026-07-05T18:34:39.675191+00:00,corto_tp070_sl035_240m,short,histgb_63_moderado,algoritmo,histgb,63,validacion_2023,0.69,0.001,521900,412558,187442,0.2094366736922782,0.2546630584100841,1.2159430052076563,0.6057068625285582,0.0795334040296924,7.953340402969247,0.0006861534239055,0.001360568899209,411727,868,109230,75,55,0.0909090909090909,9.090909090909092,21.818181818181817,-0.0020789336210688,-0.0045000001080334,0.2460703287817817,-0.1150422715758457,-0.1084211609287004,141.98181818181817,0.230946733560319
baja_v1_short,2026-07-05T18:34:40.011707+00:00,corto_tp070_sl035_240m,short,histgb_63_moderado,algoritmo,histgb,63,validacion_2023,0.7,0.001,521900,412558,187442,0.2094366736922782,0.2546630584100841,1.2159430052076563,0.6057068625285582,0.0649350649350649,6.493506493506493,0.000457435615937,0.0009084714967067,411875,720,109255,50,36,0.1111111111111111,11.11111111111111,22.22222222222222,-0.0020143911446599,-0.0045000001080334,0.2754542342431689,-0.0715889526879484,-0.0702214031164627,142.13888888888889,0.1844823222394724
baja_v1_short,2026-07-05T18:34:40.317566+00:00,corto_tp070_sl035_240m,short,histgb_63_moderado,algoritmo,histgb,63,validacion_2023,0.71,0.001,521900,412558,187442,0.2094366736922782,0.2546630584100841,1.2159430052076563,0.6057068625285582,0.0537124802527646,5.371248025276461,0.0003110562188371,0.0006185304444323,411996,599,109271,34,34,0.1176470588235294,11.76470588235294,23.52941176470588,-0.0018618856817894,-0.0045000001080334,0.3034999898931438,-0.0659158836908861,-0.0615954291010633,140.91176470588235,0.1984807535381078
baja_v1_short,2026-07-05T18:34:40.588762+00:00,corto_tp070_sl035_240m,short,histgb_63_moderado,algoritmo,histgb,63,validacion_2023,0.72,0.001,521900,412558,187442,0.2094366736922782,0.2546630584100841,1.2159430052076563,0.6057068625285582,0.0461847389558232,4.618473895582329,0.000210420383331,0.0004189320874657,412120,475,109282,23,29,0.1379310344827586,13.79310344827586,31.03448275862069,-0.0013954971807302,-0.0019741677786223,0.4078343505062807,-0.0485935640485841,-0.0398724136362342,145.82758620689654,0.3185374450958582
baja_v1_short,2026-07-05T18:34:40.820041+00:00,corto_tp070_sl035_240m,short,histgb_63_moderado,algoritmo,histgb,63,validacion_2023,0.73,0.001,521900,412558,187442,0.2094366736922782,0.2546630584100841,1.2159430052076563,0.6057068625285582,0.039787798408488,3.978779840848806,0.0001372306847811,0.0002735179883663,412233,362,109290,15,21,0.0952380952380952,9.523809523809524,28.57142857142857,-0.0016087716984828,-0.0019741677786223,0.318170483871626,-0.0353096190222297,-0.0333581042327423,158.28571428571428,0.3192347344501466
baja_v1_short,2026-07-05T18:34:41.018386+00:00,corto_tp070_sl035_240m,short,histgb_63_moderado,algoritmo,histgb,63,validacion_2023,0.74,0.001,521900,412558,187442,0.2094366736922782,0.2546630584100841,1.2159430052076563,0.6057068625285582,0.0385964912280701,3.8596491228070176,0.0001006358355061,0.0002007482434528,412321,274,109294,11,18,0.1666666666666666,16.666666666666664,22.22222222222222,-0.0015574222692909,-0.0045000001080334,0.4062260860084183,-0.0317959807081852,-0.0277966897066224,148.05555555555554,0.3437308830743719
baja_v1_short,2026-07-05T18:34:41.205399+00:00,corto_tp070_sl035_240m,short,histgb_63_moderado,algoritmo,histgb,63,validacion_2023,0.75,0.001,521900,412558,187442,0.2094366736922782,0.2546630584100841,1.2159430052076563,0.6057068625285582,0.0434782608695652,4.3478260869565215,8.233841086867023e-05,0.0001643655489809,412397,198,109296,9,16,0.1875,18.75,25.0,-0.0012396447453065,-0.0026320397990057,0.4809480565828964,-0.023022971022078,-0.0197720287221471,156.875,0.3171557782290152
baja_v1_short,2026-07-05T18:34:41.395639+00:00,corto_tp070_sl035_240m,short,histgb_63_moderado,algoritmo,histgb,63,validacion_2023,0.76,0.001,521900,412558,187442,0.2094366736922782,0.2546630584100841,1.2159430052076563,0.6057068625285582,0.0402684563758389,4.026845637583892,5.489227391244682e-05,0.0001096350978493,412452,143,109299,6,14,0.2142857142857142,21.428571428571427,21.428571428571427,-0.0013844804616944,-0.0045000001080334,0.4815058193670338,-0.0222115820051536,-0.019328895581449,145.14285714285714,0.3253853827979781
baja_v1_short,2026-07-05T18:34:41.593832+00:00,corto_tp070_sl035_240m,short,histgb_63_moderado,algoritmo,histgb,63,validacion_2023,0.77,0.001,521900,412558,187442,0.2094366736922782,0.2546630584100841,1.2159430052076563,0.6057068625285582,0.0186915887850467,1.8691588785046729,1.829742463748228e-05,3.655906116330933e-05,412490,105,109303,2,10,0.1,10.0,10.0,-0.0022382726679788,-0.0045000001080334,0.2113961860705821,-0.0177916442983849,-0.0222115820051536,148.0,0.4155218801546913
baja_v1_short,2026-07-05T18:34:41.794130+00:00,corto_tp070_sl035_240m,short,histgb_63_moderado,algoritmo,histgb,63,validacion_2023,0.78,0.001,521900,412558,187442,0.2094366736922782,0.2546630584100841,1.2159430052076563,0.6057068625285582,0.0129870129870129,1.2987012987012987,9.148712318741138e-06,1.828454407489349e-05,412519,76,109304,1,5,0.2,20.0,20.0,2.3454772075638156e-05,-0.0004359950069338,1.0199352907627235,-0.0054423144060714,8.8808004152785e-05,195.0,0.5058699949925201
baja_v1_short,2026-07-05T18:34:41.997902+00:00,corto_tp070_sl035_240m,short,histgb_63_moderado,algoritmo,histgb,63,validacion_2023,0.79,0.001,521900,412558,187442,0.2094366736922782,0.2546630584100841,1.2159430052076563,0.6057068625285582,0.0,0.0,0.0,0.0,412532,63,109305,0,3,0.0,0.0,0.0,-0.0004899729596606,-0.0005231876382604,0.0,-0.0009465738806028,-0.0014692662831101,240.0,0.6440704002503757
baja_v1_short,2026-07-05T18:34:42.213673+00:00,corto_tp070_sl035_240m,short,histgb_63_moderado,algoritmo,histgb,63,validacion_2023,0.8,0.001,521900,412558,187442,0.2094366736922782,0.2546630584100841,1.2159430052076563,0.6057068625285582,0.0,0.0,0.0,0.0,412550,45,109305,0,2,0.0,0.0,0.0,-0.0004733656203607,-0.0004733656203607,0.0,-0.0007316578810568,-0.0009465738806028,240.0,1.0
baja_v1_short,2026-07-05T18:34:42.413347+00:00,corto_tp070_sl035_240m,short,histgb_63_moderado,algoritmo,histgb,63,validacion_2023,0.81,0.001,521900,412558,187442,0.2094366736922782,0.2546630584100841,1.2159430052076563,0.6057068625285582,0.0,0.0,0.0,0.0,412555,40,109305,0,1,0.0,0.0,0.0,-0.0007316578810568,-0.0007316578810568,0.0,0.0,-0.0007316578810568,240.0,1.0
baja_v1_short,2026-07-05T18:34:42.592014+00:00,corto_tp070_sl035_240m,short,histgb_63_moderado,algoritmo,histgb,63,validacion_2023,0.82,0.001,521900,412558,187442,0.2094366736922782,0.2546630584100841,1.2159430052076563,0.6057068625285582,0.0,0.0,0.0,0.0,412563,32,109305,0,1,0.0,0.0,0.0,-0.0007316578810568,-0.0007316578810568,0.0,0.0,-0.0007316578810568,240.0,1.0
baja_v1_short,2026-07-05T18:34:42.776386+00:00,corto_tp070_sl035_240m,short,histgb_63_moderado,algoritmo,histgb,63,validacion_2023,0.83,0.001,521900,412558,187442,0.2094366736922782,0.2546630584100841,1.2159430052076563,0.6057068625285582,0.0,0.0,0.0,0.0,412577,18,109305,0,1,0.0,0.0,0.0,-0.0010184402906597,-0.0010184402906597,0.0,0.0,-0.0010184402906597,240.0,1.0
baja_v1_short,2026-07-05T18:34:42.957858+00:00,corto_tp070_sl035_240m,short,histgb_63_moderado,algoritmo,histgb,63,validacion_2023,0.84,0.001,521900,412558,187442,0.2094366736922782,0.2546630584100841,1.2159430052076563,0.6057068625285582,0.0,0.0,0.0,0.0,412591,4,109305,0,1,0.0,0.0,0.0,-0.0004481221656315,-0.0004481221656315,0.0,0.0,-0.0004481221656315,240.0,1.0
baja_v1_short,2026-07-05T18:34:43.136914+00:00,corto_tp070_sl035_240m,short,histgb_63_moderado,algoritmo,histgb,63,validacion_2023,0.85,0.001,521900,412558,187442,0.2094366736922782,0.2546630584100841,1.2159430052076563,0.6057068625285582,0.0,0.0,0.0,0.0,412594,1,109305,0,1,0.0,0.0,0.0,-0.0012213729603681,-0.0012213729603681,0.0,0.0,-0.0012213729603681,240.0,1.0
baja_v1_short,2026-07-05T18:34:43.312414+00:00,corto_tp070_sl035_240m,short,histgb_63_moderado,algoritmo,histgb,63,validacion_2023,0.86,0.001,521900,412558,187442,0.2094366736922782,0.2546630584100841,1.2159430052076563,0.6057068625285582,0.0,0.0,0.0,0.0,412595,0,109305,0,0,0.0,0.0,0.0,0.0,0.0,0.0,0.0,0.0,0.0,0.0
baja_v1_short,2026-07-05T18:34:43.512417+00:00,corto_tp070_sl035_240m,short,histgb_63_moderado,algoritmo,histgb,63,validacion_2023,0.87,0.001,521900,412558,187442,0.2094366736922782,0.2546630584100841,1.2159430052076563,0.6057068625285582,0.0,0.0,0.0,0.0,412595,0,109305,0,0,0.0,0.0,0.0,0.0,0.0,0.0,0.0,0.0,0.0,0.0
baja_v1_short,2026-07-05T18:34:43.700712+00:00,corto_tp070_sl035_240m,short,histgb_63_moderado,algoritmo,histgb,63,validacion_2023,0.88,0.001,521900,412558,187442,0.2094366736922782,0.2546630584100841,1.2159430052076563,0.6057068625285582,0.0,0.0,0.0,0.0,412595,0,109305,0,0,0.0,0.0,0.0,0.0,0.0,0.0,0.0,0.0,0.0,0.0
baja_v1_short,2026-07-05T18:34:43.874760+00:00,corto_tp070_sl035_240m,short,histgb_63_moderado,algoritmo,histgb,63,validacion_2023,0.89,0.001,521900,412558,187442,0.2094366736922782,0.2546630584100841,1.2159430052076563,0.6057068625285582,0.0,0.0,0.0,0.0,412595,0,109305,0,0,0.0,0.0,0.0,0.0,0.0,0.0,0.0,0.0,0.0,0.0
baja_v1_short,2026-07-05T18:34:44.048325+00:00,corto_tp070_sl035_240m,short,histgb_63_moderado,algoritmo,histgb,63,validacion_2023,0.9,0.001,521900,412558,187442,0.2094366736922782,0.2546630584100841,1.2159430052076563,0.6057068625285582,0.0,0.0,0.0,0.0,412595,0,109305,0,0,0.0,0.0,0.0,0.0,0.0,0.0,0.0,0.0,0.0,0.0
baja_v1_short,2026-07-05T18:34:44.224977+00:00,corto_tp070_sl035_240m,short,histgb_63_moderado,algoritmo,histgb,63,validacion_2023,0.91,0.001,521900,412558,187442,0.2094366736922782,0.2546630584100841,1.2159430052076563,0.6057068625285582,0.0,0.0,0.0,0.0,412595,0,109305,0,0,0.0,0.0,0.0,0.0,0.0,0.0,0.0,0.0,0.0,0.0
baja_v1_short,2026-07-05T18:34:44.405752+00:00,corto_tp070_sl035_240m,short,histgb_63_moderado,algoritmo,histgb,63,validacion_2023,0.92,0.001,521900,412558,187442,0.2094366736922782,0.2546630584100841,1.2159430052076563,0.6057068625285582,0.0,0.0,0.0,0.0,412595,0,109305,0,0,0.0,0.0,0.0,0.0,0.0,0.0,0.0,0.0,0.0,0.0
baja_v1_short,2026-07-05T18:34:44.586988+00:00,corto_tp070_sl035_240m,short,histgb_63_moderado,algoritmo,histgb,63,validacion_2023,0.93,0.001,521900,412558,187442,0.2094366736922782,0.2546630584100841,1.2159430052076563,0.6057068625285582,0.0,0.0,0.0,0.0,412595,0,109305,0,0,0.0,0.0,0.0,0.0,0.0,0.0,0.0,0.0,0.0,0.0
baja_v1_short,2026-07-05T18:34:44.779837+00:00,corto_tp070_sl035_240m,short,histgb_63_moderado,algoritmo,histgb,63,validacion_2023,0.94,0.001,521900,412558,187442,0.2094366736922782,0.2546630584100841,1.2159430052076563,0.6057068625285582,0.0,0.0,0.0,0.0,412595,0,109305,0,0,0.0,0.0,0.0,0.0,0.0,0.0,0.0,0.0,0.0,0.0
baja_v1_short,2026-07-05T18:34:44.963708+00:00,corto_tp070_sl035_240m,short,histgb_63_moderado,algoritmo,histgb,63,validacion_2023,0.95,0.001,521900,412558,187442,0.2094366736922782,0.2546630584100841,1.2159430052076563,0.6057068625285582,0.0,0.0,0.0,0.0,412595,0,109305,0,0,0.0,0.0,0.0,0.0,0.0,0.0,0.0,0.0,0.0,0.0
baja_v1_short,2026-07-05T18:35:01.732095+00:00,corto_tp070_sl035_240m,short,histgb_63_moderado,algoritmo,histgb,63,validacion_2024,0.05,0.001,526800,433065,166935,0.2620273348519362,0.30848283232619,1.177292561863839,0.5885747222658431,0.2635686752419192,26.35686752419192,0.9996232866788374,0.4171486097968734,3226,385538,52,137984,39,0.0512820512820512,5.128205128205128,28.205128205128204,-0.0012620602418364,-0.0008263991583371,0.3032308278716349,-0.0541686525476041,-0.048197051764241,209.66666666666663,0.4411853050806045
baja_v1_short,2026-07-05T18:35:01.878147+00:00,corto_tp070_sl035_240m,short,histgb_63_moderado,algoritmo,histgb,63,validacion_2024,0.06,0.001,526800,433065,166935,0.2620273348519362,0.30848283232619,1.177292561863839,0.5885747222658431,0.2643825584159631,26.43825584159631,0.9990364832362572,0.4181159420289855,5063,383701,133,137903,52,0.0769230769230769,7.6923076923076925,28.846153846153843,-0.0009104241736719,-0.000809384564287,0.4527129609942851,-0.0503101709827878,-0.046476046767426,210.78846153846155,0.469526576439136
baja_v1_short,2026-07-05T18:35:02.006685+00:00,corto_tp070_sl035_240m,short,histgb_63_moderado,algoritmo,histgb,63,validacion_2024,0.07,0.001,526800,433065,166935,0.2620273348519362,0.30848283232619,1.177292561863839,0.5885747222658431,0.2650978430278424,26.509784302784244,0.9981019444202962,0.4189276711678976,6828,381936,262,137774,80,0.0875,8.75,31.25,-0.0010100959589417,-0.0011224939187522,0.4674780230442733,-0.088937778958012,-0.0780502894305106,191.2625,0.4192423784838781
baja_v1_short,2026-07-05T18:35:02.164455+00:00,corto_tp070_sl035_240m,short,histgb_63_moderado,algoritmo,histgb,63,validacion_2024,0.08,0.001,526800,433065,166935,0.2620273348519362,0.30848283232619,1.177292561863839,0.5885747222658431,0.266087629364542,26.6087629364542,0.9965081572923006,0.4200211912926383,9368,379396,482,137554,112,0.0535714285714285,5.357142857142857,33.035714285714285,-0.001028888778047,-0.001247689698881,0.4398760531021997,-0.1069851241567914,-0.1093546392210897,199.95535714285717,0.3321092088712661
baja_v1_short,2026-07-05T18:35:02.320786+00:00,corto_tp070_sl035_240m,short,histgb_63_moderado,algoritmo,histgb,63,validacion_2024,0.09,0.001,526800,433065,166935,0.2620273348519362,0.30848283232619,1.177292561863839,0.5885747222658431,0.2670973664046425,26.709736640464254,0.9949723260598684,0.4211407492357084,11904,376860,694,137342,130,0.0615384615384615,6.153846153846154,38.46153846153847,-0.0008972288775943,-0.0009262718320096,0.5004051534640117,-0.1093370232505764,-0.1107154855066188,191.80769230769232,0.3419632161413128
baja_v1_short,2026-07-05T18:35:02.490109+00:00,corto_tp070_sl035_240m,short,histgb_63_moderado,algoritmo,histgb,63,validacion_2024,0.1,0.001,526800,433065,166935,0.2620273348519362,0.30848283232619,1.177292561863839,0.5885747222658431,0.2681591232225171,26.815912322251712,0.9933423164971455,0.4223123276195287,14554,374210,919,137117,149,0.1208053691275167,12.08053691275168,41.61073825503356,-0.0005608292789659,-0.0006576028934214,0.684345377222241,-0.0962910958653194,-0.081038519426968,183.93288590604027,0.2775330499290379
baja_v1_short,2026-07-05T18:35:02.649263+00:00,corto_tp070_sl035_240m,short,histgb_63_moderado,algoritmo,histgb,63,validacion_2024,0.11,0.001,526800,433065,166935,0.2620273348519362,0.30848283232619,1.177292561863839,0.5885747222658431,0.2691619439408181,26.91619439408181,0.9916108841171868,0.423397311969315,17108,371656,1158,136878,171,0.1345029239766081,13.450292397660816,41.52046783625731,-0.0005077944341143,-0.0009843366495042,0.7207819686695074,-0.1113136091424819,-0.0842164014781018,186.3450292397661,0.2242066893091539
baja_v1_short,2026-07-05T18:35:02.824136+00:00,corto_tp070_sl035_240m,short,histgb_63_moderado,algoritmo,histgb,63,validacion_2024,0.12,0.001,526800,433065,166935,0.2620273348519362,0.30848283232619,1.177292561863839,0.5885747222658431,0.27035537294764,27.035537294764005,0.9896186502071924,0.4246892623750987,20095,368669,1433,136603,195,0.1282051282051282,12.82051282051282,39.48717948717949,-0.0007331106137911,-0.001233084661886,0.6256049630085939,-0.14884684653902,-0.1343661273320296,180.63076923076923,0.1892891563881134
baja_v1_short,2026-07-05T18:35:03.008718+00:00,corto_tp070_sl035_240m,short,histgb_63_moderado,algoritmo,histgb,63,validacion_2024,0.13,0.001,526800,433065,166935,0.2620273348519362,0.30848283232619,1.177292561863839,0.5885747222658431,0.2716000167430402,27.16000167430402,0.9871482801587992,0.4259938068299942,23325,365439,1774,136262,214,0.0981308411214953,9.813084112149532,33.177570093457945,-0.0011510637464923,-0.0016172387511469,0.4693386489178928,-0.2175247296713385,-0.2194577227548496,176.10747663551402,0.1675724864961866
baja_v1_short,2026-07-05T18:35:03.173713+00:00,corto_tp070_sl035_240m,short,histgb_63_moderado,algoritmo,histgb,63,validacion_2024,0.14,0.001,526800,433065,166935,0.2620273348519362,0.30848283232619,1.177292561863839,0.5885747222658431,0.2728059414409078,27.280594144090784,0.9843374192239706,0.427211573077691,26577,362187,2162,135874,246,0.0934959349593495,9.34959349593496,34.14634146341464,-0.0013952911289028,-0.0023107505510561,0.399634798366861,-0.2927856854347965,-0.2917439586741852,165.59349593495935,0.1683060988502925
baja_v1_short,2026-07-05T18:35:03.338179+00:00,corto_tp070_sl035_240m,short,histgb_63_moderado,algoritmo,histgb,63,validacion_2024,0.15,0.001,526800,433065,166935,0.2620273348519362,0.30848283232619,1.177292561863839,0.5885747222658431,0.2739745969356189,27.39745969356189,0.9816569590541598,0.4283885163652228,29682,359082,2532,135504,256,0.109375,10.9375,33.203125,-0.0012909331409455,-0.0020493432055227,0.4470423467814681,-0.2845537397232948,-0.2827736586643105,165.2109375,0.1897583411884982
baja_v1_short,2026-07-05T18:35:03.518544+00:00,corto_tp070_sl035_240m,short,histgb_63_moderado,algoritmo,histgb,63,validacion_2024,0.16,0.001,526800,433065,166935,0.2620273348519362,0.30848283232619,1.177292561863839,0.5885747222658431,0.2750382150177387,27.503821501773867,0.9789185429887856,0.4294247102099836,32591,356173,2910,135126,263,0.0988593155893536,9.88593155893536,31.93916349809886,-0.0014682264540235,-0.0030072080660611,0.4019855709282319,-0.3233489947035179,-0.3216654389915835,163.29657794676805,0.1570280498583594
baja_v1_short,2026-07-05T18:35:03.707470+00:00,corto_tp070_sl035_240m,short,histgb_63_moderado,algoritmo,histgb,63,validacion_2024,0.17,0.001,526800,433065,166935,0.2620273348519362,0.30848283232619,1.177292561863839,0.5885747222658431,0.2759192633197707,27.591926331977074,0.9761656379495204,0.4302310545044692,35157,353607,3290,134746,286,0.1188811188811188,11.888111888111888,32.16783216783217,-0.0014244562729149,-0.0033994202492758,0.4313850708016229,-0.3410567714117515,-0.3361266647111309,158.75174825174824,0.1885615891229184
baja_v1_short,2026-07-05T18:35:03.876483+00:00,corto_tp070_sl035_240m,short,histgb_63_moderado,algoritmo,histgb,63,validacion_2024,0.18,0.001,526800,433065,166935,0.2620273348519362,0.30848283232619,1.177292561863839,0.5885747222658431,0.276787571810817,27.678757181081696,0.9734706888058188,0.4310222882281524,37661,351103,3662,134374,307,0.1107491856677524,11.074918566775244,30.29315960912052,-0.0015703697774987,-0.0037969726361334,0.3938282935723133,-0.3885968948731494,-0.3840224756901431,155.22801302931595,0.1835547875349657
baja_v1_short,2026-07-05T18:35:04.051436+00:00,corto_tp070_sl035_240m,short,histgb_63_moderado,algoritmo,histgb,63,validacion_2024,0.19,0.001,526800,433065,166935,0.2620273348519362,0.30848283232619,1.177292561863839,0.5885747222658431,0.2776677220960496,27.76677220960496,0.9707467617143354,0.4318197931101157,40178,348586,4038,133998,331,0.1238670694864048,12.386706948640484,29.607250755287005,-0.0016464634821686,-0.0045000001080334,0.3905545468886778,-0.4260514800362595,-0.421757290003915,146.40181268882176,0.1545550165930638
baja_v1_short,2026-07-05T18:35:04.245475+00:00,corto_tp070_sl035_240m,short,histgb_63_moderado,algoritmo,histgb,63,validacion_2024,0.2,0.001,526800,433065,166935,0.2620273348519362,0.30848283232619,1.177292561863839,0.5885747222658431,0.2787080441745629,27.87080441745629,0.9682619026920514,0.4328290057449303,42867,345897,4381,133655,351,0.1396011396011396,13.96011396011396,29.629629629629623,-0.0015849720135747,-0.0045000001080334,0.4105659843649838,-0.4326572135372554,-0.4284124465349731,144.22792022792024,0.1470727133319913
baja_v1_short,2026-07-05T18:35:04.441497+00:00,corto_tp070_sl035_240m,short,histgb_63_moderado,algoritmo,histgb,63,validacion_2024,0.21,0.001,526800,433065,166935,0.2620273348519362,0.30848283232619,1.177292561863839,0.5885747222658431,0.2797867427899752,27.978674278997524,0.9656611318786404,0.4338667048576302,45640,343124,4740,133296,381,0.1496062992125984,14.960629921259844,31.75853018372704,-0.0014454261142918,-0.0045000001080334,0.4506303113847728,-0.4296359621432013,-0.4253685906264542,141.76902887139107,0.2010935822403517
baja_v1_short,2026-07-05T18:35:04.624806+00:00,corto_tp070_sl035_240m,short,histgb_63_moderado,algoritmo,histgb,63,validacion_2024,0.22,0.001,526800,433065,166935,0.2620273348519362,0.30848283232619,1.177292561863839,0.5885747222658431,0.2809145553763111,28.09145553763111,0.962538758005158,0.4349035775250446,48656,340108,5171,132865,412,0.1577669902912621,15.776699029126217,33.25242718446602,-0.0013655973573144,-0.0045000001080334,0.4714923268218134,-0.4365472977587852,-0.4323316357377129,144.7621359223301,0.1597873374758544
baja_v1_short,2026-07-05T18:35:04.853672+00:00,corto_tp070_sl035_240m,short,histgb_63_moderado,algoritmo,histgb,63,validacion_2024,0.23,0.001,526800,433065,166935,0.2620273348519362,0.30848283232619,1.177292561863839,0.5885747222658431,0.2820960382260357,28.20960382260357,0.9588947810716044,0.4359426590585348,51917,336847,5674,132362,456,0.1644736842105263,16.447368421052634,32.23684210526316,-0.0013903592313144,-0.0045000001080334,0.4720504597846779,-0.4760202026343521,-0.4717085490852851,138.97368421052633,0.1614692251919789
baja_v1_short,2026-07-05T18:35:05.026547+00:00,corto_tp070_sl035_240m,short,histgb_63_moderado,algoritmo,histgb,63,validacion_2024,0.24,0.001,526800,433065,166935,0.2620273348519362,0.30848283232619,1.177292561863839,0.5885747222658431,0.2834135923415915,28.341359234159157,0.954635022747689,0.4370693329397385,55585,333179,6262,131774,501,0.1816367265469061,18.163672654690615,32.33532934131736,-0.0012477065184442,-0.0045000001080334,0.5176104195699617,-0.4743534542367615,-0.4672431755622601,138.70858283433134,0.1818733225872465
baja_v1_short,2026-07-05T18:35:05.239156+00:00,corto_tp070_sl035_240m,short,histgb_63_moderado,algoritmo,histgb,63,validacion_2024,0.25,0.001,526800,433065,166935,0.2620273348519362,0.30848283232619,1.177292561863839,0.5885747222658431,0.284706787206445,28.4706787206445,0.94931756932974,0.4380418486408969,59541,329223,6996,131040,547,0.1937842778793418,19.378427787934186,32.90676416819013,-0.0012159537096044,-0.0045000001080334,0.5344215548723916,-0.4944948178272095,-0.4884406836458984,133.42595978062158,0.1767400113081849
baja_v1_short,2026-07-05T18:35:05.469752+00:00,corto_tp070_sl035_240m,short,histgb_63_moderado,algoritmo,histgb,63,validacion_2024,0.26,0.001,526800,433065,166935,0.2620273348519362,0.30848283232619,1.177292561863839,0.5885747222658431,0.2859100105559465,28.59100105559465,0.941848503288997,0.4386594146664057,64053,324711,8027,130009,617,0.1961102106969205,19.611021069692057,33.22528363047002,-0.0012462593035033,-0.0045000001080334,0.5277097167890223,-0.5419168010692335,-0.5392118053085677,128.27714748784442,0.174046842658104
baja_v1_short,2026-07-05T18:35:05.740268+00:00,corto_tp070_sl035_240m,short,histgb_63_moderado,algoritmo,histgb,63,validacion_2024,0.27,0.001,526800,433065,166935,0.2620273348519362,0.30848283232619,1.177292561863839,0.5885747222658431,0.2873420260782347,28.734202607823477,0.9339302790576371,0.4394718810402839,69030,319734,9120,128916,673,0.1976225854383358,19.762258543833585,31.946508172362552,-0.0012633391045661,-0.0045000001080334,0.5279304076350978,-0.5766994635724816,-0.5754515016544943,128.0178306092125,0.1433488091312626
baja_v1_short,2026-07-05T18:35:05.964261+00:00,corto_tp070_sl035_240m,short,histgb_63_moderado,algoritmo,histgb,63,validacion_2024,0.28,0.001,526800,433065,166935,0.2620273348519362,0.30848283232619,1.177292561863839,0.5885747222658431,0.2887895137053264,28.87895137053264,0.9244544901330088,0.4400973947591687,74500,314264,10428,127608,756,0.2076719576719576,20.76719576719577,30.55555555555556,-0.0013006252973208,-0.0045000001080334,0.5259333311874587,-0.6292778407350035,-0.6287317669549565,124.94973544973546,0.1533768430413564
baja_v1_short,2026-07-05T18:35:06.276919+00:00,corto_tp070_sl035_240m,short,histgb_63_moderado,algoritmo,histgb,63,validacion_2024,0.29,0.001,526800,433065,166935,0.2620273348519362,0.30848283232619,1.177292561863839,0.5885747222658431,0.2905043888439755,29.05043888439755,0.9137326494537656,0.440848996426106,80723,308041,11908,126128,824,0.220873786407767,22.0873786407767,32.88834951456311,-0.0011439236858802,-0.0045000001080334,0.573854848650788,-0.614199335732708,-0.6136310513131881,126.7997572815534,0.1582012611106513
baja_v1_short,2026-07-05T18:35:06.532282+00:00,corto_tp070_sl035_240m,short,histgb_63_moderado,algoritmo,histgb,63,validacion_2024,0.3,0.001,526800,433065,166935,0.2620273348519362,0.30848283232619,1.177292561863839,0.5885747222658431,0.2918973539502749,29.18973539502749,0.899866701440204,0.440806563799736,87438,301326,13822,124214,919,0.220892274211099,22.089227421109904,33.07943416757345,-0.0011525412478946,-0.0045000001080334,0.5725920396021522,-0.6570010894481425,-0.6564958520164001,123.85854189336236,0.1428232443546492
baja_v1_short,2026-07-05T18:35:06.755197+00:00,corto_tp070_sl035_240m,short,histgb_63_moderado,algoritmo,histgb,63,validacion_2024,0.31,0.001,526800,433065,166935,0.2620273348519362,0.30848283232619,1.177292561863839,0.5885747222658431,0.2934894455931144,29.34894455931144,0.8843634993769741,0.4407194535503343,94898,293866,15962,122074,1011,0.23837784371909,23.837784371909,35.410484668644905,-0.0009238792960657,-0.0045000001080334,0.6417177911747001,-0.6116566916131504,-0.6110846618785718,124.6271018793274,0.1542740013486927
baja_v1_short,2026-07-05T18:35:06.953886+00:00,corto_tp070_sl035_240m,short,histgb_63_moderado,algoritmo,histgb,63,validacion_2024,0.32,0.001,526800,433065,166935,0.2620273348519362,0.30848283232619,1.177292561863839,0.5885747222658431,0.2952210896517366,29.522108965173665,0.8671868208293488,0.4404853681198885,102998,285766,18333,119703,1131,0.2396109637488948,23.96109637488948,34.48275862068966,-0.0010449019665812,-0.0045000001080334,0.6114087714282239,-0.6980789347952486,-0.6968898107131978,117.95225464190982,0.14864379122252
baja_v1_short,2026-07-05T18:35:07.411037+00:00,corto_tp070_sl035_240m,short,histgb_63_moderado,algoritmo,histgb,63,validacion_2024,0.33,0.001,526800,433065,166935,0.2620273348519362,0.30848283232619,1.177292561863839,0.5885747222658431,0.2969938639413333,29.69938639413333,0.8482062650323104,0.4399441629420042,111620,277144,20953,117083,1259,0.2406671961874503,24.06671961874504,34.312946783161244,-0.001069876083884,-0.0045000001080334,0.6070247344052172,-0.7426494381709258,-0.7434301441703627,113.08101667990468,0.1470165285325612
baja_v1_short,2026-07-05T18:35:07.797344+00:00,corto_tp070_sl035_240m,short,histgb_63_moderado,algoritmo,histgb,63,validacion_2024,0.34,0.001,526800,433065,166935,0.2620273348519362,0.30848283232619,1.177292561863839,0.5885747222658431,0.2987684219078845,29.87684219078845,0.8258208003709178,0.4387898664110751,121214,267550,24043,113993,1405,0.2512455516014235,25.124555160142343,34.661921708185055,-0.0010221230318714,-0.0045000001080334,0.6239057808360648,-0.7656264598666545,-0.7657193272696103,107.90106761565836,0.1782635801476058
baja_v1_short,2026-07-05T18:35:08.170387+00:00,corto_tp070_sl035_240m,short,histgb_63_moderado,algoritmo,histgb,63,validacion_2024,0.35,0.001,526800,433065,166935,0.2620273348519362,0.30848283232619,1.177292561863839,0.5885747222658431,0.3003431903101766,30.03431903101766,0.8001101162015706,0.4367429739679928,131482,257282,27592,110444,1566,0.256066411238825,25.6066411238825,34.2911877394636,-0.001032448283495,-0.0045000001080334,0.6256900103440288,-0.8042597627643993,-0.804853565927116,103.52681992337163,0.1629341030826954
baja_v1_short,2026-07-05T18:35:08.509301+00:00,corto_tp070_sl035_240m,short,histgb_63_moderado,algoritmo,histgb,63,validacion_2024,0.36,0.001,526800,433065,166935,0.2620273348519362,0.30848283232619,1.177292561863839,0.5885747222658431,0.3021964616030595,30.219646160305956,0.7716610159668492,0.4343094562416414,142805,245959,31519,106517,1735,0.2570605187319885,25.70605187319885,34.46685878962536,-0.0010512687307768,-0.0045000001080334,0.622184155226302,-0.8417538545337151,-0.8416817545140106,99.60518731988472,0.1410148137239225
baja_v1_short,2026-07-05T18:35:08.841278+00:00,corto_tp070_sl035_240m,short,histgb_63_moderado,algoritmo,histgb,63,validacion_2024,0.37,0.001,526800,433065,166935,0.2620273348519362,0.30848283232619,1.177292561863839,0.5885747222658431,0.3038132286447877,30.38132286447877,0.7389231794604306,0.4305875101844386,155036,233728,36038,101998,1924,0.2796257796257796,27.96257796257796,35.03118503118503,-0.0009346446765756,-0.0045000001080334,0.6618370430752181,-0.8389814610241129,-0.8379999986632092,93.51351351351352,0.1596976174974229
baja_v1_short,2026-07-05T18:35:09.155620+00:00,corto_tp070_sl035_240m,short,histgb_63_moderado,algoritmo,histgb,63,validacion_2024,0.38,0.001,526800,433065,166935,0.2620273348519362,0.30848283232619,1.177292561863839,0.5885747222658431,0.3055200794664396,30.55200794664396,0.7018821177084239,0.4257268466948331,168534,220230,41151,96885,2193,0.273141814865481,27.314181486548105,32.69493844049248,-0.0011194103985902,-0.0045000001080334,0.6105030602513709,-0.9168738278363608,-0.9162597972625433,85.70269037847697,0.1261404804746609
baja_v1_short,2026-07-05T18:35:09.554729+00:00,corto_tp070_sl035_240m,short,histgb_63_moderado,algoritmo,histgb,63,validacion_2024,0.39,0.001,526800,433065,166935,0.2620273348519362,0.30848283232619,1.177292561863839,0.5885747222658431,0.3077887367250881,30.77887367250881,0.6599075603465763,0.4197848332561424,183902,204862,46945,91091,2410,0.2817427385892116,28.17427385892116,33.19502074688796,-0.0010616751556829,-0.0045000001080334,0.6282573088937102,-0.9263028418226464,-0.9247183771227264,81.29834024896266,0.1276626681150989
baja_v1_short,2026-07-05T18:35:09.923128+00:00,corto_tp070_sl035_240m,short,histgb_63_moderado,algoritmo,histgb,63,validacion_2024,0.4,0.001,526800,433065,166935,0.2620273348519362,0.30848283232619,1.177292561863839,0.5885747222658431,0.309418737529809,30.941873752980904,0.6100437567011504,0.4105854675329424,200823,187941,53828,84208,2731,0.2947638227755401,29.47638227755401,34.01684364701574,-0.000986583434974,-0.0045000001080334,0.6537051605069163,-0.9359655754836376,-0.9345554055132804,74.28963749542292,0.1442563108566375
baja_v1_short,2026-07-05T18:35:10.266700+00:00,corto_tp070_sl035_240m,short,histgb_63_moderado,algoritmo,histgb,63,validacion_2024,0.41,0.001,526800,433065,166935,0.2620273348519362,0.30848283232619,1.177292561863839,0.5885747222658431,0.3110235098164581,31.10235098164581,0.5532904459706164,0.3982033040227533,219581,169183,61662,76374,3061,0.3008820646847435,30.088206468474358,34.20450833061091,-0.0009916115802797,-0.0045000001080334,0.6552525801552972,-0.9549423458844328,-0.9536674196397608,67.71904606337799,0.1341853776236349
baja_v1_short,2026-07-05T18:35:10.578652+00:00,corto_tp070_sl035_240m,short,histgb_63_moderado,algoritmo,histgb,63,validacion_2024,0.42,0.001,526800,433065,166935,0.2620273348519362,0.30848283232619,1.177292561863839,0.5885747222658431,0.3123645858410029,31.236458584100298,0.4888000231823582,0.3811546717884985,240232,148532,70564,67472,3385,0.3054652880354505,30.54652880354505,34.091580502215656,-0.0009811664581031,-0.0045000001080334,0.6595445742493633,-0.9664675328868232,-0.96533300850486,62.39379615952733,0.132526364419388
baja_v1_short,2026-07-05T18:35:10.874794+00:00,corto_tp070_sl035_240m,short,histgb_63_moderado,algoritmo,histgb,63,validacion_2024,0.43,0.001,526800,433065,166935,0.2620273348519362,0.30848283232619,1.177292561863839,0.5885747222658431,0.313789158267502,31.3789158267502,0.4172534701092468,0.3581996728713315,262810,125954,80440,57596,3486,0.3055077452667814,30.550774526678143,33.36201950659782,-0.0010435181467257,-0.0045000001080334,0.6434631972916205,-0.9752928704851096,-0.9747747487763396,57.6982214572576,0.1466634654174854
baja_v1_short,2026-07-05T18:35:11.220224+00:00,corto_tp070_sl035_240m,short,histgb_63_moderado,algoritmo,histgb,63,validacion_2024,0.44,0.001,526800,433065,166935,0.2620273348519362,0.30848283232619,1.177292561863839,0.5885747222658431,0.3135694996450207,31.356949964502068,0.3423672085542902,0.3273361985669214,285310,103454,90777,47259,3463,0.3248628356915969,32.48628356915969,35.373953219751655,-0.0008501995294849,-0.0045000001080334,0.7017252646734594,-0.9512898623928284,-0.949551918046772,54.25960150158822,0.1717078720418318
baja_v1_short,2026-07-05T18:35:11.577505+00:00,corto_tp070_sl035_240m,short,histgb_63_moderado,algoritmo,histgb,63,validacion_2024,0.45,0.001,526800,433065,166935,0.2620273348519362,0.30848283232619,1.177292561863839,0.5885747222658431,0.3130583475831004,31.30583475831005,0.2718928395491031,0.2910270974445663,306410,82354,100505,37531,3172,0.325031525851198,32.5031525851198,35.30895334174023,-0.0008659902891882,-0.0045000001080334,0.6975244649731466,-0.9404477136762284,-0.9383322609466996,51.98203026481715,0.1752167020208763
baja_v1_short,2026-07-05T18:35:11.853937+00:00,corto_tp070_sl035_240m,short,histgb_63_moderado,algoritmo,histgb,63,validacion_2024,0.46,0.001,526800,433065,166935,0.2620273348519362,0.30848283232619,1.177292561863839,0.5885747222658431,0.3119212900872289,31.192129008722898,0.2106117244776724,0.2514454741630953,324633,64131,108964,29072,2724,0.3171806167400881,31.71806167400881,34.36123348017621,-0.0009616037649083,-0.0045000001080334,0.6697510270392034,-0.9318762489634158,-0.9295534231297184,50.66813509544787,0.2004900643709234
baja_v1_short,2026-07-05T18:35:12.100596+00:00,corto_tp070_sl035_240m,short,histgb_63_moderado,algoritmo,histgb,63,validacion_2024,0.47,0.001,526800,433065,166935,0.2620273348519362,0.30848283232619,1.177292561863839,0.5885747222658431,0.3102309775100845,31.023097751008454,0.1626894433336231,0.2134452343839105,338833,49931,115579,22457,2164,0.3211645101663586,32.116451016635864,34.70425138632163,-0.0009065989363191,-0.0045000001080334,0.6852027094289821,-0.8675721041853806,-0.8630945497673053,52.25046210720888,0.1078070131130481
baja_v1_short,2026-07-05T18:35:12.311076+00:00,corto_tp070_sl035_240m,short,histgb_63_moderado,algoritmo,histgb,63,validacion_2024,0.48,0.001,526800,433065,166935,0.2620273348519362,0.30848283232619,1.177292561863839,0.5885747222658431,0.309550640935343,30.9550640935343,0.1273580805007389,0.1804668733446937,349552,39212,120456,17580,1718,0.3277066356228172,32.77066356228172,35.50640279394645,-0.000820489131649,-0.0045000001080334,0.7114799289597753,-0.764823732592622,-0.7608875975756058,54.14959254947613,0.1338361379114317
baja_v1_short,2026-07-05T18:35:12.507012+00:00,corto_tp070_sl035_240m,short,histgb_63_moderado,algoritmo,histgb,63,validacion_2024,0.49,0.001,526800,433065,166935,0.2620273348519362,0.30848283232619,1.177292561863839,0.5885747222658431,0.3094548800466797,30.94548800466797,0.0998942304905966,0.151033708480517,357994,30770,124247,13789,1313,0.3153084539223153,31.530845392231534,34.57730388423458,-0.0009328179974223,-0.0045000001080334,0.6765477564372814,-0.7213317762569793,-0.710854991664198,58.11195734958111,0.1571216069830913
baja_v1_short,2026-07-05T18:35:12.698082+00:00,corto_tp070_sl035_240m,short,histgb_63_moderado,algoritmo,histgb,63,validacion_2024,0.5,0.001,526800,433065,166935,0.2620273348519362,0.30848283232619,1.177292561863839,0.5885747222658431,0.3090929621997008,30.90929621997008,0.0793198875655626,0.1262430891449852,364290,24474,127087,10949,1028,0.3336575875486381,33.36575875486381,36.86770428015564,-0.0007215085769358,-0.0045000001080334,0.7400781303708917,-0.5566119200321515,-0.5296760119881254,62.10992217898833,0.1665940531100627
baja_v1_short,2026-07-05T18:35:12.954577+00:00,corto_tp070_sl035_240m,short,histgb_63_moderado,algoritmo,histgb,63,validacion_2024,0.51,0.001,526800,433065,166935,0.2620273348519362,0.30848283232619,1.177292561863839,0.5885747222658431,0.310938755546239,31.093875554623907,0.0644759338143672,0.1068049130259991,369041,19723,129136,8900,770,0.3103896103896104,31.03896103896104,35.45454545454545,-0.0009125045697896,-0.0045000001080334,0.6782024090804263,-0.5316863295485317,-0.509267724432213,66.91428571428571,0.1644636074155363
baja_v1_short,2026-07-05T18:35:13.142582+00:00,corto_tp070_sl035_240m,short,histgb_63_moderado,algoritmo,histgb,63,validacion_2024,0.52,0.001,526800,433065,166935,0.2620273348519362,0.30848283232619,1.177292561863839,0.5885747222658431,0.3112944162436548,31.129441624365484,0.0533121794314526,0.0910339196912343,372483,16281,130677,7359,591,0.3011844331641286,30.118443316412858,35.025380710659896,-0.0009378299081613,-0.0045000001080334,0.6679538463095545,-0.4406293324730309,-0.4295019102989633,74.87648054145517,0.1639111192892107
baja_v1_short,2026-07-05T18:35:13.350157+00:00,corto_tp070_sl035_240m,short,histgb_63_moderado,algoritmo,histgb,63,validacion_2024,0.53,0.001,526800,433065,166935,0.2620273348519362,0.30848283232619,1.177292561863839,0.5885747222658431,0.3124937280481686,31.24937280481686,0.0451186646961662,0.0788524112783763,375062,13702,131808,6228,443,0.3047404063205418,30.474040632054177,35.214446952595935,-0.0009005967242891,-0.0045000001080334,0.6784408389452364,-0.3576685301826067,-0.332491699810884,77.92776523702031,0.2525678127212854
baja_v1_short,2026-07-05T18:35:13.632715+00:00,corto_tp070_sl035_240m,short,histgb_63_moderado,algoritmo,histgb,63,validacion_2024,0.54,0.001,526800,433065,166935,0.2620273348519362,0.30848283232619,1.177292561863839,0.5885747222658431,0.3148995309514158,31.489953095141583,0.0393955200092729,0.070029941083674,376933,11831,132598,5438,348,0.3017241379310345,30.17241379310345,37.06896551724138,-0.0008197013015099,-0.0045000001080334,0.6997252026041668,-0.2795252841956881,-0.2512148634409368,86.683908045977,0.3213015507458403
baja_v1_short,2026-07-05T18:35:13.929709+00:00,corto_tp070_sl035_240m,short,histgb_63_moderado,algoritmo,histgb,63,validacion_2024,0.55,0.001,526800,433065,166935,0.2620273348519362,0.30848283232619,1.177292561863839,0.5885747222658431,0.3193906362860332,31.93906362860332,0.0352371845025935,0.0634717645907415,378399,10365,133172,4864,293,0.3071672354948805,30.71672354948805,37.20136518771331,-0.0007512600600448,-0.0045000001080334,0.7197755550630921,-0.2385703489181451,-0.2002948817953183,88.45392491467577,0.2333554594616484
baja_v1_short,2026-07-05T18:35:14.166487+00:00,corto_tp070_sl035_240m,short,histgb_63_moderado,algoritmo,histgb,63,validacion_2024,0.56,0.001,526800,433065,166935,0.2620273348519362,0.30848283232619,1.177292561863839,0.5885747222658431,0.3230553090801538,32.30553090801538,0.0316511634646034,0.0576537344945896,379609,9155,133667,4369,246,0.3008130081300813,30.08130081300813,38.61788617886179,-0.0006425853885709,-0.0045000001080334,0.7504804540525695,-0.1774955811762731,-0.1485732483455552,94.85365853658536,0.2199628683605348
baja_v1_short,2026-07-05T18:35:14.358172+00:00,corto_tp070_sl035_240m,short,histgb_63_moderado,algoritmo,histgb,63,validacion_2024,0.57,0.001,526800,433065,166935,0.2620273348519362,0.30848283232619,1.177292561863839,0.5885747222658431,0.3280119730606136,32.80119730606136,0.0285795009997392,0.0525779172747446,380682,8082,134091,3945,217,0.2949308755760368,29.493087557603687,38.24884792626728,-0.0007266216968317,-0.0045000001080334,0.722897267961072,-0.1816238221782036,-0.1479627161560465,95.67281105990784,0.2731079636117935
baja_v1_short,2026-07-05T18:35:14.562192+00:00,corto_tp070_sl035_240m,short,histgb_63_moderado,algoritmo,histgb,63,validacion_2024,0.58,0.001,526800,433065,166935,0.2620273348519362,0.30848283232619,1.177292561863839,0.5885747222658431,0.3317209302325581,33.17209302325582,0.0258338404474195,0.047934617504335,381580,7184,134470,3566,188,0.2659574468085106,26.595744680851062,35.1063829787234,-0.0010658154979627,-0.0045000001080334,0.6132082824424274,-0.2037493489187686,-0.1832653727528087,92.40957446808513,0.2867272576821772
baja_v1_short,2026-07-05T18:35:14.714207+00:00,corto_tp070_sl035_240m,short,histgb_63_moderado,algoritmo,histgb,63,validacion_2024,0.59,0.001,526800,433065,166935,0.2620273348519362,0.30848283232619,1.177292561863839,0.5885747222658431,0.3400394068236026,34.00394068236026,0.0237546726940798,0.0444071262671063,382400,6364,134757,3279,175,0.3028571428571429,30.28571428571429,35.42857142857142,-0.0008344641153276,-0.0045000001080334,0.6946704403931613,-0.1642602725950624,-0.1376169810332783,90.09714285714286,0.2211731700059641
baja_v1_short,2026-07-05T18:35:14.868785+00:00,corto_tp070_sl035_240m,short,histgb_63_moderado,algoritmo,histgb,63,validacion_2024,0.6,0.001,526800,433065,166935,0.2620273348519362,0.30848283232619,1.177292561863839,0.5885747222658431,0.3454545454545454,34.54545454545455,0.0217479498101944,0.0409198097133432,383076,5688,135034,3002,159,0.3018867924528302,30.18867924528302,35.22012578616352,-0.0008577248283849,-0.0045000001080334,0.6854654295731645,-0.1394382477627324,-0.1290805261386954,87.58490566037736,0.2713308688628117
baja_v1_short,2026-07-05T18:35:15.020020+00:00,corto_tp070_sl035_240m,short,histgb_63_moderado,algoritmo,histgb,63,validacion_2024,0.61,0.001,526800,433065,166935,0.2620273348519362,0.30848283232619,1.177292561863839,0.5885747222658431,0.3504524021919205,35.045240219192046,0.0199223390999449,0.0377014456790715,383667,5097,135286,2750,144,0.3402777777777778,34.02777777777778,39.58333333333333,-0.0003635116305388,-0.0045000001080334,0.8534544280719992,-0.0840645471586458,-0.0525887650555583,87.70833333333333,0.4790858890255252
baja_v1_short,2026-07-05T18:35:15.187143+00:00,corto_tp070_sl035_240m,short,histgb_63_moderado,algoritmo,histgb,63,validacion_2024,0.62,0.001,526800,433065,166935,0.2620273348519362,0.30848283232619,1.177292561863839,0.5885747222658431,0.3534288926363125,35.34288926363126,0.0182198846677678,0.0346533289241622,384163,4601,135521,2515,135,0.3555555555555555,35.55555555555556,40.74074074074074,-0.0002289521168223,-0.0045000001080334,0.906136017639674,-0.0689046108043239,-0.0319841194889839,87.81481481481481,0.2757614385744254
baja_v1_short,2026-07-05T18:35:15.332561+00:00,corto_tp070_sl035_240m,short,histgb_63_moderado,algoritmo,histgb,63,validacion_2024,0.63,0.001,526800,433065,166935,0.2620273348519362,0.30848283232619,1.177292561863839,0.5885747222658431,0.3548487683193015,35.48487683193015,0.0164884522878089,0.0315126341294565,384626,4138,135760,2276,122,0.3278688524590163,32.78688524590164,38.52459016393443,-0.0005140797841113,-0.0045000001080334,0.7997925871345257,-0.0677165498111335,-0.0621228489085646,95.09016393442624,0.3822040454315603
baja_v1_short,2026-07-05T18:35:15.483365+00:00,corto_tp070_sl035_240m,short,histgb_63_moderado,algoritmo,histgb,63,validacion_2024,0.64,0.001,526800,433065,166935,0.2620273348519362,0.30848283232619,1.177292561863839,0.5885747222658431,0.3556550180754002,35.56550180754002,0.0149671100292677,0.0287253641071987,385021,3743,135970,2066,102,0.3333333333333333,33.33333333333333,40.19607843137255,-0.0003053502947469,-0.0045000001080334,0.8759258200400936,-0.06851636194753,-0.0318173283567261,105.66666666666669,0.2539953526559148
baja_v1_short,2026-07-05T18:35:15.647605+00:00,corto_tp070_sl035_240m,short,histgb_63_moderado,algoritmo,histgb,63,validacion_2024,0.65,0.001,526800,433065,166935,0.2620273348519362,0.30848283232619,1.177292561863839,0.5885747222658431,0.3583912798346175,35.83912798346176,0.0138152366049436,0.0266049094219326,385350,3414,136129,1907,90,0.3777777777777777,37.77777777777778,44.44444444444444,0.000139657708053,-0.0025457169502042,1.0619219434273317,-0.0355294266664645,0.0115584136254052,105.53333333333332,0.4831224271094043
baja_v1_short,2026-07-05T18:35:15.804093+00:00,corto_tp070_sl035_240m,short,histgb_63_moderado,algoritmo,histgb,63,validacion_2024,0.66,0.001,526800,433065,166935,0.2620273348519362,0.30848283232619,1.177292561863839,0.5885747222658431,0.3630193336075689,36.30193336075689,0.0127865194586919,0.0247029349606012,385667,3097,136271,1765,77,0.4155844155844156,41.55844155844156,50.64935064935064,0.0007656637710978,0.0001299016186967,1.3977451112318229,-0.0255343746536101,0.0597448093723322,106.93506493506491,0.3749998700191063
baja_v1_short,2026-07-05T18:35:15.989430+00:00,corto_tp070_sl035_240m,short,histgb_63_moderado,algoritmo,histgb,63,validacion_2024,0.67,0.001,526800,433065,166935,0.2620273348519362,0.30848283232619,1.177292561863839,0.5885747222658431,0.3710079275198188,37.100792751981885,0.0118664696166217,0.022997381555763,385987,2777,136398,1638,75,0.3466666666666667,34.66666666666667,46.66666666666666,7.679615883777521e-05,-0.0006658103482332,1.035152718623844,-0.0409648581081043,0.0049237838048479,107.05333333333331,0.3701864425493905
baja_v1_short,2026-07-05T18:35:16.150783+00:00,corto_tp070_sl035_240m,short,histgb_63_moderado,algoritmo,histgb,63,validacion_2024,0.68,0.001,526800,433065,166935,0.2620273348519362,0.30848283232619,1.177292561863839,0.5885747222658431,0.3719450101832994,37.19450101832994,0.0105841954272798,0.0205826829337015,386297,2467,136575,1461,74,0.3513513513513513,35.13513513513514,44.5945945945946,7.35005347964326e-05,-0.0021757945176213,1.0324211115037618,-0.0366822722651042,0.0045868228691867,98.27027027027027,0.4402895965553354
baja_v1_short,2026-07-05T18:35:16.313544+00:00,corto_tp070_sl035_240m,short,histgb_63_moderado,algoritmo,histgb,63,validacion_2024,0.69,0.001,526800,433065,166935,0.2620273348519362,0.30848283232619,1.177292561863839,0.5885747222658431,0.3871890191592794,38.71890191592794,0.0098090353241183,0.0191333469932807,386621,2143,136682,1354,70,0.3285714285714285,32.857142857142854,42.85714285714285,-0.0002845476829513,-0.0045000001080334,0.8837947489489318,-0.0420373150464259,-0.0205138682179392,99.85714285714286,0.3753609867362666
baja_v1_short,2026-07-05T18:35:16.460817+00:00,corto_tp070_sl035_240m,short,histgb_63_moderado,algoritmo,histgb,63,validacion_2024,0.7,0.001,526800,433065,166935,0.2620273348519362,0.30848283232619,1.177292561863839,0.5885747222658431,0.4103234237177393,41.03234237177393,0.0090990756034657,0.0178033551386634,386959,1805,136780,1256,61,0.3114754098360656,31.14754098360656,37.704918032786885,-0.0005831106937314,-0.0045000001080334,0.7756667639007797,-0.0347788741078965,-0.0356218691198995,107.34426229508196,0.3198753807428177
baja_v1_short,2026-07-05T18:35:16.608948+00:00,corto_tp070_sl035_240m,short,histgb_63_moderado,algoritmo,histgb,63,validacion_2024,0.71,0.001,526800,433065,166935,0.2620273348519362,0.30848283232619,1.177292561863839,0.5885747222658431,0.4430711610486891,44.30711610486892,0.008570228056449,0.0168152033317697,387277,1487,136853,1183,53,0.4339622641509434,43.39622641509434,50.943396226415096,0.0005812937734771,0.0001529672192409,1.2740163629067331,-0.0219169997261134,0.0306002706348058,100.98113207547168,0.4654614554416142
baja_v1_short,2026-07-05T18:35:16.790497+00:00,corto_tp070_sl035_240m,short,histgb_63_moderado,algoritmo,histgb,63,validacion_2024,0.72,0.001,526800,433065,166935,0.2620273348519362,0.30848283232619,1.177292561863839,0.5885747222658431,0.4665804225959465,46.65804225959465,0.0078385348749601,0.0154180470948665,387527,1237,136954,1082,47,0.4680851063829787,46.80851063829788,53.191489361702125,0.0010376806437815,0.0015158915668725,1.5534781495783283,-0.0257981627911803,0.0493614423623709,110.93617021276596,0.4164111164305476
baja_v1_short,2026-07-05T18:35:16.977282+00:00,corto_tp070_sl035_240m,short,histgb_63_moderado,algoritmo,histgb,63,validacion_2024,0.73,0.001,526800,433065,166935,0.2620273348519362,0.30848283232619,1.177292561863839,0.5885747222658431,0.4776264591439689,47.76264591439689,0.0071140861804167,0.0140193587071353,387690,1074,137054,982,39,0.358974358974359,35.8974358974359,48.71794871794872,0.0001120964952099,-0.0027599888378754,1.0495327868163102,-0.0268797901645102,0.0039191294934579,108.1025641025641,0.4781765093269414
baja_v1_short,2026-07-05T18:35:17.177316+00:00,corto_tp070_sl035_240m,short,histgb_63_moderado,algoritmo,histgb,63,validacion_2024,0.74,0.001,526800,433065,166935,0.2620273348519362,0.30848283232619,1.177292561863839,0.5885747222658431,0.4693877551020408,46.93877551020408,0.0061650583905647,0.0121702693619546,387802,962,137185,851,34,0.3823529411764705,38.23529411764706,50.0,0.0003176774441757,-0.0016161119090393,1.1434080647968676,-0.0208582551855374,0.0104416935609541,114.73529411764706,0.5274636395821782
baja_v1_short,2026-07-05T18:35:17.331397+00:00,corto_tp070_sl035_240m,short,histgb_63_moderado,algoritmo,histgb,63,validacion_2024,0.75,0.001,526800,433065,166935,0.2620273348519362,0.30848283232619,1.177292561863839,0.5885747222658431,0.4766175528507367,47.66175528507367,0.0053898982874032,0.010659254855047,387947,817,137292,744,33,0.3636363636363636,36.36363636363637,48.48484848484848,8.031336585003316e-05,-0.0028215996678918,1.0360435160846615,-0.0177958256668163,0.0022734680498575,110.24242424242424,0.4954895282723326
baja_v1_short,2026-07-05T18:35:17.508673+00:00,corto_tp070_sl035_240m,short,histgb_63_moderado,algoritmo,histgb,63,validacion_2024,0.76,0.001,526800,433065,166935,0.2620273348519362,0.30848283232619,1.177292561863839,0.5885747222658431,0.4862657757980698,48.62657757980698,0.0047451389492596,0.009398563669888,388072,692,137381,655,30,0.5333333333333333,53.333333333333336,60.0,0.0014810402033229,0.0060000002160668,1.8429353150307377,-0.0090733047192913,0.0450104837749565,102.1,0.6896092673838183
baja_v1_short,2026-07-05T18:35:17.673063+00:00,corto_tp070_sl035_240m,short,histgb_63_moderado,algoritmo,histgb,63,validacion_2024,0.77,0.001,526800,433065,166935,0.2620273348519362,0.30848283232619,1.177292561863839,0.5885747222658431,0.4907161803713528,49.07161803713528,0.0040206902547161,0.007976028799931,388188,576,137481,555,25,0.52,52.0,56.00000000000001,0.001285880735144,0.0060000002160668,1.6668108421680918,-0.0134393414461899,0.0323156248342084,98.68,0.6854275657133567
baja_v1_short,2026-07-05T18:35:17.836047+00:00,corto_tp070_sl035_240m,short,histgb_63_moderado,algoritmo,histgb,63,validacion_2024,0.78,0.001,526800,433065,166935,0.2620273348519362,0.30848283232619,1.177292561863839,0.5885747222658431,0.4828693790149893,48.28693790149893,0.0032672636123909,0.0064906094840613,388281,483,137585,451,22,0.5,50.0,54.54545454545454,0.0010898713899607,0.004178558640182,1.5402703516795024,-0.0089797502150945,0.0239607947891415,105.72727272727272,0.5996953614933271
baja_v1_short,2026-07-05T18:35:18.011177+00:00,corto_tp070_sl035_240m,short,histgb_63_moderado,algoritmo,histgb,63,validacion_2024,0.79,0.001,526800,433065,166935,0.2620273348519362,0.30848283232619,1.177292561863839,0.5885747222658431,0.4850136239782016,48.50136239782017,0.0025790373525746,0.0051307919579159,388386,378,137680,356,21,0.4761904761904761,47.61904761904761,52.38095238095239,0.0008265294354586,0.0023571170642971,1.38571372728737,-0.01343934144619,0.0172200918462617,97.23809523809524,0.4862379700343355
baja_v1_short,2026-07-05T18:35:18.186222+00:00,corto_tp070_sl035_240m,short,histgb_63_moderado,algoritmo,histgb,63,validacion_2024,0.8,0.001,526800,433065,166935,0.2620273348519362,0.30848283232619,1.177292561863839,0.5885747222658431,0.4912280701754385,49.122807017543856,0.0018256107102495,0.0036377021847866,388503,261,137784,252,17,0.4705882352941176,47.05882352941176,52.94117647058824,0.0008093293834039,0.0017585986535996,1.3821833107655117,-0.0222984097320423,0.0136243617147402,107.52941176470588,0.6258997591931206
baja_v1_short,2026-07-05T18:35:18.335663+00:00,corto_tp070_sl035_240m,short,histgb_63_moderado,algoritmo,histgb,63,validacion_2024,0.81,0.001,526800,433065,166935,0.2620273348519362,0.30848283232619,1.177292561863839,0.5885747222658431,0.4983818770226537,49.83818770226537,0.0011156509895969,0.0022263182623152,388609,155,137882,154,13,0.5384615384615384,53.84615384615385,53.84615384615385,0.0011538462203282,0.0060000002160668,1.5555555742279978,-0.0178788645162635,0.0149238344504658,75.92307692307692,0.3214285727146835
baja_v1_short,2026-07-05T18:35:18.495813+00:00,corto_tp070_sl035_240m,short,histgb_63_moderado,algoritmo,histgb,63,validacion_2024,0.82,0.001,526800,433065,166935,0.2620273348519362,0.30848283232619,1.177292561863839,0.5885747222658431,0.4666666666666667,46.66666666666666,0.0004564026775623,0.000911913498491,388692,72,137973,63,9,0.5555555555555556,55.55555555555556,55.55555555555556,0.0013333334053556,0.0060000002160668,1.6666666866728548,-0.01343934144619,0.011940461997171,96.44444444444444,0.4500000018005569
baja_v1_short,2026-07-05T18:35:18.653204+00:00,corto_tp070_sl035_240m,short,histgb_63_moderado,algoritmo,histgb,63,validacion_2024,0.83,0.001,526800,433065,166935,0.2620273348519362,0.30848283232619,1.177292561863839,0.5885747222658431,0.2702702702702703,27.027027027027028,7.244486945434524e-05,0.0001448509121986,388737,27,138026,10,7,0.4285714285714285,42.85714285714285,42.85714285714285,3.086669089967322e-11,-0.0045000001080334,1.000000012003713,-0.0134393414461899,-9.440221248513404e-05,79.42857142857143,0.4999999939981437
baja_v1_short,2026-07-05T18:35:18.797804+00:00,corto_tp070_sl035_240m,short,histgb_63_moderado,algoritmo,histgb,63,validacion_2024,0.84,0.001,526800,433065,166935,0.2620273348519362,0.30848283232619,1.177292561863839,0.5885747222658431,0.125,12.5,7.244486945434525e-06,1.4488134218075396e-05,388757,7,138035,1,3,0.3333333333333333,33.33333333333333,33.33333333333333,-0.001,-0.0045000001080334,0.666666674669142,-0.0045000001080334,-0.0030336285022585,26.33333333333333,0.7499999909972155
baja_v1_short,2026-07-05T18:35:18.937672+00:00,corto_tp070_sl035_240m,short,histgb_63_moderado,algoritmo,histgb,63,validacion_2024,0.85,0.001,526800,433065,166935,0.2620273348519362,0.30848283232619,1.177292561863839,0.5885747222658431,0.0,0.0,0.0,0.0,388764,0,138036,0,0,0.0,0.0,0.0,0.0,0.0,0.0,0.0,0.0,0.0,0.0
baja_v1_short,2026-07-05T18:35:19.064963+00:00,corto_tp070_sl035_240m,short,histgb_63_moderado,algoritmo,histgb,63,validacion_2024,0.86,0.001,526800,433065,166935,0.2620273348519362,0.30848283232619,1.177292561863839,0.5885747222658431,0.0,0.0,0.0,0.0,388764,0,138036,0,0,0.0,0.0,0.0,0.0,0.0,0.0,0.0,0.0,0.0,0.0
baja_v1_short,2026-07-05T18:35:19.189256+00:00,corto_tp070_sl035_240m,short,histgb_63_moderado,algoritmo,histgb,63,validacion_2024,0.87,0.001,526800,433065,166935,0.2620273348519362,0.30848283232619,1.177292561863839,0.5885747222658431,0.0,0.0,0.0,0.0,388764,0,138036,0,0,0.0,0.0,0.0,0.0,0.0,0.0,0.0,0.0,0.0,0.0
baja_v1_short,2026-07-05T18:35:19.326420+00:00,corto_tp070_sl035_240m,short,histgb_63_moderado,algoritmo,histgb,63,validacion_2024,0.88,0.001,526800,433065,166935,0.2620273348519362,0.30848283232619,1.177292561863839,0.5885747222658431,0.0,0.0,0.0,0.0,388764,0,138036,0,0,0.0,0.0,0.0,0.0,0.0,0.0,0.0,0.0,0.0,0.0
baja_v1_short,2026-07-05T18:35:19.463464+00:00,corto_tp070_sl035_240m,short,histgb_63_moderado,algoritmo,histgb,63,validacion_2024,0.89,0.001,526800,433065,166935,0.2620273348519362,0.30848283232619,1.177292561863839,0.5885747222658431,0.0,0.0,0.0,0.0,388764,0,138036,0,0,0.0,0.0,0.0,0.0,0.0,0.0,0.0,0.0,0.0,0.0
baja_v1_short,2026-07-05T18:35:19.585711+00:00,corto_tp070_sl035_240m,short,histgb_63_moderado,algoritmo,histgb,63,validacion_2024,0.9,0.001,526800,433065,166935,0.2620273348519362,0.30848283232619,1.177292561863839,0.5885747222658431,0.0,0.0,0.0,0.0,388764,0,138036,0,0,0.0,0.0,0.0,0.0,0.0,0.0,0.0,0.0,0.0,0.0
baja_v1_short,2026-07-05T18:35:19.730711+00:00,corto_tp070_sl035_240m,short,histgb_63_moderado,algoritmo,histgb,63,validacion_2024,0.91,0.001,526800,433065,166935,0.2620273348519362,0.30848283232619,1.177292561863839,0.5885747222658431,0.0,0.0,0.0,0.0,388764,0,138036,0,0,0.0,0.0,0.0,0.0,0.0,0.0,0.0,0.0,0.0,0.0
baja_v1_short,2026-07-05T18:35:19.869144+00:00,corto_tp070_sl035_240m,short,histgb_63_moderado,algoritmo,histgb,63,validacion_2024,0.92,0.001,526800,433065,166935,0.2620273348519362,0.30848283232619,1.177292561863839,0.5885747222658431,0.0,0.0,0.0,0.0,388764,0,138036,0,0,0.0,0.0,0.0,0.0,0.0,0.0,0.0,0.0,0.0,0.0
baja_v1_short,2026-07-05T18:35:19.998563+00:00,corto_tp070_sl035_240m,short,histgb_63_moderado,algoritmo,histgb,63,validacion_2024,0.93,0.001,526800,433065,166935,0.2620273348519362,0.30848283232619,1.177292561863839,0.5885747222658431,0.0,0.0,0.0,0.0,388764,0,138036,0,0,0.0,0.0,0.0,0.0,0.0,0.0,0.0,0.0,0.0,0.0
baja_v1_short,2026-07-05T18:35:20.129614+00:00,corto_tp070_sl035_240m,short,histgb_63_moderado,algoritmo,histgb,63,validacion_2024,0.94,0.001,526800,433065,166935,0.2620273348519362,0.30848283232619,1.177292561863839,0.5885747222658431,0.0,0.0,0.0,0.0,388764,0,138036,0,0,0.0,0.0,0.0,0.0,0.0,0.0,0.0,0.0,0.0,0.0
baja_v1_short,2026-07-05T18:35:20.285124+00:00,corto_tp070_sl035_240m,short,histgb_63_moderado,algoritmo,histgb,63,validacion_2024,0.95,0.001,526800,433065,166935,0.2620273348519362,0.30848283232619,1.177292561863839,0.5885747222658431,0.0,0.0,0.0,0.0,388764,0,138036,0,0,0.0,0.0,0.0,0.0,0.0,0.0,0.0,0.0,0.0,0.0
baja_v1_short,2026-07-05T18:59:34.893256+00:00,baja_cierre_4h,control_v4,sgd_101_moderado,estructura_velas,sgd,101,validacion_2023,0.05,0.001,521200,720829,302738,0.1555640828856485,0.21343404160090385,1.3720007706264319,0.6093781914592877,0.15560724615151358,15.560724615151358,0.99998766650222,0.2693077397036183,150,439970,1,81079,14,0.07142857142857142,7.142857142857142,28.57142857142857,-0.0021181326673457607,-0.0009002339063736145,0.5997321027483442,-0.0720225164521634,-0.0308074035968795,480.0,0.6534122558850097
baja_v1_short,2026-07-05T18:59:34.998777+00:00,baja_cierre_4h,control_v4,sgd_101_moderado,estructura_velas,sgd,101,validacion_2023,0.06,0.001,521200,720829,302738,0.1555640828856485,0.21343404160090385,1.3720007706264319,0.6093781914592877,0.15565862958049598,15.565862958049598,0.99998766650222,0.269384690268574,322,439798,1,81079,20,0.05,5.0,25.0,-0.0025314500669774143,-0.0012264163995278068,0.4710624777973934,-0.08723375107651432,-0.05105698065609643,480.0,0.5633203400738885
baja_v1_short,2026-07-05T18:59:35.097948+00:00,baja_cierre_4h,control_v4,sgd_101_moderado,estructura_velas,sgd,101,validacion_2023,0.07,0.001,521200,720829,302738,0.1555640828856485,0.21343404160090385,1.3720007706264319,0.6093781914592877,0.15575408261287224,15.575408261287224,0.9998766650222003,0.26952358788523556,690,439430,10,81070,26,0.038461538461538464,3.8461538461538463,34.61538461538461,-0.0013149011191943341,-0.0008771668360859622,0.64533240473621,-0.08659293683732971,-0.035340336096386205,480.0,0.5960533892324295
baja_v1_short,2026-07-05T18:59:35.198428+00:00,baja_cierre_4h,control_v4,sgd_101_moderado,estructura_velas,sgd,101,validacion_2023,0.08,0.001,521200,720829,302738,0.1555640828856485,0.21343404160090385,1.3720007706264319,0.6093781914592877,0.15590780481518454,15.590780481518454,0.9997039960532808,0.269747427938174,1279,438841,24,81056,40,0.075,7.5,37.5,-0.0006915602898297952,-0.0005026171964127571,0.7377966981277544,-0.08666988678332666,-0.02916914943412685,480.0,0.5269423921477332
baja_v1_short,2026-07-05T18:59:35.300856+00:00,baja_cierre_4h,control_v4,sgd_101_moderado,estructura_velas,sgd,101,validacion_2023,0.09,0.001,521200,720829,302738,0.1555640828856485,0.21343404160090385,1.3720007706264319,0.6093781914592877,0.15613729539779908,15.613729539779907,0.999555994079921,0.27008544729861234,2108,438012,36,81044,66,0.045454545454545456,4.545454545454546,33.33333333333333,-0.0012712421356921952,-0.0008317674435384106,0.5155243279952553,-0.11823990034610998,-0.08248329022418754,480.0,0.40125030925788574
baja_v1_short,2026-07-05T18:59:35.402872+00:00,baja_cierre_4h,control_v4,sgd_101_moderado,estructura_velas,sgd,101,validacion_2023,0.1,0.001,521200,720829,302738,0.1555640828856485,0.21343404160090385,1.3720007706264319,0.6093781914592877,0.15647523696957055,15.647523696957055,0.9992723236309817,0.2705804952009458,3353,436767,59,81021,106,0.04716981132075472,4.716981132075472,33.0188679245283,-0.001544469415835234,-0.0008630121117457748,0.45306466372300663,-0.18186484436099226,-0.15350493425078926,480.0,0.2917160860033986
baja_v1_short,2026-07-05T18:59:35.510007+00:00,baja_cierre_4h,control_v4,sgd_101_moderado,estructura_velas,sgd,101,validacion_2023,0.11,0.001,521200,720829,302738,0.1555640828856485,0.21343404160090385,1.3720007706264319,0.6093781914592877,0.15691618768840082,15.691618768840081,0.998347311297484,0.2712054076239457,5211,434909,134,80946,143,0.055944055944055944,5.594405594405594,30.069930069930066,-0.0017152414946049383,-0.0011842731289798394,0.45631143286552595,-0.22757334045177458,-0.2223579497474072,480.0,0.2796187260547145
baja_v1_short,2026-07-05T18:59:35.619073+00:00,baja_cierre_4h,control_v4,sgd_101_moderado,estructura_velas,sgd,101,validacion_2023,0.12,0.001,521200,720829,302738,0.1555640828856485,0.21343404160090385,1.3720007706264319,0.6093781914592877,0.1574580036637175,15.745800366371752,0.9965219536260483,0.2719464171518966,7778,432342,282,80798,213,0.07042253521126761,7.042253521126761,31.92488262910798,-0.0012149008413452384,-0.001156550740939565,0.620218012307056,-0.2473330105099022,-0.2355303423967705,480.0,0.23867628488304332
baja_v1_short,2026-07-05T18:59:35.735982+00:00,baja_cierre_4h,control_v4,sgd_101_moderado,estructura_velas,sgd,101,validacion_2023,0.13,0.001,521200,720829,302738,0.1555640828856485,0.21343404160090385,1.3720007706264319,0.6093781914592877,0.1582225644430389,15.822256444303889,0.9934632461766156,0.27297080686510566,11577,428543,530,80550,296,0.07094594594594594,7.094594594594595,38.85135135135135,-0.0011076351083374786,-0.0010347902705470915,0.6713614750181259,-0.3243001220414291,-0.2900832350698902,480.0,0.17883367757159502
baja_v1_short,2026-07-05T18:59:35.859450+00:00,baja_cierre_4h,control_v4,sgd_101_moderado,estructura_velas,sgd,101,validacion_2023,0.14,0.001,521200,720829,302738,0.1555640828856485,0.21343404160090385,1.3720007706264319,0.6093781914592877,0.15938965270603195,15.938965270603195,0.9894425259003453,0.2745516769336071,17024,423096,856,80224,366,0.08469945355191257,8.469945355191257,39.61748633879781,-0.0009637872208371295,-0.0010311142712234869,0.7197133295979155,-0.31318640376537643,-0.3092905941576005,480.0,0.19415137363724697
baja_v1_short,2026-07-05T18:59:35.986496+00:00,baja_cierre_4h,control_v4,sgd_101_moderado,estructura_velas,sgd,101,validacion_2023,0.15,0.001,521200,720829,302738,0.1555640828856485,0.21343404160090385,1.3720007706264319,0.6093781914592877,0.16088837786317287,16.088837786317285,0.9836951159348791,0.2765462063226511,24143,415977,1322,79758,451,0.09090909090909091,9.090909090909092,38.13747228381374,-0.001059133865797696,-0.0013314529603812844,0.6928803854765629,-0.41147277841642427,-0.39223604018201397,480.0,0.1508949395011888
baja_v1_short,2026-07-05T18:59:36.128519+00:00,baja_cierre_4h,control_v4,sgd_101_moderado,estructura_velas,sgd,101,validacion_2023,0.16,0.001,521200,720829,302738,0.1555640828856485,0.21343404160090385,1.3720007706264319,0.6093781914592877,0.16263528578575384,16.263528578575386,0.9743093241243217,0.27874194396368457,33386,406734,2083,78997,522,0.09386973180076628,9.386973180076629,39.6551724137931,-0.0009953238159108035,-0.0009279489384207409,0.7072788220066095,-0.43643448084602565,-0.4185319517466287,480.0,0.20540488955963807
baja_v1_short,2026-07-05T18:59:36.282640+00:00,baja_cierre_4h,control_v4,sgd_101_moderado,estructura_velas,sgd,101,validacion_2023,0.17,0.001,521200,720829,302738,0.1555640828856485,0.21343404160090385,1.3720007706264319,0.6093781914592877,0.16461629826255847,16.461629826255848,0.9606684755796744,0.2810696314098227,44844,395276,3189,77891,599,0.09348914858096828,9.348914858096828,39.73288814691152,-0.0009817728329220956,-0.0011236151001648978,0.711700370635266,-0.5009822088656493,-0.45841699416727055,480.0,0.20888166289514012
baja_v1_short,2026-07-05T18:59:36.459220+00:00,baja_cierre_4h,control_v4,sgd_101_moderado,estructura_velas,sgd,101,validacion_2023,0.18,0.001,521200,720829,302738,0.1555640828856485,0.21343404160090385,1.3720007706264319,0.6093781914592877,0.16710971008346415,16.710971008346416,0.9428095707942773,0.2838992650253843,59121,380999,4637,76443,678,0.09734513274336283,9.734513274336283,40.707964601769916,-0.0012324378128802727,-0.0010524719944223762,0.6583805556924737,-0.5798528463204564,-0.5788898670950409,480.0,0.27603597591225887
baja_v1_short,2026-07-05T18:59:36.641296+00:00,baja_cierre_4h,control_v4,sgd_101_moderado,estructura_velas,sgd,101,validacion_2023,0.19,0.001,521200,720829,302738,0.1555640828856485,0.21343404160090385,1.3720007706264319,0.6093781914592877,0.16973517192972862,16.97351719297286,0.9186235816477553,0.2865281894543685,75789,364331,6598,74482,726,0.11432506887052342,11.432506887052343,41.04683195592286,-0.001295171204899601,-0.001072585480666021,0.6555892574489574,-0.6362036991186539,-0.6225140951378945,480.0,0.20597890293160248
baja_v1_short,2026-07-05T18:59:36.834042+00:00,baja_cierre_4h,control_v4,sgd_101_moderado,estructura_velas,sgd,101,validacion_2023,0.2,0.001,521200,720829,302738,0.1555640828856485,0.21343404160090385,1.3720007706264319,0.6093781914592877,0.17272753399657997,17.272753399657997,0.8895041933892451,0.289281259150218,94699,345421,8959,72121,786,0.12340966921119594,12.340966921119593,41.0941475826972,-0.0013309216611905503,-0.001050805867431336,0.6524023842988528,-0.6756840647575095,-0.6621022936021916,480.0,0.2056499583947985
baja_v1_short,2026-07-05T18:59:37.034438+00:00,baja_cierre_4h,control_v4,sgd_101_moderado,estructura_velas,sgd,101,validacion_2023,0.21,0.001,521200,720829,302738,0.1555640828856485,0.21343404160090385,1.3720007706264319,0.6093781914592877,0.17601505685637392,17.60150568563739,0.855846077947706,0.2919807539778549,115273,324847,11688,69392,834,0.12350119904076738,12.350119904076738,41.36690647482014,-0.0016156641259324142,-0.0010078625552646372,0.6215500514280831,-0.7582208911857901,-0.7539188004569382,480.0,0.26354641085064723
baja_v1_short,2026-07-05T18:59:37.243899+00:00,baja_cierre_4h,control_v4,sgd_101_moderado,estructura_velas,sgd,101,validacion_2023,0.22,0.001,521200,720829,302738,0.1555640828856485,0.21343404160090385,1.3720007706264319,0.6093781914592877,0.17955975268220745,17.955975268220744,0.8184385791810558,0.2945067625292636,136914,303206,14721,66359,878,0.14236902050113895,14.236902050113894,41.230068337129836,-0.0017079242859212532,-0.001005968500772724,0.6097902820812408,-0.7965042369083659,-0.7901461898119612,480.0,0.18492364969906744
baja_v1_short,2026-07-05T18:59:37.454440+00:00,baja_cierre_4h,control_v4,sgd_101_moderado,estructura_velas,sgd,101,validacion_2023,0.23,0.001,521200,720829,302738,0.1555640828856485,0.21343404160090385,1.3720007706264319,0.6093781914592877,0.1829125569154449,18.29125569154449,0.7749013320177602,0.29596393544557814,159457,280663,18251,62829,896,0.14620535714285715,14.620535714285715,40.513392857142854,-0.0018306972332369062,-0.001098954071290791,0.5947037119238109,-0.8197148699553957,-0.8178194684505263,480.0,0.2416057356860707
baja_v1_short,2026-07-05T18:59:37.713555+00:00,baja_cierre_4h,control_v4,sgd_101_moderado,estructura_velas,sgd,101,validacion_2023,0.24,0.001,521200,720829,302738,0.1555640828856485,0.21343404160090385,1.3720007706264319,0.6093781914592877,0.18645957006087857,18.64595700608786,0.7283053774050321,0.29690579622702223,182475,257645,22029,59051,919,0.14145810663764963,14.145810663764962,41.67573449401523,-0.0018521810118241968,-0.001160469367983751,0.5999287220547972,-0.8304876172814294,-0.8288043508211053,480.0,0.23559150190673298
baja_v1_short,2026-07-05T18:59:37.941482+00:00,baja_cierre_4h,control_v4,sgd_101_moderado,estructura_velas,sgd,101,validacion_2023,0.25,0.001,521200,720829,302738,0.1555640828856485,0.21343404160090385,1.3720007706264319,0.6093781914592877,0.1908559881932663,19.08559881932663,0.6826467686235816,0.2983098166452879,205465,234655,25731,55349,927,0.15102481121898598,15.102481121898597,41.74757281553398,-0.0017817339501618387,-0.0012212513354606927,0.6245072172302976,-0.8201951009628401,-0.8205253056940259,480.0,0.22436064179725007
baja_v1_short,2026-07-05T18:59:38.174710+00:00,baja_cierre_4h,control_v4,sgd_101_moderado,estructura_velas,sgd,101,validacion_2023,0.26,0.001,521200,720829,302738,0.1555640828856485,0.21343404160090385,1.3720007706264319,0.6093781914592877,0.19550026148051022,19.55002614805102,0.636272816970893,0.2990996109716432,227827,212293,29491,51589,934,0.15203426124197003,15.203426124197003,41.434689507494646,-0.001902669020155182,-0.0011887715625343845,0.6154952650344471,-0.842799616598174,-0.8430883090121265,480.0,0.23153273580294131
baja_v1_short,2026-07-05T18:59:38.395598+00:00,baja_cierre_4h,control_v4,sgd_101_moderado,estructura_velas,sgd,101,validacion_2023,0.27,0.001,521200,720829,302738,0.1555640828856485,0.21343404160090385,1.3720007706264319,0.6093781914592877,0.20010323035475994,20.010323035475995,0.5881228416378885,0.29860793657751533,249503,190617,33395,47685,937,0.15581643543223053,15.581643543223054,39.80789754535753,-0.0018489523905313976,-0.0012877859224099666,0.6172908932940788,-0.8355756427602947,-0.8358776017223335,480.0,0.2247098301633981
baja_v1_short,2026-07-05T18:59:38.616395+00:00,baja_cierre_4h,control_v4,sgd_101_moderado,estructura_velas,sgd,101,validacion_2023,0.28,0.001,521200,720829,302738,0.1555640828856485,0.21343404160090385,1.3720007706264319,0.6093781914592877,0.20458918696756836,20.458918696756836,0.5402688702516033,0.29678988590476707,269813,170307,37275,43805,930,0.14838709677419354,14.838709677419354,40.96774193548387,-0.0019764002522804427,-0.0012716507442528382,0.602479558466772,-0.8526306669858751,-0.8529013050566593,480.0,0.2303347710449568
baja_v1_short,2026-07-05T18:59:38.826981+00:00,baja_cierre_4h,control_v4,sgd_101_moderado,estructura_velas,sgd,101,validacion_2023,0.29,0.001,521200,720829,302738,0.1555640828856485,0.21343404160090385,1.3720007706264319,0.6093781914592877,0.20925252778474138,20.92525277847414,0.494153922052294,0.29400628137016055,288714,151406,41014,40066,920,0.14673913043478262,14.673913043478262,42.173913043478265,-0.0020243589054470797,-0.0010926513384911232,0.6022704318729172,-0.8561607340329686,-0.8564248892723805,480.0,0.22608184953426821
baja_v1_short,2026-07-05T18:59:39.036202+00:00,baja_cierre_4h,control_v4,sgd_101_moderado,estructura_velas,sgd,101,validacion_2023,0.3,0.001,521200,720829,302738,0.1555640828856485,0.21343404160090385,1.3720007706264319,0.6093781914592877,0.21366540373725604,21.366540373725602,0.45001233349777997,0.28975528793275285,305840,134280,44593,36487,911,0.1668496158068057,16.68496158068057,41.38309549945115,-0.001959760446283878,-0.001172529005794786,0.6226207471278126,-0.8455974399955146,-0.8457620637192846,480.0,0.2316474217803397
baja_v1_short,2026-07-05T18:59:39.237928+00:00,baja_cierre_4h,control_v4,sgd_101_moderado,estructura_velas,sgd,101,validacion_2023,0.31,0.001,521200,720829,302738,0.1555640828856485,0.21343404160090385,1.3720007706264319,0.6093781914592877,0.217995634944184,21.7995634944184,0.40775777010360137,0.28410365258938125,321522,118598,48019,33061,887,0.17812852311161217,17.81285231116122,39.23337091319053,-0.002072770427609903,-0.0014250340280123055,0.6111273273223642,-0.8539779799475592,-0.8542332950631113,480.0,0.21585056407922537
baja_v1_short,2026-07-05T18:59:39.432096+00:00,baja_cierre_4h,control_v4,sgd_101_moderado,estructura_velas,sgd,101,validacion_2023,0.32,0.001,521200,720829,302738,0.1555640828856485,0.21343404160090385,1.3720007706264319,0.6093781914592877,0.22183450394428786,22.183450394428785,0.36694622594967935,0.2765081459864869,335754,104366,51328,29752,873,0.17869415807560138,17.869415807560138,41.00801832760595,-0.0020900357516566424,-0.0012223592600785196,0.6137660987629943,-0.8521012715550532,-0.8522788489332394,480.0,0.2012662860902564
baja_v1_short,2026-07-05T18:59:39.622000+00:00,baja_cierre_4h,control_v4,sgd_101_moderado,estructura_velas,sgd,101,validacion_2023,0.33,0.001,521200,720829,302738,0.1555640828856485,0.21343404160090385,1.3720007706264319,0.6093781914592877,0.22629683057896557,22.629683057896557,0.330846077947706,0.26876199159398656,348406,91714,54255,26825,859,0.18742724097788127,18.742724097788127,40.74505238649593,-0.0023914402513075584,-0.0014025035304948688,0.5680739276443618,-0.8826103399900012,-0.8827040542169471,480.0,0.2140394057612562
baja_v1_short,2026-07-05T18:59:39.797298+00:00,baja_cierre_4h,control_v4,sgd_101_moderado,estructura_velas,sgd,101,validacion_2023,0.34,0.001,521200,720829,302738,0.1555640828856485,0.21343404160090385,1.3720007706264319,0.6093781914592877,0.23023822027020577,23.023822027020575,0.29740996546620624,0.2595484756343675,359499,80621,56966,24114,834,0.17266187050359713,17.26618705035971,40.7673860911271,-0.0023842720548260072,-0.001449896149802953,0.571931878549936,-0.874132935598425,-0.8742718875302959,480.0,0.2084517398769711
baja_v1_short,2026-07-05T18:59:39.972478+00:00,baja_cierre_4h,control_v4,sgd_101_moderado,estructura_velas,sgd,101,validacion_2023,0.35,0.001,521200,720829,302738,0.1555640828856485,0.21343404160090385,1.3720007706264319,0.6093781914592877,0.23328525415089632,23.328525415089633,0.2653058707449433,0.2482673453017791,369422,70698,59569,21511,818,0.19559902200489,19.559902200489,42.298288508557455,-0.002215457535552845,-0.0011626865050639026,0.6013192996732057,-0.8507352800404239,-0.8499659490706712,480.0,0.205559902768685
baja_v1_short,2026-07-05T18:59:40.149155+00:00,baja_cierre_4h,control_v4,sgd_101_moderado,estructura_velas,sgd,101,validacion_2023,0.36,0.001,521200,720829,302738,0.1555640828856485,0.21343404160090385,1.3720007706264319,0.6093781914592877,0.23678790345457013,23.678790345457013,0.2367908238776517,0.2367893636571062,378238,61882,61881,19199,796,0.20100502512562815,20.100502512562816,41.33165829145729,-0.00226970635013017,-0.001217824890569318,0.6055014099533348,-0.852562433486444,-0.8495940445563746,480.0,0.2011711448710566
baja_v1_short,2026-07-05T18:59:40.315896+00:00,baja_cierre_4h,control_v4,sgd_101_moderado,estructura_velas,sgd,101,validacion_2023,0.37,0.001,521200,720829,302738,0.1555640828856485,0.21343404160090385,1.3720007706264319,0.6093781914592877,0.24036893313087002,24.036893313087003,0.21085347804637394,0.22464587001655673,386092,54028,63984,17096,773,0.18628719275549807,18.628719275549805,41.39715394566624,-0.002524872520239742,-0.0012132905210601166,0.5746586492417185,-0.876738986925391,-0.8700954726766392,480.0,0.20529455639347646
baja_v1_short,2026-07-05T18:59:40.477895+00:00,baja_cierre_4h,control_v4,sgd_101_moderado,estructura_velas,sgd,101,validacion_2023,0.38,0.001,521200,720829,302738,0.1555640828856485,0.21343404160090385,1.3720007706264319,0.6093781914592877,0.2429031219826199,24.29031219826199,0.1861618154908732,0.21078061723223013,393074,47046,65986,15094,750,0.20133333333333334,20.133333333333333,41.46666666666667,-0.002551783642138845,-0.0011294877110922244,0.5785661385491493,-0.8711377659864767,-0.8651524045496499,480.0,0.18783282452408248
baja_v1_short,2026-07-05T18:59:40.635979+00:00,baja_cierre_4h,control_v4,sgd_101_moderado,estructura_velas,sgd,101,validacion_2023,0.39,0.001,521200,720829,302738,0.1555640828856485,0.21343404160090385,1.3720007706264319,0.6093781914592877,0.2455900299545135,24.55900299545135,0.16381351751356685,0.1965345289356476,399320,40800,67798,13282,724,0.19751381215469613,19.751381215469614,42.26519337016575,-0.0024819772410226973,-0.0010746822443034034,0.5925964818188604,-0.8534493183747174,-0.847860961725652,480.0,0.1936986699059395
baja_v1_short,2026-07-05T18:59:40.791009+00:00,baja_cierre_4h,control_v4,sgd_101_moderado,estructura_velas,sgd,101,validacion_2023,0.4,0.001,521200,720829,302738,0.1555640828856485,0.21343404160090385,1.3720007706264319,0.6093781914592877,0.24746510542615927,24.746510542615926,0.1438825851011347,0.1819656533200231,404644,35476,69414,11666,709,0.19040902679830748,19.040902679830747,41.889985895627646,-0.002577288224426798,-0.001141649434226565,0.5749206194120035,-0.8575424386300818,-0.8519050993009945,480.0,0.19409740795293673
baja_v1_short,2026-07-05T18:59:40.939954+00:00,baja_cierre_4h,control_v4,sgd_101_moderado,estructura_velas,sgd,101,validacion_2023,0.41,0.001,521200,720829,302738,0.1555640828856485,0.21343404160090385,1.3720007706264319,0.6093781914592877,0.24965234575129913,24.965234575129912,0.1262086827824371,0.16765927467252129,409364,30756,70847,10233,678,0.1902654867256637,19.02654867256637,40.707964601769916,-0.002834125151217879,-0.0014803947085747496,0.5497936160559409,-0.8702085615048232,-0.8651619829020395,480.0,0.19195566277602147
baja_v1_short,2026-07-05T18:59:41.082995+00:00,baja_cierre_4h,control_v4,sgd_101_moderado,estructura_velas,sgd,101,validacion_2023,0.42,0.001,521200,720829,302738,0.1555640828856485,0.21343404160090385,1.3720007706264319,0.6093781914592877,0.25290257445734476,25.290257445734476,0.11122348297977307,0.1544998201099899,413480,26640,72062,9018,659,0.20182094081942337,20.18209408194234,40.819423368740516,-0.002755892846668042,-0.0013624358214437962,0.5593483785678246,-0.8551456492770412,-0.8494757073338901,480.0,0.21101489729208786
baja_v1_short,2026-07-05T18:59:41.225018+00:00,baja_cierre_4h,control_v4,sgd_101_moderado,estructura_velas,sgd,101,validacion_2023,0.43,0.001,521200,720829,302738,0.1555640828856485,0.21343404160090385,1.3720007706264319,0.6093781914592877,0.2561164547156413,25.61164547156413,0.09786630488406511,0.14161803287465868,417073,23047,73145,7935,643,0.19906687402799378,19.906687402799378,41.52410575427683,-0.0027579588968392834,-0.0012793979947455228,0.5680710153381893,-0.8489127648573027,-0.8429988530739507,480.0,0.2293931274637168
baja_v1_short,2026-07-05T18:59:41.363041+00:00,baja_cierre_4h,control_v4,sgd_101_moderado,estructura_velas,sgd,101,validacion_2023,0.44,0.001,521200,720829,302738,0.1555640828856485,0.21343404160090385,1.3720007706264319,0.6093781914592877,0.2602197145205889,26.02197145205889,0.08589047853971386,0.12915190742011462,420322,19798,74116,6964,618,0.21035598705501618,21.035598705501616,41.262135922330096,-0.0027804506031504036,-0.0013218923375243321,0.5684313690902867,-0.8402277685044509,-0.8335428690344624,480.0,0.21269401154890444
baja_v1_short,2026-07-05T18:59:41.498941+00:00,baja_cierre_4h,control_v4,sgd_101_moderado,estructura_velas,sgd,101,validacion_2023,0.45,0.001,521200,720829,302738,0.1555640828856485,0.21343404160090385,1.3720007706264319,0.6093781914592877,0.2628843841264388,26.288438412643877,0.07549333991119882,0.1173009850139895,422957,17163,74959,6121,596,0.22818791946308725,22.818791946308725,42.95302013422819,-0.0027631855708018438,-0.0011150804782810156,0.5749068656836596,-0.8297932770484582,-0.8212438238758186,480.0,0.22244400879270962
baja_v1_short,2026-07-05T18:59:41.626004+00:00,baja_cierre_4h,control_v4,sgd_101_moderado,estructura_velas,sgd,101,validacion_2023,0.46,0.001,521200,720829,302738,0.1555640828856485,0.21343404160090385,1.3720007706264319,0.6093781914592877,0.268361581920904,26.836158192090398,0.06678589047853971,0.10695451223607023,425357,14763,75665,5415,563,0.2291296625222025,22.912966252220247,42.80639431616341,-0.0028600952088544207,-0.001141649434226565,0.5753540372147934,-0.826367522070867,-0.8147830904929418,480.0,0.21604117685408342
baja_v1_short,2026-07-05T18:59:41.756036+00:00,baja_cierre_4h,control_v4,sgd_101_moderado,estructura_velas,sgd,101,validacion_2023,0.47,0.001,521200,720829,302738,0.1555640828856485,0.21343404160090385,1.3720007706264319,0.6093781914592877,0.2744975941126521,27.449759411265212,0.05980513073507647,0.0982125677249481,427304,12816,76231,4849,540,0.22962962962962963,22.962962962962962,41.48148148148148,-0.0026704850382262123,-0.001358173783752136,0.5979141446654666,-0.7914625800986865,-0.7798209107888969,480.0,0.23123463559433627
baja_v1_short,2026-07-05T18:59:41.882936+00:00,baja_cierre_4h,control_v4,sgd_101_moderado,estructura_velas,sgd,101,validacion_2023,0.48,0.001,521200,720829,302738,0.1555640828856485,0.21343404160090385,1.3720007706264319,0.6093781914592877,0.28097776622025744,28.097776622025744,0.053305377405032064,0.08961041653708196,429060,11060,76758,4322,524,0.21946564885496184,21.946564885496183,40.64885496183206,-0.002656344990583864,-0.0014214873333694414,0.594121498989378,-0.7808878191238801,-0.7679564923687813,480.0,0.2331531628941564
baja_v1_short,2026-07-05T18:59:42.010018+00:00,baja_cierre_4h,control_v4,sgd_101_moderado,estructura_velas,sgd,101,validacion_2023,0.49,0.001,521200,720829,302738,0.1555640828856485,0.21343404160090385,1.3720007706264319,0.6093781914592877,0.2909457040572792,29.09457040572792,0.04811297483966453,0.08257133180933028,430613,9507,77179,3901,509,0.24361493123772102,24.361493123772103,41.45383104125737,-0.002415506584905107,-0.0015914304638281465,0.6252905113026122,-0.7392156339749123,-0.7261953464685611,480.0,0.1888557538304839
baja_v1_short,2026-07-05T18:59:42.132990+00:00,baja_cierre_4h,control_v4,sgd_101_moderado,estructura_velas,sgd,101,validacion_2023,0.5,0.001,521200,720829,302738,0.1555640828856485,0.21343404160090385,1.3720007706264319,0.6093781914592877,0.298913508426726,29.891350842672598,0.043093241243216576,0.07532688721447897,431925,8195,77586,3494,496,0.25,25.0,40.725806451612904,-0.002442985913693139,-0.001645092863123864,0.6218678143670852,-0.7345708741214279,-0.7207729393501479,480.0,0.18827666749521976
baja_v1_short,2026-07-05T18:59:42.255014+00:00,baja_cierre_4h,control_v4,sgd_101_moderado,estructura_velas,sgd,101,validacion_2023,0.51,0.001,521200,720829,302738,0.1555640828856485,0.21343404160090385,1.3720007706264319,0.6093781914592877,0.3034509727246065,30.345097272460652,0.03828317710902812,0.0679889167551939,432995,7125,77976,3104,483,0.2484472049689441,24.84472049689441,42.028985507246375,-0.00237752618327298,-0.0015745539092458785,0.6272233614600033,-0.7168924139215713,-0.7019046169588938,480.0,0.1845962486269004
baja_v1_short,2026-07-05T18:59:42.373948+00:00,baja_cierre_4h,control_v4,sgd_101_moderado,estructura_velas,sgd,101,validacion_2023,0.52,0.001,521200,720829,302738,0.1555640828856485,0.21343404160090385,1.3720007706264319,0.6093781914592877,0.3070590888588182,30.705908885881822,0.0335841144548594,0.06054609329835016,433975,6145,78357,2723,467,0.24411134903640258,24.411134903640257,41.7558886509636,-0.002459592296641879,-0.0016097778677940369,0.6169922709843597,-0.7122387829300957,-0.7015753715783828,480.0,0.17381925824231428
baja_v1_short,2026-07-05T18:59:42.496024+00:00,baja_cierre_4h,control_v4,sgd_101_moderado,estructura_velas,sgd,101,validacion_2023,0.53,0.001,521200,720829,302738,0.1555640828856485,0.21343404160090385,1.3720007706264319,0.6093781914592877,0.31356589147286823,31.356589147286822,0.02993339911198816,0.05464985363656834,434807,5313,78653,2427,448,0.24330357142857142,24.330357142857142,41.964285714285715,-0.0024672932714217633,-0.0016006041658110917,0.6151520775796973,-0.6907722132630792,-0.6872831694125259,480.0,0.18811575593125485
baja_v1_short,2026-07-05T18:59:42.612924+00:00,baja_cierre_4h,control_v4,sgd_101_moderado,estructura_velas,sgd,101,validacion_2023,0.54,0.001,521200,720829,302738,0.1555640828856485,0.21343404160090385,1.3720007706264319,0.6093781914592877,0.3171741058232338,31.71741058232338,0.026467686235816478,0.04885822917378139,435500,4620,78934,2146,432,0.25462962962962965,25.462962962962965,43.05555555555556,-0.0024530564670849353,-0.0013454906400293112,0.6222493249568566,-0.6763321826129447,-0.6726802106482225,480.0,0.1845554891955047
baja_v1_short,2026-07-05T18:59:42.729002+00:00,baja_cierre_4h,control_v4,sgd_101_moderado,estructura_velas,sgd,101,validacion_2023,0.55,0.001,521200,720829,302738,0.1555640828856485,0.21343404160090385,1.3720007706264319,0.6093781914592877,0.32078942967051344,32.07894296705135,0.023655648741983226,0.044062072847149636,436059,4061,79162,1918,412,0.25485436893203883,25.485436893203882,41.74757281553398,-0.0026114831026119727,-0.0014214873333694414,0.6097090370619932,-0.6783479257790297,-0.6777990627603523,480.0,0.17872334124712883
baja_v1_short,2026-07-05T18:59:42.842978+00:00,baja_cierre_4h,control_v4,sgd_101_moderado,estructura_velas,sgd,101,validacion_2023,0.56,0.001,521200,720829,302738,0.1555640828856485,0.21343404160090385,1.3720007706264319,0.6093781914592877,0.32740825688073394,32.74082568807339,0.021127281697089294,0.03969320604319214,436601,3519,79367,1713,390,0.258974358974359,25.8974358974359,41.28205128205128,-0.0026235141657699186,-0.0014685198509832844,0.6008774495862383,-0.6582811077789281,-0.6588574313263078,480.0,0.1901033362278814
baja_v1_short,2026-07-05T18:59:42.955008+00:00,baja_cierre_4h,control_v4,sgd_101_moderado,estructura_velas,sgd,101,validacion_2023,0.57,0.001,521200,720829,302738,0.1555640828856485,0.21343404160090385,1.3720007706264319,0.6093781914592877,0.3326105810928014,33.26105810928014,0.018919585594474594,0.0358026420202586,437042,3078,79546,1534,374,0.2647058823529412,26.47058823529412,42.24598930481284,-0.0023751106933117645,-0.0014041936044814065,0.6330378685140046,-0.6120433000268892,-0.6086510814724472,480.0,0.1943925587560199
baja_v1_short,2026-07-05T18:59:43.069011+00:00,baja_cierre_4h,control_v4,sgd_101_moderado,estructura_velas,sgd,101,validacion_2023,0.58,0.001,521200,720829,302738,0.1555640828856485,0.21343404160090385,1.3720007706264319,0.6093781914592877,0.3396732504267252,33.96732504267252,0.017180562407498767,0.03270682429180216,437412,2708,79687,1393,357,0.2689075630252101,26.89075630252101,42.57703081232493,-0.0020439109422504295,-0.0013517154837027192,0.6734013478578686,-0.5440674477072376,-0.5395018874766714,480.0,0.23489633121723552
baja_v1_short,2026-07-05T18:59:43.186009+00:00,baja_cierre_4h,control_v4,sgd_101_moderado,estructura_velas,sgd,101,validacion_2023,0.59,0.001,521200,720829,302738,0.1555640828856485,0.21343404160090385,1.3720007706264319,0.6093781914592877,0.3402455661664393,34.02455661664393,0.015379871731623088,0.029429464865183788,437702,2418,79833,1247,343,0.2565597667638484,25.65597667638484,41.690962099125365,-0.002169565510005481,-0.0014274692328181118,0.665087719473144,-0.5449846615448555,-0.5458410990327832,480.0,0.204652870324278
baja_v1_short,2026-07-05T18:59:43.299962+00:00,baja_cierre_4h,control_v4,sgd_101_moderado,estructura_velas,sgd,101,validacion_2023,0.6,0.001,521200,720829,302738,0.1555640828856485,0.21343404160090385,1.3720007706264319,0.6093781914592877,0.33970276008492567,33.97027600849257,0.013813517513566848,0.026547518873626698,437943,2177,79960,1120,330,0.25757575757575757,25.757575757575758,40.60606060606061,-0.0023040548932015867,-0.001526743577211164,0.6499576865332494,-0.5484900164001303,-0.5526192653552797,480.0,0.21132307273375361
baja_v1_short,2026-07-05T18:59:43.411973+00:00,baja_cierre_4h,control_v4,sgd_101_moderado,estructura_velas,sgd,101,validacion_2023,0.61,0.001,521200,720829,302738,0.1555640828856485,0.21343404160090385,1.3720007706264319,0.6093781914592877,0.3357615894039735,33.57615894039735,0.012506166748889986,0.024114149821640903,438114,2006,80066,1014,316,0.26582278481012656,26.582278481012654,41.139240506329116,-0.0022353225099818537,-0.001526743577211164,0.6648051467123555,-0.52631020818825,-0.5277166119870449,480.0,0.22779659999074023
baja_v1_short,2026-07-05T18:59:43.523015+00:00,baja_cierre_4h,control_v4,sgd_101_moderado,estructura_velas,sgd,101,validacion_2023,0.62,0.001,521200,720829,302738,0.1555640828856485,0.21343404160090385,1.3720007706264319,0.6093781914592877,0.33272193690388846,33.272193690388846,0.011186482486433152,0.021645228265279336,438301,1819,80173,907,293,0.26621160409556316,26.621160409556317,40.61433447098976,-0.0022942357209363405,-0.0016097778677940369,0.6570406099083417,-0.5198879956381518,-0.5096481952580775,480.0,0.2268698126846894
baja_v1_short,2026-07-05T18:59:43.686235+00:00,baja_cierre_4h,control_v4,sgd_101_moderado,estructura_velas,sgd,101,validacion_2023,0.63,0.001,521200,720829,302738,0.1555640828856485,0.21343404160090385,1.3720007706264319,0.6093781914592877,0.33832456495346014,33.832456495346015,0.010310804144055254,0.020011729362904095,438485,1635,80244,836,283,0.26501766784452296,26.501766784452297,40.63604240282685,-0.0023176398654460653,-0.0016097778677940369,0.6520490492116353,-0.5017043340489953,-0.5009665848238376,480.0,0.23647884847066655
baja_v1_short,2026-07-05T18:59:43.800300+00:00,baja_cierre_4h,control_v4,sgd_101_moderado,estructura_velas,sgd,101,validacion_2023,0.64,0.001,521200,720829,302738,0.1555640828856485,0.21343404160090385,1.3720007706264319,0.6093781914592877,0.3366071428571429,33.66071428571429,0.00929945732609768,0.018098895823331733,438634,1486,80326,754,266,0.2781954887218045,27.819548872180448,40.225563909774436,-0.002299241488821391,-0.0016797329697292298,0.6537666477284209,-0.49558452081667326,-0.4766383448807162,480.0,0.17754965823101573
baja_v1_short,2026-07-05T18:59:43.910300+00:00,baja_cierre_4h,control_v4,sgd_101_moderado,estructura_velas,sgd,101,validacion_2023,0.65,0.001,521200,720829,302738,0.1555640828856485,0.21343404160090385,1.3720007706264319,0.6093781914592877,0.3392330383480826,33.92330383480826,0.008510113468179576,0.016603700940876386,438776,1344,80390,690,257,0.28793774319066145,28.793774319066145,40.07782101167315,-0.0022658608041274853,-0.0018198950090445578,0.6650666712302382,-0.4928499642051354,-0.46093095635979464,480.0,0.18319284665611776
baja_v1_short,2026-07-05T18:59:44.021389+00:00,baja_cierre_4h,control_v4,sgd_101_moderado,estructura_velas,sgd,101,validacion_2023,0.66,0.001,521200,720829,302738,0.1555640828856485,0.21343404160090385,1.3720007706264319,0.6093781914592877,0.33496999454446263,33.49699945444626,0.007572767636901826,0.014810705197013737,438901,1219,80466,614,243,0.2839506172839506,28.39506172839506,40.32921810699588,-0.0021396958463607437,-0.0018198950090445578,0.6826952199925493,-0.4586881900255707,-0.4253483850219041,480.0,0.1946918055694534
baja_v1_short,2026-07-05T18:59:44.129323+00:00,baja_cierre_4h,control_v4,sgd_101_moderado,estructura_velas,sgd,101,validacion_2023,0.67,0.001,521200,720829,302738,0.1555640828856485,0.21343404160090385,1.3720007706264319,0.6093781914592877,0.3321533923303835,33.21533923303835,0.006943759250123335,0.01360314104500151,438988,1132,80517,563,228,0.2675438596491228,26.75438596491228,39.473684210526315,-0.0024182884285953174,-0.0024231588575057686,0.6546394050335728,-0.45741760024131595,-0.44244842078077873,480.0,0.24641900051349805
baja_v1_short,2026-07-05T18:59:44.241362+00:00,baja_cierre_4h,control_v4,sgd_101_moderado,estructura_velas,sgd,101,validacion_2023,0.68,0.001,521200,720829,302738,0.1555640828856485,0.21343404160090385,1.3720007706264319,0.6093781914592877,0.32904884318766064,32.904884318766065,0.0063147508633448445,0.01239169369282153,439076,1044,80568,512,220,0.2681818181818182,26.81818181818182,40.0,-0.002456543165816336,-0.0024231588575057686,0.6559468120523498,-0.45084531499778935,-0.4363574781864179,480.0,0.24377083214887485
baja_v1_short,2026-07-05T18:59:44.351310+00:00,baja_cierre_4h,control_v4,sgd_101_moderado,estructura_velas,sgd,101,validacion_2023,0.69,0.001,521200,720829,302738,0.1555640828856485,0.21343404160090385,1.3720007706264319,0.6093781914592877,0.3324022346368715,33.24022346368715,0.0058707449432659105,0.011537715726197401,439164,956,80604,476,211,0.26540284360189575,26.540284360189574,38.862559241706165,-0.002752832051765815,-0.003030188450589776,0.6281522579051858,-0.4695566154725288,-0.4586142927343504,480.0,0.2323899464831508
baja_v1_short,2026-07-05T18:59:44.459395+00:00,baja_cierre_4h,control_v4,sgd_101_moderado,estructura_velas,sgd,101,validacion_2023,0.7,0.001,521200,720829,302738,0.1555640828856485,0.21343404160090385,1.3720007706264319,0.6093781914592877,0.3254931714719272,32.54931714719272,0.005291070547607302,0.010412874098885895,439231,889,80651,429,200,0.25,25.0,37.5,-0.0032126026302521505,-0.003271079574711621,0.573232965464492,-0.48862606316759594,-0.4899828761719629,480.0,0.2554553202020268
baja_v1_short,2026-07-05T18:59:44.566310+00:00,baja_cierre_4h,control_v4,sgd_101_moderado,estructura_velas,sgd,101,validacion_2023,0.71,0.001,521200,720829,302738,0.1555640828856485,0.21343404160090385,1.3720007706264319,0.6093781914592877,0.32160804020100503,32.1608040201005,0.004736063147508633,0.009334662226219705,439310,810,80696,384,190,0.26842105263157895,26.842105263157894,40.0,-0.002707285152693467,-0.002391903613694012,0.631764486192352,-0.4404515790564999,-0.41980146432441423,480.0,0.2701995964578603
baja_v1_short,2026-07-05T18:59:44.672270+00:00,baja_cierre_4h,control_v4,sgd_101_moderado,estructura_velas,sgd,101,validacion_2023,0.72,0.001,521200,720829,302738,0.1555640828856485,0.21343404160090385,1.3720007706264319,0.6093781914592877,0.3278538812785388,32.785388127853885,0.004427725703009373,0.008737450562823244,439384,736,80721,359,183,0.2677595628415301,26.775956284153008,40.98360655737705,-0.0029219454804686185,-0.002321878400631249,0.6162522229514705,-0.46131027711532435,-0.4338615338405216,480.0,0.2589121964095943
baja_v1_short,2026-07-05T18:59:44.784305+00:00,baja_cierre_4h,control_v4,sgd_101_moderado,estructura_velas,sgd,101,validacion_2023,0.73,0.001,521200,720829,302738,0.1555640828856485,0.21343404160090385,1.3720007706264319,0.6093781914592877,0.32673267326732675,32.67326732673268,0.0040700542673902315,0.008039956145693751,439440,680,80750,330,168,0.27976190476190477,27.976190476190478,42.26190476190476,-0.0025197539788091713,-0.0022416917597875,0.6570530047670395,-0.40014916820147217,-0.364793282044091,480.0,0.28199722481586015
baja_v1_short,2026-07-05T18:59:44.891323+00:00,baja_cierre_4h,control_v4,sgd_101_moderado,estructura_velas,sgd,101,validacion_2023,0.74,0.001,521200,720829,302738,0.1555640828856485,0.21343404160090385,1.3720007706264319,0.6093781914592877,0.3197424892703863,31.97424892703863,0.003675382338431179,0.007267229185972784,439486,634,80782,298,161,0.2857142857142857,28.57142857142857,42.857142857142854,-0.0026402139540756112,-0.002235186471603811,0.6461597711099103,-0.3911302120877781,-0.36549877886904025,480.0,0.2539711356320451
baja_v1_short,2026-07-05T18:59:45.000334+00:00,baja_cierre_4h,control_v4,sgd_101_moderado,estructura_velas,sgd,101,validacion_2023,0.75,0.001,521200,720829,302738,0.1555640828856485,0.21343404160090385,1.3720007706264319,0.6093781914592877,0.31062355658198615,31.062355658198616,0.0033177109028120376,0.006565299099406926,439523,597,80811,269,158,0.26582278481012656,26.582278481012654,41.77215189873418,-0.002988377693066204,-0.002285037724301219,0.6029020482453935,-0.40995747330791876,-0.39407844028606964,480.0,0.3053644552287201
baja_v1_short,2026-07-05T18:59:45.109360+00:00,baja_cierre_4h,control_v4,sgd_101_moderado,estructura_velas,sgd,101,validacion_2023,0.76,0.001,521200,720829,302738,0.1555640828856485,0.21343404160090385,1.3720007706264319,0.6093781914592877,0.3072215422276622,30.722154222766218,0.00309570794277257,0.006129650658754289,439554,566,80829,251,150,0.24666666666666667,24.666666666666668,41.333333333333336,-0.0033594879467297393,-0.0023393083354458213,0.5709857032031547,-0.42319133992246816,-0.41273856486740446,480.0,0.2559164282628154
baja_v1_short,2026-07-05T18:59:45.226387+00:00,baja_cierre_4h,control_v4,sgd_101_moderado,estructura_velas,sgd,101,validacion_2023,0.77,0.001,521200,720829,302738,0.1555640828856485,0.21343404160090385,1.3720007706264319,0.6093781914592877,0.2994791666666667,29.947916666666668,0.002836704489393192,0.005620173981038022,439582,538,80850,230,135,0.2222222222222222,22.22222222222222,39.25925925925926,-0.004181355233539729,-0.002376998727209866,0.49069134175504014,-0.45180386823832075,-0.4459113817013096,480.0,0.2893201288985693
baja_v1_short,2026-07-05T18:59:45.337309+00:00,baja_cierre_4h,control_v4,sgd_101_moderado,estructura_velas,sgd,101,validacion_2023,0.78,0.001,521200,720829,302738,0.1555640828856485,0.21343404160090385,1.3720007706264319,0.6093781914592877,0.30506155950752395,30.506155950752394,0.002750370004933399,0.005451589639535026,439612,508,80857,223,125,0.216,21.6,37.6,-0.0044939894941198886,-0.0030554736256599426,0.47770690448614306,-0.45809884326203076,-0.44418329473738294,480.0,0.3006435525026525
baja_v1_short,2026-07-05T18:59:45.442396+00:00,baja_cierre_4h,control_v4,sgd_101_moderado,estructura_velas,sgd,101,validacion_2023,0.79,0.001,521200,720829,302738,0.1555640828856485,0.21343404160090385,1.3720007706264319,0.6093781914592877,0.3027656477438137,30.27656477438137,0.002565367538233843,0.005087627037802536,439641,479,80872,208,117,0.2222222222222222,22.22222222222222,37.60683760683761,-0.003955280521038934,-0.003191249281167984,0.5041882872812115,-0.3917417645174097,-0.3804819013844235,480.0,0.18538992122303394
baja_v1_short,2026-07-05T18:59:45.547390+00:00,baja_cierre_4h,control_v4,sgd_101_moderado,estructura_velas,sgd,101,validacion_2023,0.8,0.001,521200,720829,302738,0.1555640828856485,0.21343404160090385,1.3720007706264319,0.6093781914592877,0.30602782071097373,30.602782071097373,0.002442032560434139,0.004845399929032021,439671,449,80882,198,106,0.22641509433962265,22.641509433962266,38.67924528301887,-0.003635682882598458,-0.002718498475383967,0.5307595997825519,-0.32652569436258216,-0.32959401712855463,480.0,0.17107201391747004
baja_v1_short,2026-07-05T18:59:45.655305+00:00,baja_cierre_4h,control_v4,sgd_101_moderado,estructura_velas,sgd,101,validacion_2023,0.81,0.001,521200,720829,302738,0.1555640828856485,0.21343404160090385,1.3720007706264319,0.6093781914592877,0.2991735537190083,29.91735537190083,0.0022323630981746423,0.004431658199179776,439696,424,80899,181,97,0.21649484536082475,21.649484536082475,38.144329896907216,-0.0042211300826695405,-0.0024068085001781583,0.4391329553238236,-0.31789078355253475,-0.3433511708851926,480.0,0.18627580034092758
baja_v1_short,2026-07-05T18:59:45.761341+00:00,baja_cierre_4h,control_v4,sgd_101_moderado,estructura_velas,sgd,101,validacion_2023,0.82,0.001,521200,720829,302738,0.1555640828856485,0.21343404160090385,1.3720007706264319,0.6093781914592877,0.2831541218637993,28.31541218637993,0.0019486926492353232,0.00387074646610647,439720,400,80922,158,90,0.23333333333333334,23.333333333333332,38.88888888888889,-0.0036948596468274553,-0.002391903613694012,0.492789819205892,-0.2627070397291448,-0.2902272137621307,480.0,0.1753619022539254
baja_v1_short,2026-07-05T18:59:45.868325+00:00,baja_cierre_4h,control_v4,sgd_101_moderado,estructura_velas,sgd,101,validacion_2023,0.83,0.001,521200,720829,302738,0.1555640828856485,0.21343404160090385,1.3720007706264319,0.6093781914592877,0.23417721518987342,23.417721518987342,0.0013690182535767144,0.0027221227652843515,439757,363,80969,111,79,0.22784810126582278,22.78481012658228,36.708860759493675,-0.004028835000620774,-0.0030554736256599426,0.4494730625256111,-0.2580057190409134,-0.2784623553633008,480.0,0.18400850191458848
baja_v1_short,2026-07-05T18:59:45.975392+00:00,baja_cierre_4h,control_v4,sgd_101_moderado,estructura_velas,sgd,101,validacion_2023,0.84,0.001,521200,720829,302738,0.1555640828856485,0.21343404160090385,1.3720007706264319,0.6093781914592877,0.214123006833713,21.4123006833713,0.0011593487913172176,0.002306210822016953,439775,345,80986,94,78,0.21794871794871795,21.794871794871796,34.61538461538461,-0.004418522866153441,-0.003200423856265843,0.4167275403356633,-0.2773207006393891,-0.29724482671975283,480.0,0.21261716931129485
baja_v1_short,2026-07-05T18:59:46.087363+00:00,baja_cierre_4h,control_v4,sgd_101_moderado,estructura_velas,sgd,101,validacion_2023,0.85,0.001,521200,720829,302738,0.1555640828856485,0.21343404160090385,1.3720007706264319,0.6093781914592877,0.20052770448548812,20.052770448548813,0.0009373458312777503,0.0018659693833707755,439817,303,81004,76,76,0.23684210526315788,23.684210526315788,36.84210526315789,-0.003836359491515109,-0.003200423856265843,0.4646394237928379,-0.269844574541537,-0.25820193173559414,480.0,0.23929181196559912
baja_v1_short,2026-07-05T18:59:46.199318+00:00,baja_cierre_4h,control_v4,sgd_101_moderado,estructura_velas,sgd,101,validacion_2023,0.86,0.001,521200,720829,302738,0.1555640828856485,0.21343404160090385,1.3720007706264319,0.6093781914592877,0.18597560975609756,18.597560975609756,0.0007523433645781944,0.001498624213836478,439853,267,81019,61,72,0.2361111111111111,23.61111111111111,37.5,-0.0036616773391449703,-0.003200423856265843,0.48358851679429016,-0.25627745577048244,-0.2369611673423584,480.0,0.2606409858050487
baja_v1_short,2026-07-05T18:59:46.310419+00:00,baja_cierre_4h,control_v4,sgd_101_moderado,estructura_velas,sgd,101,validacion_2023,0.87,0.001,521200,720829,302738,0.1555640828856485,0.21343404160090385,1.3720007706264319,0.6093781914592877,0.16319444444444445,16.319444444444446,0.0005796743956586088,0.001155245305279717,439879,241,81033,47,65,0.24615384615384617,24.615384615384617,38.46153846153847,-0.0034849473603983205,-0.0030554736256599426,0.5059536563422781,-0.23719980886354697,-0.20790414889000264,480.0,0.29125242969210857
baja_v1_short,2026-07-05T18:59:46.419312+00:00,baja_cierre_4h,control_v4,sgd_101_moderado,estructura_velas,sgd,101,validacion_2023,0.88,0.001,521200,720829,302738,0.1555640828856485,0.21343404160090385,1.3720007706264319,0.6093781914592877,0.1411764705882353,14.117647058823529,0.0004440059200789344,0.0008852277617261941,439901,219,81044,36,57,0.2631578947368421,26.31578947368421,42.10526315789473,-0.0019183919263019219,-0.0019062355384230614,0.673379344666621,-0.15027364055765102,-0.1078391840681241,480.0,0.3104646338584669
baja_v1_short,2026-07-05T18:59:46.525321+00:00,baja_cierre_4h,control_v4,sgd_101_moderado,estructura_velas,sgd,101,validacion_2023,0.89,0.001,521200,720829,302738,0.1555640828856485,0.21343404160090385,1.3720007706264319,0.6093781914592877,0.0963302752293578,9.63302752293578,0.00025900345337937837,0.0005166178749784743,439923,197,81059,21,52,0.23076923076923078,23.076923076923077,40.38461538461539,-0.002883499847351162,-0.0026453300486318767,0.5431981693465366,-0.20022817791602188,-0.1429481657855265,480.0,0.29385749167340885
baja_v1_short,2026-07-05T18:59:46.634561+00:00,baja_cierre_4h,control_v4,sgd_101_moderado,estructura_velas,sgd,101,validacion_2023,0.9,0.001,521200,720829,302738,0.1555640828856485,0.21343404160090385,1.3720007706264319,0.6093781914592877,0.0782122905027933,7.82122905027933,0.0001726689689195856,0.0003445772160622208,439955,165,81066,14,44,0.25,25.0,38.63636363636363,-0.0029198019756665676,-0.0031233614534139633,0.5581431106813546,-0.1592132850838024,-0.12407318883013307,480.0,0.1740575156015791
baja_v1_short,2026-07-05T18:59:46.740518+00:00,baja_cierre_4h,control_v4,sgd_101_moderado,estructura_velas,sgd,101,validacion_2023,0.91,0.001,521200,720829,302738,0.1555640828856485,0.21343404160090385,1.3720007706264319,0.6093781914592877,0.06711409395973154,6.7114093959731544,0.000123334977799704,0.000246217483903532,439981,139,81070,10,36,0.2777777777777778,27.77777777777778,38.88888888888889,-0.003922618457685329,-0.0036009889552369714,0.4405770804348199,-0.15324889662101926,-0.13432559451344905,480.0,0.20505312115644622
baja_v1_short,2026-07-05T18:59:46.845513+00:00,baja_cierre_4h,control_v4,sgd_101_moderado,estructura_velas,sgd,101,validacion_2023,0.92,0.001,521200,720829,302738,0.1555640828856485,0.21343404160090385,1.3720007706264319,0.6093781914592877,0.05660377358490566,5.660377358490567,7.40009866798224e-05,0.00014780873549626782,440020,100,81074,6,27,0.2222222222222222,22.22222222222222,33.33333333333333,-0.004515897586044891,-0.004010728629305959,0.3247869493457821,-0.11217334051706418,-0.11623326314148119,480.0,0.2728756245809089
baja_v1_short,2026-07-05T18:59:46.953514+00:00,baja_cierre_4h,control_v4,sgd_101_moderado,estructura_velas,sgd,101,validacion_2023,0.93,0.001,521200,720829,302738,0.1555640828856485,0.21343404160090385,1.3720007706264319,0.6093781914592877,0.10869565217391304,10.869565217391305,6.1667488899852e-05,0.00012326504449868106,440079,41,81075,5,24,0.20833333333333334,20.833333333333336,33.33333333333333,-0.0034599838555635274,-0.0036009889552369714,0.3925029234682799,-0.11039027957881087,-0.08073641957771005,480.0,0.275844908899877
baja_v1_short,2026-07-05T18:59:47.060594+00:00,baja_cierre_4h,control_v4,sgd_101_moderado,estructura_velas,sgd,101,validacion_2023,0.94,0.001,521200,720829,302738,0.1555640828856485,0.21343404160090385,1.3720007706264319,0.6093781914592877,0.16666666666666666,16.666666666666664,4.93339911198816e-05,9.863878477017163e-05,440100,20,81076,4,22,0.18181818181818182,18.181818181818183,31.818181818181817,-0.0034586981691589417,-0.0036009889552369714,0.37608016728808497,-0.09708636341892918,-0.07419749718786228,480.0,0.2844648612215716
baja_v1_short,2026-07-05T18:59:47.169508+00:00,baja_cierre_4h,control_v4,sgd_101_moderado,estructura_velas,sgd,101,validacion_2023,0.95,0.001,521200,720829,302738,0.1555640828856485,0.21343404160090385,1.3720007706264319,0.6093781914592877,0.1111111111111111,11.11111111111111,2.46669955599408e-05,4.932304125872401e-05,440104,16,81078,2,17,0.11764705882352941,11.76470588235294,29.411764705882355,-0.005161236526937609,-0.004010728629305959,0.14449471286312632,-0.08911710172464082,-0.08460515046843886,480.0,0.27546155468929884
baja_v1_short,2026-07-05T19:00:10.656490+00:00,baja_cierre_4h,control_v4,sgd_101_moderado,estructura_velas,sgd,101,validacion_2024,0.05,0.001,526560,1161428,383819,0.223478805834093,0.2893901996037447,1.2949335330643534,0.6122222742376391,0.22348602108469773,22.348602108469773,1.0,0.3653266440863186,17,408868,0,117675,7,0.0,0.0,14.285714285714285,-0.01813869274993028,-0.008453350350260735,0.022741161267264023,-0.11663151561333096,-0.1216158952048767,480.0,0.4765563016025929
baja_v1_short,2026-07-05T19:00:10.755579+00:00,baja_cierre_4h,control_v4,sgd_101_moderado,estructura_velas,sgd,101,validacion_2024,0.06,0.001,526560,1161428,383819,0.223478805834093,0.2893901996037447,1.2949335330643534,0.6122222742376391,0.2234928123344102,22.34928123344102,1.0,0.36533571767861633,33,408852,0,117675,7,0.0,0.0,14.285714285714285,-0.018258950060100428,-0.008453350350260735,0.022594767366655024,-0.11738968996751586,-0.12236979158351158,480.0,0.4745288945569395
baja_v1_short,2026-07-05T19:00:10.856497+00:00,baja_cierre_4h,control_v4,sgd_101_moderado,estructura_velas,sgd,101,validacion_2024,0.07,0.001,526560,1161428,383819,0.223478805834093,0.2893901996037447,1.2949335330643534,0.6122222742376391,0.22350172647605154,22.350172647605156,1.0,0.36534762745253274,54,408831,0,117675,8,0.0,0.0,12.5,-0.017968454656307586,-0.015399796724319459,0.02014049545138587,-0.13141196022009238,-0.13631294160607155,480.0,0.4220847696996351
baja_v1_short,2026-07-05T19:00:10.956552+00:00,baja_cierre_4h,control_v4,sgd_101_moderado,estructura_velas,sgd,101,validacion_2024,0.08,0.001,526560,1161428,383819,0.223478805834093,0.2893901996037447,1.2949335330643534,0.6122222742376391,0.22351276401762651,22.35127640176265,1.0,0.3653623739627885,80,408805,0,117675,9,0.0,0.0,11.11111111111111,-0.016556865953840316,-0.008453350350260735,0.01944282358780799,-0.1359848470522521,-0.14086002606447268,480.0,0.4084101885454276
baja_v1_short,2026-07-05T19:00:11.057484+00:00,baja_cierre_4h,control_v4,sgd_101_moderado,estructura_velas,sgd,101,validacion_2024,0.09,0.001,526560,1161428,383819,0.223478805834093,0.2893901996037447,1.2949335330643534,0.6122222742376391,0.22353169130469472,22.35316913046947,0.999974506054812,0.36538595894717724,135,408750,3,117672,15,0.06666666666666667,6.666666666666667,20.0,-0.010295799210667611,-0.005343181382864714,0.09164478313131821,-0.1407550616502513,-0.1456033248728441,480.0,0.342242479944483
baja_v1_short,2026-07-05T19:00:11.158735+00:00,baja_cierre_4h,control_v4,sgd_101_moderado,estructura_velas,sgd,101,validacion_2024,0.1,0.001,526560,1161428,383819,0.223478805834093,0.2893901996037447,1.2949335330643534,0.6122222742376391,0.22362039212108772,22.362039212108773,0.9998810282557893,0.3654982068498491,382,408503,14,117661,25,0.0,0.0,16.0,-0.006264013270498255,-0.0025055089024826884,0.12670695567165827,-0.14261294157548754,-0.14745072176755958,480.0,0.33593038250053076
baja_v1_short,2026-07-05T19:00:11.260806+00:00,baja_cierre_4h,control_v4,sgd_101_moderado,estructura_velas,sgd,101,validacion_2024,0.11,0.001,526560,1161428,383819,0.223478805834093,0.2893901996037447,1.2949335330643534,0.6122222742376391,0.22388085261847948,22.388085261847948,0.9998470363288718,0.3658437615145311,1008,407877,18,117657,46,0.0,0.0,19.565217391304348,-0.004343153226998529,-0.0018510506013408303,0.14657022317013957,-0.1893628725978258,-0.18369873013283278,480.0,0.3216223729717298
baja_v1_short,2026-07-05T19:00:11.361990+00:00,baja_cierre_4h,control_v4,sgd_101_moderado,estructura_velas,sgd,101,validacion_2024,0.12,0.001,526560,1161428,383819,0.223478805834093,0.2893901996037447,1.2949335330643534,0.6122222742376391,0.22436129750927963,22.436129750927964,0.9995751009135331,0.36646670021076705,2244,406641,50,117625,64,0.0625,6.25,23.4375,-0.004377062404865684,-0.002427729206625372,0.21851364557395309,-0.2480224785713765,-0.2476767155259978,480.0,0.21418646025050792
baja_v1_short,2026-07-05T19:00:11.466060+00:00,baja_cierre_4h,control_v4,sgd_101_moderado,estructura_velas,sgd,101,validacion_2024,0.13,0.001,526560,1161428,383819,0.223478805834093,0.2893901996037447,1.2949335330643534,0.6122222742376391,0.22509650439631138,22.509650439631137,0.9990057361376673,0.3674083612139434,4187,404698,117,117558,90,0.05555555555555555,5.555555555555555,27.77777777777778,-0.0036875742522760355,-0.0022314816704019904,0.30308936543032183,-0.286644203424151,-0.2869521052752855,480.0,0.18856774827375228
baja_v1_short,2026-07-05T19:00:11.575986+00:00,baja_cierre_4h,control_v4,sgd_101_moderado,estructura_velas,sgd,101,validacion_2024,0.14,0.001,526560,1161428,383819,0.223478805834093,0.2893901996037447,1.2949335330643534,0.6122222742376391,0.22596658380333084,22.596658380333086,0.997246653919694,0.36844666595500186,6907,401978,324,117351,121,0.0743801652892562,7.43801652892562,33.88429752066116,-0.0023283133287413807,-0.0018308537653647363,0.4893640844204869,-0.2513997235430885,-0.25163170314853556,480.0,0.18947441505505597
baja_v1_short,2026-07-05T19:00:11.694977+00:00,baja_cierre_4h,control_v4,sgd_101_moderado,estructura_velas,sgd,101,validacion_2024,0.15,0.001,526560,1161428,383819,0.223478805834093,0.2893901996037447,1.2949335330643534,0.6122222742376391,0.22711217035547654,22.711217035547655,0.9944338219672828,0.36977408137115336,10653,398232,655,117020,168,0.125,12.5,41.07142857142857,-0.0016553624454920205,-0.0010349103056578315,0.612487373463885,-0.2605894939001787,-0.25027659715616846,480.0,0.14346096842074513
baja_v1_short,2026-07-05T19:00:11.821987+00:00,baja_cierre_4h,control_v4,sgd_101_moderado,estructura_velas,sgd,101,validacion_2024,0.16,0.001,526560,1161428,383819,0.223478805834093,0.2893901996037447,1.2949335330643534,0.6122222742376391,0.22863129231415125,22.863129231415126,0.9903547907371999,0.3714990659925662,15696,393189,1135,116540,240,0.125,12.5,40.0,-0.0016040510383475834,-0.0012183569740736857,0.6363743678908715,-0.32745693943110044,-0.3299888035460844,480.0,0.21090615732545456
baja_v1_short,2026-07-05T19:00:11.946427+00:00,baja_cierre_4h,control_v4,sgd_101_moderado,estructura_velas,sgd,101,validacion_2024,0.17,0.001,526560,1161428,383819,0.223478805834093,0.2893901996037447,1.2949335330643534,0.6122222742376391,0.23053158560011147,23.05315856001115,0.9841597620565116,0.37355977033739757,22331,386554,1864,115811,291,0.140893470790378,14.0893470790378,41.23711340206185,-0.0011751510481159307,-0.0016129351095296443,0.718455150291614,-0.29855533841702686,-0.3016526025394508,480.0,0.17157900112672908
baja_v1_short,2026-07-05T19:00:12.080386+00:00,baja_cierre_4h,control_v4,sgd_101_moderado,estructura_velas,sgd,101,validacion_2024,0.18,0.001,526560,1161428,383819,0.223478805834093,0.2893901996037447,1.2949335330643534,0.6122222742376391,0.23298604628509736,23.298604628509736,0.9756447843637136,0.37614731500031945,30922,377963,2866,114809,363,0.14049586776859505,14.049586776859504,38.56749311294766,-0.001757174086370357,-0.001949577777646482,0.6380071611218894,-0.4821663620368455,-0.4850882224637222,480.0,0.20198400537578834
baja_v1_short,2026-07-05T19:00:12.221508+00:00,baja_cierre_4h,control_v4,sgd_101_moderado,estructura_velas,sgd,101,validacion_2024,0.19,0.001,526560,1161428,383819,0.223478805834093,0.2893901996037447,1.2949335330643534,0.6122222742376391,0.23592598139550364,23.592598139550365,0.9638410877416613,0.37906550427041924,41561,367324,4255,113420,423,0.13947990543735225,13.947990543735225,37.825059101654844,-0.0017959725581244714,-0.0019273355244658888,0.6322097977290034,-0.5521956047898524,-0.5462757906138866,480.0,0.23207554452224746
baja_v1_short,2026-07-05T19:00:12.373427+00:00,baja_cierre_4h,control_v4,sgd_101_moderado,estructura_velas,sgd,101,validacion_2024,0.2,0.001,526560,1161428,383819,0.223478805834093,0.2893901996037447,1.2949335330643534,0.6122222742376391,0.23926263411666676,23.926263411666675,0.9492245591671978,0.38219001378895034,53734,355151,5975,111700,481,0.16424116424116425,16.424116424116423,39.91683991683992,-0.0017821288694139347,-0.0018268759702332318,0.6300477553558407,-0.586788448103472,-0.5891199816171382,480.0,0.1998152297713365
baja_v1_short,2026-07-05T19:00:12.531866+00:00,baja_cierre_4h,control_v4,sgd_101_moderado,estructura_velas,sgd,101,validacion_2024,0.21,0.001,526560,1161428,383819,0.223478805834093,0.2893901996037447,1.2949335330643534,0.6122222742376391,0.24290695638102375,24.290695638102374,0.9311918419375398,0.3853048422429525,67352,341533,8097,109578,518,0.14478764478764478,14.478764478764477,40.34749034749035,-0.0019341402152889702,-0.001782025803346187,0.6126753607501109,-0.6436728358722152,-0.6456834009718124,480.0,0.16680915944806857
baja_v1_short,2026-07-05T19:00:12.700862+00:00,baja_cierre_4h,control_v4,sgd_101_moderado,estructura_velas,sgd,101,validacion_2024,0.22,0.001,526560,1161428,383819,0.223478805834093,0.2893901996037447,1.2949335330643534,0.6122222742376391,0.2469452990585663,24.69452990585663,0.9099128956872743,0.38846370828034954,82365,326520,10601,107074,574,0.17770034843205576,17.770034843205575,41.11498257839721,-0.0017313824485700098,-0.0016208506238181144,0.6618212648757772,-0.6534187595711002,-0.6470081313101737,480.0,0.2738609791612626
baja_v1_short,2026-07-05T19:00:12.874802+00:00,baja_cierre_4h,control_v4,sgd_101_moderado,estructura_velas,sgd,101,validacion_2024,0.23,0.001,526560,1161428,383819,0.223478805834093,0.2893901996037447,1.2949335330643534,0.6122222742376391,0.25116733394433455,25.116733394433453,0.8849713193116635,0.3912830291473713,98404,310481,13536,104139,636,0.1650943396226415,16.50943396226415,40.723270440251575,-0.001962328986505605,-0.001906215573195368,0.6297343287550514,-0.7340631345809534,-0.7274868822386268,480.0,0.21153025093499928
baja_v1_short,2026-07-05T19:00:13.069876+00:00,baja_cierre_4h,control_v4,sgd_101_moderado,estructura_velas,sgd,101,validacion_2024,0.24,0.001,526560,1161428,383819,0.223478805834093,0.2893901996037447,1.2949335330643534,0.6122222742376391,0.2557883942758225,25.57883942758225,0.8563841087741662,0.39391931641170874,115682,293203,16900,100775,691,0.18523878437047755,18.523878437047756,42.40231548480463,-0.0015254117301199213,-0.001524634902831167,0.7105586609567033,-0.6991071445568259,-0.6717220517840323,480.0,0.2573724600321013
baja_v1_short,2026-07-05T19:00:13.259852+00:00,baja_cierre_4h,control_v4,sgd_101_moderado,estructura_velas,sgd,101,validacion_2024,0.25,0.001,526560,1161428,383819,0.223478805834093,0.2893901996037447,1.2949335330643534,0.6122222742376391,0.2601592417366849,26.01592417366849,0.823845336732526,0.3954429388394423,133190,275695,20729,96946,733,0.18144611186903137,18.144611186903138,40.92769440654843,-0.0018411281101389865,-0.0018300250046886504,0.6689746095328141,-0.7702357678122266,-0.7579733491500568,480.0,0.29670330009308116
baja_v1_short,2026-07-05T19:00:13.452803+00:00,baja_cierre_4h,control_v4,sgd_101_moderado,estructura_velas,sgd,101,validacion_2024,0.26,0.001,526560,1161428,383819,0.223478805834093,0.2893901996037447,1.2949335330643534,0.6122222742376391,0.2641498665981823,26.41498665981823,0.7866581686849373,0.39549688114158765,151010,257875,25105,92570,779,0.19127086007702182,19.127086007702182,38.767650834403085,-0.0018884213271014199,-0.00221459795627743,0.6677657551124982,-0.7934806324765082,-0.7868134416362744,480.0,0.23364322840407806
baja_v1_short,2026-07-05T19:00:13.646799+00:00,baja_cierre_4h,control_v4,sgd_101_moderado,estructura_velas,sgd,101,validacion_2024,0.27,0.001,526560,1161428,383819,0.223478805834093,0.2893901996037447,1.2949335330643534,0.6122222742376391,0.2679215155698166,26.792151556981658,0.7471680475886977,0.39441326748040784,168641,240244,29752,87923,807,0.18711276332094176,18.711276332094176,42.37918215613383,-0.001698954975052252,-0.0017168762967921794,0.7016075177801118,-0.8024642849442838,-0.7658152981069939,480.0,0.23892636149124413
baja_v1_short,2026-07-05T19:00:13.843785+00:00,baja_cierre_4h,control_v4,sgd_101_moderado,estructura_velas,sgd,101,validacion_2024,0.28,0.001,526560,1161428,383819,0.223478805834093,0.2893901996037447,1.2949335330643534,0.6122222742376391,0.2714691688656945,27.14691688656945,0.7046271510516252,0.3919378511177865,186364,222521,34758,82917,828,0.2028985507246377,20.28985507246377,42.51207729468599,-0.0018263263053536515,-0.0017107247365638614,0.689537637811096,-0.8198810970265418,-0.7973093683924495,480.0,0.2559003632924335
baja_v1_short,2026-07-05T19:00:14.045795+00:00,baja_cierre_4h,control_v4,sgd_101_moderado,estructura_velas,sgd,101,validacion_2024,0.29,0.001,526560,1161428,383819,0.223478805834093,0.2893901996037447,1.2949335330643534,0.6122222742376391,0.2751681642044933,27.51681642044933,0.6625876354365838,0.3888496841874278,203501,205384,39705,77970,842,0.1840855106888361,18.40855106888361,41.33016627078385,-0.0019729043547821457,-0.0019229098504874855,0.6743947640846519,-0.8478442878406053,-0.8269157690710516,480.0,0.27814990864934774
baja_v1_short,2026-07-05T19:00:14.242802+00:00,baja_cierre_4h,control_v4,sgd_101_moderado,estructura_velas,sgd,101,validacion_2024,0.3,0.001,526560,1161428,383819,0.223478805834093,0.2893901996037447,1.2949335330643534,0.6122222742376391,0.28017464040683104,28.017464040683105,0.6222222222222222,0.3863729908287864,220768,188117,44455,73220,856,0.1985981308411215,19.859813084112147,41.23831775700935,-0.001955390916839041,-0.00216969074588269,0.6834577336410201,-0.8445399293335497,-0.8299419588184629,480.0,0.28423504706538044
baja_v1_short,2026-07-05T19:00:14.442789+00:00,baja_cierre_4h,control_v4,sgd_101_moderado,estructura_velas,sgd,101,validacion_2024,0.31,0.001,526560,1161428,383819,0.223478805834093,0.2893901996037447,1.2949335330643534,0.6122222742376391,0.284918202112418,28.491820211241798,0.5813469301041003,0.38241484268221443,237191,171694,49265,68410,871,0.21125143513203215,21.125143513203216,40.9873708381171,-0.0018454545843035219,-0.0019877843549475074,0.6973294889119811,-0.8318888572077262,-0.8190013558502033,480.0,0.29450867956748134
baja_v1_short,2026-07-05T19:00:14.641868+00:00,baja_cierre_4h,control_v4,sgd_101_moderado,estructura_velas,sgd,101,validacion_2024,0.32,0.001,526560,1161428,383819,0.223478805834093,0.2893901996037447,1.2949335330643534,0.6122222742376391,0.2885675964445657,28.85675964445657,0.5393584023794349,0.375978911201943,252409,156476,54206,63469,877,0.21094640820980615,21.094640820980615,42.07525655644242,-0.0017119832500855918,-0.0017625253638252616,0.7219021696543175,-0.811618322609769,-0.800398854268306,480.0,0.25116963549836624
baja_v1_short,2026-07-05T19:00:14.837395+00:00,baja_cierre_4h,control_v4,sgd_101_moderado,estructura_velas,sgd,101,validacion_2024,0.33,0.001,526560,1161428,383819,0.223478805834093,0.2893901996037447,1.2949335330643534,0.6122222742376391,0.2925359918017292,29.25359918017292,0.49972381559379647,0.3690385417941404,266672,142213,58870,58805,876,0.2271689497716895,22.71689497716895,42.00913242009132,-0.0015304230232140584,-0.0019523068147245795,0.7463057871645542,-0.7924741071801581,-0.763781757148958,480.0,0.27667998861198356
baja_v1_short,2026-07-05T19:00:15.027570+00:00,baja_cierre_4h,control_v4,sgd_101_moderado,estructura_velas,sgd,101,validacion_2024,0.34,0.001,526560,1161428,383819,0.223478805834093,0.2893901996037447,1.2949335330643534,0.6122222742376391,0.29509673333915626,29.509673333915625,0.45937539834289354,0.3593510581368681,279758,129127,63618,54057,878,0.23234624145785876,23.234624145785876,42.48291571753987,-0.0015120639081894112,-0.002006792299449444,0.7539459746871098,-0.8084735336409687,-0.7613189391594443,480.0,0.2577788602654427
baja_v1_short,2026-07-05T19:00:15.216887+00:00,baja_cierre_4h,control_v4,sgd_101_moderado,estructura_velas,sgd,101,validacion_2024,0.35,0.001,526560,1161428,383819,0.223478805834093,0.2893901996037447,1.2949335330643534,0.6122222742376391,0.2967397101032435,29.67397101032435,0.42083705120033993,0.3480577167717404,291520,117365,68153,49522,873,0.23711340206185566,23.711340206185564,42.4971363115693,-0.0017219810204885206,-0.0017219344843178988,0.7315219758070017,-0.8274538103024472,-0.801249909634002,480.0,0.2513744168043515
baja_v1_short,2026-07-05T19:00:15.400941+00:00,baja_cierre_4h,control_v4,sgd_101_moderado,estructura_velas,sgd,101,validacion_2024,0.36,0.001,526560,1161428,383819,0.223478805834093,0.2893901996037447,1.2949335330643534,0.6122222742376391,0.2991123322413611,29.911233224136108,0.3848565965583174,0.3366098936016025,302765,106120,72387,45288,869,0.23705408515535098,23.705408515535098,43.613348676639816,-0.0016469872888856573,-0.0018733098511584103,0.7456789080632724,-0.821291901263057,-0.7871224222026224,480.0,0.2498445632891198
baja_v1_short,2026-07-05T19:00:15.579822+00:00,baja_cierre_4h,control_v4,sgd_101_moderado,estructura_velas,sgd,101,validacion_2024,0.37,0.001,526560,1161428,383819,0.223478805834093,0.2893901996037447,1.2949335330643534,0.6122222742376391,0.301927491346329,30.1927491346329,0.35208837900998513,0.32508434680266773,313092,95793,76243,41432,862,0.24477958236658934,24.477958236658935,43.27146171693735,-0.0016083574376321783,-0.0016423397280741483,0.7525334263121666,-0.819521252985301,-0.7785260233984809,480.0,0.24794473351190024
baja_v1_short,2026-07-05T19:00:15.761830+00:00,baja_cierre_4h,control_v4,sgd_101_moderado,estructura_velas,sgd,101,validacion_2024,0.38,0.001,526560,1161428,383819,0.223478805834093,0.2893901996037447,1.2949335330643534,0.6122222742376391,0.30501548485701646,30.501548485701647,0.3222264712130869,0.3133848506136617,322488,86397,79757,37918,853,0.24970691676436108,24.970691676436108,44.31418522860493,-0.0015867910330018278,-0.0014828049568459392,0.7584114499447233,-0.81205632493765,-0.771137162066203,480.0,0.22790013269330445
baja_v1_short,2026-07-05T19:00:15.934259+00:00,baja_cierre_4h,control_v4,sgd_101_moderado,estructura_velas,sgd,101,validacion_2024,0.39,0.001,526560,1161428,383819,0.223478805834093,0.2893901996037447,1.2949335330643534,0.6122222742376391,0.3083390421622968,30.83390421622968,0.29451455279371147,0.30126828759442614,331143,77742,83018,34657,838,0.2458233890214797,24.58233890214797,44.74940334128878,-0.0018660221395350631,-0.0014304389731260017,0.7237146078367076,-0.8489860819848727,-0.8147405198988988,480.0,0.2336983115629504
baja_v1_short,2026-07-05T19:00:16.107658+00:00,baja_cierre_4h,control_v4,sgd_101_moderado,estructura_velas,sgd,101,validacion_2024,0.4,0.001,526560,1161428,383819,0.223478805834093,0.2893901996037447,1.2949335330643534,0.6122222742376391,0.31205358904542047,31.205358904542045,0.2687996600807308,0.2888161468962148,339152,69733,86044,31631,825,0.24242424242424243,24.242424242424242,44.84848484848485,-0.0018473104446580652,-0.0014251488135196269,0.728132108680831,-0.8461487856187153,-0.8065238276393585,480.0,0.21167367193547254
baja_v1_short,2026-07-05T19:00:16.309670+00:00,baja_cierre_4h,control_v4,sgd_101_moderado,estructura_velas,sgd,101,validacion_2024,0.41,0.001,526560,1161428,383819,0.223478805834093,0.2893901996037447,1.2949335330643534,0.6122222742376391,0.3150479649095941,31.504796490959407,0.24475886976843,0.2754906837050924,346266,62619,88873,28802,812,0.2438423645320197,24.38423645320197,43.96551724137931,-0.002017004395904792,-0.001493000086862594,0.7094236515333731,-0.8569210196767225,-0.8274474379013823,480.0,0.2189990167460767
baja_v1_short,2026-07-05T19:00:16.471656+00:00,baja_cierre_4h,control_v4,sgd_101_moderado,estructura_velas,sgd,101,validacion_2024,0.42,0.001,526560,1161428,383819,0.223478805834093,0.2893901996037447,1.2949335330643534,0.6122222742376391,0.3174268325210349,31.742683252103486,0.22249415763756109,0.26161463251347694,352585,56300,91493,26182,802,0.25561097256857856,25.561097256857856,45.01246882793018,-0.0020529646261807344,-0.0012408692380413413,0.7051789791095976,-0.8567401536981856,-0.8286973279779462,480.0,0.1975989903789914
baja_v1_short,2026-07-05T19:00:16.626676+00:00,baja_cierre_4h,control_v4,sgd_101_moderado,estructura_velas,sgd,101,validacion_2024,0.43,0.001,526560,1161428,383819,0.223478805834093,0.2893901996037447,1.2949335330643534,0.6122222742376391,0.3195050946142649,31.950509461426492,0.20145315487571702,0.24710352267930016,358395,50490,93969,23706,791,0.2629582806573957,26.295828065739567,45.0063211125158,-0.0018672945229873744,-0.0011670779165579006,0.7238064721959231,-0.8359263414285836,-0.7960989340445488,480.0,0.2103704760831875
baja_v1_short,2026-07-05T19:00:16.786579+00:00,baja_cierre_4h,control_v4,sgd_101_moderado,estructura_velas,sgd,101,validacion_2024,0.44,0.001,526560,1161428,383819,0.223478805834093,0.2893901996037447,1.2949335330643534,0.6122222742376391,0.32112220608709974,32.112220608709976,0.1822817080943276,0.2325556181967995,363538,45347,96225,21450,772,0.25259067357512954,25.259067357512954,45.72538860103627,-0.0020573916348869984,-0.0012098179538734257,0.7038855190379407,-0.8530833807709959,-0.8172092414902914,480.0,0.21065721479272786
baja_v1_short,2026-07-05T19:00:16.938658+00:00,baja_cierre_4h,control_v4,sgd_101_moderado,estructura_velas,sgd,101,validacion_2024,0.45,0.001,526560,1161428,383819,0.223478805834093,0.2893901996037447,1.2949335330643534,0.6122222742376391,0.32259142317780115,32.25914231778012,0.16409602719354152,0.21753579596021044,368336,40549,98365,19310,752,0.2845744680851064,28.45744680851064,46.409574468085104,-0.0020607850158500646,-0.00106441516097766,0.7105028268043954,-0.8444166098115019,-0.8100969485734562,480.0,0.21645038039202583
baja_v1_short,2026-07-05T19:00:17.095568+00:00,baja_cierre_4h,control_v4,sgd_101_moderado,estructura_velas,sgd,101,validacion_2024,0.46,0.001,526560,1161428,383819,0.223478805834093,0.2893901996037447,1.2949335330643534,0.6122222742376391,0.3242759700324276,32.42759700324276,0.1478648820905035,0.2031132356288631,372627,36258,100275,17400,730,0.2821917808219178,28.21917808219178,45.89041095890411,-0.001907854282338939,-0.0011627425735932775,0.7316686144915517,-0.8146920768083069,-0.7771033159647872,480.0,0.23512324590762188
baja_v1_short,2026-07-05T19:00:17.244618+00:00,baja_cierre_4h,control_v4,sgd_101_moderado,estructura_velas,sgd,101,validacion_2024,0.47,0.001,526560,1161428,383819,0.223478805834093,0.2893901996037447,1.2949335330643534,0.6122222742376391,0.3250473238616271,32.50473238616271,0.1327894625026556,0.18855129473658808,376438,32447,102049,15626,714,0.2913165266106443,29.13165266106443,47.61904761904761,-0.0017566068198581054,-0.0006502865105867386,0.7512896364172256,-0.7872157433314467,-0.743636856721427,480.0,0.238938082100072
baja_v1_short,2026-07-05T19:00:17.386656+00:00,baja_cierre_4h,control_v4,sgd_101_moderado,estructura_velas,sgd,101,validacion_2024,0.48,0.001,526560,1161428,383819,0.223478805834093,0.2893901996037447,1.2949335330643534,0.6122222742376391,0.3245427182218106,32.454271822181056,0.11911620990014872,0.1742703509153638,379712,29173,103658,14017,690,0.28405797101449276,28.405797101449277,46.3768115942029,-0.0018362524737295873,-0.0010156273769178483,0.7475707674908938,-0.7873395860071593,-0.7470299525192253,480.0,0.24100013531182785
baja_v1_short,2026-07-05T19:00:17.531652+00:00,baja_cierre_4h,control_v4,sgd_101_moderado,estructura_velas,sgd,101,validacion_2024,0.49,0.001,526560,1161428,383819,0.223478805834093,0.2893901996037447,1.2949335330643534,0.6122222742376391,0.3236835988947137,32.36835988947137,0.10651370299553856,0.16028337958285913,382696,26189,105141,12534,667,0.28785607196401797,28.7856071964018,45.27736131934033,-0.002129466138882995,-0.0016979480967856944,0.715280721847409,-0.8083949652991738,-0.7823286173942987,480.0,0.21876236073533445
baja_v1_short,2026-07-05T19:00:17.673662+00:00,baja_cierre_4h,control_v4,sgd_101_moderado,estructura_velas,sgd,101,validacion_2024,0.5,0.001,526560,1161428,383819,0.223478805834093,0.2893901996037447,1.2949335330643534,0.6122222742376391,0.32270239124171707,32.27023912417171,0.0951858933503293,0.14700922006759196,385376,23509,106474,11201,648,0.29012345679012347,29.01234567901235,43.67283950617284,-0.002097741740477577,-0.0020923489462584257,0.7206085503170202,-0.7898002103317433,-0.7679870930218562,480.0,0.21452845049860148
baja_v1_short,2026-07-05T19:00:17.811583+00:00,baja_cierre_4h,control_v4,sgd_101_moderado,estructura_velas,sgd,101,validacion_2024,0.51,0.001,526560,1161428,383819,0.223478805834093,0.2893901996037447,1.2949335330643534,0.6122222742376391,0.32244753215770977,32.24475321577098,0.0849968132568515,0.13453131935384077,387868,21017,107673,10002,631,0.28526148969889065,28.526148969889064,44.057052297939784,-0.001985803805141694,-0.001956488074734807,0.7355728019067362,-0.7664019728951135,-0.7418304608633355,480.0,0.21082673766606003
baja_v1_short,2026-07-05T19:00:17.946580+00:00,baja_cierre_4h,control_v4,sgd_101_moderado,estructura_velas,sgd,101,validacion_2024,0.52,0.001,526560,1161428,383819,0.223478805834093,0.2893901996037447,1.2949335330643534,0.6122222742376391,0.32498025418252313,32.49802541825231,0.07692373061397918,0.12440132207326375,390083,18802,108623,9052,612,0.2875816993464052,28.75816993464052,45.09803921568628,-0.0018878336414717217,-0.0018290000259876251,0.7451555134346826,-0.7490276097281008,-0.7135043799509465,480.0,0.20530725235046732
baja_v1_short,2026-07-05T19:00:18.078650+00:00,baja_cierre_4h,control_v4,sgd_101_moderado,estructura_velas,sgd,101,validacion_2024,0.53,0.001,526560,1161428,383819,0.223478805834093,0.2893901996037447,1.2949335330643534,0.6122222742376391,0.32662934826069573,32.66293482606957,0.0694200127469726,0.11450397729263763,392044,16841,109506,8169,592,0.2905405405405405,29.054054054054053,45.77702702702703,-0.0019030767980019068,-0.0018297522144857794,0.7463044326798021,-0.7381806085434941,-0.7062641481198826,480.0,0.19442666201053288
baja_v1_short,2026-07-05T19:00:18.207653+00:00,baja_cierre_4h,control_v4,sgd_101_moderado,estructura_velas,sgd,101,validacion_2024,0.54,0.001,526560,1161428,383819,0.223478805834093,0.2893901996037447,1.2949335330643534,0.6122222742376391,0.3300070959730353,33.000709597303526,0.0632334820480136,0.1061309485605072,393778,15107,110234,7441,561,0.2994652406417112,29.946524064171122,45.45454545454545,-0.0018521507395317662,-0.002141950604505837,0.7555836745903238,-0.7110853161432713,-0.6783034083096944,480.0,0.20678393909076237
baja_v1_short,2026-07-05T19:00:18.340576+00:00,baja_cierre_4h,control_v4,sgd_101_moderado,estructura_velas,sgd,101,validacion_2024,0.55,0.001,526560,1161428,383819,0.223478805834093,0.2893901996037447,1.2949335330643534,0.6122222742376391,0.331608260633841,33.1608260633841,0.05717442107499469,0.09753268968716476,395324,13561,110947,6728,541,0.3068391866913124,30.683918669131238,46.02587800369686,-0.0017014577476677744,-0.0017927980041131377,0.7772105563466082,-0.6557550901853825,-0.637693906047458,480.0,0.20172213714777584
baja_v1_short,2026-07-05T19:00:18.468563+00:00,baja_cierre_4h,control_v4,sgd_101_moderado,estructura_velas,sgd,101,validacion_2024,0.56,0.001,526560,1161428,383819,0.223478805834093,0.2893901996037447,1.2949335330643534,0.6122222742376391,0.33148656061437193,33.148656061437194,0.05135330359039728,0.08892976711673596,396698,12187,111632,6043,524,0.3110687022900763,31.106870229007633,46.94656488549619,-0.0017474504658875022,-0.00168189951707609,0.7734431843802247,-0.6591343305633205,-0.6351133876222116,480.0,0.20371785736923714
baja_v1_short,2026-07-05T19:00:18.593572+00:00,baja_cierre_4h,control_v4,sgd_101_moderado,estructura_velas,sgd,101,validacion_2024,0.57,0.001,526560,1161428,383819,0.223478805834093,0.2893901996037447,1.2949335330643534,0.6122222742376391,0.3308595413346311,33.085954133463105,0.04622052262587636,0.08111010036237827,397885,11000,112236,5439,510,0.3156862745098039,31.56862745098039,47.647058823529406,-0.0017167435467979673,-0.0011311956184508745,0.7789990354501197,-0.6405315374759963,-0.6198188653891419,480.0,0.2500422425052012
baja_v1_short,2026-07-05T19:00:18.715648+00:00,baja_cierre_4h,control_v4,sgd_101_moderado,estructura_velas,sgd,101,validacion_2024,0.58,0.001,526560,1161428,383819,0.223478805834093,0.2893901996037447,1.2949335330643534,0.6122222742376391,0.3301043219076006,33.010432190760056,0.04141066496707032,0.07358970680398982,398996,9889,112802,4873,486,0.3065843621399177,30.65843621399177,47.53086419753087,-0.0017473647933586125,-0.0010773745014157612,0.7732267707150038,-0.6164824309143798,-0.6073036662738043,480.0,0.25046190250646183
baja_v1_short,2026-07-05T19:00:18.838631+00:00,baja_cierre_4h,control_v4,sgd_101_moderado,estructura_velas,sgd,101,validacion_2024,0.59,0.001,526560,1161428,383819,0.223478805834093,0.2893901996037447,1.2949335330643534,0.6122222742376391,0.3278958395689913,32.78958395689913,0.037238155937964736,0.06688085226535612,399903,8982,113293,4382,474,0.31645569620253167,31.645569620253166,47.46835443037975,-0.0016526481104630324,-0.0010180789962840322,0.7846864748842918,-0.5974121557455943,-0.5793446894223824,480.0,0.23000040490223206
baja_v1_short,2026-07-05T19:00:18.959662+00:00,baja_cierre_4h,control_v4,sgd_101_moderado,estructura_velas,sgd,101,validacion_2024,0.6,0.001,526560,1161428,383819,0.223478805834093,0.2893901996037447,1.2949335330643534,0.6122222742376391,0.3264781491002571,32.64781491002571,0.03345655406840875,0.0606934188416298,400763,8122,113738,3937,457,0.31291028446389496,31.291028446389497,45.73304157549234,-0.001838975149188687,-0.0016658509373664856,0.7632337447827198,-0.6254308646664393,-0.6006502544276482,480.0,0.20679827771287135
baja_v1_short,2026-07-05T19:00:19.076654+00:00,baja_cierre_4h,control_v4,sgd_101_moderado,estructura_velas,sgd,101,validacion_2024,0.61,0.001,526560,1161428,383819,0.223478805834093,0.2893901996037447,1.2949335330643534,0.6122222742376391,0.3249470094922127,32.494700949221276,0.02996388357765031,0.05486827567962903,401560,7325,114149,3526,435,0.296551724137931,29.655172413793103,46.206896551724135,-0.002014157915599672,-0.0016658509373664856,0.7453110528471308,-0.6196362649646745,-0.6139742741838166,480.0,0.20412363084551277
baja_v1_short,2026-07-05T19:00:19.196575+00:00,baja_cierre_4h,control_v4,sgd_101_moderado,estructura_velas,sgd,101,validacion_2024,0.62,0.001,526560,1161428,383819,0.223478805834093,0.2893901996037447,1.2949335330643534,0.6122222742376391,0.32344792201128786,32.34479220112878,0.026785638410877416,0.04947417987757024,402292,6593,114523,3152,415,0.30120481927710846,30.120481927710845,46.024096385542165,-0.001925738346220559,-0.0016658509373664856,0.7539092759883652,-0.5864952053710009,-0.5810088530338453,480.0,0.18384244051848447
baja_v1_short,2026-07-05T19:00:19.318659+00:00,baja_cierre_4h,control_v4,sgd_101_moderado,estructura_velas,sgd,101,validacion_2024,0.63,0.001,526560,1161428,383819,0.223478805834093,0.2893901996037447,1.2949335330643534,0.6122222742376391,0.32467828265573395,32.467828265573395,0.024227745910346293,0.04509078256468653,402955,5930,114824,2851,399,0.3258145363408521,32.581453634085214,47.86967418546366,-0.0017514750467447692,-0.001070239620981738,0.7753841755233633,-0.5350852802049121,-0.5359599369071884,480.0,0.1892538284316301
baja_v1_short,2026-07-05T19:00:19.432582+00:00,baja_cierre_4h,control_v4,sgd_101_moderado,estructura_velas,sgd,101,validacion_2024,0.64,0.001,526560,1161428,383819,0.223478805834093,0.2893901996037447,1.2949335330643534,0.6122222742376391,0.32165524244732163,32.16552424473216,0.02153388570214574,0.04036542336702428,403541,5344,115141,2534,374,0.3181818181818182,31.818181818181817,48.1283422459893,-0.0019300285116638722,-0.0009048121703708603,0.75924704412073,-0.5447910032960384,-0.5456410126666944,480.0,0.16886474544631166
baja_v1_short,2026-07-05T19:00:19.561560+00:00,baja_cierre_4h,control_v4,sgd_101_moderado,estructura_velas,sgd,101,validacion_2024,0.65,0.001,526560,1161428,383819,0.223478805834093,0.2893901996037447,1.2949335330643534,0.6122222742376391,0.32181947405828004,32.181947405828005,0.019239430635224136,0.03630823510544463,404114,4771,115411,2264,359,0.33147632311977715,33.147632311977716,49.86072423398329,-0.0013276605828348139,-7.647905638441446e-05,0.829573977134701,-0.424052990565004,-0.41847264304420295,480.0,0.17749555371223427
baja_v1_short,2026-07-05T19:00:19.680098+00:00,baja_cierre_4h,control_v4,sgd_101_moderado,estructura_velas,sgd,101,validacion_2024,0.66,0.001,526560,1161428,383819,0.223478805834093,0.2893901996037447,1.2949335330643534,0.6122222742376391,0.32136643998102166,32.136643998102166,0.01726789887401742,0.032774722172938274,404594,4291,115643,2032,338,0.31952662721893493,31.952662721893493,49.70414201183432,-0.0010129933041047269,-0.00014164931396953764,0.8664579357860063,-0.36451418900690324,-0.33245156202073467,480.0,0.19816912662980446
baja_v1_short,2026-07-05T19:00:19.794667+00:00,baja_cierre_4h,control_v4,sgd_101_moderado,estructura_velas,sgd,101,validacion_2024,0.67,0.001,526560,1161428,383819,0.223478805834093,0.2893901996037447,1.2949335330643534,0.6122222742376391,0.3188202247191011,31.88202247191011,0.015432334820480136,0.029439657618078804,405005,3880,115859,1816,320,0.315625,31.5625,47.1875,-0.0014520872590543243,-0.0010351966744389643,0.8172331236548216,-0.43159923037003833,-0.4087417732406772,480.0,0.20286241331529498
baja_v1_short,2026-07-05T19:00:19.908637+00:00,baja_cierre_4h,control_v4,sgd_101_moderado,estructura_velas,sgd,101,validacion_2024,0.68,0.001,526560,1161428,383819,0.223478805834093,0.2893901996037447,1.2949335330643534,0.6122222742376391,0.32225461613216716,32.225461613216716,0.01408965370724453,0.026998860120501546,405398,3487,116017,1658,307,0.34201954397394135,34.20195439739413,48.85993485342019,-0.0010577288993233564,-0.0004724733987823129,0.8608490352863005,-0.3447684915857885,-0.31757386235307583,480.0,0.19694940982975798
baja_v1_short,2026-07-05T19:00:20.019638+00:00,baja_cierre_4h,control_v4,sgd_101_moderado,estructura_velas,sgd,101,validacion_2024,0.69,0.001,526560,1161428,383819,0.223478805834093,0.2893901996037447,1.2949335330643534,0.6122222742376391,0.3276787631522439,32.76787631522439,0.012967920118971745,0.02494850080109865,405754,3131,116149,1526,283,0.3462897526501767,34.62897526501767,47.349823321554766,-0.0009351337351373587,-0.0009998401483622956,0.874408940168079,-0.37156762976732716,-0.27128263189286617,480.0,0.16665086224635317
baja_v1_short,2026-07-05T19:00:20.132598+00:00,baja_cierre_4h,control_v4,sgd_101_moderado,estructura_velas,sgd,101,validacion_2024,0.7,0.001,526560,1161428,383819,0.223478805834093,0.2893901996037447,1.2949335330643534,0.6122222742376391,0.3309540804187485,33.095408041874855,0.01182069258551094,0.022826104793317908,406073,2812,116284,1391,268,0.332089552238806,33.2089552238806,46.64179104477612,-0.001211041568524568,-0.000999996938129243,0.8351017177798784,-0.37623643169294474,-0.3092073341805627,480.0,0.19632991294683283
baja_v1_short,2026-07-05T19:00:20.242715+00:00,baja_cierre_4h,control_v4,sgd_101_moderado,estructura_velas,sgd,101,validacion_2024,0.71,0.001,526560,1161428,383819,0.223478805834093,0.2893901996037447,1.2949335330643534,0.6122222742376391,0.33578367025466,33.578367025466,0.010868918631824941,0.021056270784630075,406355,2530,116396,1279,252,0.3253968253968254,32.53968253968254,47.22222222222222,-0.001101862227921857,-0.0009939968576043725,0.8494450990200495,-0.34897955124300994,-0.274553668593966,480.0,0.1739373517445815
baja_v1_short,2026-07-05T19:00:20.355723+00:00,baja_cierre_4h,control_v4,sgd_101_moderado,estructura_velas,sgd,101,validacion_2024,0.72,0.001,526560,1161428,383819,0.223478805834093,0.2893901996037447,1.2949335330643534,0.6122222742376391,0.33990582695703353,33.99058269570335,0.00981516889738687,0.01907939837949006,406642,2243,116520,1155,237,0.3291139240506329,32.91139240506329,46.835443037974684,-0.0012617032456814577,-0.0010001537278961905,0.8340654791268156,-0.36304094487142724,-0.2895425676957989,480.0,0.18594001745397834
baja_v1_short,2026-07-05T19:00:20.465786+00:00,baja_cierre_4h,control_v4,sgd_101_moderado,estructura_velas,sgd,101,validacion_2024,0.73,0.001,526560,1161428,383819,0.223478805834093,0.2893901996037447,1.2949335330643534,0.6122222742376391,0.34795613160518446,34.79561316051844,0.008897386870618229,0.01735109873719797,406923,1962,116628,1047,215,0.32558139534883723,32.55813953488372,45.11627906976744,-0.0019288609707059452,-0.0014579990345519036,0.7609917322155829,-0.4058347268204251,-0.3648940498031157,480.0,0.18781751006406291
baja_v1_short,2026-07-05T19:00:20.580407+00:00,baja_cierre_4h,control_v4,sgd_101_moderado,estructura_velas,sgd,101,validacion_2024,0.74,0.001,526560,1161428,383819,0.223478805834093,0.2893901996037447,1.2949335330643534,0.6122222742376391,0.35011185682326623,35.01118568232663,0.007979604843849585,0.015603579351429498,407142,1743,116736,939,200,0.32,32.0,46.5,-0.0016601020415109825,-0.0010947880835155957,0.7927695022151733,-0.3465274233944382,-0.3086524124631611,480.0,0.18421166971589084
baja_v1_short,2026-07-05T19:00:20.692351+00:00,baja_cierre_4h,control_v4,sgd_101_moderado,estructura_velas,sgd,101,validacion_2024,0.75,0.001,526560,1161428,383819,0.223478805834093,0.2893901996037447,1.2949335330643534,0.6122222742376391,0.35804020100502515,35.80402010050251,0.007265774378585086,0.014242522675595313,407352,1533,116820,855,184,0.32065217391304346,32.065217391304344,46.19565217391305,-0.001704474126589207,-0.001413052213843912,0.7939753221731132,-0.3243219569650563,-0.2947443348458645,480.0,0.20692016060542984
baja_v1_short,2026-07-05T19:00:20.804405+00:00,baja_cierre_4h,control_v4,sgd_101_moderado,estructura_velas,sgd,101,validacion_2024,0.76,0.001,526560,1161428,383819,0.223478805834093,0.2893901996037447,1.2949335330643534,0.6122222742376391,0.3597222222222222,35.97222222222222,0.006602931803696622,0.012967830767305044,407502,1383,116898,777,170,0.34705882352941175,34.705882352941174,44.70588235294118,-0.0014492608683957617,-0.0016165032100398094,0.8238251369418125,-0.27816197664016906,-0.24315581053698565,480.0,0.24630159253250314
baja_v1_short,2026-07-05T19:00:20.914638+00:00,baja_cierre_4h,control_v4,sgd_101_moderado,estructura_velas,sgd,101,validacion_2024,0.77,0.001,526560,1161428,383819,0.223478805834093,0.2893901996037447,1.2949335330643534,0.6122222742376391,0.3589473684210526,35.89473684210526,0.00579562353940939,0.011407066694543173,407667,1218,116993,682,155,0.36129032258064514,36.12903225806451,45.806451612903224,-0.0012290172860093965,-0.0008214707738952711,0.8519120886771449,-0.2528529388127514,-0.1997655913468186,480.0,0.24766925896209765
baja_v1_short,2026-07-05T19:00:21.025821+00:00,baja_cierre_4h,control_v4,sgd_101_moderado,estructura_velas,sgd,101,validacion_2024,0.78,0.001,526560,1161428,383819,0.223478805834093,0.2893901996037447,1.2949335330643534,0.6122222742376391,0.36597014925373134,36.59701492537313,0.00520926280008498,0.010272308336824467,407823,1062,117062,613,144,0.375,37.5,43.75,-0.0013425486757906693,-0.001413052213843912,0.840965435783341,-0.23987129023137,-0.20125383129679741,480.0,0.21586746140657642
baja_v1_short,2026-07-05T19:00:21.137821+00:00,baja_cierre_4h,control_v4,sgd_101_moderado,estructura_velas,sgd,101,validacion_2024,0.79,0.001,526560,1161428,383819,0.223478805834093,0.2893901996037447,1.2949335330643534,0.6122222742376391,0.3607336956521739,36.07336956521739,0.004512428298279159,0.008913359127800112,407944,941,117144,531,132,0.3484848484848485,34.84848484848485,41.66666666666667,-0.0019051847791300997,-0.0018875157800503075,0.7818771490826439,-0.2647973069662086,-0.24402041017436793,480.0,0.21507873260395124
baja_v1_short,2026-07-05T19:00:21.247826+00:00,baja_cierre_4h,control_v4,sgd_101_moderado,estructura_velas,sgd,101,validacion_2024,0.8,0.001,526560,1161428,383819,0.223478805834093,0.2893901996037447,1.2949335330643534,0.6122222742376391,0.3735317149569303,37.35317149569303,0.004053537284894837,0.008020041697491424,408085,800,117198,477,123,0.34959349593495936,34.959349593495936,43.08943089430895,-0.0013751335911428172,-0.0016979480967856944,0.8394693919140463,-0.21202250095017317,-0.1777849021158433,480.0,0.2483557312687624
baja_v1_short,2026-07-05T19:00:21.359020+00:00,baja_cierre_4h,control_v4,sgd_101_moderado,estructura_velas,sgd,101,validacion_2024,0.81,0.001,526560,1161428,383819,0.223478805834093,0.2893901996037447,1.2949335330643534,0.6122222742376391,0.3809099018733274,38.09099018733274,0.0036286381984278735,0.007188794235496144,408191,694,117248,427,115,0.34782608695652173,34.78260869565217,43.47826086956522,-0.0020419003469312733,-0.0014579990345519036,0.7793730878771384,-0.23775690147632123,-0.2321375040779552,480.0,0.21093335613581532
baja_v1_short,2026-07-05T19:00:21.469141+00:00,baja_cierre_4h,control_v4,sgd_101_moderado,estructura_velas,sgd,101,validacion_2024,0.82,0.001,526560,1161428,383819,0.223478805834093,0.2893901996037447,1.2949335330643534,0.6122222742376391,0.3878787878787879,38.78787878787879,0.003263224984066284,0.006472001011250158,408279,606,117291,384,105,0.3142857142857143,31.428571428571427,42.857142857142854,-0.002526910141581626,-0.0014579990345519036,0.7294303114637016,-0.26940900211852736,-0.2531715443791641,480.0,0.2201420286160045
baja_v1_short,2026-07-05T19:00:21.578122+00:00,baja_cierre_4h,control_v4,sgd_101_moderado,estructura_velas,sgd,101,validacion_2024,0.83,0.001,526560,1161428,383819,0.223478805834093,0.2893901996037447,1.2949335330643534,0.6122222742376391,0.40476190476190477,40.476190476190474,0.0030337794773741236,0.006022419595637541,408360,525,117318,357,94,0.3617021276595745,36.17021276595745,45.744680851063826,-0.0014577873897939394,-0.0010947880835155957,0.837439507529721,-0.20066541420018136,-0.148203782473333,480.0,0.27216811248549844
baja_v1_short,2026-07-05T19:00:21.685202+00:00,baja_cierre_4h,control_v4,sgd_101_moderado,estructura_velas,sgd,101,validacion_2024,0.84,0.001,526560,1161428,383819,0.223478805834093,0.2893901996037447,1.2949335330643534,0.6122222742376391,0.4249037227214377,42.49037227214377,0.002812831952411302,0.0055886673307781925,408437,448,117344,331,87,0.3793103448275862,37.93103448275862,49.42528735632184,0.00026626854143560317,-0.00015040581254288556,1.0332907463024625,-0.14491064310538715,0.0015153890591237396,480.0,0.3082768254799528
baja_v1_short,2026-07-05T19:00:21.791207+00:00,baja_cierre_4h,control_v4,sgd_101_moderado,estructura_velas,sgd,101,validacion_2024,0.85,0.001,526560,1161428,383819,0.223478805834093,0.2893901996037447,1.2949335330643534,0.6122222742376391,0.43862275449101795,43.862275449101794,0.0024899086466964094,0.004951708170318481,408510,375,117382,293,75,0.4,40.0,50.66666666666667,-0.0002926171344394494,0.0009368212670087814,0.9657758229818771,-0.1906479226274761,-0.04110745482441158,480.0,0.20405692786329807
baja_v1_short,2026-07-05T19:00:21.898118+00:00,baja_cierre_4h,control_v4,sgd_101_moderado,estructura_velas,sgd,101,validacion_2024,0.86,0.001,526560,1161428,383819,0.223478805834093,0.2893901996037447,1.2949335330643534,0.6122222742376391,0.4412751677852349,44.12751677852349,0.002234969194816231,0.004447413144388734,408552,333,117412,263,68,0.4117647058823529,41.17647058823529,55.88235294117647,0.0012151334395697194,0.0031917695198208093,1.148210522127857,-0.1647380159558186,0.0651111535662443,480.0,0.18655221351035833
baja_v1_short,2026-07-05T19:00:22.004187+00:00,baja_cierre_4h,control_v4,sgd_101_moderado,estructura_velas,sgd,101,validacion_2024,0.87,0.001,526560,1161428,383819,0.223478805834093,0.2893901996037447,1.2949335330643534,0.6122222742376391,0.4388888888888889,43.888888888888886,0.0020140216698534097,0.004009643446263165,408582,303,117438,237,63,0.4126984126984127,41.269841269841265,55.55555555555556,0.001495682710321575,0.0031684461757540703,1.184840670964149,-0.13545663086199367,0.07858628316516669,480.0,0.14441670749246138
baja_v1_short,2026-07-05T19:00:22.111124+00:00,baja_cierre_4h,control_v4,sgd_101_moderado,estructura_velas,sgd,101,validacion_2024,0.88,0.001,526560,1161428,383819,0.223478805834093,0.2893901996037447,1.2949335330643534,0.6122222742376391,0.4498977505112474,44.989775051124745,0.0018695559804546421,0.003723638333164077,408616,269,117455,220,61,0.4098360655737705,40.98360655737705,57.377049180327866,0.002135727222991694,0.003581436049193144,1.2764184751609198,-0.13545663086199333,0.11869171027460879,480.0,0.15542990762017098
baja_v1_short,2026-07-05T19:00:22.221141+00:00,baja_cierre_4h,control_v4,sgd_101_moderado,estructura_velas,sgd,101,validacion_2024,0.89,0.001,526560,1161428,383819,0.223478805834093,0.2893901996037447,1.2949335330643534,0.6122222742376391,0.45933014354066987,45.933014354066984,0.001631612492033142,0.0032516745277027426,408659,226,117483,192,51,0.43137254901960786,43.13725490196079,52.94117647058824,0.0013283994966072441,0.0011771674510091543,1.1655445723100373,-0.11714564313333975,0.05528660942840613,480.0,0.1802401889371552
baja_v1_short,2026-07-05T19:00:22.327209+00:00,baja_cierre_4h,control_v4,sgd_101_moderado,estructura_velas,sgd,101,validacion_2024,0.9,0.001,526560,1161428,383819,0.223478805834093,0.2893901996037447,1.2949335330643534,0.6122222742376391,0.4701086956521739,47.01086956521739,0.0014701508391756959,0.0029311352642681057,408690,195,117502,173,43,0.3953488372093023,39.53488372093023,53.48837209302325,0.0008423821402816526,0.0011771674510091543,1.0942857773498478,-0.12207115878949493,0.023273811906928232,480.0,0.20072245837371755
baja_v1_short,2026-07-05T19:00:22.437213+00:00,baja_cierre_4h,control_v4,sgd_101_moderado,estructura_velas,sgd,101,validacion_2024,0.91,0.001,526560,1161428,383819,0.223478805834093,0.2893901996037447,1.2949335330643534,0.6122222742376391,0.495114006514658,49.5114006514658,0.0012916932228595709,0.002576664236917496,408730,155,117523,152,40,0.4,40.0,50.0,-0.0003647561543184574,7.755958015331996e-05,0.9623637869490577,-0.1335406367284746,-0.026638804891599532,480.0,0.2150157595052215
baja_v1_short,2026-07-05T19:00:22.541123+00:00,baja_cierre_4h,control_v4,sgd_101_moderado,estructura_velas,sgd,101,validacion_2024,0.92,0.001,526560,1161428,383819,0.223478805834093,0.2893901996037447,1.2949335330643534,0.6122222742376391,0.5210727969348659,52.10727969348659,0.0011557255151901423,0.002306335639668973,408760,125,117539,136,34,0.38235294117647056,38.23529411764706,50.0,-0.0015746373353758836,-0.00046978864318225535,0.8440505991128523,-0.13624686810355724,-0.06206665046081039,480.0,0.2239854979453577
baja_v1_short,2026-07-05T19:00:22.648135+00:00,baja_cierre_4h,control_v4,sgd_101_moderado,estructura_velas,sgd,101,validacion_2024,0.93,0.001,526560,1161428,383819,0.223478805834093,0.2893901996037447,1.2949335330643534,0.6122222742376391,0.5333333333333333,53.333333333333336,0.0009517739536859996,0.0019001569326038087,408787,98,117563,112,27,0.48148148148148145,48.148148148148145,51.85185185185185,0.00012872365086028884,0.0004285281067714095,1.0128908971612458,-0.12387652415700223,-0.005441250547317367,480.0,0.25569197054394593
baja_v1_short,2026-07-05T19:00:22.754150+00:00,baja_cierre_4h,control_v4,sgd_101_moderado,estructura_velas,sgd,101,validacion_2024,0.94,0.001,526560,1161428,383819,0.223478805834093,0.2893901996037447,1.2949335330643534,0.6122222742376391,0.49673202614379086,49.673202614379086,0.0006458466114297854,0.0012900159554605018,408808,77,117599,76,20,0.5,50.0,45.0,-0.0008694877373054633,-0.003415371360257268,0.9199505271417427,-0.09728967915953801,-0.02430708132091719,480.0,0.2579232954150393
baja_v1_short,2026-07-05T19:00:22.865123+00:00,baja_cierre_4h,control_v4,sgd_101_moderado,estructura_velas,sgd,101,validacion_2024,0.95,0.001,526560,1161428,383819,0.223478805834093,0.2893901996037447,1.2949335330643534,0.6122222742376391,0.38317757009345793,38.31775700934579,0.00034841725090291054,0.0006962014569289025,408819,66,117634,41,20,0.5,50.0,45.0,-0.0008013974400237212,-0.003415371360257268,0.9264321628188846,-0.097896960686642,-0.02304705307234367,480.0,0.257726652795984
baja_v1_short,2026-07-05T19:00:41.506087+00:00,baja_cierre_4h,control_v4,histgb_101_moderado,estructura_velas,histgb,101,validacion_2023,0.05,0.001,521200,421957,178043,0.1555640828856485,0.23413225358866033,1.505053411080535,0.6560764085268085,0.1633721130801996,16.33721130801996,0.9929329057720769,0.28057916262243776,27844,412276,573,80507,113,0.061946902654867256,6.1946902654867255,31.858407079646017,-0.0013789644245612949,-0.0010123571253425325,0.4393220857000485,-0.14751495579172424,-0.14600606919509607,480.0,0.22133746314739836
baja_v1_short,2026-07-05T19:00:41.616040+00:00,baja_cierre_4h,control_v4,histgb_101_moderado,estructura_velas,histgb,101,validacion_2023,0.06,0.001,521200,421957,178043,0.1555640828856485,0.23413225358866033,1.505053411080535,0.6560764085268085,0.16514054141943027,16.514054141943028,0.9896028613714849,0.28304738857502676,34486,405634,843,80237,134,0.07462686567164178,7.462686567164178,33.582089552238806,-0.002113865398911546,-0.001521035079145804,0.40887301132312226,-0.2745624612297368,-0.25098996346066504,480.0,0.3686668474748563
baja_v1_short,2026-07-05T19:00:41.725347+00:00,baja_cierre_4h,control_v4,histgb_101_moderado,estructura_velas,histgb,101,validacion_2023,0.07,0.001,521200,421957,178043,0.1555640828856485,0.23413225358866033,1.505053411080535,0.6560764085268085,0.16662115656794102,16.662115656794104,0.9858904785397139,0.2850647347577773,40309,399811,1144,79936,161,0.08695652173913043,8.695652173913043,36.64596273291926,-0.0018524128836301245,-0.0012208681107731536,0.4916703392692614,-0.3034970210394925,-0.26278349578755056,480.0,0.2905255935299996
baja_v1_short,2026-07-05T19:00:41.832371+00:00,baja_cierre_4h,control_v4,histgb_101_moderado,estructura_velas,histgb,101,validacion_2023,0.08,0.001,521200,421957,178043,0.1555640828856485,0.23413225358866033,1.505053411080535,0.6560764085268085,0.16840258697214355,16.840258697214356,0.9827084361124815,0.28753202699289093,46658,393462,1402,79678,195,0.07692307692307693,7.6923076923076925,33.84615384615385,-0.0019104369694627268,-0.0012991104556713253,0.46112194113619126,-0.32110951535217247,-0.3151228097877393,480.0,0.15470568010289534
baja_v1_short,2026-07-05T19:00:41.941291+00:00,baja_cierre_4h,control_v4,histgb_101_moderado,estructura_velas,histgb,101,validacion_2023,0.09,0.001,521200,421957,178043,0.1555640828856485,0.23413225358866033,1.505053411080535,0.6560764085268085,0.1703259602688882,17.032596026888818,0.9768870251603354,0.29007555309775024,54300,385820,1874,79206,234,0.05982905982905983,5.982905982905983,36.75213675213676,-0.002134949358421516,-0.0012698093157960102,0.48158296433009007,-0.42234289728415253,-0.4005219370320787,480.0,0.17041612516033947
baja_v1_short,2026-07-05T19:00:42.053101+00:00,baja_cierre_4h,control_v4,histgb_101_moderado,estructura_velas,histgb,101,validacion_2023,0.1,0.001,521200,421957,178043,0.1555640828856485,0.23413225358866033,1.505053411080535,0.6560764085268085,0.17241273217943195,17.241273217943196,0.9676122348297977,0.2926754657574107,63538,376582,2626,78454,272,0.07352941176470588,7.352941176470589,36.76470588235294,-0.001928979058518481,-0.001250878176302649,0.48324355586210777,-0.4144026921418572,-0.4143982204071397,480.0,0.14862085181195905
baja_v1_short,2026-07-05T19:00:42.178101+00:00,baja_cierre_4h,control_v4,histgb_101_moderado,estructura_velas,histgb,101,validacion_2023,0.11,0.001,521200,421957,178043,0.1555640828856485,0.23413225358866033,1.505053411080535,0.6560764085268085,0.17460385342576754,17.460385342576753,0.9567464232856439,0.2953136896604233,73413,366707,3507,77573,323,0.07739938080495357,7.739938080495357,37.461300309597526,-0.0020339380004898715,-0.001516933563631028,0.4834768382484286,-0.4892603991663943,-0.48915214513836924,480.0,0.14124320853407285
baja_v1_short,2026-07-05T19:00:42.295393+00:00,baja_cierre_4h,control_v4,histgb_101_moderado,estructura_velas,histgb,101,validacion_2023,0.12,0.001,521200,421957,178043,0.1555640828856485,0.23413225358866033,1.505053411080535,0.6560764085268085,0.1770615378219962,17.70615378219962,0.9455846077947706,0.2982714819814738,83786,356334,4412,76668,359,0.08635097493036212,8.635097493036211,44.56824512534819,-0.001538713179687934,-0.0006063426660839468,0.5900491663483246,-0.44422226972536405,-0.4342426383815178,480.0,0.17062576952516006
baja_v1_short,2026-07-05T19:00:42.415036+00:00,baja_cierre_4h,control_v4,histgb_101_moderado,estructura_velas,histgb,101,validacion_2023,0.13,0.001,521200,421957,178043,0.1555640828856485,0.23413225358866033,1.505053411080535,0.6560764085268085,0.17963638606462878,17.96363860646288,0.9339541193882586,0.3013174805919312,94299,345821,5355,75725,394,0.09644670050761421,9.644670050761421,43.90862944162436,-0.001716259623577064,-0.0009111354627530091,0.5641824503835269,-0.509978302477318,-0.501334786401824,480.0,0.16387637339175215
baja_v1_short,2026-07-05T19:00:42.536112+00:00,baja_cierre_4h,control_v4,histgb_101_moderado,estructura_velas,histgb,101,validacion_2023,0.14,0.001,521200,421957,178043,0.1555640828856485,0.23413225358866033,1.505053411080535,0.6560764085268085,0.18183568615216628,18.18356861521663,0.9201406018746917,0.3036624281597499,104437,335683,6475,74605,426,0.09859154929577464,9.859154929577464,42.01877934272301,-0.0016554431963361918,-0.0008247796393116005,0.5770782748852905,-0.546492425355009,-0.5164050133077751,480.0,0.18779204281211404
baja_v1_short,2026-07-05T19:00:42.663525+00:00,baja_cierre_4h,control_v4,histgb_101_moderado,estructura_velas,histgb,101,validacion_2023,0.15,0.001,521200,421957,178043,0.1555640828856485,0.23413225358866033,1.505053411080535,0.6560764085268085,0.18385058320538797,18.385058320538796,0.9053280710409473,0.3056341458844691,114265,325855,7676,73404,456,0.09868421052631579,9.868421052631579,40.57017543859649,-0.0024144616279413037,-0.0012310263007530011,0.4651734397416918,-0.690894785645702,-0.6773711714892802,480.0,0.16747735838070285
baja_v1_short,2026-07-05T19:00:42.793822+00:00,baja_cierre_4h,control_v4,histgb_101_moderado,estructura_velas,histgb,101,validacion_2023,0.16,0.001,521200,421957,178043,0.1555640828856485,0.23413225358866033,1.505053411080535,0.6560764085268085,0.18628360547583706,18.628360547583707,0.8915145535273804,0.3081737410255973,124372,315748,8796,72284,472,0.0826271186440678,8.26271186440678,37.71186440677966,-0.0027686198636609387,-0.0015859341763425619,0.4298781572892399,-0.7562101870514618,-0.7382424872586084,480.0,0.1854830278556028
baja_v1_short,2026-07-05T19:00:42.922811+00:00,baja_cierre_4h,control_v4,histgb_101_moderado,estructura_velas,histgb,101,validacion_2023,0.17,0.001,521200,421957,178043,0.1555640828856485,0.23413225358866033,1.505053411080535,0.6560764085268085,0.18888779707920253,18.888779707920254,0.8772076961026147,0.3108423782999469,134703,305417,9956,71124,501,0.11377245508982035,11.377245508982035,41.31736526946108,-0.0027857304546081265,-0.0012228401135653258,0.44942853298627017,-0.7724336519055778,-0.7621551715616839,480.0,0.16736054291176897
baja_v1_short,2026-07-05T19:00:43.052264+00:00,baja_cierre_4h,control_v4,histgb_101_moderado,estructura_velas,histgb,101,validacion_2023,0.18,0.001,521200,421957,178043,0.1555640828856485,0.23413225358866033,1.505053411080535,0.6560764085268085,0.1916321974919572,19.16321974919572,0.8639615194869265,0.3136866805187361,144626,295494,11030,70050,517,0.11992263056092843,11.992263056092844,37.9110251450677,-0.0027551088810991425,-0.0013396795073058456,0.4471983090582362,-0.7776144957755976,-0.768845386649623,480.0,0.16845994725525001
baja_v1_short,2026-07-05T19:00:43.181467+00:00,baja_cierre_4h,control_v4,histgb_101_moderado,estructura_velas,histgb,101,validacion_2023,0.19,0.001,521200,421957,178043,0.1555640828856485,0.23413225358866033,1.505053411080535,0.6560764085268085,0.19434862012987014,19.434862012987015,0.8504933399111988,0.31639657165929486,154262,285858,12122,68958,527,0.12144212523719165,12.144212523719165,41.745730550284634,-0.0024322065003216965,-0.0011754738623276353,0.4892689773682067,-0.7358621731274735,-0.7324458170244521,480.0,0.18491549129940965
baja_v1_short,2026-07-05T19:00:43.315683+00:00,baja_cierre_4h,control_v4,histgb_101_moderado,estructura_velas,histgb,101,validacion_2023,0.2,0.001,521200,421957,178043,0.1555640828856485,0.23413225358866033,1.505053411080535,0.6560764085268085,0.19705995974218735,19.705995974218734,0.8367538233843118,0.3189949243113497,163683,276437,13236,67844,546,0.11904761904761904,11.904761904761903,40.65934065934066,-0.002269433405305348,-0.0010489407048007706,0.5144338411685999,-0.7214061727846807,-0.7208151156938677,480.0,0.1754816742844055
baja_v1_short,2026-07-05T19:00:43.456712+00:00,baja_cierre_4h,control_v4,histgb_101_moderado,estructura_velas,histgb,101,validacion_2023,0.21,0.001,521200,421957,178043,0.1555640828856485,0.23413225358866033,1.505053411080535,0.6560764085268085,0.19954475114262066,19.954475114262067,0.8206339417858904,0.3210284567359188,173213,266907,14543,66537,560,0.11964285714285715,11.964285714285715,41.964285714285715,-0.0022061315193055383,-0.0011145945680036675,0.527088602775196,-0.7230362097356157,-0.7198003934421038,480.0,0.16276379420448053
baja_v1_short,2026-07-05T19:00:43.593667+00:00,baja_cierre_4h,control_v4,histgb_101_moderado,estructura_velas,histgb,101,validacion_2023,0.22,0.001,521200,421957,178043,0.1555640828856485,0.23413225358866033,1.505053411080535,0.6560764085268085,0.20239057896253335,20.239057896253335,0.8056857424765663,0.32351360787625016,182678,257442,15755,65325,582,0.11683848797250859,11.683848797250858,40.72164948453608,-0.0020720286560965964,-0.0012958198747364804,0.5452920752817372,-0.715707813978468,-0.7108419438576505,480.0,0.17555978410482487
baja_v1_short,2026-07-05T19:00:43.736860+00:00,baja_cierre_4h,control_v4,histgb_101_moderado,estructura_velas,histgb,101,validacion_2023,0.23,0.001,521200,421957,178043,0.1555640828856485,0.23413225358866033,1.505053411080535,0.6560764085268085,0.20524390243902438,20.524390243902438,0.7887765170202269,0.325730875012733,192474,247646,17126,63954,602,0.12790697674418605,12.790697674418606,40.19933554817276,-0.002009558236442338,-0.0012335793178644963,0.5686822913366616,-0.716985578787828,-0.713112714102525,480.0,0.17602915691691912
baja_v1_short,2026-07-05T19:00:43.875850+00:00,baja_cierre_4h,control_v4,histgb_101_moderado,estructura_velas,histgb,101,validacion_2023,0.24,0.001,521200,421957,178043,0.1555640828856485,0.23413225358866033,1.505053411080535,0.6560764085268085,0.2082320828201458,20.82320828201458,0.7715219536260484,0.32795092925109437,202265,237855,18525,62555,607,0.13344316309719934,13.344316309719934,40.85667215815486,-0.0019213722779189751,-0.0012168982027797029,0.5883368336465674,-0.7122243902899628,-0.7005194338121844,480.0,0.19571794079822388
baja_v1_short,2026-07-05T19:00:44.014848+00:00,baja_cierre_4h,control_v4,histgb_101_moderado,estructura_velas,histgb,101,validacion_2023,0.25,0.001,521200,421957,178043,0.1555640828856485,0.23413225358866033,1.505053411080535,0.6560764085268085,0.21112702564315466,21.112702564315466,0.7526517020226936,0.3297543525953464,212101,228019,20055,61025,612,0.13398692810457516,13.398692810457517,40.032679738562095,-0.0018242587834513295,-0.0014949890571879223,0.5987112769791696,-0.6943599404333071,-0.6852936370964238,480.0,0.17474256648878664
baja_v1_short,2026-07-05T19:00:44.173128+00:00,baja_cierre_4h,control_v4,histgb_101_moderado,estructura_velas,histgb,101,validacion_2023,0.26,0.001,521200,421957,178043,0.1555640828856485,0.23413225358866033,1.505053411080535,0.6560764085268085,0.21375915172936127,21.37591517293613,0.7309940799210656,0.33078833542625924,222119,218001,21811,59269,630,0.14603174603174604,14.603174603174605,41.269841269841265,-0.0017149164245949659,-0.0011254624403372873,0.6299059598090438,-0.6833373679928809,-0.675509768482697,480.0,0.18263440596998146
baja_v1_short,2026-07-05T19:00:44.315464+00:00,baja_cierre_4h,control_v4,histgb_101_moderado,estructura_velas,histgb,101,validacion_2023,0.27,0.001,521200,421957,178043,0.1555640828856485,0.23413225358866033,1.505053411080535,0.6560764085268085,0.21605479555162485,21.605479555162486,0.7080537740503207,0.33108320477515535,231814,208306,23671,57409,639,0.1486697965571205,14.86697965571205,43.03599374021909,-0.001524393648900243,-0.0009079683475429192,0.6650391172197115,-0.6423058167403426,-0.6393029494541065,480.0,0.23256304449600584
baja_v1_short,2026-07-05T19:00:44.454943+00:00,baja_cierre_4h,control_v4,histgb_101_moderado,estructura_velas,histgb,101,validacion_2023,0.28,0.001,521200,421957,178043,0.1555640828856485,0.23413225358866033,1.505053411080535,0.6560764085268085,0.21860000314747494,21.860000314747495,0.6852738036507153,0.3314640926825194,241510,198610,25518,55562,652,0.147239263803681,14.723926380368098,41.41104294478527,-0.0017742040624934253,-0.0011028615297400393,0.6392850271724992,-0.7009289972044894,-0.701352978889977,480.0,0.22335252253880103
baja_v1_short,2026-07-05T19:00:44.598141+00:00,baja_cierre_4h,control_v4,histgb_101_moderado,estructura_velas,histgb,101,validacion_2023,0.29,0.001,521200,421957,178043,0.1555640828856485,0.23413225358866033,1.505053411080535,0.6560764085268085,0.22108402382506256,22.108402382506256,0.6601381351751356,0.33123541825248004,251546,188574,27556,53524,669,0.15246636771300448,15.246636771300448,41.554559043348284,-0.0018101197817550698,-0.0012234875864814967,0.6395829714234474,-0.7176624957155793,-0.7172471707321754,480.0,0.2685034150181896
baja_v1_short,2026-07-05T19:00:44.740685+00:00,baja_cierre_4h,control_v4,histgb_101_moderado,estructura_velas,histgb,101,validacion_2023,0.3,0.001,521200,421957,178043,0.1555640828856485,0.23413225358866033,1.505053411080535,0.6560764085268085,0.2238365138261176,22.38365138261176,0.6346571287617169,0.3309504744815433,261687,178433,29622,51458,671,0.16691505216095381,16.691505216095383,43.070044709388974,-0.0018097766746418126,-0.0011143092158599757,0.6425542931736863,-0.7204318821851978,-0.7181541603124842,480.0,0.24452148243765065
baja_v1_short,2026-07-05T19:00:44.881207+00:00,baja_cierre_4h,control_v4,histgb_101_moderado,estructura_velas,histgb,101,validacion_2023,0.31,0.001,521200,421957,178043,0.1555640828856485,0.23413225358866033,1.505053411080535,0.6560764085268085,0.22644881871720252,22.64488187172025,0.6093981253083375,0.3301979784479158,271335,168785,31670,49410,664,0.17018072289156627,17.018072289156628,41.86746987951807,-0.002067164972538703,-0.00127982093160972,0.6118474874783432,-0.7662143732998586,-0.7615998311952537,480.0,0.19687057480116668
baja_v1_short,2026-07-05T19:00:45.022529+00:00,baja_cierre_4h,control_v4,histgb_101_moderado,estructura_velas,histgb,101,validacion_2023,0.32,0.001,521200,421957,178043,0.1555640828856485,0.23413225358866033,1.505053411080535,0.6560764085268085,0.2288141339196637,22.881413391966372,0.5827084361124815,0.32859696343745,280884,159236,33834,47246,667,0.1619190404797601,16.19190404797601,42.578710644677656,-0.0017860118024156243,-0.0012189833467127755,0.6572047708049553,-0.7180417287840846,-0.7150554087948124,480.0,0.20226140939420564
baja_v1_short,2026-07-05T19:00:45.166527+00:00,baja_cierre_4h,control_v4,histgb_101_moderado,estructura_velas,histgb,101,validacion_2023,0.33,0.001,521200,421957,178043,0.1555640828856485,0.23413225358866033,1.505053411080535,0.6560764085268085,0.23090884784665378,23.090884784665377,0.5538850518006907,0.32593769958776053,290541,149579,36171,44909,658,0.17325227963525835,17.325227963525837,44.224924012158056,-0.0018049420217697767,-0.001163800476002507,0.6667898147041462,-0.7199893913726354,-0.7152644358726339,480.0,0.19236645850189638
baja_v1_short,2026-07-05T19:00:45.310889+00:00,baja_cierre_4h,control_v4,histgb_101_moderado,estructura_velas,histgb,101,validacion_2023,0.34,0.001,521200,421957,178043,0.1555640828856485,0.23413225358866033,1.505053411080535,0.6560764085268085,0.2336073219714013,23.36073219714013,0.5250863344844597,0.32335584028922326,300448,139672,38506,42574,653,0.19142419601837674,19.142419601837673,45.48238897396631,-0.0017930159357349305,-0.001018242792066303,0.6780023866443239,-0.7109960124931334,-0.711095040332012,480.0,0.21641537757914497
baja_v1_short,2026-07-05T19:00:45.455900+00:00,baja_cierre_4h,control_v4,histgb_101_moderado,estructura_velas,histgb,101,validacion_2023,0.35,0.001,521200,421957,178043,0.1555640828856485,0.23413225358866033,1.505053411080535,0.6560764085268085,0.23596980829918515,23.596980829918515,0.49431425752343366,0.3194462156475164,310351,129769,41001,40079,652,0.20398773006134968,20.398773006134967,45.24539877300614,-0.0017747408368187216,-0.0009673667734896299,0.6812592259006853,-0.7196996310141941,-0.7078711567878746,480.0,0.22944025484455516
baja_v1_short,2026-07-05T19:00:45.605386+00:00,baja_cierre_4h,control_v4,histgb_101_moderado,estructura_velas,histgb,101,validacion_2023,0.36,0.001,521200,421957,178043,0.1555640828856485,0.23413225358866033,1.505053411080535,0.6560764085268085,0.23877022120557354,23.877022120557353,0.4647508633448446,0.3154664981142501,319985,120135,43398,37682,642,0.21806853582554517,21.806853582554517,42.834890965732086,-0.0017300474422675025,-0.001030639668693766,0.6866370895996079,-0.7072685201521185,-0.6929227074186062,480.0,0.21330018850079105
baja_v1_short,2026-07-05T19:00:45.756374+00:00,baja_cierre_4h,control_v4,histgb_101_moderado,estructura_velas,histgb,101,validacion_2023,0.37,0.001,521200,421957,178043,0.1555640828856485,0.23413225358866033,1.505053411080535,0.6560764085268085,0.2419947110971048,24.19947110971048,0.4356561420818944,0.3111528060393048,329477,110643,45757,35323,631,0.20602218700475436,20.602218700475436,43.89857369255151,-0.00183385272248582,-0.0009551727632933762,0.6751036317110716,-0.7151835214326738,-0.7075751892968014,480.0,0.20355804396506819
baja_v1_short,2026-07-05T19:00:45.903813+00:00,baja_cierre_4h,control_v4,histgb_101_moderado,estructura_velas,histgb,101,validacion_2023,0.38,0.001,521200,421957,178043,0.1555640828856485,0.23413225358866033,1.505053411080535,0.6560764085268085,0.24433603932375064,24.433603932375064,0.4046250616674889,0.30468539586719295,338657,101463,48273,32807,623,0.22792937399678972,22.792937399678973,45.74638844301766,-0.0016673868498171187,-0.0007805115272058174,0.7082321208321106,-0.6871851013224226,-0.6704017632821849,480.0,0.24606395703972192
baja_v1_short,2026-07-05T19:00:46.050573+00:00,baja_cierre_4h,control_v4,histgb_101_moderado,estructura_velas,histgb,101,validacion_2023,0.39,0.001,521200,421957,178043,0.1555640828856485,0.23413225358866033,1.505053411080535,0.6560764085268085,0.2469226081657526,24.69226081657526,0.37481499753330044,0.29771497146775733,347435,92685,50690,30390,609,0.24466338259441708,24.46633825944171,45.812807881773395,-0.0016327310645959424,-0.0008459183261729777,0.7129210571188884,-0.6630641515960993,-0.654043576735492,480.0,0.2201378375957921
baja_v1_short,2026-07-05T19:00:46.195590+00:00,baja_cierre_4h,control_v4,histgb_101_moderado,estructura_velas,histgb,101,validacion_2023,0.4,0.001,521200,421957,178043,0.1555640828856485,0.23413225358866033,1.505053411080535,0.6560764085268085,0.25004006624285485,25.004006624285484,0.34636161815490873,0.29042266047550597,355889,84231,52997,28083,594,0.2474747474747475,24.747474747474747,43.77104377104377,-0.0019257991592057692,-0.0009588049186058925,0.6747977412166699,-0.7131041322463259,-0.7040588163089136,480.0,0.21236532962915575
baja_v1_short,2026-07-05T19:00:46.334173+00:00,baja_cierre_4h,control_v4,histgb_101_moderado,estructura_velas,histgb,101,validacion_2023,0.41,0.001,521200,421957,178043,0.1555640828856485,0.23413225358866033,1.505053411080535,0.6560764085268085,0.25282484496313296,25.282484496313295,0.3192895905278737,0.28219648453467777,363613,76507,55192,25888,567,0.25396825396825395,25.396825396825395,46.73721340388007,-0.001877864448266081,-0.0006280326740816236,0.6891514867900765,-0.6900988298376441,-0.6794347921258368,480.0,0.20578063984632775
baja_v1_short,2026-07-05T19:00:46.477070+00:00,baja_cierre_4h,control_v4,histgb_101_moderado,estructura_velas,histgb,101,validacion_2023,0.42,0.001,521200,421957,178043,0.1555640828856485,0.23413225358866033,1.505053411080535,0.6560764085268085,0.2549602213394482,25.49602213394482,0.29209422792303896,0.2722668981255281,370914,69206,57397,23683,553,0.244122965641953,24.412296564195298,48.282097649186255,-0.0017481237835318484,-0.0003661974440328777,0.7100135128220408,-0.6634336706504105,-0.6474176302786938,480.0,0.18852815937034234
baja_v1_short,2026-07-05T19:00:46.619093+00:00,baja_cierre_4h,control_v4,histgb_101_moderado,estructura_velas,histgb,101,validacion_2023,0.43,0.001,521200,421957,178043,0.1555640828856485,0.23413225358866033,1.505053411080535,0.6560764085268085,0.2579967786195788,25.799677861957882,0.2666995559940799,0.26227599381424543,377929,62191,59456,21624,532,0.24436090225563908,24.43609022556391,46.2406015037594,-0.001849335334699808,-0.0006553982782643289,0.6980831827792715,-0.6633975030642666,-0.6524285860467265,480.0,0.18461521077833312
baja_v1_short,2026-07-05T19:00:46.758680+00:00,baja_cierre_4h,control_v4,histgb_101_moderado,estructura_velas,histgb,101,validacion_2023,0.44,0.001,521200,421957,178043,0.1555640828856485,0.23413225358866033,1.505053411080535,0.6560764085268085,0.26198976873068314,26.198976873068315,0.2425505673408979,0.25189568603340506,384722,55398,61414,19666,509,0.24950884086444008,24.95088408644401,47.74066797642436,-0.0017130977121447503,-0.0004757816311903298,0.71886483318874,-0.62189536811828,-0.6104469353858321,480.0,0.18077904484904322
baja_v1_short,2026-07-05T19:00:46.891631+00:00,baja_cierre_4h,control_v4,histgb_101_moderado,estructura_velas,histgb,101,validacion_2023,0.45,0.001,521200,421957,178043,0.1555640828856485,0.23413225358866033,1.505053411080535,0.6560764085268085,0.2641613746731416,26.41613746731416,0.21804390725209669,0.23889733454950846,390874,49246,63401,17679,481,0.23700623700623702,23.7006237006237,46.98544698544699,-0.0021735424776950472,-0.0004807826005853713,0.6639600940627401,-0.6810590210804861,-0.6728449567018985,480.0,0.1980131365496823
baja_v1_short,2026-07-05T19:00:47.020161+00:00,baja_cierre_4h,control_v4,histgb_101_moderado,estructura_velas,histgb,101,validacion_2023,0.46,0.001,521200,421957,178043,0.1555640828856485,0.23413225358866033,1.505053411080535,0.6560764085268085,0.26462650847802843,26.462650847802845,0.1922915638875185,0.222733344285949,396794,43326,65489,15591,457,0.23413566739606126,23.413566739606125,47.04595185995623,-0.0022167358123561538,-0.0007632024605991319,0.6584095530989256,-0.6692370386721803,-0.6602729112411192,480.0,0.18745666787274107
baja_v1_short,2026-07-05T19:00:47.148438+00:00,baja_cierre_4h,control_v4,histgb_101_moderado,estructura_velas,histgb,101,validacion_2023,0.47,0.001,521200,421957,178043,0.1555640828856485,0.23413225358866033,1.505053411080535,0.6560764085268085,0.265589890337821,26.558989033782098,0.17055994079921066,0.20772217590819309,401880,38240,67251,13829,434,0.2304147465437788,23.04147465437788,45.852534562211986,-0.00193284488366198,-0.0008055247706361115,0.6976309807147845,-0.6063977521515078,-0.5945429177800957,480.0,0.21704786580504548
baja_v1_short,2026-07-05T19:00:47.281523+00:00,baja_cierre_4h,control_v4,histgb_101_moderado,estructura_velas,histgb,101,validacion_2023,0.48,0.001,521200,421957,178043,0.1555640828856485,0.23413225358866033,1.505053411080535,0.6560764085268085,0.26640808855573955,26.640808855573955,0.15078934385791812,0.19257789118860852,406454,33666,68854,12226,415,0.236144578313253,23.6144578313253,46.98795180722892,-0.001975749261983382,-0.0006403584082145244,0.6997648334050002,-0.5940993279087916,-0.5868488192697823,480.0,0.19429155603200074
baja_v1_short,2026-07-05T19:00:47.404741+00:00,baja_cierre_4h,control_v4,histgb_101_moderado,estructura_velas,histgb,101,validacion_2023,0.49,0.001,521200,421957,178043,0.1555640828856485,0.23413225358866033,1.505053411080535,0.6560764085268085,0.2672657062230803,26.72657062230803,0.1331647755303404,0.1777605821630254,410519,29601,70283,10797,391,0.24552429667519182,24.55242966751918,49.10485933503836,-0.0018269678191122575,-0.0002473552119918168,0.7207070948851003,-0.5498546060334355,-0.5396600060303103,480.0,0.19815824281242292
baja_v1_short,2026-07-05T19:00:47.528715+00:00,baja_cierre_4h,control_v4,histgb_101_moderado,estructura_velas,histgb,101,validacion_2023,0.5,0.001,521200,421957,178043,0.1555640828856485,0.23413225358866033,1.505053411080535,0.6560764085268085,0.26832361146335276,26.832361146335277,0.11743956586087814,0.1633738536635583,414155,25965,71558,9522,361,0.2520775623268698,25.20775623268698,47.92243767313019,-0.0019653977551926426,-0.00048232423048466446,0.6964716941202319,-0.5473237914224365,-0.5330025938694325,480.0,0.1934129116197084
baja_v1_short,2026-07-05T19:00:47.648932+00:00,baja_cierre_4h,control_v4,histgb_101_moderado,estructura_velas,histgb,101,validacion_2023,0.51,0.001,521200,421957,178043,0.1555640828856485,0.23413225358866033,1.505053411080535,0.6560764085268085,0.27062261182288155,27.062261182288154,0.10394671928959053,0.15020093920141148,417405,22715,72652,8428,336,0.24107142857142858,24.107142857142858,47.32142857142857,-0.0017434532073841106,-0.0004588355475571007,0.7206626505501207,-0.4847659502230032,-0.47010616585518494,480.0,0.22201034534991976
baja_v1_short,2026-07-05T19:00:47.770101+00:00,baja_cierre_4h,control_v4,histgb_101_moderado,estructura_velas,histgb,101,validacion_2023,0.52,0.001,521200,421957,178043,0.1555640828856485,0.23413225358866033,1.505053411080535,0.6560764085268085,0.2714112947557445,27.14112947557445,0.09134188455846078,0.13668367676506685,420239,19881,73674,7406,309,0.2686084142394822,26.860841423948216,48.86731391585761,-0.0012766810831214305,-0.0003313071900047362,0.7889683921026067,-0.3907292721795659,-0.3563754308696908,480.0,0.2201613332141126
baja_v1_short,2026-07-05T19:00:47.890088+00:00,baja_cierre_4h,control_v4,histgb_101_moderado,estructura_velas,histgb,101,validacion_2023,0.53,0.001,521200,421957,178043,0.1555640828856485,0.23413225358866033,1.505053411080535,0.6560764085268085,0.27378386374202274,27.378386374202275,0.07989639861864825,0.12369559198403682,422937,17183,74602,6478,274,0.27007299270072993,27.00729927007299,48.54014598540146,-0.0019109953711111869,-0.00027367980126291516,0.7081551037739112,-0.4569476730569949,-0.4317163405465435,480.0,0.23338391012094034
baja_v1_short,2026-07-05T19:00:48.011610+00:00,baja_cierre_4h,control_v4,histgb_101_moderado,estructura_velas,histgb,101,validacion_2023,0.54,0.001,521200,421957,178043,0.1555640828856485,0.23413225358866033,1.505053411080535,0.6560764085268085,0.2750984251968504,27.50984251968504,0.06894425259003453,0.11025641025641025,425390,14730,75490,5590,251,0.3107569721115538,31.07569721115538,51.39442231075697,-0.0016276490705668012,0.0004720445033162832,0.7615006681478174,-0.3968618616867601,-0.36553719254819483,480.0,0.23729441655685385
baja_v1_short,2026-07-05T19:00:48.133250+00:00,baja_cierre_4h,control_v4,histgb_101_moderado,estructura_velas,histgb,101,validacion_2023,0.55,0.001,521200,421957,178043,0.1555640828856485,0.23413225358866033,1.505053411080535,0.6560764085268085,0.2761711972238288,27.61711972238288,0.058892451899358655,0.09708244383450239,427605,12515,76305,4775,235,0.2978723404255319,29.78723404255319,51.48936170212765,-0.0022269227254016217,0.000204085536301136,0.695314810943959,-0.45525286395548337,-0.4338450266380799,480.0,0.24138156305833905
baja_v1_short,2026-07-05T19:00:48.288250+00:00,baja_cierre_4h,control_v4,histgb_101_moderado,estructura_velas,histgb,101,validacion_2023,0.56,0.001,521200,421957,178043,0.1555640828856485,0.23413225358866033,1.505053411080535,0.6560764085268085,0.27731322823851956,27.731322823851954,0.04990133201776024,0.08458241873105467,429576,10544,77034,4046,213,0.2863849765258216,28.638497652582164,52.58215962441315,-0.0020567799022944847,0.0004720445033162832,0.7205560336060419,-0.4095985996486343,-0.3817484179964096,480.0,0.23279136893052388
baja_v1_short,2026-07-05T19:00:48.405624+00:00,baja_cierre_4h,control_v4,histgb_101_moderado,estructura_velas,histgb,101,validacion_2023,0.57,0.001,521200,421957,178043,0.1555640828856485,0.23413225358866033,1.505053411080535,0.6560764085268085,0.2799017601309865,27.99017601309865,0.042168228909718795,0.07329438876681495,431324,8796,77661,3419,192,0.2708333333333333,27.083333333333332,50.520833333333336,-0.0022878189999507117,1.7910195514559725e-05,0.6940734320320707,-0.4013417149644328,-0.38039461613012937,480.0,0.22103470298781905
baja_v1_short,2026-07-05T19:00:48.520958+00:00,baja_cierre_4h,control_v4,histgb_101_moderado,estructura_velas,histgb,101,validacion_2023,0.58,0.001,521200,421957,178043,0.1555640828856485,0.23413225358866033,1.505053411080535,0.6560764085268085,0.28290529695024075,28.290529695024073,0.03478046373951653,0.06194534750900624,432972,7148,78260,2820,170,0.2823529411764706,28.235294117647058,51.17647058823529,-0.003155338661652744,0.00011074221786111591,0.6026511473721545,-0.4577775651261192,-0.4361644505241521,480.0,0.22519789390197598
baja_v1_short,2026-07-05T19:00:48.634812+00:00,baja_cierre_4h,control_v4,histgb_101_moderado,estructura_velas,histgb,101,validacion_2023,0.59,0.001,521200,421957,178043,0.1555640828856485,0.23413225358866033,1.505053411080535,0.6560764085268085,0.2916155920568767,29.16155920568767,0.02934139121854958,0.0533180931890002,434341,5779,78701,2379,153,0.28104575163398693,28.104575163398692,53.59477124183007,-0.0019337357383105741,0.00042047053668648,0.726388419637062,-0.376645732109276,-0.27820720708494606,480.0,0.20951399591647887
baja_v1_short,2026-07-05T19:00:48.747643+00:00,baja_cierre_4h,control_v4,histgb_101_moderado,estructura_velas,histgb,101,validacion_2023,0.6,0.001,521200,421957,178043,0.1555640828856485,0.23413225358866033,1.505053411080535,0.6560764085268085,0.29345541879315523,29.345541879315522,0.02411198815984213,0.04456246723347997,435413,4707,79125,1955,141,0.28368794326241137,28.368794326241137,55.319148936170215,-0.002066357690536712,0.0009304391462355852,0.714756719014836,-0.34889832238789087,-0.2731266783111418,480.0,0.22331299257861223
baja_v1_short,2026-07-05T19:00:48.859154+00:00,baja_cierre_4h,control_v4,histgb_101_moderado,estructura_velas,histgb,101,validacion_2023,0.61,0.001,521200,421957,178043,0.1555640828856485,0.23413225358866033,1.505053411080535,0.6560764085268085,0.29636568002997377,29.636568002997375,0.019511593487913172,0.03661274271563795,436364,3756,79498,1582,126,0.2777777777777778,27.77777777777778,53.96825396825397,-0.002402508465068264,0.0006577831702306866,0.683535052686922,-0.34059494857376615,-0.27898221452629823,480.0,0.32040340887486046
baja_v1_short,2026-07-05T19:00:48.967298+00:00,baja_cierre_4h,control_v4,histgb_101_moderado,estructura_velas,histgb,101,validacion_2023,0.62,0.001,521200,421957,178043,0.1555640828856485,0.23413225358866033,1.505053411080535,0.6560764085268085,0.3,30.0,0.015947212629501727,0.030284576648319475,437103,3017,79787,1293,112,0.26785714285714285,26.785714285714285,50.0,-0.002625731643278934,-3.441779315471651e-05,0.6739613467606583,-0.3428737254805079,-0.2716869584793977,480.0,0.2668450585885372
baja_v1_short,2026-07-05T19:00:49.076428+00:00,baja_cierre_4h,control_v4,histgb_101_moderado,estructura_velas,histgb,101,validacion_2023,0.63,0.001,521200,421957,178043,0.1555640828856485,0.23413225358866033,1.505053411080535,0.6560764085268085,0.307536231884058,30.753623188405797,0.013085841144548594,0.02510351354548681,437731,2389,80019,1061,92,0.30434782608695654,30.434782608695656,48.91304347826087,-0.0030667524234973516,-0.00047691947454586627,0.6207380381969795,-0.29098797886245187,-0.2571440000900064,480.0,0.3380048272214838
baja_v1_short,2026-07-05T19:00:49.181652+00:00,baja_cierre_4h,control_v4,histgb_101_moderado,estructura_velas,histgb,101,validacion_2023,0.64,0.001,521200,421957,178043,0.1555640828856485,0.23413225358866033,1.505053411080535,0.6560764085268085,0.3238312428734322,32.383124287343215,0.010508140108534781,0.0203557477511916,438341,1779,80228,852,74,0.3108108108108108,31.08108108108108,54.054054054054056,-0.0031335820541984563,0.0014527283385396004,0.6337222925771531,-0.2564488301047916,-0.21864826531845882,480.0,0.3118714537708149
baja_v1_short,2026-07-05T19:00:49.289650+00:00,baja_cierre_4h,control_v4,histgb_101_moderado,estructura_velas,histgb,101,validacion_2023,0.65,0.001,521200,421957,178043,0.1555640828856485,0.23413225358866033,1.505053411080535,0.6560764085268085,0.3255131964809384,32.55131964809384,0.008214109521460285,0.01602386738204653,438740,1380,80414,666,59,0.3220338983050847,32.20338983050847,50.847457627118644,-0.004704784370680593,0.0006593631589785218,0.5165575269852946,-0.27108218451391497,-0.25242046482939684,480.0,0.2866423039407339
baja_v1_short,2026-07-05T19:00:49.396900+00:00,baja_cierre_4h,control_v4,histgb_101_moderado,estructura_velas,histgb,101,validacion_2023,0.66,0.001,521200,421957,178043,0.1555640828856485,0.23413225358866033,1.505053411080535,0.6560764085268085,0.35228758169934643,35.22875816993464,0.006647755303404046,0.013049267643142477,439129,991,80541,539,49,0.24489795918367346,24.489795918367346,46.93877551020408,-0.006535768436170564,-0.001089862267486751,0.380801177276945,-0.29506997927398493,-0.28172666890714215,480.0,0.3078522090360691
baja_v1_short,2026-07-05T19:00:49.501428+00:00,baja_cierre_4h,control_v4,histgb_101_moderado,estructura_velas,histgb,101,validacion_2023,0.67,0.001,521200,421957,178043,0.1555640828856485,0.23413225358866033,1.505053411080535,0.6560764085268085,0.37215411558669004,37.215411558669004,0.00524173655648742,0.010337865778015617,439403,717,80655,425,41,0.3170731707317073,31.70731707317073,48.78048780487805,-0.006291851163591918,-0.002707426505163312,0.42016201608793186,-0.23673478605923048,-0.234881085551765,480.0,0.27558104742215794
baja_v1_short,2026-07-05T19:00:49.610680+00:00,baja_cierre_4h,control_v4,histgb_101_moderado,estructura_velas,histgb,101,validacion_2023,0.68,0.001,521200,421957,178043,0.1555640828856485,0.23413225358866033,1.505053411080535,0.6560764085268085,0.3817527010804322,38.17527010804322,0.003922052294030587,0.00776433533138818,439605,515,80762,318,32,0.28125,28.125,46.875,-0.006314019435900264,-0.0030276863360777497,0.46766107275948443,-0.19602752486159192,-0.1902716354460393,480.0,0.23641134797703348
baja_v1_short,2026-07-05T19:00:49.720186+00:00,baja_cierre_4h,control_v4,histgb_101_moderado,estructura_velas,histgb,101,validacion_2023,0.69,0.001,521200,421957,178043,0.1555640828856485,0.23413225358866033,1.505053411080535,0.6560764085268085,0.3869346733668342,38.69346733668342,0.0028490379871731622,0.005656427145952961,439754,366,80849,231,25,0.16,16.0,44.0,-0.00626206988201011,-0.0035667359586805105,0.40053550891216205,-0.15111932166959097,-0.14905769156322957,480.0,0.2113855787697522
baja_v1_short,2026-07-05T19:00:49.828260+00:00,baja_cierre_4h,control_v4,histgb_101_moderado,estructura_velas,histgb,101,validacion_2023,0.7,0.001,521200,421957,178043,0.1555640828856485,0.23413225358866033,1.505053411080535,0.6560764085268085,0.3978021978021978,39.78021978021978,0.0022323630981746423,0.0044398111240571535,439846,274,80899,181,18,0.2222222222222222,22.22222222222222,38.88888888888889,-0.009698065545306438,-0.005104416933842003,0.27447765377264954,-0.1609370722881095,-0.1639297882039752,480.0,0.25931480793930856
baja_v1_short,2026-07-05T19:00:49.940118+00:00,baja_cierre_4h,control_v4,histgb_101_moderado,estructura_velas,histgb,101,validacion_2023,0.71,0.001,521200,421957,178043,0.1555640828856485,0.23413225358866033,1.505053411080535,0.6560764085268085,0.4129032258064516,41.29032258064516,0.0015786877158362111,0.0031453495515419583,439938,182,80952,128,15,0.3333333333333333,33.33333333333333,53.333333333333336,-0.007040937593206764,0.0014617624003440141,0.3970752375263167,-0.11480819256498931,-0.10304845947844354,480.0,0.37968677690590213
baja_v1_short,2026-07-05T19:00:50.047767+00:00,baja_cierre_4h,control_v4,histgb_101_moderado,estructura_velas,histgb,101,validacion_2023,0.72,0.001,521200,421957,178043,0.1555640828856485,0.23413225358866033,1.505053411080535,0.6560764085268085,0.4225352112676056,42.25352112676056,0.001110014800197336,0.00221421278584872,439997,123,80990,90,14,0.35714285714285715,35.714285714285715,57.14285714285714,-0.0061420525082253995,0.0016657875860109925,0.4387792165587304,-0.10486001928493416,-0.08498477934101623,480.0,0.39880240116348636
baja_v1_short,2026-07-05T19:00:50.150777+00:00,baja_cierre_4h,control_v4,histgb_101_moderado,estructura_velas,histgb,101,validacion_2023,0.73,0.001,521200,421957,178043,0.1555640828856485,0.23413225358866033,1.505053411080535,0.6560764085268085,0.36065573770491804,36.0655737704918,0.0005426739023186975,0.001083717149823896,440042,78,81036,44,10,0.4,40.0,70.0,0.000636041537858545,0.0032813997715711593,1.0998987570609748,-0.035246310012357784,0.005015221763477129,480.0,0.4397891147921805
baja_v1_short,2026-07-05T19:00:50.254936+00:00,baja_cierre_4h,control_v4,histgb_101_moderado,estructura_velas,histgb,101,validacion_2023,0.74,0.001,521200,421957,178043,0.1555640828856485,0.23413225358866033,1.505053411080535,0.6560764085268085,0.37662337662337664,37.66233766233766,0.0003576714356191416,0.000714664169449339,440072,48,81051,29,7,0.14285714285714285,14.285714285714285,57.14285714285714,0.0003886573059218264,0.00013191688433289526,1.0644403438875836,-0.03424799745109364,0.0018496277039146136,480.0,0.4596959470799383
baja_v1_short,2026-07-05T19:00:50.358124+00:00,baja_cierre_4h,control_v4,histgb_101_moderado,estructura_velas,histgb,101,validacion_2023,0.75,0.001,521200,421957,178043,0.1555640828856485,0.23413225358866033,1.505053411080535,0.6560764085268085,0.4444444444444444,44.44444444444444,0.000246669955599408,0.0004930662557781202,440095,25,81060,20,4,0.0,0.0,25.0,-0.0038118167538195857,-0.00783607952669263,0.6365457805885106,-0.010690038859844209,-0.015891426863377967,480.0,1.0
baja_v1_short,2026-07-05T19:00:50.460007+00:00,baja_cierre_4h,control_v4,histgb_101_moderado,estructura_velas,histgb,101,validacion_2023,0.76,0.001,521200,421957,178043,0.1555640828856485,0.23413225358866033,1.505053411080535,0.6560764085268085,0.375,37.5,7.40009866798224e-05,0.0001479727730097662,440110,10,81074,6,1,0.0,0.0,100.0,0.001036101184785366,0.001036101184785366,inf,0.0,0.0010361011847854762,480.0,1.0
baja_v1_short,2026-07-05T19:00:50.562894+00:00,baja_cierre_4h,control_v4,histgb_101_moderado,estructura_velas,histgb,101,validacion_2023,0.77,0.001,521200,421957,178043,0.1555640828856485,0.23413225358866033,1.505053411080535,0.6560764085268085,0.0,0.0,0.0,0.0,440118,2,81080,0,1,0.0,0.0,100.0,0.001143582096323371,0.001143582096323371,inf,0.0,0.001143582096323481,480.0,1.0
baja_v1_short,2026-07-05T19:00:50.664802+00:00,baja_cierre_4h,control_v4,histgb_101_moderado,estructura_velas,histgb,101,validacion_2023,0.78,0.001,521200,421957,178043,0.1555640828856485,0.23413225358866033,1.505053411080535,0.6560764085268085,0.0,0.0,0.0,0.0,440120,0,81080,0,0,0.0,0.0,0.0,0.0,0.0,0.0,0.0,0.0,0.0,0.0
baja_v1_short,2026-07-05T19:00:50.796302+00:00,baja_cierre_4h,control_v4,histgb_101_moderado,estructura_velas,histgb,101,validacion_2023,0.79,0.001,521200,421957,178043,0.1555640828856485,0.23413225358866033,1.505053411080535,0.6560764085268085,0.0,0.0,0.0,0.0,440120,0,81080,0,0,0.0,0.0,0.0,0.0,0.0,0.0,0.0,0.0,0.0,0.0
baja_v1_short,2026-07-05T19:00:50.899300+00:00,baja_cierre_4h,control_v4,histgb_101_moderado,estructura_velas,histgb,101,validacion_2023,0.8,0.001,521200,421957,178043,0.1555640828856485,0.23413225358866033,1.505053411080535,0.6560764085268085,0.0,0.0,0.0,0.0,440120,0,81080,0,0,0.0,0.0,0.0,0.0,0.0,0.0,0.0,0.0,0.0,0.0
baja_v1_short,2026-07-05T19:00:51.002305+00:00,baja_cierre_4h,control_v4,histgb_101_moderado,estructura_velas,histgb,101,validacion_2023,0.81,0.001,521200,421957,178043,0.1555640828856485,0.23413225358866033,1.505053411080535,0.6560764085268085,0.0,0.0,0.0,0.0,440120,0,81080,0,0,0.0,0.0,0.0,0.0,0.0,0.0,0.0,0.0,0.0,0.0
baja_v1_short,2026-07-05T19:00:51.103869+00:00,baja_cierre_4h,control_v4,histgb_101_moderado,estructura_velas,histgb,101,validacion_2023,0.82,0.001,521200,421957,178043,0.1555640828856485,0.23413225358866033,1.505053411080535,0.6560764085268085,0.0,0.0,0.0,0.0,440120,0,81080,0,0,0.0,0.0,0.0,0.0,0.0,0.0,0.0,0.0,0.0,0.0
baja_v1_short,2026-07-05T19:00:51.204398+00:00,baja_cierre_4h,control_v4,histgb_101_moderado,estructura_velas,histgb,101,validacion_2023,0.83,0.001,521200,421957,178043,0.1555640828856485,0.23413225358866033,1.505053411080535,0.6560764085268085,0.0,0.0,0.0,0.0,440120,0,81080,0,0,0.0,0.0,0.0,0.0,0.0,0.0,0.0,0.0,0.0,0.0
baja_v1_short,2026-07-05T19:00:51.303451+00:00,baja_cierre_4h,control_v4,histgb_101_moderado,estructura_velas,histgb,101,validacion_2023,0.84,0.001,521200,421957,178043,0.1555640828856485,0.23413225358866033,1.505053411080535,0.6560764085268085,0.0,0.0,0.0,0.0,440120,0,81080,0,0,0.0,0.0,0.0,0.0,0.0,0.0,0.0,0.0,0.0,0.0
baja_v1_short,2026-07-05T19:00:51.407000+00:00,baja_cierre_4h,control_v4,histgb_101_moderado,estructura_velas,histgb,101,validacion_2023,0.85,0.001,521200,421957,178043,0.1555640828856485,0.23413225358866033,1.505053411080535,0.6560764085268085,0.0,0.0,0.0,0.0,440120,0,81080,0,0,0.0,0.0,0.0,0.0,0.0,0.0,0.0,0.0,0.0,0.0
baja_v1_short,2026-07-05T19:00:51.508125+00:00,baja_cierre_4h,control_v4,histgb_101_moderado,estructura_velas,histgb,101,validacion_2023,0.86,0.001,521200,421957,178043,0.1555640828856485,0.23413225358866033,1.505053411080535,0.6560764085268085,0.0,0.0,0.0,0.0,440120,0,81080,0,0,0.0,0.0,0.0,0.0,0.0,0.0,0.0,0.0,0.0,0.0
baja_v1_short,2026-07-05T19:00:51.609770+00:00,baja_cierre_4h,control_v4,histgb_101_moderado,estructura_velas,histgb,101,validacion_2023,0.87,0.001,521200,421957,178043,0.1555640828856485,0.23413225358866033,1.505053411080535,0.6560764085268085,0.0,0.0,0.0,0.0,440120,0,81080,0,0,0.0,0.0,0.0,0.0,0.0,0.0,0.0,0.0,0.0,0.0
baja_v1_short,2026-07-05T19:00:51.709277+00:00,baja_cierre_4h,control_v4,histgb_101_moderado,estructura_velas,histgb,101,validacion_2023,0.88,0.001,521200,421957,178043,0.1555640828856485,0.23413225358866033,1.505053411080535,0.6560764085268085,0.0,0.0,0.0,0.0,440120,0,81080,0,0,0.0,0.0,0.0,0.0,0.0,0.0,0.0,0.0,0.0,0.0
baja_v1_short,2026-07-05T19:00:51.811565+00:00,baja_cierre_4h,control_v4,histgb_101_moderado,estructura_velas,histgb,101,validacion_2023,0.89,0.001,521200,421957,178043,0.1555640828856485,0.23413225358866033,1.505053411080535,0.6560764085268085,0.0,0.0,0.0,0.0,440120,0,81080,0,0,0.0,0.0,0.0,0.0,0.0,0.0,0.0,0.0,0.0,0.0
baja_v1_short,2026-07-05T19:00:51.912892+00:00,baja_cierre_4h,control_v4,histgb_101_moderado,estructura_velas,histgb,101,validacion_2023,0.9,0.001,521200,421957,178043,0.1555640828856485,0.23413225358866033,1.505053411080535,0.6560764085268085,0.0,0.0,0.0,0.0,440120,0,81080,0,0,0.0,0.0,0.0,0.0,0.0,0.0,0.0,0.0,0.0,0.0
baja_v1_short,2026-07-05T19:00:52.010894+00:00,baja_cierre_4h,control_v4,histgb_101_moderado,estructura_velas,histgb,101,validacion_2023,0.91,0.001,521200,421957,178043,0.1555640828856485,0.23413225358866033,1.505053411080535,0.6560764085268085,0.0,0.0,0.0,0.0,440120,0,81080,0,0,0.0,0.0,0.0,0.0,0.0,0.0,0.0,0.0,0.0,0.0
baja_v1_short,2026-07-05T19:00:52.112576+00:00,baja_cierre_4h,control_v4,histgb_101_moderado,estructura_velas,histgb,101,validacion_2023,0.92,0.001,521200,421957,178043,0.1555640828856485,0.23413225358866033,1.505053411080535,0.6560764085268085,0.0,0.0,0.0,0.0,440120,0,81080,0,0,0.0,0.0,0.0,0.0,0.0,0.0,0.0,0.0,0.0,0.0
baja_v1_short,2026-07-05T19:00:52.217949+00:00,baja_cierre_4h,control_v4,histgb_101_moderado,estructura_velas,histgb,101,validacion_2023,0.93,0.001,521200,421957,178043,0.1555640828856485,0.23413225358866033,1.505053411080535,0.6560764085268085,0.0,0.0,0.0,0.0,440120,0,81080,0,0,0.0,0.0,0.0,0.0,0.0,0.0,0.0,0.0,0.0,0.0
baja_v1_short,2026-07-05T19:00:52.320910+00:00,baja_cierre_4h,control_v4,histgb_101_moderado,estructura_velas,histgb,101,validacion_2023,0.94,0.001,521200,421957,178043,0.1555640828856485,0.23413225358866033,1.505053411080535,0.6560764085268085,0.0,0.0,0.0,0.0,440120,0,81080,0,0,0.0,0.0,0.0,0.0,0.0,0.0,0.0,0.0,0.0,0.0
baja_v1_short,2026-07-05T19:00:52.422912+00:00,baja_cierre_4h,control_v4,histgb_101_moderado,estructura_velas,histgb,101,validacion_2023,0.95,0.001,521200,421957,178043,0.1555640828856485,0.23413225358866033,1.505053411080535,0.6560764085268085,0.0,0.0,0.0,0.0,440120,0,81080,0,0,0.0,0.0,0.0,0.0,0.0,0.0,0.0,0.0,0.0,0.0
baja_v1_short,2026-07-05T19:01:10.319936+00:00,baja_cierre_4h,control_v4,histgb_101_moderado,estructura_velas,histgb,101,validacion_2024,0.05,0.001,526560,450487,149513,0.223478805834093,0.29340390353270734,1.3128936430353293,0.6163032084183173,0.22676311310237968,22.676311310237967,0.9974166135542809,0.36951648752967253,8663,400222,304,117371,54,0.037037037037037035,3.7037037037037033,29.629629629629626,-0.0014238410694294246,-0.0010771895465732087,0.3761015502384099,-0.08675632263557154,-0.07454520600373504,480.0,0.2752027121220161
baja_v1_short,2026-07-05T19:01:10.420753+00:00,baja_cierre_4h,control_v4,histgb_101_moderado,estructura_velas,histgb,101,validacion_2024,0.06,0.001,526560,450487,149513,0.223478805834093,0.29340390353270734,1.3128936430353293,0.6163032084183173,0.22761423055108812,22.76142305510881,0.9958274909708944,0.3705358483884075,11233,397652,491,117184,66,0.045454545454545456,4.545454545454546,36.36363636363637,-0.001292245867384216,-0.0009126775255717803,0.46744604158433095,-0.0992655853530856,-0.08252965590946126,480.0,0.22365762123403346
baja_v1_short,2026-07-05T19:01:10.525002+00:00,baja_cierre_4h,control_v4,histgb_101_moderado,estructura_velas,histgb,101,validacion_2024,0.07,0.001,526560,450487,149513,0.223478805834093,0.29340390353270734,1.3128936430353293,0.6163032084183173,0.22867194371152155,22.867194371152156,0.994263862332696,0.37182695745441546,14235,394650,675,117000,86,0.06976744186046512,6.976744186046512,39.53488372093023,-0.001000722721673557,-0.0009504818915738724,0.6234942015398967,-0.10552923572493333,-0.08409613632427582,480.0,0.1922655130133315
baja_v1_short,2026-07-05T19:01:10.629802+00:00,baja_cierre_4h,control_v4,histgb_101_moderado,estructura_velas,histgb,101,validacion_2024,0.08,0.001,526560,450487,149513,0.223478805834093,0.29340390353270734,1.3128936430353293,0.6163032084183173,0.22988356413814826,22.988356413814827,0.9924113023157001,0.3732962536760005,17662,391223,893,116782,97,0.07216494845360824,7.216494845360824,38.144329896907216,-0.000979675527150172,-0.0009458835591212847,0.6259174344134467,-0.112089996508561,-0.09243550405220635,480.0,0.1800781875470289
baja_v1_short,2026-07-05T19:01:10.734961+00:00,baja_cierre_4h,control_v4,histgb_101_moderado,estructura_velas,histgb,101,validacion_2024,0.09,0.001,526560,450487,149513,0.223478805834093,0.29340390353270734,1.3128936430353293,0.6163032084183173,0.2311513346407743,23.11513346407743,0.9905927342256214,0.3748360044246649,21160,387725,1107,116568,107,0.06542056074766354,6.5420560747663545,43.925233644859816,-0.0005520366193257738,-0.0007625825926661492,0.78098377908176,-0.09016206776435742,-0.059499151110321336,480.0,0.19360288232894918
baja_v1_short,2026-07-05T19:01:10.841461+00:00,baja_cierre_4h,control_v4,histgb_101_moderado,estructura_velas,histgb,101,validacion_2024,0.1,0.001,526560,450487,149513,0.223478805834093,0.29340390353270734,1.3128936430353293,0.6163032084183173,0.23250851196470532,23.25085119647053,0.9888591459528362,0.37649297011875815,24777,384108,1311,116364,123,0.056910569105691054,5.691056910569105,38.21138211382114,-0.0015057737460417672,-0.0014270194622222334,0.5469733980415113,-0.19868519594044398,-0.17217798363585113,480.0,0.1899249038210672
baja_v1_short,2026-07-05T19:01:10.949570+00:00,baja_cierre_4h,control_v4,histgb_101_moderado,estructura_velas,histgb,101,validacion_2024,0.11,0.001,526560,450487,149513,0.223478805834093,0.29340390353270734,1.3128936430353293,0.6163032084183173,0.233921320614869,23.3921320614869,0.9869640960271936,0.37820411579185603,28530,380355,1534,116141,143,0.06993006993006994,6.993006993006993,37.76223776223776,-0.001238888241764872,-0.0015753282457590103,0.6137763909748627,-0.19988389284855923,-0.16566974987772876,480.0,0.21614555578654598
baja_v1_short,2026-07-05T19:01:11.061598+00:00,baja_cierre_4h,control_v4,histgb_101_moderado,estructura_velas,histgb,101,validacion_2024,0.12,0.001,526560,450487,149513,0.223478805834093,0.29340390353270734,1.3128936430353293,0.6163032084183173,0.23505759970743006,23.505759970743007,0.9831570002124496,0.3794052782173104,32388,376497,1982,115693,150,0.06666666666666667,6.666666666666667,36.666666666666664,-0.0014739074958645998,-0.001812050944659859,0.5471917744521999,-0.22235630740464063,-0.2012447788339502,480.0,0.19833667933594717
baja_v1_short,2026-07-05T19:01:11.178940+00:00,baja_cierre_4h,control_v4,histgb_101_moderado,estructura_velas,histgb,101,validacion_2024,0.13,0.001,526560,450487,149513,0.223478805834093,0.29340390353270734,1.3128936430353293,0.6163032084183173,0.2361682595367289,23.61682595367289,0.9794093902698109,0.3805687133368445,36129,372756,2423,115252,168,0.11904761904761904,11.904761904761903,32.142857142857146,-0.001557131563498713,-0.002024739060085267,0.5642909588681151,-0.24332459352166924,-0.23422761412083726,480.0,0.1967007430677161
baja_v1_short,2026-07-05T19:01:11.291770+00:00,baja_cierre_4h,control_v4,histgb_101_moderado,estructura_velas,histgb,101,validacion_2024,0.14,0.001,526560,450487,149513,0.223478805834093,0.29340390353270734,1.3128936430353293,0.6163032084183173,0.2374582424060648,23.74582424060648,0.9755513065646909,0.3819470322065478,40238,368647,2877,114798,177,0.14689265536723164,14.689265536723164,37.85310734463277,-0.0011596848334760955,-0.0019109071106649935,0.6711711806941095,-0.21727433791658646,-0.19066072540140244,480.0,0.23846379758967387
baja_v1_short,2026-07-05T19:01:11.410803+00:00,baja_cierre_4h,control_v4,histgb_101_moderado,estructura_velas,histgb,101,validacion_2024,0.15,0.001,526560,450487,149513,0.223478805834093,0.29340390353270734,1.3128936430353293,0.6163032084183173,0.23875694267409447,23.875694267409447,0.9709793923943063,0.38327041092719843,44583,364302,3415,114260,197,0.1319796954314721,13.19796954314721,40.10152284263959,-0.0008016428910374594,-0.0015976393003948033,0.7807191617617126,-0.2279143319316692,-0.15452651368629644,480.0,0.2994985385933954
baja_v1_short,2026-07-05T19:01:11.528321+00:00,baja_cierre_4h,control_v4,histgb_101_moderado,estructura_velas,histgb,101,validacion_2024,0.16,0.001,526560,450487,149513,0.223478805834093,0.29340390353270734,1.3128936430353293,0.6163032084183173,0.24003802281368822,24.00380228136882,0.96565965583174,0.38449942900647127,49119,359766,4041,113634,220,0.12727272727272726,12.727272727272727,40.909090909090914,-0.001396504769742024,-0.0013267893771408126,0.6787863587101952,-0.3346489532725392,-0.2749282108730756,480.0,0.21057518868339264
baja_v1_short,2026-07-05T19:01:11.650297+00:00,baja_cierre_4h,control_v4,histgb_101_moderado,estructura_velas,histgb,101,validacion_2024,0.17,0.001,526560,450487,149513,0.223478805834093,0.29340390353270734,1.3128936430353293,0.6163032084183173,0.2414627001622894,24.14627001622894,0.9596600807308264,0.38584251005367654,54130,354755,4747,112928,241,0.12448132780082988,12.448132780082988,39.004149377593365,-0.0015358743492629354,-0.0013561993944458664,0.6295659255532168,-0.37645895541174834,-0.3188495183028226,480.0,0.1892485917740433
baja_v1_short,2026-07-05T19:01:11.773132+00:00,baja_cierre_4h,control_v4,histgb_101_moderado,estructura_velas,histgb,101,validacion_2024,0.18,0.001,526560,450487,149513,0.223478805834093,0.29340390353270734,1.3128936430353293,0.6163032084183173,0.2428036128137928,24.28036128137928,0.9526237518589336,0.38697539547608156,59295,349590,5575,112100,265,0.12452830188679245,12.452830188679245,40.75471698113208,-0.001935874279848749,-0.0014462252254597843,0.568604531913742,-0.4415456643966694,-0.41003499585366954,480.0,0.2175374940489132
baja_v1_short,2026-07-05T19:01:11.901325+00:00,baja_cierre_4h,control_v4,histgb_101_moderado,estructura_velas,histgb,101,validacion_2024,0.19,0.001,526560,450487,149513,0.223478805834093,0.29340390353270734,1.3128936430353293,0.6163032084183173,0.24424886471238283,24.42488647123828,0.9447631187592946,0.38814969468234045,64889,343996,6500,111175,293,0.13651877133105803,13.651877133105803,39.249146757679185,-0.001697106920377046,-0.0016051789387129247,0.6167150112116985,-0.44846464242156137,-0.4013432215924839,480.0,0.19900130610792532
baja_v1_short,2026-07-05T19:01:12.031404+00:00,baja_cierre_4h,control_v4,histgb_101_moderado,estructura_velas,histgb,101,validacion_2024,0.2,0.001,526560,450487,149513,0.223478805834093,0.29340390353270734,1.3128936430353293,0.6163032084183173,0.24578572400759519,24.57857240075952,0.9361036753770979,0.3893442478095056,70862,338023,7519,110156,314,0.15605095541401273,15.605095541401273,33.43949044585987,-0.00258155329800312,-0.0023554308097809553,0.49101068555913124,-0.5852896550124712,-0.563842716917452,480.0,0.16168502842164129
baja_v1_short,2026-07-05T19:01:12.160009+00:00,baja_cierre_4h,control_v4,histgb_101_moderado,estructura_velas,histgb,101,validacion_2024,0.21,0.001,526560,450487,149513,0.223478805834093,0.29340390353270734,1.3128936430353293,0.6163032084183173,0.24767270166511438,24.767270166511437,0.9265179519864032,0.39086191598626957,77703,331182,8647,109028,341,0.15542521994134897,15.542521994134898,39.882697947214076,-0.0019495182055674855,-0.001358573510311544,0.5907126787983225,-0.5046312659181971,-0.4968307732407615,480.0,0.1907626453115204
baja_v1_short,2026-07-05T19:01:12.295494+00:00,baja_cierre_4h,control_v4,histgb_101_moderado,estructura_velas,histgb,101,validacion_2024,0.22,0.001,526560,450487,149513,0.223478805834093,0.29340390353270734,1.3128936430353293,0.6163032084183173,0.2495260888383795,24.95260888383795,0.9161334183131506,0.39222292157069627,84648,324237,9869,107806,360,0.18055555555555555,18.055555555555554,41.388888888888886,-0.0017312659377018043,-0.0013812988579738885,0.6331303066678061,-0.48832208394605814,-0.4763247244932104,480.0,0.28423673580041453
baja_v1_short,2026-07-05T19:01:12.432515+00:00,baja_cierre_4h,control_v4,histgb_101_moderado,estructura_velas,histgb,101,validacion_2024,0.23,0.001,526560,450487,149513,0.223478805834093,0.29340390353270734,1.3128936430353293,0.6163032084183173,0.251583107849665,25.1583107849665,0.9054939451880178,0.39376285316763027,91905,316980,11121,106554,376,0.17819148936170212,17.819148936170212,39.62765957446808,-0.001860892917511716,-0.0015531097122002393,0.6134366343064375,-0.5276264162269504,-0.5153434445504257,480.0,0.2838741738495585
baja_v1_short,2026-07-05T19:01:12.573386+00:00,baja_cierre_4h,control_v4,histgb_101_moderado,estructura_velas,histgb,101,validacion_2024,0.24,0.001,526560,450487,149513,0.223478805834093,0.29340390353270734,1.3128936430353293,0.6163032084183173,0.2535718935496159,25.35718935496159,0.8937582324198003,0.39505973431798075,99292,309593,12502,105173,418,0.19617224880382775,19.617224880382775,39.71291866028708,-0.0015562046445960736,-0.0019072898828890175,0.6913386053611056,-0.511608055261322,-0.49474128034644593,480.0,0.38183021906586584
baja_v1_short,2026-07-05T19:01:12.713051+00:00,baja_cierre_4h,control_v4,histgb_101_moderado,estructura_velas,histgb,101,validacion_2024,0.25,0.001,526560,450487,149513,0.223478805834093,0.29340390353270734,1.3128936430353293,0.6163032084183173,0.2556831491760389,25.56831491760389,0.8811557255151902,0.39635638053882144,107034,301851,13985,103690,452,0.19690265486725664,19.690265486725664,41.150442477876105,-0.0012840927977679488,-0.00171145108086057,0.741437862923795,-0.4695808587070065,-0.4606367610181761,480.0,0.3161329536498073
baja_v1_short,2026-07-05T19:01:12.857444+00:00,baja_cierre_4h,control_v4,histgb_101_moderado,estructura_velas,histgb,101,validacion_2024,0.26,0.001,526560,450487,149513,0.223478805834093,0.29340390353270734,1.3128936430353293,0.6163032084183173,0.25760160105524094,25.760160105524093,0.8663097514340344,0.39711811520527296,115089,293796,15732,101943,494,0.19838056680161945,19.838056680161944,41.70040485829959,-0.0009608865052106142,-0.0013483707114355639,0.8071030652718123,-0.44552811881005583,-0.4045549302676351,480.0,0.27516967978059775
baja_v1_short,2026-07-05T19:01:13.004966+00:00,baja_cierre_4h,control_v4,histgb_101_moderado,estructura_velas,histgb,101,validacion_2024,0.27,0.001,526560,450487,149513,0.223478805834093,0.29340390353270734,1.3128936430353293,0.6163032084183173,0.2593632497152036,25.936324971520357,0.8493647758657319,0.3973815099455707,123471,285414,17726,99949,529,0.21739130434782608,21.73913043478261,42.911153119092624,-0.001130717181156234,-0.0014736686241813004,0.781943360964931,-0.48180647970617974,-0.47660580253437335,480.0,0.2312299073871594
baja_v1_short,2026-07-05T19:01:13.161371+00:00,baja_cierre_4h,control_v4,histgb_101_moderado,estructura_velas,histgb,101,validacion_2024,0.28,0.001,526560,450487,149513,0.223478805834093,0.29340390353270734,1.3128936430353293,0.6163032084183173,0.26110708720763964,26.110708720763963,0.8302018270660718,0.3972689639467456,132426,276459,19981,97694,582,0.21649484536082475,21.649484536082475,42.61168384879725,-0.0012021103259612332,-0.0019129733371082694,0.7758046051243103,-0.5358119118292235,-0.53030870924395,480.0,0.18142230133979573
baja_v1_short,2026-07-05T19:01:13.320281+00:00,baja_cierre_4h,control_v4,histgb_101_moderado,estructura_velas,histgb,101,validacion_2024,0.29,0.001,526560,450487,149513,0.223478805834093,0.29340390353270734,1.3128936430353293,0.6163032084183173,0.26296579753711324,26.296579753711324,0.8088039090715955,0.39689079414855466,142128,266757,22499,95176,602,0.2059800664451827,20.59800664451827,40.53156146179402,-0.00131169706634564,-0.002040048780851066,0.7613755041766123,-0.5830226534626746,-0.570970315394256,480.0,0.24183258083766082
baja_v1_short,2026-07-05T19:01:13.483695+00:00,baja_cierre_4h,control_v4,histgb_101_moderado,estructura_velas,histgb,101,validacion_2024,0.3,0.001,526560,450487,149513,0.223478805834093,0.29340390353270734,1.3128936430353293,0.6163032084183173,0.264942456196716,26.494245619671602,0.7848735925217761,0.39615766526049856,152641,256244,25315,92360,617,0.20097244732576985,20.097244732576986,39.222042139384115,-0.0019786972508119144,-0.0025014249365776777,0.6594956715861424,-0.7320372852755914,-0.7207750070328331,480.0,0.22214607608023557
baja_v1_short,2026-07-05T19:01:13.652352+00:00,baja_cierre_4h,control_v4,histgb_101_moderado,estructura_velas,histgb,101,validacion_2024,0.31,0.001,526560,450487,149513,0.223478805834093,0.29340390353270734,1.3128936430353293,0.6163032084183173,0.2673448212966867,26.73448212966867,0.7598045464202252,0.3955214637081077,163858,245027,28265,89410,641,0.2059282371294852,20.59282371294852,39.31357254290172,-0.0023721661000950995,-0.0025925957122817636,0.6154849779858632,-0.8047889621568884,-0.7941784648434447,480.0,0.24664322383980836
baja_v1_short,2026-07-05T19:01:13.828846+00:00,baja_cierre_4h,control_v4,histgb_101_moderado,estructura_velas,histgb,101,validacion_2024,0.32,0.001,526560,450487,149513,0.223478805834093,0.29340390353270734,1.3128936430353293,0.6163032084183173,0.2700630634019132,27.006306340191323,0.7322031017633313,0.3945878242073278,176003,232882,31513,86162,665,0.22105263157894736,22.105263157894736,38.94736842105263,-0.0020337936835583157,-0.0025560935717076063,0.6553369866883433,-0.7687478371556439,-0.7567091035125562,480.0,0.26698643834350244
baja_v1_short,2026-07-05T19:01:14.016682+00:00,baja_cierre_4h,control_v4,histgb_101_moderado,estructura_velas,histgb,101,validacion_2024,0.33,0.001,526560,450487,149513,0.223478805834093,0.29340390353270734,1.3128936430353293,0.6163032084183173,0.272762348223531,27.2762348223531,0.7028935627788401,0.39301334942518357,188356,220529,34962,82713,681,0.2261380323054332,22.61380323054332,39.353891336270195,-0.0018964577072416227,-0.0024404304092749953,0.6799299616048741,-0.7547264959030258,-0.7427544808365678,480.0,0.29092244230072306
baja_v1_short,2026-07-05T19:01:14.201606+00:00,baja_cierre_4h,control_v4,histgb_101_moderado,estructura_velas,histgb,101,validacion_2024,0.34,0.001,526560,450487,149513,0.223478805834093,0.29340390353270734,1.3128936430353293,0.6163032084183173,0.27591356748232393,27.591356748232393,0.6735245379222434,0.3914621858700806,200889,207996,38418,79257,699,0.23891273247496422,23.89127324749642,40.629470672389125,-0.0017537488902406478,-0.0022090422678738833,0.7096229136431215,-0.7485900071110357,-0.7269403697074501,480.0,0.2681663124276886
baja_v1_short,2026-07-05T19:01:14.396832+00:00,baja_cierre_4h,control_v4,histgb_101_moderado,estructura_velas,histgb,101,validacion_2024,0.35,0.001,526560,450487,149513,0.223478805834093,0.29340390353270734,1.3128936430353293,0.6163032084183173,0.2791656524978057,27.91656524978057,0.643280220947525,0.3893599565880468,213425,195460,41977,75698,706,0.24079320113314448,24.07932011331445,41.92634560906516,-0.001962159173672722,-0.0018301983762066812,0.6792626875346721,-0.7810926887533254,-0.767917810808767,480.0,0.2518005846334194
baja_v1_short,2026-07-05T19:01:14.576292+00:00,baja_cierre_4h,control_v4,histgb_101_moderado,estructura_velas,histgb,101,validacion_2024,0.36,0.001,526560,450487,149513,0.223478805834093,0.29340390353270734,1.3128936430353293,0.6163032084183173,0.2823171042869648,28.231710428696484,0.6111748459740811,0.3862264515713273,226056,182829,45755,71920,707,0.25742574257425743,25.742574257425744,44.6958981612447,-0.0018352594334178106,-0.0015620168522000313,0.7106651502815283,-0.7589890540430793,-0.748525474489498,480.0,0.25971888348104066
baja_v1_short,2026-07-05T19:01:14.747410+00:00,baja_cierre_4h,control_v4,histgb_101_moderado,estructura_velas,histgb,101,validacion_2024,0.37,0.001,526560,450487,149513,0.223478805834093,0.29340390353270734,1.3128936430353293,0.6163032084183173,0.28601522437914917,28.601522437914916,0.5792054387083068,0.38293485253260745,238741,170144,49517,68158,715,0.2601398601398601,26.013986013986013,45.17482517482517,-0.0018805139438237784,-0.0015968670593574643,0.7101923747766968,-0.7760532158390652,-0.7607005334085482,480.0,0.2672185002045071
baja_v1_short,2026-07-05T19:01:14.921307+00:00,baja_cierre_4h,control_v4,histgb_101_moderado,estructura_velas,histgb,101,validacion_2024,0.38,0.001,526560,450487,149513,0.223478805834093,0.29340390353270734,1.3128936430353293,0.6163032084183173,0.2893456530642555,28.934565306425554,0.5463352453792224,0.3783255753738238,250984,157901,53385,64290,724,0.2803867403314917,28.03867403314917,44.613259668508285,-0.001778604173383988,-0.0017269294874276966,0.7269184733014449,-0.7679442117556132,-0.747478865942653,480.0,0.2785320279289577
baja_v1_short,2026-07-05T19:01:15.089307+00:00,baja_cierre_4h,control_v4,histgb_101_moderado,estructura_velas,histgb,101,validacion_2024,0.39,0.001,526560,450487,149513,0.223478805834093,0.29340390353270734,1.3128936430353293,0.6163032084183173,0.29210490568966857,29.210490568966858,0.5116719779052475,0.37189896325852445,262968,145917,57464,60211,720,0.2708333333333333,27.083333333333332,44.30555555555556,-0.0020293832440912442,-0.0017461642671842128,0.6946461910008677,-0.797073243660201,-0.7875804396795707,480.0,0.22262630329113825
baja_v1_short,2026-07-05T19:01:15.257410+00:00,baja_cierre_4h,control_v4,histgb_101_moderado,estructura_velas,histgb,101,validacion_2024,0.4,0.001,526560,450487,149513,0.223478805834093,0.29340390353270734,1.3128936430353293,0.6163032084183173,0.29496050036388183,29.496050036388183,0.47530061610367536,0.3640191736333254,275194,133691,61744,55931,704,0.2755681818181818,27.556818181818183,43.75,-0.0019654500421339076,-0.0016893749814480543,0.7058955853599188,-0.7857730041690034,-0.7707031805070876,480.0,0.23298519561649428
baja_v1_short,2026-07-05T19:01:15.428013+00:00,baja_cierre_4h,control_v4,histgb_101_moderado,estructura_velas,histgb,101,validacion_2024,0.41,0.001,526560,450487,149513,0.223478805834093,0.29340390353270734,1.3128936430353293,0.6163032084183173,0.29808988375709955,29.808988375709955,0.4397620565115785,0.35532499991417105,287032,121853,65926,51749,700,0.2814285714285714,28.142857142857142,43.57142857142857,-0.0020544276707410722,-0.001734806089894846,0.7099603907345506,-0.8236391017878106,-0.7849929037565185,480.0,0.21717863139112176
baja_v1_short,2026-07-05T19:01:15.596354+00:00,baja_cierre_4h,control_v4,histgb_101_moderado,estructura_velas,histgb,101,validacion_2024,0.42,0.001,526560,450487,149513,0.223478805834093,0.29340390353270734,1.3128936430353293,0.6163032084183173,0.301223328952965,30.1223328952965,0.4032207350754196,0.34483786101542174,298813,110072,70226,47449,686,0.29008746355685133,29.008746355685133,45.77259475218659,-0.001705817875356357,-0.001352765477146022,0.7583428348886959,-0.7763857605213647,-0.7203784415779085,480.0,0.2772690875669741
baja_v1_short,2026-07-05T19:01:15.754076+00:00,baja_cierre_4h,control_v4,histgb_101_moderado,estructura_velas,histgb,101,validacion_2024,0.43,0.001,526560,450487,149513,0.223478805834093,0.29340390353270734,1.3128936430353293,0.6163032084183173,0.3042423387523363,30.424233875233632,0.3665774378585086,0.33251368226316197,310237,98648,74538,43137,663,0.28205128205128205,28.205128205128204,46.15384615384615,-0.001610900890418989,-0.0010706378632457927,0.7723204061188884,-0.7352249621891376,-0.6894856605304085,480.0,0.27745573554035946
baja_v1_short,2026-07-05T19:01:15.919576+00:00,baja_cierre_4h,control_v4,histgb_101_moderado,estructura_velas,histgb,101,validacion_2024,0.44,0.001,526560,450487,149513,0.223478805834093,0.29340390353270734,1.3128936430353293,0.6163032084183173,0.3074930093682365,30.749300936823648,0.3308094327597196,0.31872536055970163,321215,87670,78747,38928,626,0.29073482428115016,29.073482428115017,44.40894568690096,-0.0018463090574785178,-0.0016845521565992385,0.7389064555968403,-0.7642221991468642,-0.7130660439374992,480.0,0.22974755879038739
baja_v1_short,2026-07-05T19:01:16.073402+00:00,baja_cierre_4h,control_v4,histgb_101_moderado,estructura_velas,histgb,101,validacion_2024,0.45,0.001,526560,450487,149513,0.223478805834093,0.29340390353270734,1.3128936430353293,0.6163032084183173,0.30843054225118843,30.843054225118845,0.2927724665391969,0.30039760044642855,331636,77249,83223,34452,605,0.32066115702479336,32.06611570247934,44.62809917355372,-0.0020305124639979884,-0.0015254780990071595,0.7271129513015331,-0.7953227074086313,-0.7338760405553463,480.0,0.2126208532784374
baja_v1_short,2026-07-05T19:01:16.227217+00:00,baja_cierre_4h,control_v4,histgb_101_moderado,estructura_velas,histgb,101,validacion_2024,0.46,0.001,526560,450487,149513,0.223478805834093,0.29340390353270734,1.3128936430353293,0.6163032084183173,0.31041478809738504,31.041478809738503,0.25743785850860423,0.28145512317261817,341587,67298,87381,30294,583,0.30874785591766724,30.874785591766724,46.483704974271014,-0.0018851941213305088,-0.001511445279698819,0.7528527473977138,-0.7289586748899635,-0.6977541787947079,480.0,0.25147653582980156
baja_v1_short,2026-07-05T19:01:16.378329+00:00,baja_cierre_4h,control_v4,histgb_101_moderado,estructura_velas,histgb,101,validacion_2024,0.47,0.001,526560,450487,149513,0.223478805834093,0.29340390353270734,1.3128936430353293,0.6163032084183173,0.3114050641889496,31.140506418894958,0.2238623326959847,0.26047491212197615,350634,58251,91332,26343,547,0.31444241316270566,31.444241316270567,45.703839122486286,-0.0016952008035966948,-0.0013469571529421956,0.7784107541107298,-0.6962209050524794,-0.6407022791925671,480.0,0.24253902140178385
baja_v1_short,2026-07-05T19:01:16.524640+00:00,baja_cierre_4h,control_v4,histgb_101_moderado,estructura_velas,histgb,101,validacion_2024,0.48,0.001,526560,450487,149513,0.223478805834093,0.29340390353270734,1.3128936430353293,0.6163032084183173,0.3130519311600652,31.305193116006517,0.19430635224134268,0.23978313076124458,358711,50174,94810,22865,507,0.3136094674556213,31.360946745562128,45.36489151873767,-0.0019253347494877233,-0.001377348653273657,0.7519986255799436,-0.6883215622969694,-0.6558199924503624,480.0,0.26933709023390745
baja_v1_short,2026-07-05T19:01:16.666958+00:00,baja_cierre_4h,control_v4,histgb_101_moderado,estructura_velas,histgb,101,validacion_2024,0.49,0.001,526560,450487,149513,0.223478805834093,0.29340390353270734,1.3128936430353293,0.6163032084183173,0.31695418438578193,31.695418438578194,0.16784363713618017,0.21946774820823378,366321,42564,97924,19751,468,0.30128205128205127,30.128205128205128,44.871794871794876,-0.0023482801386610535,-0.0016111763941589743,0.7125309062850591,-0.7223455839104611,-0.6960893980882019,480.0,0.21074166536627523
baja_v1_short,2026-07-05T19:01:16.803014+00:00,baja_cierre_4h,control_v4,histgb_101_moderado,estructura_velas,histgb,101,validacion_2024,0.5,0.001,526560,450487,149513,0.223478805834093,0.29340390353270734,1.3128936430353293,0.6163032084183173,0.32214613164299055,32.21461316429905,0.14511153601019758,0.2000913980384575,372954,35931,100599,17076,426,0.31220657276995306,31.220657276995308,44.60093896713615,-0.002342762038602217,-0.0017302117883227766,0.7095608639686557,-0.6838023027183737,-0.6594484960202509,480.0,0.22144364272570483
baja_v1_short,2026-07-05T19:01:16.937854+00:00,baja_cierre_4h,control_v4,histgb_101_moderado,estructura_velas,histgb,101,validacion_2024,0.51,0.001,526560,450487,149513,0.223478805834093,0.29340390353270734,1.3128936430353293,0.6163032084183173,0.3273484949239704,32.73484949239704,0.12549819417888253,0.18143732070348734,378539,30346,102907,14768,384,0.3177083333333333,31.770833333333332,46.35416666666667,-0.00284178061940088,-0.0015422475223895163,0.6564259393687093,-0.73224360801114,-0.6859394103476057,480.0,0.15726530306736852
baja_v1_short,2026-07-05T19:01:17.072040+00:00,baja_cierre_4h,control_v4,histgb_101_moderado,estructura_velas,histgb,101,validacion_2024,0.52,0.001,526560,450487,149513,0.223478805834093,0.29340390353270734,1.3128936430353293,0.6163032084183173,0.3320885709777521,33.20885709777521,0.10731251327809645,0.16220833520658184,383487,25398,105047,12628,348,0.3160919540229885,31.60919540229885,45.11494252873563,-0.002936787287178604,-0.0017874291914049536,0.6560360146371447,-0.6945418337910007,-0.6628510538925216,480.0,0.18142595869725942
baja_v1_short,2026-07-05T19:01:17.199393+00:00,baja_cierre_4h,control_v4,histgb_101_moderado,estructura_velas,histgb,101,validacion_2024,0.53,0.001,526560,450487,149513,0.223478805834093,0.29340390353270734,1.3128936430353293,0.6163032084183173,0.33777932298745217,33.77793229874521,0.09081793074144891,0.14314799683887647,387933,20952,106988,10687,309,0.30097087378640774,30.097087378640776,42.394822006472495,-0.0028293826001869415,-0.00237952680233866,0.6818061492018788,-0.6442802179039437,-0.6109341037573328,480.0,0.17661029766358682
baja_v1_short,2026-07-05T19:01:17.321368+00:00,baja_cierre_4h,control_v4,histgb_101_moderado,estructura_velas,histgb,101,validacion_2024,0.54,0.001,526560,450487,149513,0.223478805834093,0.29340390353270734,1.3128936430353293,0.6163032084183173,0.3434939988569251,34.34939988569251,0.07660930528999363,0.12527793218454697,391655,17230,108660,9015,271,0.2878228782287823,28.782287822878228,43.91143911439114,-0.0021056759845089765,-0.002169371185824275,0.7466810440340224,-0.505205850014499,-0.4637288129697925,480.0,0.2073398079053799
baja_v1_short,2026-07-05T19:01:17.444037+00:00,baja_cierre_4h,control_v4,histgb_101_moderado,estructura_velas,histgb,101,validacion_2024,0.55,0.001,526560,450487,149513,0.223478805834093,0.29340390353270734,1.3128936430353293,0.6163032084183173,0.34829236859062873,34.829236859062874,0.06430422774591035,0.10856450097201598,394726,14159,110108,7567,232,0.3275862068965517,32.758620689655174,45.258620689655174,-0.001983674762163243,-0.002040087576257065,0.7661390325712493,-0.44822232142128526,-0.39860355878418585,480.0,0.20775022321368958
baja_v1_short,2026-07-05T19:01:17.559355+00:00,baja_cierre_4h,control_v4,histgb_101_moderado,estructura_velas,histgb,101,validacion_2024,0.56,0.001,526560,450487,149513,0.223478805834093,0.29340390353270734,1.3128936430353293,0.6163032084183173,0.34992206635493206,34.992206635493204,0.05341831315062673,0.09268720648191155,397207,11678,111389,6286,205,0.32682926829268294,32.6829268292683,44.390243902439025,-0.0019128350209410697,-0.002219313475303352,0.7750938685480937,-0.44034303007823183,-0.353566769000473,480.0,0.16337191711563995
baja_v1_short,2026-07-05T19:01:17.674966+00:00,baja_cierre_4h,control_v4,histgb_101_moderado,estructura_velas,histgb,101,validacion_2024,0.57,0.001,526560,450487,149513,0.223478805834093,0.29340390353270734,1.3128936430353293,0.6163032084183173,0.3543672974611085,35.43672974611085,0.0447163798597833,0.07941203102834203,399298,9587,112413,5262,175,0.3314285714285714,33.14285714285714,48.0,-0.0011528783599912597,-0.0005191152556799352,0.8583213199088419,-0.2946966191398873,-0.21420344977698735,480.0,0.15894803100822905
baja_v1_short,2026-07-05T19:01:17.784372+00:00,baja_cierre_4h,control_v4,histgb_101_moderado,estructura_velas,histgb,101,validacion_2024,0.58,0.001,526560,450487,149513,0.223478805834093,0.29340390353270734,1.3128936430353293,0.6163032084183173,0.358573165788407,35.857316578840695,0.03758657318886764,0.06804091992923621,400973,7912,113252,4423,147,0.35374149659863946,35.374149659863946,50.34013605442177,-0.0006758039607539731,9.159527346491812e-05,0.91528268263795,-0.2252969670956697,-0.12360584969228272,480.0,0.2896344342939499
baja_v1_short,2026-07-05T19:01:17.897362+00:00,baja_cierre_4h,control_v4,histgb_101_moderado,estructura_velas,histgb,101,validacion_2024,0.59,0.001,526560,450487,149513,0.223478805834093,0.29340390353270734,1.3128936430353293,0.6163032084183173,0.36086005137475025,36.08600513747503,0.032232844699383895,0.05917962960073643,402167,6718,113882,3793,126,0.35714285714285715,35.714285714285715,51.587301587301596,-0.0005253763244406972,0.0017063057059422135,0.9308760907951598,-0.18521666844275808,-0.08792768446886023,480.0,0.19568350878119495
baja_v1_short,2026-07-05T19:01:18.045890+00:00,baja_cierre_4h,control_v4,histgb_101_moderado,estructura_velas,histgb,101,validacion_2024,0.6,0.001,526560,450487,149513,0.223478805834093,0.29340390353270734,1.3128936430353293,0.6163032084183173,0.3624876387210197,36.24876387210197,0.02803484172509029,0.05204455101912034,403083,5802,114376,3299,104,0.3173076923076923,31.73076923076923,48.07692307692308,-0.00017358972246662462,-0.0006542383159976453,0.9779825282034785,-0.1826296612120849,-0.04154076526038275,480.0,0.2178580786353181
baja_v1_short,2026-07-05T19:01:18.156210+00:00,baja_cierre_4h,control_v4,histgb_101_moderado,estructura_velas,histgb,101,validacion_2024,0.61,0.001,526560,450487,149513,0.223478805834093,0.29340390353270734,1.3128936430353293,0.6163032084183173,0.36286866649861355,36.28686664986135,0.024465689398767792,0.04584066428361025,403830,5055,114796,2879,91,0.31868131868131866,31.868131868131865,52.74725274725275,0.0016186162070659042,0.001045053755864501,1.229513503422068,-0.10622543784222604,0.13549434907892377,480.0,0.2389088799147772
baja_v1_short,2026-07-05T19:01:18.263904+00:00,baja_cierre_4h,control_v4,histgb_101_moderado,estructura_velas,histgb,101,validacion_2024,0.62,0.001,526560,450487,149513,0.223478805834093,0.29340390353270734,1.3128936430353293,0.6163032084183173,0.3605002156101768,36.05002156101768,0.021312938177182918,0.04024648565376468,404436,4449,115167,2508,74,0.28378378378378377,28.37837837837838,59.45945945945946,0.0018836012862558228,0.0019777245363220572,1.3218809835707241,-0.08940594414976577,0.13527109377012692,480.0,0.19737147858162435
baja_v1_short,2026-07-05T19:01:18.371477+00:00,baja_cierre_4h,control_v4,histgb_101_moderado,estructura_velas,histgb,101,validacion_2024,0.63,0.001,526560,450487,149513,0.223478805834093,0.29340390353270734,1.3128936430353293,0.6163032084183173,0.36251621271076523,36.25162127107652,0.019001487146802633,0.0361102363476337,404953,3932,115439,2236,64,0.28125,28.125,56.25,0.0020161755920516944,0.0025799326142296195,1.3414483690180254,-0.08845324960358392,0.12503232940766784,480.0,0.2061351251495187
baja_v1_short,2026-07-05T19:01:18.481415+00:00,baja_cierre_4h,control_v4,histgb_101_moderado,estructura_velas,histgb,101,validacion_2024,0.64,0.001,526560,450487,149513,0.223478805834093,0.29340390353270734,1.3128936430353293,0.6163032084183173,0.3618804664723032,36.18804664723032,0.016876991714467812,0.03224994519457954,405383,3502,115689,1986,56,0.30357142857142855,30.357142857142854,57.14285714285714,0.0020318037765937325,0.002048097132705152,1.340071843140864,-0.0647523043631999,0.10979844874870537,480.0,0.26154600529166866
baja_v1_short,2026-07-05T19:01:18.587248+00:00,baja_cierre_4h,control_v4,histgb_101_moderado,estructura_velas,histgb,101,validacion_2024,0.65,0.001,526560,450487,149513,0.223478805834093,0.29340390353270734,1.3128936430353293,0.6163032084183173,0.36660505237215035,36.660505237215034,0.015168897386870618,0.029132393262828047,405801,3084,115890,1785,45,0.3333333333333333,33.33333333333333,55.55555555555556,0.0007712309391451215,0.0021462335027754307,1.1207030858472082,-0.07620818153904374,0.02788698573830417,480.0,0.18951933026098192
baja_v1_short,2026-07-05T19:01:18.695247+00:00,baja_cierre_4h,control_v4,histgb_101_moderado,estructura_velas,histgb,101,validacion_2024,0.66,0.001,526560,450487,149513,0.223478805834093,0.29340390353270734,1.3128936430353293,0.6163032084183173,0.37107360525082045,37.10736052508204,0.013452305077544083,0.025963375730886248,406202,2683,116092,1583,39,0.38461538461538464,38.46153846153847,53.84615384615385,0.00136691501889324,0.002525584237650037,1.241011782358711,-0.05727737605832872,0.0490270161257329,480.0,0.23492838854886666
baja_v1_short,2026-07-05T19:01:18.798749+00:00,baja_cierre_4h,control_v4,histgb_101_moderado,estructura_velas,histgb,101,validacion_2024,0.67,0.001,526560,450487,149513,0.223478805834093,0.29340390353270734,1.3128936430353293,0.6163032084183173,0.375609756097561,37.5609756097561,0.011778202676864245,0.022840192806822396,406581,2304,116289,1386,33,0.45454545454545453,45.45454545454545,51.515151515151516,0.00024183923418802882,0.00019524623733013866,1.0368058423640474,-0.06395382878626887,0.002779710770053345,480.0,0.17765817393781919
baja_v1_short,2026-07-05T19:01:18.904101+00:00,baja_cierre_4h,control_v4,histgb_101_moderado,estructura_velas,histgb,101,validacion_2024,0.68,0.001,526560,450487,149513,0.223478805834093,0.29340390353270734,1.3128936430353293,0.6163032084183173,0.38634920634920633,38.63492063492063,0.010342043764605907,0.020144837575005174,406952,1933,116458,1217,30,0.36666666666666664,36.666666666666664,53.333333333333336,-0.001246088532245874,0.00041677435021847484,0.8254274844426495,-0.06641026383638382,-0.04191859463027581,480.0,0.20845501364646313
baja_v1_short,2026-07-05T19:01:19.009374+00:00,baja_cierre_4h,control_v4,histgb_101_moderado,estructura_velas,histgb,101,validacion_2024,0.69,0.001,526560,450487,149513,0.223478805834093,0.29340390353270734,1.3128936430353293,0.6163032084183173,0.397037037037037,39.7037037037037,0.00910983641385171,0.017811007268951195,407257,1628,116603,1072,28,0.35714285714285715,35.714285714285715,50.0,-0.001778011062461052,-8.364922157488765e-05,0.7742275454874817,-0.07327113097906113,-0.05458783260661926,480.0,0.24175865873713084
baja_v1_short,2026-07-05T19:01:19.117885+00:00,baja_cierre_4h,control_v4,histgb_101_moderado,estructura_velas,histgb,101,validacion_2024,0.7,0.001,526560,450487,149513,0.223478805834093,0.29340390353270734,1.3128936430353293,0.6163032084183173,0.4121265377855888,41.21265377855888,0.007971106862120247,0.01563971955215046,407547,1338,116737,938,25,0.4,40.0,60.0,-0.000645221170503647,0.001859045285731554,0.9182509164959254,-0.06863672083616257,-0.022089016607217737,480.0,0.20965036636200923
baja_v1_short,2026-07-05T19:01:19.224571+00:00,baja_cierre_4h,control_v4,histgb_101_moderado,estructura_velas,histgb,101,validacion_2024,0.71,0.001,526560,450487,149513,0.223478805834093,0.29340390353270734,1.3128936430353293,0.6163032084183173,0.42183359830418654,42.18335983041865,0.0067643934565540685,0.013315267392649838,407794,1091,116879,796,21,0.42857142857142855,42.857142857142854,61.904761904761905,0.001531616976262912,0.0032875949293375015,1.2450833581352045,-0.06726138091087341,0.027613506998389603,480.0,0.3035848982737395
baja_v1_short,2026-07-05T19:01:19.332300+00:00,baja_cierre_4h,control_v4,histgb_101_moderado,estructura_velas,histgb,101,validacion_2024,0.72,0.001,526560,450487,149513,0.223478805834093,0.29340390353270734,1.3128936430353293,0.6163032084183173,0.4447284345047923,44.47284345047923,0.00591459528362014,0.011673934921167393,408016,869,116979,696,20,0.45,45.0,65.0,0.003465762627660296,0.00463192437402904,1.6966618305554073,-0.048298286110162736,0.0679848732175663,480.0,0.261736457234342
baja_v1_short,2026-07-05T19:01:19.444382+00:00,baja_cierre_4h,control_v4,histgb_101_moderado,estructura_velas,histgb,101,validacion_2024,0.73,0.001,526560,450487,149513,0.223478805834093,0.29340390353270734,1.3128936430353293,0.6163032084183173,0.4677544677544678,46.775446775446774,0.005115785001062248,0.010120878936130865,408200,685,117073,602,19,0.42105263157894735,42.10526315789473,63.1578947368421,0.0029903890176088002,0.003763568751513958,1.5486616828719102,-0.05013515125686108,0.05466969029522306,480.0,0.2699414044332226
baja_v1_short,2026-07-05T19:01:19.553157+00:00,baja_cierre_4h,control_v4,histgb_101_moderado,estructura_velas,histgb,101,validacion_2024,0.74,0.001,526560,450487,149513,0.223478805834093,0.29340390353270734,1.3128936430353293,0.6163032084183173,0.49085923217550276,49.085923217550274,0.004563416188655195,0.009042763684126329,408328,557,117138,537,18,0.5,50.0,61.111111111111114,0.0023734996104612938,0.0032317749466747045,1.4198488089657968,-0.0500727988446823,0.040164670220456555,480.0,0.3047220458595699
baja_v1_short,2026-07-05T19:01:19.659443+00:00,baja_cierre_4h,control_v4,histgb_101_moderado,estructura_velas,histgb,101,validacion_2024,0.75,0.001,526560,450487,149513,0.223478805834093,0.29340390353270734,1.3128936430353293,0.6163032084183173,0.5144508670520231,51.445086705202314,0.0037816018695559805,0.007508014172431247,408465,420,117230,445,15,0.6,60.0,66.66666666666666,0.006541784368610629,0.0047924482971429825,2.7868836101831596,-0.033333608716726304,0.10026874825615906,480.0,0.3878185936009229
baja_v1_short,2026-07-05T19:01:19.763938+00:00,baja_cierre_4h,control_v4,histgb_101_moderado,estructura_velas,histgb,101,validacion_2024,0.76,0.001,526560,450487,149513,0.223478805834093,0.29340390353270734,1.3128936430353293,0.6163032084183173,0.5445402298850575,54.45402298850575,0.003220735075419588,0.006403595475243092,408568,317,117296,379,15,0.6,60.0,60.0,0.006020862608139092,0.0014816214572638273,2.67937270699254,-0.033333608716726304,0.09174028669334633,480.0,0.4073699852708676
baja_v1_short,2026-07-05T19:01:19.873092+00:00,baja_cierre_4h,control_v4,histgb_101_moderado,estructura_velas,histgb,101,validacion_2024,0.77,0.001,526560,450487,149513,0.223478805834093,0.29340390353270734,1.3128936430353293,0.6163032084183173,0.5437616387337058,54.37616387337057,0.0024814106649670704,0.004940276790850337,408640,245,117383,292,10,0.4,40.0,70.0,0.007926233465899712,0.0017914592064917087,8.878947897586672,-0.007803904291068697,0.08129600392118275,480.0,0.4265961586355165
baja_v1_short,2026-07-05T19:01:19.990329+00:00,baja_cierre_4h,control_v4,histgb_101_moderado,estructura_velas,histgb,101,validacion_2024,0.78,0.001,526560,450487,149513,0.223478805834093,0.29340390353270734,1.3128936430353293,0.6163032084183173,0.5403422982885085,54.034229828850854,0.0018780539621839813,0.003743098133532062,408697,188,117454,221,9,0.4444444444444444,44.44444444444444,88.88888888888889,0.008622862614277336,0.002116160864010453,11.837162342847117,-0.00716107787936926,0.07958772361526534,480.0,0.40016456450673776
baja_v1_short,2026-07-05T19:01:20.103853+00:00,baja_cierre_4h,control_v4,histgb_101_moderado,estructura_velas,histgb,101,validacion_2024,0.79,0.001,526560,450487,149513,0.223478805834093,0.29340390353270734,1.3128936430353293,0.6163032084183173,0.5155709342560554,51.55709342560554,0.001266199277671553,0.002526194432199654,408745,140,117526,149,7,0.42857142857142855,42.857142857142854,71.42857142857143,0.008257775847800075,0.0009755060784518719,3.971161703723977,-0.012294083669781797,0.058370546193915684,480.0,0.4440666536025907
baja_v1_short,2026-07-05T19:01:20.214578+00:00,baja_cierre_4h,control_v4,histgb_101_moderado,estructura_velas,histgb,101,validacion_2024,0.8,0.001,526560,450487,149513,0.223478805834093,0.29340390353270734,1.3128936430353293,0.6163032084183173,0.44751381215469616,44.751381215469614,0.0006883365200764819,0.0013745587836003258,408785,100,117594,81,6,0.3333333333333333,33.33333333333333,50.0,0.007056503162758114,0.004352549676899797,3.0774410009286206,-0.012294083669781686,0.04231661045536517,480.0,0.5213549646481306
baja_v1_short,2026-07-05T19:01:20.320583+00:00,baja_cierre_4h,control_v4,histgb_101_moderado,estructura_velas,histgb,101,validacion_2024,0.81,0.001,526560,450487,149513,0.223478805834093,0.29340390353270734,1.3128936430353293,0.6163032084183173,0.4090909090909091,40.909090909090914,0.00030592734225621415,0.0006113974677954875,408833,52,117639,36,5,0.4,40.0,60.0,0.00957505579665303,0.013382130466401576,3.3539524546724278,-0.012294083669781797,0.04802507405973144,480.0,0.5323723758120114
baja_v1_short,2026-07-05T19:01:20.427581+00:00,baja_cierre_4h,control_v4,histgb_101_moderado,estructura_velas,histgb,101,validacion_2024,0.82,0.001,526560,450487,149513,0.223478805834093,0.29340390353270734,1.3128936430353293,0.6163032084183173,0.4117647058823529,41.17647058823529,0.00011897174421074995,0.0002378747589394184,408865,20,117661,14,4,0.75,75.0,75.0,0.012957936549559235,0.01694729707762599,5.2159910075801,-0.012294083669781686,0.052324406948243585,480.0,0.5547359525878146
baja_v1_short,2026-07-05T19:01:20.538204+00:00,baja_cierre_4h,control_v4,histgb_101_moderado,estructura_velas,histgb,101,validacion_2024,0.83,0.001,526560,450487,149513,0.223478805834093,0.29340390353270734,1.3128936430353293,0.6163032084183173,0.0,0.0,0.0,0.0,408880,5,117675,0,1,0.0,0.0,0.0,-0.012294083669781686,-0.012294083669781686,0.0,0.0,-0.012294083669781686,480.0,1.0
baja_v1_short,2026-07-05T19:01:20.641206+00:00,baja_cierre_4h,control_v4,histgb_101_moderado,estructura_velas,histgb,101,validacion_2024,0.84,0.001,526560,450487,149513,0.223478805834093,0.29340390353270734,1.3128936430353293,0.6163032084183173,0.0,0.0,0.0,0.0,408882,3,117675,0,1,0.0,0.0,0.0,-0.012294083669781686,-0.012294083669781686,0.0,0.0,-0.012294083669781686,480.0,1.0
baja_v1_short,2026-07-05T19:01:20.744147+00:00,baja_cierre_4h,control_v4,histgb_101_moderado,estructura_velas,histgb,101,validacion_2024,0.85,0.001,526560,450487,149513,0.223478805834093,0.29340390353270734,1.3128936430353293,0.6163032084183173,0.0,0.0,0.0,0.0,408885,0,117675,0,0,0.0,0.0,0.0,0.0,0.0,0.0,0.0,0.0,0.0,0.0
baja_v1_short,2026-07-05T19:01:20.849398+00:00,baja_cierre_4h,control_v4,histgb_101_moderado,estructura_velas,histgb,101,validacion_2024,0.86,0.001,526560,450487,149513,0.223478805834093,0.29340390353270734,1.3128936430353293,0.6163032084183173,0.0,0.0,0.0,0.0,408885,0,117675,0,0,0.0,0.0,0.0,0.0,0.0,0.0,0.0,0.0,0.0,0.0
baja_v1_short,2026-07-05T19:01:20.958011+00:00,baja_cierre_4h,control_v4,histgb_101_moderado,estructura_velas,histgb,101,validacion_2024,0.87,0.001,526560,450487,149513,0.223478805834093,0.29340390353270734,1.3128936430353293,0.6163032084183173,0.0,0.0,0.0,0.0,408885,0,117675,0,0,0.0,0.0,0.0,0.0,0.0,0.0,0.0,0.0,0.0,0.0
baja_v1_short,2026-07-05T19:01:21.065641+00:00,baja_cierre_4h,control_v4,histgb_101_moderado,estructura_velas,histgb,101,validacion_2024,0.88,0.001,526560,450487,149513,0.223478805834093,0.29340390353270734,1.3128936430353293,0.6163032084183173,0.0,0.0,0.0,0.0,408885,0,117675,0,0,0.0,0.0,0.0,0.0,0.0,0.0,0.0,0.0,0.0,0.0
baja_v1_short,2026-07-05T19:01:21.165826+00:00,baja_cierre_4h,control_v4,histgb_101_moderado,estructura_velas,histgb,101,validacion_2024,0.89,0.001,526560,450487,149513,0.223478805834093,0.29340390353270734,1.3128936430353293,0.6163032084183173,0.0,0.0,0.0,0.0,408885,0,117675,0,0,0.0,0.0,0.0,0.0,0.0,0.0,0.0,0.0,0.0,0.0
baja_v1_short,2026-07-05T19:01:21.267016+00:00,baja_cierre_4h,control_v4,histgb_101_moderado,estructura_velas,histgb,101,validacion_2024,0.9,0.001,526560,450487,149513,0.223478805834093,0.29340390353270734,1.3128936430353293,0.6163032084183173,0.0,0.0,0.0,0.0,408885,0,117675,0,0,0.0,0.0,0.0,0.0,0.0,0.0,0.0,0.0,0.0,0.0
baja_v1_short,2026-07-05T19:01:21.366329+00:00,baja_cierre_4h,control_v4,histgb_101_moderado,estructura_velas,histgb,101,validacion_2024,0.91,0.001,526560,450487,149513,0.223478805834093,0.29340390353270734,1.3128936430353293,0.6163032084183173,0.0,0.0,0.0,0.0,408885,0,117675,0,0,0.0,0.0,0.0,0.0,0.0,0.0,0.0,0.0,0.0,0.0
baja_v1_short,2026-07-05T19:01:21.471723+00:00,baja_cierre_4h,control_v4,histgb_101_moderado,estructura_velas,histgb,101,validacion_2024,0.92,0.001,526560,450487,149513,0.223478805834093,0.29340390353270734,1.3128936430353293,0.6163032084183173,0.0,0.0,0.0,0.0,408885,0,117675,0,0,0.0,0.0,0.0,0.0,0.0,0.0,0.0,0.0,0.0,0.0
baja_v1_short,2026-07-05T19:01:21.574497+00:00,baja_cierre_4h,control_v4,histgb_101_moderado,estructura_velas,histgb,101,validacion_2024,0.93,0.001,526560,450487,149513,0.223478805834093,0.29340390353270734,1.3128936430353293,0.6163032084183173,0.0,0.0,0.0,0.0,408885,0,117675,0,0,0.0,0.0,0.0,0.0,0.0,0.0,0.0,0.0,0.0,0.0
baja_v1_short,2026-07-05T19:01:21.672242+00:00,baja_cierre_4h,control_v4,histgb_101_moderado,estructura_velas,histgb,101,validacion_2024,0.94,0.001,526560,450487,149513,0.223478805834093,0.29340390353270734,1.3128936430353293,0.6163032084183173,0.0,0.0,0.0,0.0,408885,0,117675,0,0,0.0,0.0,0.0,0.0,0.0,0.0,0.0,0.0,0.0,0.0
baja_v1_short,2026-07-05T19:01:21.769840+00:00,baja_cierre_4h,control_v4,histgb_101_moderado,estructura_velas,histgb,101,validacion_2024,0.95,0.001,526560,450487,149513,0.223478805834093,0.29340390353270734,1.3128936430353293,0.6163032084183173,0.0,0.0,0.0,0.0,408885,0,117675,0,0,0.0,0.0,0.0,0.0,0.0,0.0,0.0,0.0,0.0,0.0
baja_v1_short,2026-07-05T19:01:37.868559+00:00,corto_tp070_sl035_240m,short,sgd_101_moderado,estructura_velas,sgd,101,validacion_2023,0.05,0.001,521900,706177,320329,0.20943667369227822,0.24066066732975996,1.1490856070573323,0.5687563733958233,0.20947024805586384,20.947024805586384,0.9997712821920315,0.346369742092735,178,412417,25,109280,62,0.20967741935483872,20.967741935483872,27.419354838709676,-0.0015015810752557891,-0.004500000108033419,0.4700670527339728,-0.09456460186576787,-0.08946199117222375,61.145161290322584,0.3012463878411395
baja_v1_short,2026-07-05T19:01:37.972046+00:00,corto_tp070_sl035_240m,short,sgd_101_moderado,estructura_velas,sgd,101,validacion_2023,0.06,0.001,521900,706177,320329,0.20943667369227822,0.24066066732975996,1.1490856070573323,0.5687563733958233,0.20947681596159892,20.947681596159892,0.9997163899181191,0.3463754265346133,217,412378,31,109274,82,0.24390243902439024,24.390243902439025,29.268292682926827,-0.0011501575159902754,-0.004500000108033419,0.5702351671042136,-0.10653102847117002,-0.0907673003666416,62.46341463414634,0.2496059876542856
baja_v1_short,2026-07-05T19:01:38.075078+00:00,corto_tp070_sl035_240m,short,sgd_101_moderado,estructura_velas,sgd,101,validacion_2023,0.07,0.001,521900,706177,320329,0.20943667369227822,0.24066066732975996,1.1490856070573323,0.5687563733958233,0.2094988294708748,20.94988294708748,0.9996432002195691,0.34640112607471657,302,412293,39,109266,106,0.22641509433962265,22.641509433962266,28.30188679245283,-0.001339036278057633,-0.004500000108033419,0.5251105110544498,-0.14571760931679678,-0.13328256055796295,58.490566037735846,0.21620930482348621
baja_v1_short,2026-07-05T19:01:38.176564+00:00,corto_tp070_sl035_240m,short,sgd_101_moderado,estructura_velas,sgd,101,validacion_2023,0.08,0.001,521900,706177,320329,0.20943667369227822,0.24066066732975996,1.1490856070573323,0.5687563733958233,0.20952424786364124,20.952424786364123,0.9995517130963817,0.34643037765971785,403,412192,49,109256,124,0.22580645161290322,22.58064516129032,29.03225806451613,-0.0013847925993707786,-0.004500000108033419,0.5141051328335214,-0.1783055684089857,-0.158870439882011,57.766129032258064,0.14269090911748492
baja_v1_short,2026-07-05T19:01:38.281121+00:00,corto_tp070_sl035_240m,short,sgd_101_moderado,estructura_velas,sgd,101,validacion_2023,0.09,0.001,521900,706177,320329,0.20943667369227822,0.24066066732975996,1.1490856070573323,0.5687563733958233,0.20955669371391303,20.955669371391302,0.9994419285485568,0.34646813031723,529,412066,61,109244,145,0.2689655172413793,26.89655172413793,33.793103448275865,-0.0009873843572427649,-0.004500000108033419,0.6361938150039281,-0.16734579039944064,-0.13476777488044545,54.02758620689655,0.18976814068241657
baja_v1_short,2026-07-05T19:01:38.391289+00:00,corto_tp070_sl035_240m,short,sgd_101_moderado,estructura_velas,sgd,101,validacion_2023,0.1,0.001,521900,706177,320329,0.20943667369227822,0.24066066732975996,1.1490856070573323,0.5687563733958233,0.2095985907790436,20.959859077904362,0.9993138465760945,0.3465176922930506,686,411909,75,109230,170,0.27058823529411763,27.058823529411764,33.52941176470588,-0.0010294162960712773,-0.004500000108033419,0.6239085552989494,-0.17776808326202154,-0.1621078008694934,54.56470588235294,0.22220518046463686
baja_v1_short,2026-07-05T19:01:38.502826+00:00,corto_tp070_sl035_240m,short,sgd_101_moderado,estructura_velas,sgd,101,validacion_2023,0.11,0.001,521900,706177,320329,0.20943667369227822,0.24066066732975996,1.1490856070573323,0.5687563733958233,0.20964518748452265,20.964518748452264,0.9991217236174008,0.3465698128296426,881,411714,96,109209,201,0.26865671641791045,26.865671641791046,33.33333333333333,-0.001027143403532132,-0.004500000108033419,0.6265074439319499,-0.21103533413524167,-0.18834095175693888,54.97014925373134,0.23352716747249064
baja_v1_short,2026-07-05T19:01:38.604656+00:00,corto_tp070_sl035_240m,short,sgd_101_moderado,estructura_velas,sgd,101,validacion_2023,0.12,0.001,521900,706177,320329,0.20943667369227822,0.24066066732975996,1.1490856070573323,0.5687563733958233,0.2096905216865272,20.96905216865272,0.998938749371026,0.34662074219866035,1069,411526,116,109189,233,0.26180257510729615,26.180257510729614,33.047210300429185,-0.0010328942004175533,-0.004500000108033419,0.62087908617498,-0.22485795942390263,-0.21587701252427693,59.012875536480685,0.20934380399500663
baja_v1_short,2026-07-05T19:01:38.710687+00:00,corto_tp070_sl035_240m,short,sgd_101_moderado,estructura_velas,sgd,101,validacion_2023,0.13,0.001,521900,706177,320329,0.20943667369227822,0.24066066732975996,1.1490856070573323,0.5687563733958233,0.2097462186424004,20.97462186424004,0.99869173413842,0.34668195308319294,1309,411286,143,109162,259,0.25096525096525096,25.096525096525095,31.66023166023166,-0.0011137511038111746,-0.004500000108033419,0.5921288447026292,-0.2534036868290629,-0.25264539466012315,62.486486486486484,0.14965713926761873
baja_v1_short,2026-07-05T19:01:38.814714+00:00,corto_tp070_sl035_240m,short,sgd_101_moderado,estructura_velas,sgd,101,validacion_2023,0.14,0.001,521900,706177,320329,0.20943667369227822,0.24066066732975996,1.1490856070573323,0.5687563733958233,0.20984162569674503,20.984162569674503,0.9984721650427703,0.3467990251063708,1636,410959,167,109138,284,0.24295774647887325,24.295774647887324,33.098591549295776,-0.001151412996146205,-0.004500000108033419,0.5805244253884654,-0.29138957848792457,-0.28107495039934416,64.3943661971831,0.18228466917124625
baja_v1_short,2026-07-05T19:01:38.925973+00:00,corto_tp070_sl035_240m,short,sgd_101_moderado,estructura_velas,sgd,101,validacion_2023,0.15,0.001,521900,706177,320329,0.20943667369227822,0.24066066732975996,1.1490856070573323,0.5687563733958233,0.2099258600750828,20.99258600750828,0.9980970678377018,0.34689140506011146,1999,410596,208,109097,334,0.25748502994011974,25.748502994011975,34.13173652694611,-0.001063060352086957,-0.004500000108033419,0.6077192923874357,-0.31442094857330627,-0.3013676299990903,65.61377245508982,0.1712874728799688
baja_v1_short,2026-07-05T19:01:39.033500+00:00,corto_tp070_sl035_240m,short,sgd_101_moderado,estructura_velas,sgd,101,validacion_2023,0.16,0.001,521900,706177,320329,0.20943667369227822,0.24066066732975996,1.1490856070573323,0.5687563733958233,0.21003640145605823,21.00364014560582,0.9976945244956772,0.34701797093148135,2438,410157,252,109053,386,0.23316062176165803,23.316062176165804,31.34715025906736,-0.0012690052100557308,-0.004500000108033419,0.5422879272266774,-0.40028836770152065,-0.3897230918182142,71.32642487046633,0.1491185325820022
baja_v1_short,2026-07-05T19:01:39.146598+00:00,corto_tp070_sl035_240m,short,sgd_101_moderado,estructura_velas,sgd,101,validacion_2023,0.17,0.001,521900,706177,320329,0.20943667369227822,0.24066066732975996,1.1490856070573323,0.5687563733958233,0.21013951963591834,21.013951963591833,0.9969443300855405,0.34711325592877507,3001,409594,334,108971,452,0.2345132743362832,23.451327433628318,31.858407079646017,-0.0012113877491012274,-0.004500000108033419,0.556543384016141,-0.42411520440912875,-0.4243238439367516,74.60398230088495,0.1471086629356281
baja_v1_short,2026-07-05T19:01:39.254891+00:00,corto_tp070_sl035_240m,short,sgd_101_moderado,estructura_velas,sgd,101,validacion_2023,0.18,0.001,521900,706177,320329,0.20943667369227822,0.24066066732975996,1.1490856070573323,0.5687563733958233,0.2102688117004653,21.02688117004653,0.9959379717304789,0.34722851292127305,3733,408862,444,108861,524,0.2480916030534351,24.80916030534351,33.969465648854964,-0.0009985031568204108,-0.004500000108033419,0.616379118694423,-0.41034411820441874,-0.4105577469120696,79.48091603053435,0.17542639702524437
baja_v1_short,2026-07-05T19:01:39.366908+00:00,corto_tp070_sl035_240m,short,sgd_101_moderado,estructura_velas,sgd,101,validacion_2023,0.19,0.001,521900,706177,320329,0.20943667369227822,0.24066066732975996,1.1490856070573323,0.5687563733958233,0.21046937835525983,21.046937835525984,0.9949682082246923,0.3474428582610126,4624,407971,550,108755,627,0.24561403508771928,24.561403508771928,33.33333333333333,-0.0010338141524703693,-0.004500000108033419,0.6054851765029233,-0.4820260892653707,-0.4803438713102579,82.61084529505582,0.15717983990372184
baja_v1_short,2026-07-05T19:01:39.481995+00:00,corto_tp070_sl035_240m,short,sgd_101_moderado,estructura_velas,sgd,101,validacion_2023,0.2,0.001,521900,706177,320329,0.20943667369227822,0.24066066732975996,1.1490856070573323,0.5687563733958233,0.2106936971373909,21.06936971373909,0.9934129271305063,0.3476533359800472,5811,406784,720,108585,757,0.24438573315719947,24.438573315719946,33.81770145310436,-0.0010211981152972614,-0.004500000108033419,0.6087418826775582,-0.5521931551747237,-0.5419387067367153,86.52708058124175,0.1482860037696696
baja_v1_short,2026-07-05T19:01:39.609599+00:00,corto_tp070_sl035_240m,short,sgd_101_moderado,estructura_velas,sgd,101,validacion_2023,0.21,0.001,521900,706177,320329,0.20943667369227822,0.24066066732975996,1.1490856070573323,0.5687563733958233,0.21099891919260766,21.099891919260767,0.9912538310232835,0.34793596763057755,7439,405156,956,108349,909,0.2376237623762376,23.762376237623762,33.223322332233224,-0.0010671305993144896,-0.004500000108033419,0.5920983919499861,-0.6297645711159674,-0.6243835821348616,89.4961496149615,0.1432602377877102
baja_v1_short,2026-07-05T19:01:39.735157+00:00,corto_tp070_sl035_240m,short,sgd_101_moderado,estructura_velas,sgd,101,validacion_2023,0.22,0.001,521900,706177,320329,0.20943667369227822,0.24066066732975996,1.1490856070573323,0.5687563733958233,0.21145534762235504,21.145534762235503,0.9887745299849047,0.3484026949485832,9558,403037,1227,108078,1082,0.21903881700554528,21.90388170055453,31.79297597042514,-0.0012271488913076656,-0.004500000108033419,0.5414643316379556,-0.7376646494309032,-0.7377596919186379,92.04251386321627,0.1366536160688492
baja_v1_short,2026-07-05T19:01:39.872161+00:00,corto_tp070_sl035_240m,short,sgd_101_moderado,estructura_velas,sgd,101,validacion_2023,0.23,0.001,521900,706177,320329,0.20943667369227822,0.24066066732975996,1.1490856070573323,0.5687563733958233,0.21209221366350048,21.209221366350047,0.9854443987008829,0.3490583616481061,12445,400150,1591,107714,1303,0.22333077513430544,22.333077513430545,32.92402148887184,-0.001169373552824112,-0.004500000108033419,0.5608083653955994,-0.7848323208786719,-0.7849102748084775,92.80660015349194,0.15653302278864356
baja_v1_short,2026-07-05T19:01:40.014479+00:00,corto_tp070_sl035_240m,short,sgd_101_moderado,estructura_velas,sgd,101,validacion_2023,0.24,0.001,521900,706177,320329,0.20943667369227822,0.24066066732975996,1.1490856070573323,0.5687563733958233,0.2129209545574579,21.29209545574579,0.9810804629248433,0.3499034182121928,16185,396410,2068,107237,1518,0.21212121212121213,21.21212121212121,31.027667984189723,-0.0013142452966569379,-0.004500000108033419,0.5171843972952775,-0.865967983339681,-0.8660165423168522,95.31752305665349,0.14293547617326913
baja_v1_short,2026-07-05T19:01:40.170826+00:00,corto_tp070_sl035_240m,short,sgd_101_moderado,estructura_velas,sgd,101,validacion_2023,0.25,0.001,521900,706177,320329,0.20943667369227822,0.24066066732975996,1.1490856070573323,0.5687563733958233,0.21397479862187493,21.39747986218749,0.9750148666575179,0.3509342693863573,21101,391494,2731,106574,1791,0.22054718034617532,22.054718034617533,31.76996091568956,-0.0012418606493159279,-0.004500000108033419,0.5406649676976796,-0.893880196386392,-0.8937623850898172,95.65549972082636,0.16406946623802293
baja_v1_short,2026-07-05T19:01:40.343208+00:00,corto_tp070_sl035_240m,short,sgd_101_moderado,estructura_velas,sgd,101,validacion_2023,0.26,0.001,521900,706177,320329,0.20943667369227822,0.24066066732975996,1.1490856070573323,0.5687563733958233,0.2152137852895506,21.52137852895506,0.9662046566945702,0.35201847904524936,27480,385115,3694,105611,2045,0.22249388753056235,22.249388753056234,32.07823960880196,-0.0011935552859101087,-0.004500000108033419,0.5542365401016275,-0.9147673859361423,-0.9146727630247591,98.11149144254279,0.15641249623145725
baja_v1_short,2026-07-05T19:01:40.520898+00:00,corto_tp070_sl035_240m,short,sgd_101_moderado,estructura_velas,sgd,101,validacion_2023,0.27,0.001,521900,706177,320329,0.20943667369227822,0.24066066732975996,1.1490856070573323,0.5687563733958233,0.21669434301070128,21.66943430107013,0.9538813412012259,0.3531607453146858,35702,376893,5041,104264,2363,0.22386796445196783,22.386796445196783,32.67033432077867,-0.0011590109082291824,-0.004500000108033419,0.5648524987498068,-0.9368392192750794,-0.9368621020383606,99.08252221752011,0.14789869836473532
baja_v1_short,2026-07-05T19:01:40.721074+00:00,corto_tp070_sl035_240m,short,sgd_101_moderado,estructura_velas,sgd,101,validacion_2023,0.28,0.001,521900,706177,320329,0.20943667369227822,0.24066066732975996,1.1490856070573323,0.5687563733958233,0.21865106117886005,21.865106117886004,0.9376240794108229,0.354608505801612,46358,366237,6818,102487,2668,0.23275862068965517,23.275862068965516,33.80809595202399,-0.0010732695207609424,-0.004500000108033419,0.5937869823556615,-0.9444587754192364,-0.9444558421510104,99.12668665667167,0.15780234192466122
baja_v1_short,2026-07-05T19:01:40.938762+00:00,corto_tp070_sl035_240m,short,sgd_101_moderado,estructura_velas,sgd,101,validacion_2023,0.29,0.001,521900,706177,320329,0.20943667369227822,0.24066066732975996,1.1490856070573323,0.5687563733958233,0.221085920724212,22.1085920724212,0.9165180000914871,0.356238620846609,59648,352947,9125,100180,2981,0.23851056692385106,23.851056692385107,34.28379738342838,-0.0010209569160323977,-0.004500000108033419,0.6108353300395666,-0.9537441162392598,-0.9537608744621049,98.55417645085542,0.13348444198271261
baja_v1_short,2026-07-05T19:01:41.209423+00:00,corto_tp070_sl035_240m,short,sgd_101_moderado,estructura_velas,sgd,101,validacion_2023,0.3,0.001,521900,706177,320329,0.20943667369227822,0.24066066732975996,1.1490856070573323,0.5687563733958233,0.2237533639203571,22.37533639203571,0.8892182425323636,0.3575393511791559,75402,337193,12109,97196,3265,0.2422664624808576,24.22664624808576,34.18070444104135,-0.0010264963929771619,-0.004500000108033419,0.611472055170776,-0.9661710765616798,-0.966128253693775,97.38346094946401,0.14522723859118455
baja_v1_short,2026-07-05T19:01:41.462595+00:00,corto_tp070_sl035_240m,short,sgd_101_moderado,estructura_velas,sgd,101,validacion_2023,0.31,0.001,521900,706177,320329,0.20943667369227822,0.24066066732975996,1.1490856070573323,0.5687563733958233,0.22681377984950585,22.681377984950586,0.8551484378573716,0.3585327589976487,93958,318637,15833,93472,3557,0.24346359291537814,24.346359291537816,34.186111892043854,-0.0010460021194083039,-0.004500000108033419,0.6078918319830285,-0.976782846347737,-0.9766628393014467,96.36603879673882,0.13535132555139417
baja_v1_short,2026-07-05T19:01:41.735602+00:00,corto_tp070_sl035_240m,short,sgd_101_moderado,estructura_velas,sgd,101,validacion_2023,0.32,0.001,521900,706177,320329,0.20943667369227822,0.24066066732975996,1.1490856070573323,0.5687563733958233,0.22999588224782652,22.999588224782652,0.8124879923150816,0.35850701803252877,115271,297324,20496,88809,3825,0.24522875816993464,24.522875816993466,33.93464052287582,-0.001051777840861897,-0.004500000108033419,0.6076969939773779,-0.9829023490671622,-0.9828055501997799,95.29254901960785,0.12318202856411098
baja_v1_short,2026-07-05T19:01:42.025881+00:00,corto_tp070_sl035_240m,short,sgd_101_moderado,estructura_velas,sgd,101,validacion_2023,0.33,0.001,521900,706177,320329,0.20943667369227822,0.24066066732975996,1.1490856070573323,0.5687563733958233,0.2337669615114132,23.37669615114132,0.763313663601848,0.35791993410779555,139118,273477,25871,83434,4056,0.2522189349112426,25.22189349112426,34.24556213017752,-0.0010020257405655183,-0.004500000108033419,0.6243861817665679,-0.9836317134358863,-0.9835448193948809,93.76750493096647,0.12996920106781645
baja_v1_short,2026-07-05T19:01:42.329125+00:00,corto_tp070_sl035_240m,short,sgd_101_moderado,estructura_velas,sgd,101,validacion_2023,0.34,0.001,521900,706177,320329,0.20943667369227822,0.24066066732975996,1.1490856070573323,0.5687563733958233,0.23727921880143613,23.72792188014361,0.7055944375829102,0.3551332584311053,164681,247914,32180,77125,4202,0.2572584483579248,25.72584483579248,34.72156116135174,-0.0009642778300768402,-0.004500000108033419,0.638087776418613,-0.9834512724637873,-0.9833731620304776,92.94978581627797,0.1321020731937216
baja_v1_short,2026-07-05T19:01:42.642128+00:00,corto_tp070_sl035_240m,short,sgd_101_moderado,estructura_velas,sgd,101,validacion_2023,0.35,0.001,521900,706177,320329,0.20943667369227822,0.24066066732975996,1.1490856070573323,0.5687563733958233,0.24089519139382085,24.089519139382084,0.6399981702575362,0.35003665239766724,192154,220441,39350,69955,4282,0.26249416160672584,26.249416160672585,34.98365249883232,-0.0009473079303469557,-0.004500000108033419,0.6456380733930948,-0.9834464547861433,-0.9834701167499974,90.95025688930406,0.14909741305160829
baja_v1_short,2026-07-05T19:01:42.957058+00:00,corto_tp070_sl035_240m,short,sgd_101_moderado,estructura_velas,sgd,101,validacion_2023,0.36,0.001,521900,706177,320329,0.20943667369227822,0.24066066732975996,1.1490856070573323,0.5687563733958233,0.2434648676471166,24.34648676471166,0.5668908101184759,0.34063559950963956,220050,192545,47341,61964,4331,0.2646040175479104,26.46040175479104,34.63403371045948,-0.0009806312764207364,-0.004500000108033419,0.6369403068931218,-0.9864138651840287,-0.9863521990340793,89.4827984299238,0.15067201502297523
baja_v1_short,2026-07-05T19:01:43.303104+00:00,corto_tp070_sl035_240m,short,sgd_101_moderado,estructura_velas,sgd,101,validacion_2023,0.37,0.001,521900,706177,320329,0.20943667369227822,0.24066066732975996,1.1490856070573323,0.5687563733958233,0.24622428975520144,24.622428975520144,0.49295091715840994,0.3284106077321127,247644,164951,55423,53882,4299,0.2640148871830658,26.40148871830658,33.75203535705978,-0.0010318355877894667,-0.004500000108033419,0.6231738210582827,-0.9887879291351986,-0.9886987187538565,87.4089323098395,0.1444665850549419
baja_v1_short,2026-07-05T19:01:43.599764+00:00,corto_tp070_sl035_240m,short,sgd_101_moderado,estructura_velas,sgd,101,validacion_2023,0.38,0.001,521900,706177,320329,0.20943667369227822,0.24066066732975996,1.1490856070573323,0.5687563733958233,0.2483553254966511,24.83553254966511,0.4196331366360185,0.3120357016517456,273776,138819,63437,45868,4177,0.26550155614077087,26.550155614077088,33.852046923629395,-0.0010367221004569432,-0.004500000108033419,0.622685687196193,-0.9874839977231541,-0.9874271888011447,86.1015082595164,0.16570320530012564
baja_v1_short,2026-07-05T19:01:43.883867+00:00,corto_tp070_sl035_240m,short,sgd_101_moderado,estructura_velas,sgd,101,validacion_2023,0.39,0.001,521900,706177,320329,0.20943667369227822,0.24066066732975996,1.1490856070573323,0.5687563733958233,0.25072637156041705,25.072637156041704,0.34895018526142446,0.2917940106567316,298611,113984,71163,38142,3945,0.2722433460076046,27.224334600760457,34.626108998732576,-0.0009660574231429096,-0.004500000108033419,0.6449139259422445,-0.9788451805073394,-0.9788187021093673,85.75868187579213,0.16634186814852328
baja_v1_short,2026-07-05T19:01:44.146763+00:00,corto_tp070_sl035_240m,short,sgd_101_moderado,estructura_velas,sgd,101,validacion_2023,0.4,0.001,521900,706177,320329,0.20943667369227822,0.24066066732975996,1.1490856070573323,0.5687563733958233,0.25239629611547787,25.239629611547787,0.28378390741503134,0.2671713974410322,320716,91879,78286,31019,3705,0.27017543859649124,27.017543859649123,34.14304993252362,-0.0010159042435669051,-0.004500000108033419,0.6310488471223539,-0.9777244420340446,-0.9777403019848863,83.88178137651822,0.1484802109711284
baja_v1_short,2026-07-05T19:01:44.393416+00:00,corto_tp070_sl035_240m,short,sgd_101_moderado,estructura_velas,sgd,101,validacion_2023,0.41,0.001,521900,706177,320329,0.20943667369227822,0.24066066732975996,1.1490856070573323,0.5687563733958233,0.25477000215767465,25.477000215767465,0.22685147065550523,0.2400015486468698,340064,72531,84509,24796,3397,0.2749484839564321,27.494848395643213,34.38327936414483,-0.0009775570973490696,-0.004500000108033419,0.6426179354589613,-0.9652920297388221,-0.9652108916184813,83.32587577274066,0.14669265243908175
baja_v1_short,2026-07-05T19:01:44.619664+00:00,corto_tp070_sl035_240m,short,sgd_101_moderado,estructura_velas,sgd,101,validacion_2023,0.42,0.001,521900,706177,320329,0.20943667369227822,0.24066066732975996,1.1490856070573323,0.5687563733958233,0.2565126022653679,25.651260226536788,0.177558208682128,0.20985478412248737,356342,56253,89897,19408,2974,0.2757229320780094,27.57229320780094,34.12911903160726,-0.0009802039306561797,-0.004500000108033419,0.6422277713908183,-0.9476789146392709,-0.9475659213332146,82.72595830531272,0.1750618758235734
baja_v1_short,2026-07-05T19:01:44.835277+00:00,corto_tp070_sl035_240m,short,sgd_101_moderado,estructura_velas,sgd,101,validacion_2023,0.43,0.001,521900,706177,320329,0.20943667369227822,0.24066066732975996,1.1490856070573323,0.5687563733958233,0.25609967122339505,25.609967122339505,0.13540094231736882,0.17714473802328018,369605,42990,94505,14800,2624,0.27553353658536583,27.553353658536583,33.23170731707317,-0.0010393737957632234,-0.004500000108033419,0.6263535168495451,-0.9367894432139638,-0.9364971361681341,81.00724085365853,0.15166889841670975
baja_v1_short,2026-07-05T19:01:45.016362+00:00,corto_tp070_sl035_240m,short,sgd_101_moderado,estructura_velas,sgd,101,validacion_2023,0.44,0.001,521900,706177,320329,0.20943667369227822,0.24066066732975996,1.1490856070573323,0.5687563733958233,0.2537124729897476,25.371247298974758,0.10097433786194593,0.14445673300306924,380130,32465,98268,11037,2216,0.27256317689530685,27.256317689530686,33.34837545126354,-0.001058021877789247,-0.004500000108033419,0.6202111064467813,-0.9068350989923128,-0.906454708946139,81.34476534296029,0.16164294951686606
baja_v1_short,2026-07-05T19:01:45.190170+00:00,corto_tp070_sl035_240m,short,sgd_101_moderado,estructura_velas,sgd,101,validacion_2023,0.45,0.001,521900,706177,320329,0.20943667369227822,0.24066066732975996,1.1490856070573323,0.5687563733958233,0.2513893632214598,25.138936322145984,0.07407712364484699,0.11443390759924812,388483,24112,101208,8097,1848,0.27976190476190477,27.976190476190478,33.116883116883116,-0.0010316807061072468,-0.004500000108033419,0.6293485279012343,-0.8572751776834914,-0.8544615496314585,80.49729437229438,0.17793619087845308
baja_v1_short,2026-07-05T19:01:45.344238+00:00,corto_tp070_sl035_240m,short,sgd_101_moderado,estructura_velas,sgd,101,validacion_2023,0.46,0.001,521900,706177,320329,0.20943667369227822,0.24066066732975996,1.1490856070573323,0.5687563733958233,0.24415073356430986,24.415073356430987,0.05222084991537441,0.08603900997859576,394924,17671,103597,5708,1510,0.2682119205298013,26.82119205298013,31.72185430463576,-0.0011714464087173527,-0.004500000108033419,0.5877710661129424,-0.8339937457309884,-0.8323228206762792,80.23112582781457,0.15989789547160235
baja_v1_short,2026-07-05T19:01:45.488607+00:00,corto_tp070_sl035_240m,short,sgd_101_moderado,estructura_velas,sgd,101,validacion_2023,0.47,0.001,521900,706177,320329,0.20943667369227822,0.24066066732975996,1.1490856070573323,0.5687563733958233,0.24272133095662507,24.272133095662507,0.03737248982205755,0.06477187140761882,399850,12745,105220,4085,1205,0.26390041493775934,26.390041493775936,31.701244813278006,-0.0011796924432521821,-0.004500000108033419,0.5832250326288558,-0.7625170490507711,-0.7618406035526307,81.90954356846473,0.185583017728758
baja_v1_short,2026-07-05T19:01:45.655227+00:00,corto_tp070_sl035_240m,short,sgd_101_moderado,estructura_velas,sgd,101,validacion_2023,0.48,0.001,521900,706177,320329,0.20943667369227822,0.24066066732975996,1.1490856070573323,0.5687563733958233,0.23351945995499626,23.351945995499626,0.025634691917112665,0.04619798192969729,403398,9197,106503,2802,950,0.26631578947368423,26.63157894736842,31.473684210526315,-0.0011484114002883684,-0.004500000108033419,0.5910876044495842,-0.668597020372985,-0.6676049555855574,84.02736842105263,0.21431700156877542
baja_v1_short,2026-07-05T19:01:45.783429+00:00,corto_tp070_sl035_240m,short,sgd_101_moderado,estructura_velas,sgd,101,validacion_2023,0.49,0.001,521900,706177,320329,0.20943667369227822,0.24066066732975996,1.1490856070573323,0.5687563733958233,0.2249534016775396,22.49534016775396,0.017666163487489134,0.032759629821272555,405942,6653,107374,1931,727,0.2640990371389271,26.409903713892707,31.636863823933975,-0.0011200580673063926,-0.004500000108033419,0.5973914494549228,-0.5628941253785917,-0.5605420695047221,82.83356258596974,0.1947598418827668
baja_v1_short,2026-07-05T19:01:45.907442+00:00,corto_tp070_sl035_240m,short,sgd_101_moderado,estructura_velas,sgd,101,validacion_2023,0.5,0.001,521900,706177,320329,0.20943667369227822,0.24066066732975996,1.1490856070573323,0.5687563733958233,0.2146111291897169,21.46111291897169,0.01206715154841956,0.022849520575828706,407768,4827,107986,1319,564,0.24645390070921985,24.645390070921984,29.9645390070922,-0.0012917062571110843,-0.004500000108033419,0.5470301498479433,-0.5235501850243778,-0.5202979436064596,82.30496453900709,0.2011053834008902
baja_v1_short,2026-07-05T19:01:46.027247+00:00,corto_tp070_sl035_240m,short,sgd_101_moderado,estructura_velas,sgd,101,validacion_2023,0.51,0.001,521900,706177,320329,0.20943667369227822,0.24066066732975996,1.1490856070573323,0.5687563733958233,0.20353982300884957,20.353982300884958,0.008416815333241847,0.016165165824730945,408995,3600,108385,920,409,0.2469437652811736,24.69437652811736,29.3398533007335,-0.0012965396833242093,-0.004500000108033419,0.5446159033740265,-0.41636163946821725,-0.4141394617826668,82.70904645476773,0.23041477438730762
baja_v1_short,2026-07-05T19:01:46.147247+00:00,corto_tp070_sl035_240m,short,sgd_101_moderado,estructura_velas,sgd,101,validacion_2023,0.52,0.001,521900,706177,320329,0.20943667369227822,0.24066066732975996,1.1490856070573323,0.5687563733958233,0.19303985722784056,19.303985722784056,0.005937514294862998,0.011520675974331436,409882,2713,108656,649,294,0.23809523809523808,23.809523809523807,29.25170068027211,-0.0012835891217895254,-0.004500000108033419,0.5394621535858665,-0.3260226097052271,-0.3164340281444783,88.61224489795919,0.22039986151259683
baja_v1_short,2026-07-05T19:01:46.258677+00:00,corto_tp070_sl035_240m,short,sgd_101_moderado,estructura_velas,sgd,101,validacion_2023,0.53,0.001,521900,706177,320329,0.20943667369227822,0.24066066732975996,1.1490856070573323,0.5687563733958233,0.18331327717609305,18.331327717609305,0.0041809615296647,0.008175459310542229,410559,2036,108848,457,213,0.2300469483568075,23.004694835680752,28.169014084507044,-0.0014188561218147423,-0.004500000108033419,0.5015432952642049,-0.2717363835585537,-0.2624474197968142,88.69953051643192,0.2062513434944914
baja_v1_short,2026-07-05T19:01:46.372580+00:00,corto_tp070_sl035_240m,short,sgd_101_moderado,estructura_velas,sgd,101,validacion_2023,0.54,0.001,521900,706177,320329,0.20943667369227822,0.24066066732975996,1.1490856070573323,0.5687563733958233,0.16996258685195084,16.996258685195084,0.0029092905173596817,0.005720659135065122,411042,1553,108987,318,154,0.2077922077922078,20.77922077922078,25.324675324675322,-0.0016945918795789514,-0.004500000108033419,0.43008735395429615,-0.23615474650654922,-0.2309032664051821,90.01298701298701,0.21638084274840944
baja_v1_short,2026-07-05T19:01:46.481519+00:00,corto_tp070_sl035_240m,short,sgd_101_moderado,estructura_velas,sgd,101,validacion_2023,0.55,0.001,521900,706177,320329,0.20943667369227822,0.24066066732975996,1.1490856070573323,0.5687563733958233,0.13976945244956773,13.976945244956774,0.0017748501898357807,0.003505190030083203,411401,1194,109111,194,112,0.20535714285714285,20.535714285714285,25.892857142857146,-0.0016099098222226275,-0.004500000108033419,0.4441833610848911,-0.17320676622602338,-0.16592255060511651,96.48214285714286,0.24648538035982528
baja_v1_short,2026-07-05T19:01:46.588695+00:00,corto_tp070_sl035_240m,short,sgd_101_moderado,estructura_velas,sgd,101,validacion_2023,0.56,0.001,521900,706177,320329,0.20943667369227822,0.24066066732975996,1.1490856070573323,0.5687563733958233,0.09972041006523766,9.972041006523765,0.0009789122181053016,0.001938792150609723,411629,966,109198,107,84,0.23809523809523808,23.809523809523807,30.952380952380953,-0.0011036203391863856,-0.004500000108033419,0.5791733579263559,-0.10193474352508836,-0.08930201267322091,103.71428571428571,0.22937496814426248
baja_v1_short,2026-07-05T19:01:46.699349+00:00,corto_tp070_sl035_240m,short,sgd_101_moderado,estructura_velas,sgd,101,validacion_2023,0.57,0.001,521900,706177,320329,0.20943667369227822,0.24066066732975996,1.1490856070573323,0.5687563733958233,0.06221719457013575,6.221719457013575,0.0005031791775307625,0.0009982847652669504,411766,829,109250,55,63,0.20634920634920634,20.634920634920633,23.809523809523807,-0.0014166061821345628,-0.004500000108033419,0.476217439677828,-0.09271372757613583,-0.08592555837278693,111.60317460317461,0.34647055888069656
baja_v1_short,2026-07-05T19:01:46.806203+00:00,corto_tp070_sl035_240m,short,sgd_101_moderado,estructura_velas,sgd,101,validacion_2023,0.58,0.001,521900,706177,320329,0.20943667369227822,0.24066066732975996,1.1490856070573323,0.5687563733958233,0.04269972451790634,4.2699724517906334,0.00028361008188097526,0.0005634775654133835,411900,695,109274,31,48,0.25,25.0,27.083333333333332,-0.0009346022823374369,-0.0030441936212591827,0.6199321672880805,-0.051411084339910484,-0.0443138954375375,107.45833333333333,0.35024726410575097
baja_v1_short,2026-07-05T19:01:46.912709+00:00,corto_tp070_sl035_240m,short,sgd_101_moderado,estructura_velas,sgd,101,validacion_2023,0.59,0.001,521900,706177,320329,0.20943667369227822,0.24066066732975996,1.1490856070573323,0.5687563733958233,0.03231017770597738,3.231017770597738,0.00018297424637482275,0.00036388777700957026,411996,599,109285,20,35,0.17142857142857143,17.142857142857142,20.0,-0.0015597929320564229,-0.004500000108033419,0.4050860516408497,-0.051929304617319816,-0.05341312715298885,111.37142857142857,0.25418897119089473
baja_v1_short,2026-07-05T19:01:47.015684+00:00,corto_tp070_sl035_240m,short,sgd_101_moderado,estructura_velas,sgd,101,validacion_2023,0.6,0.001,521900,706177,320329,0.20943667369227822,0.24066066732975996,1.1490856070573323,0.5687563733958233,0.020833333333333332,2.083333333333333,0.0001006358355061525,0.00020030409803975126,412078,517,109294,11,24,0.20833333333333334,20.833333333333336,25.0,-0.0009399959118212184,-0.0016479631629190408,0.5801476832957548,-0.022409518616523738,-0.022501805320870427,135.875,0.19958970277284976
baja_v1_short,2026-07-05T19:01:47.122402+00:00,corto_tp070_sl035_240m,short,sgd_101_moderado,estructura_velas,sgd,101,validacion_2023,0.61,0.001,521900,706177,320329,0.20943667369227822,0.24066066732975996,1.1490856070573323,0.5687563733958233,0.020454545454545454,2.0454545454545454,8.233841086867023e-05,0.00016401658389903867,412164,431,109296,9,21,0.23809523809523808,23.809523809523807,28.57142857142857,-0.0006107716267163469,-0.0012437485818518326,0.7084903800006144,-0.02609412357516694,-0.012920362157101128,138.85714285714286,0.2851230557375318
baja_v1_short,2026-07-05T19:01:47.227057+00:00,corto_tp070_sl035_240m,short,sgd_101_moderado,estructura_velas,sgd,101,validacion_2023,0.62,0.001,521900,706177,320329,0.20943667369227822,0.24066066732975996,1.1490856070573323,0.5687563733958233,0.0136986301369863,1.36986301369863,4.574356159370569e-05,9.118263882556761e-05,412235,360,109300,5,17,0.11764705882352941,11.76470588235294,17.647058823529413,-0.0015640544438981178,-0.002052177743986249,0.331297564735672,-0.033580985695189414,-0.02635039487746571,150.35294117647058,0.4275838185632673
baja_v1_short,2026-07-05T19:01:47.330199+00:00,corto_tp070_sl035_240m,short,sgd_101_moderado,estructura_velas,sgd,101,validacion_2023,0.63,0.001,521900,706177,320329,0.20943667369227822,0.24066066732975996,1.1490856070573323,0.5687563733958233,0.012903225806451613,1.2903225806451613,3.659484927496455e-05,7.298271222004287e-05,412289,306,109301,4,14,0.14285714285714285,14.285714285714285,28.57142857142857,-0.0009803520362807571,-0.0014215443259454333,0.5098368641651274,-0.025452779564139272,-0.013723128795311568,161.64285714285714,0.2915459990388094
baja_v1_short,2026-07-05T19:01:47.436100+00:00,corto_tp070_sl035_240m,short,sgd_101_moderado,estructura_velas,sgd,101,validacion_2023,0.64,0.001,521900,706177,320329,0.20943667369227822,0.24066066732975996,1.1490856070573323,0.5687563733958233,0.011538461538461539,1.153846153846154,2.7446136956223412e-05,5.476201341669329e-05,412338,257,109302,3,10,0.2,20.0,30.0,-0.0005760956939193421,-0.0014215443259454333,0.6957348262841592,-0.01763997422540231,-0.005816288528121105,165.3,0.33781963948368615
baja_v1_short,2026-07-05T19:01:47.534100+00:00,corto_tp070_sl035_240m,short,sgd_101_moderado,estructura_velas,sgd,101,validacion_2023,0.65,0.001,521900,706177,320329,0.20943667369227822,0.24066066732975996,1.1490856070573323,0.5687563733958233,0.0,0.0,0.0,0.0,412369,226,109305,0,9,0.0,0.0,11.11111111111111,-0.002421153136309133,-0.0021707512894645333,0.051083114874607385,-0.017176617575615616,-0.021599322902703166,166.55555555555554,0.6195395134310989
baja_v1_short,2026-07-05T19:01:47.637101+00:00,corto_tp070_sl035_240m,short,sgd_101_moderado,estructura_velas,sgd,101,validacion_2023,0.66,0.001,521900,706177,320329,0.20943667369227822,0.24066066732975996,1.1490856070573323,0.5687563733958233,0.0,0.0,0.0,0.0,412401,194,109305,0,8,0.0,0.0,12.5,-0.002539862014396931,-0.0031500664588529617,0.023974619153037766,-0.01838872222194765,-0.02015575288942051,133.125,0.885874918110838
baja_v1_short,2026-07-05T19:01:47.740261+00:00,corto_tp070_sl035_240m,short,sgd_101_moderado,estructura_velas,sgd,101,validacion_2023,0.67,0.001,521900,706177,320329,0.20943667369227822,0.24066066732975996,1.1490856070573323,0.5687563733958233,0.0,0.0,0.0,0.0,412433,162,109305,0,7,0.0,0.0,14.285714285714285,-0.0022524041210001864,-0.0018001328096725047,0.030683984224362488,-0.013900155340909492,-0.01567526602489333,153.71428571428572,0.8562279996251637
baja_v1_short,2026-07-05T19:01:47.842549+00:00,corto_tp070_sl035_240m,short,sgd_101_moderado,estructura_velas,sgd,101,validacion_2023,0.68,0.001,521900,706177,320329,0.20943667369227822,0.24066066732975996,1.1490856070573323,0.5687563733958233,0.0,0.0,0.0,0.0,412456,139,109305,0,5,0.0,0.0,0.0,-0.002335638199816458,-0.0018001328096725047,0.0,-0.009849913116717124,-0.011632314774615793,160.6,0.7706673248257445
baja_v1_short,2026-07-05T19:01:47.948468+00:00,corto_tp070_sl035_240m,short,sgd_101_moderado,estructura_velas,sgd,101,validacion_2023,0.69,0.001,521900,706177,320329,0.20943667369227822,0.24066066732975996,1.1490856070573323,0.5687563733958233,0.0,0.0,0.0,0.0,412491,104,109305,0,6,0.0,0.0,0.0,-0.002696365184519285,-0.0031500664588529617,0.0,-0.014305588614661136,-0.01607996946490675,141.66666666666666,0.8344567223070141
baja_v1_short,2026-07-05T19:01:48.058849+00:00,corto_tp070_sl035_240m,short,sgd_101_moderado,estructura_velas,sgd,101,validacion_2023,0.7,0.001,521900,706177,320329,0.20943667369227822,0.24066066732975996,1.1490856070573323,0.5687563733958233,0.0,0.0,0.0,0.0,412528,67,109305,0,4,0.0,0.0,0.0,-0.0024695145473524463,-0.002683010683336761,0.0,-0.008991678843105921,-0.009849913116717013,148.75,0.9111102651445899
baja_v1_short,2026-07-05T19:01:48.162952+00:00,corto_tp070_sl035_240m,short,sgd_101_moderado,estructura_velas,sgd,101,validacion_2023,0.71,0.001,521900,706177,320329,0.20943667369227822,0.24066066732975996,1.1490856070573323,0.5687563733958233,0.0,0.0,0.0,0.0,412540,55,109305,0,3,0.0,0.0,0.0,-0.0030040123102565604,-0.004500000108033419,0.0,-0.008979750215094673,-0.008991678843106032,118.33333333333333,0.9986643735711128
baja_v1_short,2026-07-05T19:01:48.275070+00:00,corto_tp070_sl035_240m,short,sgd_101_moderado,estructura_velas,sgd,101,validacion_2023,0.72,0.001,521900,706177,320329,0.20943667369227822,0.24066066732975996,1.1490856070573323,0.5687563733958233,0.0,0.0,0.0,0.0,412551,44,109305,0,2,0.0,0.0,0.0,-0.0022560184113681317,-0.0022560184113681317,0.0,-0.0045000001080334195,-0.004511982657518843,175.5,0.9973323101792541
baja_v1_short,2026-07-05T19:01:48.381588+00:00,corto_tp070_sl035_240m,short,sgd_101_moderado,estructura_velas,sgd,101,validacion_2023,0.73,0.001,521900,706177,320329,0.20943667369227822,0.24066066732975996,1.1490856070573323,0.5687563733958233,0.0,0.0,0.0,0.0,412559,36,109305,0,2,0.0,0.0,0.0,-0.0022560184113681317,-0.0022560184113681317,0.0,-0.0045000001080334195,-0.004511982657518843,175.0,0.9973323101792541
baja_v1_short,2026-07-05T19:01:48.489880+00:00,corto_tp070_sl035_240m,short,sgd_101_moderado,estructura_velas,sgd,101,validacion_2023,0.74,0.001,521900,706177,320329,0.20943667369227822,0.24066066732975996,1.1490856070573323,0.5687563733958233,0.0,0.0,0.0,0.0,412570,25,109305,0,1,0.0,0.0,0.0,-1.203671470284464e-05,-1.203671470284464e-05,0.0,0.0,-1.2036714702845508e-05,240.0,1.0
baja_v1_short,2026-07-05T19:01:48.594636+00:00,corto_tp070_sl035_240m,short,sgd_101_moderado,estructura_velas,sgd,101,validacion_2023,0.75,0.001,521900,706177,320329,0.20943667369227822,0.24066066732975996,1.1490856070573323,0.5687563733958233,0.0,0.0,0.0,0.0,412573,22,109305,0,1,0.0,0.0,100.0,0.0008981527537107467,0.0008981527537107467,inf,0.0,0.0008981527537108569,240.0,1.0
baja_v1_short,2026-07-05T19:01:48.698524+00:00,corto_tp070_sl035_240m,short,sgd_101_moderado,estructura_velas,sgd,101,validacion_2023,0.76,0.001,521900,706177,320329,0.20943667369227822,0.24066066732975996,1.1490856070573323,0.5687563733958233,0.0,0.0,0.0,0.0,412575,20,109305,0,1,0.0,0.0,100.0,0.0008981527537107467,0.0008981527537107467,inf,0.0,0.0008981527537108569,240.0,1.0
baja_v1_short,2026-07-05T19:01:48.805539+00:00,corto_tp070_sl035_240m,short,sgd_101_moderado,estructura_velas,sgd,101,validacion_2023,0.77,0.001,521900,706177,320329,0.20943667369227822,0.24066066732975996,1.1490856070573323,0.5687563733958233,0.0,0.0,0.0,0.0,412577,18,109305,0,1,0.0,0.0,100.0,0.0008981527537107467,0.0008981527537107467,inf,0.0,0.0008981527537108569,240.0,1.0
baja_v1_short,2026-07-05T19:01:48.907982+00:00,corto_tp070_sl035_240m,short,sgd_101_moderado,estructura_velas,sgd,101,validacion_2023,0.78,0.001,521900,706177,320329,0.20943667369227822,0.24066066732975996,1.1490856070573323,0.5687563733958233,0.0,0.0,0.0,0.0,412580,15,109305,0,1,0.0,0.0,100.0,0.0008737375503405928,0.0008737375503405928,inf,0.0,0.000873737550340703,240.0,1.0
baja_v1_short,2026-07-05T19:01:49.012132+00:00,corto_tp070_sl035_240m,short,sgd_101_moderado,estructura_velas,sgd,101,validacion_2023,0.79,0.001,521900,706177,320329,0.20943667369227822,0.24066066732975996,1.1490856070573323,0.5687563733958233,0.0,0.0,0.0,0.0,412584,11,109305,0,1,0.0,0.0,100.0,0.0008404405564069748,0.0008404405564069748,inf,0.0,0.0008404405564070849,240.0,1.0
baja_v1_short,2026-07-05T19:01:49.118278+00:00,corto_tp070_sl035_240m,short,sgd_101_moderado,estructura_velas,sgd,101,validacion_2023,0.8,0.001,521900,706177,320329,0.20943667369227822,0.24066066732975996,1.1490856070573323,0.5687563733958233,0.0,0.0,0.0,0.0,412590,5,109305,0,1,0.0,0.0,100.0,0.0012889457177370786,0.0012889457177370786,inf,0.0,0.0012889457177371888,240.0,1.0
baja_v1_short,2026-07-05T19:01:49.222309+00:00,corto_tp070_sl035_240m,short,sgd_101_moderado,estructura_velas,sgd,101,validacion_2023,0.81,0.001,521900,706177,320329,0.20943667369227822,0.24066066732975996,1.1490856070573323,0.5687563733958233,0.0,0.0,0.0,0.0,412592,3,109305,0,1,0.0,0.0,100.0,0.0012889457177370786,0.0012889457177370786,inf,0.0,0.0012889457177371888,240.0,1.0
baja_v1_short,2026-07-05T19:01:49.325298+00:00,corto_tp070_sl035_240m,short,sgd_101_moderado,estructura_velas,sgd,101,validacion_2023,0.82,0.001,521900,706177,320329,0.20943667369227822,0.24066066732975996,1.1490856070573323,0.5687563733958233,0.0,0.0,0.0,0.0,412595,0,109305,0,0,0.0,0.0,0.0,0.0,0.0,0.0,0.0,0.0,0.0,0.0
baja_v1_short,2026-07-05T19:01:49.425297+00:00,corto_tp070_sl035_240m,short,sgd_101_moderado,estructura_velas,sgd,101,validacion_2023,0.83,0.001,521900,706177,320329,0.20943667369227822,0.24066066732975996,1.1490856070573323,0.5687563733958233,0.0,0.0,0.0,0.0,412595,0,109305,0,0,0.0,0.0,0.0,0.0,0.0,0.0,0.0,0.0,0.0,0.0
baja_v1_short,2026-07-05T19:01:49.526580+00:00,corto_tp070_sl035_240m,short,sgd_101_moderado,estructura_velas,sgd,101,validacion_2023,0.84,0.001,521900,706177,320329,0.20943667369227822,0.24066066732975996,1.1490856070573323,0.5687563733958233,0.0,0.0,0.0,0.0,412595,0,109305,0,0,0.0,0.0,0.0,0.0,0.0,0.0,0.0,0.0,0.0,0.0
baja_v1_short,2026-07-05T19:01:49.626580+00:00,corto_tp070_sl035_240m,short,sgd_101_moderado,estructura_velas,sgd,101,validacion_2023,0.85,0.001,521900,706177,320329,0.20943667369227822,0.24066066732975996,1.1490856070573323,0.5687563733958233,0.0,0.0,0.0,0.0,412595,0,109305,0,0,0.0,0.0,0.0,0.0,0.0,0.0,0.0,0.0,0.0,0.0
baja_v1_short,2026-07-05T19:01:49.729718+00:00,corto_tp070_sl035_240m,short,sgd_101_moderado,estructura_velas,sgd,101,validacion_2023,0.86,0.001,521900,706177,320329,0.20943667369227822,0.24066066732975996,1.1490856070573323,0.5687563733958233,0.0,0.0,0.0,0.0,412595,0,109305,0,0,0.0,0.0,0.0,0.0,0.0,0.0,0.0,0.0,0.0,0.0
baja_v1_short,2026-07-05T19:01:49.829210+00:00,corto_tp070_sl035_240m,short,sgd_101_moderado,estructura_velas,sgd,101,validacion_2023,0.87,0.001,521900,706177,320329,0.20943667369227822,0.24066066732975996,1.1490856070573323,0.5687563733958233,0.0,0.0,0.0,0.0,412595,0,109305,0,0,0.0,0.0,0.0,0.0,0.0,0.0,0.0,0.0,0.0,0.0
baja_v1_short,2026-07-05T19:01:49.937209+00:00,corto_tp070_sl035_240m,short,sgd_101_moderado,estructura_velas,sgd,101,validacion_2023,0.88,0.001,521900,706177,320329,0.20943667369227822,0.24066066732975996,1.1490856070573323,0.5687563733958233,0.0,0.0,0.0,0.0,412595,0,109305,0,0,0.0,0.0,0.0,0.0,0.0,0.0,0.0,0.0,0.0,0.0
baja_v1_short,2026-07-05T19:01:50.039204+00:00,corto_tp070_sl035_240m,short,sgd_101_moderado,estructura_velas,sgd,101,validacion_2023,0.89,0.001,521900,706177,320329,0.20943667369227822,0.24066066732975996,1.1490856070573323,0.5687563733958233,0.0,0.0,0.0,0.0,412595,0,109305,0,0,0.0,0.0,0.0,0.0,0.0,0.0,0.0,0.0,0.0,0.0
baja_v1_short,2026-07-05T19:01:50.143930+00:00,corto_tp070_sl035_240m,short,sgd_101_moderado,estructura_velas,sgd,101,validacion_2023,0.9,0.001,521900,706177,320329,0.20943667369227822,0.24066066732975996,1.1490856070573323,0.5687563733958233,0.0,0.0,0.0,0.0,412595,0,109305,0,0,0.0,0.0,0.0,0.0,0.0,0.0,0.0,0.0,0.0,0.0
baja_v1_short,2026-07-05T19:01:50.241916+00:00,corto_tp070_sl035_240m,short,sgd_101_moderado,estructura_velas,sgd,101,validacion_2023,0.91,0.001,521900,706177,320329,0.20943667369227822,0.24066066732975996,1.1490856070573323,0.5687563733958233,0.0,0.0,0.0,0.0,412595,0,109305,0,0,0.0,0.0,0.0,0.0,0.0,0.0,0.0,0.0,0.0,0.0
baja_v1_short,2026-07-05T19:01:50.345756+00:00,corto_tp070_sl035_240m,short,sgd_101_moderado,estructura_velas,sgd,101,validacion_2023,0.92,0.001,521900,706177,320329,0.20943667369227822,0.24066066732975996,1.1490856070573323,0.5687563733958233,0.0,0.0,0.0,0.0,412595,0,109305,0,0,0.0,0.0,0.0,0.0,0.0,0.0,0.0,0.0,0.0,0.0
baja_v1_short,2026-07-05T19:01:50.446352+00:00,corto_tp070_sl035_240m,short,sgd_101_moderado,estructura_velas,sgd,101,validacion_2023,0.93,0.001,521900,706177,320329,0.20943667369227822,0.24066066732975996,1.1490856070573323,0.5687563733958233,0.0,0.0,0.0,0.0,412595,0,109305,0,0,0.0,0.0,0.0,0.0,0.0,0.0,0.0,0.0,0.0,0.0
baja_v1_short,2026-07-05T19:01:50.546742+00:00,corto_tp070_sl035_240m,short,sgd_101_moderado,estructura_velas,sgd,101,validacion_2023,0.94,0.001,521900,706177,320329,0.20943667369227822,0.24066066732975996,1.1490856070573323,0.5687563733958233,0.0,0.0,0.0,0.0,412595,0,109305,0,0,0.0,0.0,0.0,0.0,0.0,0.0,0.0,0.0,0.0,0.0
baja_v1_short,2026-07-05T19:01:50.657849+00:00,corto_tp070_sl035_240m,short,sgd_101_moderado,estructura_velas,sgd,101,validacion_2023,0.95,0.001,521900,706177,320329,0.20943667369227822,0.24066066732975996,1.1490856070573323,0.5687563733958233,0.0,0.0,0.0,0.0,412595,0,109305,0,0,0.0,0.0,0.0,0.0,0.0,0.0,0.0,0.0,0.0,0.0
baja_v1_short,2026-07-05T19:02:12.790702+00:00,corto_tp070_sl035_240m,short,sgd_101_moderado,estructura_velas,sgd,101,validacion_2024,0.05,0.001,526800,1119012,429634,0.26202733485193624,0.3155607007745877,1.2043045087372337,0.5879505905888734,0.2620392325113857,26.203923251138573,0.9999637775652729,0.4152600884786693,38,388726,5,138031,14,0.14285714285714285,14.285714285714285,14.285714285714285,-0.0026019933308208633,-0.004500000108033419,0.24779101885133675,-0.043069520030067365,-0.03590992089216383,38.0,0.4941266764028817
baja_v1_short,2026-07-05T19:02:12.894957+00:00,corto_tp070_sl035_240m,short,sgd_101_moderado,estructura_velas,sgd,101,validacion_2024,0.06,0.001,526800,1119012,429634,0.26202733485193624,0.3155607007745877,1.2043045087372337,0.5879505905888734,0.26204230873645223,26.204230873645223,0.9999565330783274,0.41526332652910797,47,388717,6,138030,17,0.29411764705882354,29.411764705882355,29.411764705882355,-0.0011120521371965023,-0.004500000108033419,0.6134356435009204,-0.03201532892526904,-0.01892166205070911,31.529411764705884,0.2600911182866672
baja_v1_short,2026-07-05T19:02:12.990551+00:00,corto_tp070_sl035_240m,short,sgd_101_moderado,estructura_velas,sgd,101,validacion_2024,0.07,0.001,526800,1119012,429634,0.26202733485193624,0.3155607007745877,1.2043045087372337,0.5879505905888734,0.2620464715386032,26.20464715386032,0.9999420441044365,0.41526730418327024,61,388703,8,138028,18,0.3333333333333333,33.33333333333333,33.33333333333333,-0.0007169381175707613,-0.004500000108033419,0.7361227722011046,-0.027639707503989253,-0.013035191811034408,37.166666666666664,0.22286350911930797
baja_v1_short,2026-07-05T19:02:13.090738+00:00,corto_tp070_sl035_240m,short,sgd_101_moderado,estructura_velas,sgd,101,validacion_2024,0.08,0.001,526800,1119012,429634,0.26202733485193624,0.3155607007745877,1.2043045087372337,0.5879505905888734,0.2620571940656695,26.205719406566953,0.9999203106436002,0.41527889351229214,91,388673,11,138025,19,0.2631578947368421,26.31578947368421,31.57894736842105,-0.0008771130612064888,-0.004500000108033419,0.6681068827138823,-0.025466126709225434,-0.0167285932366259,60.36842105263158,0.24170282884433433
baja_v1_short,2026-07-05T19:02:13.190964+00:00,corto_tp070_sl035_240m,short,sgd_101_moderado,estructura_velas,sgd,101,validacion_2024,0.09,0.001,526800,1119012,429634,0.26202733485193624,0.3155607007745877,1.2043045087372337,0.5879505905888734,0.26206105580166833,26.206105580166835,0.9998116433394187,0.41527436964865216,141,388623,26,138010,24,0.2916666666666667,29.166666666666668,33.33333333333333,-0.0009605616758344694,-0.004500000108033419,0.652845578104893,-0.028584668089171594,-0.023057254040869224,57.666666666666664,0.21009749611613998
baja_v1_short,2026-07-05T19:02:13.295600+00:00,corto_tp070_sl035_240m,short,sgd_101_moderado,estructura_velas,sgd,101,validacion_2024,0.1,0.001,526800,1119012,429634,0.26202733485193624,0.3155607007745877,1.2043045087372337,0.5879505905888734,0.2620647085078298,26.20647085078298,0.9996015532180011,0.41526083024478183,230,388534,55,137981,43,0.2558139534883721,25.581395348837212,27.906976744186046,-0.0013557100473784,-0.004500000108033419,0.5360447577039252,-0.05698762700684867,-0.05707664946125979,69.37209302325581,0.36532491538611506
baja_v1_short,2026-07-05T19:02:13.399275+00:00,corto_tp070_sl035_240m,short,sgd_101_moderado,estructura_velas,sgd,101,validacion_2024,0.11,0.001,526800,1119012,429634,0.26202733485193624,0.3155607007745877,1.2043045087372337,0.5879505905888734,0.262075399283323,26.207539928332302,0.9992683068185111,0.4152454865929911,381,388383,101,137935,63,0.2222222222222222,22.22222222222222,31.746031746031743,-0.001170591627884567,-0.004500000108033419,0.5563491831183125,-0.07386484829869555,-0.07166791824618013,92.17460317460318,0.26255658887280653
baja_v1_short,2026-07-05T19:02:13.525951+00:00,corto_tp070_sl035_240m,short,sgd_101_moderado,estructura_velas,sgd,101,validacion_2024,0.12,0.001,526800,1119012,429634,0.26202733485193624,0.3155607007745877,1.2043045087372337,0.5879505905888734,0.2621437845380011,26.21437845380011,0.9990219942623664,0.4153100422083251,614,388150,135,137901,76,0.2236842105263158,22.36842105263158,30.263157894736842,-0.001145348516884712,-0.004500000108033419,0.5550265998144882,-0.08585124904306074,-0.08403703164681087,95.84210526315789,0.26342604324028585
baja_v1_short,2026-07-05T19:02:13.634130+00:00,corto_tp070_sl035_240m,short,sgd_101_moderado,estructura_velas,sgd,101,validacion_2024,0.13,0.001,526800,1119012,429634,0.26202733485193624,0.3155607007745877,1.2043045087372337,0.5879505905888734,0.2622167435206745,26.22167435206745,0.9985800805586948,0.4153633826923888,932,387832,196,137840,104,0.23076923076923078,23.076923076923077,31.73076923076923,-0.001086536344042543,-0.004500000108033419,0.5830673098813343,-0.11614939085334153,-0.10776935191505665,96.83653846153847,0.1723792996847819
baja_v1_short,2026-07-05T19:02:13.736907+00:00,corto_tp070_sl035_240m,short,sgd_101_moderado,estructura_velas,sgd,101,validacion_2024,0.14,0.001,526800,1119012,429634,0.26202733485193624,0.3155607007745877,1.2043045087372337,0.5879505905888734,0.2624137248030716,26.241372480307163,0.9981743892897506,0.41557532800482583,1484,387280,252,137784,128,0.1953125,19.53125,31.25,-0.0012251780522612994,-0.004500000108033419,0.5236950711237109,-0.15541357330409167,-0.14614993791023945,108.0625,0.25118947241626294
baja_v1_short,2026-07-05T19:02:13.843209+00:00,corto_tp070_sl035_240m,short,sgd_101_moderado,estructura_velas,sgd,101,validacion_2024,0.15,0.001,526800,1119012,429634,0.26202733485193624,0.3155607007745877,1.2043045087372337,0.5879505905888734,0.262677751790395,26.2677751790395,0.9975078964907705,0.41584846169411466,2270,386494,344,137692,165,0.23030303030303031,23.03030303030303,36.96969696969697,-0.0008357378517429234,-0.0033652929812669754,0.6501245330574571,-0.14261304879455472,-0.1301701901782346,113.73939393939393,0.24042135897496364
baja_v1_short,2026-07-05T19:02:13.949973+00:00,corto_tp070_sl035_240m,short,sgd_101_moderado,estructura_velas,sgd,101,validacion_2024,0.16,0.001,526800,1119012,429634,0.26202733485193624,0.3155607007745877,1.2043045087372337,0.5879505905888734,0.2630513412657144,26.30513412657144,0.9968341592048451,0.4162577670754654,3275,385489,437,137599,207,0.21739130434782608,21.73913043478261,34.29951690821256,-0.0009925648553998794,-0.003527017379179597,0.6013233737857934,-0.1980947349250558,-0.18732430488949725,110.26086956521739,0.2394724193827698
baja_v1_short,2026-07-05T19:02:14.060645+00:00,corto_tp070_sl035_240m,short,sgd_101_moderado,estructura_velas,sgd,101,validacion_2024,0.17,0.001,526800,1119012,429634,0.26202733485193624,0.3155607007745877,1.2043045087372337,0.5879505905888734,0.26346609826739176,26.346609826739176,0.9957547306499753,0.4166824558345396,4515,384249,586,137450,286,0.25524475524475526,25.524475524475527,37.76223776223776,-0.0006796980930113323,-0.002979628228582442,0.7154154417896108,-0.19715378967749853,-0.17899833185275327,108.74825174825175,0.19368810414838253
baja_v1_short,2026-07-05T19:02:14.171382+00:00,corto_tp070_sl035_240m,short,sgd_101_moderado,estructura_velas,sgd,101,validacion_2024,0.18,0.001,526800,1119012,429634,0.26202733485193624,0.3155607007745877,1.2043045087372337,0.5879505905888734,0.26392903782943766,26.392903782943765,0.9941392100611435,0.41711919145864207,6052,382712,809,137227,368,0.2418478260869565,24.184782608695652,37.77173913043478,-0.0007202357705062876,-0.0035966757675632835,0.7036555761907373,-0.25253478702514054,-0.2356317077365454,110.16304347826087,0.16290173329089624
baja_v1_short,2026-07-05T19:02:14.292790+00:00,corto_tp070_sl035_240m,short,sgd_101_moderado,estructura_velas,sgd,101,validacion_2024,0.19,0.001,526800,1119012,429634,0.26202733485193624,0.3155607007745877,1.2043045087372337,0.5879505905888734,0.26450446343192613,26.450446343192613,0.9919223970558405,0.4176413441169338,8034,380730,1115,136921,457,0.23194748358862144,23.194748358862142,36.10503282275711,-0.0008330835560290065,-0.004500000108033419,0.6618137556451513,-0.33118373553180325,-0.31969315236448304,109.3741794310722,0.20549313903992988
baja_v1_short,2026-07-05T19:02:14.417031+00:00,corto_tp070_sl035_240m,short,sgd_101_moderado,estructura_velas,sgd,101,validacion_2024,0.2,0.001,526800,1119012,429634,0.26202733485193624,0.3155607007745877,1.2043045087372337,0.5879505905888734,0.2651910194438832,26.519101944388318,0.9888507345909763,0.41822265253972435,10549,378215,1539,136497,566,0.21731448763250882,21.73144876325088,36.39575971731448,-0.0009460888179542038,-0.004500000108033419,0.6213460970210625,-0.4344587938431119,-0.41781872633816275,108.59187279151944,0.17589017088522552
baja_v1_short,2026-07-05T19:02:14.547040+00:00,corto_tp070_sl035_240m,short,sgd_101_moderado,estructura_velas,sgd,101,validacion_2024,0.21,0.001,526800,1119012,429634,0.26202733485193624,0.3155607007745877,1.2043045087372337,0.5879505905888734,0.2659585503383027,26.59585503383027,0.9844315975542612,0.418778092636166,13718,375046,2149,135887,694,0.21469740634005763,21.469740634005763,33.861671469740635,-0.0010843736991632319,-0.004500000108033419,0.5826919200768406,-0.5471635897576672,-0.5320389214151645,105.22766570605188,0.12642853332808007
baja_v1_short,2026-07-05T19:02:14.674928+00:00,corto_tp070_sl035_240m,short,sgd_101_moderado,estructura_velas,sgd,101,validacion_2024,0.22,0.001,526800,1119012,429634,0.26202733485193624,0.3155607007745877,1.2043045087372337,0.5879505905888734,0.26713285607867393,26.713285607867395,0.9794039236141296,0.4197725596739763,17868,370896,2843,135193,859,0.220023282887078,22.0023282887078,33.29452852153667,-0.001156640388856055,-0.004500000108033419,0.569769965206071,-0.6419295983215753,-0.632950368529111,101.52270081490104,0.143931847967157
baja_v1_short,2026-07-05T19:02:14.824699+00:00,corto_tp070_sl035_240m,short,sgd_101_moderado,estructura_velas,sgd,101,validacion_2024,0.23,0.001,526800,1119012,429634,0.26202733485193624,0.3155607007745877,1.2043045087372337,0.5879505905888734,0.26853411541585476,26.853411541585476,0.9724274826856762,0.4208509824454693,23132,365632,3806,134230,1056,0.22632575757575757,22.632575757575758,32.67045454545455,-0.001174464074116715,-0.004500000108033419,0.5693468853466602,-0.7184404818903849,-0.7138176075847118,99.10037878787878,0.14574280274184112
baja_v1_short,2026-07-05T19:02:14.975533+00:00,corto_tp070_sl035_240m,short,sgd_101_moderado,estructura_velas,sgd,101,validacion_2024,0.24,0.001,526800,1119012,429634,0.26202733485193624,0.3155607007745877,1.2043045087372337,0.5879505905888734,0.27008721733617286,27.008721733617286,0.962872004404648,0.4218459389976831,29571,359193,5125,132911,1281,0.2302888368462139,23.02888368462139,32.396565183450434,-0.0012120323193570448,-0.004500000108033419,0.5635048779237389,-0.7948363257783874,-0.7911340270117819,95.7416081186573,0.1529998537274787
baja_v1_short,2026-07-05T19:02:15.139713+00:00,corto_tp070_sl035_240m,short,sgd_101_moderado,estructura_velas,sgd,101,validacion_2024,0.25,0.001,526800,1119012,429634,0.26202733485193624,0.3155607007745877,1.2043045087372337,0.5879505905888734,0.2718809042394511,27.18809042394511,0.9507519777449361,0.4228437026774495,37298,351466,6798,131238,1506,0.24369189907038513,24.369189907038514,33.46613545816733,-0.0010775193055934855,-0.004500000108033419,0.6034782541574659,-0.8077882566704405,-0.8057686492252946,95.04448871181938,0.15088681231685555
baja_v1_short,2026-07-05T19:02:15.311424+00:00,corto_tp070_sl035_240m,short,sgd_101_moderado,estructura_velas,sgd,101,validacion_2024,0.26,0.001,526800,1119012,429634,0.26202733485193624,0.3155607007745877,1.2043045087372337,0.5879505905888734,0.2741981675431544,27.41981675431544,0.936378915645194,0.42418345161422655,46629,342135,8782,129254,1780,0.2550561797752809,25.50561797752809,33.87640449438202,-0.001049760607772043,-0.004500000108033419,0.6156801601621098,-0.8500215513643167,-0.8485953191786084,92.3123595505618,0.14026200910900577
baja_v1_short,2026-07-05T19:02:15.496109+00:00,corto_tp070_sl035_240m,short,sgd_101_moderado,estructura_velas,sgd,101,validacion_2024,0.27,0.001,526800,1119012,429634,0.26202733485193624,0.3155607007745877,1.2043045087372337,0.5879505905888734,0.2769880562659288,27.698805626592883,0.9188327682633516,0.42565858913669824,57699,331065,11204,126832,2056,0.25583657587548636,25.583657587548636,33.900778210116734,-0.0010579583614082676,-0.004500000108033419,0.6159867133111091,-0.8911268504578982,-0.8889293980037302,89.1011673151751,0.15297920294018502
baja_v1_short,2026-07-05T19:02:15.690165+00:00,corto_tp070_sl035_240m,short,sgd_101_moderado,estructura_velas,sgd,101,validacion_2024,0.28,0.001,526800,1119012,429634,0.26202733485193624,0.3155607007745877,1.2043045087372337,0.5879505905888734,0.2802711330619891,28.02711330619891,0.8974397983134834,0.4271446624588601,70646,318118,14157,123879,2346,0.26044330775788577,26.044330775788577,33.93009377664109,-0.0010450028372274071,-0.004500000108033419,0.6219189495761263,-0.9168955259640097,-0.9160390496303614,87.2144075021313,0.15226768339506858
baja_v1_short,2026-07-05T19:02:15.899319+00:00,corto_tp070_sl035_240m,short,sgd_101_moderado,estructura_velas,sgd,101,validacion_2024,0.29,0.001,526800,1119012,429634,0.26202733485193624,0.3155607007745877,1.2043045087372337,0.5879505905888734,0.28380282188696876,28.380282188696874,0.8712509780057376,0.4281419378954957,85269,303495,17772,120264,2669,0.267515923566879,26.751592356687897,33.72049456725365,-0.0010639288003612335,-0.004500000108033419,0.6190913099307489,-0.9430944479752643,-0.9432670782798233,83.80966654177594,0.12388100217815498
baja_v1_short,2026-07-05T19:02:16.154521+00:00,corto_tp070_sl035_240m,short,sgd_101_moderado,estructura_velas,sgd,101,validacion_2024,0.3,0.001,526800,1119012,429634,0.26202733485193624,0.3155607007745877,1.2043045087372337,0.5879505905888734,0.2880591907881361,28.80591907881361,0.8416355153728013,0.42921480321127864,101634,287130,21860,116176,2996,0.2726969292389853,27.269692923898532,33.04405874499333,-0.001083309413119943,-0.004500000108033419,0.6163386452868647,-0.9624614641788019,-0.9623507941958219,79.44592790387183,0.13321307772172877
baja_v1_short,2026-07-05T19:02:16.384685+00:00,corto_tp070_sl035_240m,short,sgd_101_moderado,estructura_velas,sgd,101,validacion_2024,0.31,0.001,526800,1119012,429634,0.26202733485193624,0.3155607007745877,1.2043045087372337,0.5879505905888734,0.2924799292921853,29.24799292921853,0.8055000144889739,0.4291382344767962,119796,268968,26848,111188,3273,0.2737549648640391,27.37549648640391,32.81393217231897,-0.0011232585073745762,-0.004500000108033419,0.6070324278467568,-0.9759380258636288,-0.9756125460465401,76.47296058661779,0.1238380948373039
baja_v1_short,2026-07-05T19:02:16.625086+00:00,corto_tp070_sl035_240m,short,sgd_101_moderado,estructura_velas,sgd,101,validacion_2024,0.32,0.001,526800,1119012,429634,0.26202733485193624,0.3155607007745877,1.2043045087372337,0.5879505905888734,0.2974612225120713,29.74612225120713,0.7649526210553769,0.42835236607776717,139381,249383,32445,105591,3575,0.2839160839160839,28.391608391608393,33.39860139860139,-0.001059815065431687,-0.004500000108033419,0.6289571000481955,-0.9784884073480163,-0.9782955374375935,73.52867132867132,0.10932227531695858
baja_v1_short,2026-07-05T19:02:16.873586+00:00,corto_tp070_sl035_240m,short,sgd_101_moderado,estructura_velas,sgd,101,validacion_2024,0.33,0.001,526800,1119012,429634,0.26202733485193624,0.3155607007745877,1.2043045087372337,0.5879505905888734,0.30270598724869924,30.270598724869924,0.7181822133356516,0.4258998307312924,160403,228361,38901,99135,3830,0.2898172323759791,28.98172323759791,33.759791122715406,-0.0010288478099075684,-0.004500000108033419,0.6401164919631099,-0.9816491582820857,-0.9814133745963299,70.95248041775457,0.12714308513639969
baja_v1_short,2026-07-05T19:02:17.126559+00:00,corto_tp070_sl035_240m,short,sgd_101_moderado,estructura_velas,sgd,101,validacion_2024,0.34,0.001,526800,1119012,429634,0.26202733485193624,0.3155607007745877,1.2043045087372337,0.5879505905888734,0.30736134790893593,30.736134790893594,0.6660653742501956,0.4206228297717572,181575,207189,46095,91941,4043,0.29977739302498146,29.977739302498147,34.28147415285679,-0.0009642968819017299,-0.004500000108033419,0.661300561641821,-0.980591916697202,-0.9806792530741613,69.08830076675736,0.11695744335825418
baja_v1_short,2026-07-05T19:02:17.381952+00:00,corto_tp070_sl035_240m,short,sgd_101_moderado,estructura_velas,sgd,101,validacion_2024,0.35,0.001,526800,1119012,429634,0.26202733485193624,0.3155607007745877,1.2043045087372337,0.5879505905888734,0.3115239793163139,31.15239793163139,0.610152424005332,0.41245953662394647,202629,186135,53813,84223,4244,0.30230914231856737,30.230914231856737,34.04806786050895,-0.0009807585365835794,-0.004500000108033419,0.6587281098912542,-0.9852060420886937,-0.9851999448317403,66.0351083883129,0.1270561247952599
baja_v1_short,2026-07-05T19:02:17.640566+00:00,corto_tp070_sl035_240m,short,sgd_101_moderado,estructura_velas,sgd,101,validacion_2024,0.36,0.001,526800,1119012,429634,0.26202733485193624,0.3155607007745877,1.2043045087372337,0.5879505905888734,0.31540825285338014,31.540825285338016,0.5517473702512388,0.40137126354399427,223457,165307,61875,76161,4350,0.30689655172413793,30.689655172413794,33.839080459770116,-0.0009889541450658268,-0.004500000108033419,0.6584041408849731,-0.98720786132998,-0.9871506473195947,61.69931034482759,0.1092482483931754
baja_v1_short,2026-07-05T19:02:17.895372+00:00,corto_tp070_sl035_240m,short,sgd_101_moderado,estructura_velas,sgd,101,validacion_2024,0.37,0.001,526800,1119012,429634,0.26202733485193624,0.3155607007745877,1.2043045087372337,0.5879505905888734,0.31980662242935276,31.980662242935274,0.49265409023732937,0.3878440844423786,244127,144637,70032,68004,4354,0.3153422140560404,31.53422140560404,34.40514469453376,-0.0009241704320256378,-0.004500000108033419,0.6786543429141553,-0.9832261247683726,-0.9830398192338056,59.24506201194304,0.12247727225286839
baja_v1_short,2026-07-05T19:02:18.178404+00:00,corto_tp070_sl035_240m,short,sgd_101_moderado,estructura_velas,sgd,101,validacion_2024,0.38,0.001,526800,1119012,429634,0.26202733485193624,0.3155607007745877,1.2043045087372337,0.5879505905888734,0.32391104873967724,32.39110487396773,0.43474890608247124,0.3712334444767496,263505,125259,78025,60011,4333,0.3203323332564043,32.03323332564043,34.87191322409416,-0.0008996404465926019,-0.004500000108033419,0.6873705528126949,-0.9811227411898119,-0.9807715195306498,56.04984998846065,0.12822695181400295
baja_v1_short,2026-07-05T19:02:18.420846+00:00,corto_tp070_sl035_240m,short,sgd_101_moderado,estructura_velas,sgd,101,validacion_2024,0.39,0.001,526800,1119012,429634,0.26202733485193624,0.3155607007745877,1.2043045087372337,0.5879505905888734,0.32783234855042465,32.783234855042465,0.3786331102031354,0.35140623003946725,281603,107161,85771,52265,4311,0.3184875898863373,31.84875898863373,34.14520992809093,-0.0009608877893989413,-0.004500000108033419,0.6709385337912076,-0.98514697157022,-0.9849387051028511,51.82927395035954,0.15018853472062685
baja_v1_short,2026-07-05T19:02:18.653882+00:00,corto_tp070_sl035_240m,short,sgd_101_moderado,estructura_velas,sgd,101,validacion_2024,0.4,0.001,526800,1119012,429634,0.26202733485193624,0.3155607007745877,1.2043045087372337,0.5879505905888734,0.33198879138706583,33.19887913870658,0.3261540467704077,0.32904555520636153,298175,90589,93015,45021,4179,0.3297439578846614,32.97439578846614,34.769083512802105,-0.0008734328104794764,-0.004500000108033419,0.6977908779837573,-0.9756500271368941,-0.9753299694597259,49.48312993539124,0.16034279953856417
baja_v1_short,2026-07-05T19:02:18.879570+00:00,corto_tp070_sl035_240m,short,sgd_101_moderado,estructura_velas,sgd,101,validacion_2024,0.41,0.001,526800,1119012,429634,0.26202733485193624,0.3155607007745877,1.2043045087372337,0.5879505905888734,0.3354037810457802,33.540378104578025,0.27774638500101423,0.3038641848594968,312796,75968,99697,38339,3996,0.3335835835835836,33.35835835835836,34.65965965965966,-0.0008782767485207217,-0.004500000108033419,0.6976367775990473,-0.9721341076861444,-0.9715539226725453,46.31306306306306,0.13027377494888415
baja_v1_short,2026-07-05T19:02:19.096319+00:00,corto_tp070_sl035_240m,short,sgd_101_moderado,estructura_velas,sgd,101,validacion_2024,0.42,0.001,526800,1119012,429634,0.26202733485193624,0.3155607007745877,1.2043045087372337,0.5879505905888734,0.3373953498119178,33.73953498119178,0.2332724796429917,0.2758348931139789,325527,63237,105836,32200,3789,0.3378200052784376,33.782000527843756,34.600158353127476,-0.000860555203367496,-0.004500000108033419,0.7034237831733395,-0.9646525882400928,-0.9634250906965094,43.27183953549749,0.1421019336856588
baja_v1_short,2026-07-05T19:02:19.296587+00:00,corto_tp070_sl035_240m,short,sgd_101_moderado,estructura_velas,sgd,101,validacion_2024,0.43,0.001,526800,1119012,429634,0.26202733485193624,0.3155607007745877,1.2043045087372337,0.5879505905888734,0.3404373656933384,34.04373656933384,0.1951085224144426,0.24805430447717203,336586,52178,111104,26932,3526,0.342597844583097,34.2597844583097,34.912081678956326,-0.000831425483808531,-0.004500000108033419,0.7132824585256556,-0.951174285811039,-0.9490209527334394,40.23255813953488,0.14861710808230882
baja_v1_short,2026-07-05T19:02:19.484753+00:00,corto_tp070_sl035_240m,short,sgd_101_moderado,estructura_velas,sgd,101,validacion_2024,0.44,0.001,526800,1119012,429634,0.26202733485193624,0.3155607007745877,1.2043045087372337,0.5879505905888734,0.3412637107987023,34.12637107987023,0.16003071662464866,0.21788662793564997,346124,42640,115946,22090,3217,0.34162262977929747,34.16226297792975,34.815045073049426,-0.0008547920447343313,-0.004500000108033419,0.7070607215304332,-0.9421687768380389,-0.9386268823992141,37.08268573204849,0.14446663550892233
baja_v1_short,2026-07-05T19:02:19.667715+00:00,corto_tp070_sl035_240m,short,sgd_101_moderado,estructura_velas,sgd,101,validacion_2024,0.45,0.001,526800,1119012,429634,0.26202733485193624,0.3155607007745877,1.2043045087372337,0.5879505905888734,0.3443969204448246,34.43969204448246,0.13124836999043726,0.19006404708326122,354276,34488,119919,18117,2897,0.3403520883672765,34.03520883672765,34.38039351052814,-0.0008870673642081862,-0.004500000108033419,0.6979860927718989,-0.9308077122723684,-0.9262241480610488,34.91646530894028,0.14590646236839233
baja_v1_short,2026-07-05T19:02:19.870668+00:00,corto_tp070_sl035_240m,short,sgd_101_moderado,estructura_velas,sgd,101,validacion_2024,0.46,0.001,526800,1119012,429634,0.26202733485193624,0.3155607007745877,1.2043045087372337,0.5879505905888734,0.3450479986791518,34.50479986791518,0.10597959952476166,0.1621543730913968,360996,27768,123407,14629,2604,0.33755760368663595,33.755760368663594,34.10138248847927,-0.0009213297601342498,-0.004500000108033419,0.6881955303052562,-0.9157500026209879,-0.9121637550559685,32.72849462365591,0.15880672712130225
baja_v1_short,2026-07-05T19:02:20.035185+00:00,corto_tp070_sl035_240m,short,sgd_101_moderado,estructura_velas,sgd,101,validacion_2024,0.47,0.001,526800,1119012,429634,0.26202733485193624,0.3155607007745877,1.2043045087372337,0.5879505905888734,0.34481337572118215,34.481337572118214,0.08486192007882001,0.13620296730384635,366506,22258,126322,11714,2281,0.3463393248575186,34.63393248575186,34.984655852696186,-0.0008272336433992084,-0.004500000108033419,0.7160643625785713,-0.8573392914160985,-0.8528190758964092,31.177992108724244,0.1652823595952337
baja_v1_short,2026-07-05T19:02:20.196490+00:00,corto_tp070_sl035_240m,short,sgd_101_moderado,estructura_velas,sgd,101,validacion_2024,0.48,0.001,526800,1119012,429634,0.26202733485193624,0.3155607007745877,1.2043045087372337,0.5879505905888734,0.3428676877652703,34.28676877652703,0.06730128372308673,0.1125167291423173,370959,17805,128746,9290,1940,0.3443298969072165,34.43298969072165,34.896907216494846,-0.0008452594060564511,-0.004500000108033419,0.7106229044563686,-0.817100435448814,-0.8107310770849635,29.371134020618555,0.18575130633946055
baja_v1_short,2026-07-05T19:02:20.340485+00:00,corto_tp070_sl035_240m,short,sgd_101_moderado,estructura_velas,sgd,101,validacion_2024,0.49,0.001,526800,1119012,429634,0.26202733485193624,0.3155607007745877,1.2043045087372337,0.5879505905888734,0.34042652262991246,34.04265226299125,0.05296444405807181,0.09166708460805456,374599,14165,130725,7311,1670,0.3467065868263473,34.67065868263473,34.970059880239525,-0.0008376750312313374,-0.004500000108033419,0.7135494219293357,-0.7643610316809824,-0.7583675373506482,27.120359281437125,0.16217176755339996
baja_v1_short,2026-07-05T19:02:20.481682+00:00,corto_tp070_sl035_240m,short,sgd_101_moderado,estructura_velas,sgd,101,validacion_2024,0.5,0.001,526800,1119012,429634,0.26202733485193624,0.3155607007745877,1.2043045087372337,0.5879505905888734,0.3402342363657873,34.023423636578734,0.04167028891013939,0.07424713763860025,377610,11154,132284,5752,1453,0.3489332415691672,34.89332415691672,35.237439779766,-0.0008083517549029719,-0.004500000108033419,0.7221510413496564,-0.7063373744524796,-0.6967452010309737,24.454232622161047,0.15547981696105637
baja_v1_short,2026-07-05T19:02:20.614213+00:00,corto_tp070_sl035_240m,short,sgd_101_moderado,estructura_velas,sgd,101,validacion_2024,0.51,0.001,526800,1119012,429634,0.26202733485193624,0.3155607007745877,1.2043045087372337,0.5879505905888734,0.33751031740076537,33.751031740076535,0.03258570228056449,0.059433282902690884,379935,8829,133538,4498,1241,0.34810636583400484,34.81063658340048,34.971796937953265,-0.0008243968838089995,-0.004500000108033419,0.7173984358398365,-0.6536385525266843,-0.6461918496462701,23.36099919419823,0.18404435890832055
baja_v1_short,2026-07-05T19:02:20.742600+00:00,corto_tp070_sl035_240m,short,sgd_101_moderado,estructura_velas,sgd,101,validacion_2024,0.52,0.001,526800,1119012,429634,0.26202733485193624,0.3155607007745877,1.2043045087372337,0.5879505905888734,0.3374477781997721,33.74477781997721,0.0257469066040743,0.04784341177104087,381786,6978,134482,3554,1003,0.34496510468594216,34.49651046859422,34.695912263210374,-0.0008603277552280029,-0.004500000108033419,0.7065178928183403,-0.5960681995070771,-0.5834484014667123,22.190428713858424,0.18282082153775178
baja_v1_short,2026-07-05T19:02:20.863437+00:00,corto_tp070_sl035_240m,short,sgd_101_moderado,estructura_velas,sgd,101,validacion_2024,0.53,0.001,526800,1119012,429634,0.26202733485193624,0.3155607007745877,1.2043045087372337,0.5879505905888734,0.3344790802417921,33.44790802417921,0.02044394216001623,0.03853269885917541,383149,5615,135214,2822,834,0.32973621103117506,32.97362110311751,33.093525179856115,-0.0010280693308947213,-0.004500000108033419,0.6580789692636706,-0.5901838481513828,-0.5802086048000967,21.466426858513188,0.241601124731254
baja_v1_short,2026-07-05T19:02:20.991826+00:00,corto_tp070_sl035_240m,short,sgd_101_moderado,estructura_velas,sgd,101,validacion_2024,0.54,0.001,526800,1119012,429634,0.26202733485193624,0.3155607007745877,1.2043045087372337,0.5879505905888734,0.3357153274026542,33.57153274026542,0.016676808948390274,0.0317751720234932,384209,4555,135734,2302,691,0.3227206946454414,32.27206946454414,32.27206946454414,-0.0011058149533181194,-0.004500000108033419,0.6365008686589068,-0.5465204771983766,-0.5383087717504241,20.214182344428366,0.2787527097494595
baja_v1_short,2026-07-05T19:02:21.114552+00:00,corto_tp070_sl035_240m,short,sgd_101_moderado,estructura_velas,sgd,101,validacion_2024,0.55,0.001,526800,1119012,429634,0.26202733485193624,0.3155607007745877,1.2043045087372337,0.5879505905888734,0.3344022804204525,33.44022804204525,0.013597901996580602,0.02613314398290277,385028,3736,136159,1877,578,0.32525951557093424,32.52595155709342,32.69896193771626,-0.0010673960885786288,-0.004500000108033419,0.6467717163655473,-0.46754102906686335,-0.46434627512621773,18.859861591695502,0.3279391105780941
baja_v1_short,2026-07-05T19:02:21.233963+00:00,corto_tp070_sl035_240m,short,sgd_101_moderado,estructura_velas,sgd,101,validacion_2024,0.56,0.001,526800,1119012,429634,0.26202733485193624,0.3155607007745877,1.2043045087372337,0.5879505905888734,0.33434060004316857,33.434060004316855,0.011221710278478078,0.02171459812573159,385680,3084,136487,1549,483,0.32091097308488614,32.091097308488614,32.298136645962735,-0.0011058032052031304,-0.004500000108033419,0.6360749951191106,-0.42169442143909786,-0.41736763259876364,17.65424430641822,0.34016077495260166
baja_v1_short,2026-07-05T19:02:21.349830+00:00,corto_tp070_sl035_240m,short,sgd_101_moderado,estructura_velas,sgd,101,validacion_2024,0.57,0.001,526800,1119012,429634,0.26202733485193624,0.3155607007745877,1.2043045087372337,0.5879505905888734,0.33948531323108916,33.94853132310892,0.009461299950737488,0.018409534616550257,386223,2541,136730,1306,409,0.29095354523227385,29.095354523227385,29.3398533007335,-0.0014158996376191885,-0.004500000108033419,0.5533743325967907,-0.44906128375925547,-0.4424301851310741,16.547677261613693,0.3582321764360388
baja_v1_short,2026-07-05T19:02:21.460228+00:00,corto_tp070_sl035_240m,short,sgd_101_moderado,estructura_velas,sgd,101,validacion_2024,0.58,0.001,526800,1119012,429634,0.26202733485193624,0.3155607007745877,1.2043045087372337,0.5879505905888734,0.3435771358328211,34.35771358328211,0.008099336404995798,0.015825606907778327,386628,2136,136918,1118,336,0.30357142857142855,30.357142857142854,30.654761904761905,-0.0012886452947721064,-0.004500000108033419,0.5870435778268223,-0.361829660927073,-0.3541486424485616,15.279761904761905,0.3244005855619079
baja_v1_short,2026-07-05T19:02:21.565501+00:00,corto_tp070_sl035_240m,short,sgd_101_moderado,estructura_velas,sgd,101,validacion_2024,0.59,0.001,526800,1119012,429634,0.26202733485193624,0.3155607007745877,1.2043045087372337,0.5879505905888734,0.3478878239261626,34.788782392616255,0.007099597206525834,0.013915216573306922,386927,1837,137056,980,290,0.32068965517241377,32.068965517241374,32.068965517241374,-0.0011327586247874746,-0.004500000108033419,0.6294416319211188,-0.29849687810140213,-0.282633179450522,13.648275862068965,0.3662551423082609
baja_v1_short,2026-07-05T19:02:21.679846+00:00,corto_tp070_sl035_240m,short,sgd_101_moderado,estructura_velas,sgd,101,validacion_2024,0.6,0.001,526800,1119012,429634,0.26202733485193624,0.3155607007745877,1.2043045087372337,0.5879505905888734,0.3518747424804285,35.18747424804285,0.006186791851401084,0.01215978585107822,387191,1573,137182,854,237,0.3333333333333333,33.33333333333333,33.33333333333333,-0.0010000000000000002,-0.004500000108033419,0.6666666746691419,-0.22495522173119575,-0.21338858176861386,12.721518987341772,0.3932584262116085
baja_v1_short,2026-07-05T19:02:21.788723+00:00,corto_tp070_sl035_240m,short,sgd_101_moderado,estructura_velas,sgd,101,validacion_2024,0.61,0.001,526800,1119012,429634,0.26202733485193624,0.3155607007745877,1.2043045087372337,0.5879505905888734,0.3560747663551402,35.60747663551402,0.005520299052421108,0.010872046570026253,387386,1378,137274,762,184,0.33152173913043476,33.15217391304348,33.15217391304348,-0.0010190217397175732,-0.004500000108033419,0.6612466204035392,-0.1897036007991143,-0.1729108179109331,11.956521739130435,0.3398692820918268
baja_v1_short,2026-07-05T19:02:21.890722+00:00,corto_tp070_sl035_240m,short,sgd_101_moderado,estructura_velas,sgd,101,validacion_2024,0.62,0.001,526800,1119012,429634,0.26202733485193624,0.3155607007745877,1.2043045087372337,0.5879505905888734,0.36382645060115004,36.382645060115,0.005042162914022429,0.00994648050361203,387547,1217,137340,696,167,0.32934131736526945,32.93413173652694,32.93413173652694,-0.001022821209580264,-0.004500000108033419,0.658931034831522,-0.1758788554697045,-0.15879956514173965,12.119760479041917,0.3436064329676574
baja_v1_short,2026-07-05T19:02:21.994114+00:00,corto_tp070_sl035_240m,short,sgd_101_moderado,estructura_velas,sgd,101,validacion_2024,0.63,0.001,526800,1119012,429634,0.26202733485193624,0.3155607007745877,1.2043045087372337,0.5879505905888734,0.35981577432354633,35.981577432354634,0.004527804340896577,0.00894307198099776,387652,1112,137411,625,146,0.3493150684931507,34.93150684931507,34.93150684931507,-0.0008103502810109817,-0.004500000108033419,0.7211689099925074,-0.14685726404974753,-0.11324004659729059,10.924657534246576,0.3063848660462637
baja_v1_short,2026-07-05T19:02:22.100319+00:00,corto_tp070_sl035_240m,short,sgd_101_moderado,estructura_velas,sgd,101,validacion_2024,0.64,0.001,526800,1119012,429634,0.26202733485193624,0.3155607007745877,1.2043045087372337,0.5879505905888734,0.3584905660377358,35.84905660377358,0.004129357558897679,0.008164668471488118,387744,1020,137466,570,117,0.3162393162393162,31.62393162393162,31.62393162393162,-0.0011552389968489101,-0.004500000108033419,0.6215650172398903,-0.15698225611274086,-0.12770706570141255,12.179487179487179,0.37134902714331786
baja_v1_short,2026-07-05T19:02:22.207682+00:00,corto_tp070_sl035_240m,short,sgd_101_moderado,estructura_velas,sgd,101,validacion_2024,0.65,0.001,526800,1119012,429634,0.26202733485193624,0.3155607007745877,1.2043045087372337,0.5879505905888734,0.3583617747440273,35.83617747440273,0.003803355646353125,0.007526827764675522,387824,940,137511,525,104,0.28846153846153844,28.846153846153843,28.846153846153843,-0.001443874648996056,-0.004500000108033419,0.5451853261867012,-0.15059474791409488,-0.14053359997118142,10.01923076923077,0.45791875862843906
baja_v1_short,2026-07-05T19:02:22.313075+00:00,corto_tp070_sl035_240m,short,sgd_101_moderado,estructura_velas,sgd,101,validacion_2024,0.66,0.001,526800,1119012,429634,0.26202733485193624,0.3155607007745877,1.2043045087372337,0.5879505905888734,0.35212298682284043,35.21229868228404,0.003484598220754006,0.006900905295476392,387879,885,137555,481,99,0.30303030303030304,30.303030303030305,30.303030303030305,-0.0012895248783376034,-0.004500000108033419,0.5850558057446472,-0.1364039651685116,-0.12093177654209786,9.95959595959596,0.44100980077307167
baja_v1_short,2026-07-05T19:02:22.422477+00:00,corto_tp070_sl035_240m,short,sgd_101_moderado,estructura_velas,sgd,101,validacion_2024,0.67,0.001,526800,1119012,429634,0.26202733485193624,0.3155607007745877,1.2043045087372337,0.5879505905888734,0.3423782920989625,34.23782920989625,0.003107884899591411,0.006159854690607298,387940,824,137607,429,95,0.30526315789473685,30.526315789473685,30.526315789473685,-0.0012947368512028145,-0.004500000108033419,0.5858585928910641,-0.1336094603221779,-0.11678814769987012,7.073684210526316,0.45652173725840006
baja_v1_short,2026-07-05T19:02:22.530390+00:00,corto_tp070_sl035_240m,short,sgd_101_moderado,estructura_velas,sgd,101,validacion_2024,0.68,0.001,526800,1119012,429634,0.26202733485193624,0.3155607007745877,1.2043045087372337,0.5879505905888734,0.3310104529616725,33.10104529616725,0.0027529050392651193,0.005460397746867456,387996,768,137656,380,98,0.3673469387755102,36.734693877551024,36.734693877551024,-0.0006428571318333248,-0.004500000108033419,0.7741935576802939,-0.0938959794974571,-0.0622529709874281,7.3061224489795915,0.36486485697345383
baja_v1_short,2026-07-05T19:02:22.639710+00:00,corto_tp070_sl035_240m,short,sgd_101_moderado,estructura_velas,sgd,101,validacion_2024,0.69,0.001,526800,1119012,429634,0.26202733485193624,0.3155607007745877,1.2043045087372337,0.5879505905888734,0.32397003745318353,32.39700374531835,0.0025065924831203456,0.004974695192086496,388042,722,137690,346,86,0.37209302325581395,37.2093023255814,37.2093023255814,-0.0005930232432519283,-0.004500000108033419,0.7901234662745386,-0.07160245820235156,-0.05078704019069313,6.104651162790698,0.34615383784358317
baja_v1_short,2026-07-05T19:02:22.751149+00:00,corto_tp070_sl035_240m,short,sgd_101_moderado,estructura_velas,sgd,101,validacion_2024,0.7,0.001,526800,1119012,429634,0.26202733485193624,0.3155607007745877,1.2043045087372337,0.5879505905888734,0.317,31.7,0.0022965023617027443,0.004559970079691591,388081,683,137719,317,75,0.38666666666666666,38.666666666666664,38.666666666666664,-0.00043999998271465325,-0.004500000108033419,0.840579720235005,-0.05042852436886869,-0.03341599953937058,5.96,0.38235292634835427
baja_v1_short,2026-07-05T19:02:22.857811+00:00,corto_tp070_sl035_240m,short,sgd_101_moderado,estructura_velas,sgd,101,validacion_2024,0.71,0.001,526800,1119012,429634,0.26202733485193624,0.3155607007745877,1.2043045087372337,0.5879505905888734,0.3082706766917293,30.82706766917293,0.0020791677533397086,0.004130477019724107,388120,644,137749,287,65,0.3384615384615385,33.84615384615385,33.84615384615385,-0.0009461538444917937,-0.004500000108033419,0.6821705508242383,-0.06594389578814663,-0.06042826498567555,9.461538461538462,0.3333333237303629
baja_v1_short,2026-07-05T19:02:22.964148+00:00,corto_tp070_sl035_240m,short,sgd_101_moderado,estructura_velas,sgd,101,validacion_2024,0.72,0.001,526800,1119012,429634,0.26202733485193624,0.3155607007745877,1.2043045087372337,0.5879505905888734,0.30127462340672073,30.127462340672075,0.0018835666058129763,0.0037437274566411564,388161,603,137776,260,62,0.3387096774193548,33.87096774193548,35.483870967741936,-0.0008650483039748528,-0.004500000108033419,0.7020389246730516,-0.05713439496640049,-0.05296173125392256,11.064516129032258,0.3178359069996616
baja_v1_short,2026-07-05T19:02:23.076733+00:00,corto_tp070_sl035_240m,short,sgd_101_moderado,estructura_velas,sgd,101,validacion_2024,0.73,0.001,526800,1119012,429634,0.26202733485193624,0.3155607007745877,1.2043045087372337,0.5879505905888734,0.30848329048843187,30.848329048843187,0.0017386768669042858,0.0034578644805279006,388226,538,137796,240,55,0.4,40.0,41.81818181818181,-0.0001954362485557796,-0.004500000108033419,0.9253542124131098,-0.022390706925313753,-0.011403653706969608,11.654545454545454,0.6269032450020264
baja_v1_short,2026-07-05T19:02:23.189538+00:00,corto_tp070_sl035_240m,short,sgd_101_moderado,estructura_velas,sgd,101,validacion_2024,0.74,0.001,526800,1119012,429634,0.26202733485193624,0.3155607007745877,1.2043045087372337,0.5879505905888734,0.30896551724137933,30.896551724137932,0.0016227650757773334,0.0032285728698986027,388263,501,137812,224,56,0.375,37.5,39.285714285714285,-0.00046881493711511463,-0.004500000108033419,0.8284076088355282,-0.03650184247702304,-0.026615101550222287,12.410714285714286,0.5090460089078921
baja_v1_short,2026-07-05T19:02:23.297843+00:00,corto_tp070_sl035_240m,short,sgd_101_moderado,estructura_velas,sgd,101,validacion_2024,0.75,0.001,526800,1119012,429634,0.26202733485193624,0.3155607007745877,1.2043045087372337,0.5879505905888734,0.3095599393019727,30.955993930197266,0.001477875336868643,0.002941706622444933,388309,455,137832,204,52,0.4230769230769231,42.30769230769231,42.30769230769231,-1.3180907170933114e-05,-0.004500000108033419,0.9948343441608418,-0.023182533743474676,-0.0013757833998433444,13.25,0.29329903815459407
baja_v1_short,2026-07-05T19:02:23.405675+00:00,corto_tp070_sl035_240m,short,sgd_101_moderado,estructura_velas,sgd,101,validacion_2024,0.76,0.001,526800,1119012,429634,0.26202733485193624,0.3155607007745877,1.2043045087372337,0.5879505905888734,0.3158813263525305,31.588132635253054,0.001311252137123649,0.0026116630233246037,388372,392,137855,181,54,0.37037037037037035,37.03703703703704,37.03703703703704,-0.0005936100086611181,-0.004500000108033419,0.7891884376915609,-0.049168075139592315,-0.03222433688788906,12.703703703703704,0.5476387301488828
baja_v1_short,2026-07-05T19:02:23.507933+00:00,corto_tp070_sl035_240m,short,sgd_101_moderado,estructura_velas,sgd,101,validacion_2024,0.77,0.001,526800,1119012,429634,0.26202733485193624,0.3155607007745877,1.2043045087372337,0.5879505905888734,0.3154639175257732,31.546391752577318,0.0011084065026514822,0.0022090513351766157,388432,332,137883,153,44,0.3409090909090909,34.090909090909086,34.090909090909086,-0.0009204545429992408,-0.004500000108033419,0.6896551806922158,-0.04305299595190237,-0.040231753558347405,9.227272727272727,0.5555555703749546
baja_v1_short,2026-07-05T19:02:23.612462+00:00,corto_tp070_sl035_240m,short,sgd_101_moderado,estructura_velas,sgd,101,validacion_2024,0.78,0.001,526800,1119012,429634,0.26202733485193624,0.3155607007745877,1.2043045087372337,0.5879505905888734,0.33016627078384797,33.0166270783848,0.0010069836854153988,0.0020078435904287975,388482,282,137897,139,45,0.3333333333333333,33.33333333333333,33.33333333333333,-0.0010000000000000002,-0.004500000108033419,0.666666674669142,-0.04164341291310791,-0.044550710771021795,8.822222222222223,0.40000000960297055
baja_v1_short,2026-07-05T19:02:23.717497+00:00,corto_tp070_sl035_240m,short,sgd_101_moderado,estructura_velas,sgd,101,validacion_2024,0.79,0.001,526800,1119012,429634,0.26202733485193624,0.3155607007745877,1.2043045087372337,0.5879505905888734,0.3415977961432507,34.15977961432507,0.000898316381233881,0.001791920461853048,388525,239,137912,124,48,0.3125,31.25,33.33333333333333,-0.00112298030439221,-0.004500000108033419,0.6256732408558855,-0.05015714151752504,-0.05303861188568404,11.666666666666666,0.4217699709961888
baja_v1_short,2026-07-05T19:02:23.825480+00:00,corto_tp070_sl035_240m,short,sgd_101_moderado,estructura_velas,sgd,101,validacion_2024,0.8,0.001,526800,1119012,429634,0.26202733485193624,0.3155607007745877,1.2043045087372337,0.5879505905888734,0.347682119205298,34.7682119205298,0.000760671129270625,0.00151802107880698,388567,197,137931,105,37,0.40540540540540543,40.54054054054054,43.24324324324324,-0.00011900144385022893,-0.004500000108033419,0.9534068432089683,-0.017971578924381393,-0.004873334607127355,13.972972972972974,0.33398745840960065
baja_v1_short,2026-07-05T19:02:23.930197+00:00,corto_tp070_sl035_240m,short,sgd_101_moderado,estructura_velas,sgd,101,validacion_2024,0.81,0.001,526800,1119012,429634,0.26202733485193624,0.3155607007745877,1.2043045087372337,0.5879505905888734,0.3436293436293436,34.36293436293436,0.0006447593381436726,0.0012871036552297625,388594,170,137947,89,35,0.4,40.0,42.857142857142854,-0.00016865867229976826,-0.004500000108033419,0.9344105179025025,-0.02239070692531353,-0.00633700031140727,14.371428571428572,0.4070721738124197
baja_v1_short,2026-07-05T19:02:24.032671+00:00,corto_tp070_sl035_240m,short,sgd_101_moderado,estructura_velas,sgd,101,validacion_2024,0.82,0.001,526800,1119012,429634,0.26202733485193624,0.3155607007745877,1.2043045087372337,0.5879505905888734,0.3701923076923077,37.019230769230774,0.0005578254947984584,0.0011139723966320418,388633,131,137959,77,32,0.34375,34.375,37.5,-0.0007469704430841375,-0.004500000108033419,0.73441051550176,-0.0354380752361364,-0.02401043088297694,14.3125,0.37601257760287277
baja_v1_short,2026-07-05T19:02:24.140669+00:00,corto_tp070_sl035_240m,short,sgd_101_moderado,estructura_velas,sgd,101,validacion_2024,0.83,0.001,526800,1119012,429634,0.26202733485193624,0.3155607007745877,1.2043045087372337,0.5879505905888734,0.3791208791208791,37.91208791208791,0.0004998695992349822,0.0009984227814032905,388651,113,137967,69,23,0.2608695652173913,26.08695652173913,26.08695652173913,-0.001601762045255822,-0.004500000108033419,0.4942303703469114,-0.032075104966994505,-0.036430767099211225,16.956521739130434,0.44787633753961564
baja_v1_short,2026-07-05T19:02:24.248325+00:00,corto_tp070_sl035_240m,short,sgd_101_moderado,estructura_velas,sgd,101,validacion_2024,0.84,0.001,526800,1119012,429634,0.26202733485193624,0.3155607007745877,1.2043045087372337,0.5879505905888734,0.33962264150943394,33.9622641509434,0.0003912022950534643,0.0007815043959622273,388659,105,137982,54,21,0.23809523809523808,23.809523809523807,23.809523809523807,-0.001825739388043682,-0.004500000108033419,0.4389781855313991,-0.03349876139430907,-0.037848017072449114,17.238095238095237,0.5477233042336991
baja_v1_short,2026-07-05T19:02:24.354300+00:00,corto_tp070_sl035_240m,short,sgd_101_moderado,estructura_velas,sgd,101,validacion_2024,0.85,0.001,526800,1119012,429634,0.26202733485193624,0.3155607007745877,1.2043045087372337,0.5879505905888734,0.3253968253968254,32.53968253968254,0.00029702396476281547,0.0005935061739117848,388679,85,137995,41,16,0.3125,31.25,31.25,-0.0012187500067520887,-0.004500000108033419,0.6060606133355835,-0.020950688332584066,-0.019508548592314323,6.375,0.6153846230556274
baja_v1_short,2026-07-05T19:02:24.457974+00:00,corto_tp070_sl035_240m,short,sgd_101_moderado,estructura_velas,sgd,101,validacion_2024,0.86,0.001,526800,1119012,429634,0.26202733485193624,0.3155607007745877,1.2043045087372337,0.5879505905888734,0.3300970873786408,33.00970873786408,0.00024631255614477384,0.0004922577983046062,388695,69,138002,34,19,0.2631578947368421,26.31578947368421,26.31578947368421,-0.0017368421280070357,-0.004500000108033419,0.47619048190652996,-0.036947708144297375,-0.03268570799285264,5.368421052631579,0.5000000032737398
baja_v1_short,2026-07-05T19:02:24.561062+00:00,corto_tp070_sl035_240m,short,sgd_101_moderado,estructura_velas,sgd,101,validacion_2024,0.87,0.001,526800,1119012,429634,0.26202733485193624,0.3155607007745877,1.2043045087372337,0.5879505905888734,0.352112676056338,35.2112676056338,0.0001811121736358631,0.00036203812985583644,388718,46,138011,25,15,0.3333333333333333,33.33333333333333,33.33333333333333,-0.0010000000000000005,-0.004500000108033419,0.6666666746691419,-0.02669806699387256,-0.015076392251039406,4.666666666666667,0.4499999945983293
baja_v1_short,2026-07-05T19:02:24.666225+00:00,corto_tp070_sl035_240m,short,sgd_101_moderado,estructura_velas,sgd,101,validacion_2024,0.88,0.001,526800,1119012,429634,0.26202733485193624,0.3155607007745877,1.2043045087372337,0.5879505905888734,0.32,32.0,0.0001159117911269524,0.00023173964051388264,388730,34,138020,16,13,0.3076923076923077,30.76923076923077,30.76923076923077,-0.0012692307775410325,-0.004500000108033419,0.5925925997059039,-0.02669806699387256,-0.016525050955636278,4.3076923076923075,0.4615384547197845
baja_v1_short,2026-07-05T19:02:24.769764+00:00,corto_tp070_sl035_240m,short,sgd_101_moderado,estructura_velas,sgd,101,validacion_2024,0.89,0.001,526800,1119012,429634,0.26202733485193624,0.3155607007745877,1.2043045087372337,0.5879505905888734,0.35135135135135137,35.13513513513514,9.417833029064881e-05,0.00018830618585820544,388740,24,138023,13,12,0.25,25.0,25.0,-0.001875000027008355,-0.004500000108033419,0.444444449779428,-0.02669806699387256,-0.02239070692531342,3.3333333333333335,0.40000000384118817
baja_v1_short,2026-07-05T19:02:24.873026+00:00,corto_tp070_sl035_240m,short,sgd_101_moderado,estructura_velas,sgd,101,validacion_2024,0.9,0.001,526800,1119012,429634,0.26202733485193624,0.3155607007745877,1.2043045087372337,0.5879505905888734,0.43478260869565216,43.47826086956522,7.244486945434524e-05,0.0001448656009387291,388751,13,138026,10,6,0.5,50.0,50.0,0.0007500000540167092,0.0007500000540167093,1.333333349338284,-0.0045000001080335306,0.004425512703190915,2.8333333333333335,1.0
baja_v1_short,2026-07-05T19:02:24.980541+00:00,corto_tp070_sl035_240m,short,sgd_101_moderado,estructura_velas,sgd,101,validacion_2024,0.91,0.001,526800,1119012,429634,0.26202733485193624,0.3155607007745877,1.2043045087372337,0.5879505905888734,0.3125,31.25,3.622243472717262e-05,7.243647321299221e-05,388753,11,138031,5,4,0.5,50.0,50.0,0.0007500000540167093,0.0007500000540167093,1.333333349338284,-0.0045000001080334195,0.0029481699421394225,3.25,1.0
baja_v1_short,2026-07-05T19:02:25.086160+00:00,corto_tp070_sl035_240m,short,sgd_101_moderado,estructura_velas,sgd,101,validacion_2024,0.92,0.001,526800,1119012,429634,0.26202733485193624,0.3155607007745877,1.2043045087372337,0.5879505905888734,0.1,10.0,7.244486945434525e-06,1.4487924315083378e-05,388755,9,138035,1,2,0.5,50.0,50.0,0.0007500000540167093,0.0007500000540167093,1.333333349338284,0.0,0.001473000106412936,6.5,1.0
baja_v1_short,2026-07-05T19:02:25.190355+00:00,corto_tp070_sl035_240m,short,sgd_101_moderado,estructura_velas,sgd,101,validacion_2024,0.93,0.001,526800,1119012,429634,0.26202733485193624,0.3155607007745877,1.2043045087372337,0.5879505905888734,0.0,0.0,0.0,0.0,388756,8,138036,0,2,0.0,0.0,0.0,-0.004500000108033419,-0.004500000108033419,0.0,-0.0045000001080334195,-0.008979750215094562,2.5,1.0
baja_v1_short,2026-07-05T19:02:25.294358+00:00,corto_tp070_sl035_240m,short,sgd_101_moderado,estructura_velas,sgd,101,validacion_2024,0.94,0.001,526800,1119012,429634,0.26202733485193624,0.3155607007745877,1.2043045087372337,0.5879505905888734,0.0,0.0,0.0,0.0,388759,5,138036,0,1,0.0,0.0,0.0,-0.004500000108033419,-0.004500000108033419,0.0,0.0,-0.0045000001080334195,1.0,1.0
baja_v1_short,2026-07-05T19:02:25.399076+00:00,corto_tp070_sl035_240m,short,sgd_101_moderado,estructura_velas,sgd,101,validacion_2024,0.95,0.001,526800,1119012,429634,0.26202733485193624,0.3155607007745877,1.2043045087372337,0.5879505905888734,0.0,0.0,0.0,0.0,388760,4,138036,0,1,0.0,0.0,0.0,-0.004500000108033419,-0.004500000108033419,0.0,0.0,-0.0045000001080334195,1.0,1.0
baja_v1_short,2026-07-05T19:02:41.735355+00:00,corto_tp070_sl035_240m,short,histgb_101_moderado,estructura_velas,histgb,101,validacion_2023,0.05,0.001,521900,412558,187442,0.20943667369227822,0.26868010986469193,1.2828704024370587,0.6194999494827417,0.2176744466073973,21.76744466073973,0.9923150816522575,0.3570305878093138,22770,389825,840,108465,132,0.03787878787878788,3.787878787878788,19.696969696969695,-0.0014783728936190253,-0.0012167745042243041,0.2389489483124893,-0.17747796442300323,-0.1777759591092254,198.86363636363637,0.17131591279694153
baja_v1_short,2026-07-05T19:02:41.837596+00:00,corto_tp070_sl035_240m,short,histgb_101_moderado,estructura_velas,histgb,101,validacion_2023,0.06,0.001,521900,412558,187442,0.20943667369227822,0.26868010986469193,1.2828704024370587,0.6194999494827417,0.21857399906401795,21.857399906401795,0.9913087232971959,0.3581740741536524,25214,387381,950,108355,163,0.05521472392638037,5.521472392638037,25.153374233128833,-0.00129168135448244,-0.001346354441717267,0.33267245631719694,-0.19340752925130766,-0.19050485545855134,192.54601226993864,0.18182525279888842
baja_v1_short,2026-07-05T19:02:41.942635+00:00,corto_tp070_sl035_240m,short,histgb_101_moderado,estructura_velas,histgb,101,validacion_2023,0.07,0.001,521900,412558,187442,0.20943667369227822,0.26868010986469193,1.2828704024370587,0.6194999494827417,0.2196368846603455,21.96368846603455,0.9901010932711221,0.35952036489209205,28082,384513,1082,108223,199,0.06532663316582915,6.532663316582915,27.63819095477387,-0.001336211919472393,-0.001430107960710302,0.33803224616989214,-0.24122766582538924,-0.2342994399775552,190.17085427135677,0.1841177114474127
baja_v1_short,2026-07-05T19:02:42.051034+00:00,corto_tp070_sl035_240m,short,histgb_101_moderado,estructura_velas,histgb,101,validacion_2023,0.08,0.001,521900,412558,187442,0.20943667369227822,0.26868010986469193,1.2828704024370587,0.6194999494827417,0.2206929089471975,22.06929089471975,0.9885641096015736,0.360831627490725,31033,381562,1250,108055,236,0.059322033898305086,5.932203389830509,27.54237288135593,-0.001382750122250431,-0.0013856058174278587,0.31204317232093165,-0.28867101407006557,-0.27931057734563114,192.59322033898306,0.22431842863971518
baja_v1_short,2026-07-05T19:02:42.159012+00:00,corto_tp070_sl035_240m,short,histgb_101_moderado,estructura_velas,histgb,101,validacion_2023,0.09,0.001,521900,412558,187442,0.20943667369227822,0.26868010986469193,1.2828704024370587,0.6194999494827417,0.22185249892478429,22.185249892478428,0.9863135263711632,0.3622285612528433,34455,378140,1496,107809,278,0.07553956834532374,7.553956834532374,29.496402877697843,-0.0013143605758229157,-0.0016399459671229124,0.36035419639636035,-0.3128693479376907,-0.30715565142168666,187.21942446043167,0.21727349169283316
baja_v1_short,2026-07-05T19:02:42.271052+00:00,corto_tp070_sl035_240m,short,histgb_101_moderado,estructura_velas,histgb,101,validacion_2023,0.1,0.001,521900,412558,187442,0.20943667369227822,0.26868010986469193,1.2828704024370587,0.6194999494827417,0.22311777154285312,22.311777154285313,0.9828919079639541,0.36367975464691565,38513,374082,1870,107435,324,0.09259259259259259,9.25925925925926,31.48148148148148,-0.0011933788919773404,-0.0014533063038252294,0.42144887619572236,-0.33041698968504296,-0.3220070224307273,186.02469135802468,0.1618552481811139
baja_v1_short,2026-07-05T19:02:42.384340+00:00,corto_tp070_sl035_240m,short,histgb_101_moderado,estructura_velas,histgb,101,validacion_2023,0.11,0.001,521900,412558,187442,0.20943667369227822,0.26868010986469193,1.2828704024370587,0.6194999494827417,0.22472870545193355,22.472870545193356,0.9789396642422579,0.3655422855659256,43455,369140,2302,107003,380,0.09210526315789473,9.210526315789473,32.631578947368425,-0.001202107601154766,-0.0014772526444867254,0.41855354755841356,-0.3773805181101605,-0.3681623762376085,180.94736842105263,0.17388485295176265
baja_v1_short,2026-07-05T19:02:42.502355+00:00,corto_tp070_sl035_240m,short,histgb_101_moderado,estructura_velas,histgb,101,validacion_2023,0.12,0.001,521900,412558,187442,0.20943667369227822,0.26868010986469193,1.2828704024370587,0.6194999494827417,0.2264650468466246,22.64650468466246,0.9743104158089749,0.36750793270101784,48834,363761,2808,106497,437,0.10755148741418764,10.755148741418765,34.55377574370709,-0.0010810231583537819,-0.001493040366563946,0.47959596963241946,-0.37804462934577765,-0.37826995996004165,177.0800915331808,0.18452488551860904
baja_v1_short,2026-07-05T19:02:42.625943+00:00,corto_tp070_sl035_240m,short,histgb_101_moderado,estructura_velas,histgb,101,validacion_2023,0.13,0.001,521900,412558,187442,0.20943667369227822,0.26868010986469193,1.2828704024370587,0.6194999494827417,0.22833914203625752,22.833914203625753,0.969214583047436,0.36960283569175806,54576,358019,3365,105940,513,0.12280701754385964,12.280701754385964,33.13840155945419,-0.0011426005114923744,-0.001600358413066715,0.4721139471954258,-0.44530715345216165,-0.4455081152666871,171.6998050682261,0.19075568142426036
baja_v1_short,2026-07-05T19:02:42.745219+00:00,corto_tp070_sl035_240m,short,histgb_101_moderado,estructura_velas,histgb,101,validacion_2023,0.14,0.001,521900,412558,187442,0.20943667369227822,0.26868010986469193,1.2828704024370587,0.6194999494827417,0.23023149911770244,23.023149911770243,0.9620877361511367,0.37154965754937136,60994,351601,4144,105161,599,0.12687813021702837,12.687813021702837,33.2220367278798,-0.0010414269317679738,-0.0015876381183043122,0.51444301093778,-0.4683416084548947,-0.46636543040050393,170.70116861435727,0.19537019517231416
baja_v1_short,2026-07-05T19:02:42.865386+00:00,corto_tp070_sl035_240m,short,histgb_101_moderado,estructura_velas,histgb,101,validacion_2023,0.15,0.001,521900,412558,187442,0.20943667369227822,0.26868010986469193,1.2828704024370587,0.6194999494827417,0.2322116487938345,23.221164879383448,0.95348794657152,0.3734689782198938,67997,344598,5084,104221,669,0.13901345291479822,13.901345291479823,34.23019431988042,-0.0010693532061314024,-0.0016767275044694543,0.5175005959297425,-0.518157347068863,-0.5134379156689952,164.47234678624812,0.17387126271070155
baja_v1_short,2026-07-05T19:02:42.992669+00:00,corto_tp070_sl035_240m,short,histgb_101_moderado,estructura_velas,histgb,101,validacion_2023,0.16,0.001,521900,412558,187442,0.20943667369227822,0.26868010986469193,1.2828704024370587,0.6194999494827417,0.23387640487697467,23.387640487697468,0.9425643840629432,0.3747635607030613,75103,337492,6278,103027,733,0.14870395634379263,14.870395634379264,36.01637107776262,-0.0009365026077975681,-0.0015876381183043122,0.566983980365794,-0.5000227171571707,-0.4994316747069978,164.1568894952251,0.18415150854846585
baja_v1_short,2026-07-05T19:02:43.123712+00:00,corto_tp070_sl035_240m,short,histgb_101_moderado,estructura_velas,histgb,101,validacion_2023,0.17,0.001,521900,412558,187442,0.20943667369227822,0.26868010986469193,1.2828704024370587,0.6194999494827417,0.23583356304159997,23.58335630416,0.9314395498833539,0.37637242796832604,82699,329896,7494,101811,816,0.15808823529411764,15.808823529411764,35.661764705882355,-0.0009585103413353947,-0.0018405676926486194,0.5673838391947293,-0.5453329517403027,-0.5454976748218996,159.32598039215685,0.15352730306165072
baja_v1_short,2026-07-05T19:02:43.259445+00:00,corto_tp070_sl035_240m,short,histgb_101_moderado,estructura_velas,histgb,101,validacion_2023,0.18,0.001,521900,412558,187442,0.20943667369227822,0.26868010986469193,1.2828704024370587,0.6194999494827417,0.237954717696097,23.795471769609698,0.919207721513197,0.37804513258519973,90829,321766,8831,100474,875,0.15428571428571428,15.428571428571427,35.65714285714286,-0.0009538551628122934,-0.001809436896815896,0.5702763872280218,-0.5687733979369421,-0.5689296286887204,158.90057142857142,0.16907878471705795
baja_v1_short,2026-07-05T19:02:43.399002+00:00,corto_tp070_sl035_240m,short,histgb_101_moderado,estructura_velas,histgb,101,validacion_2023,0.19,0.001,521900,412558,187442,0.20943667369227822,0.26868010986469193,1.2828704024370587,0.6194999494827417,0.24011016585488848,24.011016585488846,0.9060701706234847,0.37962029537692565,99164,313431,10267,99038,956,0.14958158995815898,14.958158995815898,34.10041841004184,-0.001100077720143966,-0.0021620474397204817,0.527043722125446,-0.6531844691527906,-0.6533101182914416,153.34728033472803,0.14486096006352123
baja_v1_short,2026-07-05T19:02:43.539117+00:00,corto_tp070_sl035_240m,short,histgb_101_moderado,estructura_velas,histgb,101,validacion_2023,0.2,0.001,521900,412558,187442,0.20943667369227822,0.26868010986469193,1.2828704024370587,0.6194999494827417,0.24192574893134,24.192574893134,0.8910937285577055,0.3805380612292738,107389,305206,11904,97401,1019,0.1678115799803729,16.78115799803729,34.93621197252208,-0.001042394411704826,-0.002375258667394519,0.55717568844066,-0.6571300199232208,-0.657254239613039,148.30421982335622,0.1434862630893416
baja_v1_short,2026-07-05T19:02:43.687777+00:00,corto_tp070_sl035_240m,short,histgb_101_moderado,estructura_velas,histgb,101,validacion_2023,0.21,0.001,521900,412558,187442,0.20943667369227822,0.26868010986469193,1.2828704024370587,0.6194999494827417,0.24353080725547394,24.353080725547393,0.8752939023832396,0.38104455290769806,115407,297188,13631,95674,1088,0.16544117647058823,16.544117647058822,34.74264705882353,-0.0010695941704039424,-0.0023997411588206887,0.548520415401241,-0.6904096536797196,-0.6905218163624427,147.2371323529412,0.14899415403743163
baja_v1_short,2026-07-05T19:02:43.836871+00:00,corto_tp070_sl035_240m,short,histgb_101_moderado,estructura_velas,histgb,101,validacion_2023,0.22,0.001,521900,412558,187442,0.20943667369227822,0.26868010986469193,1.2828704024370587,0.6194999494827417,0.24518387876412567,24.518387876412568,0.8584968665660309,0.38143202650244906,123708,288887,15467,93838,1172,0.16552901023890784,16.552901023890783,33.87372013651877,-0.0011452615604734158,-0.0029805015763267875,0.5279439223234239,-0.741247156378114,-0.7413409009455652,144.39505119453923,0.123446062965157
baja_v1_short,2026-07-05T19:02:43.980794+00:00,corto_tp070_sl035_240m,short,histgb_101_moderado,estructura_velas,histgb,101,validacion_2023,0.23,0.001,521900,412558,187442,0.20943667369227822,0.26868010986469193,1.2828704024370587,0.6194999494827417,0.24683330019293087,24.683330019293088,0.8404007135995608,0.3815901250158373,132301,280294,17445,91860,1232,0.17613636363636365,17.613636363636363,33.603896103896105,-0.001132043251390989,-0.0030421348745003343,0.536321142210269,-0.754637772229875,-0.7547266654593723,141.98295454545453,0.13107846631930534
baja_v1_short,2026-07-05T19:02:44.133307+00:00,corto_tp070_sl035_240m,short,histgb_101_moderado,estructura_velas,histgb,101,validacion_2023,0.24,0.001,521900,412558,187442,0.20943667369227822,0.26868010986469193,1.2828704024370587,0.6194999494827417,0.24883724788603093,24.883724788603093,0.8232926215635149,0.38216614608437893,140943,271652,19315,89990,1326,0.1870286576168929,18.702865761689292,34.087481146304675,-0.0011078686826120833,-0.004500000108033419,0.5555192638648403,-0.7724066597680718,-0.772596817345307,135.80241327300152,0.1304632362888982
baja_v1_short,2026-07-05T19:02:44.290385+00:00,corto_tp070_sl035_240m,short,histgb_101_moderado,estructura_velas,histgb,101,validacion_2023,0.25,0.001,521900,412558,187442,0.20943667369227822,0.26868010986469193,1.2828704024370587,0.6194999494827417,0.2504806473572228,25.04806473572228,0.8045469100224143,0.3820249612288605,149447,263148,21364,87941,1383,0.19884309472161968,19.884309472161966,33.33333333333333,-0.001126227189628708,-0.004500000108033419,0.5589141646902472,-0.7918863046976986,-0.7920601867455996,130.90093998553868,0.12534517530650885
baja_v1_short,2026-07-05T19:02:44.444038+00:00,corto_tp070_sl035_240m,short,histgb_101_moderado,estructura_velas,histgb,101,validacion_2023,0.26,0.001,521900,412558,187442,0.20943667369227822,0.26868010986469193,1.2828704024370587,0.6194999494827417,0.2524482078795126,25.244820787951262,0.7860665111385573,0.38216325368726317,158165,254430,23384,85921,1430,0.2,20.0,34.33566433566433,-0.0010668283660059492,-0.004500000108033419,0.5767182285056128,-0.7852039841490794,-0.7853950083069285,130.53496503496504,0.12649707009835165
baja_v1_short,2026-07-05T19:02:44.604772+00:00,corto_tp070_sl035_240m,short,histgb_101_moderado,estructura_velas,histgb,101,validacion_2023,0.27,0.001,521900,412558,187442,0.20943667369227822,0.26868010986469193,1.2828704024370587,0.6194999494827417,0.2543329425129548,25.43329425129548,0.7660399798728329,0.3818784248176281,167105,245490,25573,83732,1516,0.20778364116094986,20.778364116094984,35.8179419525066,-0.0010127009058099904,-0.004500000108033419,0.5956290381180441,-0.7873678668283703,-0.787661450543245,128.23416886543535,0.12647480911200865
baja_v1_short,2026-07-05T19:02:44.764984+00:00,corto_tp070_sl035_240m,short,histgb_101_moderado,estructura_velas,histgb,101,validacion_2023,0.28,0.001,521900,412558,187442,0.20943667369227822,0.26868010986469193,1.2828704024370587,0.6194999494827417,0.25655749058718347,25.655749058718346,0.7455834591281277,0.3817527291975539,176439,236156,27809,81496,1570,0.20828025477707007,20.82802547770701,35.35031847133758,-0.0010322731752449856,-0.004500000108033419,0.592665386338419,-0.8050448802554393,-0.805180815673426,125.34777070063694,0.12496883693301337
baja_v1_short,2026-07-05T19:02:44.926519+00:00,corto_tp070_sl035_240m,short,histgb_101_moderado,estructura_velas,histgb,101,validacion_2023,0.29,0.001,521900,412558,187442,0.20943667369227822,0.26868010986469193,1.2828704024370587,0.6194999494827417,0.25905938540240886,25.905938540240886,0.7255203330131283,0.38179305962101373,185779,226816,30002,79303,1636,0.21210268948655256,21.210268948655255,34.90220048899755,-0.0010364691612944929,-0.004500000108033419,0.5933075644883488,-0.8191805787235961,-0.8193968509713311,122.82823960880195,0.1352323865813667
baja_v1_short,2026-07-05T19:02:45.108689+00:00,corto_tp070_sl035_240m,short,histgb_101_moderado,estructura_velas,histgb,101,validacion_2023,0.3,0.001,521900,412558,187442,0.20943667369227822,0.26868010986469193,1.2828704024370587,0.6194999494827417,0.26122933048791264,26.122933048791264,0.7032889620785875,0.38095639267652676,195194,217401,32432,76873,1726,0.21436848203939746,21.436848203939746,35.515643105446124,-0.000998928249376254,-0.004500000108033419,0.6046749445616566,-0.8243722364155759,-0.8246196265671435,121.18771726535341,0.1264812849041672
baja_v1_short,2026-07-05T19:02:45.275882+00:00,corto_tp070_sl035_240m,short,histgb_101_moderado,estructura_velas,histgb,101,validacion_2023,0.31,0.001,521900,412558,187442,0.20943667369227822,0.26868010986469193,1.2828704024370587,0.6194999494827417,0.2633854681679798,26.33854681679798,0.6798865559672476,0.3796831333118751,204757,207838,34990,74315,1792,0.21707589285714285,21.707589285714285,34.70982142857143,-0.001068422015304342,-0.004500000108033419,0.5889268742123334,-0.8549824337786279,-0.8551867062521552,115.73660714285714,0.12349496743117298
baja_v1_short,2026-07-05T19:02:45.446693+00:00,corto_tp070_sl035_240m,short,histgb_101_moderado,estructura_velas,histgb,101,validacion_2023,0.32,0.001,521900,412558,187442,0.20943667369227822,0.26868010986469193,1.2828704024370587,0.6194999494827417,0.2657143915814436,26.57143915814436,0.6560633090892457,0.37823753576750135,214426,198169,37594,71711,1867,0.22603106588109267,22.603106588109267,35.13658275307981,-0.0010273426907924969,-0.004500000108033419,0.604893390016041,-0.855625753748235,-0.8558291200380159,113.3251205141939,0.13608139822979157
baja_v1_short,2026-07-05T19:02:45.658970+00:00,corto_tp070_sl035_240m,short,histgb_101_moderado,estructura_velas,histgb,101,validacion_2023,0.33,0.001,521900,412558,187442,0.20943667369227822,0.26868010986469193,1.2828704024370587,0.6194999494827417,0.26824921668433255,26.824921668433255,0.6320845341018252,0.37665183828339655,224126,188469,40215,69090,1927,0.22677737415672028,22.677737415672027,34.665282823041,-0.0010547452150765594,-0.004500000108033419,0.598875614315409,-0.8715036771327107,-0.8715169307406593,109.9231966787753,0.12317633728350881
baja_v1_short,2026-07-05T19:02:45.833021+00:00,corto_tp070_sl035_240m,short,histgb_101_moderado,estructura_velas,histgb,101,validacion_2023,0.34,0.001,521900,412558,187442,0.20943667369227822,0.26868010986469193,1.2828704024370587,0.6194999494827417,0.2702177754020296,27.02177754020296,0.6058460271716756,0.3737407371872654,233748,178847,43083,66222,2019,0.2382367508667657,23.82367508667657,34.5715700842001,-0.0010118067219877429,-0.004500000108033419,0.6156220925760769,-0.8729962624262909,-0.8730049663728764,106.04507181773155,0.11742274634268328
baja_v1_short,2026-07-05T19:02:46.011242+00:00,corto_tp070_sl035_240m,short,histgb_101_moderado,estructura_velas,histgb,101,validacion_2023,0.35,0.001,521900,412558,187442,0.20943667369227822,0.26868010986469193,1.2828704024370587,0.6194999494827417,0.2720628382997201,27.206283829972012,0.578939664242258,0.3701703997051787,243279,169316,46024,63281,2110,0.24028436018957347,24.028436018957347,34.502369668246445,-0.001028628606177469,-0.004500000108033419,0.6137359271283995,-0.8883390617097675,-0.8883505788510073,100.79668246445497,0.1296352154771483
baja_v1_short,2026-07-05T19:02:46.191753+00:00,corto_tp070_sl035_240m,short,histgb_101_moderado,estructura_velas,histgb,101,validacion_2023,0.36,0.001,521900,412558,187442,0.20943667369227822,0.26868010986469193,1.2828704024370587,0.6194999494827417,0.2745371255794468,27.45371255794468,0.5515758656969032,0.3666037317085777,253279,159316,49015,60290,2180,0.2536697247706422,25.36697247706422,35.137614678899084,-0.0009528743633447381,-0.004500000108033419,0.6418979126211085,-0.8785060387319328,-0.8776071395132519,98.1651376146789,0.13386914844625503
baja_v1_short,2026-07-05T19:02:46.375219+00:00,corto_tp070_sl035_240m,short,histgb_101_moderado,estructura_velas,histgb,101,validacion_2023,0.37,0.001,521900,412558,187442,0.20943667369227822,0.26868010986469193,1.2828704024370587,0.6194999494827417,0.27634514403733185,27.634514403733185,0.5190247472668222,0.3606623034402525,264033,148562,52573,56732,2302,0.25065160729800173,25.065160729800173,34.2745438748914,-0.0010492250938902224,-0.004500000108033419,0.6139753870407967,-0.9132268410665418,-0.9128383704941823,94.61120764552562,0.15286688179508626
baja_v1_short,2026-07-05T19:02:46.556087+00:00,corto_tp070_sl035_240m,short,histgb_101_moderado,estructura_velas,histgb,101,validacion_2023,0.38,0.001,521900,412558,187442,0.20943667369227822,0.26868010986469193,1.2828704024370587,0.6194999494827417,0.27791098495779054,27.791098495779053,0.4845981428113993,0.3532420590726304,274967,137628,56336,52969,2385,0.2658280922431866,26.58280922431866,34.926624737945495,-0.0009425980511768555,-0.004500000108033419,0.6499421745723386,-0.8983584776846102,-0.8971134530208115,90.35262054507338,0.146098939461424
baja_v1_short,2026-07-05T19:02:46.737479+00:00,corto_tp070_sl035_240m,short,histgb_101_moderado,estructura_velas,histgb,101,validacion_2023,0.39,0.001,521900,412558,187442,0.20943667369227822,0.26868010986469193,1.2828704024370587,0.6194999494827417,0.27956387715492637,27.956387715492635,0.44804903709802846,0.3442993479445313,286389,126206,60331,48974,2506,0.28012769353551475,28.012769353551477,35.31524341580207,-0.00088651914046011,-0.004500000108033419,0.6713388246421385,-0.8970362850237569,-0.8945581611997834,84.57222665602553,0.17484919289282466
baja_v1_short,2026-07-05T19:02:46.922550+00:00,corto_tp070_sl035_240m,short,histgb_101_moderado,estructura_velas,histgb,101,validacion_2023,0.4,0.001,521900,412558,187442,0.20943667369227822,0.26868010986469193,1.2828704024370587,0.6194999494827417,0.28123095481933386,28.123095481933387,0.409505512099172,0.33345749554878457,298195,114400,64544,44761,2598,0.28560431100846806,28.560431100846806,35.71978444957659,-0.0008443510439341374,-0.004500000108033419,0.6862385524195885,-0.8924176220210561,-0.8917019524049162,82.01732101616628,0.17091309705820662
baja_v1_short,2026-07-05T19:02:47.109195+00:00,corto_tp070_sl035_240m,short,histgb_101_moderado,estructura_velas,histgb,101,validacion_2023,0.41,0.001,521900,412558,187442,0.20943667369227822,0.26868010986469193,1.2828704024370587,0.6194999494827417,0.2835820895522388,28.35820895522388,0.3695530854032295,0.32090948452215917,310547,102048,68911,40394,2632,0.28913373860182373,28.91337386018237,35.790273556231,-0.0008365659150117347,-0.004500000108033419,0.6905760678788193,-0.8941699428283622,-0.8926546673626276,79.22340425531915,0.17111346106502917
baja_v1_short,2026-07-05T19:02:47.294862+00:00,corto_tp070_sl035_240m,short,histgb_101_moderado,estructura_velas,histgb,101,validacion_2023,0.42,0.001,521900,412558,187442,0.20943667369227822,0.26868010986469193,1.2828704024370587,0.6194999494827417,0.28671518401481055,28.671518401481055,0.32871323361236904,0.30628119392552244,323209,89386,73375,35930,2632,0.2887537993920973,28.87537993920973,35.296352583586625,-0.0008979242409574156,-0.004500000108033419,0.6738038284979582,-0.9094039630336227,-0.9086913441368683,76.24202127659575,0.1857096942607134
baja_v1_short,2026-07-05T19:02:47.474364+00:00,corto_tp070_sl035_240m,short,histgb_101_moderado,estructura_velas,histgb,101,validacion_2023,0.43,0.001,521900,412558,187442,0.20943667369227822,0.26868010986469193,1.2828704024370587,0.6194999494827417,0.2883181517666936,28.831815176669362,0.287260418096153,0.28778831303933383,335090,77505,77906,31399,2506,0.29249800478850757,29.24980047885076,35.43495610534716,-0.0008898618460641903,-0.004500000108033419,0.6771108833405417,-0.8953686302029661,-0.8955280628587745,76.62450119712689,0.19940015999240532
baja_v1_short,2026-07-05T19:02:47.670959+00:00,corto_tp070_sl035_240m,short,histgb_101_moderado,estructura_velas,histgb,101,validacion_2023,0.44,0.001,521900,412558,187442,0.20943667369227822,0.26868010986469193,1.2828704024370587,0.6194999494827417,0.28745122069210177,28.745122069210176,0.24462741869081928,0.2643160048634382,346313,66282,82566,26739,2370,0.29324894514767935,29.324894514767934,35.485232067510545,-0.0008936196809818247,-0.004500000108033419,0.6760844736379582,-0.8830634253278412,-0.8829555386979389,75.0831223628692,0.195039556022337
baja_v1_short,2026-07-05T19:02:47.879499+00:00,corto_tp070_sl035_240m,short,histgb_101_moderado,estructura_velas,histgb,101,validacion_2023,0.45,0.001,521900,412558,187442,0.20943667369227822,0.26868010986469193,1.2828704024370587,0.6194999494827417,0.28762707347099364,28.762707347099365,0.2073372672796304,0.24097013259045816,356465,56130,86642,22663,2148,0.2956238361266294,29.56238361266294,35.66108007448789,-0.000849146939256022,-0.004500000108033419,0.689180217106365,-0.8424715412688657,-0.8425581161499749,76.61173184357541,0.2196378895718937
baja_v1_short,2026-07-05T19:02:48.045267+00:00,corto_tp070_sl035_240m,short,histgb_101_moderado,estructura_velas,histgb,101,validacion_2023,0.46,0.001,521900,412558,187442,0.20943667369227822,0.26868010986469193,1.2828704024370587,0.6194999494827417,0.28751478751478754,28.751478751478754,0.17343213942637573,0.21635594816222417,365618,46977,90348,18957,1900,0.2931578947368421,29.315789473684212,36.10526315789473,-0.0008321885316566922,-0.004500000108033419,0.6936905955845848,-0.7998959139838876,-0.7986969815601157,79.71736842105263,0.20894423385248792
baja_v1_short,2026-07-05T19:02:48.209521+00:00,corto_tp070_sl035_240m,short,histgb_101_moderado,estructura_velas,histgb,101,validacion_2023,0.47,0.001,521900,412558,187442,0.20943667369227822,0.26868010986469193,1.2828704024370587,0.6194999494827417,0.2891308716861857,28.913087168618567,0.14477837244407848,0.1929430985503359,373687,38908,93480,15825,1665,0.29429429429429427,29.429429429429426,36.27627627627628,-0.0008097027290396412,-0.004500000108033419,0.700586368984065,-0.74960069956315,-0.7451933525402367,79.66666666666667,0.20479319433393026
baja_v1_short,2026-07-05T19:02:48.359183+00:00,corto_tp070_sl035_240m,short,histgb_101_moderado,estructura_velas,histgb,101,validacion_2023,0.48,0.001,521900,412558,187442,0.20943667369227822,0.26868010986469193,1.2828704024370587,0.6194999494827417,0.2869689948140792,28.69689948140792,0.11896985499290975,0.16820592420126762,380284,32311,96301,13004,1441,0.2886884108258154,28.868841082581543,35.94725884802221,-0.0008292839131027451,-0.004500000108033419,0.6922614714215664,-0.7073024656645358,-0.7021955769304615,81.84038861901458,0.19192373976460464
baja_v1_short,2026-07-05T19:02:48.504270+00:00,corto_tp070_sl035_240m,short,histgb_101_moderado,estructura_velas,histgb,101,validacion_2023,0.49,0.001,521900,412558,187442,0.20943667369227822,0.26868010986469193,1.2828704024370587,0.6194999494827417,0.287314530143029,28.7314530143029,0.098321211289511,0.14650671392543113,385937,26658,98558,10747,1271,0.28481510621557826,28.481510621557828,35.562549173878836,-0.000870275708079,-0.004500000108033419,0.679560566131034,-0.677103119654717,-0.6738858357683598,83.47521636506687,0.22762838571609117
baja_v1_short,2026-07-05T19:02:48.647088+00:00,corto_tp070_sl035_240m,short,histgb_101_moderado,estructura_velas,histgb,101,validacion_2023,0.5,0.001,521900,412558,187442,0.20943667369227822,0.26868010986469193,1.2828704024370587,0.6194999494827417,0.28640015677052716,28.640015677052716,0.08022505832304103,0.1253403657726035,390746,21849,100536,8769,1063,0.28974600188146754,28.974600188146756,36.876763875823144,-0.0007654352112126837,-0.004500000108033419,0.7111328589546102,-0.5662359572338993,-0.5620452448367604,88.68109125117591,0.30455770318757486
baja_v1_short,2026-07-05T19:02:48.780535+00:00,corto_tp070_sl035_240m,short,histgb_101_moderado,estructura_velas,histgb,101,validacion_2023,0.51,0.001,521900,412558,187442,0.20943667369227822,0.26868010986469193,1.2828704024370587,0.6194999494827417,0.28237402907787296,28.237402907787295,0.06485522162755591,0.10548322297448107,394579,18016,102216,7089,891,0.28619528619528617,28.619528619528616,37.59820426487093,-0.0007029192870411908,-0.004500000108033419,0.7288266401886251,-0.4796190669053284,-0.4707014028503128,92.65656565656566,0.23878882152654188
baja_v1_short,2026-07-05T19:02:48.911742+00:00,corto_tp070_sl035_240m,short,histgb_101_moderado,estructura_velas,histgb,101,validacion_2023,0.52,0.001,521900,412558,187442,0.20943667369227822,0.26868010986469193,1.2828704024370587,0.6194999494827417,0.28274366807923523,28.274366807923524,0.05249531128493665,0.08855006597273127,398039,14556,103567,5738,740,0.2797297297297297,27.972972972972972,36.62162162162162,-0.0007816439057813214,-0.004500000108033419,0.7001778745364584,-0.4496206057496843,-0.4437419145418522,98.28108108108108,0.20765675791758612
baja_v1_short,2026-07-05T19:02:49.033476+00:00,corto_tp070_sl035_240m,short,histgb_101_moderado,estructura_velas,histgb,101,validacion_2023,0.53,0.001,521900,412558,187442,0.20943667369227822,0.26868010986469193,1.2828704024370587,0.6194999494827417,0.2841636685163729,28.416366851637292,0.0426329994053337,0.07414242983516833,400856,11739,104645,4660,641,0.2745709828393136,27.45709828393136,35.569422776911075,-0.000848169456515752,-0.004500000108033419,0.676651504849844,-0.4284872308195282,-0.4234175636088785,97.87207488299532,0.18532555401649647
baja_v1_short,2026-07-05T19:02:49.152724+00:00,corto_tp070_sl035_240m,short,histgb_101_moderado,estructura_velas,histgb,101,validacion_2023,0.54,0.001,521900,412558,187442,0.20943667369227822,0.26868010986469193,1.2828704024370587,0.6194999494827417,0.28066984920815335,28.066984920815337,0.03388683042861717,0.06047248208192519,403102,9493,105601,3704,541,0.28650646950092423,28.650646950092423,36.96857670979667,-0.000720669706789312,-0.004500000108033419,0.7210657357548234,-0.3694925324248546,-0.3268896296001279,100.29020332717191,0.22899387095894252
baja_v1_short,2026-07-05T19:02:49.274591+00:00,corto_tp070_sl035_240m,short,histgb_101_moderado,estructura_velas,histgb,101,validacion_2023,0.55,0.001,521900,412558,187442,0.20943667369227822,0.26868010986469193,1.2828704024370587,0.6194999494827417,0.28267880857522293,28.267880857522293,0.02726316270984859,0.04973007250911579,405033,7562,106325,2980,459,0.28322440087145967,28.322440087145967,37.254901960784316,-0.0007025579951995478,-0.004500000108033419,0.7270931324195167,-0.35137364197553655,-0.2792951584952831,101.72331154684096,0.21971891340987343
baja_v1_short,2026-07-05T19:02:49.390583+00:00,corto_tp070_sl035_240m,short,histgb_101_moderado,estructura_velas,histgb,101,validacion_2023,0.56,0.001,521900,412558,187442,0.20943667369227822,0.26868010986469193,1.2828704024370587,0.6194999494827417,0.283355271030274,28.335527103027403,0.021664150770779014,0.04025088813720658,406606,5989,106937,2368,385,0.2623376623376623,26.233766233766232,35.064935064935064,-0.0008629095191181362,-0.004500000108033419,0.6713975041549041,-0.32968573787517985,-0.2856430839662789,104.94805194805195,0.2622176542246304
baja_v1_short,2026-07-05T19:02:49.506450+00:00,corto_tp070_sl035_240m,short,histgb_101_moderado,estructura_velas,histgb,101,validacion_2023,0.57,0.001,521900,412558,187442,0.20943667369227822,0.26868010986469193,1.2828704024370587,0.6194999494827417,0.28084267959987874,28.084267959987873,0.016952563926627327,0.03197501358894938,407850,4745,107452,1853,339,0.26548672566371684,26.548672566371685,33.92330383480826,-0.0009468686169729582,-0.004500000108033419,0.6475187141205729,-0.3318434030698305,-0.27724405379282346,103.50147492625369,0.32122804071488237
baja_v1_short,2026-07-05T19:02:49.614583+00:00,corto_tp070_sl035_240m,short,histgb_101_moderado,estructura_velas,histgb,101,validacion_2023,0.58,0.001,521900,412558,187442,0.20943667369227822,0.26868010986469193,1.2828704024370587,0.6194999494827417,0.26779919832029014,26.779919832029016,0.012835643383193816,0.02449713647157424,408759,3836,107902,1403,271,0.25461254612546125,25.461254612546124,33.210332103321036,-0.0010246915290457383,-0.004500000108033419,0.6196201578323154,-0.29241244537278654,-0.24465783993963452,109.11070110701107,0.3162719588508337
baja_v1_short,2026-07-05T19:02:49.727108+00:00,corto_tp070_sl035_240m,short,histgb_101_moderado,estructura_velas,histgb,101,validacion_2023,0.59,0.001,521900,412558,187442,0.20943667369227822,0.26868010986469193,1.2828704024370587,0.6194999494827417,0.24601813281058565,24.601813281058565,0.009185307168016101,0.0177094173883901,409518,3077,108301,1004,225,0.23555555555555555,23.555555555555554,32.44444444444444,-0.001209576976146006,-0.004500000108033419,0.5665201257265811,-0.28286208924435985,-0.24007909000120775,106.2,0.31390831892255083
baja_v1_short,2026-07-05T19:02:49.836066+00:00,corto_tp070_sl035_240m,short,histgb_101_moderado,estructura_velas,histgb,101,validacion_2023,0.6,0.001,521900,412558,187442,0.20943667369227822,0.26868010986469193,1.2828704024370587,0.6194999494827417,0.21494143716365938,21.494143716365937,0.0062119756644252325,0.012074975103144116,410115,2480,108626,679,194,0.23711340206185566,23.711340206185564,32.98969072164948,-0.0011427068808008008,-0.004500000108033419,0.5857283883468697,-0.24470378872068,-0.2004783476030364,112.73195876288659,0.2571812121846255
baja_v1_short,2026-07-05T19:02:49.941942+00:00,corto_tp070_sl035_240m,short,histgb_101_moderado,estructura_velas,histgb,101,validacion_2023,0.61,0.001,521900,412558,187442,0.20943667369227822,0.26868010986469193,1.2828704024370587,0.6194999494827417,0.1832220367278798,18.32220367278798,0.004016284707927359,0.007860269827485878,410638,1957,108866,439,151,0.23841059602649006,23.841059602649008,32.450331125827816,-0.0011603527596322142,-0.004500000108033419,0.5790970708598803,-0.19119451152966793,-0.16205733400777622,115.75496688741723,0.23033149053513516
baja_v1_short,2026-07-05T19:02:50.044819+00:00,corto_tp070_sl035_240m,short,histgb_101_moderado,estructura_velas,histgb,101,validacion_2023,0.62,0.001,521900,412558,187442,0.20943667369227822,0.26868010986469193,1.2828704024370587,0.6194999494827417,0.15792410714285715,15.792410714285715,0.002589085586203742,0.005094647020171561,411086,1509,109022,283,126,0.23015873015873015,23.015873015873016,30.158730158730158,-0.0013184630588207044,-0.004500000108033419,0.5320577957978453,-0.17279912062076874,-0.15417276503781463,113.16666666666667,0.22258775206651368
baja_v1_short,2026-07-05T19:02:50.154396+00:00,corto_tp070_sl035_240m,short,histgb_101_moderado,estructura_velas,histgb,101,validacion_2023,0.63,0.001,521900,412558,187442,0.20943667369227822,0.26868010986469193,1.2828704024370587,0.6194999494827417,0.12837837837837837,12.837837837837837,0.0015644298065047345,0.0030911901081916537,411434,1161,109134,171,105,0.22857142857142856,22.857142857142858,31.428571428571427,-0.0012281258008830873,-0.004500000108033419,0.5508488203348105,-0.14386828190243783,-0.12192673297277301,117.17142857142858,0.17392059267755458
baja_v1_short,2026-07-05T19:02:50.259411+00:00,corto_tp070_sl035_240m,short,histgb_101_moderado,estructura_velas,histgb,101,validacion_2023,0.64,0.001,521900,412558,187442,0.20943667369227822,0.26868010986469193,1.2828704024370587,0.6194999494827417,0.1011011011011011,10.11011011011011,0.0009240199441928549,0.0018313025819553235,411697,898,109204,101,84,0.2261904761904762,22.61904761904762,29.761904761904763,-0.0012564303806052307,-0.004500000108033419,0.5393630684581417,-0.11936306588502221,-0.10092694648653577,116.83333333333333,0.15336015955850082
baja_v1_short,2026-07-05T19:02:50.367443+00:00,corto_tp070_sl035_240m,short,histgb_101_moderado,estructura_velas,histgb,101,validacion_2023,0.65,0.001,521900,412558,187442,0.20943667369227822,0.26868010986469193,1.2828704024370587,0.6194999494827417,0.08957219251336898,8.957219251336898,0.0006129637253556562,0.0012175951586962646,411914,681,109238,67,64,0.25,25.0,31.25,-0.0010440976048707853,-0.004500000108033419,0.5998905179096553,-0.09342463339298801,-0.0652522173632567,112.375,0.17865531335088342
baja_v1_short,2026-07-05T19:02:50.468986+00:00,corto_tp070_sl035_240m,short,histgb_101_moderado,estructura_velas,histgb,101,validacion_2023,0.66,0.001,521900,412558,187442,0.20943667369227822,0.26868010986469193,1.2828704024370587,0.6194999494827417,0.07927927927927927,7.927927927927928,0.00040254334202461,0.0008010194793373384,412084,511,109261,44,48,0.20833333333333334,20.833333333333336,27.083333333333332,-0.0015460928040671815,-0.004500000108033419,0.46142555051267287,-0.07606581264289325,-0.07197693015983186,108.1875,0.20341181296183805
baja_v1_short,2026-07-05T19:02:50.574621+00:00,corto_tp070_sl035_240m,short,histgb_101_moderado,estructura_velas,histgb,101,validacion_2023,0.67,0.001,521900,412558,187442,0.20943667369227822,0.26868010986469193,1.2828704024370587,0.6194999494827417,0.06356968215158924,6.356968215158925,0.00023786652028726956,0.0004739595676030406,412212,383,109279,26,41,0.17073170731707318,17.073170731707318,24.390243902439025,-0.0017957401583375832,-0.004500000108033419,0.38324768281290533,-0.0742857615221667,-0.07134426336683375,114.0,0.20974781066001855
baja_v1_short,2026-07-05T19:02:50.678841+00:00,corto_tp070_sl035_240m,short,histgb_101_moderado,estructura_velas,histgb,101,validacion_2023,0.68,0.001,521900,412558,187442,0.20943667369227822,0.26868010986469193,1.2828704024370587,0.6194999494827417,0.02456140350877193,2.456140350877193,6.404098623118796e-05,0.0001277488821972808,412317,278,109298,7,31,0.0967741935483871,9.67741935483871,19.35483870967742,-0.002279790024484335,-0.004500000108033419,0.23415317915691997,-0.06634415762167534,-0.06847443086588745,130.80645161290323,0.17996661844444048
baja_v1_short,2026-07-05T19:02:50.782735+00:00,corto_tp070_sl035_240m,short,histgb_101_moderado,estructura_velas,histgb,101,validacion_2023,0.69,0.001,521900,412558,187442,0.20943667369227822,0.26868010986469193,1.2828704024370587,0.6194999494827417,0.009523809523809525,0.9523809523809524,1.8297424637482276e-05,3.652467698488791e-05,412387,208,109303,2,20,0.05,5.0,15.0,-0.002509342823919724,-0.004500000108033419,0.1701336290140186,-0.04620243023558168,-0.04909589772860379,132.75,0.25860720964865713
baja_v1_short,2026-07-05T19:02:50.891685+00:00,corto_tp070_sl035_240m,short,histgb_101_moderado,estructura_velas,histgb,101,validacion_2023,0.7,0.001,521900,412558,187442,0.20943667369227822,0.26868010986469193,1.2828704024370587,0.6194999494827417,0.01282051282051282,1.282051282051282,1.8297424637482276e-05,3.654269557193886e-05,412441,154,109303,2,12,0.08333333333333333,8.333333333333332,25.0,-0.0016192667433424506,-0.00273290432394424,0.32873989944816506,-0.02292311691960225,-0.01932489352207578,168.5,0.2765416688123125
baja_v1_short,2026-07-05T19:02:50.994334+00:00,corto_tp070_sl035_240m,short,histgb_101_moderado,estructura_velas,histgb,101,validacion_2023,0.71,0.001,521900,412558,187442,0.20943667369227822,0.26868010986469193,1.2828704024370587,0.6194999494827417,0.017543859649122806,1.7543859649122806,1.8297424637482276e-05,3.655672232427641e-05,412483,112,109303,2,10,0.1,10.0,30.0,-0.0019460135363042357,-0.004500000108033419,0.2909705270866033,-0.020792881920344453,-0.019350509731212773,149.4,0.3229475619922374
baja_v1_short,2026-07-05T19:02:51.094644+00:00,corto_tp070_sl035_240m,short,histgb_101_moderado,estructura_velas,histgb,101,validacion_2023,0.72,0.001,521900,412558,187442,0.20943667369227822,0.26868010986469193,1.2828704024370587,0.6194999494827417,0.011111111111111112,1.1111111111111112,9.148712318741138e-06,1.8282371223547696e-05,412506,89,109304,1,9,0.1111111111111111,11.11111111111111,22.22222222222222,-0.0022373778477518098,-0.004500000108033419,0.26633082152085824,-0.02145463816047033,-0.020013240738350868,134.22222222222223,0.3323871554970265
baja_v1_short,2026-07-05T19:02:51.197471+00:00,corto_tp070_sl035_240m,short,histgb_101_moderado,estructura_velas,histgb,101,validacion_2023,0.73,0.001,521900,412558,187442,0.20943667369227822,0.26868010986469193,1.2828704024370587,0.6194999494827417,0.012658227848101266,1.2658227848101267,9.148712318741138e-06,1.8284209756454325e-05,412517,78,109304,1,7,0.14285714285714285,14.285714285714285,28.57142857142857,-0.0016817894921238934,-0.004500000108033419,0.3752876432007257,-0.017656347218519053,-0.011762285089578217,144.57142857142858,0.36180099701805063
baja_v1_short,2026-07-05T19:02:51.303257+00:00,corto_tp070_sl035_240m,short,histgb_101_moderado,estructura_velas,histgb,101,validacion_2023,0.74,0.001,521900,412558,187442,0.20943667369227822,0.26868010986469193,1.2828704024370587,0.6194999494827417,0.0,0.0,0.0,0.0,412529,66,109305,0,4,0.0,0.0,25.0,-0.0010554289581486955,-0.001393384980270639,0.20253266069763076,-0.002785129477841708,-0.0042187594738594125,240.0,0.4377520091102096
baja_v1_short,2026-07-05T19:02:51.408082+00:00,corto_tp070_sl035_240m,short,histgb_101_moderado,estructura_velas,histgb,101,validacion_2023,0.75,0.001,521900,412558,187442,0.20943667369227822,0.26868010986469193,1.2828704024370587,0.6194999494827417,0.0,0.0,0.0,0.0,412539,56,109305,0,3,0.0,0.0,0.0,-0.0017211353319386642,-0.0018115568198263645,0.0,-0.002654741337398847,-0.005155219953664525,240.0,0.5144417441407982
baja_v1_short,2026-07-05T19:02:51.506341+00:00,corto_tp070_sl035_240m,short,histgb_101_moderado,estructura_velas,histgb,101,validacion_2023,0.76,0.001,521900,412558,187442,0.20943667369227822,0.26868010986469193,1.2828704024370587,0.6194999494827417,0.0,0.0,0.0,0.0,412541,54,109305,0,2,0.0,0.0,0.0,-0.0017208638126030565,-0.0017208638126030565,0.0,-0.0009345932155847558,-0.00343938447439629,240.0,0.7284523014720593
baja_v1_short,2026-07-05T19:02:51.608748+00:00,corto_tp070_sl035_240m,short,histgb_101_moderado,estructura_velas,histgb,101,validacion_2023,0.77,0.001,521900,412558,187442,0.20943667369227822,0.26868010986469193,1.2828704024370587,0.6194999494827417,0.0,0.0,0.0,0.0,412545,50,109305,0,1,0.0,0.0,0.0,-0.002507134409621358,-0.002507134409621358,0.0,0.0,-0.002507134409621359,240.0,1.0
baja_v1_short,2026-07-05T19:02:51.715301+00:00,corto_tp070_sl035_240m,short,histgb_101_moderado,estructura_velas,histgb,101,validacion_2023,0.78,0.001,521900,412558,187442,0.20943667369227822,0.26868010986469193,1.2828704024370587,0.6194999494827417,0.0,0.0,0.0,0.0,412553,42,109305,0,1,0.0,0.0,0.0,-0.002238102908246219,-0.002238102908246219,0.0,0.0,-0.00223810290824622,240.0,1.0
baja_v1_short,2026-07-05T19:02:51.820728+00:00,corto_tp070_sl035_240m,short,histgb_101_moderado,estructura_velas,histgb,101,validacion_2023,0.79,0.001,521900,412558,187442,0.20943667369227822,0.26868010986469193,1.2828704024370587,0.6194999494827417,0.0,0.0,0.0,0.0,412557,38,109305,0,1,0.0,0.0,0.0,-0.0030561569835990668,-0.0030561569835990668,0.0,0.0,-0.0030561569835990676,240.0,1.0
baja_v1_short,2026-07-05T19:02:51.926710+00:00,corto_tp070_sl035_240m,short,histgb_101_moderado,estructura_velas,histgb,101,validacion_2023,0.8,0.001,521900,412558,187442,0.20943667369227822,0.26868010986469193,1.2828704024370587,0.6194999494827417,0.0,0.0,0.0,0.0,412557,38,109305,0,1,0.0,0.0,0.0,-0.0030561569835990668,-0.0030561569835990668,0.0,0.0,-0.0030561569835990676,240.0,1.0
baja_v1_short,2026-07-05T19:02:52.030717+00:00,corto_tp070_sl035_240m,short,histgb_101_moderado,estructura_velas,histgb,101,validacion_2023,0.81,0.001,521900,412558,187442,0.20943667369227822,0.26868010986469193,1.2828704024370587,0.6194999494827417,0.0,0.0,0.0,0.0,412558,37,109305,0,1,0.0,0.0,0.0,-0.0030561569835990668,-0.0030561569835990668,0.0,0.0,-0.0030561569835990676,240.0,1.0
baja_v1_short,2026-07-05T19:02:52.134793+00:00,corto_tp070_sl035_240m,short,histgb_101_moderado,estructura_velas,histgb,101,validacion_2023,0.82,0.001,521900,412558,187442,0.20943667369227822,0.26868010986469193,1.2828704024370587,0.6194999494827417,0.0,0.0,0.0,0.0,412563,32,109305,0,1,0.0,0.0,0.0,-0.0030561569835990668,-0.0030561569835990668,0.0,0.0,-0.0030561569835990676,240.0,1.0
baja_v1_short,2026-07-05T19:02:52.239012+00:00,corto_tp070_sl035_240m,short,histgb_101_moderado,estructura_velas,histgb,101,validacion_2023,0.83,0.001,521900,412558,187442,0.20943667369227822,0.26868010986469193,1.2828704024370587,0.6194999494827417,0.0,0.0,0.0,0.0,412579,16,109305,0,1,0.0,0.0,0.0,-0.0030561569835990668,-0.0030561569835990668,0.0,0.0,-0.0030561569835990676,240.0,1.0
baja_v1_short,2026-07-05T19:02:52.347462+00:00,corto_tp070_sl035_240m,short,histgb_101_moderado,estructura_velas,histgb,101,validacion_2023,0.84,0.001,521900,412558,187442,0.20943667369227822,0.26868010986469193,1.2828704024370587,0.6194999494827417,0.0,0.0,0.0,0.0,412587,8,109305,0,1,0.0,0.0,0.0,-0.004500000108033419,-0.004500000108033419,0.0,0.0,-0.0045000001080334195,227.0,1.0
baja_v1_short,2026-07-05T19:02:52.451239+00:00,corto_tp070_sl035_240m,short,histgb_101_moderado,estructura_velas,histgb,101,validacion_2023,0.85,0.001,521900,412558,187442,0.20943667369227822,0.26868010986469193,1.2828704024370587,0.6194999494827417,0.0,0.0,0.0,0.0,412592,3,109305,0,1,0.0,0.0,100.0,0.00016139964666217563,0.00016139964666217563,inf,0.0,0.0001613996466622858,240.0,1.0
baja_v1_short,2026-07-05T19:02:52.554776+00:00,corto_tp070_sl035_240m,short,histgb_101_moderado,estructura_velas,histgb,101,validacion_2023,0.86,0.001,521900,412558,187442,0.20943667369227822,0.26868010986469193,1.2828704024370587,0.6194999494827417,0.0,0.0,0.0,0.0,412592,3,109305,0,1,0.0,0.0,100.0,0.00016139964666217563,0.00016139964666217563,inf,0.0,0.0001613996466622858,240.0,1.0
baja_v1_short,2026-07-05T19:02:52.658997+00:00,corto_tp070_sl035_240m,short,histgb_101_moderado,estructura_velas,histgb,101,validacion_2023,0.87,0.001,521900,412558,187442,0.20943667369227822,0.26868010986469193,1.2828704024370587,0.6194999494827417,0.0,0.0,0.0,0.0,412593,2,109305,0,1,0.0,0.0,100.0,0.0001864630505442619,0.0001864630505442619,inf,0.0,0.00018646305054437207,240.0,1.0
baja_v1_short,2026-07-05T19:02:52.756948+00:00,corto_tp070_sl035_240m,short,histgb_101_moderado,estructura_velas,histgb,101,validacion_2023,0.88,0.001,521900,412558,187442,0.20943667369227822,0.26868010986469193,1.2828704024370587,0.6194999494827417,0.0,0.0,0.0,0.0,412595,0,109305,0,0,0.0,0.0,0.0,0.0,0.0,0.0,0.0,0.0,0.0,0.0
baja_v1_short,2026-07-05T19:02:52.859543+00:00,corto_tp070_sl035_240m,short,histgb_101_moderado,estructura_velas,histgb,101,validacion_2023,0.89,0.001,521900,412558,187442,0.20943667369227822,0.26868010986469193,1.2828704024370587,0.6194999494827417,0.0,0.0,0.0,0.0,412595,0,109305,0,0,0.0,0.0,0.0,0.0,0.0,0.0,0.0,0.0,0.0,0.0
baja_v1_short,2026-07-05T19:02:52.962614+00:00,corto_tp070_sl035_240m,short,histgb_101_moderado,estructura_velas,histgb,101,validacion_2023,0.9,0.001,521900,412558,187442,0.20943667369227822,0.26868010986469193,1.2828704024370587,0.6194999494827417,0.0,0.0,0.0,0.0,412595,0,109305,0,0,0.0,0.0,0.0,0.0,0.0,0.0,0.0,0.0,0.0,0.0
baja_v1_short,2026-07-05T19:02:53.064934+00:00,corto_tp070_sl035_240m,short,histgb_101_moderado,estructura_velas,histgb,101,validacion_2023,0.91,0.001,521900,412558,187442,0.20943667369227822,0.26868010986469193,1.2828704024370587,0.6194999494827417,0.0,0.0,0.0,0.0,412595,0,109305,0,0,0.0,0.0,0.0,0.0,0.0,0.0,0.0,0.0,0.0,0.0
baja_v1_short,2026-07-05T19:02:53.168987+00:00,corto_tp070_sl035_240m,short,histgb_101_moderado,estructura_velas,histgb,101,validacion_2023,0.92,0.001,521900,412558,187442,0.20943667369227822,0.26868010986469193,1.2828704024370587,0.6194999494827417,0.0,0.0,0.0,0.0,412595,0,109305,0,0,0.0,0.0,0.0,0.0,0.0,0.0,0.0,0.0,0.0,0.0
baja_v1_short,2026-07-05T19:02:53.269662+00:00,corto_tp070_sl035_240m,short,histgb_101_moderado,estructura_velas,histgb,101,validacion_2023,0.93,0.001,521900,412558,187442,0.20943667369227822,0.26868010986469193,1.2828704024370587,0.6194999494827417,0.0,0.0,0.0,0.0,412595,0,109305,0,0,0.0,0.0,0.0,0.0,0.0,0.0,0.0,0.0,0.0,0.0
baja_v1_short,2026-07-05T19:02:53.373643+00:00,corto_tp070_sl035_240m,short,histgb_101_moderado,estructura_velas,histgb,101,validacion_2023,0.94,0.001,521900,412558,187442,0.20943667369227822,0.26868010986469193,1.2828704024370587,0.6194999494827417,0.0,0.0,0.0,0.0,412595,0,109305,0,0,0.0,0.0,0.0,0.0,0.0,0.0,0.0,0.0,0.0,0.0
baja_v1_short,2026-07-05T19:02:53.474968+00:00,corto_tp070_sl035_240m,short,histgb_101_moderado,estructura_velas,histgb,101,validacion_2023,0.95,0.001,521900,412558,187442,0.20943667369227822,0.26868010986469193,1.2828704024370587,0.6194999494827417,0.0,0.0,0.0,0.0,412595,0,109305,0,0,0.0,0.0,0.0,0.0,0.0,0.0,0.0,0.0,0.0,0.0
baja_v1_short,2026-07-05T19:03:10.642714+00:00,corto_tp070_sl035_240m,short,histgb_101_moderado,estructura_velas,histgb,101,validacion_2024,0.05,0.001,526800,433065,166935,0.26202733485193624,0.3101009394707346,1.1834678990493999,0.5950366214051432,0.2635366578214879,26.353665782148788,0.9993624851488018,0.4170857993756472,3263,385501,88,137948,50,0.04,4.0,34.0,-0.0011627371000358837,-0.000988347466569394,0.3161491316446483,-0.05729451163258825,-0.05667565767357596,210.68,0.562398766153295
baja_v1_short,2026-07-05T19:03:10.749232+00:00,corto_tp070_sl035_240m,short,histgb_101_moderado,estructura_velas,histgb,101,validacion_2024,0.06,0.001,526800,433065,166935,0.26202733485193624,0.3101009394707346,1.1834678990493999,0.5950366214051432,0.26457585896453956,26.457585896453956,0.9985076356892405,0.4183112462688719,5647,383117,206,137830,66,0.030303030303030304,3.0303030303030303,25.757575757575758,-0.001267791832784221,-0.0011038682094076649,0.32600681116331603,-0.07988418969819433,-0.08055531419187945,200.6969696969697,0.3791592935447044
baja_v1_short,2026-07-05T19:03:10.858673+00:00,corto_tp070_sl035_240m,short,histgb_101_moderado,estructura_velas,histgb,101,validacion_2024,0.07,0.001,526800,433065,166935,0.26202733485193624,0.3101009394707346,1.1834678990493999,0.5950366214051432,0.2656110237191944,26.561102371919436,0.9981599003158597,0.4195733070228329,7810,380954,254,137782,83,0.03614457831325301,3.614457831325301,31.32530120481928,-0.001252116872933946,-0.0008809146418352612,0.34327258029876034,-0.09957819434746429,-0.09907296405226707,202.50602409638554,0.2783195462544311
baja_v1_short,2026-07-05T19:03:10.967851+00:00,corto_tp070_sl035_240m,short,histgb_101_moderado,estructura_velas,histgb,101,validacion_2024,0.08,0.001,526800,433065,166935,0.26202733485193624,0.3101009394707346,1.1834678990493999,0.5950366214051432,0.26659491602852475,26.659491602852476,0.9977397200730245,0.4207625565196138,9884,378880,312,137724,100,0.06,6.0,32.0,-0.001224048788659275,-0.0012492970670573414,0.401940215415872,-0.12114869870564171,-0.11571957764325658,196.64,0.2817112202593402
baja_v1_short,2026-07-05T19:03:11.074762+00:00,corto_tp070_sl035_240m,short,histgb_101_moderado,estructura_velas,histgb,101,validacion_2024,0.09,0.001,526800,433065,166935,0.26202733485193624,0.3101009394707346,1.1834678990493999,0.5950366214051432,0.26756214416824814,26.756214416824815,0.9968703816395723,0.42188850939103884,12080,376684,432,137604,123,0.08130081300813008,8.130081300813007,34.959349593495936,-0.0011247257388380758,-0.0013233749303035438,0.4421162721871801,-0.14463422523713443,-0.12983199037890936,193.0650406504065,0.29977970978648355
baja_v1_short,2026-07-05T19:03:11.190053+00:00,corto_tp070_sl035_240m,short,histgb_101_moderado,estructura_velas,histgb,101,validacion_2024,0.1,0.001,526800,433065,166935,0.26202733485193624,0.3101009394707346,1.1834678990493999,0.5950366214051432,0.2685860172206335,26.85860172206335,0.9961241994841925,0.4230930182467153,14321,374443,535,137501,147,0.05442176870748299,5.442176870748299,33.33333333333333,-0.0013501883029519402,-0.0014597532097250223,0.370583754829396,-0.18292918927136825,-0.18072571488344813,187.76190476190476,0.3090500034259279
baja_v1_short,2026-07-05T19:03:11.302372+00:00,corto_tp070_sl035_240m,short,histgb_101_moderado,estructura_velas,histgb,101,validacion_2024,0.11,0.001,526800,433065,166935,0.26202733485193624,0.3101009394707346,1.1834678990493999,0.5950366214051432,0.26970386528157636,26.970386528157636,0.9951606827204498,0.42439118580707946,16803,371961,668,137368,165,0.07878787878787878,7.878787878787878,35.15151515151515,-0.001246241317512558,-0.0016633048178628087,0.41633415497173537,-0.2009928785605164,-0.18668595620045736,181.03030303030303,0.22814897990675523
baja_v1_short,2026-07-05T19:03:11.420357+00:00,corto_tp070_sl035_240m,short,histgb_101_moderado,estructura_velas,histgb,101,validacion_2024,0.12,0.001,526800,433065,166935,0.26202733485193624,0.3101009394707346,1.1834678990493999,0.5950366214051432,0.27081194623876687,27.081194623876687,0.9937697412269263,0.4256343744376113,19404,369360,860,137176,183,0.07650273224043716,7.650273224043716,36.6120218579235,-0.001235165207652513,-0.001644558691419661,0.41812642622683344,-0.21135094874178562,-0.2032077908322859,178.50273224043715,0.212537163884016
baja_v1_short,2026-07-05T19:03:11.551109+00:00,corto_tp070_sl035_240m,short,histgb_101_moderado,estructura_velas,histgb,101,validacion_2024,0.13,0.001,526800,433065,166935,0.26202733485193624,0.3101009394707346,1.1834678990493999,0.5950366214051432,0.271919324261283,27.1919324261283,0.9923353328117303,0.4268683554047253,21997,366767,1058,136978,207,0.07246376811594203,7.246376811594203,35.26570048309179,-0.0013540549756235565,-0.001508327386341989,0.37866384327761704,-0.2452360487319709,-0.24540256585085707,175.4975845410628,0.21970666052347254
baja_v1_short,2026-07-05T19:03:11.669064+00:00,corto_tp070_sl035_240m,short,histgb_101_moderado,estructura_velas,histgb,101,validacion_2024,0.14,0.001,526800,433065,166935,0.26202733485193624,0.3101009394707346,1.1834678990493999,0.5950366214051432,0.2729241516966068,27.29241516966068,0.9905749224839897,0.42794146182687676,24499,364265,1301,136735,241,0.08298755186721991,8.29875518672199,32.780082987551864,-0.0015402470830718302,-0.0023950002612546087,0.3607091523150993,-0.3130341309566682,-0.3112486641935551,164.63485477178423,0.24135109504562283
baja_v1_short,2026-07-05T19:03:11.784028+00:00,corto_tp070_sl035_240m,short,histgb_101_moderado,estructura_velas,histgb,101,validacion_2024,0.15,0.001,526800,433065,166935,0.26202733485193624,0.3101009394707346,1.1834678990493999,0.5950366214051432,0.2739530756226936,27.395307562269362,0.9885102437045409,0.42901115208909096,27136,361628,1586,136450,272,0.09191176470588236,9.191176470588236,33.455882352941174,-0.0015565652438356077,-0.0030947057055309415,0.3780205598242594,-0.34563684654147553,-0.3464975374976079,159.43382352941177,0.18724524603063253
baja_v1_short,2026-07-05T19:03:11.900258+00:00,corto_tp070_sl035_240m,short,histgb_101_moderado,estructura_velas,histgb,101,validacion_2024,0.16,0.001,526800,433065,166935,0.26202733485193624,0.3101009394707346,1.1834678990493999,0.5950366214051432,0.2749172319121447,27.49172319121447,0.9865759656901099,0.4300090306853848,29587,359177,1853,136183,291,0.0859106529209622,8.59106529209622,32.64604810996563,-0.00161421992465023,-0.004500000108033419,0.3662884153664658,-0.37932160914036117,-0.3762080288344345,153.10996563573883,0.16013448260368526
baja_v1_short,2026-07-05T19:03:12.019716+00:00,corto_tp070_sl035_240m,short,histgb_101_moderado,estructura_velas,histgb,101,validacion_2024,0.17,0.001,526800,433065,166935,0.26202733485193624,0.3101009394707346,1.1834678990493999,0.5950366214051432,0.27587943167375245,27.587943167375244,0.9843808861456431,0.4309751494679417,32110,356654,2156,135880,313,0.10862619808306709,10.86261980830671,34.504792332268366,-0.0014499200482944881,-0.004500000108033419,0.41959153577820524,-0.3689483412629968,-0.36636677827660136,154.93610223642173,0.1313205172475892
baja_v1_short,2026-07-05T19:03:12.137331+00:00,corto_tp070_sl035_240m,short,histgb_101_moderado,estructura_velas,histgb,101,validacion_2024,0.18,0.001,526800,433065,166935,0.26202733485193624,0.3101009394707346,1.1834678990493999,0.5950366214051432,0.27685111965230397,27.685111965230398,0.9815482917499783,0.43188631701754304,34860,353904,2547,135489,334,0.1347305389221557,13.47305389221557,33.83233532934132,-0.0013303836094270237,-0.0034727234849706292,0.4613482086020247,-0.36238063881294813,-0.3605008285777702,153.5988023952096,0.15618091349571148
baja_v1_short,2026-07-05T19:03:12.256973+00:00,corto_tp070_sl035_240m,short,histgb_101_moderado,estructura_velas,histgb,101,validacion_2024,0.19,0.001,526800,433065,166935,0.26202733485193624,0.3101009394707346,1.1834678990493999,0.5950366214051432,0.27791366743674617,27.791366743674615,0.9786794749195862,0.4328981162668854,37760,351004,2943,135093,359,0.14206128133704735,14.206128133704734,37.88300835654596,-0.001150237203099633,-0.0023937600888311863,0.5137871140950792,-0.34213890599651164,-0.34019941969306755,156.76044568245126,0.12816072489878375
baja_v1_short,2026-07-05T19:03:12.376763+00:00,corto_tp070_sl035_240m,short,histgb_101_moderado,estructura_velas,histgb,101,validacion_2024,0.2,0.001,526800,433065,166935,0.26202733485193624,0.3101009394707346,1.1834678990493999,0.5950366214051432,0.2789596786389806,27.895967863898058,0.975491900663595,0.43385159158607645,40720,348044,3383,134653,386,0.13730569948186527,13.730569948186528,35.49222797927461,-0.0012625401836426822,-0.00386600471008569,0.4898016999857867,-0.3895047296669377,-0.3877048858611234,153.46373056994818,0.14503517266501817
baja_v1_short,2026-07-05T19:03:12.498565+00:00,corto_tp070_sl035_240m,short,histgb_101_moderado,estructura_velas,histgb,101,validacion_2024,0.21,0.001,526800,433065,166935,0.26202733485193624,0.3101009394707346,1.1834678990493999,0.5950366214051432,0.28009436128682075,28.009436128682076,0.9719783244950593,0.4348719544409979,43922,344842,3868,134168,422,0.13744075829383887,13.744075829383887,34.360189573459714,-0.0013896751872446475,-0.004500000108033419,0.45399570902639586,-0.446889008617366,-0.4456636624142333,150.59241706161137,0.12410203523974692
baja_v1_short,2026-07-05T19:03:12.623096+00:00,corto_tp070_sl035_240m,short,histgb_101_moderado,estructura_velas,histgb,101,validacion_2024,0.22,0.001,526800,433065,166935,0.26202733485193624,0.3101009394707346,1.1834678990493999,0.5950366214051432,0.2811904270943361,28.11904270943361,0.968138746413979,0.4358040352587829,47144,341620,4398,133638,465,0.15268817204301074,15.268817204301074,34.623655913978496,-0.001308278425924777,-0.004500000108033419,0.48699624972286104,-0.4587389604435995,-0.4579416828747357,147.0494623655914,0.1458973962738015
baja_v1_short,2026-07-05T19:03:12.747057+00:00,corto_tp070_sl035_240m,short,histgb_101_moderado,estructura_velas,histgb,101,validacion_2024,0.23,0.001,526800,433065,166935,0.26202733485193624,0.3101009394707346,1.1834678990493999,0.5950366214051432,0.2823423251271272,28.23423251271272,0.9633646295169376,0.43669758514074225,50758,338006,5057,132979,511,0.15264187866927592,15.264187866927593,32.093933463796475,-0.001385026379189881,-0.004500000108033419,0.46360134073345804,-0.513060913482146,-0.5094177139634575,143.86105675146771,0.17034277410539406
baja_v1_short,2026-07-05T19:03:12.876199+00:00,corto_tp070_sl035_240m,short,histgb_101_moderado,estructura_velas,histgb,101,validacion_2024,0.24,0.001,526800,433065,166935,0.26202733485193624,0.3101009394707346,1.1834678990493999,0.5950366214051432,0.2836986797781118,28.369867977811182,0.9584890898026601,0.4378115708714636,54709,334055,5730,132306,552,0.16666666666666666,16.666666666666664,30.978260869565215,-0.0013955826616889233,-0.004500000108033419,0.4742313940349847,-0.5430411641937128,-0.5394592680903193,142.41304347826087,0.15116231370380734
baja_v1_short,2026-07-05T19:03:13.006974+00:00,corto_tp070_sl035_240m,short,histgb_101_moderado,estructura_velas,histgb,101,validacion_2024,0.25,0.001,526800,433065,166935,0.26202733485193624,0.3101009394707346,1.1834678990493999,0.5950366214051432,0.28513805532616776,28.513805532616775,0.9530484801066389,0.4389490314626574,58946,329818,6481,131555,612,0.16993464052287582,16.99346405228758,30.392156862745097,-0.0014483359598111006,-0.004500000108033419,0.4625846552838297,-0.5938041967118621,-0.5901623023406846,135.82843137254903,0.14249100851276636
baja_v1_short,2026-07-05T19:03:13.138596+00:00,corto_tp070_sl035_240m,short,histgb_101_moderado,estructura_velas,histgb,101,validacion_2024,0.26,0.001,526800,433065,166935,0.26202733485193624,0.3101009394707346,1.1834678990493999,0.5950366214051432,0.28681223205627204,28.681223205627205,0.9470355559419282,0.4402834519435117,63703,325061,7311,130725,673,0.17682020802377416,17.682020802377416,31.352154531946507,-0.0013957446169995842,-0.004500000108033419,0.4802493474043934,-0.6155724044224111,-0.611554341822584,134.9821693907875,0.14288232052586555
baja_v1_short,2026-07-05T19:03:13.281894+00:00,corto_tp070_sl035_240m,short,histgb_101_moderado,estructura_velas,histgb,101,validacion_2024,0.27,0.001,526800,433065,166935,0.26202733485193624,0.3101009394707346,1.1834678990493999,0.5950366214051432,0.2885748568044861,28.857485680448608,0.9391100872236228,0.4414871425481952,69184,319580,8405,129631,740,0.19594594594594594,19.594594594594593,32.567567567567565,-0.0012657536957645496,-0.004500000108033419,0.5258666536943789,-0.616609929191229,-0.6108515427691789,130.52297297297298,0.1445748774922637
baja_v1_short,2026-07-05T19:03:13.423871+00:00,corto_tp070_sl035_240m,short,histgb_101_moderado,estructura_velas,histgb,101,validacion_2024,0.28,0.001,526800,433065,166935,0.26202733485193624,0.3101009394707346,1.1834678990493999,0.5950366214051432,0.29043033417162706,29.043033417162707,0.9303297690457561,0.4426684407553205,75015,313749,9617,128419,827,0.19951632406287786,19.951632406287786,31.559854897218862,-0.0013004631933099511,-0.004500000108033419,0.5203606313178077,-0.6671735306294293,-0.661615761306529,127.68561064087062,0.1625889964263054
baja_v1_short,2026-07-05T19:03:13.594234+00:00,corto_tp070_sl035_240m,short,histgb_101_moderado,estructura_velas,histgb,101,validacion_2024,0.29,0.001,526800,433065,166935,0.26202733485193624,0.3101009394707346,1.1834678990493999,0.5950366214051432,0.29222294858573955,29.222294858573957,0.9196948622098583,0.443521733965916,81283,307481,11085,126951,904,0.20243362831858408,20.24336283185841,31.305309734513276,-0.0013302749715330914,-0.004500000108033419,0.5185026947577902,-0.7060140045634744,-0.7022788769709676,124.33185840707965,0.16376073969353028
baja_v1_short,2026-07-05T19:03:13.771321+00:00,corto_tp070_sl035_240m,short,histgb_101_moderado,estructura_velas,histgb,101,validacion_2024,0.3,0.001,526800,433065,166935,0.26202733485193624,0.3101009394707346,1.1834678990493999,0.5950366214051432,0.2940172825714514,29.401728257145137,0.9075820800370917,0.44414939818836086,87949,300815,12757,125279,1024,0.2275390625,22.75390625,31.73828125,-0.0012012112204849985,-0.004500000108033419,0.560243074601843,-0.7131177476482695,-0.7107802460684776,118.7744140625,0.16796305586587051
baja_v1_short,2026-07-05T19:03:13.953049+00:00,corto_tp070_sl035_240m,short,histgb_101_moderado,estructura_velas,histgb,101,validacion_2024,0.31,0.001,526800,433065,166935,0.26202733485193624,0.3101009394707346,1.1834678990493999,0.5950366214051432,0.2956934586610397,29.56934586610397,0.8933611521632038,0.44432113800632705,95040,293724,14720,123316,1135,0.23876651982378855,23.876651982378856,33.74449339207048,-0.0010678313230529607,-0.004500000108033419,0.6022405350958714,-0.7121964682524738,-0.7058989355110195,115.55418502202643,0.20515977133575716
baja_v1_short,2026-07-05T19:03:14.121411+00:00,corto_tp070_sl035_240m,short,histgb_101_moderado,estructura_velas,histgb,101,validacion_2024,0.32,0.001,526800,433065,166935,0.26202733485193624,0.3101009394707346,1.1834678990493999,0.5950366214051432,0.29702836604323896,29.702836604323895,0.8764742530933959,0.4436934541600502,102431,286333,17051,120985,1248,0.23717948717948717,23.717948717948715,32.69230769230769,-0.0011438449411566014,-0.004500000108033419,0.5832567392949145,-0.7663303660303695,-0.7632386672737314,112.07852564102564,0.2083083640070592
baja_v1_short,2026-07-05T19:03:14.290170+00:00,corto_tp070_sl035_240m,short,histgb_101_moderado,estructura_velas,histgb,101,validacion_2024,0.33,0.001,526800,433065,166935,0.26202733485193624,0.3101009394707346,1.1834678990493999,0.5950366214051432,0.298444921792273,29.8444921792273,0.8575588976788664,0.44279109435317354,110502,278262,19662,118374,1361,0.24393828067597356,24.393828067597354,32.99044819985305,-0.001097056140233039,-0.004500000108033419,0.6005902989586156,-0.7823605055795051,-0.7785755692689482,109.8383541513593,0.18931206289795294
baja_v1_short,2026-07-05T19:03:14.453619+00:00,corto_tp070_sl035_240m,short,histgb_101_moderado,estructura_velas,histgb,101,validacion_2024,0.34,0.001,526800,433065,166935,0.26202733485193624,0.3101009394707346,1.1834678990493999,0.5950366214051432,0.3003365253433468,30.03365253433468,0.8372743342316498,0.4420915327693741,119523,269241,22462,115574,1505,0.253156146179402,25.315614617940202,33.48837209302326,-0.001081423548637847,-0.004500000108033419,0.6090942328708058,-0.8093466818037922,-0.8067860074771467,104.6671096345515,0.17687629080788678
baja_v1_short,2026-07-05T19:03:14.632223+00:00,corto_tp070_sl035_240m,short,histgb_101_moderado,estructura_velas,histgb,101,validacion_2024,0.35,0.001,526800,433065,166935,0.26202733485193624,0.3101009394707346,1.1834678990493999,0.5950366214051432,0.3021556409345774,30.215564093457743,0.8135848619200788,0.4406566845591236,129392,259372,25732,112304,1671,0.26032315978456017,26.032315978456015,34.29084380610413,-0.0010631610617614967,-0.004500000108033419,0.6185726125196372,-0.8336232102255607,-0.8338836060286183,99.52363853979652,0.1658597734734614
baja_v1_short,2026-07-05T19:03:14.809539+00:00,corto_tp070_sl035_240m,short,histgb_101_moderado,estructura_velas,histgb,101,validacion_2024,0.36,0.001,526800,433065,166935,0.26202733485193624,0.3101009394707346,1.1834678990493999,0.5950366214051432,0.3041789666606041,30.41789666606041,0.7875409313512417,0.4388550344050817,140088,248676,29327,108709,1808,0.271570796460177,27.1570796460177,34.070796460176986,-0.0010498803471678166,-0.004500000108033419,0.625457773217616,-0.8525194511000298,-0.8531831135860125,96.58351769911505,0.16283132144630041
baja_v1_short,2026-07-05T19:03:14.995391+00:00,corto_tp070_sl035_240m,short,histgb_101_moderado,estructura_velas,histgb,101,validacion_2024,0.37,0.001,526800,433065,166935,0.26202733485193624,0.3101009394707346,1.1834678990493999,0.5950366214051432,0.306158603362752,30.6158603362752,0.7574473325799067,0.43606190907157244,151813,236951,33481,104555,2009,0.2682926829268293,26.82926829268293,33.897461423593825,-0.0010628593313302165,-0.004500000108033419,0.6220504447835729,-0.8839127327150978,-0.8844351254304212,92.32404181184668,0.13130791012336315
baja_v1_short,2026-07-05T19:03:15.201925+00:00,corto_tp070_sl035_240m,short,histgb_101_moderado,estructura_velas,histgb,101,validacion_2024,0.38,0.001,526800,433065,166935,0.26202733485193624,0.3101009394707346,1.1834678990493999,0.5950366214051432,0.30804087511823,30.804087511823,0.7219710800081138,0.4318330524007817,164900,223864,38378,99658,2220,0.27072072072072073,27.072072072072075,33.648648648648646,-0.0010793811569263395,-0.004500000108033419,0.6200222953032443,-0.9109852695181544,-0.9112103495137568,88.03558558558558,0.12579326258571258
baja_v1_short,2026-07-05T19:03:15.454408+00:00,corto_tp070_sl035_240m,short,histgb_101_moderado,estructura_velas,histgb,101,validacion_2024,0.39,0.001,526800,433065,166935,0.26202733485193624,0.3101009394707346,1.1834678990493999,0.5950366214051432,0.3105913102018995,31.05913102018995,0.6818221333565156,0.42677380299189677,179858,208906,43920,94116,2490,0.2883534136546185,28.835341365461847,35.02008032128514,-0.0009500648514613095,-0.004500000108033419,0.6609651665178651,-0.9085670653980762,-0.9087853658266583,82.01244979919679,0.13168346290765923
baja_v1_short,2026-07-05T19:03:15.665110+00:00,corto_tp070_sl035_240m,short,histgb_101_moderado,estructura_velas,histgb,101,validacion_2024,0.4,0.001,526800,433065,166935,0.26202733485193624,0.3101009394707346,1.1834678990493999,0.5950366214051432,0.3131146254085609,31.311462540856088,0.6357109739488249,0.4195721608078644,196263,192501,50285,87751,2766,0.29790310918293567,29.790310918293567,35.28561099060015,-0.000902204991269932,-0.004500000108033419,0.6779324987144003,-0.9206310881979252,-0.9201832770291072,76.74150397686189,0.13653212141851567
baja_v1_short,2026-07-05T19:03:15.883467+00:00,corto_tp070_sl035_240m,short,histgb_101_moderado,estructura_velas,histgb,101,validacion_2024,0.41,0.001,526800,433065,166935,0.26202733485193624,0.3101009394707346,1.1834678990493999,0.5950366214051432,0.3152879490741831,31.528794907418312,0.5819931032484279,0.40900320233785936,214298,174466,57700,80336,3132,0.2978927203065134,29.789272030651343,34.25925925925926,-0.0009902706972127822,-0.004500000108033419,0.6540213607202997,-0.9568190516868528,-0.9566597489675246,69.44348659003832,0.11125937168574489
baja_v1_short,2026-07-05T19:03:16.107075+00:00,corto_tp070_sl035_240m,short,histgb_101_moderado,estructura_velas,histgb,101,validacion_2024,0.42,0.001,526800,433065,166935,0.26202733485193624,0.3101009394707346,1.1834678990493999,0.5950366214051432,0.316500566451887,31.6500566451887,0.5181184618505318,0.3929572202503269,234315,154449,66517,71519,3371,0.304064075941857,30.4064075941857,34.47048353604272,-0.0009585513514153188,-0.004500000108033419,0.6655448034769242,-0.9629447964161557,-0.9620581829133739,65.12043903886087,0.13190045646650703
baja_v1_short,2026-07-05T19:03:16.339962+00:00,corto_tp070_sl035_240m,short,histgb_101_moderado,estructura_velas,histgb,101,validacion_2024,0.43,0.001,526800,433065,166935,0.26202733485193624,0.3101009394707346,1.1834678990493999,0.5950366214051432,0.31680823680823683,31.680823680823682,0.4458257266220406,0.37040380876714635,256054,132710,76496,61540,3564,0.30303030303030304,30.303030303030305,33.47362514029181,-0.0010299387231875086,-0.004500000108033419,0.6465314243589191,-0.9759532529146951,-0.9756125095450839,60.27076318742986,0.14665300293384445
baja_v1_short,2026-07-05T19:03:16.561792+00:00,corto_tp070_sl035_240m,short,histgb_101_moderado,estructura_velas,histgb,101,validacion_2024,0.44,0.001,526800,433065,166935,0.26202733485193624,0.3101009394707346,1.1834678990493999,0.5950366214051432,0.3175834230690228,31.758342306902282,0.3696282129299603,0.34163505673048916,279129,109635,87014,51022,3634,0.3093010456796918,30.93010456796918,33.791964777105115,-0.001002774740441484,-0.004500000108033419,0.6561116570967018,-0.9755394744329347,-0.9749863273487308,55.67941662080352,0.14410297942898634
baja_v1_short,2026-07-05T19:03:16.778143+00:00,corto_tp070_sl035_240m,short,histgb_101_moderado,estructura_velas,histgb,101,validacion_2024,0.45,0.001,526800,433065,166935,0.26202733485193624,0.3101009394707346,1.1834678990493999,0.5950366214051432,0.3175794046711865,31.75794046711865,0.2928583847691906,0.30471832870382587,301898,86866,97611,40425,3481,0.32634300488365414,32.63430048836541,35.277219189887965,-0.0008407408174748363,-0.004500000108033419,0.7052667569130361,-0.9490298880355458,-0.9486731297613124,52.54380925021545,0.21050539669857318
baja_v1_short,2026-07-05T19:03:16.972504+00:00,corto_tp070_sl035_240m,short,histgb_101_moderado,estructura_velas,histgb,101,validacion_2024,0.46,0.001,526800,433065,166935,0.26202733485193624,0.3101009394707346,1.1834678990493999,0.5950366214051432,0.31817484897733894,31.817484897733895,0.22550638963748587,0.2639431209696908,322059,66705,106908,31128,2993,0.32342131640494487,32.342131640494486,35.04844637487471,-0.0008684147875507677,-0.004500000108033419,0.6973429612237126,-0.930647090163739,-0.9283582721446855,52.070831941196126,0.14830834930802328
baja_v1_short,2026-07-05T19:03:17.150168+00:00,corto_tp070_sl035_240m,short,histgb_101_moderado,estructura_velas,histgb,101,validacion_2024,0.47,0.001,526800,433065,166935,0.26202733485193624,0.3101009394707346,1.1834678990493999,0.5950366214051432,0.31618755346740357,31.618755346740357,0.1686878785244429,0.22000292896319426,338406,50358,114751,23285,2427,0.3263288009888752,32.63288009888752,35.35228677379481,-0.0008446441058766703,-0.004500000108033419,0.7044627985379582,-0.8750508651390838,-0.8750622635834208,52.58755665430573,0.16496397687391345
baja_v1_short,2026-07-05T19:03:17.343043+00:00,corto_tp070_sl035_240m,short,histgb_101_moderado,estructura_velas,histgb,101,validacion_2024,0.48,0.001,526800,433065,166935,0.26202733485193624,0.3101009394707346,1.1834678990493999,0.5950366214051432,0.31247416566324604,31.247416566324603,0.12595989452027007,0.17954450405051658,350508,38256,120649,17387,1826,0.32694414019715223,32.694414019715225,35.104052573932094,-0.0008524960767452044,-0.004500000108033419,0.7021929523205553,-0.7975145412170377,-0.7938666968190751,55.48411829134721,0.1506655793852775
baja_v1_short,2026-07-05T19:03:17.485293+00:00,corto_tp070_sl035_240m,short,histgb_101_moderado,estructura_velas,histgb,101,validacion_2024,0.49,0.001,526800,433065,166935,0.26202733485193624,0.3101009394707346,1.1834678990493999,0.5950366214051432,0.3062009181366952,30.62009181366952,0.09519255846300965,0.1452342925354658,358991,29773,124896,13140,1334,0.32158920539730135,32.15892053973013,35.08245877061469,-0.0008805777421717257,-0.004500000108033419,0.6931172696400363,-0.7023658009067856,-0.6961115010718091,58.420539730134934,0.16278884045637892
baja_v1_short,2026-07-05T19:03:17.620672+00:00,corto_tp070_sl035_240m,short,histgb_101_moderado,estructura_velas,histgb,101,validacion_2024,0.5,0.001,526800,433065,166935,0.26202733485193624,0.3101009394707346,1.1834678990493999,0.5950366214051432,0.30388962277997944,30.388962277997944,0.0749949288591382,0.12030145089220864,365051,23713,127684,10352,1001,0.3226773226773227,32.26773226773227,34.86513486513487,-0.000900236070876512,-0.004500000108033419,0.6878723426063543,-0.6094704764153602,-0.5988717167485692,61.175824175824175,0.20716229163622626
baja_v1_short,2026-07-05T19:03:17.747610+00:00,corto_tp070_sl035_240m,short,histgb_101_moderado,estructura_velas,histgb,101,validacion_2024,0.51,0.001,526800,433065,166935,0.26202733485193624,0.3101009394707346,1.1834678990493999,0.5950366214051432,0.3009961022087484,30.09961022087484,0.060419021124923936,0.10063712713582391,369396,19368,129696,8340,733,0.3328785811732606,33.28785811732606,36.56207366984993,-0.000746091504735418,-0.004500000108033419,0.7340709013569183,-0.44002868290625285,-0.4264639892741231,66.1336971350614,0.21058323926453074
baja_v1_short,2026-07-05T19:03:17.872493+00:00,corto_tp070_sl035_240m,short,histgb_101_moderado,estructura_velas,histgb,101,validacion_2024,0.52,0.001,526800,433065,166935,0.26202733485193624,0.3101009394707346,1.1834678990493999,0.5950366214051432,0.2981470361156387,29.81470361156387,0.05035642875771538,0.08616052060737527,372401,16363,131085,6951,557,0.30700179533213645,30.700179533213646,34.1113105924596,-0.0009585217444260607,-0.004500000108033419,0.6664724799752454,-0.42964520069977097,-0.4176051405292196,71.78096947935369,0.1765304458971776
baja_v1_short,2026-07-05T19:03:17.991610+00:00,corto_tp070_sl035_240m,short,histgb_101_moderado,estructura_velas,histgb,101,validacion_2024,0.53,0.001,526800,433065,166935,0.26202733485193624,0.3101009394707346,1.1834678990493999,0.5950366214051432,0.2968672054275167,29.686720542751672,0.043111941812280855,0.07529003934666818,374669,14095,132085,5951,431,0.308584686774942,30.8584686774942,36.19489559164733,-0.0008526059289593125,-0.004500000108033419,0.6975296567463424,-0.332257886596497,-0.31110042639517244,76.01624129930394,0.19690184240037184
baja_v1_short,2026-07-05T19:03:18.109564+00:00,corto_tp070_sl035_240m,short,histgb_101_moderado,estructura_velas,histgb,101,validacion_2024,0.54,0.001,526800,433065,166935,0.26202733485193624,0.3101009394707346,1.1834678990493999,0.5950366214051432,0.2968447431370316,29.684474313703156,0.03775826595960474,0.0669948712675296,376418,12346,132824,5212,354,0.3107344632768362,31.07344632768362,36.440677966101696,-0.00079359139087841,-0.004500000108033419,0.7138987864235178,-0.2756177868982891,-0.24811069469261737,81.89265536723164,0.2306970779569389
baja_v1_short,2026-07-05T19:03:18.221904+00:00,corto_tp070_sl035_240m,short,histgb_101_moderado,estructura_velas,histgb,101,validacion_2024,0.55,0.001,526800,433065,166935,0.26202733485193624,0.3101009394707346,1.1834678990493999,0.5950366214051432,0.29655876907361295,29.655876907361296,0.033650641861543366,0.060442813551161684,377746,11018,133391,4645,298,0.30201342281879195,30.201342281879196,36.91275167785235,-0.000766473575521211,-0.004500000108033419,0.7172032098310608,-0.24158269711175662,-0.20696822658434344,87.71140939597315,0.19921954331682595
baja_v1_short,2026-07-05T19:03:18.337271+00:00,corto_tp070_sl035_240m,short,histgb_101_moderado,estructura_velas,histgb,101,validacion_2024,0.56,0.001,526800,433065,166935,0.26202733485193624,0.3101009394707346,1.1834678990493999,0.5950366214051432,0.2950213371266003,29.50213371266003,0.030050131849662407,0.054544498211655794,378852,9912,133888,4148,241,0.3153526970954357,31.535269709543567,39.004149377593365,-0.0006262842522889641,-0.004500000108033419,0.7624923966935636,-0.1676311866339213,-0.14252058405818835,92.63485477178423,0.20199711297846148
baja_v1_short,2026-07-05T19:03:18.447249+00:00,corto_tp070_sl035_240m,short,histgb_101_moderado,estructura_velas,histgb,101,validacion_2024,0.57,0.001,526800,433065,166935,0.26202733485193624,0.3101009394707346,1.1834678990493999,0.5950366214051432,0.2955999684019275,29.55999684019275,0.02710887014981599,0.049663227048010884,379847,8917,134294,3742,208,0.30288461538461536,30.288461538461537,38.46153846153847,-0.0006395403213682587,-0.004500000108033419,0.7569501689244212,-0.1356116311369886,-0.12665943992395878,96.02884615384616,0.2385667732820282
baja_v1_short,2026-07-05T19:03:18.561751+00:00,corto_tp070_sl035_240m,short,histgb_101_moderado,estructura_velas,histgb,101,validacion_2024,0.58,0.001,526800,433065,166935,0.26202733485193624,0.3101009394707346,1.1834678990493999,0.5950366214051432,0.29607568325157674,29.607568325157672,0.024486365875568693,0.04523191392554131,380728,8036,134656,3380,193,0.27461139896373055,27.461139896373055,35.751295336787564,-0.0008958311413132488,-0.004500000108033419,0.669437803659047,-0.17179645771106744,-0.1605935723647306,94.44041450777202,0.36153613978866955
baja_v1_short,2026-07-05T19:03:18.675395+00:00,corto_tp070_sl035_240m,short,histgb_101_moderado,estructura_velas,histgb,101,validacion_2024,0.59,0.001,526800,433065,166935,0.26202733485193624,0.3101009394707346,1.1834678990493999,0.5950366214051432,0.29879067938255827,29.879067938255826,0.02201599582717552,0.041010208694596074,381632,7132,134997,3039,175,0.2742857142857143,27.42857142857143,34.85714285714286,-0.0008770972991561785,-0.004500000108033419,0.6766540663599571,-0.16290953047493895,-0.1439796775098814,98.41714285714286,0.3049567409423907
baja_v1_short,2026-07-05T19:03:18.784463+00:00,corto_tp070_sl035_240m,short,histgb_101_moderado,estructura_velas,histgb,101,validacion_2024,0.6,0.001,526800,433065,166935,0.26202733485193624,0.3101009394707346,1.1834678990493999,0.5950366214051432,0.3033190930003286,30.331909300032862,0.020059984351908196,0.037631230251758234,382404,6360,135267,2769,159,0.2893081761006289,28.930817610062892,34.59119496855346,-0.0008266880057090251,-0.004500000108033419,0.690585778722033,-0.14283113576667705,-0.12473649587874358,96.72955974842768,0.30921099195826585
baja_v1_short,2026-07-05T19:03:18.889590+00:00,corto_tp070_sl035_240m,short,histgb_101_moderado,estructura_velas,histgb,101,validacion_2024,0.61,0.001,526800,433065,166935,0.26202733485193624,0.3101009394707346,1.1834678990493999,0.5950366214051432,0.3060243932487372,30.60243932487372,0.017995305572459357,0.033991775741859555,383131,5633,135552,2484,152,0.3223684210526316,32.23684210526316,38.15789473684211,-0.000560127795312407,-0.004500000108033419,0.7817522189208294,-0.09136894787255834,-0.08322228981397484,95.46710526315789,0.3346071323553999
baja_v1_short,2026-07-05T19:03:19.004784+00:00,corto_tp070_sl035_240m,short,histgb_101_moderado,estructura_velas,histgb,101,validacion_2024,0.62,0.001,526800,433065,166935,0.26202733485193624,0.3101009394707346,1.1834678990493999,0.5950366214051432,0.30830255778963206,30.830255778963206,0.016329073575009418,0.031015432035060922,383707,5057,135782,2254,136,0.3088235294117647,30.88235294117647,37.5,-0.0006936229714158211,-0.004500000108033419,0.7369797964466647,-0.09685236463317215,-0.09143347862583084,96.41911764705883,0.28871986472384165
baja_v1_short,2026-07-05T19:03:19.112580+00:00,corto_tp070_sl035_240m,short,histgb_101_moderado,estructura_velas,histgb,101,validacion_2024,0.63,0.001,526800,433065,166935,0.26202733485193624,0.3101009394707346,1.1834678990493999,0.5950366214051432,0.3134170322190289,31.34170322190289,0.015010576950940335,0.02864905597765595,384225,4539,135964,2072,121,0.30578512396694213,30.57851239669421,38.01652892561984,-0.0005807720132245231,-0.004500000108033419,0.7686897640176122,-0.0746511049951063,-0.06909901142513963,104.87603305785125,0.43184528345227907
baja_v1_short,2026-07-05T19:03:19.226187+00:00,corto_tp070_sl035_240m,short,histgb_101_moderado,estructura_velas,histgb,101,validacion_2024,0.64,0.001,526800,433065,166935,0.26202733485193624,0.3101009394707346,1.1834678990493999,0.5950366214051432,0.31375811013142574,31.375811013142574,0.013663102379089513,0.02618589765840316,384639,4125,136150,1886,110,0.2727272727272727,27.27272727272727,36.36363636363637,-0.0008014745576338931,-0.004500000108033419,0.6875556913296438,-0.08646014607972985,-0.08545120559058539,110.2,0.36997693026676953
baja_v1_short,2026-07-05T19:03:19.336887+00:00,corto_tp070_sl035_240m,short,histgb_101_moderado,estructura_velas,histgb,101,validacion_2024,0.65,0.001,526800,433065,166935,0.26202733485193624,0.3101009394707346,1.1834678990493999,0.5950366214051432,0.3205199628597957,32.05199628597957,0.012503984467819989,0.024068999658348498,385105,3659,136310,1726,103,0.30097087378640774,30.097087378640776,39.80582524271845,-0.0004474479775181837,-0.003981639700010419,0.8155014221325217,-0.046571049564364864,-0.046113817065162155,106.6504854368932,0.35431401660860434
baja_v1_short,2026-07-05T19:03:19.451885+00:00,corto_tp070_sl035_240m,short,histgb_101_moderado,estructura_velas,histgb,101,validacion_2024,0.66,0.001,526800,433065,166935,0.26202733485193624,0.3101009394707346,1.1834678990493999,0.5950366214051432,0.3281442031954117,32.81442031954117,0.011605668086586108,0.022418449740410584,385484,3280,136434,1602,95,0.28421052631578947,28.421052631578945,35.78947368421053,-0.0007431977243027897,-0.004500000108033419,0.7145839050216006,-0.06492990313591063,-0.06913771867281782,101.7578947368421,0.3591568097638963
baja_v1_short,2026-07-05T19:03:19.566170+00:00,corto_tp070_sl035_240m,short,histgb_101_moderado,estructura_velas,histgb,101,validacion_2024,0.67,0.001,526800,433065,166935,0.26202733485193624,0.3101009394707346,1.1834678990493999,0.5950366214051432,0.3378592441728898,33.78592441728898,0.010816019009533745,0.020961005229721667,385838,2926,136543,1493,90,0.3,30.0,36.666666666666664,-0.0006768995768636363,-0.004500000108033419,0.7359464256523442,-0.055793842348469846,-0.060042770159907555,102.34444444444445,0.3659753035437817
baja_v1_short,2026-07-05T19:03:19.676897+00:00,corto_tp070_sl035_240m,short,histgb_101_moderado,estructura_velas,histgb,101,validacion_2024,0.68,0.001,526800,433065,166935,0.26202733485193624,0.3101009394707346,1.1834678990493999,0.5950366214051432,0.34246231155778895,34.246231155778894,0.009874235706627257,0.019195020279405138,386147,2617,136673,1363,77,0.2857142857142857,28.57142857142857,37.66233766233766,-0.0005854343210162548,-0.003782200463116169,0.7594195867121449,-0.04615821049385027,-0.044850507768891656,111.46753246753246,0.28700319521224016
baja_v1_short,2026-07-05T19:03:19.787640+00:00,corto_tp070_sl035_240m,short,histgb_101_moderado,estructura_velas,histgb,101,validacion_2024,0.69,0.001,526800,433065,166935,0.26202733485193624,0.3101009394707346,1.1834678990493999,0.5950366214051432,0.3442211055276382,34.42211055276382,0.008932452403720769,0.017413040715163326,386415,2349,136803,1233,80,0.2875,28.749999999999996,36.25,-0.0007251444558060032,-0.004269148641265929,0.7145357934613107,-0.0549047249300475,-0.05717320046621843,109.0625,0.364457901265211
baja_v1_short,2026-07-05T19:03:19.897397+00:00,corto_tp070_sl035_240m,short,histgb_101_moderado,estructura_velas,histgb,101,validacion_2024,0.7,0.001,526800,433065,166935,0.26202733485193624,0.3101009394707346,1.1834678990493999,0.5950366214051432,0.3511280584683826,35.112805846838256,0.00800515807470515,0.015653442694942024,386722,2042,136931,1105,72,0.2916666666666667,29.166666666666668,33.33333333333333,-0.0008779343964593461,-0.004500000108033419,0.6722422638094699,-0.05776656539254399,-0.06200661595007029,104.68055555555556,0.3194315436572396
baja_v1_short,2026-07-05T19:03:20.005307+00:00,corto_tp070_sl035_240m,short,histgb_101_moderado,estructura_velas,histgb,101,validacion_2024,0.71,0.001,526800,433065,166935,0.26202733485193624,0.3101009394707346,1.1834678990493999,0.5950366214051432,0.35076252723311546,35.07625272331155,0.006998174389289751,0.01372256552311954,386976,1788,137070,966,64,0.34375,34.375,42.1875,-0.00015351255822315592,-0.0023257412356324494,0.9334025122105908,-0.037773963353676776,-0.010488359251556223,114.875,0.4434972754874976
baja_v1_short,2026-07-05T19:03:20.115159+00:00,corto_tp070_sl035_240m,short,histgb_101_moderado,estructura_velas,histgb,101,validacion_2024,0.72,0.001,526800,433065,166935,0.26202733485193624,0.3101009394707346,1.1834678990493999,0.5950366214051432,0.35951787198669993,35.95178719866999,0.006266481207800863,0.01231825237464576,387223,1541,137171,865,53,0.2830188679245283,28.30188679245283,35.84905660377358,-0.0007235669623752881,-0.004500000108033419,0.710750534877123,-0.0409259754082697,-0.03815939576660743,114.73584905660377,0.4376780066058648
baja_v1_short,2026-07-05T19:03:20.220393+00:00,corto_tp070_sl035_240m,short,histgb_101_moderado,estructura_velas,histgb,101,validacion_2024,0.73,0.001,526800,433065,166935,0.26202733485193624,0.3101009394707346,1.1834678990493999,0.5950366214051432,0.37028189202102246,37.02818920210225,0.005614477382711756,0.011061236432144666,387446,1318,137261,775,47,0.3404255319148936,34.04255319148936,38.297872340425535,-0.0003325952750734709,-0.004500000108033419,0.8635987340635092,-0.03817079437939319,-0.016041323752152947,113.51063829787235,0.4060832350906248
baja_v1_short,2026-07-05T19:03:20.327498+00:00,corto_tp070_sl035_240m,short,histgb_101_moderado,estructura_velas,histgb,101,validacion_2024,0.74,0.001,526800,433065,166935,0.26202733485193624,0.3101009394707346,1.1834678990493999,0.5950366214051432,0.3858179787828029,38.58179787828029,0.005005940479295257,0.009883641928955066,387664,1100,137345,691,42,0.3333333333333333,33.33333333333333,42.857142857142854,-0.0001949690035350311,-0.0027644992331042886,0.9156501703888659,-0.034286684073347784,-0.008618155070157396,120.47619047619048,0.4476473460375128
baja_v1_short,2026-07-05T19:03:20.440512+00:00,corto_tp070_sl035_240m,short,histgb_101_moderado,estructura_velas,histgb,101,validacion_2024,0.75,0.001,526800,433065,166935,0.26202733485193624,0.3101009394707346,1.1834678990493999,0.5950366214051432,0.3833116036505867,38.33116036505867,0.0042597583239155,0.008425879486995773,387818,946,137448,588,37,0.35135135135135137,35.13513513513514,43.24324324324324,-6.228894503107553e-05,-0.002012894557788968,0.9721216758039043,-0.03429392840544754,-0.002710744355552297,122.48648648648648,0.4859808309179846
baja_v1_short,2026-07-05T19:03:20.549354+00:00,corto_tp070_sl035_240m,short,histgb_101_moderado,estructura_velas,histgb,101,validacion_2024,0.76,0.001,526800,433065,166935,0.26202733485193624,0.3101009394707346,1.1834678990493999,0.5950366214051432,0.3956215793588741,39.56215793588741,0.0036657103943898693,0.007264113699170943,387991,773,137530,506,37,0.35135135135135137,35.13513513513514,45.94594594594595,-2.1641524647035307e-05,-0.0016714878836646676,0.9902440785993344,-0.0208582551855373,-0.0012128822353764113,111.78378378378379,0.49407710918675607
baja_v1_short,2026-07-05T19:03:20.655765+00:00,corto_tp070_sl035_240m,short,histgb_101_moderado,estructura_velas,histgb,101,validacion_2024,0.77,0.001,526800,433065,166935,0.26202733485193624,0.3101009394707346,1.1834678990493999,0.5950366214051432,0.41739130434782606,41.73913043478261,0.0031296183604277144,0.006212653968117005,388161,603,137604,432,31,0.3870967741935484,38.70967741935484,54.83870967741935,0.0006374152563061684,0.0006140694497153163,1.3412435985827293,-0.01578186199806264,0.019602893159556878,125.61290322580645,0.6060760539749631
baja_v1_short,2026-07-05T19:03:20.761934+00:00,corto_tp070_sl035_240m,short,histgb_101_moderado,estructura_velas,histgb,101,validacion_2024,0.78,0.001,526800,433065,166935,0.26202733485193624,0.3101009394707346,1.1834678990493999,0.5950366214051432,0.4397076735688185,43.97076735688185,0.0026152597873018634,0.00519959382674262,388304,460,137675,361,30,0.36666666666666664,36.666666666666664,50.0,0.0004038942421999915,-0.0002645013116998598,1.2084782758699575,-0.023599077085291076,0.01186076207872655,115.16666666666667,0.5812874171993327
baja_v1_short,2026-07-05T19:03:20.865468+00:00,corto_tp070_sl035_240m,short,histgb_101_moderado,estructura_velas,histgb,101,validacion_2024,0.79,0.001,526800,433065,166935,0.26202733485193624,0.3101009394707346,1.1834678990493999,0.5950366214051432,0.471875,47.1875,0.0021878350575212265,0.004355476073725807,388426,338,137734,302,29,0.3448275862068966,34.48275862068966,44.827586206896555,0.0002543518374702122,-0.0006135531400796026,1.127246065712939,-0.019185411330316704,0.007091620043928382,114.93103448275862,0.5601389152757362
baja_v1_short,2026-07-05T19:03:20.970646+00:00,corto_tp070_sl035_240m,short,histgb_101_moderado,estructura_velas,histgb,101,validacion_2024,0.8,0.001,526800,433065,166935,0.26202733485193624,0.3101009394707346,1.1834678990493999,0.5950366214051432,0.4924406047516199,49.24406047516199,0.0016517430235590716,0.003292442544711514,388529,235,137808,228,25,0.36,36.0,44.0,1.6393711324781226e-05,-0.002099658780731261,1.007281792818707,-0.014751794298218934,0.00012246322475228943,105.84,0.504517665984832
baja_v1_short,2026-07-05T19:03:21.075035+00:00,corto_tp070_sl035_240m,short,histgb_101_moderado,estructura_velas,histgb,101,validacion_2024,0.81,0.001,526800,433065,166935,0.26202733485193624,0.3101009394707346,1.1834678990493999,0.5950366214051432,0.5435435435435435,54.35435435435435,0.001311252137123649,0.002616192933388259,388612,152,137855,181,19,0.3157894736842105,31.57894736842105,42.10526315789473,-0.00019522018478202978,-0.002099658780731261,0.9133028530481277,-0.013439341446189856,-0.0039053952724831253,112.94736842105263,0.45734515369948964
baja_v1_short,2026-07-05T19:03:21.183425+00:00,corto_tp070_sl035_240m,short,histgb_101_moderado,estructura_velas,histgb,101,validacion_2024,0.82,0.001,526800,433065,166935,0.26202733485193624,0.3101009394707346,1.1834678990493999,0.5950366214051432,0.6042553191489362,60.42553191489362,0.0010287171462517025,0.002053937557405385,388671,93,137894,142,15,0.4,40.0,46.666666666666664,0.0008251228262670334,-0.00018356485432013871,1.4941775593488562,-0.013620439309755428,0.01229013672520951,125.13333333333334,0.4689574350652738
baja_v1_short,2026-07-05T19:03:21.287260+00:00,corto_tp070_sl035_240m,short,histgb_101_moderado,estructura_velas,histgb,101,validacion_2024,0.83,0.001,526800,433065,166935,0.26202733485193624,0.3101009394707346,1.1834678990493999,0.5950366214051432,0.7066666666666667,70.66666666666667,0.0007679156162160596,0.0015341640976654653,388720,44,137930,106,10,0.3,30.0,50.0,5.510425055399535e-05,-0.00043556677317246797,1.027415514845508,-0.013439341446189967,0.00045276636083335653,129.5,0.4899996072296605
baja_v1_short,2026-07-05T19:03:21.394489+00:00,corto_tp070_sl035_240m,short,histgb_101_moderado,estructura_velas,histgb,101,validacion_2024,0.84,0.001,526800,433065,166935,0.26202733485193624,0.3101009394707346,1.1834678990493999,0.5950366214051432,0.7745098039215687,77.45098039215686,0.0005723144686893275,0.0011437837524794047,388741,23,137957,79,5,0.2,20.0,40.0,-0.0006405131882056594,-0.002099658780731261,0.7114716819721997,-0.011060554584437998,-0.0032395510974195796,147.0,0.6082135536046244
baja_v1_short,2026-07-05T19:03:21.496541+00:00,corto_tp070_sl035_240m,short,histgb_101_moderado,estructura_velas,histgb,101,validacion_2024,0.85,0.001,526800,433065,166935,0.26202733485193624,0.3101009394707346,1.1834678990493999,0.5950366214051432,0.7894736842105263,78.94736842105263,0.00043466921672607144,0.0008688600556070435,388748,16,137976,60,4,0.25,25.0,50.0,-0.00027572679007425906,-0.0013014536341652274,0.8774547629089917,-0.008979750215094562,-0.0011422907374653013,123.75,0.5326360026116242
baja_v1_short,2026-07-05T19:03:21.599980+00:00,corto_tp070_sl035_240m,short,histgb_101_moderado,estructura_velas,histgb,101,validacion_2024,0.86,0.001,526800,433065,166935,0.26202733485193624,0.3101009394707346,1.1834678990493999,0.5950366214051432,0.7916666666666666,79.16666666666666,0.00027529050392651193,0.0005503896179137337,388754,10,137998,38,3,0.3333333333333333,33.33333333333333,66.66666666666666,0.0011323643159121275,0.0018970928397029638,1.7549095258179834,-0.0045000001080335306,0.00337288736407082,151.66666666666666,0.6370116729321332
baja_v1_short,2026-07-05T19:03:21.705133+00:00,corto_tp070_sl035_240m,short,histgb_101_moderado,estructura_velas,histgb,101,validacion_2024,0.87,0.001,526800,433065,166935,0.26202733485193624,0.3101009394707346,1.1834678990493999,0.5950366214051432,0.8529411764705882,85.29411764705883,0.0002100901214176012,0.00042007677265155354,388759,5,138007,29,2,0.5,50.0,50.0,0.0007500000540167093,0.0007500000540167093,1.333333349338284,-0.0045000001080335306,0.001473000106412936,107.0,0.5714285743682562
baja_v1_short,2026-07-05T19:03:21.809097+00:00,corto_tp070_sl035_240m,short,histgb_101_moderado,estructura_velas,histgb,101,validacion_2024,0.88,0.001,526800,433065,166935,0.26202733485193624,0.3101009394707346,1.1834678990493999,0.5950366214051432,1.0,100.0,0.00012315627807238692,0.0002462822249425945,388764,0,138019,17,1,1.0,100.0,100.0,0.006000000216066837,0.006000000216066837,inf,0.0,0.0060000002160669474,200.0,1.0
baja_v1_short,2026-07-05T19:03:21.918352+00:00,corto_tp070_sl035_240m,short,histgb_101_moderado,estructura_velas,histgb,101,validacion_2024,0.89,0.001,526800,433065,166935,0.26202733485193624,0.3101009394707346,1.1834678990493999,0.5950366214051432,1.0,100.0,9.417833029064881e-05,0.00018833892313598795,388764,0,138023,13,1,1.0,100.0,100.0,0.006000000216066837,0.006000000216066837,inf,0.0,0.0060000002160669474,69.0,1.0
baja_v1_short,2026-07-05T19:03:22.025852+00:00,corto_tp070_sl035_240m,short,histgb_101_moderado,estructura_velas,histgb,101,validacion_2024,0.9,0.001,526800,433065,166935,0.26202733485193624,0.3101009394707346,1.1834678990493999,0.5950366214051432,1.0,100.0,5.79558955634762e-05,0.00011590507374460317,388764,0,138028,8,1,1.0,100.0,100.0,0.006000000216066837,0.006000000216066837,inf,0.0,0.0060000002160669474,69.0,1.0
baja_v1_short,2026-07-05T19:03:22.135152+00:00,corto_tp070_sl035_240m,short,histgb_101_moderado,estructura_velas,histgb,101,validacion_2024,0.91,0.001,526800,433065,166935,0.26202733485193624,0.3101009394707346,1.1834678990493999,0.5950366214051432,1.0,100.0,2.1733460836303573e-05,4.346597700649816e-05,388764,0,138033,3,1,1.0,100.0,100.0,0.006000000216066837,0.006000000216066837,inf,0.0,0.0060000002160669474,64.0,1.0
baja_v1_short,2026-07-05T19:03:22.241059+00:00,corto_tp070_sl035_240m,short,histgb_101_moderado,estructura_velas,histgb,101,validacion_2024,0.92,0.001,526800,433065,166935,0.26202733485193624,0.3101009394707346,1.1834678990493999,0.5950366214051432,0.0,0.0,0.0,0.0,388764,0,138036,0,0,0.0,0.0,0.0,0.0,0.0,0.0,0.0,0.0,0.0,0.0
baja_v1_short,2026-07-05T19:03:22.346513+00:00,corto_tp070_sl035_240m,short,histgb_101_moderado,estructura_velas,histgb,101,validacion_2024,0.93,0.001,526800,433065,166935,0.26202733485193624,0.3101009394707346,1.1834678990493999,0.5950366214051432,0.0,0.0,0.0,0.0,388764,0,138036,0,0,0.0,0.0,0.0,0.0,0.0,0.0,0.0,0.0,0.0,0.0
baja_v1_short,2026-07-05T19:03:22.450736+00:00,corto_tp070_sl035_240m,short,histgb_101_moderado,estructura_velas,histgb,101,validacion_2024,0.94,0.001,526800,433065,166935,0.26202733485193624,0.3101009394707346,1.1834678990493999,0.5950366214051432,0.0,0.0,0.0,0.0,388764,0,138036,0,0,0.0,0.0,0.0,0.0,0.0,0.0,0.0,0.0,0.0,0.0
baja_v1_short,2026-07-05T19:03:22.554913+00:00,corto_tp070_sl035_240m,short,histgb_101_moderado,estructura_velas,histgb,101,validacion_2024,0.95,0.001,526800,433065,166935,0.26202733485193624,0.3101009394707346,1.1834678990493999,0.5950366214051432,0.0,0.0,0.0,0.0,388764,0,138036,0,0,0.0,0.0,0.0,0.0,0.0,0.0,0.0,0.0,0.0,0.0
