objetivo,variante,umbral,operaciones_minimas,retorno_minimo,retorno_mediano_minimo,factor_minimo,drawdown_peor,positivas_minimas,precision_operaciones_minima,pr_auc_minimo,pr_auc_lift_minimo,concentracion_mensual_maxima,aprobado
baja_cierre_4h,histgb_63_moderado,0.8,1,0.0034699124991893,0.0034699124991893,6.641434848100466,-0.014990101404488,80.0,0.6,0.2352851491426881,1.3038575879510876,1.0,False
corto_tp070_sl035_240m,sgd_63_sin_pesos,0.65,1,0.0013333334053556,0.0016384014636278,1.6666666866728548,-0.0089797502150945,55.55555555555556,0.0,0.2349982432323634,1.1220491573392843,1.0,False
corto_tp070_sl035_240m,sgd_63_sin_pesos,0.64,1,0.0012892854176461,0.0012892854176461,1.6666666866728548,-0.0089797502150945,55.55555555555556,0.0,0.2349982432323634,1.1220491573392843,1.0,False
corto_tp070_sl035_240m,sgd_63_sin_pesos,0.63,1,0.0012886069491505,0.0012886069491505,2.333333361341997,-0.0089797502150945,63.63636363636363,0.0,0.2349982432323634,1.1220491573392843,1.0,False
baja_cierre_4h,histgb_101_moderado,0.77,1,0.0011435820963233,0.0011435820963233,8.878947897586672,-0.0078039042910686,70.0,0.0,0.2341322535886603,1.3128936430353293,1.0,False
baja_cierre_4h,histgb_101_moderado,0.76,1,0.0010361011847853,0.0010361011847853,2.67937270699254,-0.0333336087167263,60.0,0.0,0.2341322535886603,1.3128936430353293,1.0,False
baja_cierre_4h,histgb_63_moderado,0.77,3,0.0009163209556912,0.0012012284025549,1.1694679592444608,-0.0565907448228826,60.0,0.3333333333333333,0.2352851491426881,1.3038575879510876,0.6339759658421883,False
corto_tp070_sl035_240m,sgd_63_sin_pesos,0.6,1,0.0008737375503405,0.0008737375503405,1.669731644607274,-0.0089797502150945,52.94117647058824,0.0,0.2349982432323634,1.1220491573392843,1.0,False
corto_tp070_sl035_240m,sgd_63_sin_pesos,0.61,1,0.0008404405564069,0.0008404405564069,2.4000000288089107,-0.0089797502150945,64.28571428571429,0.0,0.2349982432323634,1.1220491573392843,1.0,False
corto_tp070_sl035_240m,sgd_63_sin_pesos,0.62,1,0.0007500000540167,0.0007500000540167,1.333333349338284,-0.0119861374911571,50.0,0.0,0.2349982432323634,1.1220491573392843,1.0,False
baja_cierre_4h,histgb_101_moderado,0.73,10,0.0006360415378585,0.0032813997715711,1.0998987570609748,-0.050135151256861,63.1578947368421,0.4,0.2341322535886603,1.3128936430353293,0.4397891147921805,False
corto_tp070_sl035_240m,sgd_63_sin_pesos,0.59,1,0.0004079737127758,-0.0026702633583918,1.177996953064309,-0.0149834045050902,45.0,0.0,0.2349982432323634,1.1220491573392843,1.0,False
baja_cierre_4h,histgb_101_moderado,0.74,7,0.0003886573059218,0.0001319168843328,1.0644403438875836,-0.0500727988446823,57.14285714285714,0.1428571428571428,0.2341322535886603,1.3128936430353293,0.4596959470799383,False
corto_tp070_sl035_240m,histgb_101_moderado,0.87,1,0.0001864630505442,0.0001864630505442,1.333333349338284,-0.0045000001080335,50.0,0.0,0.2686801098646919,1.1834678990494,1.0,False
corto_tp070_sl035_240m,histgb_101_moderado,0.86,1,0.0001613996466621,0.0001613996466621,1.7549095258179834,-0.0045000001080335,66.66666666666666,0.0,0.2686801098646919,1.1834678990494,1.0,False
corto_tp070_sl035_240m,histgb_63_moderado,0.78,5,2.345477207563816e-05,-0.0004359950069338,1.0199352907627235,-0.0089797502150945,20.0,0.2,0.2546630584100841,1.177292561863839,0.5996953614933271,False
baja_cierre_4h,histgb_101_moderado,0.85,0,0.0,0.0,0.0,0.0,0.0,0.0,0.2341322535886603,1.3128936430353293,0.0,False
baja_cierre_4h,histgb_101_moderado,0.86,0,0.0,0.0,0.0,0.0,0.0,0.0,0.2341322535886603,1.3128936430353293,0.0,False
baja_cierre_4h,histgb_101_moderado,0.87,0,0.0,0.0,0.0,0.0,0.0,0.0,0.2341322535886603,1.3128936430353293,0.0,False
baja_cierre_4h,histgb_101_moderado,0.88,0,0.0,0.0,0.0,0.0,0.0,0.0,0.2341322535886603,1.3128936430353293,0.0,False
baja_cierre_4h,histgb_101_moderado,0.89,0,0.0,0.0,0.0,0.0,0.0,0.0,0.2341322535886603,1.3128936430353293,0.0,False
baja_cierre_4h,histgb_101_moderado,0.9,0,0.0,0.0,0.0,0.0,0.0,0.0,0.2341322535886603,1.3128936430353293,0.0,False
baja_cierre_4h,histgb_101_moderado,0.91,0,0.0,0.0,0.0,0.0,0.0,0.0,0.2341322535886603,1.3128936430353293,0.0,False
baja_cierre_4h,histgb_101_moderado,0.92,0,0.0,0.0,0.0,0.0,0.0,0.0,0.2341322535886603,1.3128936430353293,0.0,False
baja_cierre_4h,histgb_101_moderado,0.93,0,0.0,0.0,0.0,0.0,0.0,0.0,0.2341322535886603,1.3128936430353293,0.0,False
baja_cierre_4h,histgb_101_moderado,0.94,0,0.0,0.0,0.0,0.0,0.0,0.0,0.2341322535886603,1.3128936430353293,0.0,False
baja_cierre_4h,histgb_101_moderado,0.95,0,0.0,0.0,0.0,0.0,0.0,0.0,0.2341322535886603,1.3128936430353293,0.0,False
baja_cierre_4h,histgb_63_moderado,0.86,0,0.0,0.0,0.0,0.0,0.0,0.0,0.2352851491426881,1.3038575879510876,0.5830824332808171,False
baja_cierre_4h,histgb_63_moderado,0.87,0,0.0,0.0,0.0,0.0,0.0,0.0,0.2352851491426881,1.3038575879510876,1.0,False
baja_cierre_4h,histgb_63_moderado,0.88,0,0.0,0.0,0.0,0.0,0.0,0.0,0.2352851491426881,1.3038575879510876,1.0,False
baja_cierre_4h,histgb_63_moderado,0.89,0,0.0,0.0,0.0,0.0,0.0,0.0,0.2352851491426881,1.3038575879510876,1.0,False
baja_cierre_4h,histgb_63_moderado,0.9,0,0.0,0.0,0.0,0.0,0.0,0.0,0.2352851491426881,1.3038575879510876,1.0,False
baja_cierre_4h,histgb_63_moderado,0.91,0,0.0,0.0,0.0,0.0,0.0,0.0,0.2352851491426881,1.3038575879510876,1.0,False
baja_cierre_4h,histgb_63_moderado,0.92,0,0.0,0.0,0.0,0.0,0.0,0.0,0.2352851491426881,1.3038575879510876,0.0,False
baja_cierre_4h,histgb_63_moderado,0.93,0,0.0,0.0,0.0,0.0,0.0,0.0,0.2352851491426881,1.3038575879510876,0.0,False
baja_cierre_4h,histgb_63_moderado,0.94,0,0.0,0.0,0.0,0.0,0.0,0.0,0.2352851491426881,1.3038575879510876,0.0,False
baja_cierre_4h,histgb_63_moderado,0.95,0,0.0,0.0,0.0,0.0,0.0,0.0,0.2352851491426881,1.3038575879510876,0.0,False
baja_cierre_4h,sgd_63_sin_pesos,0.82,0,0.0,0.0,0.0,0.0,0.0,0.0,0.2210412569135555,1.2739325029706796,0.8681442355118704,False
baja_cierre_4h,sgd_63_sin_pesos,0.83,0,0.0,0.0,0.0,0.0,0.0,0.0,0.2210412569135555,1.2739325029706796,0.8936307888205348,False
baja_cierre_4h,sgd_63_sin_pesos,0.84,0,0.0,0.0,0.0,0.0,0.0,0.0,0.2210412569135555,1.2739325029706796,1.0,False
baja_cierre_4h,sgd_63_sin_pesos,0.85,0,0.0,0.0,0.0,0.0,0.0,0.0,0.2210412569135555,1.2739325029706796,1.0,False
baja_cierre_4h,sgd_63_sin_pesos,0.86,0,0.0,0.0,0.0,0.0,0.0,0.0,0.2210412569135555,1.2739325029706796,1.0,False
baja_cierre_4h,sgd_63_sin_pesos,0.87,0,0.0,0.0,0.0,0.0,0.0,0.0,0.2210412569135555,1.2739325029706796,1.0,False
baja_cierre_4h,sgd_63_sin_pesos,0.88,0,0.0,0.0,0.0,0.0,0.0,0.0,0.2210412569135555,1.2739325029706796,1.0,False
baja_cierre_4h,sgd_63_sin_pesos,0.89,0,0.0,0.0,0.0,0.0,0.0,0.0,0.2210412569135555,1.2739325029706796,1.0,False
baja_cierre_4h,sgd_63_sin_pesos,0.9,0,0.0,0.0,0.0,0.0,0.0,0.0,0.2210412569135555,1.2739325029706796,1.0,False
baja_cierre_4h,sgd_63_sin_pesos,0.91,0,0.0,0.0,0.0,0.0,0.0,0.0,0.2210412569135555,1.2739325029706796,0.0,False
baja_cierre_4h,sgd_63_sin_pesos,0.92,0,0.0,0.0,0.0,0.0,0.0,0.0,0.2210412569135555,1.2739325029706796,0.0,False
baja_cierre_4h,sgd_63_sin_pesos,0.93,0,0.0,0.0,0.0,0.0,0.0,0.0,0.2210412569135555,1.2739325029706796,0.0,False
baja_cierre_4h,sgd_63_sin_pesos,0.94,0,0.0,0.0,0.0,0.0,0.0,0.0,0.2210412569135555,1.2739325029706796,0.0,False
baja_cierre_4h,sgd_63_sin_pesos,0.95,0,0.0,0.0,0.0,0.0,0.0,0.0,0.2210412569135555,1.2739325029706796,0.0,False
corto_tp070_sl035_240m,control_v4_63_moderado,0.92,0,0.0,0.0,0.0,0.0,0.0,0.0,0.2534349875428584,1.1928374949472378,1.0,False
corto_tp070_sl035_240m,control_v4_63_moderado,0.93,0,0.0,0.0,0.0,0.0,0.0,0.0,0.2534349875428584,1.1928374949472378,1.0,False
corto_tp070_sl035_240m,control_v4_63_moderado,0.94,0,0.0,0.0,0.0,0.0,0.0,0.0,0.2534349875428584,1.1928374949472378,1.0,False
corto_tp070_sl035_240m,control_v4_63_moderado,0.95,0,0.0,0.0,0.0,0.0,0.0,0.0,0.2534349875428584,1.1928374949472378,1.0,False
corto_tp070_sl035_240m,histgb_101_moderado,0.88,0,0.0,0.0,0.0,0.0,0.0,0.0,0.2686801098646919,1.1834678990494,1.0,False
corto_tp070_sl035_240m,histgb_101_moderado,0.89,0,0.0,0.0,0.0,0.0,0.0,0.0,0.2686801098646919,1.1834678990494,1.0,False
corto_tp070_sl035_240m,histgb_101_moderado,0.9,0,0.0,0.0,0.0,0.0,0.0,0.0,0.2686801098646919,1.1834678990494,1.0,False
corto_tp070_sl035_240m,histgb_101_moderado,0.91,0,0.0,0.0,0.0,0.0,0.0,0.0,0.2686801098646919,1.1834678990494,1.0,False
corto_tp070_sl035_240m,histgb_101_moderado,0.92,0,0.0,0.0,0.0,0.0,0.0,0.0,0.2686801098646919,1.1834678990494,0.0,False
corto_tp070_sl035_240m,histgb_101_moderado,0.93,0,0.0,0.0,0.0,0.0,0.0,0.0,0.2686801098646919,1.1834678990494,0.0,False
corto_tp070_sl035_240m,histgb_101_moderado,0.94,0,0.0,0.0,0.0,0.0,0.0,0.0,0.2686801098646919,1.1834678990494,0.0,False
corto_tp070_sl035_240m,histgb_101_moderado,0.95,0,0.0,0.0,0.0,0.0,0.0,0.0,0.2686801098646919,1.1834678990494,0.0,False
corto_tp070_sl035_240m,histgb_63_moderado,0.86,0,0.0,0.0,0.0,0.0,0.0,0.0,0.2546630584100841,1.177292561863839,0.0,False
corto_tp070_sl035_240m,histgb_63_moderado,0.87,0,0.0,0.0,0.0,0.0,0.0,0.0,0.2546630584100841,1.177292561863839,0.0,False
corto_tp070_sl035_240m,histgb_63_moderado,0.88,0,0.0,0.0,0.0,0.0,0.0,0.0,0.2546630584100841,1.177292561863839,0.0,False
corto_tp070_sl035_240m,histgb_63_moderado,0.89,0,0.0,0.0,0.0,0.0,0.0,0.0,0.2546630584100841,1.177292561863839,0.0,False
corto_tp070_sl035_240m,histgb_63_moderado,0.9,0,0.0,0.0,0.0,0.0,0.0,0.0,0.2546630584100841,1.177292561863839,0.0,False
corto_tp070_sl035_240m,histgb_63_moderado,0.91,0,0.0,0.0,0.0,0.0,0.0,0.0,0.2546630584100841,1.177292561863839,0.0,False
corto_tp070_sl035_240m,histgb_63_moderado,0.92,0,0.0,0.0,0.0,0.0,0.0,0.0,0.2546630584100841,1.177292561863839,0.0,False
corto_tp070_sl035_240m,histgb_63_moderado,0.93,0,0.0,0.0,0.0,0.0,0.0,0.0,0.2546630584100841,1.177292561863839,0.0,False
corto_tp070_sl035_240m,histgb_63_moderado,0.94,0,0.0,0.0,0.0,0.0,0.0,0.0,0.2546630584100841,1.177292561863839,0.0,False
corto_tp070_sl035_240m,histgb_63_moderado,0.95,0,0.0,0.0,0.0,0.0,0.0,0.0,0.2546630584100841,1.177292561863839,0.0,False
corto_tp070_sl035_240m,sgd_101_moderado,0.92,0,0.0,0.0,0.0,0.0,0.0,0.0,0.2406606673297599,1.1490856070573323,1.0,False
corto_tp070_sl035_240m,sgd_63_sin_pesos,0.92,0,0.0,0.0,0.0,0.0,0.0,0.0,0.2349982432323634,1.1220491573392843,0.0,False
corto_tp070_sl035_240m,sgd_63_sin_pesos,0.93,0,0.0,0.0,0.0,0.0,0.0,0.0,0.2349982432323634,1.1220491573392843,0.0,False
corto_tp070_sl035_240m,sgd_63_sin_pesos,0.94,0,0.0,0.0,0.0,0.0,0.0,0.0,0.2349982432323634,1.1220491573392843,0.0,False
corto_tp070_sl035_240m,sgd_63_sin_pesos,0.95,0,0.0,0.0,0.0,0.0,0.0,0.0,0.2349982432323634,1.1220491573392843,0.0,False
corto_tp070_sl035_240m,sgd_101_moderado,0.91,0,0.0,0.0,0.0,-0.0045000001080334,0.0,0.0,0.2406606673297599,1.1490856070573323,1.0,False
corto_tp070_sl035_240m,sgd_101_moderado,0.9,0,0.0,0.0,0.0,-0.0045000001080335,0.0,0.0,0.2406606673297599,1.1490856070573323,1.0,False
corto_tp070_sl035_240m,sgd_63_sin_pesos,0.67,0,0.0,0.0,0.0,-0.0045000001080335,0.0,0.0,0.2349982432323634,1.1220491573392843,1.0,False
corto_tp070_sl035_240m,sgd_63_sin_pesos,0.68,0,0.0,0.0,0.0,-0.0045000001080335,0.0,0.0,0.2349982432323634,1.1220491573392843,1.0,False
corto_tp070_sl035_240m,sgd_63_sin_pesos,0.69,0,0.0,0.0,0.0,-0.0045000001080335,0.0,0.0,0.2349982432323634,1.1220491573392843,1.0,False
corto_tp070_sl035_240m,sgd_63_sin_pesos,0.7,0,0.0,0.0,0.0,-0.0045000001080335,0.0,0.0,0.2349982432323634,1.1220491573392843,1.0,False
corto_tp070_sl035_240m,sgd_63_sin_pesos,0.71,0,0.0,0.0,0.0,-0.0045000001080335,0.0,0.0,0.2349982432323634,1.1220491573392843,1.0,False
corto_tp070_sl035_240m,sgd_63_sin_pesos,0.72,0,0.0,0.0,0.0,-0.0045000001080335,0.0,0.0,0.2349982432323634,1.1220491573392843,1.0,False
corto_tp070_sl035_240m,sgd_63_sin_pesos,0.73,0,0.0,0.0,0.0,-0.0045000001080335,0.0,0.0,0.2349982432323634,1.1220491573392843,1.0,False
corto_tp070_sl035_240m,sgd_63_sin_pesos,0.79,0,0.0,0.0,0.0,-0.0045000001080335,0.0,0.0,0.2349982432323634,1.1220491573392843,1.0,False
corto_tp070_sl035_240m,sgd_63_sin_pesos,0.83,0,0.0,0.0,0.0,-0.0045000001080335,0.0,0.0,0.2349982432323634,1.1220491573392843,1.0,False
corto_tp070_sl035_240m,sgd_63_sin_pesos,0.84,0,0.0,0.0,0.0,-0.0045000001080335,0.0,0.0,0.2349982432323634,1.1220491573392843,1.0,False
baja_cierre_4h,histgb_101_moderado,0.78,0,0.0,0.0,0.0,-0.0071610778793692,0.0,0.0,0.2341322535886603,1.3128936430353293,0.4001645645067377,False
baja_cierre_4h,histgb_63_moderado,0.85,0,0.0,0.0,0.0,-0.0080441686548291,0.0,0.0,0.2352851491426881,1.3038575879510876,0.4611288030640957,False
baja_cierre_4h,histgb_101_moderado,0.8,0,0.0,0.0,0.0,-0.0122940836697816,0.0,0.0,0.2341322535886603,1.3128936430353293,0.5213549646481306,False
baja_cierre_4h,histgb_101_moderado,0.82,0,0.0,0.0,0.0,-0.0122940836697816,0.0,0.0,0.2341322535886603,1.3128936430353293,0.5547359525878146,False
baja_cierre_4h,histgb_101_moderado,0.79,0,0.0,0.0,0.0,-0.0122940836697817,0.0,0.0,0.2341322535886603,1.3128936430353293,0.4440666536025907,False
baja_cierre_4h,histgb_101_moderado,0.81,0,0.0,0.0,0.0,-0.0122940836697817,0.0,0.0,0.2341322535886603,1.3128936430353293,0.5323723758120114,False
baja_cierre_4h,histgb_63_moderado,0.82,0,0.0,0.0,0.0,-0.0149901014044879,0.0,0.0,0.2352851491426881,1.3038575879510876,0.4325895412853238,False
baja_cierre_4h,histgb_63_moderado,0.83,0,0.0,0.0,0.0,-0.0149901014044879,0.0,0.0,0.2352851491426881,1.3038575879510876,0.5219369810700732,False
baja_cierre_4h,histgb_63_moderado,0.81,0,0.0,0.0,0.0,-0.014990101404488,0.0,0.0,0.2352851491426881,1.3038575879510876,0.4761014754435212,False
baja_cierre_4h,histgb_63_moderado,0.84,0,0.0,0.0,0.0,-0.014990101404488,0.0,0.0,0.2352851491426881,1.3038575879510876,0.5098365977677157,False
corto_tp070_sl035_240m,sgd_101_moderado,0.75,1,-1.3180907170933114e-05,-0.0045000001080334,0.9948343441608418,-0.0231825337434746,42.30769230769231,0.0,0.2406606673297599,1.1490856070573323,1.0,False
corto_tp070_sl035_240m,sgd_101_moderado,0.8,1,-0.0001190014438502,-0.0045000001080334,0.9534068432089684,-0.0179715789243813,43.24324324324324,0.0,0.2406606673297599,1.1490856070573323,1.0,False
corto_tp070_sl035_240m,sgd_101_moderado,0.81,1,-0.0001686586722997,-0.0045000001080334,0.9344105179025024,-0.0223907069253135,42.85714285714285,0.0,0.2406606673297599,1.1490856070573323,1.0,False
baja_cierre_4h,histgb_63_moderado,0.79,2,-0.0002126177530735,-0.0002126177530735,0.8908294356043582,-0.0159939901274158,50.0,0.3636363636363636,0.2352851491426881,1.3038575879510876,0.5288684326412414,False
corto_tp070_sl035_240m,control_v4_63_moderado,0.09,8,-0.0002573683610482,-0.0011040730567183,0.8818739645801522,-0.0145285764881174,36.36363636363637,0.2727272727272727,0.2534349875428584,1.1928374949472378,0.5981457338063704,False
corto_tp070_sl035_240m,histgb_101_moderado,0.85,1,-0.0002757267900742,-0.0013014536341652,0.8774547629089917,-0.0089797502150945,50.0,0.0,0.2686801098646919,1.1834678990494,1.0,False
corto_tp070_sl035_240m,sgd_63_sin_pesos,0.66,1,-0.0002999999783933,-0.0045000001080334,0.888888899558856,-0.01343934144619,40.0,0.0,0.2349982432323634,1.1220491573392843,1.0,False
corto_tp070_sl035_240m,sgd_63_sin_pesos,0.85,0,-0.0002999999783933,-0.0045000001080334,0.0,-0.0089797502150946,0.0,0.0,0.2349982432323634,1.1220491573392843,1.0,False
corto_tp070_sl035_240m,sgd_63_sin_pesos,0.8,0,-0.0002999999783933,-0.0045000001080334,0.0,-0.01343934144619,0.0,0.0,0.2349982432323634,1.1220491573392843,1.0,False
corto_tp070_sl035_240m,sgd_63_sin_pesos,0.81,0,-0.0002999999783933,-0.0045000001080334,0.0,-0.01343934144619,0.0,0.0,0.2349982432323634,1.1220491573392843,1.0,False
corto_tp070_sl035_240m,sgd_63_sin_pesos,0.82,0,-0.0002999999783933,-0.0045000001080334,0.0,-0.01343934144619,0.0,0.0,0.2349982432323634,1.1220491573392843,1.0,False
corto_tp070_sl035_240m,sgd_101_moderado,0.74,1,-0.0004688149371151,-0.0045000001080334,0.0,-0.036501842477023,0.0,0.0,0.2406606673297599,1.1490856070573323,1.0,False
corto_tp070_sl035_240m,histgb_63_moderado,0.8,2,-0.0004733656203607,-0.0004733656203607,0.0,-0.0222984097320423,0.0,0.0,0.2546630584100841,1.177292561863839,1.0,False
corto_tp070_sl035_240m,histgb_63_moderado,0.79,3,-0.0004899729596606,-0.0005231876382604,0.0,-0.01343934144619,0.0,0.0,0.2546630584100841,1.177292561863839,0.6440704002503757,False
baja_cierre_4h,histgb_63_moderado,0.76,4,-0.0005811441913247,-0.0002675296962261,0.872634151821202,-0.0724295145529171,50.0,0.25,0.2352851491426881,1.3038575879510876,0.5237621603897717,False
corto_tp070_sl035_240m,sgd_101_moderado,0.76,1,-0.0005936100086611,-0.0045000001080334,0.7891884376915609,-0.0491680751395923,37.03703703703704,0.0,0.2406606673297599,1.1490856070573323,1.0,False
baja_cierre_4h,histgb_63_moderado,0.78,3,-0.000663893196087,0.0012012284025549,0.9017831767978226,-0.0627738134622361,53.84615384615385,0.3076923076923077,0.2352851491426881,1.3038575879510876,0.5552885684668637,False
corto_tp070_sl035_240m,control_v4_63_moderado,0.72,3,-0.0007021276503801,-0.0045000001080334,0.7555555646250275,-0.0485808098818382,36.17021276595745,0.3333333333333333,0.2534349875428584,1.1928374949472378,0.640904993159514,False
corto_tp070_sl035_240m,histgb_63_moderado,0.57,217,-0.0007266216968317,-0.0045000001080334,0.722897267961072,-0.2235679739421932,38.24884792626728,0.2402402402402402,0.2546630584100841,1.177292561863839,0.2781380707616981,False
corto_tp070_sl035_240m,histgb_63_moderado,0.82,1,-0.0007316578810568,-0.0007316578810568,0.0,-0.01343934144619,0.0,0.0,0.2546630584100841,1.177292561863839,1.0,False
corto_tp070_sl035_240m,histgb_63_moderado,0.81,1,-0.0007316578810568,-0.0007316578810568,0.0,-0.0178788645162635,0.0,0.0,0.2546630584100841,1.177292561863839,1.0,False
corto_tp070_sl035_240m,histgb_101_moderado,0.51,733,-0.0007460915047354,-0.0045000001080334,0.7288266401886251,-0.4796190669053284,36.56207366984993,0.2861952861952861,0.2686801098646919,1.1834678990494,0.2387888215265418,False
corto_tp070_sl035_240m,sgd_101_moderado,0.82,0,-0.0007469704430841,-0.0045000001080334,0.0,-0.0354380752361364,0.0,0.0,0.2406606673297599,1.1490856070573323,0.3760125776028727,False
corto_tp070_sl035_240m,histgb_63_moderado,0.56,246,-0.0007566714184772,-0.0045000001080334,0.6912163866971741,-0.2689679221610378,38.24289405684754,0.2403100775193798,0.2546630584100841,1.177292561863839,0.2643399774190132,False
corto_tp070_sl035_240m,control_v4_63_moderado,0.12,23,-0.0007652968981445,-0.0013323967393953,0.6213627809430949,-0.0252486592330185,39.130434782608695,0.1304347826086956,0.2534349875428584,1.1928374949472378,0.4212980047329877,False
corto_tp070_sl035_240m,histgb_101_moderado,0.55,298,-0.0007664735755212,-0.0045000001080334,0.7172032098310608,-0.3513736419755365,36.91275167785235,0.2832244008714596,0.2686801098646919,1.1834678990494,0.2197189134098734,False
baja_cierre_4h,control_v4_63_moderado,0.13,13,-0.0007794325511746,-0.0014735901602543,0.0891930196491845,-0.0367191023946733,23.809523809523807,0.0,0.2281181756111706,1.2833197447562892,0.6182201418007336,False
corto_tp070_sl035_240m,histgb_63_moderado,0.55,293,-0.0007878740739452,-0.0045000001080334,0.6813151091300614,-0.3240323454099879,37.20136518771331,0.24375,0.2546630584100841,1.177292561863839,0.2333554594616484,False
corto_tp070_sl035_240m,histgb_101_moderado,0.54,354,-0.0007935913908784,-0.0045000001080334,0.7138987864235178,-0.3694925324248546,36.440677966101696,0.2865064695009242,0.2686801098646919,1.1834678990494,0.2306970779569389,False
corto_tp070_sl035_240m,control_v4_63_moderado,0.54,30,-0.0008181818125696,-0.0045000001080334,0.7200000086426733,-0.3135179702716684,35.064935064935064,0.3506493506493506,0.2534349875428584,1.1928374949472378,0.3700587433652728,False
corto_tp070_sl035_240m,sgd_63_sin_pesos,0.58,1,-0.0008257393571769,-0.0045000001080334,0.7077793696600748,-0.0203326777468748,33.33333333333333,0.0,0.2349982432323634,1.1220491573392843,1.0,False
baja_cierre_4h,control_v4_63_moderado,0.1,2,-0.0008275143443606,-0.0024442202518694,0.004592743971551,-0.0048824728630949,25.0,0.0,0.2281181756111706,1.2833197447562892,0.9954282528924168,False
corto_tp070_sl035_240m,histgb_63_moderado,0.59,175,-0.0008344641153276,-0.0045000001080334,0.6946704403931613,-0.185162433115142,35.42857142857142,0.2480314960629921,0.2546630584100841,1.177292561863839,0.2211731700059641,False
corto_tp070_sl035_240m,control_v4_63_moderado,0.53,44,-0.0008369457488562,-0.0045000001080334,0.6841378896725838,-0.2971549513318561,31.818181818181817,0.2954545454545454,0.2534349875428584,1.1928374949472378,0.3995261295594963,False
corto_tp070_sl035_240m,histgb_101_moderado,0.47,1665,-0.0008446441058766,-0.0045000001080334,0.700586368984065,-0.8750508651390838,35.35228677379481,0.2942942942942942,0.2686801098646919,1.1834678990494,0.2047931943339302,False
corto_tp070_sl035_240m,control_v4_63_moderado,0.73,3,-0.0008478260822594,-0.0045000001080334,0.7111111196470847,-0.0472693176891888,34.78260869565217,0.3333333333333333,0.2534349875428584,1.1928374949472378,0.5666666705078548,False
corto_tp070_sl035_240m,histgb_101_moderado,0.45,2148,-0.000849146939256,-0.0045000001080334,0.689180217106365,-0.9490298880355458,35.277219189887965,0.2956238361266294,0.2686801098646919,1.1834678990494,0.2196378895718937,False
corto_tp070_sl035_240m,histgb_101_moderado,0.48,1441,-0.0008524960767452,-0.0045000001080334,0.6922614714215664,-0.7975145412170377,35.104052573932094,0.2886884108258154,0.2686801098646919,1.1834678990494,0.1919237397646046,False
corto_tp070_sl035_240m,histgb_101_moderado,0.53,431,-0.0008526059289593,-0.0045000001080334,0.676651504849844,-0.4284872308195282,35.569422776911075,0.2745709828393136,0.2686801098646919,1.1834678990494,0.1969018424003718,False
corto_tp070_sl035_240m,sgd_63_sin_pesos,0.31,1577,-0.0008526986445209,-0.0045000001080334,0.6829268780936111,-0.8639459258044897,34.8715716151502,0.2859860494610019,0.2349982432323634,1.1220491573392843,0.177235062733527,False
corto_tp070_sl035_240m,histgb_63_moderado,0.6,159,-0.0008577248283849,-0.0045000001080334,0.6854654295731645,-0.1679085481748652,35.22012578616352,0.2577777777777778,0.2546630584100841,1.177292561863839,0.2713308688628117,False
corto_tp070_sl035_240m,control_v4_63_moderado,0.63,7,-0.0008588623878146,-0.0045000001080334,0.6662211683391543,-0.1248773421036416,28.57142857142857,0.2857142857142857,0.2534349875428584,1.1928374949472378,0.500669601890407,False
corto_tp070_sl035_240m,histgb_101_moderado,0.56,241,-0.0008629095191181,-0.0045000001080334,0.6713975041549041,-0.3296857378751798,35.064935064935064,0.2623376623376623,0.2686801098646919,1.1834678990494,0.2622176542246304,False
corto_tp070_sl035_240m,histgb_63_moderado,0.54,348,-0.0008665786504874,-0.0045000001080334,0.6608223677773494,-0.3919766863796406,36.52482269503546,0.2482269503546099,0.2546630584100841,1.177292561863839,0.3213015507458403,False
corto_tp070_sl035_240m,histgb_101_moderado,0.46,1900,-0.0008684147875507,-0.0045000001080334,0.6936905955845848,-0.930647090163739,35.04844637487471,0.2931578947368421,0.2686801098646919,1.1834678990494,0.2089442338524879,False
corto_tp070_sl035_240m,control_v4_63_moderado,0.64,5,-0.0008793103411022,-0.0045000001080334,0.7017543943885705,-0.1073039655543879,34.48275862068966,0.3448275862068966,0.2534349875428584,1.1928374949472378,0.6969131504473595,False
corto_tp070_sl035_240m,histgb_101_moderado,0.49,1271,-0.0008805777421717,-0.0045000001080334,0.679560566131034,-0.7023658009067856,35.08245877061469,0.2848151062155782,0.2686801098646919,1.1834678990494,0.2276283857160911,False
corto_tp070_sl035_240m,histgb_101_moderado,0.5,1001,-0.0009002360708765,-0.0045000001080334,0.6878723426063543,-0.6094704764153602,34.86513486513487,0.2897460018814675,0.2686801098646919,1.1834678990494,0.3045577031875748,False
corto_tp070_sl035_240m,histgb_63_moderado,0.53,443,-0.0009005967242891,-0.0045000001080334,0.6784408389452364,-0.4222753698062377,35.214446952595935,0.2627737226277372,0.2546630584100841,1.177292561863839,0.2525678127212854,False
corto_tp070_sl035_240m,histgb_101_moderado,0.4,2598,-0.0009022049912699,-0.0045000001080334,0.6779324987144003,-0.9206310881979252,35.28561099060015,0.285604311008468,0.2686801098646919,1.1834678990494,0.1709130970582066,False
corto_tp070_sl035_240m,histgb_63_moderado,0.61,144,-0.0009051387592906,-0.0045000001080334,0.6204452758130936,-0.1728810470009931,34.39153439153439,0.2169312169312169,0.2546630584100841,1.177292561863839,0.4790858890255252,False
corto_tp070_sl035_240m,histgb_63_moderado,0.5,1028,-0.0009071109116057,-0.0045000001080334,0.6629080142138786,-0.646929404388551,35.892857142857146,0.2758928571428571,0.2546630584100841,1.177292561863839,0.1940819379386552,False
corto_tp070_sl035_240m,histgb_63_moderado,0.51,770,-0.0009125045697896,-0.0045000001080334,0.6782024090804263,-0.5316863295485317,35.45454545454545,0.2813487881981033,0.2546630584100841,1.177292561863839,0.210937512761517,False
corto_tp070_sl035_240m,sgd_101_moderado,0.77,1,-0.0009204545429992,-0.0045000001080334,0.6896551806922158,-0.0430529959519023,34.090909090909086,0.0,0.2406606673297599,1.1490856070573323,1.0,False
corto_tp070_sl035_240m,control_v4_63_moderado,0.74,3,-0.0009204545429992,-0.0045000001080334,0.6896551806922158,-0.0529516082443487,34.090909090909086,0.3333333333333333,0.2534349875428584,1.1928374949472378,0.5378376640281337,False
corto_tp070_sl035_240m,control_v4_63_moderado,0.43,1656,-0.0009223249892719,-0.0045000001080334,0.6736681956832061,-0.8971919987842958,34.49121373109931,0.3055555555555556,0.2534349875428584,1.1928374949472378,0.1945849740964218,False
corto_tp070_sl035_240m,control_v4_63_moderado,0.62,9,-0.0009231931058631,-0.0045000001080334,0.6875498469563048,-0.1458109413746486,33.33333333333333,0.2222222222222222,0.2534349875428584,1.1928374949472378,0.4767303887970456,False
corto_tp070_sl035_240m,control_v4_63_moderado,0.46,540,-0.0009323616365506,-0.0045000001080334,0.6723777157909917,-0.779503839630011,34.25925925925926,0.3111111111111111,0.2534349875428584,1.1928374949472378,0.2583475871577413,False
corto_tp070_sl035_240m,histgb_63_moderado,0.37,1924,-0.0009346446765756,-0.0045000001080334,0.6516847065016932,-0.8853936475155831,35.03118503118503,0.2608695652173913,0.2546630584100841,1.177292561863839,0.1596976174974229,False
corto_tp070_sl035_240m,sgd_63_sin_pesos,0.14,1383,-0.0009357899881699,-0.0045000001080334,0.6491226352689617,-0.7298552917523593,35.430224150397684,0.2646420824295011,0.2349982432323634,1.1220491573392843,0.1613229368984298,False
corto_tp070_sl035_240m,histgb_63_moderado,0.52,591,-0.0009378299081613,-0.0045000001080334,0.6679538463095545,-0.4589857481483547,35.025380710659896,0.2745341614906832,0.2546630584100841,1.177292561863839,0.2230965338635457,False
corto_tp070_sl035_240m,control_v4_63_moderado,0.59,12,-0.0009437079644628,-0.0045000001080334,0.6818040384276212,-0.1837417498022474,33.70165745856354,0.3333333333333333,0.2534349875428584,1.1928374949472378,0.5658555624488888,False
corto_tp070_sl035_240m,histgb_101_moderado,0.57,208,-0.0009468686169729,-0.0045000001080334,0.6475187141205729,-0.3318434030698305,33.92330383480826,0.2654867256637168,0.2686801098646919,1.1834678990494,0.3212280407148823,False
corto_tp070_sl035_240m,histgb_101_moderado,0.39,2490,-0.0009500648514613,-0.0045000001080334,0.6609651665178651,-0.9085670653980762,35.02008032128514,0.2801276935355147,0.2686801098646919,1.1834678990494,0.1748491928928246,False
corto_tp070_sl035_240m,control_v4_63_moderado,0.45,803,-0.0009565540879852,-0.0045000001080334,0.6639625700821457,-0.8216654490674684,34.49564134495641,0.3051058530510585,0.2534349875428584,1.1928374949472378,0.209715754298529,False
corto_tp070_sl035_240m,histgb_101_moderado,0.52,557,-0.000958521744426,-0.0045000001080334,0.6664724799752454,-0.4496206057496843,34.1113105924596,0.2797297297297297,0.2686801098646919,1.1834678990494,0.2076567579175861,False
corto_tp070_sl035_240m,histgb_101_moderado,0.42,2632,-0.0009585513514153,-0.0045000001080334,0.6655448034769242,-0.9629447964161556,34.47048353604272,0.2887537993920973,0.2686801098646919,1.1834678990494,0.1857096942607134,False
corto_tp070_sl035_240m,histgb_63_moderado,0.47,1770,-0.0009594416765101,-0.0045000001080334,0.6500609015569198,-0.8675721041853806,34.70425138632163,0.280225988700565,0.2546630584100841,1.177292561863839,0.1739351547965898,False
corto_tp070_sl035_240m,sgd_101_moderado,0.34,4043,-0.0009642968819017,-0.0045000001080334,0.638087776418613,-0.9834512724637872,34.28147415285679,0.2572584483579248,0.2406606673297599,1.1490856070573323,0.1321020731937216,False
corto_tp070_sl035_240m,control_v4_63_moderado,0.67,4,-0.0009649304346266,-0.0045000001080334,0.6745520906939491,-0.0818632709730187,33.33333333333333,0.25,0.2534349875428584,1.1928374949472378,0.7695952902677369,False
corto_tp070_sl035_240m,sgd_101_moderado,0.39,3945,-0.0009660574231429,-0.0045000001080334,0.6449139259422445,-0.98514697157022,34.14520992809093,0.2722433460076046,0.2406606673297599,1.1490856070573323,0.1663418681485232,False
corto_tp070_sl035_240m,control_v4_63_moderado,0.39,2966,-0.0009670004269082,-0.0045000001080334,0.6499806114855573,-0.9687120830004308,34.12002697235334,0.2783125707814269,0.2534349875428584,1.1928374949472378,0.1296351796094101,False
corto_tp070_sl035_240m,sgd_63_sin_pesos,0.15,1623,-0.0009732932130956,-0.0045000001080334,0.6374988032040437,-0.7974642628393307,35.05853357979051,0.2624768946395563,0.2349982432323634,1.1220491573392843,0.1526652676643169,False
corto_tp070_sl035_240m,sgd_63_sin_pesos,0.32,955,-0.0009737085483693,-0.0045000001080334,0.646954521846228,-0.7628718999884173,34.86910994764398,0.2837696335078534,0.2349982432323634,1.1220491573392843,0.1980534059792559,False
corto_tp070_sl035_240m,sgd_101_moderado,0.41,3397,-0.000977557097349,-0.0045000001080334,0.6426179354589613,-0.9721341076861444,34.38327936414483,0.2749484839564321,0.2406606673297599,1.1490856070573323,0.1466926524390817,False
corto_tp070_sl035_240m,sgd_101_moderado,0.42,2974,-0.0009802039306561,-0.0045000001080334,0.6422277713908183,-0.9646525882400928,34.12911903160726,0.2757229320780094,0.2406606673297599,1.1490856070573323,0.1750618758235734,False
corto_tp070_sl035_240m,sgd_101_moderado,0.63,14,-0.0009803520362807,-0.0045000001080334,0.5098368641651274,-0.1468572640497475,28.57142857142857,0.1428571428571428,0.2406606673297599,1.1490856070573323,0.3063848660462637,False
corto_tp070_sl035_240m,sgd_63_sin_pesos,0.13,1178,-0.0009805601378107,-0.0045000001080334,0.6358919341328946,-0.6913086304276634,34.90725126475548,0.2613827993254637,0.2349982432323634,1.1220491573392843,0.168171482718564,False
corto_tp070_sl035_240m,sgd_101_moderado,0.35,4244,-0.0009807585365835,-0.0045000001080334,0.6456380733930948,-0.9852060420886936,34.04806786050895,0.2624941616067258,0.2406606673297599,1.1490856070573323,0.1490974130516082,False
corto_tp070_sl035_240m,sgd_63_sin_pesos,0.16,1879,-0.0009835241339374,-0.0045000001080334,0.6343576539285154,-0.8621014857000338,34.647201946472016,0.261841405002661,0.2349982432323634,1.1220491573392843,0.1561126481048448,False
corto_tp070_sl035_240m,histgb_63_moderado,0.46,1978,-0.0009856243920843,-0.0045000001080334,0.6432243586635884,-0.9318762489634158,34.36123348017621,0.2780586450960566,0.2546630584100841,1.177292561863839,0.2004900643709234,False
corto_tp070_sl035_240m,sgd_101_moderado,0.09,24,-0.0009873843572427,-0.0045000001080334,0.6361938150039281,-0.1673457903994406,33.33333333333333,0.2689655172413793,0.2406606673297599,1.1490856070573323,0.2100974961161399,False
corto_tp070_sl035_240m,sgd_101_moderado,0.36,4331,-0.0009889541450658,-0.0045000001080334,0.6369403068931218,-0.98720786132998,33.83908045977012,0.2646040175479104,0.2406606673297599,1.1490856070573323,0.1506720150229752,False
corto_tp070_sl035_240m,histgb_101_moderado,0.41,2632,-0.0009902706972127,-0.0045000001080334,0.6540213607202997,-0.9568190516868528,34.25925925925926,0.2891337386018237,0.2686801098646919,1.1834678990494,0.1711134610650291,False
corto_tp070_sl035_240m,control_v4_63_moderado,0.35,2582,-0.0009916492466058,-0.0045000001080334,0.6267865098445023,-0.9563036814547452,34.12083656080558,0.2530468248877485,0.2534349875428584,1.1928374949472378,0.131430862011936,False
corto_tp070_sl035_240m,sgd_63_sin_pesos,0.3,2344,-0.0009950683804513,-0.0045000001080334,0.6384867896862935,-0.922528886804186,33.95904436860068,0.276877133105802,0.2349982432323634,1.1220491573392843,0.1460610127659479,False
corto_tp070_sl035_240m,control_v4_63_moderado,0.42,2163,-0.0009982493979174,-0.0045000001080334,0.6478598481965007,-0.9174768307789606,33.841886269070734,0.2940360610263522,0.2534349875428584,1.1928374949472378,0.1885167073649346,False
corto_tp070_sl035_240m,sgd_101_moderado,0.18,368,-0.0009985031568204,-0.0045000001080334,0.616379118694423,-0.4103441182044187,33.969465648854964,0.2418478260869565,0.2406606673297599,1.1490856070573323,0.1754263970252443,False
corto_tp070_sl035_240m,sgd_101_moderado,0.78,1,-0.001,-0.0045000001080334,0.666666674669142,-0.0416434129131079,33.33333333333333,0.0,0.2406606673297599,1.1490856070573323,1.0,False
corto_tp070_sl035_240m,sgd_101_moderado,0.6,24,-0.001,-0.0045000001080334,0.5801476832957548,-0.2249552217311957,25.0,0.2083333333333333,0.2406606673297599,1.1490856070573323,0.3932584262116085,False
corto_tp070_sl035_240m,control_v4_63_moderado,0.06,3,-0.001,-0.0045000001080334,0.5732648337137841,-0.0055991048358772,20.0,0.2,0.2534349875428584,1.1928374949472378,0.7499999909972155,False
corto_tp070_sl035_240m,histgb_63_moderado,0.84,1,-0.001,-0.0045000001080334,0.0,-0.0045000001080334,0.0,0.0,0.2546630584100841,1.177292561863839,1.0,False
corto_tp070_sl035_240m,sgd_63_sin_pesos,0.74,0,-0.001,-0.0045000001080334,0.0,-0.0089797502150946,0.0,0.0,0.2349982432323634,1.1220491573392843,1.0,False
corto_tp070_sl035_240m,sgd_63_sin_pesos,0.75,0,-0.001,-0.0045000001080334,0.0,-0.0089797502150946,0.0,0.0,0.2349982432323634,1.1220491573392843,1.0,False
corto_tp070_sl035_240m,sgd_63_sin_pesos,0.76,0,-0.001,-0.0045000001080334,0.0,-0.0089797502150946,0.0,0.0,0.2349982432323634,1.1220491573392843,1.0,False
corto_tp070_sl035_240m,sgd_63_sin_pesos,0.77,0,-0.001,-0.0045000001080334,0.0,-0.0089797502150946,0.0,0.0,0.2349982432323634,1.1220491573392843,1.0,False
corto_tp070_sl035_240m,sgd_63_sin_pesos,0.78,0,-0.001,-0.0045000001080334,0.0,-0.0089797502150946,0.0,0.0,0.2349982432323634,1.1220491573392843,1.0,False
corto_tp070_sl035_240m,sgd_101_moderado,0.87,0,-0.001,-0.0045000001080334,0.0,-0.0266980669938725,0.0,0.0,0.2406606673297599,1.1490856070573323,0.4499999945983293,False
corto_tp070_sl035_240m,sgd_63_sin_pesos,0.28,3815,-0.0010021735026028,-0.0045000001080334,0.63386271482631,-0.979194963957368,34.003091190108194,0.2689384010484928,0.2349982432323634,1.1220491573392843,0.163849967943774,False
corto_tp070_sl035_240m,histgb_101_moderado,0.44,2370,-0.0010027747404414,-0.0045000001080334,0.6561116570967018,-0.9755394744329348,33.791964777105115,0.2932489451476793,0.2686801098646919,1.1834678990494,0.195039556022337,False
corto_tp070_sl035_240m,histgb_63_moderado,0.62,135,-0.0010056756895706,-0.0045000001080334,0.5840997892926693,-0.1720196083899826,33.33333333333333,0.2023809523809523,0.2546630584100841,1.177292561863839,0.3243149301394822,False
corto_tp070_sl035_240m,control_v4_63_moderado,0.44,1184,-0.0010141362550307,-0.0045000001080334,0.6460618563380227,-0.8411669560425538,33.78378378378378,0.2989864864864865,0.2534349875428584,1.1928374949472378,0.2479056430257189,False
corto_tp070_sl035_240m,sgd_101_moderado,0.4,3705,-0.0010159042435669,-0.0045000001080334,0.6310488471223539,-0.9777244420340446,34.14304993252362,0.2701754385964912,0.2406606673297599,1.1490856070573323,0.1603427995385641,False
corto_tp070_sl035_240m,sgd_63_sin_pesos,0.27,4252,-0.001017741873496,-0.0045000001080334,0.6284169814962572,-0.9874245126933208,34.17050691244239,0.2652869238005644,0.2349982432323634,1.1220491573392843,0.1504700424884789,False
corto_tp070_sl035_240m,sgd_63_sin_pesos,0.18,2436,-0.001018288486908,-0.0045000001080334,0.6220507989467011,-0.9330319001250594,34.441707717569784,0.2557471264367816,0.2349982432323634,1.1220491573392843,0.1586576282704254,False
corto_tp070_sl035_240m,histgb_63_moderado,0.83,1,-0.0010184402906597,-0.0045000001080334,0.0,-0.0134393414461899,0.0,0.0,0.2546630584100841,1.177292561863839,1.0,False
corto_tp070_sl035_240m,sgd_101_moderado,0.61,21,-0.0010190217397175,-0.0045000001080334,0.6612466204035392,-0.1897036007991143,28.57142857142857,0.238095238095238,0.2406606673297599,1.1490856070573323,0.3398692820918268,False
corto_tp070_sl035_240m,sgd_101_moderado,0.2,566,-0.0010211981152972,-0.0045000001080334,0.6087418826775582,-0.5521931551747237,33.81770145310436,0.2173144876325088,0.2406606673297599,1.1490856070573323,0.1758901708852255,False
corto_tp070_sl035_240m,histgb_63_moderado,0.34,1405,-0.0010221230318714,-0.0045000001080334,0.6239057808360648,-0.8442926429402979,34.661921708185055,0.2379471228615863,0.2546630584100841,1.177292561863839,0.1782635801476058,False
corto_tp070_sl035_240m,sgd_63_sin_pesos,0.25,4536,-0.0010229977171555,-0.0045000001080334,0.6228369859139604,-0.9908743947091526,34.016754850088184,0.2590388007054673,0.2349982432323634,1.1220491573392843,0.1666380243252171,False
corto_tp070_sl035_240m,histgb_101_moderado,0.58,193,-0.0010246915290457,-0.0045000001080334,0.6196201578323154,-0.2924124453727865,33.21033210332104,0.2546125461254612,0.2686801098646919,1.1834678990494,0.3615361397886695,False
corto_tp070_sl035_240m,histgb_63_moderado,0.49,1313,-0.001025348877274,-0.0045000001080334,0.6296923955877837,-0.751045442175966,34.57730388423458,0.2711610486891386,0.2546630584100841,1.177292561863839,0.1650511277284301,False
corto_tp070_sl035_240m,sgd_63_sin_pesos,0.33,489,-0.0010263704319865,-0.0045000001080334,0.6284571234666061,-0.7366359457280556,33.53474320241692,0.2719836400817996,0.2349982432323634,1.1220491573392843,0.2083560532425088,False
corto_tp070_sl035_240m,control_v4_63_moderado,0.41,2729,-0.0010270957433972,-0.0045000001080334,0.6359357697838625,-0.9425961918541436,33.821912788567246,0.2832539391718578,0.2534349875428584,1.1928374949472378,0.1693302716120646,False
corto_tp070_sl035_240m,sgd_63_sin_pesos,0.17,2138,-0.0010271072683282,-0.0045000001080334,0.631150625995804,-0.9193646490087,33.732452518579684,0.2609915809167446,0.2349982432323634,1.1220491573392843,0.1526442811169088,False
corto_tp070_sl035_240m,control_v4_63_moderado,0.36,2780,-0.0010282559970808,-0.0045000001080334,0.6226085322967613,-0.9737701052743336,33.9568345323741,0.2589413447782546,0.2534349875428584,1.1928374949472378,0.1346939551483483,False
corto_tp070_sl035_240m,sgd_101_moderado,0.33,3830,-0.0010288478099075,-0.0045000001080334,0.6243861817665679,-0.9836317134358864,33.759791122715406,0.2522189349112426,0.2406606673297599,1.1490856070573323,0.1299692010678164,False
corto_tp070_sl035_240m,histgb_63_moderado,0.08,112,-0.001028888778047,-0.001247689698881,0.4398760531021997,-0.1728799439178197,30.386740331491712,0.0535714285714285,0.2546630584100841,1.177292561863839,0.3321092088712661,False
corto_tp070_sl035_240m,sgd_63_sin_pesos,0.29,3174,-0.0010289450482708,-0.0045000001080334,0.6269004635115315,-0.9633139777222078,33.90044108380592,0.2668557025834908,0.2349982432323634,1.1220491573392843,0.1642308520808794,False
corto_tp070_sl035_240m,control_v4_63_moderado,0.34,2402,-0.0010291653915651,-0.0045000001080334,0.6106907116768299,-0.9377666108539092,34.433608402100525,0.2408102025506376,0.2534349875428584,1.1928374949472378,0.1394599982550515,False
corto_tp070_sl035_240m,histgb_101_moderado,0.43,2506,-0.0010299387231875,-0.0045000001080334,0.6465314243589191,-0.9759532529146951,33.47362514029181,0.2924980047885075,0.2686801098646919,1.1834678990494,0.1994001599924053,False
corto_tp070_sl035_240m,sgd_101_moderado,0.45,1848,-0.0010316807061072,-0.0045000001080334,0.6293485279012343,-0.9308077122723684,33.11688311688312,0.2797619047619047,0.2406606673297599,1.1490856070573323,0.177936190878453,False
corto_tp070_sl035_240m,sgd_101_moderado,0.37,4299,-0.0010318355877894,-0.0045000001080334,0.6231738210582827,-0.9887879291351986,33.75203535705978,0.2640148871830658,0.2406606673297599,1.1490856070573323,0.1444665850549419,False
corto_tp070_sl035_240m,histgb_63_moderado,0.35,1566,-0.001032448283495,-0.0045000001080334,0.6141499256175553,-0.8789484082932357,34.2911877394636,0.2395884370406663,0.2546630584100841,1.177292561863839,0.1629341030826954,False
corto_tp070_sl035_240m,sgd_101_moderado,0.19,457,-0.0010338141524703,-0.0045000001080334,0.6054851765029233,-0.4820260892653707,33.33333333333333,0.2319474835886214,0.2406606673297599,1.1490856070573323,0.2054931390399298,False
corto_tp070_sl035_240m,sgd_101_moderado,0.38,4177,-0.0010367221004569,-0.0045000001080334,0.622685687196193,-0.987483997723154,33.852046923629395,0.2655015561407708,0.2406606673297599,1.1490856070573323,0.1657032053001256,False
baja_cierre_4h,control_v4_63_moderado,0.12,8,-0.001038004572616,-0.0013462780805421,0.0009187313220863,-0.0139620551959432,12.5,0.0,0.2281181756111706,1.2833197447562892,0.4943724099467849,False
corto_tp070_sl035_240m,sgd_101_moderado,0.43,2624,-0.0010393737957632,-0.0045000001080334,0.6263535168495451,-0.951174285811039,33.23170731707317,0.2755335365853658,0.2406606673297599,1.1490856070573323,0.1516688984167097,False
corto_tp070_sl035_240m,control_v4_63_moderado,0.4,2943,-0.001044004204725,-0.0045000001080334,0.6289555568433158,-0.9657458226256348,33.43527013251784,0.2766898294377763,0.2534349875428584,1.1928374949472378,0.1616664494222919,False
corto_tp070_sl035_240m,histgb_101_moderado,0.65,64,-0.0010440976048707,-0.0045000001080334,0.5998905179096553,-0.093424633392988,31.25,0.25,0.2686801098646919,1.1834678990494,0.3543140166086043,False
corto_tp070_sl035_240m,histgb_63_moderado,0.32,1131,-0.0010449019665812,-0.0045000001080334,0.6022879982369101,-0.8396799523136923,34.48275862068966,0.2198421645997745,0.2546630584100841,1.177292561863839,0.150141321462816,False
corto_tp070_sl035_240m,sgd_63_sin_pesos,0.21,3573,-0.0010450460544533,-0.0045000001080334,0.6150188704198288,-0.9787606123293464,34.22893926672264,0.2538483067450321,0.2349982432323634,1.1220491573392843,0.1435612525367776,False
corto_tp070_sl035_240m,histgb_63_moderado,0.41,2667,-0.0010457265653441,-0.0045000001080334,0.6242244363063051,-0.9549423458844328,34.15823022122235,0.2692163479565054,0.2546630584100841,1.177292561863839,0.1341853776236349,False
corto_tp070_sl035_240m,histgb_63_moderado,0.48,1554,-0.0010482414815634,-0.0045000001080334,0.6235319664272716,-0.8088666270609726,34.04118404118404,0.2696267696267696,0.2546630584100841,1.177292561863839,0.1785330300270098,False
corto_tp070_sl035_240m,sgd_63_sin_pesos,0.22,3904,-0.001048878060651,-0.0045000001080334,0.6128387961109909,-0.986084818787932,34.06762295081967,0.2525614754098361,0.2349982432323634,1.1220491573392843,0.1428921141748317,False
corto_tp070_sl035_240m,histgb_101_moderado,0.36,1808,-0.0010498803471678,-0.0045000001080334,0.625457773217616,-0.8785060387319328,34.070796460176986,0.2536697247706422,0.2686801098646919,1.1834678990494,0.1628313214463004,False
corto_tp070_sl035_240m,histgb_63_moderado,0.4,2560,-0.0010499843531445,-0.0045000001080334,0.6225748046361308,-0.9359655754836376,34.01684364701574,0.26484375,0.2546630584100841,1.177292561863839,0.1442563108566375,False
corto_tp070_sl035_240m,histgb_63_moderado,0.36,1735,-0.0010512687307768,-0.0045000001080334,0.622184155226302,-0.8880913479482013,34.46685878962536,0.246068455134135,0.2546630584100841,1.177292561863839,0.1410148137239225,False
corto_tp070_sl035_240m,sgd_63_sin_pesos,0.34,257,-0.0010539367292692,-0.0045000001080334,0.6460933020103484,-0.6410997398610403,32.80590717299578,0.2879377431906614,0.2349982432323634,1.1220491573392843,0.2402084969761951,False
corto_tp070_sl035_240m,sgd_63_sin_pesos,0.35,125,-0.0010542860016576,-0.0045000001080334,0.6221605650756665,-0.5087963326368365,33.572453371592545,0.272,0.2349982432323634,1.1220491573392843,0.3214930900914879,False
corto_tp070_sl035_240m,histgb_101_moderado,0.74,4,-0.0010554289581486,-0.0027644992331042,0.2025326606976307,-0.0342866840733477,25.0,0.0,0.2686801098646919,1.1834678990494,0.4476473460375128,False
corto_tp070_sl035_240m,histgb_63_moderado,0.31,1011,-0.001057089060173,-0.0045000001080334,0.5900060960465807,-0.8387505357339952,34.95032144944477,0.2150789012273524,0.2546630584100841,1.177292561863839,0.1542740013486927,False
corto_tp070_sl035_240m,sgd_63_sin_pesos,0.24,4479,-0.0010577378486161,-0.0045000001080334,0.6115947703811135,-0.9916980834672134,34.11475775842822,0.2534047778521991,0.2349982432323634,1.1220491573392843,0.1648713772010492,False
corto_tp070_sl035_240m,sgd_101_moderado,0.44,2216,-0.0010580218777892,-0.0045000001080334,0.6202111064467813,-0.9421687768380388,33.34837545126354,0.2725631768953068,0.2406606673297599,1.1490856070573323,0.161642949516866,False
corto_tp070_sl035_240m,control_v4_63_moderado,0.11,15,-0.0010586422645331,-0.0011040730567183,0.4645303544183651,-0.019131146448123,33.33333333333333,0.1333333333333333,0.2534349875428584,1.1928374949472378,0.4509252176508315,False
corto_tp070_sl035_240m,sgd_101_moderado,0.32,3575,-0.0010598150654316,-0.0045000001080334,0.6076969939773779,-0.9829023490671622,33.39860139860139,0.2452287581699346,0.2406606673297599,1.1490856070573323,0.1231820285641109,False
corto_tp070_sl035_240m,sgd_63_sin_pesos,0.23,4219,-0.001061111424058,-0.0045000001080334,0.6098078591779813,-0.9898283216057342,33.87058544678834,0.2519554396776487,0.2349982432323634,1.1220491573392843,0.1465314296716638,False
corto_tp070_sl035_240m,histgb_63_moderado,0.39,2410,-0.0010616751556829,-0.0045000001080334,0.6207629678830623,-0.930486728626668,33.19502074688796,0.2617234468937875,0.2546630584100841,1.177292561863839,0.1331496746003616,False
corto_tp070_sl035_240m,histgb_101_moderado,0.37,2009,-0.0010628593313302,-0.0045000001080334,0.6139753870407967,-0.9132268410665418,33.897461423593825,0.2506516072980017,0.2686801098646919,1.1834678990494,0.1528668817950862,False
corto_tp070_sl035_240m,sgd_101_moderado,0.15,165,-0.0010630603520869,-0.0045000001080334,0.6077192923874357,-0.3144209485733062,34.13173652694611,0.2303030303030303,0.2406606673297599,1.1490856070573323,0.2404213589749636,False
corto_tp070_sl035_240m,control_v4_63_moderado,0.55,25,-0.0010630630650096,-0.0045000001080334,0.6488095315976471,-0.3212978683826104,32.732732732732735,0.32,0.2534349875428584,1.1928374949472378,0.5661109419348046,False
corto_tp070_sl035_240m,histgb_101_moderado,0.35,1671,-0.0010631610617614,-0.0045000001080334,0.6137359271283995,-0.8883390617097675,34.29084380610413,0.2402843601895734,0.2686801098646919,1.1834678990494,0.1658597734734614,False
corto_tp070_sl035_240m,sgd_101_moderado,0.29,2669,-0.0010639288003612,-0.0045000001080334,0.6108353300395666,-0.9537441162392598,33.72049456725365,0.238510566923851,0.2406606673297599,1.1490856070573323,0.1334844419827126,False
corto_tp070_sl035_240m,control_v4_63_moderado,0.33,2136,-0.0010649018012336,-0.0045000001080334,0.5952335214070654,-0.908415279531268,34.26258992805755,0.2315647482014388,0.2534349875428584,1.1928374949472378,0.1403179492386141,False
corto_tp070_sl035_240m,histgb_63_moderado,0.58,188,-0.0010658154979627,-0.0045000001080334,0.6132082824424274,-0.2441440573531776,35.1063829787234,0.2393442622950819,0.2546630584100841,1.177292561863839,0.2867272576821772,False
corto_tp070_sl035_240m,histgb_101_moderado,0.31,1135,-0.0010684220153043,-0.0045000001080334,0.5889268742123334,-0.8549824337786279,33.74449339207048,0.2170758928571428,0.2686801098646919,1.1834678990494,0.2051597713357571,False
corto_tp070_sl035_240m,histgb_63_moderado,0.44,2417,-0.0010694354365518,-0.0045000001080334,0.6196529661207109,-0.9512898623928284,33.88498138187836,0.2734795200661977,0.2546630584100841,1.177292561863839,0.1717078720418318,False
corto_tp070_sl035_240m,sgd_63_sin_pesos,0.26,4487,-0.0010694983050363,-0.0045000001080334,0.6100729746828817,-0.9921643364605072,33.94250055716515,0.2554045018943615,0.2349982432323634,1.1220491573392843,0.1840936208750567,False
corto_tp070_sl035_240m,histgb_63_moderado,0.33,1259,-0.001069876083884,-0.0045000001080334,0.6070247344052172,-0.8390333502636356,34.312946783161244,0.2260348583877995,0.2546630584100841,1.177292561863839,0.1488466719798478,False
corto_tp070_sl035_240m,control_v4_63_moderado,0.38,3006,-0.0010710115902004,-0.0045000001080334,0.6343122771143255,-0.978080954547942,33.13373253493014,0.2725563909774436,0.2534349875428584,1.1928374949472378,0.1927286903024566,False
corto_tp070_sl035_240m,sgd_101_moderado,0.28,2346,-0.0010732695207609,-0.0045000001080334,0.5937869823556615,-0.9444587754192364,33.80809595202399,0.2327586206896551,0.2406606673297599,1.1490856070573323,0.1578023419246612,False
corto_tp070_sl035_240m,histgb_101_moderado,0.38,2220,-0.0010793811569263,-0.0045000001080334,0.6200222953032443,-0.9109852695181544,33.648648648648646,0.2658280922431866,0.2686801098646919,1.1834678990494,0.146098939461424,False
corto_tp070_sl035_240m,histgb_101_moderado,0.34,1505,-0.0010814235486378,-0.0045000001080334,0.6090942328708058,-0.8729962624262909,33.48837209302326,0.2382367508667657,0.2686801098646919,1.1834678990494,0.1768762908078867,False
corto_tp070_sl035_240m,sgd_63_sin_pesos,0.2,3195,-0.0010829353888551,-0.0045000001080334,0.6027230216512561,-0.9696929837511264,33.80281690140845,0.2497652582159624,0.2349982432323634,1.1220491573392843,0.1415462465133427,False
corto_tp070_sl035_240m,sgd_101_moderado,0.3,2996,-0.0010833094131199,-0.0045000001080334,0.611472055170776,-0.9661710765616798,33.04405874499333,0.2422664624808576,0.2406606673297599,1.1490856070573323,0.1452272385911845,False
corto_tp070_sl035_240m,sgd_101_moderado,0.21,694,-0.0010843736991632,-0.0045000001080334,0.5826919200768406,-0.6297645711159674,33.223322332233224,0.2146974063400576,0.2406606673297599,1.1490856070573323,0.1432602377877102,False
corto_tp070_sl035_240m,control_v4_63_moderado,0.37,2979,-0.0010865712576749,-0.0045000001080334,0.6217075780501821,-0.9794069994724748,32.997650218194025,0.2607636068237206,0.2534349875428584,1.1928374949472378,0.1669251290686594,False
corto_tp070_sl035_240m,sgd_63_sin_pesos,0.12,948,-0.0010889231584606,-0.0045000001080334,0.6048223803489327,-0.6730958537722991,33.6283185840708,0.2546705998033431,0.2349982432323634,1.1220491573392843,0.1904623274777447,False
corto_tp070_sl035_240m,control_v4_63_moderado,0.61,9,-0.0010910743013868,-0.0045000001080334,0.6397861392483215,-0.1935051434547505,32.298136645962735,0.2222222222222222,0.2534349875428584,1.1928374949472378,0.4867145898782616,False
corto_tp070_sl035_240m,histgb_63_moderado,0.43,2532,-0.001091767298148,-0.0045000001080334,0.6127126515135962,-0.9752928704851096,33.36201950659782,0.2701421800947867,0.2546630584100841,1.177292561863839,0.1628050255058539,False
corto_tp070_sl035_240m,histgb_101_moderado,0.33,1361,-0.001097056140233,-0.0045000001080334,0.598875614315409,-0.8715036771327107,32.99044819985305,0.2267773741567202,0.2686801098646919,1.1834678990494,0.1893120628979529,False
corto_tp070_sl035_240m,sgd_63_sin_pesos,0.19,2816,-0.0011015863296616,-0.0045000001080334,0.5960179793548416,-0.9566532965208778,33.66477272727273,0.2475142045454545,0.2349982432323634,1.1220491573392843,0.1444717228025341,False
corto_tp070_sl035_240m,histgb_63_moderado,0.09,130,-0.0011055572610132,-0.001137969298521,0.4144841789575192,-0.218128715583432,32.863849765258216,0.0615384615384615,0.2546630584100841,1.177292561863839,0.3419632161413128,False
corto_tp070_sl035_240m,sgd_101_moderado,0.56,84,-0.0011058032052031,-0.0045000001080334,0.5791733579263559,-0.4216944214390978,30.952380952380956,0.238095238095238,0.2406606673297599,1.1490856070573323,0.3401607749526016,False
corto_tp070_sl035_240m,control_v4_63_moderado,0.47,366,-0.0011058968361471,-0.0045000001080334,0.6237951753350918,-0.7299262887017173,32.240437158469945,0.3005464480874317,0.2534349875428584,1.1928374949472378,0.2826175625083801,False
corto_tp070_sl035_240m,histgb_63_moderado,0.42,2622,-0.0011071700659747,-0.0045000001080334,0.6058162282465633,-0.9664675328868232,33.29519450800915,0.2639206712433257,0.2546630584100841,1.177292561863839,0.1591346613773302,False
corto_tp070_sl035_240m,control_v4_63_moderado,0.32,1815,-0.0011084217633946,-0.0045000001080334,0.5769459454133451,-0.8685822063681068,33.88429752066116,0.2220385674931129,0.2534349875428584,1.1928374949472378,0.1643425185073019,False
corto_tp070_sl035_240m,sgd_101_moderado,0.13,104,-0.0011137511038111,-0.0045000001080334,0.5830673098813343,-0.2534036868290629,31.66023166023166,0.2307692307692307,0.2406606673297599,1.1490856070573323,0.1723792996847819,False
corto_tp070_sl035_240m,histgb_63_moderado,0.38,2193,-0.0011194103985902,-0.0045000001080334,0.6105030602513709,-0.9168738278363608,32.69493844049248,0.2573221757322175,0.2546630584100841,1.177292561863839,0.1364194122645967,False
corto_tp070_sl035_240m,sgd_101_moderado,0.49,727,-0.0011200580673063,-0.0045000001080334,0.5973914494549228,-0.7643610316809824,31.63686382393397,0.2640990371389271,0.2406606673297599,1.1490856070573323,0.1947598418827668,False
corto_tp070_sl035_240m,control_v4_63_moderado,0.6,9,-0.0011217020378615,-0.0045000001080334,0.6313889412156679,-0.2069073888203527,32.02247191011236,0.2222222222222222,0.2534349875428584,1.1928374949472378,0.4873864029432455,False
corto_tp070_sl035_240m,sgd_101_moderado,0.79,1,-0.0011229803043922,-0.0045000001080334,0.6256732408558855,-0.050157141517525,33.33333333333333,0.0,0.2406606673297599,1.1490856070573323,1.0,False
corto_tp070_sl035_240m,sgd_101_moderado,0.31,3273,-0.0011232585073745,-0.0045000001080334,0.6070324278467568,-0.976782846347737,32.81393217231897,0.2434635929153781,0.2406606673297599,1.1490856070573323,0.1353513255513941,False
corto_tp070_sl035_240m,histgb_63_moderado,0.06,52,-0.0011286544729358,-0.0011242001926584,0.3949636542662194,-0.1438092417258447,27.27272727272727,0.0681818181818181,0.2546630584100841,1.177292561863839,0.469526576439136,False
corto_tp070_sl035_240m,control_v4_63_moderado,0.13,27,-0.0011300818855977,-0.001711239001248,0.4681179147626862,-0.0348262802465392,28.57142857142857,0.1111111111111111,0.2534349875428584,1.1928374949472378,0.5995380742417011,False
corto_tp070_sl035_240m,control_v4_63_moderado,0.66,5,-0.0011346153887705,-0.0045000001080334,0.6289308251595679,-0.1083644795880884,32.05128205128205,0.3205128205128205,0.2534349875428584,1.1928374949472378,0.6969131504473595,False
corto_tp070_sl035_240m,sgd_63_sin_pesos,0.11,770,-0.0011417270209186,-0.0045000001080334,0.5919360651306154,-0.6266961306528792,32.077922077922075,0.2502857142857143,0.2349982432323634,1.1220491573392843,0.1866190530566302,False
corto_tp070_sl035_240m,histgb_101_moderado,0.6,159,-0.0011427068808008,-0.0045000001080334,0.5857283883468697,-0.24470378872068,32.98969072164948,0.2371134020618556,0.2686801098646919,1.1834678990494,0.3092109919582658,False
corto_tp070_sl035_240m,control_v4_63_moderado,0.31,1436,-0.0011434799302834,-0.0045000001080334,0.5609579380678272,-0.8090160980210013,33.14763231197772,0.213091922005571,0.2534349875428584,1.1928374949472378,0.14813833737891,False
corto_tp070_sl035_240m,histgb_101_moderado,0.32,1248,-0.0011438449411566,-0.0045000001080334,0.5832567392949145,-0.855625753748235,32.69230769230769,0.2260310658810926,0.2686801098646919,1.1834678990494,0.2083083640070592,False
corto_tp070_sl035_240m,histgb_63_moderado,0.29,824,-0.0011439236858802,-0.0045000001080334,0.573854848650788,-0.7806958266685443,32.88834951456311,0.2099411379986919,0.2546630584100841,1.177292561863839,0.1582012611106513,False
corto_tp070_sl035_240m,control_v4_63_moderado,0.58,13,-0.0011443299013622,-0.0045000001080334,0.626262633780103,-0.2174893306445932,31.95876288659793,0.3076923076923077,0.2534349875428584,1.1928374949472378,0.4872049819184998,False
corto_tp070_sl035_240m,sgd_101_moderado,0.12,76,-0.0011453485168847,-0.0045000001080334,0.5550265998144882,-0.2248579594239026,30.26315789473684,0.2236842105263158,0.2406606673297599,1.1490856070573323,0.2634260432402858,False
corto_tp070_sl035_240m,sgd_101_moderado,0.48,950,-0.0011484114002883,-0.0045000001080334,0.5910876044495842,-0.817100435448814,31.473684210526315,0.2663157894736842,0.2406606673297599,1.1490856070573323,0.2143170015687754,False
corto_tp070_sl035_240m,sgd_63_sin_pesos,0.1,586,-0.0011494300054637,-0.0045000001080334,0.5888526245129347,-0.5741235905769516,32.25255972696246,0.2474402730375426,0.2349982432323634,1.1220491573392843,0.1957597673333569,False
corto_tp070_sl035_240m,sgd_101_moderado,0.06,17,-0.0011501575159902,-0.0045000001080334,0.5702351671042136,-0.10653102847117,29.268292682926827,0.2439024390243902,0.2406606673297599,1.1490856070573323,0.2600911182866672,False
corto_tp070_sl035_240m,histgb_101_moderado,0.19,359,-0.0011502372030996,-0.0023937600888311,0.5137871140950792,-0.6531844691527906,34.10041841004184,0.1420612813370473,0.2686801098646919,1.1834678990494,0.1448609600635212,False
corto_tp070_sl035_240m,histgb_63_moderado,0.13,214,-0.0011510637464923,-0.0016172387511469,0.4693386489178928,-0.3635484566275033,33.177570093457945,0.0981308411214953,0.2546630584100841,1.177292561863839,0.1914163557668663,False
corto_tp070_sl035_240m,control_v4_63_moderado,0.29,919,-0.0011523800868075,-0.0045000001080334,0.5505523493047579,-0.7087059789501045,32.64417845484222,0.2056583242655059,0.2534349875428584,1.1928374949472378,0.1735152472701605,False
corto_tp070_sl035_240m,histgb_63_moderado,0.3,919,-0.0011525412478946,-0.0045000001080334,0.5725920396021522,-0.8135616220838822,33.07943416757345,0.2114673242909987,0.2546630584100841,1.177292561863839,0.147173691123474,False
corto_tp070_sl035_240m,histgb_63_moderado,0.07,80,-0.0011539974907069,-0.0013048599464818,0.3851942573783494,-0.1715961857706776,27.741935483870968,0.0709677419354838,0.2546630584100841,1.177292561863839,0.4192423784838781,False
corto_tp070_sl035_240m,sgd_101_moderado,0.64,10,-0.0011552389968489,-0.0045000001080334,0.6215650172398903,-0.1569822561127408,30.0,0.2,0.2406606673297599,1.1490856070573323,0.3713490271433178,False
corto_tp070_sl035_240m,sgd_101_moderado,0.27,2056,-0.0011590109082291,-0.0045000001080334,0.5648524987498068,-0.9368392192750794,32.67033432077867,0.2238679644519678,0.2406606673297599,1.1490856070573323,0.152979202940185,False
corto_tp070_sl035_240m,histgb_63_moderado,0.45,2196,-0.0011601893962508,-0.0045000001080334,0.5923567507559936,-0.9404477136762284,32.83242258652095,0.2632058287795992,0.2546630584100841,1.177292561863839,0.1752167020208763,False
corto_tp070_sl035_240m,histgb_101_moderado,0.61,151,-0.0011603527596322,-0.0045000001080334,0.5790970708598803,-0.1911945115296679,32.450331125827816,0.23841059602649,0.2686801098646919,1.1834678990494,0.3346071323553999,False
corto_tp070_sl035_240m,control_v4_63_moderado,0.3,1155,-0.0011689677994883,-0.0045000001080334,0.5486669028188269,-0.7532235191817594,32.20779220779221,0.2069264069264069,0.2534349875428584,1.1928374949472378,0.1815070313272827,False
corto_tp070_sl035_240m,sgd_101_moderado,0.11,63,-0.0011705916278845,-0.0045000001080334,0.5563491831183125,-0.2110353341352416,31.746031746031743,0.2222222222222222,0.2406606673297599,1.1490856070573323,0.2625565888728065,False
corto_tp070_sl035_240m,sgd_101_moderado,0.46,1510,-0.0011714464087173,-0.0045000001080334,0.5877710661129424,-0.915750002620988,31.72185430463576,0.2682119205298013,0.2406606673297599,1.1490856070573323,0.1598978954716023,False
corto_tp070_sl035_240m,sgd_101_moderado,0.23,1056,-0.0011744640741167,-0.0045000001080334,0.5608083653955994,-0.7848323208786719,32.67045454545455,0.2233307751343054,0.2406606673297599,1.1490856070573323,0.1565330227886435,False
corto_tp070_sl035_240m,control_v4_63_moderado,0.48,257,-0.0011749570750944,-0.0045000001080334,0.6031595124670035,-0.6088317866636634,31.90661478599221,0.2879377431906614,0.2534349875428584,1.1928374949472378,0.2600296917762693,False
baja_cierre_4h,sgd_101_moderado,0.17,291,-0.0011751510481159,-0.0016129351095296,0.711700370635266,-0.5009822088656493,39.73288814691152,0.0934891485809682,0.2134340416009038,1.2949335330643534,0.2088816628951401,False
baja_cierre_4h,control_v4_63_moderado,0.14,17,-0.0011761024717369,-0.001741648080293,0.1674780801180662,-0.0644505641033672,29.03225806451613,0.0,0.2281181756111706,1.2833197447562892,0.6941710081163135,False
corto_tp070_sl035_240m,sgd_101_moderado,0.47,1205,-0.0011796924432521,-0.0045000001080334,0.5832250326288558,-0.8573392914160985,31.70124481327801,0.2639004149377593,0.2406606673297599,1.1490856070573323,0.185583017728758,False
corto_tp070_sl035_240m,sgd_101_moderado,0.26,1780,-0.0011935552859101,-0.0045000001080334,0.5542365401016275,-0.9147673859361424,32.07823960880196,0.2224938875305623,0.2406606673297599,1.1490856070573323,0.1564124962314572,False
corto_tp070_sl035_240m,histgb_63_moderado,0.12,195,-0.0011938076726324,-0.0015541808786801,0.4417218567901205,-0.3540572037498349,31.63841807909605,0.1073446327683615,0.2546630584100841,1.177292561863839,0.1892891563881134,False
corto_tp070_sl035_240m,histgb_63_moderado,0.11,171,-0.0011990559382763,-0.0016055371195543,0.4206965551167365,-0.3118209088340584,30.4635761589404,0.0927152317880794,0.2546630584100841,1.177292561863839,0.2242066893091539,False
corto_tp070_sl035_240m,histgb_101_moderado,0.3,1024,-0.0012012112204849,-0.0045000001080334,0.560243074601843,-0.8243722364155759,31.73828125,0.2143684820393974,0.2686801098646919,1.1834678990494,0.1679630558658705,False
corto_tp070_sl035_240m,control_v4_63_moderado,0.21,147,-0.0012040531803841,-0.0045000001080334,0.5261952865633538,-0.214294856368166,31.29251700680272,0.1875,0.2534349875428584,1.1928374949472378,0.2979552392828702,False
corto_tp070_sl035_240m,histgb_101_moderado,0.59,175,-0.001209576976146,-0.0045000001080334,0.5665201257265811,-0.2828620892443598,32.44444444444444,0.2355555555555555,0.2686801098646919,1.1834678990494,0.3139083189225508,False
corto_tp070_sl035_240m,sgd_101_moderado,0.17,286,-0.0012113877491012,-0.0045000001080334,0.556543384016141,-0.4241152044091287,31.858407079646017,0.2345132743362832,0.2406606673297599,1.1490856070573323,0.1936881041483825,False
corto_tp070_sl035_240m,control_v4_63_moderado,0.1,13,-0.0012133132647941,-0.0045000001080334,0.5329689898207949,-0.018666323960802,23.07692307692308,0.2307692307692307,0.2534349875428584,1.1928374949472378,0.6893240920132017,False
corto_tp070_sl035_240m,control_v4_63_moderado,0.17,74,-0.0012157764371273,-0.0045000001080334,0.519242367650254,-0.0879047433220544,29.72972972972973,0.1891891891891892,0.2534349875428584,1.1928374949472378,0.3557124918913822,False
corto_tp070_sl035_240m,histgb_63_moderado,0.25,547,-0.0012159537096044,-0.0045000001080334,0.5344215548723916,-0.7091346072920064,32.90676416819013,0.1898222940226171,0.2546630584100841,1.177292561863839,0.1767400113081849,False
corto_tp070_sl035_240m,histgb_63_moderado,0.63,122,-0.0012165504783683,-0.0045000001080334,0.516070003029317,-0.177095462765129,30.87248322147651,0.1879194630872483,0.2546630584100841,1.177292561863839,0.3822040454315603,False
corto_tp070_sl035_240m,sgd_101_moderado,0.85,0,-0.001218750006752,-0.0045000001080334,0.0,-0.020950688332584,0.0,0.0,0.2406606673297599,1.1490856070573323,0.6153846230556274,False
corto_tp070_sl035_240m,histgb_63_moderado,0.85,0,-0.0012213729603681,-0.0012213729603681,0.0,0.0,0.0,0.0,0.2546630584100841,1.177292561863839,1.0,False
corto_tp070_sl035_240m,control_v4_63_moderado,0.28,703,-0.0012214661403116,-0.0045000001080334,0.5266207672575811,-0.6596800136740196,31.863442389758177,0.2019914651493599,0.2534349875428584,1.1928374949472378,0.1490356205055981,False
corto_tp070_sl035_240m,sgd_101_moderado,0.14,128,-0.0012251780522612,-0.0045000001080334,0.5236950711237109,-0.2913895784879245,31.25,0.1953125,0.2406606673297599,1.1490856070573323,0.2511894724162629,False
corto_tp070_sl035_240m,sgd_101_moderado,0.22,859,-0.0012271488913076,-0.0045000001080334,0.5414643316379556,-0.7376646494309032,31.79297597042514,0.2190388170055452,0.2406606673297599,1.1490856070573323,0.143931847967157,False
corto_tp070_sl035_240m,control_v4_63_moderado,0.57,14,-0.0012279069837789,-0.0045000001080334,0.603603610849088,-0.2574825145058271,31.16279069767442,0.2857142857142857,0.2534349875428584,1.1928374949472378,0.7037249540443217,False
corto_tp070_sl035_240m,histgb_101_moderado,0.63,105,-0.001228125800883,-0.0045000001080334,0.5508488203348105,-0.1438682819024378,31.428571428571427,0.2285714285714285,0.2686801098646919,1.1834678990494,0.431845283452279,False
corto_tp070_sl035_240m,sgd_63_sin_pesos,0.09,463,-0.0012327401485738,-0.0045000001080334,0.5651764976626394,-0.5372874760905992,32.41935483870968,0.2403225806451613,0.2349982432323634,1.1220491573392843,0.1614911978207114,False
corto_tp070_sl035_240m,histgb_101_moderado,0.12,183,-0.0012351652076525,-0.0016445586914196,0.4181264262268334,-0.3780446293457776,34.55377574370709,0.0765027322404371,0.2686801098646919,1.1834678990494,0.212537163884016,False
corto_tp070_sl035_240m,histgb_63_moderado,0.75,16,-0.0012396447453065,-0.0028215996678918,0.4809480565828964,-0.023022971022078,25.0,0.1875,0.2546630584100841,1.177292561863839,0.4954895282723326,False
corto_tp070_sl035_240m,sgd_101_moderado,0.25,1506,-0.0012418606493159,-0.0045000001080334,0.5406649676976796,-0.893880196386392,31.76996091568956,0.2205471803461753,0.2406606673297599,1.1490856070573323,0.1640694662380229,False
corto_tp070_sl035_240m,histgb_101_moderado,0.11,165,-0.0012462413175125,-0.0016633048178628,0.4163341549717353,-0.3773805181101605,32.631578947368425,0.0787878787878787,0.2686801098646919,1.1834678990494,0.2281489799067552,False
corto_tp070_sl035_240m,histgb_63_moderado,0.26,617,-0.0012462593035033,-0.0045000001080334,0.5277097167890223,-0.7461117374036988,33.22528363047002,0.195084485407066,0.2546630584100841,1.177292561863839,0.174046842658104,False
corto_tp070_sl035_240m,histgb_63_moderado,0.24,501,-0.0012477065184442,-0.0045000001080334,0.5176104195699617,-0.6988511582152256,32.33532934131736,0.1816367265469061,0.2546630584100841,1.177292561863839,0.1818733225872465,False
corto_tp070_sl035_240m,sgd_63_sin_pesos,0.37,33,-0.001249789431109,-0.0045000001080334,0.5968421286758496,-0.3771647902091449,31.11111111111111,0.2727272727272727,0.2349982432323634,1.1220491573392843,0.3842122537414305,False
corto_tp070_sl035_240m,control_v4_63_moderado,0.18,87,-0.0012519894778011,-0.0045000001080334,0.5147770490314197,-0.1035941640505053,29.88505747126437,0.1909090909090909,0.2534349875428584,1.1928374949472378,0.3110227396933269,False
corto_tp070_sl035_240m,control_v4_63_moderado,0.49,174,-0.0012529430801942,-0.0045000001080334,0.5819204679440794,-0.569567429022154,30.45977011494253,0.2873563218390804,0.2534349875428584,1.1928374949472378,0.2246576313170249,False
corto_tp070_sl035_240m,histgb_101_moderado,0.64,84,-0.0012564303806052,-0.0045000001080334,0.5393630684581417,-0.1193630658850222,29.761904761904763,0.2261904761904762,0.2686801098646919,1.1834678990494,0.3699769302667695,False
corto_tp070_sl035_240m,histgb_101_moderado,0.2,386,-0.0012625401836426,-0.0038660047100856,0.4898016999857867,-0.6571300199232208,34.93621197252208,0.1373056994818652,0.2686801098646919,1.1834678990494,0.1450351726650181,False
corto_tp070_sl035_240m,histgb_63_moderado,0.27,673,-0.0012633391045661,-0.0045000001080334,0.5279304076350978,-0.7635040243303932,31.946508172362552,0.1976225854383358,0.2546630584100841,1.177292561863839,0.1703510928129968,False
corto_tp070_sl035_240m,sgd_63_sin_pesos,0.08,362,-0.0012645497297296,-0.0045000001080334,0.5577166064108079,-0.4887511639777609,31.87022900763359,0.2385496183206107,0.2349982432323634,1.1220491573392843,0.2772750404336316,False
corto_tp070_sl035_240m,histgb_101_moderado,0.27,740,-0.0012657536957645,-0.0045000001080334,0.5258666536943789,-0.7873678668283703,32.567567567567565,0.1959459459459459,0.2686801098646919,1.1834678990494,0.1445748774922637,False
corto_tp070_sl035_240m,histgb_63_moderado,0.65,90,-0.0012661759578092,-0.0045000001080334,0.4991008707610975,-0.1223113317199188,30.097087378640776,0.174757281553398,0.2546630584100841,1.177292561863839,0.4831224271094043,False
corto_tp070_sl035_240m,sgd_101_moderado,0.16,207,-0.0012690052100557,-0.0045000001080334,0.5422879272266774,-0.4002883677015206,31.34715025906736,0.217391304347826,0.2406606673297599,1.1490856070573323,0.2394724193827698,False
corto_tp070_sl035_240m,sgd_101_moderado,0.88,0,-0.001269230777541,-0.0045000001080334,0.0,-0.0266980669938725,0.0,0.0,0.2406606673297599,1.1490856070573323,0.4615384547197845,False
corto_tp070_sl035_240m,histgb_63_moderado,0.67,75,-0.0012821727063676,-0.0045000001080334,0.4849548279861692,-0.0950063667998032,28.205128205128204,0.1794871794871795,0.2546630584100841,1.177292561863839,0.3701864425493905,False
corto_tp070_sl035_240m,sgd_101_moderado,0.52,294,-0.0012835891217895,-0.0045000001080334,0.5394621535858665,-0.5960681995070771,29.25170068027211,0.238095238095238,0.2406606673297599,1.1490856070573323,0.2203998615125968,False
corto_tp070_sl035_240m,histgb_63_moderado,0.68,69,-0.0012868865450854,-0.0030236794371157,0.468948897015065,-0.0936096073531507,30.434782608695656,0.1594202898550724,0.2546630584100841,1.177292561863839,0.4402895965553354,False
corto_tp070_sl035_240m,sgd_101_moderado,0.58,48,-0.0012886452947721,-0.0045000001080334,0.5870435778268223,-0.361829660927073,27.08333333333333,0.25,0.2406606673297599,1.1490856070573323,0.3502472641057509,False
corto_tp070_sl035_240m,control_v4_63_moderado,0.14,38,-0.0012895662841374,-0.0045000001080334,0.4477230191099021,-0.0592369962433922,26.31578947368421,0.1136363636363636,0.2534349875428584,1.1928374949472378,0.4716391075513419,False
corto_tp070_sl035_240m,histgb_63_moderado,0.15,256,-0.0012909331409455,-0.0020493432055227,0.4470423467814681,-0.4538534526173527,33.203125,0.109375,0.2546630584100841,1.177292561863839,0.1897583411884982,False
corto_tp070_sl035_240m,histgb_101_moderado,0.06,66,-0.0012916813544824,-0.0013463544417172,0.326006811163316,-0.1934075292513076,25.153374233128837,0.0303030303030303,0.2686801098646919,1.1834678990494,0.3791592935447044,False
corto_tp070_sl035_240m,sgd_101_moderado,0.5,564,-0.001291706257111,-0.0045000001080334,0.5470301498479433,-0.7063373744524796,29.9645390070922,0.2464539007092198,0.2406606673297599,1.1490856070573323,0.2011053834008902,False
corto_tp070_sl035_240m,sgd_101_moderado,0.51,409,-0.0012965396833242,-0.0045000001080334,0.5446159033740265,-0.6536385525266843,29.3398533007335,0.2469437652811736,0.2406606673297599,1.1490856070573323,0.2304147743873076,False
corto_tp070_sl035_240m,histgb_63_moderado,0.05,39,-0.0012989455907699,-0.0012381729136686,0.3032308278716349,-0.1467674528303894,26.44628099173553,0.0495867768595041,0.2546630584100841,1.177292561863839,0.4411853050806045,False
baja_cierre_4h,histgb_63_moderado,0.1,124,-0.0013004230059146,-0.0012094754308927,0.6295352335810831,-0.3242386794116481,40.32258064516129,0.0769230769230769,0.2352851491426881,1.3038575879510876,0.2492606954881303,False
corto_tp070_sl035_240m,histgb_101_moderado,0.28,827,-0.0013004631933099,-0.0045000001080334,0.5203606313178077,-0.8050448802554393,31.559854897218862,0.1995163240628778,0.2686801098646919,1.1834678990494,0.1625889964263054,False
corto_tp070_sl035_240m,histgb_63_moderado,0.28,756,-0.0013006252973208,-0.0045000001080334,0.5259333311874587,-0.7715375904606359,30.55555555555556,0.2008310249307479,0.2546630584100841,1.177292561863839,0.1567638371650296,False
corto_tp070_sl035_240m,sgd_63_sin_pesos,0.38,20,-0.0013007812592841,-0.0045000001080334,0.4660981007017323,-0.293821337560093,25.0,0.15,0.2349982432323634,1.1220491573392843,0.3941351275752401,False
corto_tp070_sl035_240m,histgb_101_moderado,0.22,465,-0.0013082784259247,-0.0045000001080334,0.486996249722861,-0.741247156378114,33.87372013651877,0.1526881720430107,0.2686801098646919,1.1834678990494,0.1458973962738015,False
corto_tp070_sl035_240m,sgd_101_moderado,0.24,1281,-0.0013142452966569,-0.0045000001080334,0.5171843972952775,-0.865967983339681,31.027667984189723,0.2121212121212121,0.2406606673297599,1.1490856070573323,0.1529998537274787,False
corto_tp070_sl035_240m,histgb_101_moderado,0.09,123,-0.0013143605758229,-0.0016399459671229,0.3603541963963603,-0.3128693479376907,29.496402877697843,0.0755395683453237,0.2686801098646919,1.1834678990494,0.2997797097864835,False
corto_tp070_sl035_240m,histgb_63_moderado,0.1,149,-0.0013147426413092,-0.0017478138431906,0.3731185138645578,-0.2963388461232392,29.01960784313726,0.0705882352941176,0.2546630584100841,1.177292561863839,0.2775330499290379,False
corto_tp070_sl035_240m,histgb_101_moderado,0.62,126,-0.0013184630588207,-0.0045000001080334,0.5320577957978453,-0.1727991206207687,30.15873015873016,0.2301587301587301,0.2686801098646919,1.1834678990494,0.2887198647238416,False
corto_tp070_sl035_240m,control_v4_63_moderado,0.56,20,-0.0013193430755504,-0.0045000001080334,0.5794066387176835,-0.3258291202321922,30.29197080291971,0.3,0.2534349875428584,1.1928374949472378,0.3774012569708954,False
corto_tp070_sl035_240m,control_v4_63_moderado,0.27,564,-0.0013199856443251,-0.0045000001080334,0.4998410789214216,-0.6218456487195669,29.78723404255319,0.200354609929078,0.2534349875428584,1.1928374949472378,0.1654706035912208,False
corto_tp070_sl035_240m,sgd_63_sin_pesos,0.57,1,-0.0013279474783792,-0.0045000001080334,0.5573508511671247,-0.0208557738045039,33.33333333333333,0.0,0.2349982432323634,1.1220491573392843,1.0,False
corto_tp070_sl035_240m,histgb_101_moderado,0.29,904,-0.001330274971533,-0.0045000001080334,0.5185026947577902,-0.8191805787235961,31.30530973451328,0.202433628318584,0.2686801098646919,1.1834678990494,0.1637607396935302,False
corto_tp070_sl035_240m,histgb_101_moderado,0.18,334,-0.001330383609427,-0.0034727234849706,0.4613482086020247,-0.5687733979369421,33.83233532934132,0.1347305389221557,0.2686801098646919,1.1834678990494,0.1690787847170579,False
corto_tp070_sl035_240m,histgb_101_moderado,0.07,83,-0.0013362119194723,-0.0014301079607103,0.3380322461698921,-0.2412276658253892,27.63819095477387,0.036144578313253,0.2686801098646919,1.1834678990494,0.2783195462544311,False
corto_tp070_sl035_240m,sgd_101_moderado,0.07,18,-0.0013390362780576,-0.0045000001080334,0.5251105110544498,-0.1457176093167967,28.30188679245283,0.2264150943396226,0.2406606673297599,1.1490856070573323,0.2228635091193079,False
baja_cierre_4h,histgb_63_moderado,0.09,112,-0.0013464929725109,-0.0012406507119303,0.5811589599830421,-0.2874672117555283,39.83739837398374,0.08130081300813,0.2352851491426881,1.3038575879510876,0.2752157006633259,False
corto_tp070_sl035_240m,histgb_101_moderado,0.1,147,-0.0013501883029519,-0.001459753209725,0.370583754829396,-0.3304169896850429,31.48148148148148,0.0544217687074829,0.2686801098646919,1.1834678990494,0.3090500034259279,False
corto_tp070_sl035_240m,histgb_101_moderado,0.13,207,-0.0013540549756235,-0.0016003584130667,0.378663843277617,-0.4453071534521616,33.13840155945419,0.072463768115942,0.2686801098646919,1.1834678990494,0.2197066605234725,False
corto_tp070_sl035_240m,sgd_101_moderado,0.1,43,-0.0013557100473784,-0.0045000001080334,0.5360447577039252,-0.1777680832620215,27.906976744186046,0.2558139534883721,0.2406606673297599,1.1490856070573323,0.365324915386115,False
baja_cierre_4h,control_v4_63_moderado,0.18,78,-0.0013575968891173,-0.001388329179259,0.2931585387116816,-0.1653219977714175,26.923076923076923,0.0256410256410256,0.2281181756111706,1.2833197447562892,0.2311509594795079,False
corto_tp070_sl035_240m,histgb_63_moderado,0.22,412,-0.0013655973573144,-0.0045000001080334,0.4714923268218134,-0.6409248439338637,33.25242718446602,0.1577669902912621,0.2546630584100841,1.177292561863839,0.1929991721791694,False
corto_tp070_sl035_240m,control_v4_63_moderado,0.25,358,-0.0013722440483203,-0.0045000001080334,0.4799978643544902,-0.4504702284027294,28.49162011173184,0.1927374301675977,0.2534349875428584,1.1928374949472378,0.1715387158861681,False
corto_tp070_sl035_240m,sgd_63_sin_pesos,0.07,255,-0.0013798523180204,-0.0045000001080334,0.5273356744022798,-0.4709513612842573,31.363636363636367,0.2318181818181818,0.2349982432323634,1.1220491573392843,0.2344893462112617,False
corto_tp070_sl035_240m,histgb_101_moderado,0.08,100,-0.0013827501222504,-0.0013856058174278,0.3120431723209316,-0.2886710140700655,27.54237288135593,0.059322033898305,0.2686801098646919,1.1834678990494,0.2817112202593402,False
corto_tp070_sl035_240m,histgb_63_moderado,0.76,14,-0.0013844804616944,-0.0045000001080334,0.4815058193670338,-0.0222115820051536,21.428571428571427,0.2142857142857142,0.2546630584100841,1.177292561863839,0.6896092673838183,False
corto_tp070_sl035_240m,sgd_101_moderado,0.08,19,-0.0013847925993707,-0.0045000001080334,0.5141051328335214,-0.1783055684089857,29.03225806451613,0.2258064516129032,0.2406606673297599,1.1490856070573323,0.2417028288443343,False
corto_tp070_sl035_240m,histgb_101_moderado,0.23,511,-0.0013850263791898,-0.0045000001080334,0.463601340733458,-0.754637772229875,32.093933463796475,0.1526418786692759,0.2686801098646919,1.1834678990494,0.170342774105394,False
corto_tp070_sl035_240m,histgb_101_moderado,0.21,422,-0.0013896751872446,-0.0045000001080334,0.4539957090263958,-0.6904096536797196,34.360189573459714,0.1374407582938388,0.2686801098646919,1.1834678990494,0.1489941540374316,False
corto_tp070_sl035_240m,histgb_63_moderado,0.23,456,-0.0013903592313144,-0.0045000001080334,0.4720504597846779,-0.7060668203382088,32.23684210526316,0.1644736842105263,0.2546630584100841,1.177292561863839,0.1698257716075435,False
corto_tp070_sl035_240m,histgb_63_moderado,0.14,246,-0.0013952911289028,-0.0023107505510561,0.399634798366861,-0.4128491162703189,34.12017167381974,0.0934959349593495,0.2546630584100841,1.177292561863839,0.1683060988502925,False
corto_tp070_sl035_240m,histgb_63_moderado,0.72,29,-0.0013954971807302,-0.0019741677786223,0.4078343505062807,-0.0485935640485841,31.03448275862069,0.1379310344827586,0.2546630584100841,1.177292561863839,0.4164111164305476,False
corto_tp070_sl035_240m,histgb_101_moderado,0.24,552,-0.0013955826616889,-0.0045000001080334,0.4742313940349847,-0.7724066597680718,30.97826086956521,0.1666666666666666,0.2686801098646919,1.1834678990494,0.1511623137038073,False
corto_tp070_sl035_240m,histgb_101_moderado,0.26,673,-0.0013957446169995,-0.0045000001080334,0.4802493474043934,-0.7852039841490794,31.352154531946507,0.1768202080237741,0.2686801098646919,1.1834678990494,0.1428823205258655,False
corto_tp070_sl035_240m,sgd_63_sin_pesos,0.49,3,-0.0013964794644465,-0.0045000001080334,0.1064517741690823,-0.0355291320159125,33.33333333333333,0.0,0.2349982432323634,1.1220491573392843,1.0,False
corto_tp070_sl035_240m,sgd_63_sin_pesos,0.48,3,-0.0014007276923706,-0.0045000001080334,0.1061631062973088,-0.0427819310320181,33.33333333333333,0.0,0.2349982432323634,1.1220491573392843,1.0,False
corto_tp070_sl035_240m,control_v4_63_moderado,0.26,454,-0.0014024300778206,-0.0045000001080334,0.4755055169369671,-0.5881716996372641,28.193832599118945,0.1960352422907489,0.2534349875428584,1.1928374949472378,0.1548652279981441,False
corto_tp070_sl035_240m,histgb_63_moderado,0.64,102,-0.0014085169103558,-0.0045000001080334,0.4588708473107316,-0.1685579044509826,29.365079365079367,0.1666666666666666,0.2546630584100841,1.177292561863839,0.287489708177726,False
corto_tp070_sl035_240m,sgd_101_moderado,0.57,63,-0.0014166061821345,-0.0045000001080334,0.476217439677828,-0.4490612837592554,23.809523809523807,0.2063492063492063,0.2406606673297599,1.1490856070573323,0.3582321764360388,False
corto_tp070_sl035_240m,sgd_101_moderado,0.53,213,-0.0014188561218147,-0.0045000001080334,0.5015432952642049,-0.5901838481513828,28.169014084507044,0.2300469483568075,0.2406606673297599,1.1490856070573323,0.241601124731254,False
corto_tp070_sl035_240m,histgb_63_moderado,0.66,77,-0.0014232440439915,-0.0045000001080334,0.4441844320156253,-0.117622395288915,27.27272727272727,0.1590909090909091,0.2546630584100841,1.177292561863839,0.3749998700191063,False
baja_cierre_4h,histgb_101_moderado,0.05,54,-0.0014238410694294,-0.0010771895465732,0.3761015502384099,-0.1475149557917242,29.629629629629623,0.037037037037037,0.2341322535886603,1.3128936430353293,0.2752027121220161,False
corto_tp070_sl035_240m,histgb_63_moderado,0.17,286,-0.0014244562729149,-0.0033994202492758,0.4313850708016229,-0.4933606210164303,32.16783216783217,0.1188811188811188,0.2546630584100841,1.177292561863839,0.1885615891229184,False
corto_tp070_sl035_240m,control_v4_63_moderado,0.68,4,-0.0014291499305206,-0.0045000001080334,0.5463016202506688,-0.1004847044775496,30.0,0.25,0.2534349875428584,1.1928374949472378,0.7695952902677369,False
corto_tp070_sl035_240m,sgd_63_sin_pesos,0.06,180,-0.0014401684308169,-0.0045000001080334,0.5186656949581872,-0.4114610652527016,30.25936599423631,0.2420749279538905,0.2349982432323634,1.1220491573392843,0.3747948107593739,False
corto_tp070_sl035_240m,control_v4_63_moderado,0.65,5,-0.0014430379883586,-0.0045000001080334,0.5476190541925094,-0.1295287380154087,29.11392405063291,0.2911392405063291,0.2534349875428584,1.1928374949472378,0.6969131504473595,False
corto_tp070_sl035_240m,histgb_63_moderado,0.21,381,-0.0014454261142918,-0.0045000001080334,0.4506303113847728,-0.5673414592525379,31.75853018372704,0.1496062992125984,0.2546630584100841,1.177292561863839,0.2010935822403517,False
corto_tp070_sl035_240m,histgb_101_moderado,0.25,612,-0.0014483359598111,-0.0045000001080334,0.4625846552838297,-0.7918863046976986,30.392156862745097,0.1699346405228758,0.2686801098646919,1.1834678990494,0.1424910085127663,False
corto_tp070_sl035_240m,control_v4_63_moderado,0.2,118,-0.0014494560715071,-0.0045000001080334,0.4597880209675517,-0.1610066471171105,29.66101694915254,0.1864406779661017,0.2534349875428584,1.1928374949472378,0.274116687328951,False
corto_tp070_sl035_240m,histgb_101_moderado,0.17,313,-0.0014499200482944,-0.0045000001080334,0.4195915357782052,-0.5453329517403027,34.504792332268366,0.108626198083067,0.2686801098646919,1.1834678990494,0.1535273030616507,False
baja_cierre_4h,control_v4_63_moderado,0.11,3,-0.0014651106588426,-0.0031770086605101,0.0033828779004307,-0.0215016040315937,20.0,0.0,0.2281181756111706,1.2833197447562892,0.5689724845344761,False
corto_tp070_sl035_240m,histgb_63_moderado,0.16,263,-0.0014682264540235,-0.0030072080660611,0.4019855709282319,-0.4668990787729091,31.93916349809886,0.0988593155893536,0.2546630584100841,1.177292561863839,0.1570280498583594,False
corto_tp070_sl035_240m,histgb_101_moderado,0.05,50,-0.001478372893619,-0.0012167745042243,0.2389489483124893,-0.1774779644230032,19.696969696969692,0.0378787878787878,0.2686801098646919,1.1834678990494,0.562398766153295,False
corto_tp070_sl035_240m,control_v4_63_moderado,0.19,94,-0.001486851865041,-0.0045000001080334,0.4394964423407667,-0.130848685836597,26.595744680851062,0.1702127659574468,0.2534349875428584,1.1928374949472378,0.3002235957957185,False
corto_tp070_sl035_240m,control_v4_63_moderado,0.07,3,-0.0014943945047367,-0.0028020365823758,0.4008989033913183,-0.0100739089715443,16.666666666666664,0.1666666666666666,0.2534349875428584,1.1928374949472378,0.6377489775976327,False
corto_tp070_sl035_240m,control_v4_63_moderado,0.16,64,-0.0014973014886218,-0.0045000001080334,0.4470487542505314,-0.0915818627879146,25.0,0.171875,0.2534349875428584,1.1928374949472378,0.3861345182871817,False
baja_cierre_4h,histgb_63_moderado,0.08,101,-0.0014988818408771,-0.0012344037784496,0.5061460660186686,-0.2458647325898861,36.63366336633664,0.0693069306930693,0.2352851491426881,1.3038575879510876,0.1585580512363672,False
corto_tp070_sl035_240m,sgd_63_sin_pesos,0.5,3,-0.0015000000154333,-0.0045000001080334,0.1064517741690823,-0.0412814435616897,28.57142857142857,0.0,0.2349982432323634,1.1220491573392843,1.0,False
corto_tp070_sl035_240m,control_v4_63_moderado,0.51,81,-0.0015012204767101,-0.0045000001080334,0.5005367087223042,-0.4699072521447881,27.160493827160494,0.2469135802469135,0.2534349875428584,1.1928374949472378,0.3409111021512884,False
corto_tp070_sl035_240m,control_v4_63_moderado,0.23,221,-0.0015077316750121,-0.0045000001080334,0.4472876888076503,-0.3473197218604887,26.69683257918552,0.1855203619909502,0.2534349875428584,1.1928374949472378,0.2123381342888724,False
baja_cierre_4h,histgb_63_moderado,0.74,6,-0.0015199424146364,7.045518234372137e-05,0.6408128308584287,-0.0709878154608073,50.0,0.1666666666666666,0.2352851491426881,1.3038575879510876,0.5705248244189419,False
baja_cierre_4h,histgb_101_moderado,0.27,529,-0.0015243936489002,-0.0014736686241813,0.6650391172197115,-0.6423058167403426,42.911153119092624,0.1486697965571205,0.2341322535886603,1.3128936430353293,0.2325630444960058,False
corto_tp070_sl035_240m,control_v4_63_moderado,0.15,44,-0.0015247835916551,-0.0045000001080334,0.4131391219466585,-0.0758155897202411,22.727272727272727,0.1272727272727272,0.2534349875428584,1.1928374949472378,0.398950495332703,False
corto_tp070_sl035_240m,control_v4_63_moderado,0.5,112,-0.0015290021150098,-0.0045000001080334,0.4982213479953289,-0.5123319276624779,27.67857142857143,0.25,0.2534349875428584,1.1928374949472378,0.2836608441935169,False
corto_tp070_sl035_240m,control_v4_63_moderado,0.24,280,-0.0015377063419262,-0.0045000001080334,0.4318827357925481,-0.3550273946173171,28.57142857142857,0.175,0.2534349875428584,1.1928374949472378,0.1963220883416103,False
baja_cierre_4h,histgb_101_moderado,0.12,150,-0.0015387131796879,-0.0018120509446598,0.5471917744521999,-0.444222269725364,36.66666666666666,0.0666666666666666,0.2341322535886603,1.3128936430353293,0.1983366793359471,False
corto_tp070_sl035_240m,histgb_101_moderado,0.14,241,-0.0015402470830718,-0.0023950002612546,0.3607091523150993,-0.4683416084548947,32.780082987551864,0.0829875518672199,0.2686801098646919,1.1834678990494,0.2413510950456228,False
corto_tp070_sl035_240m,histgb_101_moderado,0.66,48,-0.0015460928040671,-0.0045000001080334,0.4614255505126728,-0.0760658126428932,27.08333333333333,0.2083333333333333,0.2686801098646919,1.1834678990494,0.3591568097638963,False
baja_cierre_4h,control_v4_63_moderado,0.19,103,-0.0015507701223075,-0.0013173587610945,0.3483946629276698,-0.2047303207439905,33.00970873786408,0.0194174757281553,0.2281181756111706,1.2833197447562892,0.2033716762170758,False
corto_tp070_sl035_240m,histgb_101_moderado,0.15,272,-0.0015565652438356,-0.0030947057055309,0.3780205598242594,-0.518157347068863,33.455882352941174,0.0919117647058823,0.2686801098646919,1.1834678990494,0.1872452460306325,False
corto_tp070_sl035_240m,histgb_63_moderado,0.74,18,-0.0015574222692909,-0.0045000001080334,0.4062260860084183,-0.0317959807081852,22.22222222222222,0.1666666666666666,0.2546630584100841,1.177292561863839,0.5274636395821782,False
corto_tp070_sl035_240m,sgd_101_moderado,0.59,35,-0.0015597929320564,-0.0045000001080334,0.4050860516408497,-0.2984968781014021,20.0,0.1714285714285714,0.2406606673297599,1.1490856070573323,0.3662551423082609,False
corto_tp070_sl035_240m,sgd_101_moderado,0.62,17,-0.0015640544438981,-0.0045000001080334,0.331297564735672,-0.1758788554697045,17.647058823529413,0.1176470588235294,0.2406606673297599,1.1490856070573323,0.4275838185632673,False
corto_tp070_sl035_240m,histgb_63_moderado,0.18,307,-0.0015703697774987,-0.0037969726361334,0.3938282935723133,-0.4995901228994442,30.29315960912052,0.1107491856677524,0.2546630584100841,1.177292561863839,0.1835547875349657,False
corto_tp070_sl035_240m,control_v4_63_moderado,0.52,58,-0.0015829703676963,-0.0045000001080334,0.4651892615023288,-0.4104634204048463,25.86206896551724,0.2241379310344827,0.2534349875428584,1.1928374949472378,0.3638148072946532,False
corto_tp070_sl035_240m,histgb_63_moderado,0.2,351,-0.0015849720135747,-0.0045000001080334,0.4105659843649838,-0.5522237825732251,29.629629629629623,0.1396011396011396,0.2546630584100841,1.177292561863839,0.1655749965910606,False
baja_cierre_4h,histgb_63_moderado,0.36,633,-0.0015946248568165,-0.0013864707541652,0.7317733896988649,-0.7300760250429845,43.77622377622378,0.1848341232227488,0.2352851491426881,1.3038575879510876,0.2439565660231463,False
baja_cierre_4h,control_v4_63_moderado,0.24,482,-0.0015962417625509,-0.0017203936111181,0.6116603378516533,-0.5865160743214776,36.92946058091287,0.0788381742738589,0.2281181756111706,1.2833197447562892,0.2436042526294633,False
corto_tp070_sl035_240m,sgd_63_sin_pesos,0.47,4,-0.0015990421601669,-0.0045000001080334,0.0917448363635919,-0.064991282437493,25.0,0.0,0.2349982432323634,1.1220491573392843,1.0,False
corto_tp070_sl035_240m,control_v4_63_moderado,0.22,179,-0.0015994187710646,-0.0045000001080334,0.421464510076193,-0.2525423264272847,27.932960893854748,0.1731843575418994,0.2534349875428584,1.1928374949472378,0.2115261072421105,False
corto_tp070_sl035_240m,sgd_101_moderado,0.83,0,-0.0016017620452558,-0.0045000001080334,0.0,-0.0320751049669945,0.0,0.0,0.2406606673297599,1.1490856070573323,0.4478763375396156,False
baja_cierre_4h,sgd_101_moderado,0.16,240,-0.0016040510383475,-0.0012183569740736,0.6363743678908715,-0.4364344808460256,39.6551724137931,0.0938697318007662,0.2134340416009038,1.2949335330643534,0.2109061573254545,False
corto_tp070_sl035_240m,control_v4_63_moderado,0.76,2,-0.0016055271951481,-0.0045000001080334,0.2864323748428466,-0.0499777815852561,35.714285714285715,0.0,0.2534349875428584,1.1928374949472378,0.7773436206642126,False
corto_tp070_sl035_240m,control_v4_63_moderado,0.75,2,-0.0016055271951481,-0.0045000001080334,0.2864323748428466,-0.054252881670756,33.33333333333333,0.0,0.2534349875428584,1.1928374949472378,0.7773436206642126,False
corto_tp070_sl035_240m,sgd_63_sin_pesos,0.36,55,-0.0016075107778253,-0.0045000001080334,0.4431077815875122,-0.4553768259854154,27.27272727272727,0.2,0.2349982432323634,1.1220491573392843,0.3393162651446888,False
corto_tp070_sl035_240m,histgb_63_moderado,0.73,21,-0.0016087716984828,-0.0027599888378754,0.318170483871626,-0.0353096190222297,28.57142857142857,0.0952380952380952,0.2546630584100841,1.177292561863839,0.4781765093269414,False
corto_tp070_sl035_240m,sgd_101_moderado,0.55,112,-0.0016099098222226,-0.0045000001080334,0.4441833610848911,-0.4675410290668633,25.892857142857142,0.2053571428571428,0.2406606673297599,1.1490856070573323,0.3279391105780941,False
corto_tp070_sl035_240m,histgb_101_moderado,0.16,291,-0.0016142199246502,-0.0045000001080334,0.3662884153664658,-0.5000227171571707,32.64604810996563,0.0859106529209622,0.2686801098646919,1.1834678990494,0.1841515085484658,False
corto_tp070_sl035_240m,control_v4_63_moderado,0.71,3,-0.0016176470778882,-0.0045000001080334,0.5045045105604318,-0.0838200660195727,27.450980392156865,0.2745098039215686,0.2534349875428584,1.1928374949472378,0.6319148633555846,False
corto_tp070_sl035_240m,histgb_101_moderado,0.7,12,-0.0016192667433424,-0.0045000001080334,0.328739899448165,-0.0577665653925439,25.0,0.0833333333333333,0.2686801098646919,1.1834678990494,0.3194315436572396,False
baja_cierre_4h,histgb_63_moderado,0.28,592,-0.0016258777689011,-0.0020113726602867,0.6525418835446991,-0.6540878891434266,41.21621621621622,0.1615508885298869,0.2352851491426881,1.3038575879510876,0.2241420832295062,False
baja_cierre_4h,histgb_63_moderado,0.35,643,-0.0016288962905155,-0.0015138961132615,0.6871087277624451,-0.7161688604029572,44.15954415954416,0.1788491446345256,0.2352851491426881,1.3038575879510876,0.2648448585658634,False
baja_cierre_4h,histgb_63_moderado,0.27,556,-0.0016348889536837,-0.0014186160513199,0.6558019779005746,-0.6519191945113479,42.16478190630048,0.1567043618739903,0.2352851491426881,1.3038575879510876,0.2417655380488726,False
corto_tp070_sl035_240m,sgd_63_sin_pesos,0.05,121,-0.0016386345336375,-0.0045000001080334,0.4688047367162409,-0.3793951175179846,27.816901408450708,0.2218309859154929,0.2349982432323634,1.1220491573392843,0.3867028816214465,False
baja_cierre_4h,control_v4_63_moderado,0.25,577,-0.0016427136895707,-0.0020704270098358,0.6612858050009416,-0.6405505074779254,40.38128249566724,0.0866551126516464,0.2281181756111706,1.2833197447562892,0.2645546882762192,False
corto_tp070_sl035_240m,histgb_63_moderado,0.19,331,-0.0016464634821686,-0.0045000001080334,0.3905545468886778,-0.5343543349430022,29.607250755287005,0.1238670694864048,0.2546630584100841,1.177292561863839,0.1616740322322897,False
baja_cierre_4h,histgb_63_moderado,0.11,135,-0.0016494540908197,-0.001598921556957,0.5401300305987097,-0.4017797263272044,38.51851851851852,0.1037037037037037,0.2352851491426881,1.3038575879510876,0.275455701207181,False
baja_cierre_4h,sgd_101_moderado,0.15,168,-0.001655362445492,-0.0013314529603812,0.612487373463885,-0.4114727784164242,38.13747228381374,0.0909090909090909,0.2134340416009038,1.2949335330643534,0.1508949395011888,False
baja_cierre_4h,histgb_101_moderado,0.14,177,-0.0016554431963361,-0.0019109071106649,0.5770782748852905,-0.546492425355009,37.85310734463277,0.0985915492957746,0.2341322535886603,1.3128936430353293,0.2384637975896738,False
baja_cierre_4h,histgb_63_moderado,0.24,456,-0.0016560072964697,-0.0013442535526119,0.6235857942142738,-0.6509426739959032,41.2280701754386,0.1401709401709401,0.2352851491426881,1.3038575879510876,0.3248366394845684,False
baja_cierre_4h,control_v4_63_moderado,0.2,155,-0.0016686475817977,-0.0011843083446146,0.4630850336709642,-0.2389663513700151,34.193548387096776,0.0387096774193548,0.2281181756111706,1.2833197447562892,0.1959886267503079,False
baja_cierre_4h,histgb_63_moderado,0.26,525,-0.0016760317151497,-0.00130381657416,0.6476285253178962,-0.6708574771865004,41.523809523809526,0.1475409836065573,0.2352851491426881,1.3038575879510876,0.253521108802534,False
corto_tp070_sl035_240m,histgb_101_moderado,0.73,7,-0.0016817894921238,-0.0045000001080334,0.3752876432007257,-0.0381707943793931,28.57142857142857,0.1428571428571428,0.2686801098646919,1.1834678990494,0.4060832350906248,False
corto_tp070_sl035_240m,sgd_101_moderado,0.54,154,-0.0016945918795789,-0.0045000001080334,0.4300873539542961,-0.5465204771983766,25.32467532467532,0.2077922077922078,0.2406606673297599,1.1490856070573323,0.2787527097494595,False
baja_cierre_4h,histgb_63_moderado,0.23,421,-0.0017074517146001,-0.001557527411729,0.615478701382709,-0.6556351882643252,41.94107452339688,0.1334488734835355,0.2352851491426881,1.3038575879510876,0.2773196239717676,False
baja_cierre_4h,histgb_101_moderado,0.26,494,-0.0017149164245949,-0.0013483707114355,0.6299059598090438,-0.6833373679928809,41.26984126984127,0.146031746031746,0.2341322535886603,1.3128936430353293,0.2751696797805977,False
baja_cierre_4h,histgb_101_moderado,0.13,168,-0.001716259623577,-0.0020247390600852,0.5641824503835269,-0.509978302477318,32.142857142857146,0.0964467005076142,0.2341322535886603,1.3128936430353293,0.1967007430677161,False
corto_tp070_sl035_240m,histgb_101_moderado,0.76,2,-0.001720863812603,-0.001720863812603,0.0,-0.0208582551855373,0.0,0.0,0.2686801098646919,1.1834678990494,0.7284523014720593,False
corto_tp070_sl035_240m,histgb_101_moderado,0.75,3,-0.0017211353319386,-0.0020128945577889,0.0,-0.0342939284054475,0.0,0.0,0.2686801098646919,1.1834678990494,0.5144417441407982,False
baja_cierre_4h,sgd_101_moderado,0.22,574,-0.00173138244857,-0.0016208506238181,0.6097902820812408,-0.7965042369083659,41.11498257839721,0.1423690205011389,0.2134340416009038,1.2949335330643534,0.2738609791612626,False
baja_cierre_4h,control_v4_63_moderado,0.21,228,-0.0017339554322083,-0.0014071908188052,0.399394572128099,-0.3900779617063834,30.26315789473684,0.0482456140350877,0.2281181756111706,1.2833197447562892,0.2859660970292002,False
corto_tp070_sl035_240m,sgd_101_moderado,0.86,0,-0.001736842128007,-0.0045000001080334,0.0,-0.0369477081442973,0.0,0.0,0.2406606673297599,1.1490856070573323,0.5000000032737398,False
baja_cierre_4h,histgb_63_moderado,0.29,622,-0.0017389225245816,-0.0018398491481784,0.6355611718062619,-0.6914990686478042,41.80064308681672,0.1777777777777777,0.2352851491426881,1.3038575879510876,0.2343047454158981,False
corto_tp070_sl035_240m,sgd_63_sin_pesos,0.46,6,-0.0017448437148317,-0.0045000001080334,0.0977151453694908,-0.0744113868528963,16.666666666666664,0.0,0.2349982432323634,1.1220491573392843,0.5701620657309653,False
baja_cierre_4h,histgb_101_moderado,0.42,553,-0.0017481237835318,-0.001352765477146,0.7100135128220408,-0.7763857605213647,45.77259475218659,0.244122965641953,0.2341322535886603,1.3128936430353293,0.2772690875669741,False
baja_cierre_4h,sgd_101_moderado,0.18,363,-0.0017571740863703,-0.0019495777776464,0.6380071611218894,-0.5798528463204564,38.56749311294766,0.0973451327433628,0.2134340416009038,1.2949335330643534,0.2760359759122588,False
corto_tp070_sl035_240m,sgd_63_sin_pesos,0.54,1,-0.0017590032251113,-0.0045000001080334,0.4462397387222677,-0.0281271691955238,29.411764705882355,0.0,0.2349982432323634,1.1220491573392843,1.0,False
baja_cierre_4h,control_v4_63_moderado,0.22,298,-0.0017645846770467,-0.0013346589510329,0.4126642160425253,-0.4660928523185939,31.879194630872483,0.0738255033557047,0.2281181756111706,1.2833197447562892,0.2342333728098238,False
baja_cierre_4h,histgb_63_moderado,0.45,470,-0.0017690734892364,-0.0013401771245989,0.7127232391794488,-0.7277578913959253,46.07843137254902,0.2276595744680851,0.2352851491426881,1.3038575879510876,0.2089499484400867,False
baja_cierre_4h,control_v4_63_moderado,0.15,23,-0.001771007251947,-0.0023850650866515,0.2565623601860364,-0.1120214690356534,28.846153846153843,0.0,0.2281181756111706,1.2833197447562892,0.6623990217898962,False
baja_cierre_4h,histgb_101_moderado,0.28,582,-0.0017742040624934,-0.0019129733371082,0.6392850271724992,-0.7009289972044894,41.41104294478527,0.147239263803681,0.2341322535886603,1.3128936430353293,0.223352522538801,False
baja_cierre_4h,histgb_101_moderado,0.38,623,-0.0017786041733839,-0.0017269294874276,0.7082321208321106,-0.7679442117556132,44.613259668508285,0.2279293739967897,0.2341322535886603,1.3128936430353293,0.2785320279289577,False
baja_cierre_4h,histgb_63_moderado,0.07,89,-0.0017813360119222,-0.001350046539097,0.4452130277603082,-0.2535001104795978,33.70786516853933,0.0449438202247191,0.2352851491426881,1.3038575879510876,0.2207711694850005,False
baja_cierre_4h,sgd_101_moderado,0.2,481,-0.0017821288694139,-0.0018268759702332,0.6300477553558407,-0.6756840647575095,39.91683991683992,0.1234096692111959,0.2134340416009038,1.2949335330643534,0.2056499583947985,False
baja_cierre_4h,histgb_63_moderado,0.22,388,-0.0017913682071398,-0.001668870343361,0.6049898136513994,-0.65315236438312,41.75257731958763,0.1342756183745583,0.2352851491426881,1.3038575879510876,0.3199272611629384,False
baja_cierre_4h,histgb_101_moderado,0.34,653,-0.0017930159357349,-0.0022090422678738,0.6780023866443239,-0.7485900071110357,40.629470672389125,0.1914241960183767,0.2341322535886603,1.3128936430353293,0.2681663124276886,False
corto_tp070_sl035_240m,histgb_101_moderado,0.67,41,-0.0017957401583375,-0.0045000001080334,0.3832476828129053,-0.0742857615221667,24.390243902439025,0.1707317073170731,0.2686801098646919,1.1834678990494,0.3659753035437817,False
baja_cierre_4h,sgd_101_moderado,0.19,423,-0.0017959725581244,-0.0019273355244658,0.6322097977290034,-0.6362036991186539,37.82505910165485,0.1143250688705234,0.2134340416009038,1.2949335330643534,0.2320755445222474,False
baja_cierre_4h,histgb_63_moderado,0.05,60,-0.0018058445720395,-0.0013314848581794,0.4147738011521547,-0.1816963059495493,35.0,0.0642201834862385,0.2352851491426881,1.3038575879510876,0.337873614803942,False
baja_cierre_4h,histgb_101_moderado,0.29,602,-0.001810119781755,-0.002040048780851,0.6395829714234474,-0.7176624957155793,40.53156146179402,0.1524663677130044,0.2341322535886603,1.3128936430353293,0.2685034150181896,False
corto_tp070_sl035_240m,sgd_63_sin_pesos,0.39,14,-0.0018139879321658,-0.0045000001080334,0.2290235352908178,-0.2114858443954447,21.428571428571427,0.0714285714285714,0.2349982432323634,1.1220491573392843,0.6497129505785929,False
baja_cierre_4h,histgb_101_moderado,0.25,452,-0.0018242587834513,-0.0017114510808605,0.5987112769791696,-0.6943599404333071,40.032679738562095,0.1339869281045751,0.2341322535886603,1.3128936430353293,0.3161329536498073,False
corto_tp070_sl035_240m,sgd_101_moderado,0.84,0,-0.0018257393880436,-0.0045000001080334,0.0,-0.033498761394309,0.0,0.0,0.2406606673297599,1.1490856070573323,0.5477233042336991,False
baja_cierre_4h,histgb_101_moderado,0.36,642,-0.0018352594334178,-0.0015620168522,0.6866370895996079,-0.7589890540430793,42.834890965732086,0.2180685358255451,0.2341322535886603,1.3128936430353293,0.2597188834810406,False
baja_cierre_4h,control_v4_63_moderado,0.95,32,-0.0018391116752237,-0.0016985394866205,0.6963482819807703,-0.1340711185113843,42.22222222222222,0.2444444444444444,0.2281181756111706,1.2833197447562892,0.3298533572269309,False
baja_cierre_4h,sgd_101_moderado,0.25,733,-0.0018411281101389,-0.0018300250046886,0.6245072172302976,-0.8201951009628401,40.92769440654843,0.1510248112189859,0.2134340416009038,1.2949335330643534,0.2967033000930811,False
baja_cierre_4h,histgb_101_moderado,0.44,509,-0.0018463090574785,-0.0016845521565992,0.71886483318874,-0.7642221991468642,44.40894568690096,0.24950884086444,0.2341322535886603,1.3128936430353293,0.2297475587903873,False
baja_cierre_4h,histgb_63_moderado,0.13,169,-0.0018478102528349,-0.0016954420823603,0.5087113158411567,-0.5026460598807718,36.68639053254438,0.0876712328767123,0.2352851491426881,1.3038575879510876,0.3210968229450505,False
baja_cierre_4h,sgd_101_moderado,0.27,807,-0.0018489523905313,-0.0017168762967921,0.6172908932940788,-0.8355756427602947,39.80789754535753,0.1558164354322305,0.2134340416009038,1.2949335330643534,0.2389263614912441,False
baja_cierre_4h,histgb_101_moderado,0.43,532,-0.0018493353346998,-0.0010706378632457,0.6980831827792715,-0.7352249621891376,46.15384615384615,0.244360902255639,0.2341322535886603,1.3128936430353293,0.2774557355403594,False
baja_cierre_4h,sgd_101_moderado,0.24,691,-0.0018521810118241,-0.0015246349028311,0.5999287220547972,-0.8304876172814294,41.67573449401523,0.1414581066376496,0.2134340416009038,1.2949335330643534,0.2573724600321013,False
baja_cierre_4h,histgb_101_moderado,0.07,86,-0.0018524128836301,-0.0012208681107731,0.4916703392692614,-0.3034970210394925,36.64596273291926,0.0697674418604651,0.2341322535886603,1.3128936430353293,0.2905255935299996,False
corto_tp070_sl035_240m,histgb_63_moderado,0.71,34,-0.0018618856817894,-0.0045000001080334,0.3034999898931438,-0.0659158836908861,23.52941176470588,0.1176470588235294,0.2546630584100841,1.177292561863839,0.4654614554416142,False
corto_tp070_sl035_240m,sgd_101_moderado,0.89,0,-0.0018750000270083,-0.0045000001080334,0.0,-0.0266980669938725,0.0,0.0,0.2406606673297599,1.1490856070573323,0.4000000038411881,False
baja_cierre_4h,histgb_101_moderado,0.37,631,-0.0018805139438237,-0.0015968670593574,0.6751036317110716,-0.7760532158390652,43.89857369255151,0.2060221870047543,0.2341322535886603,1.3128936430353293,0.2672185002045071,False
baja_cierre_4h,control_v4_63_moderado,0.29,749,-0.001895395719761,-0.0014142950347159,0.5774692385362951,-0.8079279244575497,39.83152827918171,0.1239470517448856,0.2281181756111706,1.2833197447562892,0.2725862265633577,False
baja_cierre_4h,histgb_63_moderado,0.34,657,-0.0018959519003449,-0.001847260642331,0.6454557620900767,-0.750178819184073,43.41534008683068,0.1796042617960426,0.2352851491426881,1.3038575879510876,0.2397357361527525,False
baja_cierre_4h,histgb_101_moderado,0.33,658,-0.0018964577072416,-0.0024404304092749,0.6667898147041462,-0.7547264959030258,39.3538913362702,0.1732522796352583,0.2341322535886603,1.3128936430353293,0.290922442300723,False
baja_cierre_4h,histgb_63_moderado,0.38,615,-0.0018972989823043,-0.0016666666595265,0.7127461316642875,-0.7883065965658484,42.896551724137936,0.2341463414634146,0.2352851491426881,1.3038575879510876,0.2574877549674984,False
baja_cierre_4h,histgb_63_moderado,0.32,653,-0.0018992847950705,-0.0016718226359225,0.6262182898412431,-0.7251044270955214,43.18529862174579,0.1638591117917305,0.2352851491426881,1.3038575879510876,0.2120410700255334,False
baja_cierre_4h,control_v4_63_moderado,0.28,721,-0.0019012899547047,-0.0017196046062745,0.606505980595117,-0.7739948110881625,40.581542351453855,0.1390644753476612,0.2281181756111706,1.2833197447562892,0.2658618201573868,False
baja_cierre_4h,sgd_101_moderado,0.26,779,-0.0019026690201551,-0.0022145979562774,0.6154952650344471,-0.842799616598174,38.767650834403085,0.15203426124197,0.2134340416009038,1.2949335330643534,0.233643228404078,False
baja_cierre_4h,control_v4_63_moderado,0.26,626,-0.0019062561484941,-0.0020775129194371,0.6401093013641214,-0.7149587646455453,40.2555910543131,0.0977443609022556,0.2281181756111706,1.2833197447562892,0.2444921662039284,False
baja_cierre_4h,histgb_101_moderado,0.08,97,-0.0019104369694627,-0.0012991104556713,0.4611219411361912,-0.3211095153521724,33.84615384615385,0.0721649484536082,0.2341322535886603,1.3128936430353293,0.1800781875470289,False
baja_cierre_4h,histgb_63_moderado,0.33,651,-0.001910884241672,-0.0018371249423362,0.631474823264877,-0.7269578754255751,41.944847605224965,0.1781874039938556,0.2352851491426881,1.3038575879510876,0.2191934612741193,False
baja_cierre_4h,histgb_63_moderado,0.25,489,-0.0019139836287253,-0.0014816880100406,0.6024360447725698,-0.7118634325408206,40.899795501022496,0.1395348837209302,0.2352851491426881,1.3038575879510876,0.2570235371484332,False
baja_cierre_4h,control_v4_63_moderado,0.31,798,-0.0019147830730573,-0.0020589306475594,0.6020682702321828,-0.8292819004931795,41.854636591478695,0.1621004566210045,0.2281181756111706,1.2833197447562892,0.2484375979470866,False
baja_cierre_4h,sgd_101_moderado,0.88,57,-0.0019183919263019,-0.001906235538423,0.673379344666621,-0.150273640557651,42.10526315789473,0.2631578947368421,0.2134340416009038,1.2949335330643534,0.3104646338584669,False
baja_cierre_4h,control_v4_63_moderado,0.17,46,-0.0019210289078737,-0.0014777355061378,0.18742622046424,-0.2208084910900521,26.08695652173913,0.0,0.2281181756111706,1.2833197447562892,0.2297701985367845,False
baja_cierre_4h,histgb_101_moderado,0.24,418,-0.0019213722779189,-0.001907289882889,0.5883368336465674,-0.7122243902899628,39.71291866028708,0.1334431630971993,0.2341322535886603,1.3128936430353293,0.3818302190658658,False
baja_cierre_4h,histgb_63_moderado,0.3,639,-0.0019281625044339,-0.0016221104122232,0.6161936792164644,-0.728150333101849,42.25352112676056,0.1877934272300469,0.2352851491426881,1.3038575879510876,0.2273771034268566,False
baja_cierre_4h,histgb_101_moderado,0.1,123,-0.0019289790585184,-0.0014270194622222,0.4832435558621077,-0.4144026921418572,36.76470588235294,0.056910569105691,0.2341322535886603,1.3128936430353293,0.1899249038210672,False
baja_cierre_4h,histgb_101_moderado,0.47,434,-0.0019328448836619,-0.0013469571529421,0.6976309807147845,-0.6962209050524794,45.703839122486286,0.2304147465437788,0.2341322535886603,1.3128936430353293,0.2425390214017838,False
baja_cierre_4h,histgb_101_moderado,0.59,126,-0.0019337357383105,0.0004204705366864,0.726388419637062,-0.376645732109276,51.5873015873016,0.2810457516339869,0.2341322535886603,1.3128936430353293,0.2095139959164788,False
baja_cierre_4h,sgd_101_moderado,0.21,518,-0.0019341402152889,-0.0017820258033461,0.6126753607501109,-0.7582208911857901,40.34749034749035,0.1235011990407673,0.2134340416009038,1.2949335330643534,0.2635464108506472,False
baja_cierre_4h,control_v4_63_moderado,0.27,673,-0.0019374629763987,-0.0017689434569329,0.6438441034912622,-0.7503083973539073,41.15898959881129,0.1263888888888888,0.2281181756111706,1.2833197447562892,0.2426847010965664,False
corto_tp070_sl035_240m,histgb_101_moderado,0.71,10,-0.0019460135363042,-0.0045000001080334,0.2909705270866033,-0.0377739633536767,30.0,0.1,0.2686801098646919,1.1834678990494,0.4434972754874976,False
baja_cierre_4h,histgb_63_moderado,0.31,647,-0.0019508490456073,-0.0019046598570421,0.612220789325099,-0.730858044891486,42.50386398763524,0.1715610510046367,0.2352851491426881,1.3038575879510876,0.2332793601887702,False
baja_cierre_4h,control_v4_63_moderado,0.62,326,-0.0019539347472401,-0.0012529563425923,0.6941244350962987,-0.4934826438735283,44.47852760736196,0.2668711656441718,0.2281181756111706,1.2833197447562892,0.2652730415268019,False
baja_cierre_4h,histgb_63_moderado,0.37,629,-0.0019581449224696,-0.0016356514059007,0.6901032967533771,-0.8026272445357615,42.69972451790633,0.205087440381558,0.2352851491426881,1.3038575879510876,0.2288541912506702,False
baja_cierre_4h,sgd_101_moderado,0.3,856,-0.0019597604462838,-0.0021696907458826,0.6226207471278126,-0.8455974399955146,41.23831775700935,0.1668496158068057,0.2134340416009038,1.2949335330643534,0.2842350470653804,False
corto_tp070_sl035_240m,control_v4_63_moderado,0.69,4,-0.0019598035124197,-0.0045000001080334,0.4193174917422608,-0.1190807104454991,25.0,0.2321428571428571,0.2534349875428584,1.1928374949472378,0.7695952902677369,False
baja_cierre_4h,sgd_63_sin_pesos,0.18,759,-0.0019607612108673,-0.0020041563073173,0.5914044059188759,-0.8307950328556828,40.25229357798165,0.1456422018348623,0.2210412569135555,1.2739325029706796,0.2392741632783885,False
baja_cierre_4h,histgb_101_moderado,0.35,652,-0.0019621591736727,-0.0018301983762066,0.6792626875346721,-0.7810926887533254,41.92634560906516,0.2039877300613496,0.2341322535886603,1.3128936430353293,0.2518005846334194,False
baja_cierre_4h,sgd_101_moderado,0.23,636,-0.0019623289865056,-0.0019062155731953,0.5947037119238109,-0.8197148699553957,40.51339285714285,0.1462053571428571,0.2134340416009038,1.2949335330643534,0.2416057356860707,False
baja_cierre_4h,control_v4_63_moderado,0.16,31,-0.0019627746616147,-0.0015920867552049,0.2128917106999281,-0.1561007179574316,29.03225806451613,0.032258064516129,0.2281181756111706,1.2833197447562892,0.3625951889815342,False
baja_cierre_4h,histgb_101_moderado,0.4,594,-0.0019654500421339,-0.001689374981448,0.6747977412166699,-0.7857730041690034,43.75,0.2474747474747475,0.2341322535886603,1.3128936430353293,0.2329851956164942,False
baja_cierre_4h,histgb_63_moderado,0.4,574,-0.0019680586379642,-0.0016431265501305,0.7115635639654776,-0.7949627091132042,44.72573839662447,0.2456445993031359,0.2352851491426881,1.3038575879510876,0.2557031414032173,False
baja_cierre_4h,histgb_101_moderado,0.48,415,-0.0019757492619833,-0.0013773486532736,0.6997648334050002,-0.6883215622969694,45.36489151873767,0.236144578313253,0.2341322535886603,1.3128936430353293,0.2693370902339074,False
baja_cierre_4h,sgd_101_moderado,0.28,828,-0.0019764002522804,-0.0017107247365638,0.602479558466772,-0.8526306669858751,40.96774193548387,0.1483870967741935,0.2134340416009038,1.2949335330643534,0.2559003632924335,False
baja_cierre_4h,control_v4_63_moderado,0.32,817,-0.0019765994678933,-0.0015469154566526,0.6128735474537799,-0.8343076348924254,40.253748558246826,0.1591695501730103,0.2281181756111706,1.2833197447562892,0.2813934156235168,False
baja_cierre_4h,histgb_101_moderado,0.3,617,-0.0019786972508119,-0.0025014249365776,0.6425542931736863,-0.7320372852755914,39.22204213938412,0.1669150521609538,0.2341322535886603,1.3128936430353293,0.2445214824376506,False
baja_cierre_4h,histgb_63_moderado,0.18,276,-0.0019793109734006,-0.001454846813227,0.553274001135668,-0.6532181461429921,41.21212121212121,0.1171717171717171,0.2352851491426881,1.3038575879510876,0.2253100696311028,False
baja_cierre_4h,histgb_63_moderado,0.41,551,-0.0019799062821863,-0.0015971358623355,0.7214441372800444,-0.7933754101992301,44.83734087694484,0.2377495462794918,0.2352851491426881,1.3038575879510876,0.2503074685917431,False
baja_cierre_4h,histgb_63_moderado,0.2,329,-0.0019807427924405,-0.0017653319044038,0.5630508635167798,-0.6689589215484785,39.81762917933131,0.1197718631178707,0.2352851491426881,1.3038575879510876,0.2141429836808255,False
baja_cierre_4h,histgb_63_moderado,0.06,70,-0.0019843042033026,-0.0015587263440247,0.4183134780905229,-0.2200228826265536,31.428571428571427,0.0571428571428571,0.2352851491426881,1.3038575879510876,0.2580462333203863,False
baja_cierre_4h,sgd_63_sin_pesos,0.21,736,-0.001996989240437,-0.0022912184465676,0.6270797532980009,-0.8362535604947913,41.98369565217392,0.1691772885283893,0.2210412569135555,1.2739325029706796,0.226443677540438,False
baja_cierre_4h,histgb_63_moderado,0.44,493,-0.0020003110037201,-0.0014098166828043,0.6826954212906314,-0.734385923210678,45.07042253521127,0.2251521298174442,0.2352851491426881,1.3038575879510876,0.2480010223998796,False
corto_tp070_sl035_240m,sgd_63_sin_pesos,0.51,2,-0.0020004482464864,-0.0045000001080334,0.1109119117951679,-0.0441898395001448,28.57142857142857,0.0,0.2349982432323634,1.1220491573392843,1.0,False
baja_cierre_4h,histgb_101_moderado,0.23,376,-0.0020095582364423,-0.0015531097122002,0.5686822913366616,-0.716985578787828,39.62765957446808,0.127906976744186,0.2341322535886603,1.3128936430353293,0.2838741738495585,False
corto_tp070_sl035_240m,histgb_63_moderado,0.7,36,-0.0020143911446599,-0.0045000001080334,0.2754542342431689,-0.0715889526879484,22.22222222222222,0.1111111111111111,0.2546630584100841,1.177292561863839,0.3198753807428177,False
corto_tp070_sl035_240m,control_v4_63_moderado,0.7,4,-0.0020181818496097,-0.0045000001080334,0.4126984176523259,-0.1082802992754237,23.63636363636364,0.2363636363636363,0.2534349875428584,1.1928374949472378,0.7695952902677369,False
baja_cierre_4h,histgb_63_moderado,0.48,389,-0.0020193888031621,-0.0013460279549472,0.694187481142149,-0.6646450478125516,46.601941747572816,0.2570694087403599,0.2352851491426881,1.3038575879510876,0.2313344833389941,False
baja_cierre_4h,sgd_101_moderado,0.29,842,-0.002024358905447,-0.0019229098504874,0.6022704318729172,-0.8561607340329686,41.33016627078385,0.1467391304347826,0.2134340416009038,1.2949335330643534,0.2781499086493477,False
baja_cierre_4h,control_v4_63_moderado,0.58,375,-0.0020259157364149,-0.0010799614717834,0.6826726463618954,-0.566431283647905,45.33333333333333,0.264,0.2281181756111706,1.2833197447562892,0.2345599790245855,False
baja_cierre_4h,histgb_63_moderado,0.21,365,-0.0020270652855024,-0.0016569153047166,0.5583753301664118,-0.6783866142832946,41.0958904109589,0.1215469613259668,0.2352851491426881,1.3038575879510876,0.3123941225961648,False
baja_cierre_4h,histgb_101_moderado,0.39,609,-0.0020293832440912,-0.0017461642671842,0.6946461910008677,-0.797073243660201,44.30555555555556,0.244663382594417,0.2341322535886603,1.3128936430353293,0.2226263032911382,False
baja_cierre_4h,histgb_101_moderado,0.32,665,-0.0020337936835583,-0.0025560935717076,0.6553369866883433,-0.7687478371556439,38.94736842105263,0.1619190404797601,0.2341322535886603,1.3128936430353293,0.2669864383435024,False
baja_cierre_4h,histgb_101_moderado,0.11,143,-0.0020339380004898,-0.001575328245759,0.4834768382484286,-0.4892603991663943,37.461300309597526,0.0699300699300699,0.2341322535886603,1.3128936430353293,0.2161455557865459,False
baja_cierre_4h,sgd_101_moderado,0.58,357,-0.0020439109422504,-0.0013517154837027,0.6734013478578686,-0.6164824309143798,42.57703081232493,0.2689075630252101,0.2134340416009038,1.2949335330643534,0.2504619025064618,False
baja_cierre_4h,histgb_63_moderado,0.46,441,-0.0020473439998059,-0.0013372784703969,0.6784687366958334,-0.7196657553670546,46.79376083188908,0.2176870748299319,0.2352851491426881,1.3038575879510876,0.2526052458186844,False
baja_cierre_4h,sgd_63_sin_pesos,0.19,771,-0.0020521188621558,-0.0019517244179733,0.5852811663234192,-0.8558886897016925,40.79822616407982,0.1463414634146341,0.2210412569135555,1.2739325029706796,0.2359818665598408,False
baja_cierre_4h,histgb_101_moderado,0.41,567,-0.002054427670741,-0.0017348060898948,0.6891514867900765,-0.8236391017878106,43.57142857142857,0.2539682539682539,0.2341322535886603,1.3128936430353293,0.2171786313911217,False
baja_cierre_4h,sgd_63_sin_pesos,0.17,738,-0.0020553485086862,-0.0019795828082133,0.5674078986623886,-0.8276806019784078,39.80582524271845,0.1286407766990291,0.2210412569135555,1.2739325029706796,0.252101134131293,False
baja_cierre_4h,histgb_101_moderado,0.56,205,-0.0020567799022944,-0.0022193134753033,0.7205560336060419,-0.4403430300782318,44.39024390243903,0.2863849765258216,0.2341322535886603,1.3128936430353293,0.2327913689305238,False
baja_cierre_4h,control_v4_63_moderado,0.3,780,-0.0020577318566437,-0.0019550593385938,0.5779095592501357,-0.8466761799747319,40.18369690011481,0.1492537313432835,0.2281181756111706,1.2833197447562892,0.2133873741194693,False
baja_cierre_4h,histgb_63_moderado,0.12,157,-0.0020587788123256,-0.0014232473729643,0.4550406050699668,-0.4872876462545525,38.853503184713375,0.10828025477707,0.2352851491426881,1.3038575879510876,0.3467751193937182,False
baja_cierre_4h,sgd_63_sin_pesos,0.23,645,-0.0020588140533467,-0.0014351201059762,0.6445525030195686,-0.8018824357602341,44.30727023319616,0.1879286694101508,0.2210412569135555,1.2739325029706796,0.2128298433608001,False
baja_cierre_4h,histgb_101_moderado,0.6,104,-0.0020663576905367,-0.0006542383159976,0.714756719014836,-0.3488983223878908,48.07692307692308,0.2836879432624113,0.2341322535886603,1.3128936430353293,0.2233129925786122,False
baja_cierre_4h,histgb_101_moderado,0.22,360,-0.0020720286560965,-0.0013812988579738,0.5452920752817372,-0.715707813978468,40.72164948453608,0.1168384879725085,0.2341322535886603,1.3128936430353293,0.2842367358004145,False
baja_cierre_4h,sgd_101_moderado,0.31,871,-0.0020727704276099,-0.0019877843549475,0.6111273273223642,-0.8539779799475592,39.23337091319053,0.1781285231116121,0.2134340416009038,1.2949335330643534,0.2945086795674813,False
corto_tp070_sl035_240m,histgb_63_moderado,0.69,55,-0.0020789336210688,-0.0045000001080334,0.2460703287817817,-0.1150422715758457,21.818181818181817,0.0909090909090909,0.2546630584100841,1.177292561863839,0.3753609867362666,False
baja_cierre_4h,histgb_63_moderado,0.19,300,-0.002088852521748,-0.0012765779354376,0.5416528398683248,-0.6768300393778168,40.07936507936508,0.1051587301587301,0.2352851491426881,1.3038575879510876,0.2014425035781624,False
baja_cierre_4h,sgd_101_moderado,0.32,873,-0.0020900357516566,-0.0017625253638252,0.6137660987629943,-0.8521012715550532,41.00801832760595,0.1786941580756013,0.2134340416009038,1.2949335330643534,0.2511696354983662,False
baja_cierre_4h,control_v4_63_moderado,0.64,304,-0.0020984124952169,-0.0017274418894667,0.6864496949100539,-0.5259327765694088,42.43421052631579,0.2796052631578947,0.2281181756111706,1.2833197447562892,0.2505015589984634,False
baja_cierre_4h,control_v4_63_moderado,0.23,391,-0.0021043023665211,-0.0015082956340629,0.5354096405841319,-0.6230270269466387,34.015345268542205,0.0767263427109974,0.2281181756111706,1.2833197447562892,0.1934443766831323,False
baja_cierre_4h,histgb_101_moderado,0.54,251,-0.0021056759845089,-0.0021693711858242,0.7466810440340224,-0.505205850014499,43.91143911439114,0.2878228782287823,0.2341322535886603,1.3128936430353293,0.2372944165568538,False
baja_cierre_4h,control_v4_63_moderado,0.59,360,-0.002106241954004,-0.0010874247998581,0.6741440469404099,-0.5544016720303799,44.72222222222222,0.2666666666666666,0.2281181756111706,1.2833197447562892,0.2371433868235909,False
baja_cierre_4h,histgb_63_moderado,0.42,531,-0.0021083720080507,-0.0015630874366033,0.7059327102836336,-0.8050376241128077,45.04373177842565,0.2297551789077213,0.2352851491426881,1.3038575879510876,0.2526056101160975,False
baja_cierre_4h,histgb_101_moderado,0.06,66,-0.0021138653989115,-0.0015210350791458,0.4088730113231222,-0.2745624612297368,33.582089552238806,0.0454545454545454,0.2341322535886603,1.3128936430353293,0.3686668474748563,False
corto_tp070_sl035_240m,sgd_63_sin_pesos,0.45,7,-0.002120346814527,-0.0045000001080334,0.0732443712906862,-0.0939778177567826,14.285714285714285,0.0,0.2349982432323634,1.1220491573392843,0.6063698201502774,False
corto_tp070_sl035_240m,sgd_63_sin_pesos,0.44,7,-0.002120346814527,-0.0045000001080334,0.0732443712906862,-0.097891549011293,14.285714285714285,0.0,0.2349982432323634,1.1220491573392843,0.6063698201502774,False
baja_cierre_4h,histgb_63_moderado,0.43,518,-0.0021246572223024,-0.0017736127299722,0.7122101278268673,-0.8045915661894254,45.05988023952096,0.2297297297297297,0.2352851491426881,1.3038575879510876,0.2199463761080819,False
baja_cierre_4h,sgd_63_sin_pesos,0.2,760,-0.0021313546893051,-0.0024430255396291,0.6020397943634966,-0.852402572091047,40.92105263157895,0.1602209944751381,0.2210412569135555,1.2739325029706796,0.2295034157222004,False
baja_cierre_4h,control_v4_63_moderado,0.63,314,-0.0021344351387089,-0.0016205507961567,0.6744320467857948,-0.5152250756551049,42.99363057324841,0.267515923566879,0.2281181756111706,1.2833197447562892,0.2686339775132015,False
baja_cierre_4h,histgb_101_moderado,0.09,107,-0.0021349493584215,-0.001269809315796,0.48158296433009,-0.4223428972841525,36.75213675213676,0.0598290598290598,0.2341322535886603,1.3128936430353293,0.1936028823289491,False
baja_cierre_4h,control_v4_63_moderado,0.61,339,-0.0021378925445137,-0.0012132905210601,0.6736076929450086,-0.5398702587291568,45.13274336283185,0.2625368731563421,0.2281181756111706,1.2833197447562892,0.2446100376698317,False
baja_cierre_4h,sgd_101_moderado,0.66,243,-0.0021396958463607,-0.0018198950090445,0.6826952199925493,-0.4586881900255707,40.32921810699588,0.2839506172839506,0.2134340416009038,1.2949335330643534,0.1981691266298044,False
baja_cierre_4h,sgd_63_sin_pesos,0.22,694,-0.0021667356555118,-0.0016002618465572,0.6125941097157197,-0.8402677720130305,43.371757925072046,0.1920199501246882,0.2210412569135555,1.2739325029706796,0.2276414864060363,False
baja_cierre_4h,histgb_63_moderado,0.39,596,-0.0021682469934148,-0.0018228861261159,0.6817141008999157,-0.8232810270003335,43.76731301939058,0.2449664429530201,0.2352851491426881,1.3038575879510876,0.227284285787356,False
baja_cierre_4h,sgd_101_moderado,0.59,343,-0.0021695655100054,-0.0014274692328181,0.665087719473144,-0.5974121557455943,41.690962099125365,0.2565597667638484,0.2134340416009038,1.2949335330643534,0.230000404902232,False
baja_cierre_4h,sgd_63_sin_pesos,0.16,688,-0.0021724452131419,-0.0018344938105437,0.5484522549879215,-0.8088246374540502,39.67391304347826,0.1304347826086956,0.2210412569135555,1.2739325029706796,0.2466448987941346,False
baja_cierre_4h,histgb_101_moderado,0.45,481,-0.002173542477695,-0.0015254780990071,0.6639600940627401,-0.7953227074086313,44.62809917355372,0.237006237006237,0.2341322535886603,1.3128936430353293,0.2126208532784374,False
baja_cierre_4h,control_v4_63_moderado,0.6,348,-0.0021805351868781,-0.0010831497745821,0.664189818502644,-0.5705987570548832,45.689655172413794,0.2614942528735632,0.2281181756111706,1.2833197447562892,0.2465317233570843,False
corto_tp070_sl035_240m,sgd_63_sin_pesos,0.4,11,-0.0021817793711088,-0.0045000001080334,0.0324424651513216,-0.1673196354293477,18.181818181818183,0.0,0.2349982432323634,1.1220491573392843,0.562510019568405,False
baja_cierre_4h,control_v4_63_moderado,0.74,196,-0.0021878091326733,-0.0020319084394723,0.66457974732831,-0.4142394016345586,41.0377358490566,0.2735849056603773,0.2281181756111706,1.2833197447562892,0.3110181166634147,False
baja_cierre_4h,sgd_63_sin_pesos,0.15,626,-0.00219073730089,-0.0020205892613157,0.5615985695096269,-0.767473649545641,37.22044728434505,0.121405750798722,0.2210412569135555,1.2739325029706796,0.2418416328387594,False
baja_cierre_4h,histgb_101_moderado,0.21,341,-0.0022061315193055,-0.0013585735103115,0.527088602775196,-0.7230362097356157,39.88269794721408,0.1196428571428571,0.2341322535886603,1.3128936430353293,0.1907626453115204,False
baja_cierre_4h,control_v4_63_moderado,0.82,118,-0.0022074209235792,-0.0016928911316208,0.6981112932256279,-0.3351244241010738,42.567567567567565,0.304054054054054,0.2281181756111706,1.2833197447562892,0.1846453992875168,False
corto_tp070_sl035_240m,sgd_63_sin_pesos,0.41,11,-0.002207791919693,-0.0045000001080334,0.0314470858027211,-0.1352920439490541,18.181818181818183,0.0,0.2349982432323634,1.1220491573392843,0.555882438824686,False
baja_cierre_4h,sgd_101_moderado,0.35,818,-0.0022154575355528,-0.0017219344843178,0.6013192996732057,-0.8507352800404239,42.298288508557455,0.19559902200489,0.2134340416009038,1.2949335330643534,0.2513744168043515,False
baja_cierre_4h,histgb_101_moderado,0.46,457,-0.0022167358123561,-0.0015114452796988,0.6584095530989256,-0.7289586748899635,46.48370497427101,0.2341356673960612,0.2341322535886603,1.3128936430353293,0.2514765358298015,False
baja_cierre_4h,histgb_101_moderado,0.55,232,-0.0022269227254016,-0.002040087576257,0.695314810943959,-0.4552528639554833,45.25862068965517,0.2978723404255319,0.2341322535886603,1.3128936430353293,0.241381563058339,False
baja_cierre_4h,sgd_101_moderado,0.61,316,-0.0022353225099818,-0.0016658509373664,0.6648051467123555,-0.6196362649646745,41.13924050632912,0.2658227848101265,0.2134340416009038,1.2949335330643534,0.2277965999907402,False
corto_tp070_sl035_240m,histgb_101_moderado,0.72,9,-0.0022373778477518,-0.0045000001080334,0.2663308215208582,-0.0409259754082697,22.22222222222222,0.1111111111111111,0.2686801098646919,1.1834678990494,0.4376780066058648,False
corto_tp070_sl035_240m,histgb_101_moderado,0.78,1,-0.0022381029082462,-0.0022381029082462,0.0,-0.023599077085291,0.0,0.0,0.2686801098646919,1.1834678990494,1.0,False
corto_tp070_sl035_240m,histgb_63_moderado,0.77,10,-0.0022382726679788,-0.0045000001080334,0.2113961860705821,-0.0177916442983849,10.0,0.1,0.2546630584100841,1.177292561863839,0.6854275657133567,False
corto_tp070_sl035_240m,sgd_63_sin_pesos,0.56,1,-0.0022439409401849,-0.0045000001080334,0.3351286262774107,-0.0325005970391387,25.0,0.0,0.2349982432323634,1.1220491573392843,1.0,False
baja_cierre_4h,control_v4_63_moderado,0.33,824,-0.0022450693781657,-0.0016219370116014,0.5783988391374122,-0.8649807473616411,42.374854481955765,0.1757857974388824,0.2281181756111706,1.2833197447562892,0.3458172015852956,False
corto_tp070_sl035_240m,sgd_101_moderado,0.67,7,-0.0022524041210001,-0.0045000001080334,0.0306839842243624,-0.1336094603221779,14.285714285714285,0.0,0.2406606673297599,1.1490856070573323,0.8562279996251637,False
corto_tp070_sl035_240m,sgd_101_moderado,0.73,2,-0.0022560184113681,-0.0045000001080334,0.0,-0.0223907069253137,0.0,0.0,0.2406606673297599,1.1490856070573323,0.997332310179254,False
corto_tp070_sl035_240m,sgd_101_moderado,0.72,2,-0.0022560184113681,-0.0045000001080334,0.0,-0.0571343949664004,0.0,0.0,0.2406606673297599,1.1490856070573323,0.997332310179254,False
baja_cierre_4h,histgb_63_moderado,0.14,184,-0.0022577399798988,-0.0017705957686994,0.4795644678094068,-0.5948920527033752,35.32608695652174,0.1023017902813299,0.2352851491426881,1.3038575879510876,0.3463128369266419,False
baja_cierre_4h,sgd_101_moderado,0.65,257,-0.0022658608041274,-0.0018198950090445,0.6650666712302382,-0.4928499642051354,40.07782101167315,0.2879377431906614,0.2134340416009038,1.2949335330643534,0.1831928466561177,False
baja_cierre_4h,sgd_63_sin_pesos,0.24,586,-0.0022673191240839,-0.0011509595967945,0.6191706954221557,-0.7961230511051969,46.41638225255973,0.2230769230769231,0.2210412569135555,1.2739325029706796,0.2221018524142423,False
baja_cierre_4h,sgd_101_moderado,0.36,796,-0.0022697063501301,-0.0018733098511584,0.6055014099533348,-0.852562433486444,41.33165829145729,0.2010050251256281,0.2134340416009038,1.2949335330643534,0.2498445632891198,False
corto_tp070_sl035_240m,histgb_101_moderado,0.68,31,-0.0022797900244843,-0.0045000001080334,0.2341531791569199,-0.0663441576216753,19.35483870967742,0.0967741935483871,0.2686801098646919,1.1834678990494,0.2870031952122401,False
baja_cierre_4h,control_v4_63_moderado,0.79,143,-0.0022816454721082,-0.0016872427766211,0.6505216585923773,-0.3897255261767373,42.51497005988024,0.2994011976047904,0.2281181756111706,1.2833197447562892,0.2051941185018211,False
corto_tp070_sl035_240m,sgd_63_sin_pesos,0.43,8,-0.0022828739199903,-0.0045000001080334,0.0603540342589393,-0.0745095955840714,12.5,0.0,0.2349982432323634,1.1220491573392843,0.5072001054648275,False
baja_cierre_4h,histgb_101_moderado,0.57,175,-0.0022878189999507,-0.0005191152556799,0.6940734320320707,-0.4013417149644328,48.0,0.2708333333333333,0.2341322535886603,1.3128936430353293,0.221034702987819,False
corto_tp070_sl035_240m,sgd_63_sin_pesos,0.53,2,-0.0022894737240123,-0.0045000001080334,0.1996649848998548,-0.0484909853256538,21.052631578947366,0.0,0.2349982432323634,1.1220491573392843,1.0,False
baja_cierre_4h,sgd_101_moderado,0.62,293,-0.0022942357209363,-0.0016658509373664,0.6570406099083417,-0.5864952053710009,40.61433447098976,0.2662116040955631,0.2134340416009038,1.2949335330643534,0.2268698126846894,False
baja_cierre_4h,sgd_101_moderado,0.64,266,-0.0022992414888213,-0.0016797329697292,0.6537666477284209,-0.5447910032960384,40.22556390977444,0.2781954887218045,0.2134340416009038,1.2949335330643534,0.1775496582310157,False
baja_cierre_4h,sgd_63_sin_pesos,0.14,525,-0.0023005450890791,-0.0022936262064613,0.5303883617581545,-0.734833684209673,36.19047619047619,0.1009523809523809,0.2210412569135555,1.2739325029706796,0.208366089554902,False
baja_cierre_4h,sgd_101_moderado,0.6,330,-0.0023040548932015,-0.0016658509373664,0.6499576865332494,-0.6254308646664393,40.60606060606061,0.2575757575757575,0.2134340416009038,1.2949335330643534,0.2113230727337536,False
baja_cierre_4h,control_v4_63_moderado,0.75,181,-0.002307614828081,-0.0020319084394723,0.6535990891244271,-0.4254539564948145,40.68627450980392,0.2941176470588235,0.2281181756111706,1.2833197447562892,0.2590506173905224,False
baja_cierre_4h,sgd_101_moderado,0.63,283,-0.002317639865446,-0.001609777867794,0.6520490492116353,-0.5350852802049121,40.63604240282685,0.2650176678445229,0.2134340416009038,1.2949335330643534,0.2364788484706665,False
baja_cierre_4h,control_v4_63_moderado,0.36,777,-0.0023184786637388,-0.0016873518577776,0.5956076709306981,-0.8467155412896754,42.985842985842986,0.2072072072072072,0.2281181756111706,1.2833197447562892,0.3037278352783253,False
baja_cierre_4h,sgd_101_moderado,0.14,121,-0.0023283133287413,-0.0018308537653647,0.4893640844204869,-0.3131864037653764,33.88429752066116,0.0743801652892562,0.2134340416009038,1.2949335330643534,0.1941513736372469,False
corto_tp070_sl035_240m,sgd_101_moderado,0.68,5,-0.0023356381998164,-0.0045000001080334,0.0,-0.0938959794974571,0.0,0.0,0.2406606673297599,1.1490856070573323,0.7706673248257445,False
baja_cierre_4h,sgd_63_sin_pesos,0.13,405,-0.0023392330034028,-0.0024707880327478,0.5517378229429425,-0.6647843115857144,36.2962962962963,0.1037037037037037,0.2210412569135555,1.2739325029706796,0.2090937349780412,False
baja_cierre_4h,histgb_101_moderado,0.5,361,-0.0023427620386022,-0.0017302117883227,0.6964716941202319,-0.6838023027183737,44.60093896713615,0.2520775623268698,0.2341322535886603,1.3128936430353293,0.2214436427257048,False
baja_cierre_4h,control_v4_63_moderado,0.5,487,-0.002347734651921,-0.0021013090261258,0.6378292265785386,-0.7806506727946362,43.0795847750865,0.2464065708418891,0.2281181756111706,1.2833197447562892,0.1953767583994728,False
baja_cierre_4h,histgb_101_moderado,0.49,391,-0.002348280138661,-0.0016111763941589,0.7125309062850591,-0.7223455839104611,44.87179487179488,0.2455242966751918,0.2341322535886603,1.3128936430353293,0.2107416653662752,False
baja_cierre_4h,control_v4_63_moderado,0.57,395,-0.0023615098139485,-0.0015958927213214,0.6569591087768596,-0.6825572866948373,45.063291139240505,0.2658227848101265,0.2281181756111706,1.2833197447562892,0.1909114053183593,False
corto_tp070_sl035_240m,sgd_63_sin_pesos,0.42,9,-0.0023650330171609,-0.0045000001080334,0.004267744021657,-0.1031840130793709,22.22222222222222,0.0,0.2349982432323634,1.1220491573392843,0.6342406322139865,False
baja_cierre_4h,histgb_101_moderado,0.31,641,-0.002372166100095,-0.0025925957122817,0.6118474874783432,-0.8047889621568884,39.31357254290172,0.1701807228915662,0.2341322535886603,1.3128936430353293,0.2466432238398083,False
baja_cierre_4h,control_v4_63_moderado,0.35,806,-0.002373335877617,-0.0014605874128174,0.577879535999045,-0.8631183208309388,42.30769230769231,0.1935483870967742,0.2281181756111706,1.2833197447562892,0.3020532987728335,False
baja_cierre_4h,sgd_101_moderado,0.57,374,-0.0023751106933117,-0.0014041936044814,0.6330378685140046,-0.6405315374759963,42.24598930481284,0.2647058823529412,0.2134340416009038,1.2949335330643534,0.2500422425052012,False
corto_tp070_sl035_240m,sgd_63_sin_pesos,0.55,1,-0.0023766503029995,-0.0045000001080334,0.3093495011791483,-0.0368543444569849,23.52941176470588,0.0,0.2349982432323634,1.1220491573392843,1.0,False
baja_cierre_4h,sgd_101_moderado,0.51,483,-0.0023775261832729,-0.0019564880747348,0.6272233614600033,-0.7664019728951135,42.028985507246375,0.2484472049689441,0.2134340416009038,1.2949335330643534,0.21082673766606,False
baja_cierre_4h,sgd_63_sin_pesos,0.25,540,-0.0023795834027781,-0.0013544777282513,0.6265729714103812,-0.7675198991346256,45.74074074074074,0.2513368983957219,0.2210412569135555,1.2739325029706796,0.243328973078876,False
baja_cierre_4h,sgd_101_moderado,0.34,834,-0.002384272054826,-0.0020067922994494,0.571931878549936,-0.874132935598425,40.7673860911271,0.1726618705035971,0.2134340416009038,1.2949335330643534,0.2577788602654427,False
baja_cierre_4h,sgd_101_moderado,0.33,859,-0.0023914402513075,-0.0019523068147245,0.5680739276443618,-0.8826103399900012,40.74505238649593,0.1874272409778812,0.2134340416009038,1.2949335330643534,0.2766799886119835,False
baja_cierre_4h,control_v4_63_moderado,0.34,833,-0.002398710819011,-0.0014933413583785,0.5651535383502073,-0.8744221117470875,41.65666266506602,0.1728691476590636,0.2281181756111706,1.2833197447562892,0.2511216657278523,False
corto_tp070_sl035_240m,sgd_63_sin_pesos,0.52,2,-0.0024000000432133,-0.0045000001080334,0.1995894960329802,-0.0412814435616898,20.0,0.0,0.2349982432323634,1.1220491573392843,1.0,False
corto_tp070_sl035_240m,sgd_63_sin_pesos,0.86,0,-0.0024000000432133,-0.0045000001080334,0.0,-0.0178788645162637,0.0,0.0,0.2349982432323634,1.1220491573392843,1.0,False
baja_cierre_4h,histgb_101_moderado,0.61,91,-0.0024025084650682,0.0006577831702306,0.683535052686922,-0.3405949485737661,52.74725274725275,0.2777777777777778,0.2341322535886603,1.3128936430353293,0.3204034088748604,False
baja_cierre_4h,histgb_101_moderado,0.15,197,-0.0024144616279413,-0.0015976393003948,0.4651734397416918,-0.690894785645702,40.10152284263959,0.0986842105263157,0.2341322535886603,1.3128936430353293,0.2994985385933954,False
baja_cierre_4h,histgb_63_moderado,0.17,245,-0.0024152469505994,-0.0017142890826798,0.4851717750447089,-0.69496836564403,38.775510204081634,0.1085106382978723,0.2352851491426881,1.3038575879510876,0.3055172427950967,False
baja_cierre_4h,sgd_101_moderado,0.49,509,-0.0024155065849051,-0.0016979480967856,0.6252905113026122,-0.8083949652991738,41.45383104125737,0.243614931237721,0.2134340416009038,1.2949335330643534,0.2187623607353344,False
baja_cierre_4h,sgd_101_moderado,0.67,228,-0.0024182884285953,-0.0024231588575057,0.6546394050335728,-0.4574176002413159,39.47368421052632,0.2675438596491228,0.2134340416009038,1.2949335330643534,0.246419000513498,False
corto_tp070_sl035_240m,sgd_101_moderado,0.65,9,-0.0024211531363091,-0.0045000001080334,0.0510831148746073,-0.1505947479140948,11.11111111111111,0.0,0.2406606673297599,1.1490856070573323,0.6195395134310989,False
baja_cierre_4h,control_v4_63_moderado,0.39,702,-0.0024233629103652,-0.0016858182023279,0.5916300870143644,-0.8349845790008894,42.45014245014245,0.2079772079772079,0.2281181756111706,1.2833197447562892,0.2215049770651595,False
baja_cierre_4h,histgb_101_moderado,0.19,293,-0.0024322065003216,-0.0016051789387129,0.4892689773682067,-0.7358621731274735,39.24914675767919,0.1214421252371916,0.2341322535886603,1.3128936430353293,0.1990013061079253,False
baja_cierre_4h,control_v4_63_moderado,0.37,748,-0.0024326183635639,-0.0016837318069301,0.5830898288884967,-0.8491120075170328,42.24598930481284,0.1991978609625668,0.2281181756111706,1.2833197447562892,0.2519841177144009,False
baja_cierre_4h,sgd_63_sin_pesos,0.28,333,-0.0024403089275487,-0.001321114930557,0.6469616510830202,-0.6489079229025458,46.31043256997455,0.2732732732732733,0.2210412569135555,1.2739325029706796,0.2214027785009026,False
baja_cierre_4h,sgd_101_moderado,0.5,496,-0.0024429859136931,-0.0020923489462584,0.6218678143670852,-0.7898002103317433,40.7258064516129,0.25,0.2134340416009038,1.2949335330643534,0.2145284504986014,False
baja_cierre_4h,histgb_63_moderado,0.49,361,-0.0024481781069669,-0.0020311136720702,0.6496932300410249,-0.7441379795764048,44.18103448275862,0.2354570637119113,0.2352851491426881,1.3038575879510876,0.196674930105712,False
baja_cierre_4h,sgd_101_moderado,0.54,432,-0.0024530564670849,-0.0021419506045058,0.6222493249568566,-0.7110853161432713,43.05555555555556,0.2546296296296296,0.2134340416009038,1.2949335330643534,0.2067839390907623,False
baja_cierre_4h,histgb_63_moderado,0.47,415,-0.0024549027155511,-0.0015746981478296,0.6356763904710792,-0.7269658591493565,44.98141263940521,0.2289156626506024,0.2352851491426881,1.3038575879510876,0.2315818015821604,False
baja_cierre_4h,sgd_101_moderado,0.68,220,-0.0024565431658163,-0.0024231588575057,0.6559468120523498,-0.4508453149977893,40.0,0.2681818181818182,0.2134340416009038,1.2949335330643534,0.2437708321488748,False
baja_cierre_4h,control_v4_63_moderado,0.41,658,-0.0024572876390841,-0.0016374840158969,0.5976627615753646,-0.8185950552607456,42.5531914893617,0.2203647416413373,0.2281181756111706,1.2833197447562892,0.2020200613972367,False
baja_cierre_4h,sgd_101_moderado,0.52,467,-0.0024595922966418,-0.0018290000259876,0.6169922709843597,-0.7490276097281008,41.7558886509636,0.2441113490364025,0.2134340416009038,1.2949335330643534,0.2053072523504673,False
baja_cierre_4h,sgd_101_moderado,0.53,448,-0.0024672932714217,-0.0018297522144857,0.6151520775796973,-0.7381806085434941,41.96428571428572,0.2433035714285714,0.2134340416009038,1.2949335330643534,0.1944266620105328,False
corto_tp070_sl035_240m,sgd_101_moderado,0.7,4,-0.0024695145473524,-0.0045000001080334,0.0,-0.0504285243688686,0.0,0.0,0.2406606673297599,1.1490856070573323,0.91111026514459,False
baja_cierre_4h,histgb_63_moderado,0.15,211,-0.0024767783934998,-0.001439669311163,0.4424636535925392,-0.6435867365611316,37.91469194312796,0.1102941176470588,0.2352851491426881,1.3038575879510876,0.2194933500153693,False
baja_cierre_4h,sgd_101_moderado,0.39,724,-0.0024819772410226,-0.001430438973126,0.5925964818188604,-0.8534493183747174,42.26519337016575,0.1975138121546961,0.2134340416009038,1.2949335330643534,0.2336983115629504,False
baja_cierre_4h,control_v4_63_moderado,0.84,105,-0.0025003864255876,-0.0020707110050134,0.6161653601883921,-0.348022729804424,40.909090909090914,0.2575757575757575,0.2281181756111706,1.2833197447562892,0.2061583045176673,False
baja_cierre_4h,control_v4_63_moderado,0.77,159,-0.0025065682535252,-0.0018198950090445,0.6231331460495265,-0.4161409117887752,41.62162162162162,0.2864864864864865,0.2281181756111706,1.2833197447562892,0.209163069888904,False
corto_tp070_sl035_240m,histgb_101_moderado,0.77,1,-0.0025071344096213,-0.0025071344096213,0.0,-0.0157818619980626,0.0,0.0,0.2686801098646919,1.1834678990494,1.0,False
corto_tp070_sl035_240m,histgb_101_moderado,0.69,20,-0.0025093428239197,-0.0045000001080334,0.1701336290140186,-0.0549047249300475,15.0,0.05,0.2686801098646919,1.1834678990494,0.364457901265211,False
baja_cierre_4h,control_v4_63_moderado,0.49,505,-0.0025093810445106,-0.002156955899205,0.6113749718589134,-0.8127105667199223,42.57425742574257,0.2455445544554455,0.2281181756111706,1.2833197447562892,0.1887823461870875,False
baja_cierre_4h,sgd_101_moderado,0.73,168,-0.0025197539788091,-0.0022416917597875,0.6570530047670395,-0.4058347268204251,42.26190476190476,0.2797619047619047,0.2134340416009038,1.2949335330643534,0.2819972248158601,False
baja_cierre_4h,control_v4_63_moderado,0.48,525,-0.0025213170874388,-0.0021182760354131,0.6093295391116252,-0.8267725673053042,41.90476190476191,0.2457142857142857,0.2281181756111706,1.2833197447562892,0.1895616990918766,False
baja_cierre_4h,control_v4_63_moderado,0.38,728,-0.002522000580779,-0.0017873686263337,0.5789456986094254,-0.8521920840445318,41.8956043956044,0.1978021978021978,0.2281181756111706,1.2833197447562892,0.2520953885501931,False
baja_cierre_4h,sgd_101_moderado,0.37,773,-0.0025248725202397,-0.0016423397280741,0.5746586492417185,-0.876738986925391,41.39715394566624,0.186287192755498,0.2134340416009038,1.2949335330643534,0.2479447335119002,False
baja_cierre_4h,control_v4_63_moderado,0.76,170,-0.0025277942356848,-0.0018198950090445,0.6292518943371701,-0.4242672725174548,41.53846153846154,0.2923076923076923,0.2281181756111706,1.2833197447562892,0.2600514204142624,False
baja_cierre_4h,control_v4_63_moderado,0.52,465,-0.0025293427394295,-0.0021707546655088,0.6212852047234294,-0.7662695614993297,42.1505376344086,0.2516129032258064,0.2281181756111706,1.2833197447562892,0.1700979651650133,False
baja_cierre_4h,histgb_63_moderado,0.5,338,-0.0025355504680436,-0.0019083438199013,0.6400570774569071,-0.6994501876899635,44.44444444444444,0.2426035502958579,0.2352851491426881,1.3038575879510876,0.1950527617591172,False
corto_tp070_sl035_240m,sgd_101_moderado,0.66,8,-0.0025398620143969,-0.0045000001080334,0.0239746191530377,-0.1364039651685116,12.5,0.0,0.2406606673297599,1.1490856070573323,0.885874918110838,False
baja_cierre_4h,sgd_101_moderado,0.38,750,-0.0025517836421388,-0.0014828049568459,0.5785661385491493,-0.8711377659864767,41.46666666666667,0.2013333333333333,0.2134340416009038,1.2949335330643534,0.2279001326933044,False
baja_cierre_4h,control_v4_63_moderado,0.51,479,-0.0025576826220387,-0.0020453327558934,0.627905979509492,-0.7827740326271974,42.58872651356994,0.2505219206680584,0.2281181756111706,1.2833197447562892,0.1772904739186534,False
baja_cierre_4h,sgd_101_moderado,0.4,709,-0.0025772882244267,-0.0014251488135196,0.5749206194120035,-0.8575424386300818,41.889985895627646,0.1904090267983074,0.2134340416009038,1.2949335330643534,0.2116736719354725,False
baja_cierre_4h,histgb_101_moderado,0.2,314,-0.0025815532980031,-0.0023554308097809,0.4910106855591312,-0.7214061727846807,33.43949044585987,0.119047619047619,0.2341322535886603,1.3128936430353293,0.1754816742844055,False
corto_tp070_sl035_240m,sgd_101_moderado,0.05,14,-0.0026019933308208,-0.0045000001080334,0.2477910188513367,-0.0945646018657678,14.285714285714285,0.1428571428571428,0.2406606673297599,1.1490856070573323,0.4941266764028817,False
baja_cierre_4h,sgd_101_moderado,0.55,412,-0.0026114831026119,-0.0017927980041131,0.6097090370619932,-0.6783479257790297,41.74757281553398,0.2548543689320388,0.2134340416009038,1.2949335330643534,0.2017221371477758,False
baja_cierre_4h,histgb_63_moderado,0.75,4,-0.0026143653600011,-0.0007580368362832,0.618006630903404,-0.0724295145529172,40.0,0.25,0.2352851491426881,1.3038575879510876,0.7275819464032901,False
baja_cierre_4h,histgb_63_moderado,0.16,228,-0.0026201510619848,-0.0016060937885195,0.4280855450842714,-0.7023153514522638,37.719298245614034,0.1026785714285714,0.2352851491426881,1.3038575879510876,0.2390035634515984,False
baja_cierre_4h,sgd_101_moderado,0.56,390,-0.0026235141657699,-0.001681899517076,0.6008774495862383,-0.6591343305633205,41.28205128205128,0.258974358974359,0.2134340416009038,1.2949335330643534,0.2037178573692371,False
baja_cierre_4h,control_v4_63_moderado,0.83,110,-0.0026250648279716,-0.001906235538423,0.616555726597371,-0.3773763214111901,41.00719424460432,0.2877697841726618,0.2281181756111706,1.2833197447562892,0.1967720863777534,False
baja_cierre_4h,histgb_101_moderado,0.62,74,-0.0026257316432789,-3.441779315471651e-05,0.6739613467606583,-0.3428737254805079,50.0,0.2678571428571428,0.2341322535886603,1.3128936430353293,0.2668450585885372,False
baja_cierre_4h,control_v4_63_moderado,0.4,676,-0.0026272993329857,-0.0019637527109589,0.5711115676589575,-0.8455462673801128,40.680473372781066,0.1997041420118343,0.2281181756111706,1.2833197447562892,0.2292740070350153,False
baja_cierre_4h,control_v4_63_moderado,0.72,228,-0.0026373127788767,-0.0019736419888213,0.619622105077407,-0.4745602392353415,40.61135371179039,0.2794759825327511,0.2281181756111706,1.2833197447562892,0.2744266947543136,False
baja_cierre_4h,control_v4_63_moderado,0.78,150,-0.0026375116810273,-0.0019184981463477,0.6046288769738942,-0.4139331748452604,40.57142857142857,0.2742857142857143,0.2281181756111706,1.2833197447562892,0.1914019914392104,False
baja_cierre_4h,sgd_101_moderado,0.74,161,-0.0026402139540756,-0.0022351864716038,0.6461597711099103,-0.3911302120877781,42.85714285714285,0.2857142857142857,0.2134340416009038,1.2949335330643534,0.2539711356320451,False
baja_cierre_4h,control_v4_63_moderado,0.56,406,-0.0026446743756505,-0.0019564880747348,0.6503098658453967,-0.7261194733770082,43.5960591133005,0.2635467980295566,0.2281181756111706,1.2833197447562892,0.1817548871857135,False
baja_cierre_4h,control_v4_63_moderado,0.65,292,-0.0026528276791401,-0.0019460700675845,0.6166819641866762,-0.5576481438236455,40.75342465753425,0.2705479452054795,0.2281181756111706,1.2833197447562892,0.2778445260243637,False
baja_cierre_4h,sgd_101_moderado,0.48,524,-0.0026563449905838,-0.0014214873333694,0.594121498989378,-0.7873395860071593,40.64885496183206,0.2194656488549618,0.2134340416009038,1.2949335330643534,0.2410001353118278,False
baja_cierre_4h,sgd_101_moderado,0.47,540,-0.0026704850382262,-0.0013581737837521,0.5979141446654666,-0.7914625800986865,41.48148148148148,0.2296296296296296,0.2134340416009038,1.2949335330643534,0.238938082100072,False
baja_cierre_4h,sgd_63_sin_pesos,0.3,218,-0.0026733513780017,-0.001100519231637,0.6620929080173916,-0.5934534766221657,46.64536741214057,0.2889908256880734,0.2210412569135555,1.2739325029706796,0.1848070611717645,False
baja_cierre_4h,control_v4_63_moderado,0.53,451,-0.0026747928827692,-0.0021282769846729,0.6437589172216689,-0.7819582247389458,43.68070953436807,0.2616407982261641,0.2281181756111706,1.2833197447562892,0.1871516596595814,False
baja_cierre_4h,control_v4_63_moderado,0.73,214,-0.0026932428686717,-0.0021453187325969,0.6112724394328719,-0.4697300937255393,40.80717488789238,0.273542600896861,0.2281181756111706,1.2833197447562892,0.2788586206442572,False
corto_tp070_sl035_240m,sgd_101_moderado,0.69,6,-0.0026963651845192,-0.0045000001080334,0.0,-0.0716024582023515,0.0,0.0,0.2406606673297599,1.1490856070573323,0.8344567223070141,False
baja_cierre_4h,sgd_101_moderado,0.71,190,-0.0027072851526934,-0.002391903613694,0.631764486192352,-0.4404515790564999,40.0,0.2684210526315789,0.2134340416009038,1.2949335330643534,0.2701995964578603,False
baja_cierre_4h,control_v4_63_moderado,0.55,418,-0.0027079138167167,-0.0022317774817347,0.6726705439335059,-0.7527620383030722,43.958333333333336,0.2703349282296651,0.2281181756111706,1.2833197447562892,0.1778908619390101,False
baja_cierre_4h,control_v4_63_moderado,0.71,233,-0.0027115755963536,-0.0019460700675845,0.6085186130556188,-0.494965875267929,40.25423728813559,0.2796610169491525,0.2281181756111706,1.2833197447562892,0.2812264871027967,False
baja_cierre_4h,control_v4_63_moderado,0.47,542,-0.0027142464361029,-0.0021464148992672,0.5838169325259136,-0.8372458558003038,42.80442804428044,0.2472324723247232,0.2281181756111706,1.2833197447562892,0.1981487696447803,False
baja_cierre_4h,control_v4_63_moderado,0.94,38,-0.002719274418099,-0.0022351864716038,0.5825894175909688,-0.1516528853370548,41.50943396226416,0.2452830188679245,0.2281181756111706,1.2833197447562892,0.3528039175917486,False
baja_cierre_4h,control_v4_63_moderado,0.42,637,-0.0027252246412024,-0.0016517416331917,0.5629621886230479,-0.8386983489286027,40.81632653061224,0.2213500784929356,0.2281181756111706,1.2833197447562892,0.2118405099895144,False
baja_cierre_4h,sgd_63_sin_pesos,0.29,269,-0.0027481604362995,-0.0011251003814104,0.6298825128770816,-0.6225175829857852,46.51162790697674,0.275092936802974,0.2210412569135555,1.2739325029706796,0.197517616854505,False
baja_cierre_4h,sgd_101_moderado,0.69,211,-0.0027528320517658,-0.0030301884505897,0.6281522579051858,-0.4695566154725288,38.862559241706165,0.2654028436018957,0.2134340416009038,1.2949335330643534,0.2323899464831508,False
baja_cierre_4h,histgb_101_moderado,0.18,265,-0.0027551088810991,-0.0014462252254597,0.4471983090582362,-0.7776144957755976,37.9110251450677,0.1199226305609284,0.2341322535886603,1.3128936430353293,0.2175374940489132,False
baja_cierre_4h,sgd_101_moderado,0.42,659,-0.002755892846668,-0.0013624358214437,0.5593483785678246,-0.8567401536981856,40.81942336874052,0.2018209408194233,0.2134340416009038,1.2949335330643534,0.2110148972920878,False
baja_cierre_4h,sgd_101_moderado,0.43,643,-0.0027579588968392,-0.0012793979947455,0.5680710153381893,-0.8489127648573027,41.52410575427683,0.1990668740279937,0.2134340416009038,1.2949335330643534,0.2293931274637168,False
baja_cierre_4h,sgd_101_moderado,0.45,596,-0.0027631855708018,-0.001115080478281,0.5749068656836596,-0.8444166098115019,42.95302013422819,0.2281879194630872,0.2134340416009038,1.2949335330643534,0.2224440087927096,False
baja_cierre_4h,histgb_101_moderado,0.16,220,-0.0027686198636609,-0.0015859341763425,0.4298781572892399,-0.7562101870514618,37.71186440677966,0.0826271186440678,0.2341322535886603,1.3128936430353293,0.2105751886833926,False
baja_cierre_4h,control_v4_63_moderado,0.45,578,-0.0027798395034289,-0.0019615860180929,0.5681457616578419,-0.8380426640143696,41.17647058823529,0.2231833910034602,0.2281181756111706,1.2833197447562892,0.2042047786274639,False
baja_cierre_4h,sgd_101_moderado,0.44,618,-0.0027804506031504,-0.0013218923375243,0.5684313690902867,-0.8530833807709959,41.262135922330096,0.2103559870550161,0.2134340416009038,1.2949335330643534,0.2126940115489044,False
baja_cierre_4h,histgb_101_moderado,0.17,241,-0.0027857304546081,-0.0013561993944458,0.4494285329862701,-0.7724336519055778,39.004149377593365,0.1137724550898203,0.2341322535886603,1.3128936430353293,0.1892485917740433,False
baja_cierre_4h,control_v4_63_moderado,0.66,279,-0.0027944978315485,-0.0019736419888213,0.6063965323635677,-0.576021274955181,40.86021505376344,0.2759856630824372,0.2281181756111706,1.2833197447562892,0.2789832065999746,False
baja_cierre_4h,control_v4_63_moderado,0.8,130,-0.0027964769526509,-0.0019126345976255,0.6840778587235221,-0.3588808021738199,42.30769230769231,0.3,0.2281181756111706,1.2833197447562892,0.1949769381045683,False
baja_cierre_4h,control_v4_63_moderado,0.46,559,-0.0027997851321822,-0.0023503747759386,0.5698830064837405,-0.8528925501920362,41.86046511627907,0.2307692307692307,0.2281181756111706,1.2833197447562892,0.2088422617697171,False
baja_cierre_4h,control_v4_63_moderado,0.54,436,-0.0028028214374508,-0.0022670817086473,0.6435091100206084,-0.7788658655355732,43.6,0.2591743119266055,0.2281181756111706,1.2833197447562892,0.1924536653930827,False
baja_cierre_4h,control_v4_63_moderado,0.85,100,-0.0028256023528321,-0.001906235538423,0.5769392558471138,-0.3451050254660311,41.46341463414634,0.2520325203252032,0.2281181756111706,1.2833197447562892,0.2079370331161751,False
baja_cierre_4h,histgb_101_moderado,0.53,274,-0.0028293826001869,-0.0023795268023386,0.6818061492018788,-0.6442802179039437,42.394822006472495,0.2700729927007299,0.2341322535886603,1.3128936430353293,0.2333839101209403,False
baja_cierre_4h,sgd_101_moderado,0.41,678,-0.0028341251512178,-0.0014930000868625,0.5497936160559409,-0.8702085615048232,40.70796460176992,0.1902654867256637,0.2134340416009038,1.2949335330643534,0.2189990167460767,False
baja_cierre_4h,histgb_101_moderado,0.51,336,-0.0028417806194008,-0.0015422475223895,0.6564259393687093,-0.73224360801114,46.35416666666667,0.2410714285714285,0.2341322535886603,1.3128936430353293,0.2220103453499197,False
baja_cierre_4h,control_v4_63_moderado,0.43,616,-0.0028469536708888,-0.0016658509373664,0.5450717639500293,-0.8408301146446474,40.58441558441558,0.2191558441558441,0.2281181756111706,1.2833197447562892,0.2120515251110585,False
baja_cierre_4h,control_v4_63_moderado,0.93,44,-0.0028523585839873,-0.0016985394866205,0.569474574700095,-0.1840785225353072,42.85714285714285,0.238095238095238,0.2281181756111706,1.2833197447562892,0.2891273694208195,False
baja_cierre_4h,sgd_101_moderado,0.46,563,-0.0028600952088544,-0.0011627425735932,0.5753540372147934,-0.826367522070867,42.80639431616341,0.2291296625222025,0.2134340416009038,1.2949335330643534,0.2351232459076218,False
baja_cierre_4h,control_v4_63_moderado,0.44,593,-0.0028788814183149,-0.0017903015939518,0.5440694375089457,-0.8355476711212522,40.472175379426645,0.2158516020236087,0.2281181756111706,1.2833197447562892,0.2132042618346744,False
baja_cierre_4h,sgd_63_sin_pesos,0.26,472,-0.0028809606096117,-0.0016732775364071,0.5781410540904623,-0.7717432954241435,43.50515463917526,0.2521186440677966,0.2210412569135555,1.2739325029706796,0.2344768209069723,False
baja_cierre_4h,sgd_101_moderado,0.89,51,-0.0028834998473511,-0.0026453300486318,0.5431981693465366,-0.2002281779160218,40.38461538461539,0.2307692307692307,0.2134340416009038,1.2949335330643534,0.2938574916734088,False
baja_cierre_4h,histgb_63_moderado,0.53,258,-0.0029093242068025,-0.0023325123582035,0.6190187955928337,-0.6142943262182681,43.09210526315789,0.2480620155038759,0.2352851491426881,1.3038575879510876,0.2514371343036773,False
baja_cierre_4h,sgd_101_moderado,0.9,43,-0.0029198019756665,-0.0031233614534139,0.5581431106813546,-0.1592132850838024,38.63636363636363,0.25,0.2134340416009038,1.2949335330643534,0.2007224583737175,False
baja_cierre_4h,sgd_101_moderado,0.72,183,-0.0029219454804686,-0.0023218784006312,0.6162522229514705,-0.4613102771153243,40.98360655737705,0.2677595628415301,0.2134340416009038,1.2949335330643534,0.2589121964095943,False
baja_cierre_4h,histgb_101_moderado,0.52,309,-0.0029367872871786,-0.0017874291914049,0.6560360146371447,-0.6945418337910007,45.11494252873563,0.2686084142394822,0.2341322535886603,1.3128936430353293,0.2201613332141126,False
baja_cierre_4h,control_v4_63_moderado,0.69,254,-0.0029465595038184,-0.0019759680833667,0.5872604671439928,-0.5540575029801454,40.55118110236221,0.2795275590551181,0.2281181756111706,1.2833197447562892,0.2553171926526351,False
baja_cierre_4h,histgb_63_moderado,0.51,309,-0.0029724597791993,-0.0020456795571371,0.5960799155977587,-0.7298199385485558,41.81818181818181,0.233009708737864,0.2352851491426881,1.3038575879510876,0.1986887452142925,False
baja_cierre_4h,histgb_63_moderado,0.52,280,-0.0029819237694848,-0.0021875868076458,0.6005473615799555,-0.6884112578416558,41.348973607038126,0.2428571428571428,0.2352851491426881,1.3038575879510876,0.2201803038395405,False
baja_cierre_4h,control_v4_63_moderado,0.81,127,-0.002985634020337,-0.0021182760354131,0.6573461488072184,-0.3697541085402478,41.66666666666667,0.2992125984251969,0.2281181756111706,1.2833197447562892,0.1901211429238092,False
baja_cierre_4h,sgd_101_moderado,0.75,158,-0.0029883776930662,-0.0022850377243012,0.6029020482453935,-0.4099574733079187,41.77215189873418,0.2658227848101265,0.2134340416009038,1.2949335330643534,0.3053644552287201,False
corto_tp070_sl035_240m,sgd_101_moderado,0.71,3,-0.0030040123102565,-0.0045000001080334,0.0,-0.0659438957881466,0.0,0.0,0.2406606673297599,1.1490856070573323,0.9986643735711128,False
baja_cierre_4h,sgd_63_sin_pesos,0.12,315,-0.0030510303317606,-0.0020071118595078,0.4217291829364936,-0.6295454027198816,32.06349206349206,0.0888888888888888,0.2210412569135555,1.2739325029706796,0.2147634257417234,False
baja_cierre_4h,control_v4_63_moderado,0.67,267,-0.0030560361310126,-0.0021453187325969,0.583349662201263,-0.5899366688437448,40.0749063670412,0.2734082397003745,0.2281181756111706,1.2833197447562892,0.2598581300694946,False
corto_tp070_sl035_240m,histgb_101_moderado,0.81,1,-0.003056156983599,-0.003056156983599,0.0,-0.0134393414461898,0.0,0.0,0.2686801098646919,1.1834678990494,1.0,False
corto_tp070_sl035_240m,histgb_101_moderado,0.83,1,-0.003056156983599,-0.003056156983599,0.0,-0.0134393414461899,0.0,0.0,0.2686801098646919,1.1834678990494,1.0,False
corto_tp070_sl035_240m,histgb_101_moderado,0.82,1,-0.003056156983599,-0.003056156983599,0.0,-0.0136204393097554,0.0,0.0,0.2686801098646919,1.1834678990494,1.0,False
corto_tp070_sl035_240m,histgb_101_moderado,0.8,1,-0.003056156983599,-0.003056156983599,0.0,-0.0147517942982189,0.0,0.0,0.2686801098646919,1.1834678990494,1.0,False
corto_tp070_sl035_240m,histgb_101_moderado,0.79,1,-0.003056156983599,-0.003056156983599,0.0,-0.0191854113303167,0.0,0.0,0.2686801098646919,1.1834678990494,1.0,False
baja_cierre_4h,histgb_101_moderado,0.63,64,-0.0030667524234973,-0.0004769194745458,0.6207380381969795,-0.2909879788624518,48.91304347826087,0.28125,0.2341322535886603,1.3128936430353293,0.3380048272214838,False
baja_cierre_4h,histgb_63_moderado,0.54,239,-0.0030728072615619,-0.0023250372139737,0.5975742991471612,-0.5906897051395124,42.85714285714285,0.2384937238493724,0.2352851491426881,1.3038575879510876,0.2441739873332931,False
baja_cierre_4h,control_v4_63_moderado,0.68,258,-0.0031004931324301,-0.0020344125912524,0.5732904292771124,-0.5736316659315813,40.310077519379846,0.2751937984496124,0.2281181756111706,1.2833197447562892,0.2440809059845191,False
baja_cierre_4h,sgd_63_sin_pesos,0.27,399,-0.0031010461451147,-0.0010523354319739,0.5696492646316742,-0.7373953067002532,44.86215538847117,0.2431077694235588,0.2210412569135555,1.2739325029706796,0.2353762430295983,False
baja_cierre_4h,control_v4_63_moderado,0.7,243,-0.0031225651786385,-0.0022351864716038,0.5732045893581157,-0.5514642035627024,39.09465020576132,0.2757201646090535,0.2281181756111706,1.2833197447562892,0.2624787469902953,False
baja_cierre_4h,histgb_101_moderado,0.64,56,-0.0031335820541984,0.0014527283385396,0.6337222925771531,-0.2564488301047916,54.054054054054056,0.3035714285714285,0.2341322535886603,1.3128936430353293,0.3118714537708149,False
baja_cierre_4h,histgb_101_moderado,0.58,147,-0.0031553386616527,9.159527346491812e-05,0.6026511473721545,-0.4577775651261192,50.34013605442177,0.2823529411764706,0.2341322535886603,1.3128936430353293,0.2896344342939499,False
baja_cierre_4h,histgb_63_moderado,0.59,132,-0.0031980317251291,-0.0007859913637512,0.5729429291817659,-0.4069435734015613,46.57534246575342,0.2397260273972602,0.2352851491426881,1.3038575879510876,0.3915470096092814,False
baja_cierre_4h,sgd_101_moderado,0.7,200,-0.0032126026302521,-0.0032710795747116,0.573232965464492,-0.4886260631675959,37.5,0.25,0.2134340416009038,1.2949335330643534,0.2554553202020268,False
baja_cierre_4h,sgd_63_sin_pesos,0.31,180,-0.0032899273927679,-0.0010202444994101,0.6120254643106208,-0.5219137923521887,46.45390070921986,0.2666666666666666,0.2210412569135555,1.2739325029706796,0.1891994709907936,False
baja_cierre_4h,histgb_63_moderado,0.66,35,-0.003290936810767,9.555828385055064e-05,0.6025887979126049,-0.2254797572896436,50.76923076923077,0.2307692307692307,0.2352851491426881,1.3038575879510876,0.3249756488767798,False
baja_cierre_4h,sgd_101_moderado,0.76,150,-0.0033594879467297,-0.0023393083354458,0.5709857032031547,-0.4231913399224681,41.333333333333336,0.2466666666666666,0.2134340416009038,1.2949335330643534,0.2559164282628154,False
baja_cierre_4h,control_v4_63_moderado,0.09,2,-0.0034024971450368,-0.0025252880984917,0.0,-0.0045598711763338,0.0,0.0,0.2281181756111706,1.2833197447562892,0.9954282528924168,False
corto_tp070_sl035_240m,control_v4_63_moderado,0.08,6,-0.0034237667800792,-0.0045000001080334,0.0,-0.0233778637153677,0.0,0.0,0.2534349875428584,1.1928374949472378,0.4983740141141539,False
baja_cierre_4h,sgd_101_moderado,0.94,20,-0.0034586981691589,-0.0036009889552369,0.3760801672880849,-0.097289679159538,31.818181818181817,0.1818181818181818,0.2134340416009038,1.2949335330643534,0.2844648612215716,False
baja_cierre_4h,sgd_101_moderado,0.93,24,-0.0034599838555635,-0.0036009889552369,0.3925029234682799,-0.1238765241570022,33.33333333333333,0.2083333333333333,0.2134340416009038,1.2949335330643534,0.275844908899877,False
baja_cierre_4h,sgd_101_moderado,0.87,63,-0.0034849473603983,-0.0030554736256599,0.5059536563422781,-0.2371998088635469,38.46153846153847,0.2461538461538461,0.2134340416009038,1.2949335330643534,0.2912524296921085,False
baja_cierre_4h,histgb_63_moderado,0.57,181,-0.0035345141502776,-0.0018402469102293,0.5554494807458868,-0.4977963013482749,44.19889502762431,0.2541436464088398,0.2352851491426881,1.3038575879510876,0.2557324158867056,False
baja_cierre_4h,control_v4_63_moderado,0.86,96,-0.0035729353461594,-0.0020707110050134,0.4789969813099173,-0.3480569523046724,40.0,0.2454545454545454,0.2281181756111706,1.2833197447562892,0.2228175557588192,False
baja_cierre_4h,sgd_63_sin_pesos,0.11,234,-0.0035797439722628,-0.0018577143016736,0.3556303635006667,-0.5783121836166432,31.62393162393162,0.094017094017094,0.2210412569135555,1.2739325029706796,0.2472547013749927,False
baja_cierre_4h,histgb_63_moderado,0.55,219,-0.0036013577092076,-0.0023385491911321,0.5652052512979554,-0.5776013855219547,42.01680672268908,0.2420091324200913,0.2352851491426881,1.3038575879510876,0.2161846111776678,False
baja_cierre_4h,sgd_101_moderado,0.8,106,-0.0036356828825984,-0.0027184984753839,0.5307595997825519,-0.3265256943625821,38.67924528301887,0.2264150943396226,0.2134340416009038,1.2949335330643534,0.2483557312687624,False
baja_cierre_4h,sgd_101_moderado,0.86,68,-0.0036616773391449,-0.0032004238562658,0.4835885167942901,-0.2562774557704824,37.5,0.2361111111111111,0.2134340416009038,1.2949335330643534,0.2606409858050487,False
baja_cierre_4h,control_v4_63_moderado,0.87,85,-0.0036635080117211,-0.001906235538423,0.473086599354011,-0.3398820327129155,40.0,0.2571428571428571,0.2281181756111706,1.2833197447562892,0.2385414777511149,False
baja_cierre_4h,sgd_101_moderado,0.13,90,-0.003687574252276,-0.0022314816704019,0.3030893654303218,-0.3243001220414291,27.77777777777778,0.0555555555555555,0.2134340416009038,1.2949335330643534,0.1885677482737522,False
baja_cierre_4h,sgd_63_sin_pesos,0.32,146,-0.0036919614084201,-0.0017808091759216,0.5689270821123356,-0.5847551515781121,44.52054794520548,0.2054794520547945,0.2210412569135555,1.2739325029706796,0.1885187303531827,False
baja_cierre_4h,sgd_101_moderado,0.82,90,-0.0036948596468274,-0.002391903613694,0.492789819205892,-0.2694090021185273,38.88888888888889,0.2333333333333333,0.2134340416009038,1.2949335330643534,0.2201420286160045,False
baja_cierre_4h,sgd_63_sin_pesos,0.34,114,-0.0037657508290152,-0.0018627031347714,0.5874163122528895,-0.5515594753723749,43.85964912280701,0.2456140350877192,0.2210412569135555,1.2739325029706796,0.1757022696173169,False
baja_cierre_4h,histgb_101_moderado,0.75,4,-0.0038118167538195,-0.0078360795266926,0.6365457805885106,-0.0333336087167263,25.0,0.0,0.2341322535886603,1.3128936430353293,1.0,False
baja_cierre_4h,sgd_63_sin_pesos,0.1,156,-0.003820702459128,-0.0023226372539065,0.3392303608719139,-0.4617131049021549,32.69230769230769,0.1025641025641025,0.2210412569135555,1.2739325029706796,0.2935350179408469,False
baja_cierre_4h,histgb_63_moderado,0.56,199,-0.0038254843810421,-0.0020678827529773,0.5393562961512652,-0.5614378188011491,44.221105527638194,0.236180904522613,0.2352851491426881,1.3038575879510876,0.2802786666941962,False
baja_cierre_4h,sgd_101_moderado,0.85,75,-0.0038363594915151,-0.0032004238562658,0.4646394237928379,-0.269844574541537,36.84210526315789,0.2368421052631578,0.2134340416009038,1.2949335330643534,0.2392918119655991,False
baja_cierre_4h,sgd_63_sin_pesos,0.42,43,-0.0038545123889155,-0.0049225223008543,0.6258413480804085,-0.2620121615613755,36.48648648648648,0.3243243243243243,0.2210412569135555,1.2739325029706796,0.4271437488415217,False
baja_cierre_4h,histgb_63_moderado,0.6,108,-0.0038942234735843,-0.0015580796860158,0.5044113611018087,-0.4251842492855987,44.11764705882353,0.213235294117647,0.2352851491426881,1.3038575879510876,0.2462905638363207,False
baja_cierre_4h,control_v4_63_moderado,0.9,72,-0.0038951678576215,-0.0023060925994068,0.4491362136340224,-0.313993653190404,38.63636363636363,0.2386363636363636,0.2281181756111706,1.2833197447562892,0.2654032183245259,False
baja_cierre_4h,histgb_63_moderado,0.65,43,-0.0039209459940107,-0.001198998270207,0.5637638616993251,-0.2695804918481598,46.51162790697674,0.2328767123287671,0.2352851491426881,1.3038575879510876,0.2600174620522276,False
baja_cierre_4h,sgd_101_moderado,0.91,36,-0.0039226184576853,-0.0036009889552369,0.4405770804348199,-0.1532488966210192,38.88888888888889,0.2777777777777778,0.2134340416009038,1.2949335330643534,0.2150157595052215,False
baja_cierre_4h,sgd_63_sin_pesos,0.33,124,-0.00392611354087,-0.0025805929433554,0.6055908441559674,-0.6131077474113071,42.74193548387097,0.2338709677419354,0.2210412569135555,1.2739325029706796,0.1539075888143239,False
baja_cierre_4h,histgb_63_moderado,0.72,13,-0.0039530930825365,0.0003434443389996,0.4492489694826317,-0.0822917443455124,53.84615384615385,0.2222222222222222,0.2352851491426881,1.3038575879510876,0.3912281152054632,False
baja_cierre_4h,sgd_101_moderado,0.79,117,-0.0039552805210389,-0.0031912492811679,0.5041882872812115,-0.3917417645174097,37.60683760683761,0.2222222222222222,0.2134340416009038,1.2949335330643534,0.2150787326039512,False
baja_cierre_4h,control_v4_63_moderado,0.88,81,-0.0039962066355801,-0.0023060925994068,0.4428717326128285,-0.3385498616271728,39.0,0.24,0.2281181756111706,1.2833197447562892,0.2299563077297155,False
baja_cierre_4h,sgd_101_moderado,0.83,79,-0.0040288350006207,-0.0030554736256599,0.4494730625256111,-0.2580057190409134,36.70886075949368,0.2278481012658227,0.2134340416009038,1.2949335330643534,0.2721681124854984,False
baja_cierre_4h,histgb_63_moderado,0.63,68,-0.0040528880648173,-0.0027596302786841,0.5432707967342232,-0.333220066314998,45.65217391304348,0.25,0.2352851491426881,1.3038575879510876,0.217192087842596,False
baja_cierre_4h,sgd_63_sin_pesos,0.43,40,-0.0040585150779511,-0.005343596054241,0.6186627227710069,-0.2588541182447421,37.096774193548384,0.325,0.2210412569135555,1.2739325029706796,0.2605987082099782,False
baja_cierre_4h,histgb_63_moderado,0.64,57,-0.0041177235974333,-0.0024921310357749,0.5529847692915435,-0.2944381074157195,44.303797468354425,0.2531645569620253,0.2352851491426881,1.3038575879510876,0.2317061150796218,False
baja_cierre_4h,sgd_63_sin_pesos,0.45,31,-0.0041375949632653,-0.0022321522226557,0.5438470627422662,-0.1984509377233128,45.16129032258064,0.2903225806451613,0.2210412569135555,1.2739325029706796,0.2547883156758802,False
baja_cierre_4h,histgb_63_moderado,0.58,155,-0.0041420664741833,-0.0018725969237275,0.4934615580664246,-0.5169297145926082,45.1219512195122,0.2317073170731707,0.2352851491426881,1.3038575879510876,0.2800018576837703,False
baja_cierre_4h,histgb_63_moderado,0.69,25,-0.004144270838415,0.0002726901331916,0.5200281667845587,-0.1988267384960321,52.0,0.2857142857142857,0.2352851491426881,1.3038575879510876,0.3093340094715783,False
baja_cierre_4h,sgd_101_moderado,0.77,135,-0.0041813552335397,-0.0023769987272098,0.4906913417550401,-0.4518038682383207,39.25925925925926,0.2222222222222222,0.2134340416009038,1.2949335330643534,0.2893201288985693,False
baja_cierre_4h,control_v4_63_moderado,0.89,75,-0.0041866591889411,-0.0024714726712554,0.4394706694302751,-0.3344660750980005,38.297872340425535,0.2340425531914893,0.2281181756111706,1.2833197447562892,0.2340400724169857,False
baja_cierre_4h,control_v4_63_moderado,0.08,1,-0.0041894343555904,-0.0041894343555904,0.0,-0.0027363993683829,0.0,0.0,0.2281181756111706,1.2833197447562892,1.0,False
baja_cierre_4h,sgd_101_moderado,0.81,97,-0.0042211300826695,-0.0024068085001781,0.4391329553238236,-0.3178907835525347,38.144329896907216,0.2164948453608247,0.2134340416009038,1.2949335330643534,0.2109333561358153,False
baja_cierre_4h,histgb_63_moderado,0.67,30,-0.0042726275454411,-0.000583229116979,0.5107076402272012,-0.2439513144799137,48.14814814814815,0.1851851851851851,0.2352851491426881,1.3038575879510876,0.2253417123946372,False
baja_cierre_4h,control_v4_63_moderado,0.91,60,-0.0042887017872781,-0.0023060925994068,0.4290861628912079,-0.3140915624981696,40.0,0.2375,0.2281181756111706,1.2833197447562892,0.2793063686157143,False
baja_cierre_4h,sgd_63_sin_pesos,0.44,34,-0.0043252242849104,-0.0049707385003566,0.6137623055473486,-0.2216924805325908,47.05882352941176,0.2941176470588235,0.2210412569135555,1.2739325029706796,0.241701988195917,False
baja_cierre_4h,sgd_101_moderado,0.11,46,-0.0043431532269985,-0.0018510506013408,0.1465702231701395,-0.2275733404517745,19.565217391304348,0.0,0.2134340416009038,1.2949335330643534,0.3216223729717298,False
baja_cierre_4h,sgd_101_moderado,0.12,64,-0.0043770624048656,-0.0024277292066253,0.218513645573953,-0.2480224785713765,23.4375,0.0625,0.2134340416009038,1.2949335330643534,0.2386762848830433,False
baja_cierre_4h,histgb_63_moderado,0.62,76,-0.0043903433099939,-0.002495586708188,0.4944032596629765,-0.3970278777406967,44.54545454545455,0.2181818181818181,0.2352851491426881,1.3038575879510876,0.241324968719765,False
baja_cierre_4h,sgd_101_moderado,0.84,78,-0.0044185228661534,-0.0032004238562658,0.4167275403356633,-0.2773207006393891,34.61538461538461,0.2179487179487179,0.2134340416009038,1.2949335330643534,0.3082768254799528,False
baja_cierre_4h,sgd_63_sin_pesos,0.35,102,-0.0044549628761,-0.0034353561457246,0.6003684096611834,-0.5211031220882726,42.038216560509554,0.2647058823529412,0.2210412569135555,1.2739325029706796,0.2078118626233086,False
baja_cierre_4h,sgd_101_moderado,0.78,125,-0.0044939894941198,-0.0030554736256599,0.477706904486143,-0.4580988432620307,37.6,0.216,0.2134340416009038,1.2949335330643534,0.3006435525026525,False
corto_tp070_sl035_240m,control_v4_63_moderado,0.87,1,-0.0045000001080334,-0.0045000001080334,0.0,0.0,0.0,0.0,0.2534349875428584,1.1928374949472378,1.0,False
corto_tp070_sl035_240m,control_v4_63_moderado,0.88,1,-0.0045000001080334,-0.0045000001080334,0.0,0.0,0.0,0.0,0.2534349875428584,1.1928374949472378,1.0,False
corto_tp070_sl035_240m,control_v4_63_moderado,0.89,1,-0.0045000001080334,-0.0045000001080334,0.0,0.0,0.0,0.0,0.2534349875428584,1.1928374949472378,1.0,False
corto_tp070_sl035_240m,control_v4_63_moderado,0.9,0,-0.0045000001080334,-0.0045000001080334,0.0,0.0,0.0,0.0,0.2534349875428584,1.1928374949472378,1.0,False
corto_tp070_sl035_240m,control_v4_63_moderado,0.91,0,-0.0045000001080334,-0.0045000001080334,0.0,0.0,0.0,0.0,0.2534349875428584,1.1928374949472378,1.0,False
corto_tp070_sl035_240m,sgd_101_moderado,0.94,0,-0.0045000001080334,-0.0045000001080334,0.0,0.0,0.0,0.0,0.2406606673297599,1.1490856070573323,1.0,False
corto_tp070_sl035_240m,sgd_101_moderado,0.95,0,-0.0045000001080334,-0.0045000001080334,0.0,0.0,0.0,0.0,0.2406606673297599,1.1490856070573323,1.0,False
corto_tp070_sl035_240m,sgd_63_sin_pesos,0.88,0,-0.0045000001080334,-0.0045000001080334,0.0,0.0,0.0,0.0,0.2349982432323634,1.1220491573392843,1.0,False
corto_tp070_sl035_240m,sgd_63_sin_pesos,0.89,0,-0.0045000001080334,-0.0045000001080334,0.0,0.0,0.0,0.0,0.2349982432323634,1.1220491573392843,1.0,False
corto_tp070_sl035_240m,sgd_63_sin_pesos,0.9,0,-0.0045000001080334,-0.0045000001080334,0.0,0.0,0.0,0.0,0.2349982432323634,1.1220491573392843,1.0,False
corto_tp070_sl035_240m,sgd_63_sin_pesos,0.91,0,-0.0045000001080334,-0.0045000001080334,0.0,0.0,0.0,0.0,0.2349982432323634,1.1220491573392843,1.0,False
corto_tp070_sl035_240m,control_v4_63_moderado,0.05,1,-0.0045000001080334,-0.0045000001080334,0.0,-0.0045000001080334,0.0,0.0,0.2534349875428584,1.1928374949472378,1.0,False
corto_tp070_sl035_240m,sgd_101_moderado,0.93,0,-0.0045000001080334,-0.0045000001080334,0.0,-0.0045000001080334,0.0,0.0,0.2406606673297599,1.1490856070573323,1.0,False
corto_tp070_sl035_240m,sgd_63_sin_pesos,0.87,0,-0.0045000001080334,-0.0045000001080334,0.0,-0.0089797502150945,0.0,0.0,0.2349982432323634,1.1220491573392843,1.0,False
corto_tp070_sl035_240m,control_v4_63_moderado,0.85,1,-0.0045000001080334,-0.0045000001080334,0.0,-0.0089797502150946,0.0,0.0,0.2534349875428584,1.1928374949472378,1.0,False
corto_tp070_sl035_240m,histgb_101_moderado,0.84,1,-0.0045000001080334,-0.0045000001080334,0.0,-0.0110605545844379,0.0,0.0,0.2686801098646919,1.1834678990494,1.0,False
corto_tp070_sl035_240m,control_v4_63_moderado,0.86,1,-0.0045000001080334,-0.0045000001080334,0.0,-0.01343934144619,0.0,0.0,0.2534349875428584,1.1928374949472378,1.0,False
corto_tp070_sl035_240m,control_v4_63_moderado,0.84,1,-0.0045000001080334,-0.0045000001080334,0.0,-0.0164321999791854,0.0,0.0,0.2534349875428584,1.1928374949472378,1.0,False
corto_tp070_sl035_240m,control_v4_63_moderado,0.79,1,-0.0045000001080334,-0.0045000001080334,0.0,-0.0252643931429825,0.0,0.0,0.2534349875428584,1.1928374949472378,1.0,False
corto_tp070_sl035_240m,control_v4_63_moderado,0.8,1,-0.0045000001080334,-0.0045000001080334,0.0,-0.02822137886211,0.0,0.0,0.2534349875428584,1.1928374949472378,1.0,False
corto_tp070_sl035_240m,control_v4_63_moderado,0.83,1,-0.0045000001080334,-0.0045000001080334,0.0,-0.02822137886211,0.0,0.0,0.2534349875428584,1.1928374949472378,1.0,False
corto_tp070_sl035_240m,control_v4_63_moderado,0.82,1,-0.0045000001080334,-0.0045000001080334,0.0,-0.0296507034791432,0.0,0.0,0.2534349875428584,1.1928374949472378,1.0,False
corto_tp070_sl035_240m,control_v4_63_moderado,0.78,1,-0.0045000001080334,-0.0045000001080334,0.0,-0.0354380752361362,0.0,0.0,0.2534349875428584,1.1928374949472378,1.0,False
corto_tp070_sl035_240m,control_v4_63_moderado,0.77,1,-0.0045000001080334,-0.0045000001080334,0.0,-0.0470869975408226,0.0,0.0,0.2534349875428584,1.1928374949472378,1.0,False
corto_tp070_sl035_240m,control_v4_63_moderado,0.81,1,-0.0045000001080334,-0.0045000001080334,0.0,-0.0541659895924626,0.0,0.0,0.2534349875428584,1.1928374949472378,1.0,False
baja_cierre_4h,sgd_101_moderado,0.92,27,-0.0045158975860448,-0.0040107286293059,0.3247869493457821,-0.1362468681035572,33.33333333333333,0.2222222222222222,0.2134340416009038,1.2949335330643534,0.2728756245809089,False
baja_cierre_4h,sgd_63_sin_pesos,0.36,87,-0.0045682257521831,-0.0045678307758644,0.5832794001324701,-0.4834202369866843,43.47826086956522,0.2528735632183908,0.2210412569135555,1.2739325029706796,0.3291737286578626,False
baja_cierre_4h,sgd_63_sin_pesos,0.37,75,-0.0046792818481712,-0.004342090640217,0.5778829599370916,-0.4557772732545474,42.85714285714285,0.2266666666666666,0.2210412569135555,1.2739325029706796,0.3965025818226466,False
baja_cierre_4h,sgd_63_sin_pesos,0.38,64,-0.0046863122364033,-0.0046566361086443,0.5871439238290788,-0.4169920669131708,42.30769230769231,0.265625,0.2210412569135555,1.2739325029706796,0.4306492292067103,False
baja_cierre_4h,histgb_101_moderado,0.65,45,-0.0047047843706805,0.0006593631589785,0.5165575269852946,-0.2710821845139149,50.84745762711864,0.3220338983050847,0.2341322535886603,1.3128936430353293,0.2866423039407339,False
baja_cierre_4h,control_v4_63_moderado,0.92,51,-0.0047931460404227,-0.0029762227893806,0.3980211920428089,-0.308514884324955,39.18918918918919,0.2297297297297297,0.2281181756111706,1.2833197447562892,0.287596611289469,False
baja_cierre_4h,sgd_63_sin_pesos,0.39,59,-0.0048206632685927,-0.0052442390695214,0.5829501372798985,-0.3765188011918282,43.01075268817204,0.2542372881355932,0.2210412569135555,1.2739325029706796,0.3971785047671335,False
baja_cierre_4h,histgb_63_moderado,0.61,92,-0.0050209130072374,-0.0027285956419073,0.4438315678243699,-0.4659210459190523,42.5,0.2,0.2352851491426881,1.3038575879510876,0.2663918202811583,False
baja_cierre_4h,sgd_63_sin_pesos,0.51,18,-0.0051229447211932,-0.0063894389420747,0.5856892398155192,-0.1627237567435467,38.88888888888889,0.2222222222222222,0.2210412569135555,1.2739325029706796,0.3363370843675786,False
baja_cierre_4h,histgb_63_moderado,0.68,29,-0.0051269173262359,-0.0006144488686695,0.4558587394798915,-0.2559740191590431,48.27586206896552,0.1555555555555555,0.2352851491426881,1.3038575879510876,0.2777044689399786,False
baja_cierre_4h,sgd_101_moderado,0.95,17,-0.0051612365269376,-0.0040107286293059,0.1444947128631263,-0.097896960686642,29.411764705882355,0.1176470588235294,0.2134340416009038,1.2949335330643534,0.2754615546892988,False
baja_cierre_4h,sgd_63_sin_pesos,0.5,20,-0.0052944017165739,-0.0049672863204032,0.5569468989329449,-0.1709433462807005,40.0,0.2,0.2210412569135555,1.2739325029706796,0.3232752350264713,False
baja_cierre_4h,sgd_63_sin_pesos,0.08,61,-0.0052972814562456,-0.0024487245352938,0.2104417830168153,-0.2923206896232988,26.229508196721312,0.0634920634920634,0.2210412569135555,1.2739325029706796,0.3894383443865281,False
baja_cierre_4h,sgd_63_sin_pesos,0.4,50,-0.0053286267866599,-0.0054938335195183,0.5445025222518519,-0.3779456109634815,38.82352941176471,0.28,0.2210412569135555,1.2739325029706796,0.3367258235552596,False
baja_cierre_4h,sgd_63_sin_pesos,0.41,43,-0.0055368401838623,-0.0061763379015028,0.5412368757154377,-0.3857835682467695,38.55421686746988,0.3373493975903614,0.2210412569135555,1.2739325029706796,0.4548955249913635,False
baja_cierre_4h,sgd_63_sin_pesos,0.09,94,-0.005607246870606,-0.0023780003646388,0.1915003563505055,-0.4180611352651686,30.85106382978724,0.0957446808510638,0.2210412569135555,1.2739325029706796,0.2728846720643523,False
baja_cierre_4h,control_v4_63_moderado,0.05,1,-0.0056424693427979,-0.0056424693427979,0.0,0.0,0.0,0.0,0.2281181756111706,1.2833197447562892,1.0,False
baja_cierre_4h,control_v4_63_moderado,0.06,1,-0.0056424693427979,-0.0056424693427979,0.0,0.0,0.0,0.0,0.2281181756111706,1.2833197447562892,1.0,False
baja_cierre_4h,control_v4_63_moderado,0.07,1,-0.0056424693427979,-0.0056424693427979,0.0,0.0,0.0,0.0,0.2281181756111706,1.2833197447562892,1.0,False
baja_cierre_4h,histgb_101_moderado,0.72,14,-0.0061420525082253,0.0016657875860109,0.4387792165587304,-0.1048600192849341,57.14285714285714,0.3571428571428571,0.2341322535886603,1.3128936430353293,0.3988024011634863,False
baja_cierre_4h,histgb_63_moderado,0.73,8,-0.0061592621603049,7.045518234372137e-05,0.2714938199993977,-0.0709878154608072,50.0,0.125,0.2352851491426881,1.3038575879510876,0.581592983541146,False
baja_cierre_4h,sgd_63_sin_pesos,0.52,18,-0.0062157060405158,-0.0102763388529419,0.5454087555630244,-0.1648520578373392,38.88888888888889,0.2222222222222222,0.2210412569135555,1.2739325029706796,0.30433358144009,False
baja_cierre_4h,histgb_101_moderado,0.69,25,-0.0062620698820101,-0.0035667359586805,0.400535508912162,-0.1511193216695909,44.0,0.16,0.2341322535886603,1.3128936430353293,0.2417586587371308,False
baja_cierre_4h,sgd_101_moderado,0.1,25,-0.0062640132704982,-0.0025055089024826,0.1267069556716582,-0.1818648443609922,16.0,0.0,0.2134340416009038,1.2949335330643534,0.3359303825005307,False
baja_cierre_4h,sgd_63_sin_pesos,0.47,24,-0.0062652153718684,-0.0059950522370636,0.5301805917654193,-0.208621530669305,41.66666666666667,0.2083333333333333,0.2210412569135555,1.2739325029706796,0.2228563967514018,False
baja_cierre_4h,sgd_63_sin_pesos,0.46,26,-0.0062832001159471,-0.0057550685703754,0.5211197390883622,-0.2120824713252864,43.24324324324324,0.1923076923076923,0.2210412569135555,1.2739325029706796,0.2420779692217552,False
baja_cierre_4h,histgb_101_moderado,0.67,33,-0.0062918511635919,-0.0027074265051633,0.4201620160879318,-0.2367347860592304,48.78048780487805,0.3170731707317073,0.2341322535886603,1.3128936430353293,0.2755810474221579,False
baja_cierre_4h,histgb_101_moderado,0.68,30,-0.0063140194359002,-0.0030276863360777,0.4676610727594844,-0.1960275248615919,46.875,0.28125,0.2341322535886603,1.3128936430353293,0.2364113479770334,False
baja_cierre_4h,sgd_63_sin_pesos,0.48,23,-0.0064312864967593,-0.0059950522370636,0.5203965706235366,-0.2095349810608308,43.47826086956522,0.217391304347826,0.2210412569135555,1.2739325029706796,0.2289520072442877,False
baja_cierre_4h,histgb_101_moderado,0.66,39,-0.0065357684361705,-0.0010898622674867,0.380801177276945,-0.2950699792739849,46.93877551020408,0.2448979591836734,0.2341322535886603,1.3128936430353293,0.3078522090360691,False
baja_cierre_4h,sgd_63_sin_pesos,0.07,33,-0.0070189983398802,-0.0030544463768601,0.1078035281001777,-0.2141644218845584,18.181818181818183,0.0,0.2210412569135555,1.2739325029706796,0.2609939214987168,False
baja_cierre_4h,sgd_63_sin_pesos,0.53,16,-0.0070383330675817,-0.0109081760272383,0.515121183562557,-0.1747862551571354,37.5,0.1875,0.2210412569135555,1.2739325029706796,0.3111990954818848,False
baja_cierre_4h,histgb_101_moderado,0.71,15,-0.0070409375932067,0.001461762400344,0.3970752375263167,-0.1148081925649893,53.333333333333336,0.3333333333333333,0.2341322535886603,1.3128936430353293,0.3796867769059021,False
baja_cierre_4h,sgd_63_sin_pesos,0.49,20,-0.0076334430714426,-0.0059950522370636,0.4282757009727821,-0.2008669991746626,35.0,0.2,0.2210412569135555,1.2739325029706796,0.2994994685106504,False
baja_cierre_4h,sgd_63_sin_pesos,0.56,14,-0.0082146675342486,-0.0161288243941962,0.4166206414941494,-0.1531978386757444,35.714285714285715,0.1428571428571428,0.2210412569135555,1.2739325029706796,0.2755732258373351,False
baja_cierre_4h,sgd_63_sin_pesos,0.79,1,-0.0083248166590929,-0.0083248166590929,0.0,0.0,0.0,0.0,0.2210412569135555,1.2739325029706796,1.0,False
baja_cierre_4h,sgd_63_sin_pesos,0.8,1,-0.0083248166590929,-0.0083248166590929,0.0,0.0,0.0,0.0,0.2210412569135555,1.2739325029706796,1.0,False
baja_cierre_4h,sgd_63_sin_pesos,0.81,1,-0.0083248166590929,-0.0083248166590929,0.0,0.0,0.0,0.0,0.2210412569135555,1.2739325029706796,1.0,False
baja_cierre_4h,sgd_63_sin_pesos,0.78,1,-0.0083248166590929,-0.0083248166590929,0.0,-0.0192587243616582,0.0,0.0,0.2210412569135555,1.2739325029706796,1.0,False
baja_cierre_4h,sgd_63_sin_pesos,0.77,1,-0.0083248166590929,-0.0127580324877053,0.0,-0.0226908417642116,0.0,0.0,0.2210412569135555,1.2739325029706796,1.0,False
baja_cierre_4h,sgd_63_sin_pesos,0.75,1,-0.0083248166590929,-0.0152706038895994,0.0,-0.027419335976243,0.0,0.0,0.2210412569135555,1.2739325029706796,1.0,False
baja_cierre_4h,sgd_63_sin_pesos,0.76,1,-0.0083248166590929,-0.013221103766933,0.0,-0.027419335976243,0.0,0.0,0.2210412569135555,1.2739325029706796,1.0,False
baja_cierre_4h,sgd_63_sin_pesos,0.55,14,-0.00861477825673,-0.0149497043564915,0.3821782904656502,-0.1642547781167485,35.714285714285715,0.1428571428571428,0.2210412569135555,1.2739325029706796,0.2925000817793664,False
baja_cierre_4h,sgd_63_sin_pesos,0.6,8,-0.0086623718584111,-0.0117449921779334,0.1270178928388827,-0.1023255960454985,25.0,0.0,0.2210412569135555,1.2739325029706796,0.5227060626876273,False
baja_cierre_4h,sgd_63_sin_pesos,0.06,18,-0.0087363637990654,-0.0043068483462557,0.0899120449989611,-0.1468138736919069,22.22222222222222,0.0,0.2210412569135555,1.2739325029706796,0.3417492066812939,False
baja_cierre_4h,sgd_63_sin_pesos,0.64,8,-0.0087746762544848,-0.0076756706219166,0.13836627906926,-0.0802984189903954,25.0,0.0,0.2210412569135555,1.2739325029706796,0.5866014013360715,False
baja_cierre_4h,sgd_63_sin_pesos,0.73,2,-0.0088194602392613,-0.0088194602392613,0.0,-0.0406161675453186,0.0,0.0,0.2210412569135555,1.2739325029706796,0.5280427354253774,False
baja_cierre_4h,sgd_63_sin_pesos,0.72,2,-0.0088194602392613,-0.0103372231349349,0.0,-0.0456262247860431,0.0,0.0,0.2210412569135555,1.2739325029706796,0.5280427354253774,False
baja_cierre_4h,histgb_63_moderado,0.71,16,-0.0089433272621827,2.0708208670839647e-05,0.2374926659035217,-0.1570214863338225,50.0,0.25,0.2352851491426881,1.3038575879510876,0.31072029863881,False
baja_cierre_4h,histgb_63_moderado,0.7,22,-0.0090428630178423,-0.001552523015358,0.1873000684065483,-0.2034901323696396,40.909090909090914,0.2272727272727272,0.2352851491426881,1.3038575879510876,0.3834050670468285,False
baja_cierre_4h,sgd_63_sin_pesos,0.65,8,-0.009422930346569,-0.0063902955260127,0.3216075784739001,-0.0802984189903954,37.5,0.125,0.2210412569135555,1.2739325029706796,0.5635018625422238,False
baja_cierre_4h,sgd_63_sin_pesos,0.63,8,-0.0094535611676983,-0.0073065029680728,0.1399137542571497,-0.0802984189903954,25.0,0.0,0.2210412569135555,1.2739325029706796,0.5844083108989115,False
baja_cierre_4h,sgd_63_sin_pesos,0.62,8,-0.009686763831065,-0.0077264228127896,0.1260699195861556,-0.0802984189903954,25.0,0.0,0.2210412569135555,1.2739325029706796,0.5703689508972856,False
baja_cierre_4h,histgb_101_moderado,0.7,18,-0.0096980655453064,-0.005104416933842,0.2744776537726495,-0.1609370722881095,38.88888888888889,0.2222222222222222,0.2341322535886603,1.3128936430353293,0.2593148079393085,False
baja_cierre_4h,sgd_63_sin_pesos,0.61,8,-0.0100718746521613,-0.0103372231349349,0.1260699195861556,-0.0896462235230703,25.0,0.0,0.2210412569135555,1.2739325029706796,0.5182421876384253,False
baja_cierre_4h,sgd_63_sin_pesos,0.74,2,-0.0102484211781993,-0.0156094758529216,0.0,-0.0406161675453186,0.0,0.0,0.2210412569135555,1.2739325029706796,0.6089135745413511,False
baja_cierre_4h,sgd_101_moderado,0.09,15,-0.0102957992106676,-0.0053431813828647,0.0916447831313182,-0.1407550616502513,20.0,0.0454545454545454,0.2134340416009038,1.2949335330643534,0.4012503092578857,False
baja_cierre_4h,sgd_63_sin_pesos,0.05,6,-0.0104343634322285,-0.0084074929580092,0.0219026860226972,-0.1000410742806909,20.0,0.0,0.2210412569135555,1.2739325029706796,0.6572033598992233,False
baja_cierre_4h,sgd_63_sin_pesos,0.58,10,-0.0104650666695088,-0.0077264228127896,0.0811044637923439,-0.1159334929459184,20.0,0.0,0.2210412569135555,1.2739325029706796,0.3529971986794586,False
baja_cierre_4h,sgd_63_sin_pesos,0.68,5,-0.0106253532916307,-0.0103372231349349,0.1913784156964904,-0.0456262247860431,33.33333333333333,0.1666666666666666,0.2210412569135555,1.2739325029706796,0.4601662392698947,False
baja_cierre_4h,sgd_63_sin_pesos,0.66,6,-0.0106436738967895,-0.0103372231349349,0.3155365002982035,-0.0875154316365888,33.33333333333333,0.1666666666666666,0.2210412569135555,1.2739325029706796,0.5564174105139715,False
baja_cierre_4h,sgd_63_sin_pesos,0.59,9,-0.0109542686819202,-0.0103372231349349,0.0856643943621677,-0.104670874024209,22.22222222222222,0.0,0.2210412569135555,1.2739325029706796,0.3747031637312993,False
baja_cierre_4h,sgd_63_sin_pesos,0.57,11,-0.0113862707110238,-0.016531747136265,0.2720712331101351,-0.1863057930087068,27.27272727272727,0.0909090909090909,0.2210412569135555,1.2739325029706796,0.3150749252801403,False
baja_cierre_4h,sgd_63_sin_pesos,0.69,5,-0.0115277024209499,-0.0103372231349349,0.2369013237978622,-0.0476273320267167,33.33333333333333,0.1666666666666666,0.2210412569135555,1.2739325029706796,0.4359684863277153,False
baja_cierre_4h,sgd_63_sin_pesos,0.54,15,-0.012244076793082,-0.0161288243941962,0.2679706504009794,-0.2194317478206608,30.0,0.1333333333333333,0.2210412569135555,1.2739325029706796,0.3098686173583731,False
baja_cierre_4h,histgb_101_moderado,0.83,0,-0.0122940836697816,-0.0122940836697816,0.0,0.0,0.0,0.0,0.2341322535886603,1.3128936430353293,1.0,False
baja_cierre_4h,histgb_101_moderado,0.84,0,-0.0122940836697816,-0.0122940836697816,0.0,0.0,0.0,0.0,0.2341322535886603,1.3128936430353293,1.0,False
baja_cierre_4h,sgd_63_sin_pesos,0.7,4,-0.0125642441669479,-0.0103372231349349,0.0,-0.0456262247860431,0.0,0.0,0.2210412569135555,1.2739325029706796,0.5556195529565523,False
baja_cierre_4h,sgd_63_sin_pesos,0.67,6,-0.0148685430089632,-0.0149006883837282,0.1999857994372231,-0.0802984189903954,33.33333333333333,0.1666666666666666,0.2210412569135555,1.2739325029706796,0.6261308665025055,False
baja_cierre_4h,sgd_63_sin_pesos,0.71,3,-0.0151875597958763,-0.0103372231349349,0.0,-0.0456262247860431,0.0,0.0,0.2210412569135555,1.2739325029706796,0.6128647235941086,False
baja_cierre_4h,sgd_101_moderado,0.08,9,-0.0165568659538403,-0.0084533503502607,0.0194428235878079,-0.1359848470522521,11.11111111111111,0.0,0.2134340416009038,1.2949335330643534,0.5269423921477332,False
baja_cierre_4h,sgd_101_moderado,0.07,8,-0.0179684546563075,-0.0153997967243194,0.0201404954513858,-0.1314119602200923,12.5,0.0,0.2134340416009038,1.2949335330643534,0.5960533892324295,False
baja_cierre_4h,sgd_101_moderado,0.05,7,-0.0181386927499302,-0.0084533503502607,0.022741161267264,-0.1166315156133309,14.285714285714285,0.0,0.2134340416009038,1.2949335330643534,0.6534122558850097,False
baja_cierre_4h,sgd_101_moderado,0.06,7,-0.0182589500601004,-0.0084533503502607,0.022594767366655,-0.1173896899675158,14.285714285714285,0.0,0.2134340416009038,1.2949335330643534,0.5633203400738885,False
